Run Fitness1 Solution1 Fitness2 Solution2
1 2492600.0 047004000024050034 758928.0 047004000024033034
1 758928.0 047004000024033034 530.205 007005000000012045
1 530.205 007005000000012045 6435890.0 047001001021038026
1 6435890.0 047001001021038026 15211.4 051001001021038026
1 15211.4 051001001021038026 530.205 007005000000012045
1 530.205 007005000000012045 86409800.0 034003000021021024
1 86409800.0 034003000021021024 22198100.0 034003000021027024
1 22198100.0 034003000021027024 530.205 007005000000012045
1 530.205 007005000000012045 2175140.0 100000000028038012
1 2175140.0 100000000028038012 2175140.0 100000000028038012
1 2175140.0 100000000028038012 530.205 007005000000012045
1 530.205 007005000000012045 4406900.0 047002000040019036
1 4406900.0 047002000040019036 858.631 044002000040019036
1 858.631 044002000040019036 530.205 007005000000012045
1 530.205 007005000000012045 7576180.0 047005002009038034
1 7576180.0 047005002009038034 137.571 066005002009038034
1 137.571 066005002009038034 530.205 007005000000012045
1 530.205 007005000000012045 917073.0 047001002036021045
1 917073.0 047001002036021045 15555.1 047001002036016045
1 15555.1 047001002036016045 137.571 066005002009038034
1 137.571 066005002009038034 927455.0 011004000024012034
1 927455.0 011004000024012034 551400.0 011004000027012034
1 551400.0 011004000027012034 137.571 066005002009038034
1 137.571 066005002009038034 2528340.0 011005001012021026
1 2528340.0 011005001012021026 444939.0 011005001013021026
1 444939.0 011005001013021026 137.571 066005002009038034
1 137.571 066005002009038034 75958900.0 066002002031012034
1 75958900.0 066002002031012034 9579220.0 066002001031012034
1 9579220.0 066002001031012034 137.571 066005002009038034
1 137.571 066005002009038034 104386.0 020002000028000008
1 104386.0 020002000028000008 75409.7 020002000048000008
1 75409.7 020002000048000008 137.571 066005002009038034
1 137.571 066005002009038034 26185.9 065002002000038045
1 26185.9 065002002000038045 9047.74 065002002000034045
1 9047.74 065002002000034045 137.571 066005002009038034
1 137.571 066005002009038034 1149230000.0 100002000009000016
1 1149230000.0 100002000009000016 216726.0 100002000009000044
1 216726.0 100002000009000044 137.571 066005002009038034
1 137.571 066005002009038034 55387.6 100002002000007036
1 55387.6 100002002000007036 17347.8 100002002049007036
1 17347.8 100002002049007036 137.571 066005002009038034
1 137.571 066005002009038034 30475500000.0 038002002004012006
1 30475500000.0 038002002004012006 314384000.0 074002002004012006
1 314384000.0 074002002004012006 137.571 066005002009038034
1 137.571 066005002009038034 96561700.0 065006001021016036
1 96561700.0 065006001021016036 5376320.0 065001001021016036
1 5376320.0 065001001021016036 137.571 066005002009038034
1 137.571 066005002009038034 6186880.0 047005001002019034
1 6186880.0 047005001002019034 1330910.0 022005001002019034
1 1330910.0 022005001002019034 137.571 066005002009038034
1 137.571 066005002009038034 5281340.0 038002001000034045
1 5281340.0 038002001000034045 107.756 038002002000034045
1 107.756 038002002000034045 137.571 066005002009038034
1 137.571 066005002009038034 14.1391 007002002031019026
1 14.1391 007002002031019026 14.1391 007002002031019026
1 14.1391 007002002031019026 107.756 038002002000034045
1 107.756 038002002000034045 1020.15 065005000021038026
1 1020.15 065005000021038026 68.3887 065005000023038026
1 68.3887 065005000023038026 14.1391 007002002031019026
1 14.1391 007002002031019026 36838800.0 047005002009016026
1 36838800.0 047005002009016026 21624.8 047000002009016026
1 21624.8 047000002009016026 14.1391 007002002031019026
1 14.1391 007002002031019026 627711000.0 065006002004007026
1 627711000.0 065006002004007026 3948.58 050006002004007026
1 3948.58 050006002004007026 14.1391 007002002031019026
1 14.1391 007002002031019026 92948100.0 050002000023007006
1 92948100.0 050002000023007006 24198.9 050002000023041006
1 24198.9 050002000023041006 14.1391 007002002031019026
1 14.1391 007002002031019026 6913130000.0 047005002009004026
1 6913130000.0 047005002009004026 6138810000.0 039005002009004026
1 6138810000.0 039005002009004026 14.1391 007002002031019026
1 14.1391 007002002031019026 1977930000.0 038005002050012026
1 1977930000.0 038005002050012026 9849330.0 038006002050012026
1 9849330.0 038006002050012026 14.1391 007002002031019026
1 14.1391 007002002031019026 3317550.0 007002002036007026
1 3317550.0 007002002036007026 1765030.0 007002002036007015
1 1765030.0 007002002036007015 14.1391 007002002031019026
1 14.1391 007002002031019026 27528.6 007002002036000014
1 27528.6 007002002036000014 17753.6 048002002036000014
1 17753.6 048002002036000014 14.1391 007002002031019026
1 14.1391 007002002031019026 32401300.0 038002002000014045
1 32401300.0 038002002000014045 32894.6 038002002000014027
1 32894.6 038002002000014027 14.1391 007002002031019026
1 14.1391 007002002031019026 108955000.0 038002000004004026
1 108955000.0 038002000004004026 26014.9 067002000004004026
1 26014.9 067002000004004026 14.1391 007002002031019026
1 14.1391 007002002031019026 1060670000.0 065002002009034036
1 1060670000.0 065002002009034036 5130.57 065003002009034036
1 5130.57 065003002009034036 14.1391 007002002031019026
1 14.1391 007002002031019026 6156.38 065001002002034045
1 6156.38 065001002002034045 14.1391 007002002031019026
1 14.1391 007002002031019026 68.3887 065005000023038026
1 68.3887 065005000023038026 72.1141 038005002000019036
1 72.1141 038005002000019036 14.1391 007002002031019026
1 14.1391 007002002031019026 68.3887 065005000023038026
1 68.3887 065005000023038026 300560200.0 029005000000019045
1 300560200.0 029005000000019045 300560200.0 029005000000019045
1 300560200.0 029005000000019045 14.1391 007002002031019026
1 14.1391 007002002031019026 77.2473 007003000050012034
1 77.2473 007003000050012034 77.2473 007003000050012034
1 77.2473 007003000050012034 14.1391 007002002031019026
1 14.1391 007002002031019026 22954.0 065002001036019026
1 22954.0 065002001036019026 14.1391 007002002031019026
1 14.1391 007002002031019026 68.3887 065005000023038026
1 68.3887 065005000023038026 958353.0 007005001050034036
1 958353.0 007005001050034036 17521.6 007005001015034036
1 17521.6 007005001015034036 14.1391 007002002031019026
1 14.1391 007002002031019026 14209100.0 065001002021019034
1 14209100.0 065001002021019034 571926.0 065004002021019034
1 571926.0 065004002021019034 14.1391 007002002031019026
1 14.1391 007002002031019026 8720.39 065003000009007045
1 8720.39 065003000009007045 1385.31 065003000038007045
1 1385.31 065003000038007045 14.1391 007002002031019026
1 14.1391 007002002031019026 1262745.0 065001002050034034
1 1262745.0 065001002050034034 1262745.0 065001002050034034
1 1262745.0 065001002050034034 14.1391 007002002031019026
1 14.1391 007002002031019026 567730000.0 050001002002012036
1 567730000.0 050001002002012036 2833.74 050001002002014036
1 2833.74 050001002002014036 14.1391 007002002031019026
1 14.1391 007002002031019026 13842.2 050002000036012036
1 13842.2 050002000036012036 5347.91 050002000036039036
1 5347.91 050002000036039036 14.1391 007002002031019026
1 14.1391 007002002031019026 6553.14 038001000009034036
1 6553.14 038001000009034036 1246.67 038001000008034036
1 1246.67 038001000008034036 14.1391 007002002031019026
1 14.1391 007002002031019026 18972600.0 065001001000038026
1 18972600.0 065001001000038026 7054.36 065000001000038026
1 7054.36 065000001000038026 14.1391 007002002031019026
1 14.1391 007002002031019026 5636650.0 050001002009019034
1 5636650.0 050001002009019034 3305670.0 052001002009019034
1 3305670.0 052001002009019034 14.1391 007002002031019026
1 14.1391 007002002031019026 228249000.0 065003000000019016
1 228249000.0 065003000000019016 212299000.0 065003000023019016
1 212299000.0 065003000023019016 14.1391 007002002031019026
1 14.1391 007002002031019026 57189.1 038003002009019026
1 57189.1 038003002009019026 24914.6 038003002009019038
1 24914.6 038003002009019038 14.1391 007002002031019026
1 14.1391 007002002031019026 4450510.0 065005000036019036
1 4450510.0 065005000036019036 9658.91 065005000001019036
1 9658.91 065005000001019036 14.1391 007002002031019026
1 14.1391 007002002031019026 855448.0 044002000009038036
1 855448.0 044002000009038036 8465.76 044002000040038036
1 8465.76 044002000040038036 14.1391 007002002031019026
1 14.1391 007002002031019026 4476380000.0 044005000008012016
1 4476380000.0 044005000008012016 108757000.0 044005000002012016
1 108757000.0 044005000002012016 14.1391 007002002031019026
1 14.1391 007002002031019026 119352000.0 050001000000007026
1 119352000.0 050001000000007026 84501200.0 050001000048007026
1 84501200.0 050001000048007026 14.1391 007002002031019026
1 14.1391 007002002031019026 7798.42 050001002000019026
1 7798.42 050001002000019026 5565.35 050001002000019006
1 5565.35 050001002000019006 14.1391 007002002031019026
1 14.1391 007002002031019026 7294140000.0 007002000000019016
1 7294140000.0 007002000000019016 57005.7 026002000000019016
1 57005.7 026002000000019016 14.1391 007002002031019026
1 14.1391 007002002031019026 6707.62 050005002050034036
1 6707.62 050005002050034036 92.517 050005002050034034
1 92.517 050005002050034034 14.1391 007002002031019026
1 14.1391 007002002031019026 545144.0 038005000008034026
1 545144.0 038005000008034026 40479.2 038005000008001026
1 40479.2 038005000008001026 14.1391 007002002031019026
1 14.1391 007002002031019026 1638260.0 044001000002012036
1 1638260.0 044001000002012036 177.455 044001001002012036
1 177.455 044001001002012036 14.1391 007002002031019026
1 14.1391 007002002031019026 144354000.0 050001000038007026
1 144354000.0 050001000038007026 18358.3 046001000038007026
1 18358.3 046001000038007026 14.1391 007002002031019026
1 14.1391 007002002031019026 30276500000.0 050002000000007026
1 30276500000.0 050002000000007026 55794.1 031002000000007026
1 55794.1 031002000000007026 14.1391 007002002031019026
1 14.1391 007002002031019026 888375.0 007002002023000026
1 888375.0 007002002023000026 888375.0 007002002023000026
1 888375.0 007002002023000026 14.1391 007002002031019026
1 14.1391 007002002031019026 755816.0 002001002002034036
1 755816.0 002001002002034036 13366.7 053001002002034036
1 13366.7 053001002002034036 14.1391 007002002031019026
1 14.1391 007002002031019026 1411710.0 016005002009034016
1 1411710.0 016005002009034016 1353830.0 016005002009034039
1 1353830.0 016005002009034039 14.1391 007002002031019026
1 14.1391 007002002031019026 6491770.0 044005002050007034
1 6491770.0 044005002050007034 36386.9 044005002029007034
1 36386.9 044005002029007034 14.1391 007002002031019026
1 14.1391 007002002031019026 798966.0 016005002050004036
1 798966.0 016005002050004036 30424.8 097005002050004036
1 30424.8 097005002050004036 14.1391 007002002031019026
1 14.1391 007002002031019026 13961.3 050005002050019034
1 13961.3 050005002050019034 12849.1 050005002050019015
1 12849.1 050005002050019015 14.1391 007002002031019026
1 14.1391 007002002031019026 5350860.0 065001002038012036
1 5350860.0 065001002038012036 2279180.0 065001002038012040
1 2279180.0 065001002038012040 14.1391 007002002031019026
1 14.1391 007002002031019026 940982000.0 065002002031034036
1 940982000.0 065002002031034036 5660.83 065005002031034036
1 5660.83 065005002031034036 14.1391 007002002031019026
1 14.1391 007002002031019026 197407000.0 029005002008007034
1 197407000.0 029005002008007034 36103.1 029006002008007034
1 36103.1 029006002008007034 14.1391 007002002031019026
1 14.1391 007002002031019026 1040775.5 044005002050019036
1 1040775.5 044005002050019036 1040775.5 044005002050019036
1 1040775.5 044005002050019036 14.1391 007002002031019026
1 14.1391 007002002031019026 3539430.0 050001000002038026
1 3539430.0 050001000002038026 3234240.0 050001000002047026
1 3234240.0 050001000002047026 14.1391 007002002031019026
1 14.1391 007002002031019026 29612.6 050005002008019045
1 29612.6 050005002008019045 14588.7 050005002008019012
1 14588.7 050005002008019012 14.1391 007002002031019026
1 14.1391 007002002031019026 2928000.0 007005000000014026
1 2928000.0 007005000000014026 2710520.0 007005000000014037
1 2710520.0 007005000000014037 14.1391 007002002031019026
1 14.1391 007002002031019026 8028160.0 066005000004012034
1 8028160.0 066005000004012034 893550.0 005005000004012034
1 893550.0 005005000004012034 14.1391 007002002031019026
1 14.1391 007002002031019026 15555396.5 050002002002007045
1 15555396.5 050002002002007045 15555396.5 050002002002007045
1 15555396.5 050002002002007045 14.1391 007002002031019026
1 14.1391 007002002031019026 25236.4 038002002002034034
1 25236.4 038002002002034034 101.755 023002002002034034
1 101.755 023002002002034034 14.1391 007002002031019026
1 14.1391 007002002031019026 1557800.0 050001002008034034
1 1557800.0 050001002008034034 881213.0 053001002008034034
1 881213.0 053001002008034034 14.1391 007002002031019026
1 14.1391 007002002031019026 17167.6 038005000038004026
1 17167.6 038005000038004026 101.496 038005000038031026
1 101.496 038005000038031026 14.1391 007002002031019026
1 14.1391 007002002031019026 38564100.0 065003002021012036
1 38564100.0 065003002021012036 30149.3 065003002021012027
1 30149.3 065003002021012027 14.1391 007002002031019026
1 14.1391 007002002031019026 8723470.0 066001002023012034
1 8723470.0 066001002023012034 20564.2 066001002023024034
1 20564.2 066001002023024034 14.1391 007002002031019026
1 14.1391 007002002031019026 21538900.0 044005000050014045
1 21538900.0 044005000050014045 6210020.0 044005000050027045
1 6210020.0 044005000050027045 14.1391 007002002031019026
1 14.1391 007002002031019026 20805.6 066002002050034026
1 20805.6 066002002050034026 4056.55 047002002050034026
1 4056.55 047002002050034026 14.1391 007002002031019026
1 14.1391 007002002031019026 41322.2 065006002004012045
1 41322.2 065006002004012045 3306.43 065006002038012045
1 3306.43 065006002038012045 14.1391 007002002031019026
1 14.1391 007002002031019026 6584170.0 065003001021019045
1 6584170.0 065003001021019045 3851.31 065003001021028045
1 3851.31 065003001021028045 14.1391 007002002031019026
1 14.1391 007002002031019026 72109300.0 044002000009012045
1 72109300.0 044002000009012045 908.724 017002000009012045
1 908.724 017002000009012045 14.1391 007002002031019026
1 14.1391 007002002031019026 4396230000.0 065006000040019026
1 4396230000.0 065006000040019026 272600000.0 065006000040019007
1 272600000.0 065006000040019007 14.1391 007002002031019026
1 14.1391 007002002031019026 105628.0 038006002040019007
1 105628.0 038006002040019007 46269.6 038000002040019007
1 46269.6 038000002040019007 14.1391 007002002031019026
1 14.1391 007002002031019026 198930000.0 065002002000038026
1 198930000.0 065002002000038026 2682.8 065002002000038002
1 2682.8 065002002000038002 14.1391 007002002031019026
1 14.1391 007002002031019026 2311420.0 065005000023012034
1 2311420.0 065005000023012034 10043.6 065005000023012009
1 10043.6 065005000023012009 14.1391 007002002031019026
1 14.1391 007002002031019026 8190.3 066001000038012045
1 8190.3 066001000038012045 6195.59 066001000040012045
1 6195.59 066001000040012045 14.1391 007002002031019026
1 14.1391 007002002031019026 5306320.0 017001002002014034
1 5306320.0 017001002002014034 12125.8 017001002002002034
1 12125.8 017001002002002034 14.1391 007002002031019026
1 14.1391 007002002031019026 2688.36 038001002050038045
1 2688.36 038001002050038045 239.044 038001002008038045
1 239.044 038001002008038045 14.1391 007002002031019026
1 14.1391 007002002031019026 5602.15 038002000008019034
1 5602.15 038002000008019034 14.1391 007002002031019026
1 14.1391 007002002031019026 68.3887 065005000023038026
1 68.3887 065005000023038026 8732.5 038005000038007045
1 8732.5 038005000038007045 14.1391 007002002031019026
1 14.1391 007002002031019026 68.3887 065005000023038026
1 68.3887 065005000023038026 750567.0 007005002038019034
1 750567.0 007005002038019034 397803.0 007005002037019034
1 397803.0 007005002037019034 14.1391 007002002031019026
1 14.1391 007002002031019026 1377170.0 017005000008038036
1 1377170.0 017005000008038036 810793.0 017002000008038036
1 810793.0 017002000008038036 14.1391 007002002031019026
1 14.1391 007002002031019026 22195600.0 044002000008012045
1 22195600.0 044002000008012045 4959.35 044002000008049045
1 4959.35 044002000008049045 14.1391 007002002031019026
1 14.1391 007002002031019026 1304480.0 007005002008038036
1 1304480.0 007005002008038036 102.002 007005002008014036
1 102.002 007005002008014036 14.1391 007002002031019026
1 14.1391 007002002031019026 25065.9 065005000002034002
1 25065.9 065005000002034002 18496.4 051005000002034002
1 18496.4 051005000002034002 14.1391 007002002031019026
1 14.1391 007002002031019026 109.424 023002000038031034
1 109.424 023002000038031034 39.2678 049002000038031034
1 39.2678 049002000038031034 14.1391 007002002031019026
1 14.1391 007002002031019026 941798.08 007005000002031026
1 941798.08 007005000002031026 941798.08 007005000002031026
1 941798.08 007005000002031026 14.1391 007002002031019026
1 14.1391 007002002031019026 2466.2409 044005001038031034
1 2466.2409 044005001038031034 28.9428 044005001038031029
1 28.9428 044005001038031029 14.1391 007002002031019026
1 14.1391 007002002031019026 480855.0 038001002008031034
1 480855.0 038001002008031034 6157.6 038001002018031034
1 6157.6 038001002018031034 14.1391 007002002031019026
1 14.1391 007002002031019026 1324920.0 007005000050031034
1 1324920.0 007005000050031034 425659.0 007005000050020034
1 425659.0 007005000050020034 14.1391 007002002031019026
1 14.1391 007002002031019026 727.161 044005000031034045
1 727.161 044005000031034045 14.1391 007002002031019026
1 14.1391 007002002031019026 28.9428 044005001038031029
1 28.9428 044005001038031029 7348.02 044005002000031034
1 7348.02 044005002000031034 6037.9 082005002000031034
1 6037.9 082005002000031034 14.1391 007002002031019026
1 14.1391 007002002031019026 5735370.0 044005002050034036
1 5735370.0 044005002050034036 9693.98 044005002050034007
1 9693.98 044005002050034007 14.1391 007002002031019026
1 14.1391 007002002031019026 5511430.0 044005002031038045
1 5511430.0 044005002031038045 744.945 044003002031038045
1 744.945 044003002031038045 14.1391 007002002031019026
1 14.1391 007002002031019026 771425.49265 007005002008012034
1 771425.49265 007005002008012034 771425.49265 007005002008012034
1 771425.49265 007005002008012034 14.1391 007002002031019026
1 14.1391 007002002031019026 5494910.0 050001000038034045
1 5494910.0 050001000038034045 2281050.0 050000000038034045
1 2281050.0 050000000038034045 14.1391 007002002031019026
1 14.1391 007002002031019026 9552400.0 023005000008034045
1 9552400.0 023005000008034045 3479110.0 023005000028034045
1 3479110.0 023005000028034045 14.1391 007002002031019026
1 14.1391 007002002031019026 10742200.0 044001000002034034
1 10742200.0 044001000002034034 2905050.0 044001000023034034
1 2905050.0 044001000023034034 14.1391 007002002031019026
1 14.1391 007002002031019026 27563.4 050001002038031036
1 27563.4 050001002038031036 6522.03 050001002038031044
1 6522.03 050001002038031044 14.1391 007002002031019026
1 14.1391 007002002031019026 1126560.0 038001001000038036
1 1126560.0 038001001000038036 233.186 038001001030038036
1 233.186 038001001030038036 14.1391 007002002031019026
1 14.1391 007002002031019026 2802920.0 007002001008012045
1 2802920.0 007002001008012045 1510920.0 007002002008012045
1 1510920.0 007002002008012045 14.1391 007002002031019026
1 14.1391 007002002031019026 3679.02 044005002000031036
1 3679.02 044005002000031036 14.1391 007002002031019026
1 14.1391 007002002031019026 28.9428 044005001038031029
1 28.9428 044005001038031029 7736900.0 065005001000012045
1 7736900.0 065005001000012045 4595690.0 065005001023012045
1 4595690.0 065005001023012045 14.1391 007002002031019026
1 14.1391 007002002031019026 1234873.3 049005002008031034
1 1234873.3 049005002008031034 1234873.3 049005002008031034
1 1234873.3 049005002008031034 14.1391 007002002031019026
1 14.1391 007002002031019026 16425600.0 065005002008031036
1 16425600.0 065005002008031036 23493.7 065005002008031007
1 23493.7 065005002008031007 14.1391 007002002031019026
1 14.1391 007002002031019026 14717900.0 007003000000019034
1 14717900.0 007003000000019034 14717900.0 007003000000019034
1 14717900.0 007003000000019034 14.1391 007002002031019026
1 14.1391 007002002031019026 160641000.0 007003000000031045
1 160641000.0 007003000000031045 15538.1 007003000019031045
1 15538.1 007003000019031045 14.1391 007002002031019026
1 14.1391 007002002031019026 6190.27 007002000023034036
1 6190.27 007002000023034036 80.346 007002000023044036
1 80.346 007002000023044036 14.1391 007002002031019026
1 14.1391 007002002031019026 2376570.0 007001000030044026
1 2376570.0 007001000030044026 11887.4 007001000030024026
1 11887.4 007001000030024026 14.1391 007002002031019026
1 14.1391 007002002031019026 73472000.0 038003000050024026
1 73472000.0 038003000050024026 64989200.0 038003000050024023
1 64989200.0 038003000050024023 14.1391 007002002031019026
1 14.1391 007002002031019026 4204980000.0 038002002038012026
1 4204980000.0 038002002038012026 308659000.0 023002002038012026
1 308659000.0 023002002038012026 14.1391 007002002031019026
1 14.1391 007002002031019026 469693.0 050002000038034034
1 469693.0 050002000038034034 11677.1 050002000038034028
1 11677.1 050002000038034028 14.1391 007002002031019026
1 14.1391 007002002031019026 725924.0 044003001023012034
1 725924.0 044003001023012034 5589.59 044003001023020034
1 5589.59 044003001023020034 14.1391 007002002031019026
1 14.1391 007002002031019026 193799000.0 044005001008031029
1 193799000.0 044005001008031029 3152830.0 044005001017031029
1 3152830.0 044005001017031029 14.1391 007002002031019026
1 14.1391 007002002031019026 3049900.0 044002000031031036
1 3049900.0 044002000031031036 68.8407 044000000031031036
1 68.8407 044000000031031036 14.1391 007002002031019026
1 14.1391 007002002031019026 1428380.0 023005002050044045
1 1428380.0 023005002050044045 7780.97 023005002050038045
1 7780.97 023005002050038045 14.1391 007002002031019026
1 14.1391 007002002031019026 2108760.0 023005001009014026
1 2108760.0 023005001009014026 10778.6 033005001009014026
1 10778.6 033005001009014026 14.1391 007002002031019026
1 14.1391 007002002031019026 3245080.0 044005001009034036
1 3245080.0 044005001009034036 2599760.0 044005001009034029
1 2599760.0 044005001009034029 14.1391 007002002031019026
1 14.1391 007002002031019026 826734.0 044005000008031034
1 826734.0 044005000008031034 541110.0 044005000023031034
1 541110.0 044005000023031034 14.1391 007002002031019026
1 14.1391 007002002031019026 915333.0 038000001050031026
1 915333.0 038000001050031026 1165.99 086000001050031026
1 1165.99 086000001050031026 14.1391 007002002031019026
1 14.1391 007002002031019026 606966.0 038002000038031036
1 606966.0 038002000038031036 10237.2 038002000047031036
1 10237.2 038002000047031036 14.1391 007002002031019026
1 14.1391 007002002031019026 9360.6995 007005002002038036
1 9360.6995 007005002002038036 9360.6995 007005002002038036
1 9360.6995 007005002002038036 14.1391 007002002031019026
1 14.1391 007002002031019026 9330.29 023003002000031034
1 9330.29 023003002000031034 2516.46 020003002000031034
1 2516.46 020003002000031034 14.1391 007002002031019026
1 14.1391 007002002031019026 24579.8 044005002023019026
1 24579.8 044005002023019026 95.6125 027005002023019026
1 95.6125 027005002023019026 14.1391 007002002031019026
1 14.1391 007002002031019026 606833.0 023005001038019034
1 606833.0 023005001038019034 303061.0 006005001038019034
1 303061.0 006005001038019034 14.1391 007002002031019026
1 14.1391 007002002031019026 600028.0 038005002050019034
1 600028.0 038005002050019034 31322.4 030005002050019034
1 31322.4 030005002050019034 14.1391 007002002031019026
1 14.1391 007002002031019026 1402690.0 038005000000031034
1 1402690.0 038005000000031034 7600.5 038005001000031034
1 7600.5 038005001000031034 14.1391 007002002031019026
1 14.1391 007002002031019026 920.245 007005000031031045
1 920.245 007005000031031045 146.712 007005000031042045
1 146.712 007005000031042045 14.1391 007002002031019026
1 14.1391 007002002031019026 6241630.0 065005000038019036
1 6241630.0 065005000038019036 1020310.0 065000000038019036
1 1020310.0 065000000038019036 14.1391 007002002031019026
1 14.1391 007002002031019026 7095250.0 044000002038044036
1 7095250.0 044000002038044036 2033830.0 044000002038032036
1 2033830.0 044000002038032036 14.1391 007002002031019026
1 14.1391 007002002031019026 3373330.0 038000002023032026
1 3373330.0 038000002023032026 98203.4 038000002023032002
1 98203.4 038000002023032002 14.1391 007002002031019026
1 14.1391 007002002031019026 1500.16 065005002031019034
1 1500.16 065005002031019034 14.1391 007002002031019026
1 14.1391 007002002031019026 28.9428 044005001038031029
1 28.9428 044005001038031029 1139.98 038002001009031034
1 1139.98 038002001009031034 77.4268 038002001024031034
1 77.4268 038002001024031034 14.1391 007002002031019026
1 14.1391 007002002031019026 279086.0 027005001038031036
1 279086.0 027005001038031036 224773.0 027005001038031018
1 224773.0 027005001038031018 14.1391 007002002031019026
1 14.1391 007002002031019026 3686630.0 027002000008031026
1 3686630.0 027002000008031026 11280.1 027001000008031026
1 11280.1 027001000008031026 14.1391 007002002031019026
1 14.1391 007002002031019026 1939420.0 038002002050019045
1 1939420.0 038002002050019045 18376.7 038002002050005045
1 18376.7 038002002050005045 14.1391 007002002031019026
1 14.1391 007002002031019026 36099.8 050002002038034036
1 36099.8 050002002038034036 28512.7 050002002038034009
1 28512.7 050002002038034009 14.1391 007002002031019026
1 14.1391 007002002031019026 13458300.0 044005002050019029
1 13458300.0 044005002050019029 5763710.0 044005000050019029
1 5763710.0 044005000050019029 14.1391 007002002031019026
1 14.1391 007002002031019026 971960.0 027005002031034029
1 971960.0 027005002031034029 427526.0 027005002031036029
1 427526.0 027005002031036029 14.1391 007002002031019026
1 14.1391 007002002031019026 1155520.0 007005000008034036
1 1155520.0 007005000008034036 350453.0 007005000008034017
1 350453.0 007005000008034017 14.1391 007002002031019026
1 14.1391 007002002031019026 892207.0 044000000023031029
1 892207.0 044000000023031029 14.1391 007002002031019026
1 14.1391 007002002031019026 28.9428 044005001038031029
1 28.9428 044005001038031029 23875.2 038005001050031034
1 23875.2 038005001050031034 1975.52 038005001050031017
1 1975.52 038005001050031017 14.1391 007002002031019026
1 14.1391 007002002031019026 6728680.0 007002000050031036
1 6728680.0 007002000050031036 318.353 007002001050031036
1 318.353 007002001050031036 14.1391 007002002031019026
1 14.1391 007002002031019026 1632180.0 007002000050034036
1 1632180.0 007002000050034036 1591490.0 007002000037034036
1 1591490.0 007002000037034036 14.1391 007002002031019026
1 14.1391 007002002031019026 8041170.0 044005002031031026
1 8041170.0 044005002031031026 12125.7 044005002031031003
1 12125.7 044005002031031003 14.1391 007002002031019026
1 14.1391 007002002031019026 803620.0 007005000023031034
1 803620.0 007005000023031034 286578.0 007005000023031030
1 286578.0 007005000023031030 14.1391 007002002031019026
1 14.1391 007002002031019026 7896.93 044005000038031034
1 7896.93 044005000038031034 4468.65 044004000038031034
1 4468.65 044004000038031034 14.1391 007002002031019026
1 14.1391 007002002031019026 56527.6 044005002002038034
1 56527.6 044005002002038034 10650.6 044004002002038034
1 10650.6 044004002002038034 14.1391 007002002031019026
1 14.1391 007002002031019026 25951.4 027002000038031034
1 25951.4 027002000038031034 7267.69 027004000038031034
1 7267.69 027004000038031034 14.1391 007002002031019026
1 14.1391 007002002031019026 5.27383 007002002038031036
1 5.27383 007002002038031036 14.1391 007002002031019026
1 14.1391 007002002031019026 28.9428 044005001038031029
1 28.9428 044005001038031029 1348379.86 007005000038034034
1 1348379.86 007005000038034034 47.6369 028005000038034034
1 47.6369 028005000038034034 5.27383 007002002038031036
1 5.27383 007002002038031036 9276150.0 038005002023034034
1 9276150.0 038005002023034034 36640.6 098005002023034034
1 36640.6 098005002023034034 5.27383 007002002038031036
1 5.27383 007002002038031036 301459.67 098005001023031036
1 301459.67 098005001023031036 301459.67 098005001023031036
1 301459.67 098005001023031036 5.27383 007002002038031036
1 5.27383 007002002038031036 42358.5 007005001038031034
1 42358.5 007005001038031034 13781.1 007005001038031033
1 13781.1 007005001038031033 5.27383 007002002038031036
1 5.27383 007002002038031036 5301510.0 028005001038019034
1 5301510.0 028005001038019034 16959.4 028005002038019034
1 16959.4 028005002038019034 5.27383 007002002038031036
1 5.27383 007002002038031036 568154.0 007005001038012036
1 568154.0 007005001038012036 364616.0 017005001038012036
1 364616.0 017005001038012036 5.27383 007002002038031036
1 5.27383 007002002038031036 8783880.0 038005002038034034
1 8783880.0 038005002038034034 666007.0 038005002038034031
1 666007.0 038005002038034031 5.27383 007002002038031036
1 5.27383 007002002038031036 427739.0 007005002002019026
1 427739.0 007005002002019026 77716.1 067005002002019026
1 77716.1 067005002002019026 5.27383 007002002038031036
1 5.27383 007002002038031036 605600.0 007002002008019034
1 605600.0 007002002008019034 10428.7 007002002008019021
1 10428.7 007002002008019021 5.27383 007002002038031036
1 5.27383 007002002038031036 32212900.0 027003000024031026
1 32212900.0 027003000024031026 21905900.0 027003000024038026
1 21905900.0 027003000024038026 5.27383 007002002038031036
1 5.27383 007002002038031036 137.436 049005002023031034
1 137.436 049005002023031034 5.27383 007002002038031036
1 5.27383 007002002038031036 14.1391 007002002031019026
1 14.1391 007002002031019026 2228640.0 028002000050014026
1 2228640.0 028002000050014026 776001.0 028002000013014026
1 776001.0 028002000013014026 5.27383 007002002038031036
1 5.27383 007002002038031036 3885520.0 044002000023019034
1 3885520.0 044002000023019034 3401830.0 044002000023038034
1 3401830.0 044002000023038034 5.27383 007002002038031036
1 5.27383 007002002038031036 42276.3 028005002031012036
1 42276.3 028005002031012036 19080.5 028005000031012036
1 19080.5 028005000031012036 5.27383 007002002038031036
1 5.27383 007002002038031036 2060300.0 050005002038031034
1 2060300.0 050005002038031034 359282.0 050005001038031034
1 359282.0 050005001038031034 5.27383 007002002038031036
1 5.27383 007002002038031036 2300480.0 007002002038038034
1 2300480.0 007002002038038034 1003070.0 007002002007038034
1 1003070.0 007002002007038034 5.27383 007002002038031036
1 5.27383 007002002038031036 2599850.0 027002000023031036
1 2599850.0 027002000023031036 99962.1 027002001023031036
1 99962.1 027002001023031036 5.27383 007002002038031036
1 5.27383 007002002038031036 2466.2409 044005001038031034
1 2466.2409 044005001038031034 1674.58 044005001006031034
1 1674.58 044005001006031034 5.27383 007002002038031036
1 5.27383 007002002038031036 2638880.325 038003002000031034
1 2638880.325 038003002000031034 2638880.325 038003002000031034
1 2638880.325 038003002000031034 5.27383 007002002038031036
1 5.27383 007002002038031036 1421620.0 028005002038012026
1 1421620.0 028005002038012026 102.304 028005002031012026
1 102.304 028005002031012026 5.27383 007002002038031036
1 5.27383 007002002038031036 605864.0 007002001031031036
1 605864.0 007002001031031036 74696.2 058002001031031036
1 74696.2 058002001031031036 5.27383 007002002038031036
1 5.27383 007002002038031036 1578470.0 038005001038019034
1 1578470.0 038005001038019034 31309.8 038005001038019035
1 31309.8 038005001038019035 5.27383 007002002038031036
1 5.27383 007002002038031036 9877030.0 038005002031031026
1 9877030.0 038005002031031026 1829.86 038005002031031042
1 1829.86 038005002031031042 5.27383 007002002038031036
1 5.27383 007002002038031036 987204.0 050005001024031034
1 987204.0 050005001024031034 726.136 050005001024035034
1 726.136 050005001024035034 5.27383 007002002038031036
1 5.27383 007002002038031036 30650000.0 044005002002012034
1 30650000.0 044005002002012034 44760.1 044002002002012034
1 44760.1 044002002002012034 5.27383 007002002038031036
1 5.27383 007002002038031036 4252720.0 038005001023031036
1 4252720.0 038005001023031036 4209720.0 038005001023031026
1 4209720.0 038005001023031026 5.27383 007002002038031036
1 5.27383 007002002038031036 10836.6 044005001002034026
1 10836.6 044005001002034026 5768.76 044005001002034028
1 5768.76 044005001002034028 5.27383 007002002038031036
1 5.27383 007002002038031036 21246.4 049005001023031034
1 21246.4 049005001023031034 47.5653 014005001023031034
1 47.5653 014005001023031034 5.27383 007002002038031036
1 5.27383 007002002038031036 1771840.0 044002000038031036
1 1771840.0 044002000038031036 359.179 044002000039031036
1 359.179 044002000039031036 5.27383 007002002038031036
1 5.27383 007002002038031036 8779865.0 028002000039031034
1 8779865.0 028002000039031034 8779865.0 028002000039031034
1 8779865.0 028002000039031034 5.27383 007002002038031036
1 5.27383 007002002038031036 19449.4 038005001038038026
1 19449.4 038005001038038026 17072.6 022005001038038026
1 17072.6 022005001038038026 5.27383 007002002038031036
1 5.27383 007002002038031036 750567.0 007005002038019034
1 750567.0 007005002038019034 1166.76 007003002038019034
1 1166.76 007003002038019034 5.27383 007002002038031036
1 5.27383 007002002038031036 5102.08 065002000023044034
1 5102.08 065002000023044034 66.839 014002000023044034
1 66.839 014002000023044034 5.27383 007002002038031036
1 5.27383 007002002038031036 465002.0 023002002050019034
1 465002.0 023002002050019034 40050.8 023002002009019034
1 40050.8 023002002009019034 5.27383 007002002038031036
1 5.27383 007002002038031036 17757.8 050005002023019034
1 17757.8 050005002023019034 895.91 050005002023021034
1 895.91 050005002023021034 5.27383 007002002038031036
1 5.27383 007002002038031036 976629.0 049005001031019036
1 976629.0 049005001031019036 13668.2 049005000031019036
1 13668.2 049005000031019036 5.27383 007002002038031036
1 5.27383 007002002038031036 7101080.0 049005000038019026
1 7101080.0 049005000038019026 4155930.0 049005000038019044
1 4155930.0 049005000038019044 5.27383 007002002038031036
1 5.27383 007002002038031036 55.973 007002000023019034
1 55.973 007002000023019034 5.27383 007002002038031036
1 5.27383 007002002038031036 14.1391 007002002031019026
1 14.1391 007002002031019026 295475.0 007005001023044034
1 295475.0 007005001023044034 13427.2 007005001023026034
1 13427.2 007005001023026034 5.27383 007002002038031036
1 5.27383 007002002038031036 491787.0 044005001023031034
1 491787.0 044005001023031034 10356.4 044005001012031034
1 10356.4 044005001012031034 5.27383 007002002038031036
1 5.27383 007002002038031036 1065950.0 007005000012031026
1 1065950.0 007005000012031026 12610.1 047005000012031026
1 12610.1 047005000012031026 5.27383 007002002038031036
1 5.27383 007002002038031036 9441.89 007005001038031036
1 9441.89 007005001038031036 48.4908 007005001025031036
1 48.4908 007005001025031036 5.27383 007002002038031036
1 5.27383 007002002038031036 39.2415 065000000031031036
1 39.2415 065000000031031036 5.27383 007002002038031036
1 5.27383 007002002038031036 14.1391 007002002031019026
1 14.1391 007002002031019026 43.572 007005000031031034
1 43.572 007005000031031034 24.9943 007005000031019034
1 24.9943 007005000031019034 5.27383 007002002038031036
1 5.27383 007002002038031036 10817.7 044005000038031036
1 10817.7 044005000038031036 617.877 044005000038031043
1 617.877 044005000038031043 5.27383 007002002038031036
1 5.27383 007002002038031036 33.5916 038005001038019036
1 33.5916 038005001038019036 5.27383 007002002038031036
1 5.27383 007002002038031036 14.1391 007002002031019026
1 14.1391 007002002031019026 951900.0 007005002025019034
1 951900.0 007005002025019034 29012.8 007005002025013034
1 29012.8 007005002025013034 5.27383 007002002038031036
1 5.27383 007002002038031036 53437.4 049005002031019036
1 53437.4 049005002031019036 2898.33 049000002031019036
1 2898.33 049000002031019036 5.27383 007002002038031036
1 5.27383 007002002038031036 1899.92 065000000031038036
1 1899.92 065000000031038036 22.4416 065000000039038036
1 22.4416 065000000039038036 5.27383 007002002038031036
1 5.27383 007002002038031036 41.3363 007005001031019034
1 41.3363 007005001031019034 5.27383 007002002038031036
1 5.27383 007002002038031036 14.1391 007002002031019026
1 14.1391 007002002031019026 746900.0 007005001031031036
1 746900.0 007005001031031036 11422.0 007000001031031036
1 11422.0 007000001031031036 5.27383 007002002038031036
1 5.27383 007002002038031036 4638810.0 044005000031019036
1 4638810.0 044005000031019036 1262300.0 044000000031019036
1 1262300.0 044000000031019036 5.27383 007002002038031036
1 5.27383 007002002038031036 328570.0 007005001031019026
1 328570.0 007005001031019026 8580.11 007005001031039026
1 8580.11 007005001031039026 5.27383 007002002038031036
1 5.27383 007002002038031036 8423.58 007005002038031034
1 8423.58 007005002038031034 5.27383 007002002038031036
1 5.27383 007002002038031036 14.1391 007002002031019026
1 14.1391 007002002031019026 97655600.0 044005001023031026
1 97655600.0 044005001023031026 17763300.0 044005001023031017
1 17763300.0 044005001023031017 5.27383 007002002038031036
1 5.27383 007002002038031036 85.3621 065002001023031036
1 85.3621 065002001023031036 85.0179 006002001023031036
1 85.0179 006002001023031036 5.27383 007002002038031036
1 5.27383 007002002038031036 3533470.0 065005000031019034
1 3533470.0 065005000031019034 434448.0 065005000031035034
1 434448.0 065005000031035034 5.27383 007002002038031036
1 5.27383 007002002038031036 49.5277 044005001038038034
1 49.5277 044005001038038034 5.27383 007002002038031036
1 5.27383 007002002038031036 14.1391 007002002031019026
1 14.1391 007002002031019026 48.3634 038002000031031034
1 48.3634 038002000031031034 5.27383 007002002038031036
1 5.27383 007002002038031036 14.1391 007002002031019026
1 14.1391 007002002031019026 11464.6 007002001038019026
1 11464.6 007002001038019026 5127.22 033002001038019026
1 5127.22 033002001038019026 5.27383 007002002038031036
1 5.27383 007002002038031036 42358.5 007005001038031034
1 42358.5 007005001038031034 581688.0 007005001030031034
1 581688.0 007005001030031034 5.27383 007002002038031036
1 5.27383 007002002038031036 1249530.0 044005000031034034
1 1249530.0 044005000031034034 30423.8 044002000031034034
1 30423.8 044002000031034034 5.27383 007002002038031036
1 5.27383 007002002038031036 1153020.0 044000000031031034
1 1153020.0 044000000031031034 27774.2 044003000031031034
1 27774.2 044003000031031034 5.27383 007002002038031036
1 5.27383 007002002038031036 2961380.0 014002001038031034
1 2961380.0 014002001038031034 588805.0 014002001038031011
1 588805.0 014002001038031011 5.27383 007002002038031036
1 5.27383 007002002038031036 483991.0 007002000038038034
1 483991.0 007002000038038034 7976.79 034002000038038034
1 7976.79 034002000038038034 5.27383 007002002038031036
1 5.27383 007002002038031036 3739.24 044002000038038036
1 3739.24 044002000038038036 5.27383 007002002038031036
1 5.27383 007002002038031036 14.1391 007002002031019026
1 14.1391 007002002031019026 1030960.0 044002000038019034
1 1030960.0 044002000038019034 8023.77 043002000038019034
1 8023.77 043002000038019034 5.27383 007002002038031036
1 5.27383 007002002038031036 12751500.0 044002002031031036
1 12751500.0 044002002031031036 16177.6 044002002031024036
1 16177.6 044002002031024036 5.27383 007002002038031036
1 5.27383 007002002038031036 1348379.86 007005000038034034
1 1348379.86 007005000038034034 176705.0 007005000038034016
1 176705.0 007005000038034016 5.27383 007002002038031036
2 5.27383 007002002038031036 4514930.0 083004001024004036
2 4514930.0 083004001024004036 84.9209 083004001044004036
2 84.9209 083004001044004036 4418.6 020004001021007024
2 4418.6 020004001021007024 4183.89 038000000024016012
2 4183.89 038000000024016012 1338.05 038000000024038012
2 1338.05 038000000024038012 84.9209 083004001044004036
2 84.9209 083004001044004036 14897400.0 038002000024004036
2 14897400.0 038002000024004036 7058.7 016002000024004036
2 7058.7 016002000024004036 84.9209 083004001044004036
2 84.9209 083004001044004036 6093.53 074002001004016036
2 6093.53 074002001004016036 84.9209 083004001044004036
2 84.9209 083004001044004036 1338.05 038000000024038012
2 1338.05 038000000024038012 36531.2 011004002004016036
2 36531.2 011004002004016036 9287.73 048004002004016036
2 9287.73 048004002004016036 84.9209 083004001044004036
2 84.9209 083004001044004036 32720.4 011004000012004012
2 32720.4 011004000012004012 16159.0 035004000012004012
2 16159.0 035004000012004012 84.9209 083004001044004036
2 84.9209 083004001044004036 7375.49 052004000002016030
2 7375.49 052004000002016030 2659.21 052004000002016039
2 2659.21 052004000002016039 84.9209 083004001044004036
2 84.9209 083004001044004036 55525700.0 052004002016007036
2 55525700.0 052004002016007036 113.788 052004002016040036
2 113.788 052004002016040036 84.9209 083004001044004036
2 84.9209 083004001044004036 63698.735 052000000004040030
2 63698.735 052000000004040030 84.9209 083004001044004036
2 84.9209 083004001044004036 113.788 052004002016040036
2 113.788 052004002016040036 8775.12 083000000016016030
2 8775.12 083000000016016030 11.9775 083000000004016030
2 11.9775 083000000004016030 63698.735 052000000004040030
2 63698.735 052000000004040030 2315340.0 083004000016016036
2 2315340.0 083004000016016036 3508.76 083002000016016036
2 3508.76 083002000016016036 11.9775 083000000004016030
2 11.9775 083000000004016030 864.186 083000000004016039
2 864.186 083000000004016039 11.9775 083000000004016030
2 11.9775 083000000004016030 63698.735 052000000004040030
2 63698.735 052000000004040030 25.825 100000000002033039
2 25.825 100000000002033039 11.9775 083000000004016030
2 11.9775 083000000004016030 63698.735 052000000004040030
2 63698.735 052000000004040030 12766100.0 100004000016004039
2 12766100.0 100004000016004039 1648660.0 011004000016004039
2 1648660.0 011004000016004039 11.9775 083000000004016030
2 11.9775 083000000004016030 23803400.0 052004001016016012
2 23803400.0 052004001016016012 8573.0 052004001016016017
2 8573.0 052004001016016017 11.9775 083000000004016030
2 11.9775 083000000004016030 25433300.0 100002000016016039
2 25433300.0 100002000016016039 1863010.0 081002000016016039
2 1863010.0 081002000016016039 11.9775 083000000004016030
2 11.9775 083000000004016030 15714.9 052004000024050024
2 15714.9 052004000024050024 8069.11 047004000024050024
2 8069.11 047004000024050024 11.9775 083000000004016030
2 11.9775 083000000004016030 4630.03 083004000004050039
2 4630.03 083004000004050039 11.9775 083000000004016030
2 11.9775 083000000004016030 25.825 100000000002033039
2 25.825 100000000002033039 423252.0 038000002004040036
2 423252.0 038000002004040036 296.625 038000002021040036
2 296.625 038000002021040036 11.9775 083000000004016030
2 11.9775 083000000004016030 10307900.0 083004000004033012
2 10307900.0 083004000004033012 302279.0 083000000004033012
2 302279.0 083000000004033012 11.9775 083000000004016030
2 11.9775 083000000004016030 3071120.0 083004000021038036
2 3071120.0 083004000021038036 805363.0 083004000040038036
2 805363.0 083004000040038036 11.9775 083000000004016030
2 11.9775 083000000004016030 1635680.0 038000000024016024
2 1635680.0 038000000024016024 56.9729 038002000024016024
2 56.9729 038002000024016024 11.9775 083000000004016030
2 11.9775 083000000004016030 956155.0 047000000002040030
2 956155.0 047000000002040030 208037.0 013000000002040030
2 208037.0 013000000002040030 11.9775 083000000004016030
2 11.9775 083000000004016030 68335700.0 038002002021040012
2 68335700.0 038002002021040012 56285400.0 038002002021035012
2 56285400.0 038002002021035012 11.9775 083000000004016030
2 11.9775 083000000004016030 1028.9 038000000021004036
2 1028.9 038000000021004036 68.903 038000000021046036
2 68.903 038000000021046036 11.9775 083000000004016030
2 11.9775 083000000004016030 3123538.55 052000000016004036
2 3123538.55 052000000016004036 3123538.55 052000000016004036
2 3123538.55 052000000016004036 11.9775 083000000004016030
2 11.9775 083000000004016030 15724.4 052000000016004030
2 15724.4 052000000016004030 11.9775 083000000004016030
2 11.9775 083000000004016030 25.825 100000000002033039
2 25.825 100000000002033039 1417210.0 038000000004038012
2 1417210.0 038000000004038012 132.241 038000000004038032
2 132.241 038000000004038032 11.9775 083000000004016030
2 11.9775 083000000004016030 4088.65 052004000016040036
2 4088.65 052004000016040036 684.007 052004000016001036
2 684.007 052004000016001036 11.9775 083000000004016030
2 11.9775 083000000004016030 869914.0 038004000016016036
2 869914.0 038004000016016036 5569.87 038004000022016036
2 5569.87 038004000022016036 11.9775 083000000004016030
2 11.9775 083000000004016030 2365880.0 052004000021016036
2 2365880.0 052004000021016036 140.669 052004000021019036
2 140.669 052004000021019036 11.9775 083000000004016030
2 11.9775 083000000004016030 4363600.0 052004000021040039
2 4363600.0 052004000021040039 13153.5 052004000021040014
2 13153.5 052004000021040014 11.9775 083000000004016030
2 11.9775 083000000004016030 3678.41 038004002016046014
2 3678.41 038004002016046014 11.9775 083000000004016030
2 11.9775 083000000004016030 25.825 100000000002033039
2 25.825 100000000002033039 433631.3218 052000000004019036
2 433631.3218 052000000004019036 433631.3218 052000000004019036
2 433631.3218 052000000004019036 11.9775 083000000004016030
2 11.9775 083000000004016030 188.43 052002002004016036
2 188.43 052002002004016036 11.9775 083000000004016030
2 11.9775 083000000004016030 25.825 100000000002033039
2 25.825 100000000002033039 377139.0 038000000044016036
2 377139.0 038000000044016036 23776.2 038000002044016036
2 23776.2 038000002044016036 11.9775 083000000004016030
2 11.9775 083000000004016030 366766000.0 083002002002016036
2 366766000.0 083002002002016036 59716100.0 083002002002032036
2 59716100.0 083002002002032036 11.9775 083000000004016030
2 11.9775 083000000004016030 3200.64 052000000004016036
2 3200.64 052000000004016036 115.299 004000000004016036
2 115.299 004000000004016036 11.9775 083000000004016030
2 11.9775 083000000004016030 1849020.0 052000000044016036
2 1849020.0 052000000044016036 1683730.0 052000000022016036
2 1683730.0 052000000022016036 11.9775 083000000004016030
2 11.9775 083000000004016030 526759.0 052000000022016030
2 526759.0 052000000022016030 11.9775 083000000004016030
2 11.9775 083000000004016030 25.825 100000000002033039
2 25.825 100000000002033039 40418.6 038000002004001032
2 40418.6 038000002004001032 105.359 038000000004001032
2 105.359 038000000004001032 11.9775 083000000004016030
2 11.9775 083000000004016030 67109.5 052000002002038030
2 67109.5 052000002002038030 147.624 052005002002038030
2 147.624 052005002002038030 11.9775 083000000004016030
2 11.9775 083000000004016030 85.8172 052000000004046036
2 85.8172 052000000004046036 1230.46 052000000004043036
2 1230.46 052000000004043036 11.9775 083000000004016030
2 11.9775 083000000004016030 1530980.0 004000001021016030
2 1530980.0 004000001021016030 681363.0 004000001021028030
2 681363.0 004000001021028030 11.9775 083000000004016030
2 11.9775 083000000004016030 21233.7 052002000004040036
2 21233.7 052002000004040036 5992.93 052002000009040036
2 5992.93 052002000009040036 11.9775 083000000004016030
2 11.9775 083000000004016030 55910.6 052002000002001030
2 55910.6 052002000002001030 7322.08 052002000002021030
2 7322.08 052002000002021030 11.9775 083000000004016030
2 11.9775 083000000004016030 151.49 052002000021033030
2 151.49 052002000021033030 93.4468 052002000021045030
2 93.4468 052002000021045030 11.9775 083000000004016030
2 11.9775 083000000004016030 2977.79 052000000004004036
2 2977.79 052000000004004036 692.425075 052000000004017036
2 692.425075 052000000004017036 11.9775 083000000004016030
2 11.9775 083000000004016030 6487880.0 083004000004046036
2 6487880.0 083004000004046036 378.002 083004000019046036
2 378.002 083004000019046036 692.425075 052000000004017036
2 692.425075 052000000004017036 924702.0 052004000002046036
2 924702.0 052004000002046036 1948.78 052004001002046036
2 1948.78 052004001002046036 692.425075 052000000004017036
2 692.425075 052000000004017036 7934.58 083002000021004036
2 7934.58 083002000021004036 692.425075 052000000004017036
2 692.425075 052000000004017036 11.9775 083000000004016030
2 11.9775 083000000004016030 175117000.0 052002000002004030
2 175117000.0 052002000002004030 8956.41 052000000002004030
2 8956.41 052000000002004030 692.425075 052000000004017036
2 692.425075 052000000004017036 856753.0 038000000021016039
2 856753.0 038000000021016039 854484.0 091000000021016039
2 854484.0 091000000021016039 692.425075 052000000004017036
2 692.425075 052000000004017036 346913.0 038000000004046032
2 346913.0 038000000004046032 5861.55 038000000041046032
2 5861.55 038000000041046032 692.425075 052000000004017036
2 692.425075 052000000004017036 4651560.0 038005000004019024
2 4651560.0 038005000004019024 1187550.0 038005000004037024
2 1187550.0 038005000004037024 692.425075 052000000004017036
2 692.425075 052000000004017036 1879580.0 052002000004040024
2 1879580.0 052002000004040024 38107.4 052002002004040024
2 38107.4 052002002004040024 692.425075 052000000004017036
2 692.425075 052000000004017036 35.5645 038000000016019036
2 35.5645 038000000016019036 692.425075 052000000004017036
2 692.425075 052000000004017036 11.9775 083000000004016030
2 11.9775 083000000004016030 2556100000.0 052000002016016030
2 2556100000.0 052000002016016030 88552200.0 052000002016016012
2 88552200.0 052000002016016012 692.425075 052000000004017036
2 692.425075 052000000004017036 744248.0 052000000004017032
2 744248.0 052000000004017032 12670.5 052000001004017032
2 12670.5 052000001004017032 692.425075 052000000004017036
2 692.425075 052000000004017036 5759.41 100004000021040036
2 5759.41 100004000021040036 536.112 100004000031040036
2 536.112 100004000031040036 692.425075 052000000004017036
2 692.425075 052000000004017036 6699150.0 083002000002019030
2 6699150.0 083002000002019030 70634.6 083002000002007030
2 70634.6 083002000002007030 692.425075 052000000004017036
2 692.425075 052000000004017036 63698.735 052000000004040030
2 63698.735 052000000004040030 63698.735 052000000004040030
2 63698.735 052000000004040030 692.425075 052000000004017036
2 692.425075 052000000004017036 362726.0 038000000004040036
2 362726.0 038000000004040036 383086.8456666667 100000000004040036
2 383086.8456666667 100000000004040036 692.425075 052000000004017036
2 692.425075 052000000004017036 461501.56702 052000000004033036
2 461501.56702 052000000004033036 460497.28555 052000000004033034
2 460497.28555 052000000004033034 692.425075 052000000004017036
2 692.425075 052000000004017036 6937.75 038000000024016030
2 6937.75 038000000024016030 460497.28555 052000000004033034
2 460497.28555 052000000004033034 692.425075 052000000004017036
2 692.425075 052000000004017036 331.231 052000000016033039
2 331.231 052000000016033039 189.367 052002000016033039
2 189.367 052002000016033039 460497.28555 052000000004033034
2 460497.28555 052000000004033034 3808.09 083000000004017036
2 3808.09 083000000004017036 71.1884 083005000004017036
2 71.1884 083005000004017036 460497.28555 052000000004033034
2 460497.28555 052000000004033034 709682.0 052002000016017030
2 709682.0 052002000016017030 375382.0 052002000016049030
2 375382.0 052002000016049030 460497.28555 052000000004033034
2 460497.28555 052000000004033034 461038.0 100002000004040030
2 461038.0 100002000004040030 6586.1 100003000004040030
2 6586.1 100003000004040030 460497.28555 052000000004033034
2 460497.28555 052000000004033034 2216500.0 038000000002019030
2 2216500.0 038000000002019030 1030740.0 038000000016019030
2 1030740.0 038000000016019030 460497.28555 052000000004033034
2 460497.28555 052000000004033034 433631.3218 052000000004019036
2 433631.3218 052000000004019036 433631.3218 052000000004019036
2 433631.3218 052000000004019036 460497.28555 052000000004033034
2 460497.28555 052000000004033034 1592060.0 083002000004019036
2 1592060.0 083002000004019036 11720.1 028002000004019036
2 11720.1 028002000004019036 460497.28555 052000000004033034
2 460497.28555 052000000004033034 3079660.0 100000000004004036
2 3079660.0 100000000004004036 23998.4 100001000004004036
2 23998.4 100001000004004036 460497.28555 052000000004033034
2 460497.28555 052000000004033034 12607400.0 052001000021004036
2 12607400.0 052001000021004036 509.6 052001000040004036
2 509.6 052001000040004036 460497.28555 052000000004033034
2 460497.28555 052000000004033034 1946660.0 052002000004033036
2 1946660.0 052002000004033036 5251.77 052002002004033036
2 5251.77 052002002004033036 460497.28555 052000000004033034
2 460497.28555 052000000004033034 597953.0 052000000004019039
2 597953.0 052000000004019039 270.823 052000000004022039
2 270.823 052000000004022039 460497.28555 052000000004033034
2 460497.28555 052000000004033034 769301.0 052000000004022036
2 769301.0 052000000004022036 733838.0 052000000040022036
2 733838.0 052000000040022036 460497.28555 052000000004033034
2 460497.28555 052000000004033034 961655.0 038000000004016036
2 961655.0 038000000004016036 544377.0 038000000004016020
2 544377.0 038000000004016020 460497.28555 052000000004033034
2 460497.28555 052000000004033034 11872300.0 100002000016016036
2 11872300.0 100002000016016036 42600.1 100002000016016017
2 42600.1 100002000016016017 460497.28555 052000000004033034
2 460497.28555 052000000004033034 29371800.0 052000000004001017
2 29371800.0 052000000004001017 20153.3 052000000004001034
2 20153.3 052000000004001034 460497.28555 052000000004033034
2 460497.28555 052000000004033034 9886.28 038002000016004036
2 9886.28 038002000016004036 460497.28555 052000000004033034
2 460497.28555 052000000004033034 692.425075 052000000004017036
2 692.425075 052000000004017036 12031300000.0 052002000004001030
2 12031300000.0 052002000004001030 183603000.0 028002000004001030
2 183603000.0 028002000004001030 460497.28555 052000000004033034
2 460497.28555 052000000004033034 800954.6666666666 052000000004040036
2 800954.6666666666 052000000004040036 800954.6666666666 052000000004040036
2 800954.6666666666 052000000004040036 460497.28555 052000000004033034
2 460497.28555 052000000004033034 61.9963 038000000016017036
2 61.9963 038000000016017036 460497.28555 052000000004033034
2 460497.28555 052000000004033034 692.425075 052000000004017036
2 692.425075 052000000004017036 367630.0 083000000044017036
2 367630.0 083000000044017036 1834.8781 083000000044032036
2 1834.8781 083000000044032036 460497.28555 052000000004033034
2 460497.28555 052000000004033034 1050030.0 083000000044004036
2 1050030.0 083000000044004036 705026.0 037000000044004036
2 705026.0 037000000044004036 460497.28555 052000000004033034
2 460497.28555 052000000004033034 1754.51 052000002044033034
2 1754.51 052000002044033034 460497.28555 052000000004033034
2 460497.28555 052000000004033034 692.425075 052000000004017036
2 692.425075 052000000004017036 2412200.0 038004001004016036
2 2412200.0 038004001004016036 4858.56 038002001004016036
2 4858.56 038002001004016036 460497.28555 052000000004033034
2 460497.28555 052000000004033034 656842.0 100000000004040030
2 656842.0 100000000004040030 43011.6 100000002004040030
2 43011.6 100000002004040030 460497.28555 052000000004033034
2 460497.28555 052000000004033034 319144.0 083000000016032030
2 319144.0 083000000016032030 254583.0 083000000016047030
2 254583.0 083000000016047030 460497.28555 052000000004033034
2 460497.28555 052000000004033034 633.774 052000000002040030
2 633.774 052000000002040030 79.7107 052000000002037030
2 79.7107 052000000002037030 460497.28555 052000000004033034
2 460497.28555 052000000004033034 762511.9879 052000000044040036
2 762511.9879 052000000044040036 238399.33395 025000000044040036
2 238399.33395 025000000044040036 460497.28555 052000000004033034
2 460497.28555 052000000004033034 275375.0 052000000016033034
2 275375.0 052000000016033034 460497.28555 052000000004033034
2 460497.28555 052000000004033034 692.425075 052000000004017036
2 692.425075 052000000004017036 10163200.0 052000000004001036
2 10163200.0 052000000004001036 6875270.0 052000000031001036
2 6875270.0 052000000031001036 460497.28555 052000000004033034
2 460497.28555 052000000004033034 462848.0 052000000021033036
2 462848.0 052000000021033036 40.8615 004000000021033036
2 40.8615 004000000021033036 460497.28555 052000000004033034
2 460497.28555 052000000004033034 274394.0 004005000016016032
2 274394.0 004005000016016032 6035.03 004005000016028032
2 6035.03 004005000016028032 460497.28555 052000000004033034
2 460497.28555 052000000004033034 1281030.0 025000000044017030
2 1281030.0 025000000044017030 32.99 025000000044048030
2 32.99 025000000044048030 460497.28555 052000000004033034
2 460497.28555 052000000004033034 855292.0 038002000004040036
2 855292.0 038002000004040036 47.5797 041002000004040036
2 47.5797 041002000004040036 460497.28555 052000000004033034
2 460497.28555 052000000004033034 1807910.0 052000000004040039
2 1807910.0 052000000004040039 1197290.0 009000000004040039
2 1197290.0 009000000004040039 460497.28555 052000000004033034
2 460497.28555 052000000004033034 294969.0 083000000002033030
2 294969.0 083000000002033030 267594.0 083000000040033030
2 267594.0 083000000040033030 460497.28555 052000000004033034
2 460497.28555 052000000004033034 1205310.0 052000000002017036
2 1205310.0 052000000002017036 4983.98 052000001002017036
2 4983.98 052000001002017036 460497.28555 052000000004033034
2 460497.28555 052000000004033034 1078400.0 052000001024017036
2 1078400.0 052000001024017036 2725.3 052000001024017030
2 2725.3 052000001024017030 460497.28555 052000000004033034
2 460497.28555 052000000004033034 631685.6666666666 052000000016017036
2 631685.6666666666 052000000016017036 393165.0 052000000016032036
2 393165.0 052000000016032036 460497.28555 052000000004033034
2 460497.28555 052000000004033034 616090.8135 025000000004017036
2 616090.8135 025000000004017036 616090.8135 025000000004017036
2 616090.8135 025000000004017036 460497.28555 052000000004033034
2 460497.28555 052000000004033034 1275810.0 083000000004040030
2 1275810.0 083000000004040030 2861.64 042000000004040030
2 2861.64 042000000004040030 460497.28555 052000000004033034
2 460497.28555 052000000004033034 1055587.0 025000000004033036
2 1055587.0 025000000004033036 460497.28555 052000000004033034
2 460497.28555 052000000004033034 692.425075 052000000004017036
2 692.425075 052000000004017036 539968.0 042000000004017024
2 539968.0 042000000004017024 410655.0 030000000004017024
2 410655.0 030000000004017024 460497.28555 052000000004033034
2 460497.28555 052000000004033034 433631.3218 052000000004019036
2 433631.3218 052000000004019036 351292.0 065000000004019036
2 351292.0 065000000004019036 460497.28555 052000000004033034
2 460497.28555 052000000004033034 1410.36 100000000021033036
2 1410.36 100000000021033036 460497.28555 052000000004033034
2 460497.28555 052000000004033034 692.425075 052000000004017036
2 692.425075 052000000004017036 1055587.0 025000000004033036
2 1055587.0 025000000004033036 39.8442 091000000004033036
2 39.8442 091000000004033036 460497.28555 052000000004033034
2 460497.28555 052000000004033034 762511.9879 052000000044040036
2 762511.9879 052000000044040036 12946.2 052000000044011036
2 12946.2 052000000044011036 460497.28555 052000000004033034
2 460497.28555 052000000004033034 615286.5 038000000044040036
2 615286.5 038000000044040036 615286.5 038000000044040036
2 615286.5 038000000044040036 460497.28555 052000000004033034
2 460497.28555 052000000004033034 842373.0 025000000044048036
2 842373.0 025000000044048036 659162.0 025000000044048001
2 659162.0 025000000044048001 460497.28555 052000000004033034
2 460497.28555 052000000004033034 385511.0 083000000004040024
2 385511.0 083000000004040024 292521.0 083000000004041024
2 292521.0 083000000004041024 460497.28555 052000000004033034
2 460497.28555 052000000004033034 714232.0 091000000044033036
2 714232.0 091000000044033036 444667.0 048000000044033036
2 444667.0 048000000044033036 460497.28555 052000000004033034
2 460497.28555 052000000004033034 929.997 052000000016040036
2 929.997 052000000016040036 1855511.3946 052000000016012036
2 1855511.3946 052000000016012036 460497.28555 052000000004033034
2 460497.28555 052000000004033034 461501.56702 052000000004033036
2 461501.56702 052000000004033036 249445.43585 052000001004033036
2 249445.43585 052000001004033036 460497.28555 052000000004033034
2 460497.28555 052000000004033034 245503.0 083000000016019036
2 245503.0 083000000016019036 20811.2 083000000046019036
2 20811.2 083000000046019036 460497.28555 052000000004033034
2 460497.28555 052000000004033034 5221340.0 052000001016040030
2 5221340.0 052000001016040030 4109.95 052000001016040041
2 4109.95 052000001016040041 460497.28555 052000000004033034
2 460497.28555 052000000004033034 616304.0 025000000004016039
2 616304.0 025000000004016039 63.0814 025000000023016039
2 63.0814 025000000023016039 460497.28555 052000000004033034
2 460497.28555 052000000004033034 592970.0 052000000004016024
2 592970.0 052000000004016024 25598.5 052000000004016009
2 25598.5 052000000004016009 460497.28555 052000000004033034
2 460497.28555 052000000004033034 472382.0 038000000016033036
2 472382.0 038000000016033036 169248.0 038000000016033028
2 169248.0 038000000016033028 460497.28555 052000000004033034
2 460497.28555 052000000004033034 313710.0 083000000044033034
2 313710.0 083000000044033034 68.111 083000001044033034
2 68.111 083000001044033034 460497.28555 052000000004033034
2 460497.28555 052000000004033034 706354.0 004000000044017036
2 706354.0 004000000044017036 516688.0 004000000036017036
2 516688.0 004000000036017036 460497.28555 052000000004033034
2 460497.28555 052000000004033034 22.7508 038002000004017036
2 22.7508 038002000004017036 460497.28555 052000000004033034
2 460497.28555 052000000004033034 692.425075 052000000004017036
2 692.425075 052000000004017036 192004.0 038000000004040024
2 192004.0 038000000004040024 2.38873 038000000004040026
2 2.38873 038000000004040026 460497.28555 052000000004033034
2 460497.28555 052000000004033034 97.4337 083000000004033030
2 97.4337 083000000004033030 36.7583 083000000001033030
2 36.7583 083000000001033030 2.38873 038000000004040026
2 2.38873 038000000004040026 4188.93 038000001021017036
2 4188.93 038000001021017036 351.194 038000001021027036
2 351.194 038000001021027036 2.38873 038000000004040026
2 2.38873 038000000004040026 743781.0 038000000044033030
2 743781.0 038000000044033030 301548.0 038002000044033030
2 301548.0 038002000044033030 2.38873 038000000004040026
2 2.38873 038000000004040026 692.425075 052000000004017036
2 692.425075 052000000004017036 1864.38 041000000004017036
2 1864.38 041000000004017036 2.38873 038000000004040026
2 2.38873 038000000004040026 383086.8456666667 100000000004040036
2 383086.8456666667 100000000004040036 383086.8456666667 100000000004040036
2 383086.8456666667 100000000004040036 2.38873 038000000004040026
2 2.38873 038000000004040026 461501.56702 052000000004033036
2 461501.56702 052000000004033036 63.7885 019000000004033036
2 63.7885 019000000004033036 2.38873 038000000004040026
2 2.38873 038000000004040026 461501.56702 052000000004033036
2 461501.56702 052000000004033036 249445.43585 052000001004033036
2 249445.43585 052000001004033036 2.38873 038000000004040026
2 2.38873 038000000004040026 9.52752 052000000044017039
2 9.52752 052000000044017039 2.38873 038000000004040026
2 2.38873 038000000004040026 460497.28555 052000000004033034
2 460497.28555 052000000004033034 1170097.225 091002000004040030
2 1170097.225 091002000004040030 1170097.225 091002000004040030
2 1170097.225 091002000004040030 2.38873 038000000004040026
2 2.38873 038000000004040026 692.425075 052000000004017036
2 692.425075 052000000004017036 692.425075 052000000004017036
2 692.425075 052000000004017036 2.38873 038000000004040026
2 2.38873 038000000004040026 336926.315325 052000000004032036
2 336926.315325 052000000004032036 336926.315325 052000000004032036
2 336926.315325 052000000004032036 2.38873 038000000004040026
2 2.38873 038000000004040026 826938.0 052000000004048039
2 826938.0 052000000004048039 23.1961 039000000004048039
2 23.1961 039000000004048039 2.38873 038000000004040026
2 2.38873 038000000004040026 258824.0 038000000004033030
2 258824.0 038000000004033030 524.493 038001000004033030
2 524.493 038001000004033030 2.38873 038000000004040026
2 2.38873 038000000004040026 982.349 083000000044048036
2 982.349 083000000044048036 77.7497 083000000044005036
2 77.7497 083000000044005036 2.38873 038000000004040026
2 2.38873 038000000004040026 12767.5 083000000044032026
2 12767.5 083000000044032026 12767.5 083000000044032026
2 12767.5 083000000044032026 2.38873 038000000004040026
2 2.38873 038000000004040026 24319.8 083000000044033030
2 24319.8 083000000044033030 36.1571 083000000043033030
2 36.1571 083000000043033030 2.38873 038000000004040026
2 2.38873 038000000004040026 800954.6666666666 052000000004040036
2 800954.6666666666 052000000004040036 11995.1 052000001004040036
2 11995.1 052000001004040036 2.38873 038000000004040026
2 2.38873 038000000004040026 25077.1 038000001002016030
2 25077.1 038000001002016030 25077.1 038000001002016030
2 25077.1 038000001002016030 2.38873 038000000004040026
2 2.38873 038000000004040026 631685.6666666666 052000000016017036
2 631685.6666666666 052000000016017036 29053.4 052000002016017036
2 29053.4 052000002016017036 2.38873 038000000004040026
2 2.38873 038000000004040026 1855.6 039000000004017036
2 1855.6 039000000004017036 35.9793 039000000042017036
2 35.9793 039000000042017036 2.38873 038000000004040026
2 2.38873 038000000004040026 482840.0 025000000016019036
2 482840.0 025000000016019036 482840.0 025000000016019036
2 482840.0 025000000016019036 2.38873 038000000004040026
2 2.38873 038000000004040026 631685.6666666666 052000000016017036
2 631685.6666666666 052000000016017036 557888.0 052000000041017036
2 557888.0 052000000041017036 2.38873 038000000004040026
2 2.38873 038000000004040026 3808.09 083000000004017036
2 3808.09 083000000004017036 49.9701 083000000004017042
2 49.9701 083000000004017042 2.38873 038000000004040026
2 2.38873 038000000004040026 714698.0 025002000016016036
2 714698.0 025002000016016036 532266.0 025002000016034036
2 532266.0 025002000016034036 2.38873 038000000004040026
2 2.38873 038000000004040026 334912.0 052000000004033030
2 334912.0 052000000004033030 2911.15 052000000004004030
2 2911.15 052000000004004030 2.38873 038000000004040026
2 2.38873 038000000004040026 7498320.0 039000000004004039
2 7498320.0 039000000004004039 324019.0 039000000004035039
2 324019.0 039000000004035039 2.38873 038000000004040026
2 2.38873 038000000004040026 3808.09 083000000004017036
2 3808.09 083000000004017036 2747.99 083000000004019036
2 2747.99 083000000004019036 2.38873 038000000004040026
2 2.38873 038000000004040026 461501.56702 052000000004033036
2 461501.56702 052000000004033036 2.38873 038000000004040026
2 2.38873 038000000004040026 460497.28555 052000000004033034
2 460497.28555 052000000004033034 440637.0 039000000004048036
2 440637.0 039000000004048036 59.4276 055000000004048036
2 59.4276 055000000004048036 2.38873 038000000004040026
2 2.38873 038000000004040026 1855511.3946 052000000016012036
2 1855511.3946 052000000016012036 614048.0 052000000016026036
2 614048.0 052000000016026036 2.38873 038000000004040026
2 2.38873 038000000004040026 1901560.0 038000000004012036
2 1901560.0 038000000004012036 350054.0 038000000004012041
2 350054.0 038000000004012041 2.38873 038000000004040026
2 2.38873 038000000004040026 532450.0 052000000004048036
2 532450.0 052000000004048036 7216.07 052000000004048022
2 7216.07 052000000004048022 2.38873 038000000004040026
2 2.38873 038000000004040026 336926.315325 052000000004032036
2 336926.315325 052000000004032036 85.8172 052000000004046036
2 85.8172 052000000004046036 2.38873 038000000004040026
2 2.38873 038000000004040026 12080400.0 083000001004017036
2 12080400.0 083000001004017036 8.18028 083000001004042036
2 8.18028 083000001004042036 2.38873 038000000004040026
2 2.38873 038000000004040026 460497.28555 052000000004033034
2 460497.28555 052000000004033034 21075.5 052003000004033034
2 21075.5 052003000004033034 2.38873 038000000004040026
2 2.38873 038000000004040026 336926.315325 052000000004032036
2 336926.315325 052000000004032036 447288.0 052000000018032036
2 447288.0 052000000018032036 2.38873 038000000004040026
2 2.38873 038000000004040026 82.6626 052000000044040026
2 82.6626 052000000044040026 405271.9341 076000000044040026
2 405271.9341 076000000044040026 2.38873 038000000004040026
2 2.38873 038000000004040026 300493.25 039000000044017036
2 300493.25 039000000044017036 21.8774 039002000044017036
2 21.8774 039002000044017036 2.38873 038000000004040026
2 2.38873 038000000004040026 2411330.0 083000000044040039
2 2411330.0 083000000044040039 1004150.0 080000000044040039
2 1004150.0 080000000044040039 2.38873 038000000004040026
2 2.38873 038000000004040026 758065.0 076000000044017039
2 758065.0 076000000044017039 741518.0 076000000035017039
2 741518.0 076000000035017039 2.38873 038000000004040026
2 2.38873 038000000004040026 420065.0 052000000004017030
2 420065.0 052000000004017030 420065.0 052000000004017030
2 420065.0 052000000004017030 2.38873 038000000004040026
2 2.38873 038000000004040026 252608.0 100000000004042036
2 252608.0 100000000004042036 3880.53 100000000030042036
2 3880.53 100000000030042036 2.38873 038000000004040026
2 2.38873 038000000004040026 416455.0 052000000044040030
2 416455.0 052000000044040030 120.883 003000000044040030
2 120.883 003000000044040030 2.38873 038000000004040026
2 2.38873 038000000004040026 192.0157 038000000004032039
2 192.0157 038000000004032039 192.0157 038000000004032039
2 192.0157 038000000004032039 2.38873 038000000004040026
2 2.38873 038000000004040026 4152310.0 052000001004032036
2 4152310.0 052000001004032036 57183.4 052000002004032036
2 57183.4 052000002004032036 2.38873 038000000004040026
2 2.38873 038000000004040026 692.425075 052000000004017036
2 692.425075 052000000004017036 137.474 052000000004017035
2 137.474 052000000004017035 2.38873 038000000004040026
2 2.38873 038000000004040026 63698.735 052000000004040030
2 63698.735 052000000004040030 502744.0 052000000021040030
2 502744.0 052000000021040030 2.38873 038000000004040026
2 2.38873 038000000004040026 762511.9879 052000000044040036
2 762511.9879 052000000044040036 330321.0 052000000044044036
2 330321.0 052000000044044036 2.38873 038000000004040026
2 2.38873 038000000004040026 3808.09 083000000004017036
2 3808.09 083000000004017036 6046.55 083000000040017036
2 6046.55 083000000040017036 2.38873 038000000004040026
2 2.38873 038000000004040026 385624.0 052000000044032036
2 385624.0 052000000044032036 1442.15 052006000044032036
2 1442.15 052006000044032036 2.38873 038000000004040026
2 2.38873 038000000004040026 10426.3 025000001044032034
2 10426.3 025000001044032034 42.35 025000001036032034
2 42.35 025000001036032034 2.38873 038000000004040026
2 2.38873 038000000004040026 5824.95 052000000044032034
2 5824.95 052000000044032034 50.7719 097000000044032034
2 50.7719 097000000044032034 2.38873 038000000004040026
2 2.38873 038000000004040026 6159.8 039000000004017030
2 6159.8 039000000004017030 6.31813 039000000033017030
2 6.31813 039000000033017030 2.38873 038000000004040026
2 2.38873 038000000004040026 1855.6 039000000004017036
2 1855.6 039000000004017036 2.38873 038000000004040026
2 2.38873 038000000004040026 460497.28555 052000000004033034
2 460497.28555 052000000004033034 23.1961 039000000004048039
2 23.1961 039000000004048039 22.1959 039000000000048039
2 22.1959 039000000000048039 2.38873 038000000004040026
2 2.38873 038000000004040026 245547.0 025002000033048030
2 245547.0 025002000033048030 2.38873 038000000004040026
2 2.38873 038000000004040026 460497.28555 052000000004033034
2 460497.28555 052000000004033034 407925.0 038000000044033036
2 407925.0 038000000044033036 62.018 038000000044014036
2 62.018 038000000044014036 2.38873 038000000004040026
2 2.38873 038000000004040026 1609844.5 039000000004040039
2 1609844.5 039000000004040039 1609844.5 039000000004040039
2 1609844.5 039000000004040039 2.38873 038000000004040026
2 2.38873 038000000004040026 1834.8781 083000000044032036
2 1834.8781 083000000044032036 2184.04 083006000044032036
2 2184.04 083006000044032036 2.38873 038000000004040026
2 2.38873 038000000004040026 4594.77 052006000044017036
2 4594.77 052006000044017036 4512.23 052006000044015036
2 4512.23 052006000044015036 2.38873 038000000004040026
2 2.38873 038000000004040026 8.63003 076000000044040036
2 8.63003 076000000044040036 2.38873 038000000004040026
2 2.38873 038000000004040026 460497.28555 052000000004033034
2 460497.28555 052000000004033034 512185.0 038000000002033036
2 512185.0 038000000002033036 4483.39 038000002002033036
2 4483.39 038000002002033036 2.38873 038000000004040026
2 2.38873 038000000004040026 3959350.0 025002000004042030
2 3959350.0 025002000004042030 518467.0 025002000004042013
2 518467.0 025002000004042013 2.38873 038000000004040026
2 2.38873 038000000004040026 151.613 038000000004033036
2 151.613 038000000004033036 2.38873 038000000004040026
2 2.38873 038000000004040026 460497.28555 052000000004033034
2 460497.28555 052000000004033034 25270.6 076000001044032036
2 25270.6 076000001044032036 4182.91 076000001044032006
2 4182.91 076000001044032006 2.38873 038000000004040026
2 2.38873 038000000004040026 7665.49 083000000044033039
2 7665.49 083000000044033039 58.1263 083000000044033040
2 58.1263 083000000044033040 2.38873 038000000004040026
2 2.38873 038000000004040026 709763.0 039000001004033036
2 709763.0 039000001004033036 4454.64 039000001004033028
2 4454.64 039000001004033028 2.38873 038000000004040026
2 2.38873 038000000004040026 27464400.0 100000001000032036
2 27464400.0 100000001000032036 5487.58 100000001010032036
2 5487.58 100000001010032036 2.38873 038000000004040026
2 2.38873 038000000004040026 1020650.0 083000000002033039
2 1020650.0 083000000002033039 6220.69 083000000002033004
2 6220.69 083000000002033004 2.38873 038000000004040026
2 2.38873 038000000004040026 553123.0 083000001002033039
2 553123.0 083000001002033039 27510.9 083000001002033022
2 27510.9 083000001002033022 2.38873 038000000004040026
2 2.38873 038000000004040026 2261580.0 038000001044040036
2 2261580.0 038000001044040036 1843970.0 023000001044040036
2 1843970.0 023000001044040036 2.38873 038000000004040026
2 2.38873 038000000004040026 28094.0 052002001004048034
2 28094.0 052002001004048034 27528.0 052002001004033034
2 27528.0 052002001004033034 2.38873 038000000004040026
2 2.38873 038000000004040026 66.7435 039002000004032030
2 66.7435 039002000004032030 45.9342 097002000004032030
2 45.9342 097002000004032030 2.38873 038000000004040026
2 2.38873 038000000004040026 1127340.0 038000000004048036
2 1127340.0 038000000004048036 30284.2 038000002004048036
2 30284.2 038000002004048036 2.38873 038000000004040026
2 2.38873 038000000004040026 789227.5 083000000044042036
2 789227.5 083000000044042036 789227.5 083000000044042036
2 789227.5 083000000044042036 2.38873 038000000004040026
2 2.38873 038000000004040026 300493.25 039000000044017036
2 300493.25 039000000044017036 496637.0 006000000044017036
2 496637.0 006000000044017036 2.38873 038000000004040026
2 2.38873 038000000004040026 423386.0 025000001002042036
2 423386.0 025000001002042036 3087.31 025002001002042036
2 3087.31 025002001002042036 2.38873 038000000004040026
2 2.38873 038000000004040026 450802.0 025000000004042030
2 450802.0 025000000004042030 7914.92 025000000040042030
2 7914.92 025000000040042030 2.38873 038000000004040026
2 2.38873 038000000004040026 676105.0 083000000004040039
2 676105.0 083000000004040039 453152.0 083000000004040018
2 453152.0 083000000004040018 2.38873 038000000004040026
2 2.38873 038000000004040026 620698.0 076000000000048036
2 620698.0 076000000000048036 73.9426 096000000000048036
2 73.9426 096000000000048036 2.38873 038000000004040026
2 2.38873 038000000004040026 405271.9341 076000000044040026
2 405271.9341 076000000044040026 14923.7 076000000044040027
2 14923.7 076000000044040027 2.38873 038000000004040026
2 2.38873 038000000004040026 869555.0 083000000044033036
2 869555.0 083000000044033036 513458.0 083000000020033036
2 513458.0 083000000020033036 2.38873 038000000004040026
2 2.38873 038000000004040026 132.715 083000000004033039
2 132.715 083000000004033039 46.3102 028000000004033039
2 46.3102 028000000004033039 2.38873 038000000004040026
2 2.38873 038000000004040026 331165.72 083000000044017039
2 331165.72 083000000044017039 331165.72 083000000044017039
2 331165.72 083000000044017039 2.38873 038000000004040026
2 2.38873 038000000004040026 405593.0 039000000044033039
2 405593.0 039000000044033039 237467.0 039000000001033039
2 237467.0 039000000001033039 2.38873 038000000004040026
2 2.38873 038000000004040026 381611.0 025000000002033039
2 381611.0 025000000002033039 68.1358 025000000002030039
2 68.1358 025000000002030039 2.38873 038000000004040026
2 2.38873 038000000004040026 732105.0 025000001004048036
2 732105.0 025000001004048036 11849.5 025001001004048036
2 11849.5 025001001004048036 2.38873 038000000004040026
2 2.38873 038000000004040026 1707.57 038000000044033039
2 1707.57 038000000044033039 60.2284 038000000012033039
2 60.2284 038000000012033039 2.38873 038000000004040026
2 2.38873 038000000004040026 992884785.0 052000001012017026
2 992884785.0 052000001012017026 992884785.0 052000001012017026
2 992884785.0 052000001012017026 2.38873 038000000004040026
2 2.38873 038000000004040026 223200.0 039000000044040030
2 223200.0 039000000044040030 142107.0 039000000044040004
2 142107.0 039000000044040004 2.38873 038000000004040026
2 2.38873 038000000004040026 2184440.0 039000000004032036
2 2184440.0 039000000004032036 21418.5 039006000004032036
2 21418.5 039006000004032036 2.38873 038000000004040026
2 2.38873 038000000004040026 898651.0 039000000000032036
2 898651.0 039000000000032036 102.31 039000000000004036
2 102.31 039000000000004036 2.38873 038000000004040026
2 2.38873 038000000004040026 1048090.0 052000000000032026
2 1048090.0 052000000000032026 619531.0 052000000000040026
2 619531.0 052000000000040026 2.38873 038000000004040026
2 2.38873 038000000004040026 1059002.5 052000000002017039
2 1059002.5 052000000002017039 1059002.5 052000000002017039
2 1059002.5 052000000002017039 2.38873 038000000004040026
2 2.38873 038000000004040026 747.921 083000000004017030
2 747.921 083000000004017030 2.38873 038000000004040026
2 2.38873 038000000004040026 460497.28555 052000000004033034
2 460497.28555 052000000004033034 238399.33395 025000000044040036
2 238399.33395 025000000044040036 2779.43 025006000044040036
2 2779.43 025006000044040036 2.38873 038000000004040026
2 2.38873 038000000004040026 319630.0 052000000044048026
2 319630.0 052000000044048026 2.97148 052000000044041026
2 2.97148 052000000044041026 2.38873 038000000004040026
2 2.38873 038000000004040026 110.624 083000000004040026
2 110.624 083000000004040026 39.8664 083000000004040009
2 39.8664 083000000004040009 2.38873 038000000004040026
2 2.38873 038000000004040026 762511.9879 052000000044040036
2 762511.9879 052000000044040036 31.9903 052000000044021036
2 31.9903 052000000044021036 2.38873 038000000004040026
3 2.38873 038000000004040026 989511000.0 100001000009016026
3 989511000.0 100001000009016026 761645.0 100000000009016026
3 761645.0 100000000009016026 266.091 016005000014007045
3 266.091 016005000014007045 3184040.0 020001001033021002
3 3184040.0 020001001033021002 42265.9 020000001033021002
3 42265.9 020000001033021002 266.091 016005000014007045
3 266.091 016005000014007045 6775950.0 038006000019040032
3 6775950.0 038006000019040032 266.091 016005000014007045
3 266.091 016005000014007045 8796.37 061005000040036028
3 8796.37 061005000040036028 16004300000.0 011006000033036000
3 16004300000.0 011006000033036000 32523900.0 011006000033036039
3 32523900.0 011006000033036039 266.091 016005000014007045
3 266.091 016005000014007045 221554.0 011002001031036026
3 221554.0 011002001031036026 48340.9 041002001031036026
3 48340.9 041002001031036026 266.091 016005000014007045
3 266.091 016005000014007045 72560300.0 070002001021021026
3 72560300.0 070002001021021026 9175650.0 070004001021021026
3 9175650.0 070004001021021026 266.091 016005000014007045
3 266.091 016005000014007045 44715.3 070004002031033000
3 44715.3 070004002031033000 35617.0 070001002031033000
3 35617.0 070001002031033000 266.091 016005000014007045
3 266.091 016005000014007045 8994.93 020000000033040016
3 8994.93 020000000033040016 7122.45 020003000033040016
3 7122.45 020003000033040016 266.091 016005000014007045
3 266.091 016005000014007045 6997.2 020004002033036026
3 6997.2 020004002033036026 2256.5 020004002029036026
3 2256.5 020004002029036026 266.091 016005000014007045
3 266.091 016005000014007045 1676350.0 020000001014019014
3 1676350.0 020000001014019014 1043910.0 020000002014019014
3 1043910.0 020000002014019014 266.091 016005000014007045
3 266.091 016005000014007045 59313.8 020002002033026000
3 59313.8 020002002033026000 29399.0 020002002033038000
3 29399.0 020002002033038000 266.091 016005000014007045
3 266.091 016005000014007045 561246.0 011004002029036000
3 561246.0 011004002029036000 39455.4 011004002034036000
3 39455.4 011004002034036000 266.091 016005000014007045
3 266.091 016005000014007045 33995.6 020005002031026002
3 33995.6 020005002031026002 21353.8 020003002031026002
3 21353.8 020003002031026002 266.091 016005000014007045
3 266.091 016005000014007045 2352820.0 016005001016038016
3 2352820.0 016005001016038016 857232.0 005005001016038016
3 857232.0 005005001016038016 266.091 016005000014007045
3 266.091 016005000014007045 4501.57 020004001033026002
3 4501.57 020004001033026002 2217.68 017004001033026002
3 2217.68 017004001033026002 266.091 016005000014007045
3 266.091 016005000014007045 3046790.0 017004002033026002
3 3046790.0 017004002033026002 24079.7 034004002033026002
3 24079.7 034004002033026002 266.091 016005000014007045
3 266.091 016005000014007045 5987.13 017004000040040002
3 5987.13 017004000040040002 77.1023 017004000010040002
3 77.1023 017004000010040002 266.091 016005000014007045
3 266.091 016005000014007045 27937.1 020004001040036002
3 27937.1 020004001040036002 77.1023 017004000010040002
3 77.1023 017004000010040002 266.091 016005000014007045
3 266.091 016005000014007045 1226250000.0 017005000014040002
3 1226250000.0 017005000014040002 3702030.0 017005000014040007
3 3702030.0 017005000014040007 77.1023 017004000010040002
3 77.1023 017004000010040002 683922.0 016004002033038002
3 683922.0 016004002033038002 18929.8 016004002033007002
3 18929.8 016004002033007002 77.1023 017004000010040002
3 77.1023 017004000010040002 479984000.0 020004000029026002
3 479984000.0 020004000029026002 18663100.0 020004000014026002
3 18663100.0 020004000014026002 77.1023 017004000010040002
3 77.1023 017004000010040002 2064780.0 020002001033040026
3 2064780.0 020002001033040026 2715.76 065002001033040026
3 2715.76 065002001033040026 77.1023 017004000010040002
3 77.1023 017004000010040002 35561.3 020004002033026002
3 35561.3 020004002033026002 27607.2 077004002033026002
3 27607.2 077004002033026002 77.1023 017004000010040002
3 77.1023 017004000010040002 6554440.0 065003002033040045
3 6554440.0 065003002033040045 13124.9 088003002033040045
3 13124.9 088003002033040045 77.1023 017004000010040002
3 77.1023 017004000010040002 1796125.0 016002001033040026
3 1796125.0 016002001033040026 1796125.0 016002001033040026
3 1796125.0 016002001033040026 77.1023 017004000010040002
3 77.1023 017004000010040002 18580.912 017004002033040002
3 18580.912 017004002033040002 72414.11005 017004002047040002
3 72414.11005 017004002047040002 77.1023 017004000010040002
3 77.1023 017004000010040002 197601.0 020001000033040002
3 197601.0 020001000033040002 52417.1 020006000033040002
3 52417.1 020006000033040002 77.1023 017004000010040002
3 77.1023 017004000010040002 1607133.6666666667 017004001033040002
3 1607133.6666666667 017004001033040002 467.14 017004001033033002
3 467.14 017004001033033002 77.1023 017004000010040002
3 77.1023 017004000010040002 888601.0 017000002033040002
3 888601.0 017000002033040002 787312.0 017000000033040002
3 787312.0 017000000033040002 77.1023 017004000010040002
3 77.1023 017004000010040002 181997.0 017004000029040002
3 181997.0 017004000029040002 7096.98 017004000029040003
3 7096.98 017004000029040003 77.1023 017004000010040002
3 77.1023 017004000010040002 20455.4 017003002029040002
3 20455.4 017003002029040002 13643.6 066003002029040002
3 13643.6 066003002029040002 77.1023 017004000010040002
3 77.1023 017004000010040002 234448000.0 020002002038036002
3 234448000.0 020002002038036002 182.506 020002002038037002
3 182.506 020002002038037002 77.1023 017004000010040002
3 77.1023 017004000010040002 4197230.0 017002002038040002
3 4197230.0 017002002038040002 30905.5 007002002038040002
3 30905.5 007002002038040002 77.1023 017004000010040002
3 77.1023 017004000010040002 425028.5 020004000040040002
3 425028.5 020004000040040002 93.0804 020004000040040028
3 93.0804 020004000040040028 77.1023 017004000010040002
3 77.1023 017004000010040002 673333.0 020004002038040026
3 673333.0 020004002038040026 620586.965 020004000038040026
3 620586.965 020004000038040026 77.1023 017004000010040002
3 77.1023 017004000010040002 18580.912 017004002033040002
3 18580.912 017004002033040002 1607133.6666666667 017004001033040002
3 1607133.6666666667 017004001033040002 77.1023 017004000010040002
3 77.1023 017004000010040002 2106470.0 016004002029007026
3 2106470.0 016004002029007026 889168.0 016004002029007040
3 889168.0 016004002029007040 77.1023 017004000010040002
3 77.1023 017004000010040002 1061200.0 017004000040040026
3 1061200.0 017004000040040026 341660.0 017000000040040026
3 341660.0 017000000040040026 77.1023 017004000010040002
3 77.1023 017004000010040002 1438120.0 020002000047040002
3 1438120.0 020002000047040002 1438120.0 020002000047040002
3 1438120.0 020002000047040002 77.1023 017004000010040002
3 77.1023 017004000010040002 1888600.0 020002000033036016
3 1888600.0 020002000033036016 1525910.0 010002000033036016
3 1525910.0 010002000033036016 77.1023 017004000010040002
3 77.1023 017004000010040002 11970.635 010004002033026002
3 11970.635 010004002033026002 11970.635 010004002033026002
3 11970.635 010004002033026002 77.1023 017004000010040002
3 77.1023 017004000010040002 310180.0 017004000040036002
3 310180.0 017004000040036002 286668.0 004004000040036002
3 286668.0 004004000040036002 77.1023 017004000010040002
3 77.1023 017004000010040002 2968390.0 020004000033040028
3 2968390.0 020004000033040028 2912970.0 020004000033004028
3 2912970.0 020004000033004028 77.1023 017004000010040002
3 77.1023 017004000010040002 1841720.0 020004000040036026
3 1841720.0 020004000040036026 9955.39 020004000040036027
3 9955.39 020004000040036027 77.1023 017004000010040002
3 77.1023 017004000010040002 425028.5 020004000040040002
3 425028.5 020004000040040002 11414.9 020004000024040002
3 11414.9 020004000024040002 77.1023 017004000010040002
3 77.1023 017004000010040002 11586.37505 020004001038037016
3 11586.37505 020004001038037016 11586.37505 020004001038037016
3 11586.37505 020004001038037016 77.1023 017004000010040002
3 77.1023 017004000010040002 33822.65 020004002010007002
3 33822.65 020004002010007002 33822.65 020004002010007002
3 33822.65 020004002010007002 11586.37505 020004001038037016
3 11586.37505 020004001038037016 2635640.0 020005001033026016
3 2635640.0 020005001033026016 2057980.0 020005001033026036
3 2057980.0 020005001033026036 11586.37505 020004001038037016
3 11586.37505 020004001038037016 1347710.0 010004000033040016
3 1347710.0 010004000033040016 12646.8 010005000033040016
3 12646.8 010005000033040016 11586.37505 020004001038037016
3 11586.37505 020004001038037016 15095.8 020004002033040026
3 15095.8 020004002033040026 12275.4 020004002033040036
3 12275.4 020004002033040036 11586.37505 020004001038037016
3 11586.37505 020004001038037016 2491520.0 020002001047037002
3 2491520.0 020002001047037002 149286.0 020002001047037006
3 149286.0 020002001047037006 11586.37505 020004001038037016
3 11586.37505 020004001038037016 676219.0 017004002029040002
3 676219.0 017004002029040002 154341.0 017004002014040002
3 154341.0 017004002014040002 11586.37505 020004001038037016
3 11586.37505 020004001038037016 500340.73 020004001033037016
3 500340.73 020004001033037016 500340.73 020004001033037016
3 500340.73 020004001033037016 11586.37505 020004001038037016
3 11586.37505 020004001038037016 3395000.0 017002001033040045
3 3395000.0 017002001033040045 1009690.0 017002001033047045
3 1009690.0 017002001033047045 11586.37505 020004001038037016
3 11586.37505 020004001038037016 488229.0 016004001047040002
3 488229.0 016004001047040002 22210.6 089004001047040002
3 22210.6 089004001047040002 11586.37505 020004001038037016
3 11586.37505 020004001038037016 458762.0 017004000033040002
3 458762.0 017004000033040002 15026.6 017004000033019002
3 15026.6 017004000033019002 11586.37505 020004001038037016
3 11586.37505 020004001038037016 2064780.0 020002001033040026
3 2064780.0 020002001033040026 4644.44 029002001033040026
3 4644.44 029002001033040026 11586.37505 020004001038037016
3 11586.37505 020004001038037016 173620.0 029004002047040026
3 173620.0 029004002047040026 2035.37 029004001047040026
3 2035.37 029004001047040026 11586.37505 020004001038037016
3 11586.37505 020004001038037016 143386.0 020004002014040002
3 143386.0 020004002014040002 29208.0 064004002014040002
3 29208.0 064004002014040002 11586.37505 020004001038037016
3 11586.37505 020004001038037016 320942.0 020004002038033002
3 320942.0 020004002038033002 8059.23 020004002038033011
3 8059.23 020004002038033011 11586.37505 020004001038037016
3 11586.37505 020004001038037016 620586.965 020004000038040026
3 620586.965 020004000038040026 946465.0 020004000038002026
3 946465.0 020004000038002026 11586.37505 020004001038037016
3 11586.37505 020004001038037016 2030220.0 017005001033040002
3 2030220.0 017005001033040002 41688.9 067005001033040002
3 41688.9 067005001033040002 11586.37505 020004001038037016
3 11586.37505 020004001038037016 3263010.0 017004002033026028
3 3263010.0 017004002033026028 214915.0 017004001033026028
3 214915.0 017004001033026028 11586.37505 020004001038037016
3 11586.37505 020004001038037016 175158.0 017002000040040002
3 175158.0 017002000040040002 12620.1 025002000040040002
3 12620.1 025002000040040002 11586.37505 020004001038037016
3 11586.37505 020004001038037016 52051.0 017004001029033002
3 52051.0 017004001029033002 25554.2 017004001029027002
3 25554.2 017004001029027002 11586.37505 020004001038037016
3 11586.37505 020004001038037016 5131810.0 029004001033040002
3 5131810.0 029004001033040002 29259.2 029004000033040002
3 29259.2 029004000033040002 11586.37505 020004001038037016
3 11586.37505 020004001038037016 4290.37 020004000010037016
3 4290.37 020004000010037016 11586.37505 020004001038037016
3 11586.37505 020004001038037016 77.1023 017004000010040002
3 77.1023 017004000010040002 6840.41 010004000047040016
3 6840.41 010004000047040016 86.4136 010004001047040016
3 86.4136 010004001047040016 11586.37505 020004001038037016
3 11586.37505 020004001038037016 16193.0 017004001029026002
3 16193.0 017004001029026002 11586.37505 020004001038037016
3 11586.37505 020004001038037016 77.1023 017004000010040002
3 77.1023 017004000010040002 748524.1001333334 020004001047040002
3 748524.1001333334 020004001047040002 89.0978 020004001047016002
3 89.0978 020004001047016002 11586.37505 020004001038037016
3 11586.37505 020004001038037016 748524.1001333334 020004001047040002
3 748524.1001333334 020004001047040002 2580818.4244 020004001034040002
3 2580818.4244 020004001034040002 11586.37505 020004001038037016
3 11586.37505 020004001038037016 26453.7 010005001040037002
3 26453.7 010005001040037002 11664.8 096005001040037002
3 11664.8 096005001040037002 2580818.4244 020004001034040002
3 2580818.4244 020004001034040002 429.907 010004001029040028
3 429.907 010004001029040028 52.4548 057004001029040028
3 52.4548 057004001029040028 2580818.4244 020004001034040002
3 2580818.4244 020004001034040002 2118710.0 020004001029040002
3 2118710.0 020004001029040002 148733.0 020004001046040002
3 148733.0 020004001046040002 2580818.4244 020004001034040002
3 2580818.4244 020004001034040002 2574410.0 017004001029036026
3 2574410.0 017004001029036026 26375.6 043004001029036026
3 26375.6 043004001029036026 2580818.4244 020004001034040002
3 2580818.4244 020004001034040002 5318580.0 020004002033007026
3 5318580.0 020004002033007026 601305.0 020000002033007026
3 601305.0 020000002033007026 2580818.4244 020004001034040002
3 2580818.4244 020004001034040002 488304.0 016004002033007028
3 488304.0 016004002033007028 14846.9 092004002033007028
3 14846.9 092004002033007028 2580818.4244 020004001034040002
3 2580818.4244 020004001034040002 885549.2713 017004001047040026
3 885549.2713 017004001047040026 2580818.4244 020004001034040002
3 2580818.4244 020004001034040002 52.4548 057004001029040028
3 52.4548 057004001029040028 20621.1 020004001047037002
3 20621.1 020004001047037002 16217.2 020004001047037011
3 16217.2 020004001047037011 2580818.4244 020004001034040002
3 2580818.4244 020004001034040002 19091.2 029004001033040016
3 19091.2 029004001033040016 13977.8 083004001033040016
3 13977.8 083004001033040016 2580818.4244 020004001034040002
3 2580818.4244 020004001034040002 148870.14366666667 017004001029040002
3 148870.14366666667 017004001029040002 13893.1 005004001029040002
3 13893.1 005004001029040002 2580818.4244 020004001034040002
3 2580818.4244 020004001034040002 11838.5 020004000047036026
3 11838.5 020004000047036026 4076.8 020004000047031026
3 4076.8 020004000047031026 2580818.4244 020004001034040002
3 2580818.4244 020004001034040002 1678790.0 010004000029037026
3 1678790.0 010004000029037026 7919.47 010004000029023026
3 7919.47 010004000029023026 2580818.4244 020004001034040002
3 2580818.4244 020004001034040002 882.195 010004001047040045
3 882.195 010004001047040045 100.215 008004001047040045
3 100.215 008004001047040045 2580818.4244 020004001034040002
3 2580818.4244 020004001034040002 166185.0 016005001047037002
3 166185.0 016005001047037002 1178.05 016005001047037040
3 1178.05 016005001047037040 2580818.4244 020004001034040002
3 2580818.4244 020004001034040002 203616.0 020005002047040002
3 203616.0 020005002047040002 14197.1 020006002047040002
3 14197.1 020006002047040002 2580818.4244 020004001034040002
3 2580818.4244 020004001034040002 14150.2 010004001047037028
3 14150.2 010004001047037028 1084.13 010004001047037029
3 1084.13 010004001047037029 2580818.4244 020004001034040002
3 2580818.4244 020004001034040002 1032400.0 016004001047037026
3 1032400.0 016004001047037026 82.357 089004001047037026
3 82.357 089004001047037026 2580818.4244 020004001034040002
3 2580818.4244 020004001034040002 68910.265 017004001038040016
3 68910.265 017004001038040016 85.1635 017004002038040016
3 85.1635 017004002038040016 2580818.4244 020004001034040002
3 2580818.4244 020004001034040002 3665.55 010004001038040045
3 3665.55 010004001038040045 14.2867 010004001038045045
3 14.2867 010004001038045045 2580818.4244 020004001034040002
3 2580818.4244 020004001034040002 8087.95 020004000029040028
3 8087.95 020004000029040028 480.482 079004000029040028
3 480.482 079004000029040028 14.2867 010004001038045045
3 14.2867 010004001038045045 29736.7 020004001029040028
3 29736.7 020004001029040028 85.8952 020004001029039028
3 85.8952 020004001029039028 14.2867 010004001038045045
3 14.2867 010004001038045045 2806450.0 017005001014037026
3 2806450.0 017005001014037026 2096760.0 017005001039037026
3 2096760.0 017005001039037026 14.2867 010004001038045045
3 14.2867 010004001038045045 1486150.0 057004001034040045
3 1486150.0 057004001034040045 1105640.0 057004001034040026
3 1105640.0 057004001034040026 14.2867 010004001038045045
3 14.2867 010004001038045045 91818200.0 057004001038040016
3 91818200.0 057004001038040016 830863.0 012004001038040016
3 830863.0 012004001038040016 14.2867 010004001038045045
3 14.2867 010004001038045045 1090740.0 010004002047037028
3 1090740.0 010004002047037028 25191.6 010003002047037028
3 25191.6 010003002047037028 14.2867 010004001038045045
3 14.2867 010004001038045045 4336.8533333333335 020004001047040028
3 4336.8533333333335 020004001047040028 54.1174 020004001047030028
3 54.1174 020004001047030028 14.2867 010004001038045045
3 14.2867 010004001038045045 268.229 017004000047037045
3 268.229 017004000047037045 121.343 017004000047037044
3 121.343 017004000047037044 14.2867 010004001038045045
3 14.2867 010004001038045045 7565.68 020004000047040026
3 7565.68 020004000047040026 4830.75 020004000003040026
3 4830.75 020004000003040026 14.2867 010004001038045045
3 14.2867 010004001038045045 748524.1001333334 020004001047040002
3 748524.1001333334 020004001047040002 37.9046 020004000047040002
3 37.9046 020004000047040002 14.2867 010004001038045045
3 14.2867 010004001038045045 555310.0 017004000033030002
3 555310.0 017004000033030002 43.3606 017004000033030020
3 43.3606 017004000033030020 14.2867 010004001038045045
3 14.2867 010004001038045045 55270.5 017004001033037016
3 55270.5 017004001033037016 3371.79 017001001033037016
3 3371.79 017001001033037016 14.2867 010004001038045045
3 14.2867 010004001038045045 2014680.0 020004002047040045
3 2014680.0 020004002047040045 12288.9 020004002047040041
3 12288.9 020004002047040041 14.2867 010004001038045045
3 14.2867 010004001038045045 13407.8 008004000047040028
3 13407.8 008004000047040028 5298.45 075004000047040028
3 5298.45 075004000047040028 14.2867 010004001038045045
3 14.2867 010004001038045045 19496.6 020004000047037002
3 19496.6 020004000047037002 13576.7 079004000047037002
3 13576.7 079004000047037002 14.2867 010004001038045045
3 14.2867 010004001038045045 5.16582 008004001033040002
3 5.16582 008004001033040002 14.2867 010004001038045045
3 14.2867 010004001038045045 2580818.4244 020004001034040002
3 2580818.4244 020004001034040002 2611060.0 017004001034037020
3 2611060.0 017004001034037020 374954.0 017004001034036020
3 374954.0 017004001034036020 5.16582 008004001033040002
3 5.16582 008004001033040002 6844.41 020004001047045026
3 6844.41 020004001047045026 44.6371 020004001009045026
3 44.6371 020004001009045026 5.16582 008004001033040002
3 5.16582 008004001033040002 500340.73 020004001033037016
3 500340.73 020004001033037016 13987.9 020004001033031016
3 13987.9 020004001033031016 5.16582 008004001033040002
3 5.16582 008004001033040002 30862.7 017004001033040026
3 30862.7 017004001033040026 3293.06 017004001033040021
3 3293.06 017004001033040021 5.16582 008004001033040002
3 5.16582 008004001033040002 438022.0 020004001029045016
3 438022.0 020004001029045016 5.16582 008004001033040002
3 5.16582 008004001033040002 14.2867 010004001038045045
3 14.2867 010004001038045045 2243270.0 020004002038030016
3 2243270.0 020004002038030016 19526.3 015004002038030016
3 19526.3 015004002038030016 5.16582 008004001033040002
3 5.16582 008004001033040002 31918.9 020004002033040002
3 31918.9 020004002033040002 4058.6 020004002006040002
3 4058.6 020004002006040002 5.16582 008004001033040002
3 5.16582 008004001033040002 4336.8533333333335 020004001047040028
3 4336.8533333333335 020004001047040028 5.16582 008004001033040002
3 5.16582 008004001033040002 14.2867 010004001038045045
3 14.2867 010004001038045045 748524.1001333334 020004001047040002
3 748524.1001333334 020004001047040002 19792.3 020004001047008002
3 19792.3 020004001047008002 5.16582 008004001033040002
3 5.16582 008004001033040002 2260610.0 017004001047008028
3 2260610.0 017004001047008028 902268.0 017004001030008028
3 902268.0 017004001030008028 5.16582 008004001033040002
3 5.16582 008004001033040002 1500500.0 017004001029045016
3 1500500.0 017004001029045016 883168.0 017004001039045016
3 883168.0 017004001039045016 5.16582 008004001033040002
3 5.16582 008004001033040002 3026840.0 017004001029040020
3 3026840.0 017004001029040020 1628440.0 017004001029030020
3 1628440.0 017004001029030020 5.16582 008004001033040002
3 5.16582 008004001033040002 10133.7 020004001038016028
3 10133.7 020004001038016028 59.8236 020004001038016026
3 59.8236 020004001038016026 5.16582 008004001033040002
3 5.16582 008004001033040002 1607133.6666666667 017004001033040002
3 1607133.6666666667 017004001033040002 993795.5 017004001033040007
3 993795.5 017004001033040007 5.16582 008004001033040002
3 5.16582 008004001033040002 621528.0 017004000033040028
3 621528.0 017004000033040028 197278.0 017000000033040028
3 197278.0 017000000033040028 5.16582 008004001033040002
3 5.16582 008004001033040002 23411.7 017004002038040002
3 23411.7 017004002038040002 1892.88 017003002038040002
3 1892.88 017003002038040002 5.16582 008004001033040002
3 5.16582 008004001033040002 834643.0 020004001038040028
3 834643.0 020004001038040028 7323.04 094004001038040028
3 7323.04 094004001038040028 5.16582 008004001033040002
3 5.16582 008004001033040002 1021613566.6666666 089004001038040016
3 1021613566.6666666 089004001038040016 1021613566.6666666 089004001038040016
3 1021613566.6666666 089004001038040016 5.16582 008004001033040002
3 5.16582 008004001033040002 241136.97933333332 017004001047040002
3 241136.97933333332 017004001047040002 5159.38 017004001014040002
3 5159.38 017004001014040002 5.16582 008004001033040002
3 5.16582 008004001033040002 425861.0 008004001047040002
3 425861.0 008004001047040002 41171.7 008004001047028002
3 41171.7 008004001047028002 5.16582 008004001033040002
3 5.16582 008004001033040002 774227.0 020004002047040026
3 774227.0 020004002047040026 84.7184 020004002047048026
3 84.7184 020004002047048026 5.16582 008004001033040002
3 5.16582 008004001033040002 2226470.0 017004001038016016
3 2226470.0 017004001038016016 68910.265 017004001038040016
3 68910.265 017004001038040016 5.16582 008004001033040002
3 5.16582 008004001033040002 6122550000.0 089004001034040016
3 6122550000.0 089004001034040016 14586.5 089004001039040016
3 14586.5 089004001039040016 5.16582 008004001033040002
3 5.16582 008004001033040002 411971.91 020004001047040016
3 411971.91 020004001047040016 411971.91 020004001047040016
3 411971.91 020004001047040016 5.16582 008004001033040002
3 5.16582 008004001033040002 41.0078 020004001033040045
3 41.0078 020004001033040045 5.16582 008004001033040002
3 5.16582 008004001033040002 14.2867 010004001038045045
3 14.2867 010004001038045045 593256.0 008004001038040028
3 593256.0 008004001038040028 13623.2 008004001002040028
3 13623.2 008004001002040028 5.16582 008004001033040002
3 5.16582 008004001033040002 22341000.0 057004001038040002
3 22341000.0 057004001038040002 21847.6 057002001038040002
3 21847.6 057002001038040002 5.16582 008004001033040002
3 5.16582 008004001033040002 16139.6 008004001047040020
3 16139.6 008004001047040020 842.982 008004001047039020
3 842.982 008004001047039020 5.16582 008004001033040002
3 5.16582 008004001033040002 759629.0 017004001009040016
3 759629.0 017004001009040016 155398.0 017004002009040016
3 155398.0 017004002009040016 5.16582 008004001033040002
3 5.16582 008004001033040002 5790.1 057004002047040028
3 5790.1 057004002047040028 5790.1 057004002047040028
3 5790.1 057004002047040028 5.16582 008004001033040002
3 5.16582 008004001033040002 6996.83 020004000038048045
3 6996.83 020004000038048045 746.031 020004001038048045
3 746.031 020004001038048045 5.16582 008004001033040002
3 5.16582 008004001033040002 969.465 017004001038045045
3 969.465 017004001038045045 52.3699 017004001027045045
3 52.3699 017004001027045045 5.16582 008004001033040002
3 5.16582 008004001033040002 6686540.0 089004001038040026
3 6686540.0 089004001038040026 258654.0 087004001038040026
3 258654.0 087004001038040026 5.16582 008004001033040002
3 5.16582 008004001033040002 2289.22 017004001027040026
3 2289.22 017004001027040026 87.0521 017004001008040026
3 87.0521 017004001008040026 5.16582 008004001033040002
3 5.16582 008004001033040002 9771.34 020004001038030002
3 9771.34 020004001038030002 7000.88 020004001038030036
3 7000.88 020004001038030036 5.16582 008004001033040002
3 5.16582 008004001033040002 161438.625 020004001038030026
3 161438.625 020004001038030026 69.9016 020004001038030044
3 69.9016 020004001038030044 5.16582 008004001033040002
3 5.16582 008004001033040002 1021613566.6666666 089004001038040016
3 1021613566.6666666 089004001038040016 22924.7 089004001038040010
3 22924.7 089004001038040010 5.16582 008004001033040002
3 5.16582 008004001033040002 3579310.0 057004001038037045
3 3579310.0 057004001038037045 3579310.0 057004001038037045
3 3579310.0 057004001038037045 5.16582 008004001033040002
3 5.16582 008004001033040002 3660490.0 020004001029045002
3 3660490.0 020004001029045002 426934.0 020004001029045036
3 426934.0 020004001029045036 5.16582 008004001033040002
3 5.16582 008004001033040002 5631600.0 020004002010016016
3 5631600.0 020004002010016016 5343.41 020004002020016016
3 5343.41 020004002020016016 5.16582 008004001033040002
3 5.16582 008004001033040002 389786.0 057004001047045028
3 389786.0 057004001047045028 10187.9 057004001047045002
3 10187.9 057004001047045002 5.16582 008004001033040002
3 5.16582 008004001033040002 4570.63 017004002047045020
3 4570.63 017004002047045020 5.16582 008004001033040002
3 5.16582 008004001033040002 14.2867 010004001038045045
3 14.2867 010004001038045045 1936150.0 020004001038040045
3 1936150.0 020004001038040045 849587.0 020004001038045045
3 849587.0 020004001038045045 5.16582 008004001033040002
3 5.16582 008004001033040002 748524.1001333334 020004001047040002
3 748524.1001333334 020004001047040002 5.16582 008004001033040002
3 5.16582 008004001033040002 14.2867 010004001038045045
3 14.2867 010004001038045045 302007.5 020004001010040026
3 302007.5 020004001010040026 302007.5 020004001010040026
3 302007.5 020004001010040026 5.16582 008004001033040002
3 5.16582 008004001033040002 885549.2713 017004001047040026
3 885549.2713 017004001047040026 1304310.0 017005001047040026
3 1304310.0 017005001047040026 5.16582 008004001033040002
3 5.16582 008004001033040002 3220270.0 020004000027040044
3 3220270.0 020004000027040044 139.207 003004000027040044
3 139.207 003004000027040044 5.16582 008004001033040002
3 5.16582 008004001033040002 851091.0 020004001047030045
3 851091.0 020004001047030045 3769.1 090004001047030045
3 3769.1 090004001047030045 5.16582 008004001033040002
3 5.16582 008004001033040002 10191.0 020004001027030026
3 10191.0 020004001027030026 6469.52 074004001027030026
3 6469.52 074004001027030026 5.16582 008004001033040002
3 5.16582 008004001033040002 1172400.0 057004001029040026
3 1172400.0 057004001029040026 235.004 057004001029040041
3 235.004 057004001029040041 5.16582 008004001033040002
3 5.16582 008004001033040002 2393190.0 057004001047040041
3 2393190.0 057004001047040041 2377630.0 057004001047040020
3 2377630.0 057004001047040020 5.16582 008004001033040002
3 5.16582 008004001033040002 760338.58 017004001033040045
3 760338.58 017004001033040045 6221.74 009004001033040045
3 6221.74 009004001033040045 5.16582 008004001033040002
3 5.16582 008004001033040002 1057330000.0 089004001038037020
3 1057330000.0 089004001038037020 163390000.0 089004001038037000
3 163390000.0 089004001038037000 5.16582 008004001033040002
3 5.16582 008004001033040002 7249560.0 020004000027040045
3 7249560.0 020004000027040045 1363.65 020004000027026045
3 1363.65 020004000027026045 5.16582 008004001033040002
3 5.16582 008004001033040002 14.5191 010004001033048045
3 14.5191 010004001033048045 5.16582 008004001033040002
3 5.16582 008004001033040002 14.2867 010004001038045045
3 14.2867 010004001038045045 748524.1001333334 020004001047040002
3 748524.1001333334 020004001047040002 124515.0 020006001047040002
3 124515.0 020006001047040002 5.16582 008004001033040002
3 5.16582 008004001033040002 1311901.2628666668 017004001047040045
3 1311901.2628666668 017004001047040045 1311901.2628666668 017004001047040045
3 1311901.2628666668 017004001047040045 5.16582 008004001033040002
3 5.16582 008004001033040002 304013.0 057004000033040020
3 304013.0 057004000033040020 25322.7 057004000033040021
3 25322.7 057004000033040021 5.16582 008004001033040002
3 5.16582 008004001033040002 17603.0 017004001047030026
3 17603.0 017004001047030026 6914.41 017004001047001026
3 6914.41 017004001047001026 5.16582 008004001033040002
3 5.16582 008004001033040002 148870.14366666667 017004001029040002
3 148870.14366666667 017004001029040002 148870.14366666667 017004001029040002
3 148870.14366666667 017004001029040002 5.16582 008004001033040002
3 5.16582 008004001033040002 526960.5 020004001033030028
3 526960.5 020004001033030028 526960.5 020004001033030028
3 526960.5 020004001033030028 5.16582 008004001033040002
3 5.16582 008004001033040002 500726.0 020004001034030028
3 500726.0 020004001034030028 314789.0 020002001034030028
3 314789.0 020002001034030028 5.16582 008004001033040002
3 5.16582 008004001033040002 4336.8533333333335 020004001047040028
3 4336.8533333333335 020004001047040028 6725.43 020004001047013028
3 6725.43 020004001047013028 5.16582 008004001033040002
3 5.16582 008004001033040002 760338.58 017004001033040045
3 760338.58 017004001033040045 4433.99 017004001030040045
3 4433.99 017004001030040045 5.16582 008004001033040002
3 5.16582 008004001033040002 564213.0 020004001027040028
3 564213.0 020004001027040028 300845.0 020004001027013028
3 300845.0 020004001027013028 5.16582 008004001033040002
3 5.16582 008004001033040002 6525.21 017004001027037026
3 6525.21 017004001027037026 14.2134 017004001027023026
3 14.2134 017004001027023026 5.16582 008004001033040002
3 5.16582 008004001033040002 1007870.0 017004001010030026
3 1007870.0 017004001010030026 24674.5 083004001010030026
3 24674.5 083004001010030026 5.16582 008004001033040002
3 5.16582 008004001033040002 7086900.0 083004000034030026
3 7086900.0 083004000034030026 354294.0 083004000034048026
3 354294.0 083004000034048026 5.16582 008004001033040002
3 5.16582 008004001033040002 790971.0 020004001038016002
3 790971.0 020004001038016002 11718.1 030004001038016002
3 11718.1 030004001038016002 5.16582 008004001033040002
3 5.16582 008004001033040002 337635.75 057004000047030002
3 337635.75 057004000047030002 337635.75 057004000047030002
3 337635.75 057004000047030002 5.16582 008004001033040002
3 5.16582 008004001033040002 2806430.0 057004000033030020
3 2806430.0 057004000033030020 424252.0 014004000033030020
3 424252.0 014004000033030020 5.16582 008004001033040002
3 5.16582 008004001033040002 15959.9 014004001047040028
3 15959.9 014004001047040028 2703.01 014002001047040028
3 2703.01 014002001047040028 5.16582 008004001033040002
3 5.16582 008004001033040002 7053.6 020004000033023026
3 7053.6 020004000033023026 1431.22 072004000033023026
3 1431.22 072004000033023026 5.16582 008004001033040002
3 5.16582 008004001033040002 1168470.0 020004001038023002
3 1168470.0 020004001038023002 1002380.0 020004002038023002
3 1002380.0 020004002038023002 5.16582 008004001033040002
3 5.16582 008004001033040002 2580818.4244 020004001034040002
3 2580818.4244 020004001034040002 35269.6 067004001034040002
3 35269.6 067004001034040002 5.16582 008004001033040002
3 5.16582 008004001033040002 2081120.0 020004001027040002
3 2081120.0 020004001027040002 479550.0 020004001027040015
3 479550.0 020004001027040015 5.16582 008004001033040002
3 5.16582 008004001033040002 8106.56 057004000033040026
3 8106.56 057004000033040026 614.891 057004000033015026
3 614.891 057004000033015026 5.16582 008004001033040002
3 5.16582 008004001033040002 1311901.2628666668 017004001047040045
3 1311901.2628666668 017004001047040045 34.0834 017004001047041045
3 34.0834 017004001047041045 5.16582 008004001033040002
3 5.16582 008004001033040002 12904.4 020004001047048026
3 12904.4 020004001047048026 9761.59 020004001009048026
3 9761.59 020004001009048026 5.16582 008004001033040002
3 5.16582 008004001033040002 1486509.1666666667 020004001009040045
3 1486509.1666666667 020004001009040045 2172.04 020004001039040045
3 2172.04 020004001039040045 5.16582 008004001033040002
3 5.16582 008004001033040002 760338.58 017004001033040045
3 760338.58 017004001033040045 11149.2 017004001033040016
3 11149.2 017004001033040016 5.16582 008004001033040002
3 5.16582 008004001033040002 1469100.0 020004001034040028
3 1469100.0 020004001034040028 174642.0 020004001034040032
3 174642.0 020004001034040032 5.16582 008004001033040002
3 5.16582 008004001033040002 161438.625 020004001038030026
3 161438.625 020004001038030026 20971.2 020003001038030026
3 20971.2 020003001038030026 5.16582 008004001033040002
3 5.16582 008004001033040002 241136.97933333332 017004001047040002
3 241136.97933333332 017004001047040002 72414.11005 017004002047040002
3 72414.11005 017004002047040002 5.16582 008004001033040002
3 5.16582 008004001033040002 13843.9 017004001047037016
3 13843.9 017004001047037016 4446.71 082004001047037016
3 4446.71 082004001047037016 5.16582 008004001033040002
3 5.16582 008004001033040002 616191.0 020004001038040026
3 616191.0 020004001038040026 188757.0 020001001038040026
3 188757.0 020001001038040026 5.16582 008004001033040002
3 5.16582 008004001033040002 1403620.0 017004001038040020
3 1403620.0 017004001038040020 12746.1 017004001038040026
3 12746.1 017004001038040026 5.16582 008004001033040002
3 5.16582 008004001033040002 538449.0 008004001027040002
3 538449.0 008004001027040002 2184.6 008004001027040003
3 2184.6 008004001027040003 5.16582 008004001033040002
3 5.16582 008004001033040002 302406.0 017004001009045026
3 302406.0 017004001009045026 10221.0 017004001009045017
3 10221.0 017004001009045017 5.16582 008004001033040002
3 5.16582 008004001033040002 201653.0 020004001033030020
3 201653.0 020004001033030020 44.3417 020004001033030019
3 44.3417 020004001033030019 5.16582 008004001033040002
3 5.16582 008004001033040002 241136.97933333332 017004001047040002
3 241136.97933333332 017004001047040002 8995.13 071004001047040002
3 8995.13 071004001047040002 5.16582 008004001033040002
3 5.16582 008004001033040002 148087.0 020004001047048002
3 148087.0 020004001047048002 132494.0 020005001047048002
3 132494.0 020005001047048002 5.16582 008004001033040002
3 5.16582 008004001033040002 1669380.0 017004001027040045
3 1669380.0 017004001027040045 1335360.0 017004001027040036
3 1335360.0 017004001027040036 5.16582 008004001033040002
3 5.16582 008004001033040002 241136.97933333332 017004001047040002
3 241136.97933333332 017004001047040002 241136.97933333332 017004001047040002
3 241136.97933333332 017004001047040002 5.16582 008004001033040002
3 5.16582 008004001033040002 3952320.0 020004001033030002
3 3952320.0 020004001033030002 18731.6 020005001033030002
3 18731.6 020005001033030002 5.16582 008004001033040002
3 5.16582 008004001033040002 2364010.0 020004001047030002
3 2364010.0 020004001047030002 26520.9 052004001047030002
3 26520.9 052004001047030002 5.16582 008004001033040002
3 5.16582 008004001033040002 760338.58 017004001033040045
3 760338.58 017004001033040045 4559.22 017004001033046045
3 4559.22 017004001033046045 5.16582 008004001033040002
3 5.16582 008004001033040002 281882.3 020004001033040026
3 281882.3 020004001033040026 2637.72 020000001033040026
3 2637.72 020000001033040026 5.16582 008004001033040002
3 5.16582 008004001033040002 41.3834 010000001038016045
3 41.3834 010000001038016045 5.16582 008004001033040002
3 5.16582 008004001033040002 14.2134 017004001027023026
3 14.2134 017004001027023026 1697770.0 017004001047040028
3 1697770.0 017004001047040028 1210960.0 017004001023040028
3 1210960.0 017004001023040028 5.16582 008004001033040002
3 5.16582 008004001033040002 157459.0 020004001033040002
3 157459.0 020004001033040002 11026.3 020004001004040002
3 11026.3 020004001004040002 5.16582 008004001033040002
3 5.16582 008004001033040002 3317710.0 020004001034045045
3 3317710.0 020004001034045045 7536.18 020004001034045041
3 7536.18 020004001034045041 5.16582 008004001033040002
3 5.16582 008004001033040002 420852.0 017004000034045026
3 420852.0 017004000034045026 4360.69 017004000043045026
3 4360.69 017004000043045026 5.16582 008004001033040002
3 5.16582 008004001033040002 315194.0 010004001027040002
3 315194.0 010004001027040002 9176.11 010001001027040002
3 9176.11 010001001027040002 5.16582 008004001033040002
3 5.16582 008004001033040002 933676.0 010004001027040028
3 933676.0 010004001027040028 177947.0 010004001027041028
3 177947.0 010004001027041028 5.16582 008004001033040002
3 5.16582 008004001033040002 303535.0 017004001033040028
3 303535.0 017004001033040028 10682.9 017004001021040028
3 10682.9 017004001021040028 5.16582 008004001033040002
3 5.16582 008004001033040002 1486509.1666666667 020004001009040045
3 1486509.1666666667 020004001009040045 5.16582 008004001033040002
3 5.16582 008004001033040002 14.2134 017004001027023026
3 14.2134 017004001027023026 760338.58 017004001033040045
3 760338.58 017004001033040045 993795.5 017004001033040007
3 993795.5 017004001033040007 5.16582 008004001033040002
3 5.16582 008004001033040002 2031130.0 057004001047023045
3 2031130.0 057004001047023045 24396.9 057004001002023045
3 24396.9 057004001002023045 5.16582 008004001033040002
3 5.16582 008004001033040002 2331190.0 010000000047048045
3 2331190.0 010000000047048045 1073930.0 010000002047048045
3 1073930.0 010000002047048045 5.16582 008004001033040002
3 5.16582 008004001033040002 34366300.0 057004001033040002
3 34366300.0 057004001033040002 29595000.0 080004001033040002
3 29595000.0 080004001033040002 5.16582 008004001033040002
3 5.16582 008004001033040002 1476490.0 017004001033045045
3 1476490.0 017004001033045045 1329300.0 017004001033038045
3 1329300.0 017004001033038045 5.16582 008004001033040002
3 5.16582 008004001033040002 80.167 017000001027040002
3 80.167 017000001027040002 5.16582 008004001033040002
3 5.16582 008004001033040002 14.2134 017004001027023026
3 14.2134 017004001027023026 27524.4 010004001033040002
3 27524.4 010004001033040002 2798.33 010004001016040002
3 2798.33 010004001016040002 5.16582 008004001033040002
3 5.16582 008004001033040002 241136.97933333332 017004001047040002
3 241136.97933333332 017004001047040002 5.16582 008004001033040002
3 5.16582 008004001033040002 14.2134 017004001027023026
3 14.2134 017004001027023026 281882.3 020004001033040026
3 281882.3 020004001033040026 5.16582 008004001033040002
3 5.16582 008004001033040002 14.2134 017004001027023026
3 14.2134 017004001027023026 18.892850000000003 020004001047040045
3 18.892850000000003 020004001047040045 18.892850000000003 020004001047040045
3 18.892850000000003 020004001047040045 5.16582 008004001033040002
3 5.16582 008004001033040002 691.6501499999999 020004001047023045
3 691.6501499999999 020004001047023045 691.6501499999999 020004001047023045
3 691.6501499999999 020004001047023045 5.16582 008004001033040002
3 5.16582 008004001033040002 16509.2 017004001047030002
3 16509.2 017004001047030002 11847.1 017004001047000002
3 11847.1 017004001047000002 5.16582 008004001033040002
3 5.16582 008004001033040002 456982.0 020004001047040019
3 456982.0 020004001047040019 17123.4 020000001047040019
3 17123.4 020000001047040019 5.16582 008004001033040002
3 5.16582 008004001033040002 600033.0 020004001038040002
3 600033.0 020004001038040002 22613.7 047004001038040002
3 22613.7 047004001038040002 5.16582 008004001033040002
3 5.16582 008004001033040002 1486509.1666666667 020004001009040045
3 1486509.1666666667 020004001009040045 12995.0 020004001009007045
3 12995.0 020004001009007045 5.16582 008004001033040002
3 5.16582 008004001033040002 760338.58 017004001033040045
3 760338.58 017004001033040045 7.80655 017004001033040034
3 7.80655 017004001033040034 5.16582 008004001033040002
3 5.16582 008004001033040002 702282.0 017004001009040026
3 702282.0 017004001009040026 374826.0 017004001003040026
3 374826.0 017004001003040026 5.16582 008004001033040002
3 5.16582 008004001033040002 3146.09 017004001047040019
3 3146.09 017004001047040019 249.624 031004001047040019
3 249.624 031004001047040019 5.16582 008004001033040002
3 5.16582 008004001033040002 1273010.0 017004001047045002
3 1273010.0 017004001047045002 144534.0 017004001028045002
3 144534.0 017004001028045002 5.16582 008004001033040002
3 5.16582 008004001033040002 1025580.0 008004001033041045
3 1025580.0 008004001033041045 18.3029 008004002033041045
3 18.3029 008004002033041045 5.16582 008004001033040002
3 5.16582 008004001033040002 1725540.0 008004001009040045
3 1725540.0 008004001009040045 536070.0 008004001032040045
3 536070.0 008004001032040045 5.16582 008004001033040002
4 5.16582 008004001033040002 15483.8 011000001002031028
4 15483.8 011000001002031028 6216.63 092000001002031028
4 6216.63 092000001002031028 61.994 061004001002038032
4 61.994 061004001002038032 16201.3 011000001019031036
4 16201.3 011000001019031036 73.458 011000001045031036
4 73.458 011000001045031036 61.994 061004001002038032
4 61.994 061004001002038032 44505600.0 092001002019050000
4 44505600.0 092001002019050000 316.666 092001000019050000
4 316.666 092001000019050000 61.994 061004001002038032
4 61.994 061004001002038032 555861.0 011000001002050006
4 555861.0 011000001002050006 140876.0 011000001040050006
4 140876.0 011000001040050006 61.994 061004001002038032
4 61.994 061004001002038032 92055400.0 038000001002031000
4 92055400.0 038000001002031000 1619.21 038000001002031029
4 1619.21 038000001002031029 61.994 061004001002038032
4 61.994 061004001002038032 993770.0 007005001002012028
4 993770.0 007005001002012028 285714.0 007005001040012028
4 285714.0 007005001040012028 61.994 061004001002038032
4 61.994 061004001002038032 13742.2 092005000002031002
4 13742.2 092005000002031002 13726.8 092005000038031002
4 13726.8 092005000038031002 61.994 061004001002038032
4 61.994 061004001002038032 282642.0 007000001040031006
4 282642.0 007000001040031006 69.8454 007000001040033006
4 69.8454 007000001040033006 61.994 061004001002038032
4 61.994 061004001002038032 1338370.0 011001001002031002
4 1338370.0 011001001002031002 1035340.0 011001001002031034
4 1035340.0 011001001002031034 61.994 061004001002038032
4 61.994 061004001002038032 211256.0 025000002040038028
4 211256.0 025000002040038028 25417.7 025002002040038028
4 25417.7 025002002040038028 61.994 061004001002038032
4 61.994 061004001002038032 3834.66 029000001019031006
4 3834.66 029000001019031006 3476.96 029000001019010006
4 3476.96 029000001019010006 61.994 061004001002038032
4 61.994 061004001002038032 9813220000.0 092000001002031018
4 9813220000.0 092000001002031018 55095.2 092000001002031002
4 55095.2 092000001002031002 61.994 061004001002038032
4 61.994 061004001002038032 23480.5 025005000019031018
4 23480.5 025005000019031018 22.8414 029005000019031018
4 22.8414 029005000019031018 61.994 061004001002038032
4 61.994 061004001002038032 44.9703 011001000040031032
4 44.9703 011001000040031032 22.8414 029005000019031018
4 22.8414 029005000019031018 61.994 061004001002038032
4 61.994 061004001002038032 1692380.0 092000000040050006
4 1692380.0 092000000040050006 1336150.0 092000000040050003
4 1336150.0 092000000040050003 22.8414 029005000019031018
4 22.8414 029005000019031018 2552870.0 038000001019031036
4 2552870.0 038000001019031036 95.3184 061000001019031036
4 95.3184 061000001019031036 22.8414 029005000019031018
4 22.8414 029005000019031018 9951950000.0 061001000002009028
4 9951950000.0 061001000002009028 2481.6 061001000002009045
4 2481.6 061001000002009045 22.8414 029005000019031018
4 22.8414 029005000019031018 13700.5 092001001002050036
4 13700.5 092001001002050036 9529.09 092001001002003036
4 9529.09 092001001002003036 22.8414 029005000019031018
4 22.8414 029005000019031018 4923.34 061001001040031018
4 4923.34 061001001040031018 2184.67 061001001040031019
4 2184.67 061001001040031019 22.8414 029005000019031018
4 22.8414 029005000019031018 9788180.0 092000001002033034
4 9788180.0 092000001002033034 22.8414 029005000019031018
4 22.8414 029005000019031018 44.9703 011001000040031032
4 44.9703 011001000040031032 12053.1 007005001019050028
4 12053.1 007005001019050028 22.8414 029005000019031018
4 22.8414 029005000019031018 44.9703 011001000040031032
4 44.9703 011001000040031032 756174.0 011001000040031006
4 756174.0 011001000040031006 237372.0 011002000040031006
4 237372.0 011002000040031006 22.8414 029005000019031018
4 22.8414 029005000019031018 522796.0 007000001040010036
4 522796.0 007000001040010036 42.9669 007000001040047036
4 42.9669 007000001040047036 22.8414 029005000019031018
4 22.8414 029005000019031018 15175.5 092000001040033006
4 15175.5 092000001040033006 13948.7 092002001040033006
4 13948.7 092002001040033006 22.8414 029005000019031018
4 22.8414 029005000019031018 8884970.0 038001000040050006
4 8884970.0 038001000040050006 1216750.0 038001000040035006
4 1216750.0 038001000040035006 22.8414 029005000019031018
4 22.8414 029005000019031018 1797250.0 092001000045031000
4 1797250.0 092001000045031000 33272.3 075001000045031000
4 33272.3 075001000045031000 22.8414 029005000019031018
4 22.8414 029005000019031018 748374.0 007001000040038018
4 748374.0 007001000040038018 748374.0 007001000040038018
4 748374.0 007001000040038018 22.8414 029005000019031018
4 22.8414 029005000019031018 748646.0 007000001002038018
4 748646.0 007000001002038018 60.4281 007000001002016018
4 60.4281 007000001002016018 22.8414 029005000019031018
4 22.8414 029005000019031018 4.97773 011001001040031006
4 4.97773 011001001040031006 22.8414 029005000019031018
4 22.8414 029005000019031018 42.9669 007000001040047036
4 42.9669 007000001040047036 173.127 007005001040016032
4 173.127 007005001040016032 4.97773 011001001040031006
4 4.97773 011001001040031006 22.8414 029005000019031018
4 22.8414 029005000019031018 3246950.0 029004000019031036
4 3246950.0 029004000019031036 421802.0 029004002019031036
4 421802.0 029004002019031036 4.97773 011001001040031006
4 4.97773 011001001040031006 358027000.0 092000001002031006
4 358027000.0 092000001002031006 1349560.0 092000000002031006
4 1349560.0 092000000002031006 4.97773 011001001040031006
4 4.97773 011001001040031006 37.1343 011000001045031032
4 37.1343 011000001045031032 4.97773 011001001040031006
4 4.97773 011001001040031006 22.8414 029005000019031018
4 22.8414 029005000019031018 461135.0 038000001019036032
4 461135.0 038000001019036032 17244.2 038000001019036037
4 17244.2 038000001019036037 4.97773 011001001040031006
4 4.97773 011001001040031006 145.113 061001001019033006
4 145.113 061001001019033006 4.97773 011001001040031006
4 4.97773 011001001040031006 22.8414 029005000019031018
4 22.8414 029005000019031018 2136570.0 011001000019031032
4 2136570.0 011001000019031032 295914.0 011001000049031032
4 295914.0 011001000049031032 4.97773 011001001040031006
4 4.97773 011001001040031006 9086.47 011000000002010006
4 9086.47 011000000002010006 4.97773 011001001040031006
4 4.97773 011001001040031006 22.8414 029005000019031018
4 22.8414 029005000019031018 144.218 007000001019036006
4 144.218 007000001019036006 4.97773 011001001040031006
4 4.97773 011001001040031006 22.8414 029005000019031018
4 22.8414 029005000019031018 1046020.0 061000001040031029
4 1046020.0 061000001040031029 10230.2 061000001040032029
4 10230.2 061000001040032029 4.97773 011001001040031006
4 4.97773 011001001040031006 6883150.0 061000001002038036
4 6883150.0 061000001002038036 995527.0 061000001025038036
4 995527.0 061000001025038036 4.97773 011001001040031006
4 4.97773 011001001040031006 47.0885 007001001002038045
4 47.0885 007001001002038045 4.97773 011001001040031006
4 4.97773 011001001040031006 22.8414 029005000019031018
4 22.8414 029005000019031018 509923.0 007000001002031036
4 509923.0 007000001002031036 139.924 007000001024031036
4 139.924 007000001024031036 4.97773 011001001040031006
4 4.97773 011001001040031006 528579.0 007000001045033006
4 528579.0 007000001045033006 26082.3 061000001045033006
4 26082.3 061000001045033006 4.97773 011001001040031006
4 4.97773 011001001040031006 319862.0 007005001002033006
4 319862.0 007005001002033006 140963.0 007005001018033006
4 140963.0 007005001018033006 4.97773 011001001040031006
4 4.97773 011001001040031006 215048.4 007004001019031032
4 215048.4 007004001019031032 40.5275 007004001019048032
4 40.5275 007004001019048032 4.97773 011001001040031006
4 4.97773 011001001040031006 183108.0 011000001024050032
4 183108.0 011000001024050032 179939.0 011000001038050032
4 179939.0 011000001038050032 4.97773 011001001040031006
4 4.97773 011001001040031006 227563.0 007000001040031036
4 227563.0 007000001040031036 18207.4 007005001040031036
4 18207.4 007005001040031036 4.97773 011001001040031006
4 4.97773 011001001040031006 89.796 011001001019031018
4 89.796 011001001019031018 55.4903 011001001025031018
4 55.4903 011001001025031018 4.97773 011001001040031006
4 4.97773 011001001040031006 977749000.0 061000001002031032
4 977749000.0 061000001002031032 54344200.0 061000001002031016
4 54344200.0 061000001002031016 4.97773 011001001040031006
4 4.97773 011001001040031006 615109.0 007000001045031006
4 615109.0 007000001045031006 503380.0 007001001045031006
4 503380.0 007001001045031006 4.97773 011001001040031006
4 4.97773 011001001040031006 336024.0 011000000019016006
4 336024.0 011000000019016006 297235.0 011000000019016022
4 297235.0 011000000019016022 4.97773 011001001040031006
4 4.97773 011001001040031006 215048.4 007004001019031032
4 215048.4 007004001019031032 281884.0 007002001019031032
4 281884.0 007002001019031032 4.97773 011001001040031006
4 4.97773 011001001040031006 1314140.0 011004001045047032
4 1314140.0 011004001045047032 952504.0 011004001045029032
4 952504.0 011004001045029032 4.97773 011001001040031006
4 4.97773 011001001040031006 445209.0 011000001040038006
4 445209.0 011000001040038006 17905.3 011001001040038006
4 17905.3 011001001040038006 4.97773 011001001040031006
4 4.97773 011001001040031006 47292.1 061001001002031006
4 47292.1 061001001002031006 42764.6 061002001002031006
4 42764.6 061002001002031006 4.97773 011001001040031006
4 4.97773 011001001040031006 93792400.0 061001000002016036
4 93792400.0 061001000002016036 2852.96 061002000002016036
4 2852.96 061002000002016036 4.97773 011001001040031006
4 4.97773 011001001040031006 293591.0 007004001002016006
4 293591.0 007004001002016006 252242.0 007004001002050006
4 252242.0 007004001002050006 4.97773 011001001040031006
4 4.97773 011001001040031006 47933.1 011000001040031006
4 47933.1 011000001040031006 31305.7 011002001040031006
4 31305.7 011002001040031006 4.97773 011001001040031006
4 4.97773 011001001040031006 475860.2 007004001002031018
4 475860.2 007004001002031018 114554.11666666667 007000001002031018
4 114554.11666666667 007000001002031018 4.97773 011001001040031006
4 4.97773 011001001040031006 4.97773 011001001040031006
4 4.97773 011001001040031006 1.29308 011001001040031032
4 1.29308 011001001040031032 4.97773 011001001040031006
4 4.97773 011001001040031006 655297.0 007000001040048006
4 655297.0 007000001040048006 149764.0 007000000040048006
4 149764.0 007000000040048006 1.29308 011001001040031032
4 1.29308 011001001040031032 50.9127 007001001040031018
4 50.9127 007001001040031018 1.29308 011001001040031032
4 1.29308 011001001040031032 4.97773 011001001040031006
4 4.97773 011001001040031006 1525.02 007001001019031018
4 1525.02 007001001019031018 95.3308 007001001019005018
4 95.3308 007001001019005018 1.29308 011001001040031032
4 1.29308 011001001040031032 908308.0 007001001002031018
4 908308.0 007001001002031018 722367.0 007001001002014018
4 722367.0 007001001002014018 1.29308 011001001040031032
4 1.29308 011001001040031032 805467.0 007000001025031032
4 805467.0 007000001025031032 372485.05 007000001025031036
4 372485.05 007000001025031036 1.29308 011001001040031032
4 1.29308 011001001040031032 280134.0 007001001024031018
4 280134.0 007001001024031018 104.152 015001001024031018
4 104.152 015001001024031018 1.29308 011001001040031032
4 1.29308 011001001040031032 13418.8 007001001002005032
4 13418.8 007001001002005032 98.9084 007005001002005032
4 98.9084 007005001002005032 1.29308 011001001040031032
4 1.29308 011001001040031032 114554.11666666667 007000001002031018
4 114554.11666666667 007000001002031018 12434.8 007000001050031018
4 12434.8 007000001050031018 1.29308 011001001040031032
4 1.29308 011001001040031032 3150100.0 011001001002031036
4 3150100.0 011001001002031036 427460.0 011001001026031036
4 427460.0 011001001026031036 1.29308 011001001040031032
4 1.29308 011001001040031032 538447.0 029000001040031018
4 538447.0 029000001040031018 175416.0 029000001040005018
4 175416.0 029000001040005018 1.29308 011001001040031032
4 1.29308 011001001040031032 114554.11666666667 007000001002031018
4 114554.11666666667 007000001002031018 226995.0 007000001002031014
4 226995.0 007000001002031014 1.29308 011001001040031032
4 1.29308 011001001040031032 577762.0 011004000045031032
4 577762.0 011004000045031032 502235.0 011004000045037032
4 502235.0 011004000045037032 1.29308 011001001040031032
4 1.29308 011001001040031032 17870.0 007001001002031006
4 17870.0 007001001002031006 17870.0 007001001002031006
4 17870.0 007001001002031006 1.29308 011001001040031032
4 1.29308 011001001040031032 761523.2 011001001019031036
4 761523.2 011001001019031036 1.29308 011001001040031032
4 1.29308 011001001040031032 4.97773 011001001040031006
4 4.97773 011001001040031006 154556.0 061000001045031032
4 154556.0 061000001045031032 54.6462 061005001045031032
4 54.6462 061005001045031032 1.29308 011001001040031032
4 1.29308 011001001040031032 1154340.0 007000001045048032
4 1154340.0 007000001045048032 298502.0 007000001045048001
4 298502.0 007000001045048001 1.29308 011001001040031032
4 1.29308 011001001040031032 65.9342 007004001040031036
4 65.9342 007004001040031036 40.167 007002001040031036
4 40.167 007002001040031036 1.29308 011001001040031032
4 1.29308 011001001040031032 272701.1 011005001040031032
4 272701.1 011005001040031032 82.3301 011005001033031032
4 82.3301 011005001033031032 1.29308 011001001040031032
4 1.29308 011001001040031032 571996.0 007005001040031018
4 571996.0 007005001040031018 319041.0 007005001040031022
4 319041.0 007005001040031022 1.29308 011001001040031032
4 1.29308 011001001040031032 1029470.0 007001001033047032
4 1029470.0 007001001033047032 5359.36 007001000033047032
4 5359.36 007001000033047032 1.29308 011001001040031032
4 1.29308 011001001040031032 272701.1 011005001040031032
4 272701.1 011005001040031032 272701.1 011005001040031032
4 272701.1 011005001040031032 1.29308 011001001040031032
4 1.29308 011001001040031032 17703.0 011001001040031018
4 17703.0 011001001040031018 14577.8 011006001040031018
4 14577.8 011006001040031018 1.29308 011001001040031032
4 1.29308 011001001040031032 234931.0 007004001002031006
4 234931.0 007004001002031006 11886.2 007004001002000006
4 11886.2 007004001002000006 1.29308 011001001040031032
4 1.29308 011001001040031032 11832.9 011004001040031032
4 11832.9 011004001040031032 5866.13 055004001040031032
4 5866.13 055004001040031032 1.29308 011001001040031032
4 1.29308 011001001040031032 399250.0 011004001019031032
4 399250.0 011004001019031032 90.8305 011003001019031032
4 90.8305 011003001019031032 1.29308 011001001040031032
4 1.29308 011001001040031032 616732.0 007000001045031036
4 616732.0 007000001045031036 595528.0 007000000045031036
4 595528.0 007000000045031036 1.29308 011001001040031032
4 1.29308 011001001040031032 494342.0 011000001040031045
4 494342.0 011000001040031045 52053.4 011006001040031045
4 52053.4 011006001040031045 1.29308 011001001040031032
4 1.29308 011001001040031032 22464.0 011004000025031006
4 22464.0 011004000025031006 19134.5 011006000025031006
4 19134.5 011006000025031006 1.29308 011001001040031032
4 1.29308 011001001040031032 9692.87 007005001045031036
4 9692.87 007005001045031036 1.29308 011001001040031032
4 1.29308 011001001040031032 4.97773 011001001040031006
4 4.97773 011001001040031006 300725.0 007004001033031006
4 300725.0 007004001033031006 11480.3 055004001033031006
4 11480.3 055004001033031006 1.29308 011001001040031032
4 1.29308 011001001040031032 533698.55 011005001002031006
4 533698.55 011005001002031006 533698.55 011005001002031006
4 533698.55 011005001002031006 1.29308 011001001040031032
4 1.29308 011001001040031032 91.7499 007004001019031036
4 91.7499 007004001019031036 1.29308 011001001040031032
4 1.29308 011001001040031032 4.97773 011001001040031006
4 4.97773 011001001040031006 1351.53475 007000001045031045
4 1351.53475 007000001045031045 1.29308 011001001040031032
4 1.29308 011001001040031032 4.97773 011001001040031006
4 4.97773 011001001040031006 51.2893 007000001040048032
4 51.2893 007000001040048032 34.482 007000001040048030
4 34.482 007000001040048030 1.29308 011001001040031032
4 1.29308 011001001040031032 546293.0 007005001019048032
4 546293.0 007005001019048032 414244.0 007005001019048040
4 414244.0 007005001019048040 1.29308 011001001040031032
4 1.29308 011001001040031032 397835.0 007005001002047030
4 397835.0 007005001002047030 3.68356 007005001002047033
4 3.68356 007005001002047033 1.29308 011001001040031032
4 1.29308 011001001040031032 2739215.0 061001001040031032
4 2739215.0 061001001040031032 5895.63 061001001032031032
4 5895.63 061001001032031032 1.29308 011001001040031032
4 1.29308 011001001040031032 2858250.0 007002001032031045
4 2858250.0 007002001032031045 1316370.0 086002001032031045
4 1316370.0 086002001032031045 1.29308 011001001040031032
4 1.29308 011001001040031032 2739215.0 061001001040031032
4 2739215.0 061001001040031032 1160840.0 061005001040031032
4 1160840.0 061005001040031032 1.29308 011001001040031032
4 1.29308 011001001040031032 330288.0 007002001040048030
4 330288.0 007002001040048030 743.918 007002001040041030
4 743.918 007002001040041030 1.29308 011001001040031032
4 1.29308 011001001040031032 1131490.0 007000001019016032
4 1131490.0 007000001019016032 137396.0 007000001019016014
4 137396.0 007000001019016014 1.29308 011001001040031032
4 1.29308 011001001040031032 501656.0 007005001045031032
4 501656.0 007005001045031032 336749.0 007005000045031032
4 336749.0 007005000045031032 1.29308 011001001040031032
4 1.29308 011001001040031032 5283.045115000001 007001001040031032
4 5283.045115000001 007001001040031032 8726.07 007001001040007032
4 8726.07 007001001040007032 1.29308 011001001040031032
4 1.29308 011001001040031032 294104.0 011001001040047018
4 294104.0 011001001040047018 274547.0 011003001040047018
4 274547.0 011003001040047018 1.29308 011001001040031032
4 1.29308 011001001040031032 431793.0 007005001040048032
4 431793.0 007005001040048032 13188.5 007003001040048032
4 13188.5 007003001040048032 1.29308 011001001040031032
4 1.29308 011001001040031032 997222.0 011001001040038032
4 997222.0 011001001040038032 494353.0 047001001040038032
4 494353.0 047001001040038032 1.29308 011001001040031032
4 1.29308 011001001040031032 1672480.0 007001000002047036
4 1672480.0 007001000002047036 13882.2 007001001002047036
4 13882.2 007001001002047036 1.29308 011001001040031032
4 1.29308 011001001040031032 301114.5 007005001040048036
4 301114.5 007005001040048036 241814.0 007005001035048036
4 241814.0 007005001035048036 1.29308 011001001040031032
4 1.29308 011001001040031032 269018.0 007004001025031018
4 269018.0 007004001025031018 178438.0 007004000025031018
4 178438.0 007004000025031018 1.29308 011001001040031032
4 1.29308 011001001040031032 745301.0 007001001040048032
4 745301.0 007001001040048032 266470.0 007001001027048032
4 266470.0 007001001027048032 1.29308 011001001040031032
4 1.29308 011001001040031032 804160.0 011004001040016018
4 804160.0 011004001040016018 457469.0 011004001017016018
4 457469.0 011004001017016018 1.29308 011001001040031032
4 1.29308 011001001040031032 495396.5 007001001040031036
4 495396.5 007001001040031036 495396.5 007001001040031036
4 495396.5 007001001040031036 1.29308 011001001040031032
4 1.29308 011001001040031032 111.117 011002001040048032
4 111.117 011002001040048032 89.6266 011002001040010032
4 89.6266 011002001040010032 1.29308 011001001040031032
4 1.29308 011001001040031032 1388190.0 011000001040031033
4 1388190.0 011000001040031033 327636.0 011003001040031033
4 327636.0 011003001040031033 1.29308 011001001040031032
4 1.29308 011001001040031032 475860.2 007004001002031018
4 475860.2 007004001002031018 26948.3 067004001002031018
4 26948.3 067004001002031018 1.29308 011001001040031032
4 1.29308 011001001040031032 142.545 067000000002031032
4 142.545 067000000002031032 19.4168 067000000010031032
4 19.4168 067000000010031032 1.29308 011001001040031032
4 1.29308 011001001040031032 662789.0 011001001002031032
4 662789.0 011001001002031032 6703.06 011001001002009032
4 6703.06 011001001002009032 1.29308 011001001040031032
4 1.29308 011001001040031032 745528.0 007001001025048045
4 745528.0 007001001025048045 5118.99 054001001025048045
4 5118.99 054001001025048045 1.29308 011001001040031032
4 1.29308 011001001040031032 4923.34 061001001040031018
4 4923.34 061001001040031018 794140000.0 061000001040031018
4 794140000.0 061000001040031018 1.29308 011001001040031032
4 1.29308 011001001040031032 8429.25 011001001045031032
4 8429.25 011001001045031032 9355.2 011001001045031009
4 9355.2 011001001045031009 1.29308 011001001040031032
4 1.29308 011001001040031032 8097.46 007001001002016009
4 8097.46 007001001002016009 1961.01 007001001038016009
4 1961.01 007001001038016009 1.29308 011001001040031032
4 1.29308 011001001040031032 496224.0 007000001019048018
4 496224.0 007000001019048018 26354.1 051000001019048018
4 26354.1 051000001019048018 1.29308 011001001040031032
4 1.29308 011001001040031032 3238400.0 067000001019031036
4 3238400.0 067000001019031036 915570.0 067000001040031036
4 915570.0 067000001040031036 1.29308 011001001040031032
4 1.29308 011001001040031032 174394.5 011005001025047018
4 174394.5 011005001025047018 174394.5 011005001025047018
4 174394.5 011005001025047018 1.29308 011001001040031032
4 1.29308 011001001040031032 339644.0 011001001025038032
4 339644.0 011001001025038032 1768.96 011001001025036032
4 1768.96 011001001025036032 1.29308 011001001040031032
4 1.29308 011001001040031032 229130.0 007000001025047032
4 229130.0 007000001025047032 224184.0 007000001025045032
4 224184.0 007000001025045032 1.29308 011001001040031032
4 1.29308 011001001040031032 395795.0 007002001010031032
4 395795.0 007002001010031032 110.536 007002000010031032
4 110.536 007002000010031032 1.29308 011001001040031032
4 1.29308 011001001040031032 349877.715 007001001010038032
4 349877.715 007001001010038032 349877.715 007001001010038032
4 349877.715 007001001010038032 1.29308 011001001040031032
4 1.29308 011001001040031032 219039.0 007005001010031018
4 219039.0 007005001010031018 5904.8505 007005000010031018
4 5904.8505 007005000010031018 1.29308 011001001040031032
4 1.29308 011001001040031032 805467.0 007000001025031032
4 805467.0 007000001025031032 13497.3 015000001025031032
4 13497.3 015000001025031032 1.29308 011001001040031032
4 1.29308 011001001040031032 12147.0 007000001045047032
4 12147.0 007000001045047032 160.934 007000000045047032
4 160.934 007000000045047032 1.29308 011001001040031032
4 1.29308 011001001040031032 70441.458375 007005001040031006
4 70441.458375 007005001040031006 70441.458375 007005001040031006
4 70441.458375 007005001040031006 1.29308 011001001040031032
4 1.29308 011001001040031032 15606.623500000002 067001001040031006
4 15606.623500000002 067001001040031006 15606.623500000002 067001001040031006
4 15606.623500000002 067001001040031006 1.29308 011001001040031032
4 1.29308 011001001040031032 1308160.0 011000000040031036
4 1308160.0 011000000040031036 649926.0 095000000040031036
4 649926.0 095000000040031036 1.29308 011001001040031032
4 1.29308 011001001040031032 17703.0 011001001040031018
4 17703.0 011001001040031018 1.29308 011001001040031032
4 1.29308 011001001040031032 3.68356 007005001002047033
4 3.68356 007005001002047033 1038210.0 007000000045031045
4 1038210.0 007000000045031045 1351.53475 007000001045031045
4 1351.53475 007000001045031045 1.29308 011001001040031032
4 1.29308 011001001040031032 195.291 007000000040031045
4 195.291 007000000040031045 51.4372 007000000024031045
4 51.4372 007000000024031045 1.29308 011001001040031032
4 1.29308 011001001040031032 221075.0 011000001025038032
4 221075.0 011000001025038032 42.0822 011002001025038032
4 42.0822 011002001025038032 1.29308 011001001040031032
4 1.29308 011001001040031032 5.56253 011005001025048006
4 5.56253 011005001025048006 1.29308 011001001040031032
4 1.29308 011001001040031032 3.68356 007005001002047033
4 3.68356 007005001002047033 234931.0 007004001002031006
4 234931.0 007004001002031006 8639.93 007004001002043006
4 8639.93 007004001002043006 1.29308 011001001040031032
4 1.29308 011001001040031032 143706.0 007000000025038006
4 143706.0 007000000025038006 1.29308 011001001040031032
4 1.29308 011001001040031032 3.68356 007005001002047033
4 3.68356 007005001002047033 234931.0 007004001002031006
4 234931.0 007004001002031006 234931.0 007004001002031006
4 234931.0 007004001002031006 1.29308 011001001040031032
4 1.29308 011001001040031032 1049337.95945 007000001010031045
4 1049337.95945 007000001010031045 1049337.95945 007000001010031045
4 1049337.95945 007000001010031045 1.29308 011001001040031032
4 1.29308 011001001040031032 705937.0 011001001024048045
4 705937.0 011001001024048045 8298.66 011004001024048045
4 8298.66 011004001024048045 1.29308 011001001040031032
4 1.29308 011001001040031032 270150.0 007001001040031006
4 270150.0 007001001040031006 31830.9 007001001040031022
4 31830.9 007001001040031022 1.29308 011001001040031032
4 1.29308 011001001040031032 986346.0 011000001010031022
4 986346.0 011000001010031022 83.9262 011000001010031028
4 83.9262 011000001010031028 1.29308 011001001040031032
4 1.29308 011001001040031032 575812.0 011001000010047033
4 575812.0 011001000010047033 350290.0 011001000010048033
4 350290.0 011001000010048033 1.29308 011001001040031032
4 1.29308 011001001040031032 534318.5 007005001019048030
4 534318.5 007005001019048030 534318.5 007005001019048030
4 534318.5 007005001019048030 1.29308 011001001040031032
4 1.29308 011001001040031032 288454.0 007001001040047030
4 288454.0 007001001040047030 13076.9 007001001040023030
4 13076.9 007001001040023030 1.29308 011001001040031032
4 1.29308 011001001040031032 17905.3 011001001040038006
4 17905.3 011001001040038006 22534.0 011001001018038006
4 22534.0 011001001018038006 1.29308 011001001040031032
4 1.29308 011001001040031032 595854.0 007000000002038018
4 595854.0 007000000002038018 1125.01 007000002002038018
4 1125.01 007000002002038018 1.29308 011001001040031032
4 1.29308 011001001040031032 245431.0 007001001040048033
4 245431.0 007001001040048033 27875.3 007000001040048033
4 27875.3 007000001040048033 1.29308 011001001040031032
4 1.29308 011001001040031032 9997.863285 007005001040031030
4 9997.863285 007005001040031030 1.29308 011001001040031032
4 1.29308 011001001040031032 3.68356 007005001002047033
4 3.68356 007005001002047033 1139960.0 007004000040048030
4 1139960.0 007004000040048030 568802.0 007004000040048016
4 568802.0 007004000040048016 1.29308 011001001040031032
4 1.29308 011001001040031032 1052870.0 007001001019047045
4 1052870.0 007001001019047045 2636.83 007001001019036045
4 2636.83 007001001019036045 1.29308 011001001040031032
4 1.29308 011001001040031032 311728.0 011000001002031036
4 311728.0 011000001002031036 1.29308 011001001040031032
4 1.29308 011001001040031032 3.68356 007005001002047033
4 3.68356 007005001002047033 905355.0 007000001040036032
4 905355.0 007000001040036032 333533.0 007000001040017032
4 333533.0 007000001040017032 1.29308 011001001040031032
4 1.29308 011001001040031032 51.6902 011001001019017032
4 51.6902 011001001019017032 51.6902 011001001019017032
4 51.6902 011001001019017032 1.29308 011001001040031032
4 1.29308 011001001040031032 890570.0 011001001019047036
4 890570.0 011001001019047036 849940.0 011001001019047031
4 849940.0 011001001019047031 1.29308 011001001040031032
4 1.29308 011001001040031032 272701.1 011005001040031032
4 272701.1 011005001040031032 44.9988 011005001018031032
4 44.9988 011005001018031032 1.29308 011001001040031032
4 1.29308 011001001040031032 1388190.0 011000001040031033
4 1388190.0 011000001040031033 16261.5 011000001017031033
4 16261.5 011000001017031033 1.29308 011001001040031032
4 1.29308 011001001040031032 177371.0 007000001025048006
4 177371.0 007000001025048006 155674.0 007000001025023006
4 155674.0 007000001025023006 1.29308 011001001040031032
4 1.29308 011001001040031032 358238.0 067000000040048018
4 358238.0 067000000040048018 1.29308 011001001040031032
4 1.29308 011001001040031032 3.68356 007005001002047033
4 3.68356 007005001002047033 1159857.0 007001000040031018
4 1159857.0 007001000040031018 1159857.0 007001000040031018
4 1159857.0 007001000040031018 1.29308 011001001040031032
4 1.29308 011001001040031032 280804.0 007005001019031032
4 280804.0 007005001019031032 321.467 007005001019031035
4 321.467 007005001019031035 1.29308 011001001040031032
4 1.29308 011001001040031032 5283.045115000001 007001001040031032
4 5283.045115000001 007001001040031032 1.29308 011001001040031032
4 1.29308 011001001040031032 3.68356 007005001002047033
4 3.68356 007005001002047033 409139.0 011001001040048032
4 409139.0 011001001040048032 240975.0 016001001040048032
4 240975.0 016001001040048032 1.29308 011001001040031032
4 1.29308 011001001040031032 495017.0 007001001002031030
4 495017.0 007001001002031030 88295.4 007006001002031030
4 88295.4 007006001002031030 1.29308 011001001040031032
4 1.29308 011001001040031032 18728.4 007002001025048036
4 18728.4 007002001025048036 16513.2 007003001025048036
4 16513.2 007003001025048036 1.29308 011001001040031032
4 1.29308 011001001040031032 25219.8 011001001040031030
4 25219.8 011001001040031030 14357.4 011001001014031030
4 14357.4 011001001014031030 1.29308 011001001040031032
4 1.29308 011001001040031032 9997.863285 007005001040031030
4 9997.863285 007005001040031030 1.29308 011001001040031032
4 1.29308 011001001040031032 3.68356 007005001002047033
4 3.68356 007005001002047033 301114.5 007005001040048036
4 301114.5 007005001040048036 9070.6 087005001040048036
4 9070.6 087005001040048036 1.29308 011001001040031032
4 1.29308 011001001040031032 761523.2 011001001019031036
4 761523.2 011001001019031036 14385.7 011001000019031036
4 14385.7 011001000019031036 1.29308 011001001040031032
4 1.29308 011001001040031032 4710.04155 007000000040031032
4 4710.04155 007000000040031032 29.097 007000000040012032
4 29.097 007000000040012032 1.29308 011001001040031032
4 1.29308 011001001040031032 495017.0 007001001002031030
4 495017.0 007001001002031030 51.2163 007001001002031037
4 51.2163 007001001002031037 1.29308 011001001040031032
4 1.29308 011001001040031032 372485.05 007000001025031036
4 372485.05 007000001025031036 288833.0 082000001025031036
4 288833.0 082000001025031036 1.29308 011001001040031032
4 1.29308 011001001040031032 19484.6 007005001040012006
4 19484.6 007005001040012006 8297.17 030005001040012006
4 8297.17 030005001040012006 1.29308 011001001040031032
4 1.29308 011001001040031032 4710.04155 007000000040031032
4 4710.04155 007000000040031032 1561.58 007000000040031044
4 1561.58 007000000040031044 1.29308 011001001040031032
4 1.29308 011001001040031032 495791.0 007002000019031032
4 495791.0 007002000019031032 1540.57 007001000019031032
4 1540.57 007001000019031032 1.29308 011001001040031032
4 1.29308 011001001040031032 383954.0 011005001002048030
4 383954.0 011005001002048030 2738.8 011005002002048030
4 2738.8 011005002002048030 1.29308 011001001040031032
4 1.29308 011001001040031032 13899.0 007000001002048032
4 13899.0 007000001002048032 47.9513 037000001002048032
4 47.9513 037000001002048032 1.29308 011001001040031032
4 1.29308 011001001040031032 1089250.0 007000001002031032
4 1089250.0 007000001002031032 9982.58 007000001002031039
4 9982.58 007000001002031039 1.29308 011001001040031032
4 1.29308 011001001040031032 444985.0 007000000002047032
4 444985.0 007000000002047032 204740.0 007000000002050032
4 204740.0 007000000002050032 1.29308 011001001040031032
4 1.29308 011001001040031032 288454.0 007001001040047030
4 288454.0 007001001040047030 243538.0 007001002040047030
4 243538.0 007001002040047030 1.29308 011001001040031032
4 1.29308 011001001040031032 793920.0 011001001010031006
4 793920.0 011001001010031006 13824.6 011001001010031021
4 13824.6 011001001010031021 1.29308 011001001040031032
4 1.29308 011001001040031032 2194580.0 007001000045031036
4 2194580.0 007001000045031036 5491.1 061001000045031036
4 5491.1 061001000045031036 1.29308 011001001040031032
4 1.29308 011001001040031032 586980.0 007001001010031032
4 586980.0 007001001010031032 216654.0 002001001010031032
4 216654.0 002001001010031032 1.29308 011001001040031032
4 1.29308 011001001040031032 607262.0 007000000025012032
4 607262.0 007000000025012032 470689.0 007000000025039032
4 470689.0 007000000025039032 1.29308 011001001040031032
4 1.29308 011001001040031032 29423.6 007001001040048006
4 29423.6 007001001040048006 1.92884 007001001040048026
4 1.92884 007001001040048026 1.29308 011001001040031032
4 1.29308 011001001040031032 171197.0 011000001040031032
4 171197.0 011000001040031032 18429.7 011003001040031032
4 18429.7 011003001040031032 1.29308 011001001040031032
4 1.29308 011001001040031032 39.0932 007005001010048032
4 39.0932 007005001010048032 36.6479 007005001010048042
4 36.6479 007005001010048042 1.29308 011001001040031032
4 1.29308 011001001040031032 188945.0 007000001040047006
4 188945.0 007000001040047006 16867.6 007000001040047002
4 16867.6 007000001040047002 1.29308 011001001040031032
4 1.29308 011001001040031032 70441.458375 007005001040031006
4 70441.458375 007005001040031006 36756.3 061005001040031006
4 36756.3 061005001040031006 1.29308 011001001040031032
4 1.29308 011001001040031032 282980.0 007000001019031018
4 282980.0 007000001019031018 253243.0 007000001037031018
4 253243.0 007000001037031018 1.29308 011001001040031032
4 1.29308 011001001040031032 1287460.0 011001001040048036
4 1287460.0 011001001040048036 79.7048 011001001044048036
4 79.7048 011001001044048036 1.29308 011001001040031032
4 1.29308 011001001040031032 258652.0 007005001010048030
4 258652.0 007005001010048030 9795.26 007005001010038030
4 9795.26 007005001010038030 1.29308 011001001040031032
4 1.29308 011001001040031032 13558.8 007001001019048030
4 13558.8 007001001019048030 5068.45 022001001019048030
4 5068.45 022001001019048030 1.29308 011001001040031032
4 1.29308 011001001040031032 1035530.0 029000000010031032
4 1035530.0 029000000010031032 49.0675 029004000010031032
4 49.0675 029004000010031032 1.29308 011001001040031032
4 1.29308 011001001040031032 978784.0 007000001010031026
4 978784.0 007000001010031026 251140.0 007000002010031026
4 251140.0 007000002010031026 1.29308 011001001040031032
4 1.29308 011001001040031032 270150.0 007001001040031006
4 270150.0 007001001040031006 21846.0 061001001040031006
4 21846.0 061001001040031006 1.29308 011001001040031032
4 1.29308 011001001040031032 820586.0 007005001010031032
4 820586.0 007005001010031032 779422.0 007005002010031032
4 779422.0 007005002010031032 1.29308 011001001040031032
4 1.29308 011001001040031032 979444.0 007001001019031032
4 979444.0 007001001019031032 15215.2 007001001047031032
4 15215.2 007001001047031032 1.29308 011001001040031032
4 1.29308 011001001040031032 68.7444 029005001040031032
4 68.7444 029005001040031032 1.29308 011001001040031032
4 1.29308 011001001040031032 1.92884 007001001040048026
4 1.92884 007001001040048026 2320560.0 007005000040031045
4 2320560.0 007005000040031045 62.1537 007005000004031045
4 62.1537 007005000004031045 1.29308 011001001040031032
4 1.29308 011001001040031032 877089.0 011000001019031042
4 877089.0 011000001019031042 181.952 011000000019031042
4 181.952 011000000019031042 1.29308 011001001040031032
4 1.29308 011001001040031032 181776.0 011000001040048032
4 181776.0 011000001040048032 20499.5 011000001026048032
4 20499.5 011000001026048032 1.29308 011001001040031032
4 1.29308 011001001040031032 343780.0 007005001026031032
4 343780.0 007005001026031032 14326.3 007005001026031021
4 14326.3 007005001026031021 1.29308 011001001040031032
4 1.29308 011001001040031032 275341.0 067004001040048032
4 275341.0 067004001040048032 162574.0 067004001040048025
4 162574.0 067004001040048025 1.29308 011001001040031032
4 1.29308 011001001040031032 1838820.0 007000001040031045
4 1838820.0 007000001040031045 325.052 007000001040031031
4 325.052 007000001040031031 1.29308 011001001040031032
4 1.29308 011001001040031032 66.9582 007000000010031031
4 66.9582 007000000010031031 38.4933 007000000010036031
4 38.4933 007000000010036031 1.29308 011001001040031032
4 1.29308 011001001040031032 2155800.0 011005001019036032
4 2155800.0 011005001019036032 491183.0 011000001019036032
4 491183.0 011000001019036032 1.29308 011001001040031032
4 1.29308 011001001040031032 51.2893 007000001040048032
4 51.2893 007000001040048032 515.042 007000001040010032
4 515.042 007000001040010032 1.29308 011001001040031032
4 1.29308 011001001040031032 607285.0 029000001040031032
4 607285.0 029000001040031032 153.684 029003001040031032
4 153.684 029003001040031032 1.29308 011001001040031032
4 1.29308 011001001040031032 2107010.0 011005001040012033
4 2107010.0 011005001040012033 769172.0 011005001008012033
4 769172.0 011005001008012033 1.29308 011001001040031032
4 1.29308 011001001040031032 3061.05 011005000010031033
4 3061.05 011005000010031033 14.3535 011005000010031038
4 14.3535 011005000010031038 1.29308 011001001040031032
4 1.29308 011001001040031032 5904.8505 007005000010031018
4 5904.8505 007005000010031018 6.50932 018005000010031018
4 6.50932 018005000010031018 1.29308 011001001040031032
4 1.29308 011001001040031032 666836.0 029005001010048033
4 666836.0 029005001010048033 58319.0 029005001035048033
4 58319.0 029005001035048033 1.29308 011001001040031032
4 1.29308 011001001040031032 1341290.0 007005001010031033
4 1341290.0 007005001010031033 457304.0 007001001010031033
4 457304.0 007001001010031033 1.29308 011001001040031032
4 1.29308 011001001040031032 605299.0 011000001010031032
4 605299.0 011000001010031032 12226.4 025000001010031032
4 12226.4 025000001010031032 1.29308 011001001040031032
4 1.29308 011001001040031032 8429.25 011001001045031032
4 8429.25 011001001045031032 1.29308 011001001040031032
4 1.29308 011001001040031032 1.92884 007001001040048026
4 1.92884 007001001040048026 632383.0 007000001040012032
4 632383.0 007000001040012032 396.736 007000001026012032
4 396.736 007000001026012032 1.29308 011001001040031032
4 1.29308 011001001040031032 7373050.0 067005001040031026
4 7373050.0 067005001040031026 56884.9 067002001040031026
4 56884.9 067002001040031026 1.29308 011001001040031032
4 1.29308 011001001040031032 300335.0 007000001040048018
4 300335.0 007000001040048018 52040.5 007006001040048018
4 52040.5 007006001040048018 1.29308 011001001040031032
4 1.29308 011001001040031032 439464.0 018005001045031026
4 439464.0 018005001045031026 33378.7 018005001012031026
4 33378.7 018005001012031026 1.29308 011001001040031032
5 1.29308 011001001040031032 7799.97 002002002007026014
5 7799.97 002002002007026014 52.9758 002002002007026025
5 52.9758 002002002007026025 13947.7 038000001050038002
5 13947.7 038000001050038002 4782.306666666667 061004000028024010
5 4782.306666666667 061004000028024010 4782.306666666667 061004000028024010
5 4782.306666666667 061004000028024010 52.9758 002002002007026025
5 52.9758 002002002007026025 331185.0 016001001019014010
5 331185.0 016001001019014010 5866.69 016001000019014010
5 5866.69 016001000019014010 52.9758 002002002007026025
5 52.9758 002002002007026025 698119.0 002002002038014010
5 698119.0 002002002038014010 76227.0 067002002038014010
5 76227.0 067002002038014010 52.9758 002002002007026025
5 52.9758 002002002007026025 7659830000.0 061001001019004010
5 7659830000.0 061001001019004010 5798410000.0 061001001037004010
5 5798410000.0 061001001037004010 52.9758 002002002007026025
5 52.9758 002002002007026025 16143.0 074001000038024010
5 16143.0 074001000038024010 11423.4 074001000038024044
5 11423.4 074001000038024044 52.9758 002002002007026025
5 52.9758 002002002007026025 4845400.0 016002002007040010
5 4845400.0 016002002007040010 2469230.0 016002002007040034
5 2469230.0 016002002007040034 52.9758 002002002007026025
5 52.9758 002002002007026025 3758210.0 038001002038026014
5 3758210.0 038001002038026014 47822.7 037001002038026014
5 47822.7 037001002038026014 52.9758 002002002007026025
5 52.9758 002002002007026025 149816000.0 061006002019026010
5 149816000.0 061006002019026010 52.9758 002002002007026025
5 52.9758 002002002007026025 4782.306666666667 061004000028024010
5 4782.306666666667 061004000028024010 126299.0 002001002019014010
5 126299.0 002001002019014010 1481.07 002001002001014010
5 1481.07 002001002001014010 52.9758 002002002007026025
5 52.9758 002002002007026025 18994500.0 070002002019014036
5 18994500.0 070002002019014036 21373.8 070002002019020036
5 21373.8 070002002019020036 52.9758 002002002007026025
5 52.9758 002002002007026025 934184.0 061000000019024036
5 934184.0 061000000019024036 487280.0 061000000028024036
5 487280.0 061000000028024036 52.9758 002002002007026025
5 52.9758 002002002007026025 11058.6 061004000038026025
5 11058.6 061004000038026025 95.5325 061004000038038025
5 95.5325 061004000038038025 52.9758 002002002007026025
5 52.9758 002002002007026025 353960.0 002001002028014028
5 353960.0 002001002028014028 3767.76 002001002049014028
5 3767.76 002001002049014028 52.9758 002002002007026025
5 52.9758 002002002007026025 29499.9 061001002019026010
5 29499.9 061001002019026010 16592.3 061001002019013010
5 16592.3 061001002019013010 52.9758 002002002007026025
5 52.9758 002002002007026025 41.4594 002000000050024028
5 41.4594 002000000050024028 52.9758 002002002007026025
5 52.9758 002002002007026025 95.5325 061004000038038025
5 95.5325 061004000038038025 34585.4 002001002038014025
5 34585.4 002001002038014025 31140.4 002001002024014025
5 31140.4 002001002024014025 41.4594 002000000050024028
5 41.4594 002000000050024028 448566.0 016004002028014010
5 448566.0 016004002028014010 14320.4 016004000028014010
5 14320.4 016004000028014010 41.4594 002000000050024028
5 41.4594 002000000050024028 769469000.0 074005002028014010
5 769469000.0 074005002028014010 6722750.0 024005002028014010
5 6722750.0 024005002028014010 41.4594 002000000050024028
5 41.4594 002000000050024028 756097.0 038000000028024025
5 756097.0 038000000028024025 675530.0 038000000028024034
5 675530.0 038000000028024034 41.4594 002000000050024028
5 41.4594 002000000050024028 83.9392 002004000019024010
5 83.9392 002004000019024010 51.8914 002004000019031010
5 51.8914 002004000019031010 41.4594 002000000050024028
5 41.4594 002000000050024028 632341.0 002004000038024025
5 632341.0 002004000038024025 460022.0 002004000041024025
5 460022.0 002004000041024025 41.4594 002000000050024028
5 41.4594 002000000050024028 17356.1 074001002038024010
5 17356.1 074001002038024010 8166.11 010001002038024010
5 8166.11 010001002038024010 41.4594 002000000050024028
5 41.4594 002000000050024028 2661290000.0 061004000028014010
5 2661290000.0 061004000028014010 15702.0 061001000028014010
5 15702.0 061001000028014010 41.4594 002000000050024028
5 41.4594 002000000050024028 2411212.0246666665 002001000007024010
5 2411212.0246666665 002001000007024010 3586.85 070001000007024010
5 3586.85 070001000007024010 41.4594 002000000050024028
5 41.4594 002000000050024028 11756.2 061001000028024010
5 11756.2 061001000028024010 82.9743 061001000028045010
5 82.9743 061001000028045010 41.4594 002000000050024028
5 41.4594 002000000050024028 9613.09 002000002007024010
5 9613.09 002000002007024010 1095.35 002002002007024010
5 1095.35 002002002007024010 41.4594 002000000050024028
5 41.4594 002000000050024028 5095496.5825 061002000028024010
5 5095496.5825 061002000028024010 41.4594 002000000050024028
5 41.4594 002000000050024028 51.8914 002004000019031010
5 51.8914 002004000019031010 568752.0 002002000028026010
5 568752.0 002002000028026010 506494.0 002002000028026022
5 506494.0 002002000028026022 41.4594 002000000050024028
5 41.4594 002000000050024028 1358280.0 002002002019014010
5 1358280.0 002002002019014010 6522.95 002002000019014010
5 6522.95 002002000019014010 41.4594 002000000050024028
5 41.4594 002000000050024028 706707.5 016002000019045028
5 706707.5 016002000019045028 706707.5 016002000019045028
5 706707.5 016002000019045028 41.4594 002000000050024028
5 41.4594 002000000050024028 14231.9 002001002007014010
5 14231.9 002001002007014010 12160.5 092001002007014010
5 12160.5 092001002007014010 41.4594 002000000050024028
5 41.4594 002000000050024028 527997.0 002004000028024010
5 527997.0 002004000028024010 1.72516 002004000028024026
5 1.72516 002004000028024026 41.4594 002000000050024028
5 41.4594 002000000050024028 53.1978 002001000028031010
5 53.1978 002001000028031010 1.72516 002004000028024026
5 1.72516 002004000028024026 41.4594 002000000050024028
5 41.4594 002000000050024028 7170.39 002001000050024026
5 7170.39 002001000050024026 4170.79 099001000050024026
5 4170.79 099001000050024026 1.72516 002004000028024026
5 1.72516 002004000028024026 631040.5 002001000007038010
5 631040.5 002001000007038010 854.931 002004000007038010
5 854.931 002004000007038010 1.72516 002004000028024026
5 1.72516 002004000028024026 244.004 016001000038031010
5 244.004 016001000038031010 12.0142 008001000038031010
5 12.0142 008001000038031010 1.72516 002004000028024026
5 1.72516 002004000028024026 2102380.0 061004000028031010
5 2102380.0 061004000028031010 4782.306666666667 061004000028024010
5 4782.306666666667 061004000028024010 1.72516 002004000028024026
5 1.72516 002004000028024026 4373760.0 061004000019038010
5 4373760.0 061004000019038010 1.72516 002004000028024026
5 1.72516 002004000028024026 12.0142 008001000038031010
5 12.0142 008001000038031010 18603200.0 061001000001024010
5 18603200.0 061001000001024010 62756.9 061006000001024010
5 62756.9 061006000001024010 1.72516 002004000028024026
5 1.72516 002004000028024026 208512.0 002004000050024010
5 208512.0 002004000050024010 147017.0 002004000050024005
5 147017.0 002004000050024005 1.72516 002004000028024026
5 1.72516 002004000028024026 5095496.5825 061002000028024010
5 5095496.5825 061002000028024010 36327.9 061002000003024010
5 36327.9 061002000003024010 1.72516 002004000028024026
5 1.72516 002004000028024026 318736.0 002001000019031028
5 318736.0 002001000019031028 43.8055 077001000019031028
5 43.8055 077001000019031028 1.72516 002004000028024026
5 1.72516 002004000028024026 1842730.0 008001000019024010
5 1842730.0 008001000019024010 368755.0 008001000019024025
5 368755.0 008001000019024025 1.72516 002004000028024026
5 1.72516 002004000028024026 41.9499 008001000028024010
5 41.9499 008001000028024010 1.72516 002004000028024026
5 1.72516 002004000028024026 12.0142 008001000038031010
5 12.0142 008001000038031010 238813.0 002001002038024025
5 238813.0 002001002038024025 1.72516 002004000028024026
5 1.72516 002004000028024026 12.0142 008001000038031010
5 12.0142 008001000038031010 248365.0 002001000038038010
5 248365.0 002001000038038010 207665.0 002001000010038010
5 207665.0 002001000010038010 1.72516 002004000028024026
5 1.72516 002004000028024026 3208.43945 002001000007024028
5 3208.43945 002001000007024028 3208.43945 002001000007024028
5 3208.43945 002001000007024028 1.72516 002004000028024026
5 1.72516 002004000028024026 377408.25070333335 008004000028024010
5 377408.25070333335 008004000028024010 377408.25070333335 008004000028024010
5 377408.25070333335 008004000028024010 1.72516 002004000028024026
5 1.72516 002004000028024026 85.182 016001002038024026
5 85.182 016001002038024026 1.72516 002004000028024026
5 1.72516 002004000028024026 377408.25070333335 008004000028024010
5 377408.25070333335 008004000028024010 1679808550.0 077002000001031010
5 1679808550.0 077002000001031010 1679808550.0 077002000001031010
5 1679808550.0 077002000001031010 1.72516 002004000028024026
5 1.72516 002004000028024026 12138.3 077002000019024028
5 12138.3 077002000019024028 3141.17 077002000003024028
5 3141.17 077002000003024028 1.72516 002004000028024026
5 1.72516 002004000028024026 2232380.0 061001000028038028
5 2232380.0 061001000028038028 15660.3 061001000028046028
5 15660.3 061001000028046028 1.72516 002004000028024026
5 1.72516 002004000028024026 4782.306666666667 061004000028024010
5 4782.306666666667 061004000028024010 3967.9 038004000028024010
5 3967.9 038004000028024010 1.72516 002004000028024026
5 1.72516 002004000028024026 2310160.0 016001000028031028
5 2310160.0 016001000028031028 4263.39 016001000028031045
5 4263.39 016001000028031045 1.72516 002004000028024026
5 1.72516 002004000028024026 3621130.0 016001000038024010
5 3621130.0 016001000038024010 208189.0 016004000038024010
5 208189.0 016004000038024010 1.72516 002004000028024026
5 1.72516 002004000028024026 2420720.0 016002002028024010
5 2420720.0 016002002028024010 1622900.0 016003002028024010
5 1622900.0 016003002028024010 1.72516 002004000028024026
5 1.72516 002004000028024026 11883.6 016001000007031010
5 11883.6 016001000007031010 2373.49 016002000007031010
5 2373.49 016002000007031010 1.72516 002004000028024026
5 1.72516 002004000028024026 869308.0 016004000038031010
5 869308.0 016004000038031010 7007.97 016004000038040010
5 7007.97 016004000038040010 1.72516 002004000028024026
5 1.72516 002004000028024026 392428.20178 002004000038026028
5 392428.20178 002004000038026028 1.72516 002004000028024026
5 1.72516 002004000028024026 377408.25070333335 008004000028024010
5 377408.25070333335 008004000028024010 2411212.0246666665 002001000007024010
5 2411212.0246666665 002001000007024010 1246.57 002001000007024004
5 1246.57 002001000007024004 1.72516 002004000028024026
5 1.72516 002004000028024026 3993.47 008001000007031025
5 3993.47 008001000007031025 1.72516 002004000028024026
5 1.72516 002004000028024026 392428.20178 002004000038026028
5 392428.20178 002004000038026028 631040.5 002001000007038010
5 631040.5 002001000007038010 1219.74 002001000007019010
5 1219.74 002001000007019010 1.72516 002004000028024026
5 1.72516 002004000028024026 21034400.0 061001002007024025
5 21034400.0 061001002007024025 16431100.0 061001002007024024
5 16431100.0 061001002007024024 1.72516 002004000028024026
5 1.72516 002004000028024026 230.89 061001000038026028
5 230.89 061001000038026028 184.903 061001000014026028
5 184.903 061001000014026028 1.72516 002004000028024026
5 1.72516 002004000028024026 479775.0 002004000019031028
5 479775.0 002004000019031028 1008.8 002004000019031031
5 1008.8 002004000019031031 1.72516 002004000028024026
5 1.72516 002004000028024026 362515.683 002001000019024025
5 362515.683 002001000019024025 362515.683 002001000019024025
5 362515.683 002001000019024025 1.72516 002004000028024026
5 1.72516 002004000028024026 11566208.345 061001000007026025
5 11566208.345 061001000007026025 11566208.345 061001000007026025
5 11566208.345 061001000007026025 1.72516 002004000028024026
5 1.72516 002004000028024026 1075630.0 002002000019024028
5 1075630.0 002002000019024028 596746.0 002002000019024018
5 596746.0 002002000019024018 1.72516 002004000028024026
5 1.72516 002004000028024026 7688.61 061001000019045028
5 7688.61 061001000019045028 7628.85 009001000019045028
5 7628.85 009001000019045028 1.72516 002004000028024026
5 1.72516 002004000028024026 384800.05337 008004000038031010
5 384800.05337 008004000038031010 1.72516 002004000028024026
5 1.72516 002004000028024026 392428.20178 002004000038026028
5 392428.20178 002004000038026028 377408.25070333335 008004000028024010
5 377408.25070333335 008004000028024010 65733.8 008006000028024010
5 65733.8 008006000028024010 1.72516 002004000028024026
5 1.72516 002004000028024026 4051.19195 002001000038031028
5 4051.19195 002001000038031028 7110.39 033001000038031028
5 7110.39 033001000038031028 1.72516 002004000028024026
5 1.72516 002004000028024026 2800.96 077001000019024010
5 2800.96 077001000019024010 1114.93 077001000029024010
5 1114.93 077001000029024010 1.72516 002004000028024026
5 1.72516 002004000028024026 2411212.0246666665 002001000007024010
5 2411212.0246666665 002001000007024010 1.72516 002004000028024026
5 1.72516 002004000028024026 392428.20178 002004000038026028
5 392428.20178 002004000038026028 205619.0 002001002028031010
5 205619.0 002001002028031010 145184.0 002001002037031010
5 145184.0 002001002037031010 1.72516 002004000028024026
5 1.72516 002004000028024026 16489.2 008004000050024025
5 16489.2 008004000050024025 11293.2 008004001050024025
5 11293.2 008004001050024025 1.72516 002004000028024026
5 1.72516 002004000028024026 1312780.0 008001000038024025
5 1312780.0 008001000038024025 594364.0 008001000011024025
5 594364.0 008001000011024025 1.72516 002004000028024026
5 1.72516 002004000028024026 31141.4 002002000038024028
5 31141.4 002002000038024028 7.15262 091002000038024028
5 7.15262 091002000038024028 1.72516 002004000028024026
5 1.72516 002004000028024026 98914.9766085 002000000038031010
5 98914.9766085 002000000038031010 1.72516 002004000028024026
5 1.72516 002004000028024026 392428.20178 002004000038026028
5 392428.20178 002004000038026028 273735.0 002004000038026025
5 273735.0 002004000038026025 217288.0 002004000013026025
5 217288.0 002004000013026025 98914.9766085 002000000038031010
5 98914.9766085 002000000038031010 21.1856 008000000028026028
5 21.1856 008000000028026028 98914.9766085 002000000038031010
5 98914.9766085 002000000038031010 1.72516 002004000028024026
5 1.72516 002004000028024026 156490.0 002001000038026010
5 156490.0 002001000038026010 119.978 002001002038026010
5 119.978 002001002038026010 98914.9766085 002000000038031010
5 98914.9766085 002000000038031010 1172710.0 008001000019031010
5 1172710.0 008001000019031010 851688.0 008001001019031010
5 851688.0 008001001019031010 98914.9766085 002000000038031010
5 98914.9766085 002000000038031010 203.782 002004000007024028
5 203.782 002004000007024028 14626.6 002004001007024028
5 14626.6 002004001007024028 98914.9766085 002000000038031010
5 98914.9766085 002000000038031010 677820.0 002004000028024025
5 677820.0 002004000028024025 508572.0 002004000028017025
5 508572.0 002004000028017025 98914.9766085 002000000038031010
5 98914.9766085 002000000038031010 3374.64 091001000038031010
5 3374.64 091001000038031010 2084.61 091001000033031010
5 2084.61 091001000033031010 98914.9766085 002000000038031010
5 98914.9766085 002000000038031010 162796.0 002000000050031010
5 162796.0 002000000050031010 14.2599 002000000050031016
5 14.2599 002000000050031016 98914.9766085 002000000038031010
5 98914.9766085 002000000038031010 6352.03 002000000019026028
5 6352.03 002000000019026028 65.5547 002000000021026028
5 65.5547 002000000021026028 98914.9766085 002000000038031010
5 98914.9766085 002000000038031010 11024.0 002004000007024010
5 11024.0 002004000007024010 203.782 002004000007024028
5 203.782 002004000007024028 98914.9766085 002000000038031010
5 98914.9766085 002000000038031010 539171.0 002001000038024010
5 539171.0 002001000038024010 25628.5 002001000042024010
5 25628.5 002001000042024010 98914.9766085 002000000038031010
5 98914.9766085 002000000038031010 516072.0 002004000019024025
5 516072.0 002004000019024025 6145.72 002003000019024025
5 6145.72 002003000019024025 98914.9766085 002000000038031010
5 98914.9766085 002000000038031010 164721.17626666668 008000000038031010
5 164721.17626666668 008000000038031010 98914.9766085 002000000038031010
5 98914.9766085 002000000038031010 1.72516 002004000028024026
5 1.72516 002004000028024026 272677.0131 008000000038024028
5 272677.0131 008000000038024028 5422.08 008000000038010028
5 5422.08 008000000038010028 98914.9766085 002000000038031010
5 98914.9766085 002000000038031010 392428.20178 002004000038026028
5 392428.20178 002004000038026028 392428.20178 002004000038026028
5 392428.20178 002004000038026028 98914.9766085 002000000038031010
5 98914.9766085 002000000038031010 762449.0 002001000038026028
5 762449.0 002001000038026028 762449.0 002001000038026028
5 762449.0 002001000038026028 98914.9766085 002000000038031010
5 98914.9766085 002000000038031010 873020.0 002000000028031028
5 873020.0 002000000028031028 1.39174 014000000028031028
5 1.39174 014000000028031028 98914.9766085 002000000038031010
5 98914.9766085 002000000038031010 298873.0 008000000028024028
5 298873.0 008000000028024028 45.7547 008000000028024021
5 45.7547 008000000028024021 98914.9766085 002000000038031010
5 98914.9766085 002000000038031010 2128.86 002001000028026016
5 2128.86 002001000028026016 102.537 002004000028026016
5 102.537 002004000028026016 98914.9766085 002000000038031010
5 98914.9766085 002000000038031010 1722250.0 077000000038024028
5 1722250.0 077000000038024028 1497590.0 077000000038024018
5 1497590.0 077000000038024018 98914.9766085 002000000038031010
5 98914.9766085 002000000038031010 18878.9 014004000007024010
5 18878.9 014004000007024010 197.431 014004000021024010
5 197.431 014004000021024010 98914.9766085 002000000038031010
5 98914.9766085 002000000038031010 4537.3 002000000038024010
5 4537.3 002000000038024010 98914.9766085 002000000038031010
5 98914.9766085 002000000038031010 1.39174 014000000028031028
5 1.39174 014000000028031028 873020.0 002000000028031028
5 873020.0 002000000028031028 815546.0 002000000028031016
5 815546.0 002000000028031016 98914.9766085 002000000038031010
5 98914.9766085 002000000038031010 8489.85 091004000007031010
5 8489.85 091004000007031010 5823.99 091004000007046010
5 5823.99 091004000007046010 98914.9766085 002000000038031010
5 98914.9766085 002000000038031010 737726.5 008004000028024028
5 737726.5 008004000028024028 338245.0 016004000028024028
5 338245.0 016004000028024028 98914.9766085 002000000038031010
5 98914.9766085 002000000038031010 740394.0 002000000028024021
5 740394.0 002000000028024021 45.7454 002000001028024021
5 45.7454 002000001028024021 98914.9766085 002000000038031010
5 98914.9766085 002000000038031010 272677.0131 008000000038024028
5 272677.0131 008000000038024028 2.1542 008000000038038028
5 2.1542 008000000038038028 98914.9766085 002000000038031010
5 98914.9766085 002000000038031010 40310.7 002000000028031010
5 40310.7 002000000028031010 88.4858 002000000028012010
5 88.4858 002000000028012010 98914.9766085 002000000038031010
5 98914.9766085 002000000038031010 479.049 002000000028024028
5 479.049 002000000028024028 77.7999 002000000035024028
5 77.7999 002000000035024028 98914.9766085 002000000038031010
5 98914.9766085 002000000038031010 173575.0 002002000050026010
5 173575.0 002002000050026010 97.665 011002000050026010
5 97.665 011002000050026010 98914.9766085 002000000038031010
5 98914.9766085 002000000038031010 527997.0 002004000028024010
5 527997.0 002004000028024010 105.681 002004000042024010
5 105.681 002004000042024010 98914.9766085 002000000038031010
5 98914.9766085 002000000038031010 272677.0131 008000000038024028
5 272677.0131 008000000038024028 191602.0 008000001038024028
5 191602.0 008000001038024028 98914.9766085 002000000038031010
5 98914.9766085 002000000038031010 208876.0 008000000038024021
5 208876.0 008000000038024021 46.786 008005000038024021
5 46.786 008005000038024021 98914.9766085 002000000038031010
5 98914.9766085 002000000038031010 272677.0131 008000000038024028
5 272677.0131 008000000038024028 98914.9766085 002000000038031010
5 98914.9766085 002000000038031010 1.39174 014000000028031028
5 1.39174 014000000028031028 595823.5 002000000038026028
5 595823.5 002000000038026028 595823.5 002000000038026028
5 595823.5 002000000038026028 98914.9766085 002000000038031010
5 98914.9766085 002000000038031010 4757210.0 077005000028031028
5 4757210.0 077005000028031028 568351.0 077005000028045028
5 568351.0 077005000028045028 98914.9766085 002000000038031010
5 98914.9766085 002000000038031010 234977.0 008002000028024010
5 234977.0 008002000028024010 184.522 008002002028024010
5 184.522 008002002028024010 98914.9766085 002000000038031010
5 98914.9766085 002000000038031010 456823.0 008000000050024026
5 456823.0 008000000050024026 183806.0 008000000050024015
5 183806.0 008000000050024015 98914.9766085 002000000038031010
5 98914.9766085 002000000038031010 344798.0 002004000038038028
5 344798.0 002004000038038028 1246.05 002004000038017028
5 1246.05 002004000038017028 98914.9766085 002000000038031010
5 98914.9766085 002000000038031010 38.887 008000000038024010
5 38.887 008000000038024010 5.80085 018000000038024010
5 5.80085 018000000038024010 98914.9766085 002000000038031010
5 98914.9766085 002000000038031010 384800.05337 008004000038031010
5 384800.05337 008004000038031010 7282.29 008004000022031010
5 7282.29 008004000022031010 98914.9766085 002000000038031010
5 98914.9766085 002000000038031010 14287.78 014001000050024010
5 14287.78 014001000050024010 14287.78 014001000050024010
5 14287.78 014001000050024010 98914.9766085 002000000038031010
5 98914.9766085 002000000038031010 139089.8 008000000028031010
5 139089.8 008000000028031010 108661.0 008003000028031010
5 108661.0 008003000028031010 98914.9766085 002000000038031010
5 98914.9766085 002000000038031010 81.9797 002000000028026021
5 81.9797 002000000028026021 98914.9766085 002000000038031010
5 98914.9766085 002000000038031010 1.39174 014000000028031028
5 1.39174 014000000028031028 345504.0 008000000019026028
5 345504.0 008000000019026028 9162.31 008004000019026028
5 9162.31 008004000019026028 98914.9766085 002000000038031010
5 98914.9766085 002000000038031010 950.654 008004000038024010
5 950.654 008004000038024010 37.5547 008004000029024010
5 37.5547 008004000029024010 98914.9766085 002000000038031010
5 98914.9766085 002000000038031010 1893270.0 077004000029031028
5 1893270.0 077004000029031028 6197.2673 077000000029031028
5 6197.2673 077000000029031028 98914.9766085 002000000038031010
5 98914.9766085 002000000038031010 247686.0 008004000038031028
5 247686.0 008004000038031028 14489.7 016004000038031028
5 14489.7 016004000038031028 98914.9766085 002000000038031010
5 98914.9766085 002000000038031010 384800.05337 008004000038031010
5 384800.05337 008004000038031010 86.844 008004000008031010
5 86.844 008004000008031010 98914.9766085 002000000038031010
5 98914.9766085 002000000038031010 16732.6 077000000038031016
5 16732.6 077000000038031016 3.6842 029000000038031016
5 3.6842 029000000038031016 98914.9766085 002000000038031010
5 98914.9766085 002000000038031010 307397.0 002000000038031016
5 307397.0 002000000038031016 307397.0 002000000038031016
5 307397.0 002000000038031016 98914.9766085 002000000038031010
5 98914.9766085 002000000038031010 272677.0131 008000000038024028
5 272677.0131 008000000038024028 98914.9766085 002000000038031010
5 98914.9766085 002000000038031010 1.39174 014000000028031028
5 1.39174 014000000028031028 2092700.6666666667 091000000038031010
5 2092700.6666666667 091000000038031010 2092700.6666666667 091000000038031010
5 2092700.6666666667 091000000038031010 98914.9766085 002000000038031010
5 98914.9766085 002000000038031010 10111.8 008000000050031010
5 10111.8 008000000050031010 79.194 031000000050031010
5 79.194 031000000050031010 98914.9766085 002000000038031010
5 98914.9766085 002000000038031010 541192.0 002004000038024026
5 541192.0 002004000038024026 202425.0 002006000038024026
5 202425.0 002006000038024026 98914.9766085 002000000038031010
5 98914.9766085 002000000038031010 143218.04083333333 008000000038031028
5 143218.04083333333 008000000038031028 6.74722 008000000038031026
5 6.74722 008000000038031026 98914.9766085 002000000038031010
5 98914.9766085 002000000038031010 710164.0 018004000050031010
5 710164.0 018004000050031010 15074.2 018004000050031017
5 15074.2 018004000050031017 98914.9766085 002000000038031010
5 98914.9766085 002000000038031010 143218.04083333333 008000000038031028
5 143218.04083333333 008000000038031028 14.0675 008000000038034028
5 14.0675 008000000038034028 98914.9766085 002000000038031010
5 98914.9766085 002000000038031010 6303.52 008001000038024026
5 6303.52 008001000038024026 2353.71 008001000007024026
5 2353.71 008001000007024026 98914.9766085 002000000038031010
5 98914.9766085 002000000038031010 4089680.0 029004000038024028
5 4089680.0 029004000038024028 987518.0 029000000038024028
5 987518.0 029000000038024028 98914.9766085 002000000038031010
5 98914.9766085 002000000038031010 331962.0 029004000028031026
5 331962.0 029004000028031026 11117.9 092004000028031026
5 11117.9 092004000028031026 98914.9766085 002000000038031010
5 98914.9766085 002000000038031010 235259.5 002000000050031026
5 235259.5 002000000050031026 235259.5 002000000050031026
5 235259.5 002000000050031026 98914.9766085 002000000038031010
5 98914.9766085 002000000038031010 410793.0 008004000050024028
5 410793.0 008004000050024028 293379.0 015004000050024028
5 293379.0 015004000050024028 98914.9766085 002000000038031010
5 98914.9766085 002000000038031010 139089.8 008000000028031010
5 139089.8 008000000028031010 98914.9766085 002000000038031010
5 98914.9766085 002000000038031010 1.39174 014000000028031028
5 1.39174 014000000028031028 164721.17626666668 008000000038031010
5 164721.17626666668 008000000038031010 15597.4 008000002038031010
5 15597.4 008000002038031010 98914.9766085 002000000038031010
5 98914.9766085 002000000038031010 136947.815 008000000038034010
5 136947.815 008000000038034010 98914.9766085 002000000038031010
5 98914.9766085 002000000038031010 1.39174 014000000028031028
5 1.39174 014000000028031028 6197.2673 077000000029031028
5 6197.2673 077000000029031028 4224.3 077000000001031028
5 4224.3 077000000001031028 98914.9766085 002000000038031010
5 98914.9766085 002000000038031010 1371190.0 008004000028031028
5 1371190.0 008004000028031028 38.938 008002000028031028
5 38.938 008002000028031028 98914.9766085 002000000038031010
5 98914.9766085 002000000038031010 13504.5 002000000038031028
5 13504.5 002000000038031028 59.4991 002000000038020028
5 59.4991 002000000038020028 98914.9766085 002000000038031010
5 98914.9766085 002000000038031010 1336740.0 008000000038034016
5 1336740.0 008000000038034016 116599.0 008000000038028016
5 116599.0 008000000038028016 98914.9766085 002000000038031010
5 98914.9766085 002000000038031010 204444.0 002004000028031028
5 204444.0 002004000028031028 12429.8 002003000028031028
5 12429.8 002003000028031028 98914.9766085 002000000038031010
5 98914.9766085 002000000038031010 3107040.0 091004000038031028
5 3107040.0 091004000038031028 1194180.0 091004000038019028
5 1194180.0 091004000038019028 98914.9766085 002000000038031010
5 98914.9766085 002000000038031010 267383.0 014000000038031028
5 267383.0 014000000038031028 49.365 014000000038031032
5 49.365 014000000038031032 98914.9766085 002000000038031010
5 98914.9766085 002000000038031010 787341.0 029000000028026010
5 787341.0 029000000028026010 10230.9 029000000028009010
5 10230.9 029000000028009010 98914.9766085 002000000038031010
5 98914.9766085 002000000038031010 1225540.0 029001000029031028
5 1225540.0 029001000029031028 899723.0 029002000029031028
5 899723.0 029002000029031028 98914.9766085 002000000038031010
5 98914.9766085 002000000038031010 3792.0276 014000000038038028
5 3792.0276 014000000038038028 3792.0276 014000000038038028
5 3792.0276 014000000038038028 98914.9766085 002000000038031010
5 98914.9766085 002000000038031010 5432.25 029000000028031010
5 5432.25 029000000028031010 81.1633 029000000028031003
5 81.1633 029000000028031003 98914.9766085 002000000038031010
5 98914.9766085 002000000038031010 264.338 077001000038026028
5 264.338 077001000038026028 98914.9766085 002000000038031010
5 98914.9766085 002000000038031010 1.39174 014000000028031028
5 1.39174 014000000028031028 2517840.0 008002000038026028
5 2517840.0 008002000038026028 1118240.0 008005000038026028
5 1118240.0 008005000038026028 98914.9766085 002000000038031010
5 98914.9766085 002000000038031010 103.513 014002000038024028
5 103.513 014002000038024028 11.3086 041002000038024028
5 11.3086 041002000038024028 98914.9766085 002000000038031010
5 98914.9766085 002000000038031010 9311.99 008002000038031016
5 9311.99 008002000038031016 88.2896 008002000043031016
5 88.2896 008002000043031016 98914.9766085 002000000038031010
5 98914.9766085 002000000038031010 286528.0 008001000038031028
5 286528.0 008001000038031028 279069.0 008001000038049028
5 279069.0 008001000038049028 98914.9766085 002000000038031010
5 98914.9766085 002000000038031010 743962.0 018002000029031026
5 743962.0 018002000029031026 13737.4 018002000029031017
5 13737.4 018002000029031017 98914.9766085 002000000038031010
5 98914.9766085 002000000038031010 2035.93 008000000028031028
5 2035.93 008000000028031028 98914.9766085 002000000038031010
5 98914.9766085 002000000038031010 1.39174 014000000028031028
5 1.39174 014000000028031028 4051.19195 002001000038031028
5 4051.19195 002001000038031028 30.049905 002001000038031016
5 30.049905 002001000038031016 98914.9766085 002000000038031010
5 98914.9766085 002000000038031010 2075610.0 091002000028024016
5 2075610.0 091002000028024016 12829.6 091005000028024016
5 12829.6 091005000028024016 30.049905 002001000038031016
5 30.049905 002001000038031016 2092700.6666666667 091000000038031010
5 2092700.6666666667 091000000038031010 236349.0 091000000006031010
5 236349.0 091000000006031010 30.049905 002001000038031016
5 30.049905 002001000038031016 257481.0 002000000028038028
5 257481.0 002000000028038028 30.049905 002001000038031016
5 30.049905 002001000038031016 98914.9766085 002000000038031010
5 98914.9766085 002000000038031010 76.2645 002000000038038016
5 76.2645 002000000038038016 76.2645 002000000038038016
5 76.2645 002000000038038016 30.049905 002001000038031016
5 30.049905 002001000038031016 1522740.0 041004000028024028
5 1522740.0 041004000028024028 991959.0 023004000028024028
5 991959.0 023004000028024028 30.049905 002001000038031016
5 30.049905 002001000038031016 404646.0 008000000038031016
5 404646.0 008000000038031016 197142.0 008004000038031016
5 197142.0 008004000038031016 30.049905 002001000038031016
5 30.049905 002001000038031016 152217.0 008000000038038026
5 152217.0 008000000038038026 9960.41 008000001038038026
5 9960.41 008000001038038026 30.049905 002001000038031016
5 30.049905 002001000038031016 2903880.0 014001000038024028
5 2903880.0 014001000038024028 1019360.0 019001000038024028
5 1019360.0 019001000038024028 30.049905 002001000038031016
5 30.049905 002001000038031016 1471740.0 077000000038024026
5 1471740.0 077000000038024026 757.09 077000000038024044
5 757.09 077000000038024044 30.049905 002001000038031016
5 30.049905 002001000038031016 98914.9766085 002000000038031010
5 98914.9766085 002000000038031010 168851.0 002000000038029010
5 168851.0 002000000038029010 30.049905 002001000038031016
5 30.049905 002001000038031016 108.197 077000000029034010
5 108.197 077000000029034010 30.049905 002001000038031016
5 30.049905 002001000038031016 98914.9766085 002000000038031010
5 98914.9766085 002000000038031010 3423830.0 014001000038031028
5 3423830.0 014001000038031028 4512.21 014001000038033028
5 4512.21 014001000038033028 30.049905 002001000038031016
5 30.049905 002001000038031016 1517570.0 008004000038031026
5 1517570.0 008004000038031026 84.1735 008004000043031026
5 84.1735 008004000043031026 30.049905 002001000038031016
5 30.049905 002001000038031016 1491290.0 002002000038038028
5 1491290.0 002002000038038028 419857.0 002002002038038028
5 419857.0 002002002038038028 30.049905 002001000038031016
5 30.049905 002001000038031016 143218.04083333333 008000000038031028
5 143218.04083333333 008000000038031028 40.8207 054000000038031028
5 40.8207 054000000038031028 30.049905 002001000038031016
5 30.049905 002001000038031016 737726.5 008004000028024028
5 737726.5 008004000028024028 2153.83 008004000028001028
5 2153.83 008004000028001028 30.049905 002001000038031016
5 30.049905 002001000038031016 372459.0 008000000029031026
5 372459.0 008000000029031026 303417.0 008000000029043026
5 303417.0 008000000029043026 30.049905 002001000038031016
5 30.049905 002001000038031016 30.049905 002001000038031016
5 30.049905 002001000038031016 31.4303 024001000038031016
5 31.4303 024001000038031016 30.049905 002001000038031016
5 30.049905 002001000038031016 50.4136 002002000038024010
5 50.4136 002002000038024010 30.049905 002001000038031016
5 30.049905 002001000038031016 98914.9766085 002000000038031010
5 98914.9766085 002000000038031010 215444.0 002000000038031026
5 215444.0 002000000038031026 10379.1 002000000038000026
5 10379.1 002000000038000026 30.049905 002001000038031016
5 30.049905 002001000038031016 2209.03 002000000028026010
5 2209.03 002000000028026010 43.6346 002000000031026010
5 43.6346 002000000031026010 30.049905 002001000038031016
5 30.049905 002001000038031016 9290590.0 091004000029024028
5 9290590.0 091004000029024028 6470040.0 088004000029024028
5 6470040.0 088004000029024028 30.049905 002001000038031016
5 30.049905 002001000038031016 418804.0 018004000050031028
5 418804.0 018004000050031028 12621.9 018002000050031028
5 12621.9 018002000050031028 30.049905 002001000038031016
5 30.049905 002001000038031016 9369.786706666668 091000000038031028
5 9369.786706666668 091000000038031028 30.049905 002001000038031016
5 30.049905 002001000038031016 98914.9766085 002000000038031010
5 98914.9766085 002000000038031010 9369.786706666668 091000000038031028
5 9369.786706666668 091000000038031028 43.7572 091000000038031018
5 43.7572 091000000038031018 30.049905 002001000038031016
5 30.049905 002001000038031016 7.0392 002004000038034010
5 7.0392 002004000038034010 30.049905 002001000038031016
5 30.049905 002001000038031016 98914.9766085 002000000038031010
5 98914.9766085 002000000038031010 92.335 091002000038031028
5 92.335 091002000038031028 30.049905 002001000038031016
5 30.049905 002001000038031016 98914.9766085 002000000038031010
5 98914.9766085 002000000038031010 164721.17626666668 008000000038031010
5 164721.17626666668 008000000038031010 6340.73 008000000038048010
5 6340.73 008000000038048010 30.049905 002001000038031016
5 30.049905 002001000038031016 9369.786706666668 091000000038031028
5 9369.786706666668 091000000038031028 28.0694 093000000038031028
5 28.0694 093000000038031028 30.049905 002001000038031016
5 30.049905 002001000038031016 306555.0 014000000028038028
5 306555.0 014000000028038028 1634.01 014000000028038034
5 1634.01 014000000028038034 30.049905 002001000038031016
5 30.049905 002001000038031016 336030.0 002004000038031010
5 336030.0 002004000038031010 267490.0 003004000038031010
5 267490.0 003004000038031010 30.049905 002001000038031016
5 30.049905 002001000038031016 1493860.0 008002000038031028
5 1493860.0 008002000038031028 1196950.0 008002000024031028
5 1196950.0 008002000024031028 30.049905 002001000038031016
5 30.049905 002001000038031016 219225.0 018001000038026010
5 219225.0 018001000038026010 7252.26 083001000038026010
5 7252.26 083001000038026010 30.049905 002001000038031016
5 30.049905 002001000038031016 136947.815 008000000038034010
5 136947.815 008000000038034010 58214.1 008000001038034010
5 58214.1 008000001038034010 30.049905 002001000038031016
5 30.049905 002001000038031016 24671.9 091001001028031010
5 24671.9 091001001028031010 12494.6 091001001030031010
5 12494.6 091001001030031010 30.049905 002001000038031016
5 30.049905 002001000038031016 29008.3 029004000038031010
5 29008.3 029004000038031010 7650.83 029004000038031023
5 7650.83 029004000038031023 30.049905 002001000038031016
5 30.049905 002001000038031016 687195.0 041004000038031010
5 687195.0 041004000038031010 32321.6 041006000038031010
5 32321.6 041006000038031010 30.049905 002001000038031016
5 30.049905 002001000038031016 8075.89 041000000038031010
5 8075.89 041000000038031010 1568.13 042000000038031010
5 1568.13 042000000038031010 30.049905 002001000038031016
5 30.049905 002001000038031016 1623410.0 014000000038024010
5 1623410.0 014000000038024010 442.306 014000002038024010
5 442.306 014000002038024010 30.049905 002001000038031016
5 30.049905 002001000038031016 37.33185 002000000038026016
5 37.33185 002000000038026016 37.33185 002000000038026016
5 37.33185 002000000038026016 30.049905 002001000038031016
5 30.049905 002001000038031016 307397.0 002000000038031016
5 307397.0 002000000038031016 117.957 002000000007031016
5 117.957 002000000007031016 30.049905 002001000038031016
6 30.049905 002001000038031016 563239.0 056000002036033034
6 563239.0 056000002036033034 2239.46 056000002039033034
6 2239.46 056000002039033034 13272.1 061003001019016002
6 13272.1 061003001019016002 4828880000.0 038004002036009002
6 4828880000.0 038004002036009002 148567000.0 100004002036009002
6 148567000.0 100004002036009002 2239.46 056000002039033034
6 2239.46 056000002039033034 15479.7 007000002028016026
6 15479.7 007000002028016026 58.5514 007000002028016007
6 58.5514 007000002028016007 2239.46 056000002039033034
6 2239.46 056000002039033034 22095.5 056002002028007034
6 22095.5 056002002028007034 173.637 056002002000007034
6 173.637 056002002000007034 58.5514 007000002028016007
6 58.5514 007000002028016007 5705890.0 052002000031036024
6 5705890.0 052002000031036024 261780.0 043002000031036024
6 261780.0 043002000031036024 58.5514 007000002028016007
6 58.5514 007000002028016007 3510030.0 007002002036016034
6 3510030.0 007002002036016034 70491.2 007006002036016034
6 70491.2 007006002036016034 58.5514 007000002028016007
6 58.5514 007000002028016007 5817590000.0 061002002033036026
6 5817590000.0 061002002033036026 100433000.0 061002002033036019
6 100433000.0 061002002033036019 58.5514 007000002028016007
6 58.5514 007000002028016007 40935523.3645 043003000033033012
6 40935523.3645 043003000033033012 40935523.3645 043003000033033012
6 40935523.3645 043003000033033012 58.5514 007000002028016007
6 58.5514 007000002028016007 3914750.0 056001000028009036
6 3914750.0 056001000028009036 2412.64 056001000046009036
6 2412.64 056001000046009036 58.5514 007000002028016007
6 58.5514 007000002028016007 215152.6 007003002028050034
6 215152.6 007003002028050034 215152.6 007003002028050034
6 215152.6 007003002028050034 58.5514 007000002028016007
6 58.5514 007000002028016007 11012.2 056000000036038034
6 11012.2 056000000036038034 10192.1 056000000036046034
6 10192.1 056000000036046034 58.5514 007000002028016007
6 58.5514 007000002028016007 520367.44033 056000000028038034
6 520367.44033 056000000028038034 58.5514 007000002028016007
6 58.5514 007000002028016007 40935523.3645 043003000033033012
6 40935523.3645 043003000033033012 1851050.0 011003001028033034
6 1851050.0 011003001028033034 1168490.0 011003001028033001
6 1168490.0 011003001028033001 520367.44033 056000000028038034
6 520367.44033 056000000028038034 41.0642 002000002036050012
6 41.0642 002000002036050012 520367.44033 056000000028038034
6 520367.44033 056000000028038034 58.5514 007000002028016007
6 58.5514 007000002028016007 395033.0 002003001028016008
6 395033.0 002003001028016008 11020.7 002003001028033008
6 11020.7 002003001028033008 520367.44033 056000000028038034
6 520367.44033 056000000028038034 29913.7 056002000016016007
6 29913.7 056002000016016007 520367.44033 056000000028038034
6 520367.44033 056000000028038034 41.0642 002000002036050012
6 41.0642 002000002036050012 707316.0 002000000028007012
6 707316.0 002000000028007012 309470.0 002000000025007012
6 309470.0 002000000025007012 520367.44033 056000000028038034
6 520367.44033 056000000028038034 1415.8 043003000036016034
6 1415.8 043003000036016034 520367.44033 056000000028038034
6 520367.44033 056000000028038034 41.0642 002000002036050012
6 41.0642 002000002036050012 146670.0 007001001028016007
6 146670.0 007001001028016007 16632.5 007001001028016025
6 16632.5 007001001028016025 520367.44033 056000000028038034
6 520367.44033 056000000028038034 231219.0 007000001028033034
6 231219.0 007000001028033034 33308.9 068000001028033034
6 33308.9 068000001028033034 520367.44033 056000000028038034
6 520367.44033 056000000028038034 436123.0 007003001033038007
6 436123.0 007003001033038007 32125.2 042003001033038007
6 32125.2 042003001033038007 520367.44033 056000000028038034
6 520367.44033 056000000028038034 189150000.0 042000002028016008
6 189150000.0 042000002028016008 29449400.0 042000002028030008
6 29449400.0 042000002028030008 520367.44033 056000000028038034
6 520367.44033 056000000028038034 183478.0 007000002028016002
6 183478.0 007000002028016002 48636.4 007000002048016002
6 48636.4 007000002048016002 520367.44033 056000000028038034
6 520367.44033 056000000028038034 62437.6 056000002036050034
6 62437.6 056000002036050034 18010.1 056000002030050034
6 18010.1 056000002030050034 520367.44033 056000000028038034
6 520367.44033 056000000028038034 694832.87 056002000028038034
6 694832.87 056002000028038034 694832.87 056002000028038034
6 694832.87 056002000028038034 520367.44033 056000000028038034
6 520367.44033 056000000028038034 16738900.0 056002002028038034
6 16738900.0 056002002028038034 28.0943 003002002028038034
6 28.0943 003002002028038034 520367.44033 056000000028038034
6 520367.44033 056000000028038034 3664735.0 056001000028033034
6 3664735.0 056001000028033034 3664735.0 056001000028033034
6 3664735.0 056001000028033034 520367.44033 056000000028038034
6 520367.44033 056000000028038034 114908000.0 056003002036050012
6 114908000.0 056003002036050012 46758.0 056003002036018012
6 46758.0 056003002036018012 520367.44033 056000000028038034
6 520367.44033 056000000028038034 185705.5675 002001001036016012
6 185705.5675 002001001036016012 185705.5675 002001001036016012
6 185705.5675 002001001036016012 520367.44033 056000000028038034
6 520367.44033 056000000028038034 11812.9 002001002028016034
6 11812.9 002001002028016034 5562.09 002001000028016034
6 5562.09 002001000028016034 520367.44033 056000000028038034
6 520367.44033 056000000028038034 313102.0 003000000028038012
6 313102.0 003000000028038012 8220.6 003000000028040012
6 8220.6 003000000028040012 520367.44033 056000000028038034
6 520367.44033 056000000028038034 4379630.0 056001002046038034
6 4379630.0 056001002046038034 36325.9 056001002046031034
6 36325.9 056001002046031034 520367.44033 056000000028038034
6 520367.44033 056000000028038034 293460.0 043000000028050034
6 293460.0 043000000028050034 96227.0 072000000028050034
6 96227.0 072000000028050034 520367.44033 056000000028038034
6 520367.44033 056000000028038034 85.0239 003000001036007034
6 85.0239 003000001036007034 520367.44033 056000000028038034
6 520367.44033 056000000028038034 28.0943 003002002028038034
6 28.0943 003002002028038034 797178.5 007002000000033034
6 797178.5 007002000000033034 797178.5 007002000000033034
6 797178.5 007002000000033034 520367.44033 056000000028038034
6 520367.44033 056000000028038034 680902.0 002000000036038034
6 680902.0 002000000036038034 368886.0 002000000036038005
6 368886.0 002000000036038005 520367.44033 056000000028038034
6 520367.44033 056000000028038034 203278.1205 056001002028038034
6 203278.1205 056001002028038034 203278.1205 056001002028038034
6 203278.1205 056001002028038034 520367.44033 056000000028038034
6 520367.44033 056000000028038034 520367.44033 056000000028038034
6 520367.44033 056000000028038034 4147.7 056005000028038034
6 4147.7 056005000028038034 520367.44033 056000000028038034
6 520367.44033 056000000028038034 4867213.0 056000002028038034
6 4867213.0 056000002028038034 4867213.0 056000002028038034
6 4867213.0 056000002028038034 520367.44033 056000000028038034
6 520367.44033 056000000028038034 10691640.7 056001002036016034
6 10691640.7 056001002036016034 10691640.7 056001002036016034
6 10691640.7 056001002036016034 520367.44033 056000000028038034
6 520367.44033 056000000028038034 502688.0 056000000039009034
6 502688.0 056000000039009034 12345.5 049000000039009034
6 12345.5 049000000039009034 520367.44033 056000000028038034
6 520367.44033 056000000028038034 366741.0 003000000039040036
6 366741.0 003000000039040036 1119.89 017000000039040036
6 1119.89 017000000039040036 520367.44033 056000000028038034
6 520367.44033 056000000028038034 2640350.0 056000000028007012
6 2640350.0 056000000028007012 4183.84 056000000010007012
6 4183.84 056000000010007012 520367.44033 056000000028038034
6 520367.44033 056000000028038034 4744.03 043001000028016012
6 4744.03 043001000028016012 2198.85 043001000028039012
6 2198.85 043001000028039012 520367.44033 056000000028038034
6 520367.44033 056000000028038034 409408.0 056000000033007012
6 409408.0 056000000033007012 165256.0 056000000033039012
6 165256.0 056000000033039012 520367.44033 056000000028038034
6 520367.44033 056000000028038034 1247.45 043000000010033012
6 1247.45 043000000010033012 63.3197 043000000010024012
6 63.3197 043000000010024012 520367.44033 056000000028038034
6 520367.44033 056000000028038034 577463.0 002000002036033034
6 577463.0 002000002036033034 2959.56 002000000036033034
6 2959.56 002000000036033034 520367.44033 056000000028038034
6 520367.44033 056000000028038034 33326.077 043003002028007036
6 33326.077 043003002028007036 33326.077 043003002028007036
6 33326.077 043003002028007036 520367.44033 056000000028038034
6 520367.44033 056000000028038034 146002000.0 056000002036033007
6 146002000.0 056000002036033007 15277.3 056000002036011007
6 15277.3 056000002036011007 520367.44033 056000000028038034
6 520367.44033 056000000028038034 4293530.0 043001000039033007
6 4293530.0 043001000039033007 3290.19 043005000039033007
6 3290.19 043005000039033007 520367.44033 056000000028038034
6 520367.44033 056000000028038034 2249.02 002000001010033034
6 2249.02 002000001010033034 38.7632 002000001025033034
6 38.7632 002000001025033034 520367.44033 056000000028038034
6 520367.44033 056000000028038034 13157.2 002000002028033034
6 13157.2 002000002028033034 520367.44033 056000000028038034
6 520367.44033 056000000028038034 203278.1205 056001002028038034
6 203278.1205 056001002028038034 399015.0 043000000036033034
6 399015.0 043000000036033034 11708.3 043000000036017034
6 11708.3 043000000036017034 520367.44033 056000000028038034
6 520367.44033 056000000028038034 25711800.0 043000002036038012
6 25711800.0 043000002036038012 3139570.0 043000001036038012
6 3139570.0 043000001036038012 520367.44033 056000000028038034
6 520367.44033 056000000028038034 698762.0 002000000028038034
6 698762.0 002000000028038034 61.0683 002003000028038034
6 61.0683 002003000028038034 520367.44033 056000000028038034
6 520367.44033 056000000028038034 21352.3 043002001028039036
6 21352.3 043002001028039036 272.548 043002001028039039
6 272.548 043002001028039039 520367.44033 056000000028038034
6 520367.44033 056000000028038034 20399.8 003003002028007012
6 20399.8 003003002028007012 520367.44033 056000000028038034
6 520367.44033 056000000028038034 203278.1205 056001002028038034
6 203278.1205 056001002028038034 423184.0 043003001039033034
6 423184.0 043003001039033034 31855.1 043003001039011034
6 31855.1 043003001039011034 520367.44033 056000000028038034
6 520367.44033 056000000028038034 205506000.0 056002002028033012
6 205506000.0 056002002028033012 176708000.0 096002002028033012
6 176708000.0 096002002028033012 520367.44033 056000000028038034
6 520367.44033 056000000028038034 57463.5 056000001036039034
6 57463.5 056000001036039034 46.3687 041000001036039034
6 46.3687 041000001036039034 520367.44033 056000000028038034
6 520367.44033 056000000028038034 17624.7 056003001039038036
6 17624.7 056003001039038036 520367.44033 056000000028038034
6 520367.44033 056000000028038034 203278.1205 056001002028038034
6 203278.1205 056001002028038034 21635600.0 056002000036007012
6 21635600.0 056002000036007012 36509.9 056002001036007012
6 36509.9 056002001036007012 520367.44033 056000000028038034
6 520367.44033 056000000028038034 44.1487 043002001036024036
6 44.1487 043002001036024036 520367.44033 056000000028038034
6 520367.44033 056000000028038034 203278.1205 056001002028038034
6 203278.1205 056001002028038034 295921.0 043000001028016036
6 295921.0 043000001028016036 213.773 043000002028016036
6 213.773 043000002028016036 520367.44033 056000000028038034
6 520367.44033 056000000028038034 251018189.1 043002002028024034
6 251018189.1 043002002028024034 4448.72 044002002028024034
6 4448.72 044002002028024034 520367.44033 056000000028038034
6 520367.44033 056000000028038034 43120.9 056000002028016036
6 43120.9 056000002028016036 29082.6 056000002028016038
6 29082.6 056000002028016038 520367.44033 056000000028038034
6 520367.44033 056000000028038034 1106633.45 007002002028016034
6 1106633.45 007002002028016034 1106633.45 007002002028016034
6 1106633.45 007002002028016034 520367.44033 056000000028038034
6 520367.44033 056000000028038034 10722300000.0 043003002028039012
6 10722300000.0 043003002028039012 88113500.0 063003002028039012
6 88113500.0 063003002028039012 520367.44033 056000000028038034
6 520367.44033 056000000028038034 16225.8 043000002033016034
6 16225.8 043000002033016034 105.831 017000002033016034
6 105.831 017000002033016034 520367.44033 056000000028038034
6 520367.44033 056000000028038034 634455.0 043003002028039034
6 634455.0 043003002028039034 43.9329 043003002034039034
6 43.9329 043003002034039034 520367.44033 056000000028038034
6 520367.44033 056000000028038034 6065960.0 043002002033016036
6 6065960.0 043002002033016036 16619.5 043000002033016036
6 16619.5 043000002033016036 520367.44033 056000000028038034
6 520367.44033 056000000028038034 36800500.0 043000002033007012
6 36800500.0 043000002033007012 56020.4 043000002011007012
6 56020.4 043000002011007012 520367.44033 056000000028038034
6 520367.44033 056000000028038034 237204.5 003000001036016034
6 237204.5 003000001036016034 237204.5 003000001036016034
6 237204.5 003000001036016034 520367.44033 056000000028038034
6 520367.44033 056000000028038034 170337.8916 002003001036024034
6 170337.8916 002003001036024034 170337.8916 002003001036024034
6 170337.8916 002003001036024034 520367.44033 056000000028038034
6 520367.44033 056000000028038034 250139.0 002000002034007012
6 250139.0 002000002034007012 24.401 002000002034012012
6 24.401 002000002034012012 520367.44033 056000000028038034
6 520367.44033 056000000028038034 937178.0 002000002036007034
6 937178.0 002000002036007034 497933.0 002000002035007034
6 497933.0 002000002035007034 520367.44033 056000000028038034
6 520367.44033 056000000028038034 30364200.0 017002001000012012
6 30364200.0 017002001000012012 10457.3 017002002000012012
6 10457.3 017002002000012012 520367.44033 056000000028038034
6 520367.44033 056000000028038034 90.298 017000002036038034
6 90.298 017000002036038034 60.8899 017001002036038034
6 60.8899 017001002036038034 520367.44033 056000000028038034
6 520367.44033 056000000028038034 17675500.0 056003001036038034
6 17675500.0 056003001036038034 15838.1 056003001036038036
6 15838.1 056003001036038036 520367.44033 056000000028038034
6 520367.44033 056000000028038034 423597.0 003003001028016036
6 423597.0 003003001028016036 366835.0 003005001028016036
6 366835.0 003005001028016036 520367.44033 056000000028038034
6 520367.44033 056000000028038034 945177.0 003001002036012034
6 945177.0 003001002036012034 323910.0 003001001036012034
6 323910.0 003001001036012034 520367.44033 056000000028038034
6 520367.44033 056000000028038034 685693000.0 056000002025024012
6 685693000.0 056000002025024012 10197.5 056000002049024012
6 10197.5 056000002049024012 520367.44033 056000000028038034
6 520367.44033 056000000028038034 4134060.0 056003001049038034
6 4134060.0 056003001049038034 2965820.0 056003001007038034
6 2965820.0 056003001007038034 520367.44033 056000000028038034
6 520367.44033 056000000028038034 566354.0 017000002034038012
6 566354.0 017000002034038012 51494.6 011000002034038012
6 51494.6 011000002034038012 520367.44033 056000000028038034
6 520367.44033 056000000028038034 333132.0 002002001036016034
6 333132.0 002002001036016034 49.9649 002002001036022034
6 49.9649 002002001036022034 520367.44033 056000000028038034
6 520367.44033 056000000028038034 855238.0 003003002025007034
6 855238.0 003003002025007034 43.0733 003003002025021034
6 43.0733 003003002025021034 520367.44033 056000000028038034
6 520367.44033 056000000028038034 198313.6365 002000001036038034
6 198313.6365 002000001036038034 520367.44033 056000000028038034
6 520367.44033 056000000028038034 203278.1205 056001002028038034
6 203278.1205 056001002028038034 42738500.0 056003001034024012
6 42738500.0 056003001034024012 18568300.0 056002001034024012
6 18568300.0 056002001034024012 520367.44033 056000000028038034
6 520367.44033 056000000028038034 53.3841 056002001034039034
6 53.3841 056002001034039034 520367.44033 056000000028038034
6 520367.44033 056000000028038034 203278.1205 056001002028038034
6 203278.1205 056001002028038034 1035260.0 043003001028024034
6 1035260.0 043003001028024034 95437.9 043006001028024034
6 95437.9 043006001028024034 520367.44033 056000000028038034
6 520367.44033 056000000028038034 58.4884 056000000025039034
6 58.4884 056000000025039034 520367.44033 056000000028038034
6 520367.44033 056000000028038034 203278.1205 056001002028038034
6 203278.1205 056001002028038034 261822.0 002000002025038034
6 261822.0 002000002025038034 5761.87 002003002025038034
6 5761.87 002003002025038034 520367.44033 056000000028038034
6 520367.44033 056000000028038034 346142.0 002000001036050034
6 346142.0 002000001036050034 204860.0 002000001035050034
6 204860.0 002000001035050034 520367.44033 056000000028038034
6 520367.44033 056000000028038034 415801.0 002000000034016034
6 415801.0 002000000034016034 520367.44033 056000000028038034
6 520367.44033 056000000028038034 203278.1205 056001002028038034
6 203278.1205 056001002028038034 24002.6 056002000025022034
6 24002.6 056002000025022034 7701.73 056002000025045034
6 7701.73 056002000025045034 520367.44033 056000000028038034
6 520367.44033 056000000028038034 245876.0 007000001025038034
6 245876.0 007000001025038034 33960.6 007006001025038034
6 33960.6 007006001025038034 520367.44033 056000000028038034
6 520367.44033 056000000028038034 73.4691 002002002025024034
6 73.4691 002002002025024034 55.2396 002002002025024000
6 55.2396 002002002025024000 520367.44033 056000000028038034
6 520367.44033 056000000028038034 601374.0 041000001036050034
6 601374.0 041000001036050034 61764.7 041000001036050009
6 61764.7 041000001036050009 520367.44033 056000000028038034
6 520367.44033 056000000028038034 1113570.0 056002001036038034
6 1113570.0 056002001036038034 371515.0 056005001036038034
6 371515.0 056005001036038034 520367.44033 056000000028038034
6 520367.44033 056000000028038034 18181.0 043003002036038034
6 18181.0 043003002036038034 276.792 043001002036038034
6 276.792 043001002036038034 520367.44033 056000000028038034
6 520367.44033 056000000028038034 1211280.0 003000000025012007
6 1211280.0 003000000025012007 450.759 003000001025012007
6 450.759 003000001025012007 520367.44033 056000000028038034
6 520367.44033 056000000028038034 1080100.0 003003002025012034
6 1080100.0 003003002025012034 444371.0 003003002009012034
6 444371.0 003003002009012034 520367.44033 056000000028038034
6 520367.44033 056000000028038034 518832.0 002002000034022034
6 518832.0 002002000034022034 363714.0 002002002034022034
6 363714.0 002002002034022034 520367.44033 056000000028038034
6 520367.44033 056000000028038034 2046450000.0 041000001034022000
6 2046450000.0 041000001034022000 34582800.0 041001001034022000
6 34582800.0 041001001034022000 520367.44033 056000000028038034
6 520367.44033 056000000028038034 27653.2 041002002025038000
6 27653.2 041002002025038000 13440.5 041004002025038000
6 13440.5 041004002025038000 520367.44033 056000000028038034
6 520367.44033 056000000028038034 338645.0 002002002036039034
6 338645.0 002002002036039034 10367.0 002002002036039012
6 10367.0 002002002036039012 520367.44033 056000000028038034
6 520367.44033 056000000028038034 500839.0 017003001025021034
6 500839.0 017003001025021034 13515.6 017003001025021035
6 13515.6 017003001025021035 520367.44033 056000000028038034
6 520367.44033 056000000028038034 4579680.0 003003000034016034
6 4579680.0 003003000034016034 5498.0 076003000034016034
6 5498.0 076003000034016034 520367.44033 056000000028038034
6 520367.44033 056000000028038034 7769380.0 017002002025016034
6 7769380.0 017002002025016034 3988560.0 017002002025042034
6 3988560.0 017002002025042034 520367.44033 056000000028038034
6 520367.44033 056000000028038034 545326.0 002000002036039036
6 545326.0 002000002036039036 18879.4 002000002036039034
6 18879.4 002000002036039034 520367.44033 056000000028038034
6 520367.44033 056000000028038034 394920.0 002000000028039034
6 394920.0 002000000028039034 8971.97 002000002028039034
6 8971.97 002000002028039034 520367.44033 056000000028038034
6 520367.44033 056000000028038034 128.773 017002002036038034
6 128.773 017002002036038034 38.8883 017002001036038034
6 38.8883 017002001036038034 520367.44033 056000000028038034
6 520367.44033 056000000028038034 292729.0 002000001036024034
6 292729.0 002000001036024034 232043.0 002000001048024034
6 232043.0 002000001048024034 520367.44033 056000000028038034
6 520367.44033 056000000028038034 32356.1 003003002036038034
6 32356.1 003003002036038034 28154.8 059003002036038034
6 28154.8 059003002036038034 520367.44033 056000000028038034
6 520367.44033 056000000028038034 396895.5 041002001028038034
6 396895.5 041002001028038034 396895.5 041002001028038034
6 396895.5 041002001028038034 520367.44033 056000000028038034
6 520367.44033 056000000028038034 1617650.0 017001002034024034
6 1617650.0 017001002034024034 130.452 017001001034024034
6 130.452 017001001034024034 520367.44033 056000000028038034
6 520367.44033 056000000028038034 169615.0 002000001028039012
6 169615.0 002000001028039012 142844.0 002000001028039018
6 142844.0 002000001028039018 520367.44033 056000000028038034
6 520367.44033 056000000028038034 1031477.0 007003001025039034
6 1031477.0 007003001025039034 1031477.0 007003001025039034
6 1031477.0 007003001025039034 520367.44033 056000000028038034
6 520367.44033 056000000028038034 501.909 056000002028021034
6 501.909 056000002028021034 520367.44033 056000000028038034
6 520367.44033 056000000028038034 203278.1205 056001002028038034
6 203278.1205 056001002028038034 906157.0 002002001034039034
6 906157.0 002002001034039034 455602.0 002002001034038034
6 455602.0 002002001034038034 520367.44033 056000000028038034
6 520367.44033 056000000028038034 483561.0 002001001028012034
6 483561.0 002001001028012034 92.6026 040001001028012034
6 92.6026 040001001028012034 520367.44033 056000000028038034
6 520367.44033 056000000028038034 1179220.0 002003002036024007
6 1179220.0 002003002036024007 68825.0 002003000036024007
6 68825.0 002003000036024007 520367.44033 056000000028038034
6 520367.44033 056000000028038034 4719760.0 041002000036024034
6 4719760.0 041002000036024034 65.0308 041001000036024034
6 65.0308 041001000036024034 520367.44033 056000000028038034
6 520367.44033 056000000028038034 5591040.0 043002002036038034
6 5591040.0 043002002036038034 293.788 043002002049038034
6 293.788 043002002049038034 520367.44033 056000000028038034
6 520367.44033 056000000028038034 263837.0 002000001028050034
6 263837.0 002000001028050034 90.7487 002005001028050034
6 90.7487 002005001028050034 520367.44033 056000000028038034
6 520367.44033 056000000028038034 8289.51 002000001034021034
6 8289.51 002000001034021034 37.1587 002000001034021004
6 37.1587 002000001034021004 520367.44033 056000000028038034
6 520367.44033 056000000028038034 804448.0 003002002036024034
6 804448.0 003002002036024034 24343.7 098002002036024034
6 24343.7 098002002036024034 520367.44033 056000000028038034
6 520367.44033 056000000028038034 44342.8 003000002036024034
6 44342.8 003000002036024034 13090.9 008000002036024034
6 13090.9 008000002036024034 520367.44033 056000000028038034
6 520367.44033 056000000028038034 675929000.0 056002002036039034
6 675929000.0 056002002036039034 9243160.0 056002002036041034
6 9243160.0 056002002036041034 520367.44033 056000000028038034
6 520367.44033 056000000028038034 16.5296 003000001036024012
6 16.5296 003000001036024012 520367.44033 056000000028038034
6 520367.44033 056000000028038034 203278.1205 056001002028038034
6 203278.1205 056001002028038034 5690940000.0 056001001025038012
6 5690940000.0 056001001025038012 19912.8 013001001025038012
6 19912.8 013001001025038012 520367.44033 056000000028038034
6 520367.44033 056000000028038034 442141.0 043000000036021034
6 442141.0 043000000036021034 520367.44033 056000000028038034
6 520367.44033 056000000028038034 203278.1205 056001002028038034
6 203278.1205 056001002028038034 223898.0 003000001036038034
6 223898.0 003000001036038034 520367.44033 056000000028038034
6 520367.44033 056000000028038034 203278.1205 056001002028038034
6 203278.1205 056001002028038034 121794000.0 056003001036024004
6 121794000.0 056003001036024004 25565.3 005003001036024004
6 25565.3 005003001036024004 520367.44033 056000000028038034
6 520367.44033 056000000028038034 213513.0 003002002025039012
6 213513.0 003002002025039012 46517.3 097002002025039012
6 46517.3 097002002025039012 520367.44033 056000000028038034
6 520367.44033 056000000028038034 30786.7 043000002034038034
6 30786.7 043000002034038034 8137.38 043000002034003034
6 8137.38 043000002034003034 520367.44033 056000000028038034
6 520367.44033 056000000028038034 22460100.0 041002001025038000
6 22460100.0 041002001025038000 36116.6 041002001025038020
6 36116.6 041002001025038020 520367.44033 056000000028038034
6 520367.44033 056000000028038034 251018189.1 043002002028024034
6 251018189.1 043002002028024034 1663730.0 043002000028024034
6 1663730.0 043002000028024034 520367.44033 056000000028038034
6 520367.44033 056000000028038034 2085800.0 043000000034024034
6 2085800.0 043000000034024034 57292.8 043000002034024034
6 57292.8 043000002034024034 520367.44033 056000000028038034
6 520367.44033 056000000028038034 406996.0 002000001025024000
6 406996.0 002000001025024000 108.412 002003001025024000
6 108.412 002003001025024000 520367.44033 056000000028038034
6 520367.44033 056000000028038034 15651.4 041002002034024004
6 15651.4 041002002034024004 15083.3 041001002034024004
6 15083.3 041001002034024004 520367.44033 056000000028038034
6 520367.44033 056000000028038034 16634.5 003002002028050012
6 16634.5 003002002028050012 7.93001 003002001028050012
6 7.93001 003002001028050012 520367.44033 056000000028038034
6 520367.44033 056000000028038034 46.5444 002002002025039004
6 46.5444 002002002025039004 520367.44033 056000000028038034
6 520367.44033 056000000028038034 7.93001 003002001028050012
6 7.93001 003002001028050012 721204.0 002000000036050034
6 721204.0 002000000036050034 7903.1 031000000036050034
6 7903.1 031000000036050034 520367.44033 056000000028038034
6 520367.44033 056000000028038034 133227.0 002000000028039004
6 133227.0 002000000028039004 15.996 002000000028039044
6 15.996 002000000028039044 520367.44033 056000000028038034
6 520367.44033 056000000028038034 7186760.0 017003002028033034
6 7186760.0 017003002028033034 19126.2 017003002028033016
6 19126.2 017003002028033016 520367.44033 056000000028038034
6 520367.44033 056000000028038034 622836.0 017001000036039004
6 622836.0 017001000036039004 560142.0 017001001036039004
6 560142.0 017001001036039004 520367.44033 056000000028038034
6 520367.44033 056000000028038034 402438.0 043000001036039044
6 402438.0 043000001036039044 8729.21 043000001005039044
6 8729.21 043000001005039044 520367.44033 056000000028038034
6 520367.44033 056000000028038034 401243.0 003003002028050036
6 401243.0 003003002028050036 30898.3 003003002025050036
6 30898.3 003003002025050036 520367.44033 056000000028038034
6 520367.44033 056000000028038034 103506.8485 002002001034033012
6 103506.8485 002002001034033012 103506.8485 002002001034033012
6 103506.8485 002002001034033012 520367.44033 056000000028038034
6 520367.44033 056000000028038034 255241.0 002000001034039034
6 255241.0 002000001034039034 218749.0 071000001034039034
6 218749.0 071000001034039034 520367.44033 056000000028038034
6 520367.44033 056000000028038034 130863.35 002000001025038034
6 130863.35 002000001025038034 130863.35 002000001025038034
6 130863.35 002000001025038034 520367.44033 056000000028038034
6 520367.44033 056000000028038034 2521.63 003000000025024012
6 2521.63 003000000025024012 18.1834 003000000025040012
6 18.1834 003000000025040012 520367.44033 056000000028038034
6 520367.44033 056000000028038034 4.18023 003000001028038034
6 4.18023 003000001028038034 520367.44033 056000000028038034
6 520367.44033 056000000028038034 7.93001 003002001028050012
6 7.93001 003002001028050012 6277.55 003000001028024034
6 6277.55 003000001028024034 55.8052 003000001028024014
6 55.8052 003000001028024014 4.18023 003000001028038034
6 4.18023 003000001028038034 27564.6 003000002025050034
6 27564.6 003000002025050034 20.3988 003000001025050034
6 20.3988 003000001025050034 4.18023 003000001028038034
6 4.18023 003000001028038034 141506.0 002000002034038012
6 141506.0 002000002034038012 130603.0 002000002033038012
6 130603.0 002000002033038012 4.18023 003000001028038034
6 4.18023 003000001028038034 126413.0 002002001028038012
6 126413.0 002002001028038012 121477.0 002002001028032012
6 121477.0 002002001028032012 4.18023 003000001028038034
6 4.18023 003000001028038034 50.99265 003000001034040034
6 50.99265 003000001034040034 39.2519 003000001034034034
6 39.2519 003000001034034034 4.18023 003000001028038034
6 4.18023 003000001028038034 585597.0 003000001025012034
6 585597.0 003000001025012034 166425.0 003000001025012016
6 166425.0 003000001025012016 4.18023 003000001028038034
6 4.18023 003000001028038034 18793.1 017000001028039034
6 18793.1 017000001028039034 90.4032 017000001028018034
6 90.4032 017000001028018034 4.18023 003000001028038034
6 4.18023 003000001028038034 795826.0 003000001028040034
6 795826.0 003000001028040034 136864.54685 003000001028040006
6 136864.54685 003000001028040006 4.18023 003000001028038034
6 4.18023 003000001028038034 10275.3 003001001025038034
6 10275.3 003001001025038034 9216.51 003001001025038024
6 9216.51 003001001025038024 4.18023 003000001028038034
6 4.18023 003000001028038034 2711.7495 003000000034038034
6 2711.7495 003000000034038034 1.06603 003000000034038006
6 1.06603 003000000034038006 4.18023 003000001028038034
6 4.18023 003000001028038034 226114.0 003000000028050012
6 226114.0 003000000028050012 211928.0 003000000028050024
6 211928.0 003000000028050024 1.06603 003000000034038006
6 1.06603 003000000034038006 30739.1 003002001034040034
6 30739.1 003002001034040034 11469.8 003002001034040026
6 11469.8 003002001034040026 1.06603 003000000034038006
6 1.06603 003000000034038006 50.99265 003000001034040034
6 50.99265 003000001034040034 34.8144 021000001034040034
6 34.8144 021000001034040034 1.06603 003000000034038006
6 1.06603 003000000034038006 1468850.069 003000000028038044
6 1468850.069 003000000028038044 1468850.069 003000000028038044
6 1468850.069 003000000028038044 1.06603 003000000034038006
6 1.06603 003000000034038006 4073.81 002000002028040034
6 4073.81 002000002028040034 3917.35 055000002028040034
6 3917.35 055000002028040034 1.06603 003000000034038006
6 1.06603 003000000034038006 408482.0 003000000028038004
6 408482.0 003000000028038004 408482.0 003000000028038004
6 408482.0 003000000028038004 1.06603 003000000034038006
6 1.06603 003000000034038006 9441.07 003001001028040004
6 9441.07 003001001028040004 2351.48 009001001028040004
6 2351.48 009001001028040004 1.06603 003000000034038006
6 1.06603 003000000034038006 33086.5 003000002034038006
6 33086.5 003000002034038006 31495.4 066000002034038006
6 31495.4 066000002034038006 1.06603 003000000034038006
6 1.06603 003000000034038006 586064.0 002000000025050034
6 586064.0 002000000025050034 413317.0 002000000016050034
6 413317.0 002000000016050034 1.06603 003000000034038006
6 1.06603 003000000034038006 136864.54685 003000001028040006
6 136864.54685 003000001028040006 1.06603 003000000034038006
6 1.06603 003000000034038006 4.18023 003000001028038034
6 4.18023 003000001028038034 1050100.0 056000000034040034
6 1050100.0 056000000034040034 42.6821 056000000015040034
6 42.6821 056000000015040034 1.06603 003000000034038006
6 1.06603 003000000034038006 867793.0 003000000028038034
6 867793.0 003000000028038034 444883.0 003000000028038000
6 444883.0 003000000028038000 1.06603 003000000034038006
6 1.06603 003000000034038006 42.0101 003000001034021044
6 42.0101 003000001034021044 41.7887 003000001034040044
6 41.7887 003000001034040044 1.06603 003000000034038006
6 1.06603 003000000034038006 152025.0 002000001028050012
6 152025.0 002000001028050012 93107.9 002000001004050012
6 93107.9 002000001004050012 1.06603 003000000034038006
6 1.06603 003000000034038006 261375.0 003000001028038006
6 261375.0 003000001028038006 207002.0 009000001028038006
6 207002.0 009000001028038006 1.06603 003000000034038006
6 1.06603 003000000034038006 7990.05 003002001028038034
6 7990.05 003002001028038034 90.8892 003005001028038034
6 90.8892 003005001028038034 1.06603 003000000034038006
6 1.06603 003000000034038006 243050.0 002000000025038012
6 243050.0 002000000025038012 30.4191 002001000025038012
6 30.4191 002001000025038012 1.06603 003000000034038006
6 1.06603 003000000034038006 133.364 003000001034038034
6 133.364 003000001034038034 133.364 003000001034038034
6 133.364 003000001034038034 1.06603 003000000034038006
6 1.06603 003000000034038006 456037.0 056000001028040034
6 456037.0 056000001028040034 10216.6 056000001017040034
6 10216.6 056000001017040034 1.06603 003000000034038006
6 1.06603 003000000034038006 487773.0 003001001036038034
6 487773.0 003001001036038034 2796.1 003001000036038034
6 2796.1 003001000036038034 1.06603 003000000034038006
6 1.06603 003000000034038006 1542.47 002000001036034044
6 1542.47 002000001036034044 6.15907 029000001036034044
6 6.15907 029000001036034044 1.06603 003000000034038006
6 1.06603 003000000034038006 37330.4 003000001025034012
6 37330.4 003000001025034012 15527.2 003000001021034012
6 15527.2 003000001021034012 1.06603 003000000034038006
6 1.06603 003000000034038006 282797.0 002000001036038006
6 282797.0 002000001036038006 10893.1 002000001036007006
6 10893.1 002000001036007006 1.06603 003000000034038006
6 1.06603 003000000034038006 404028.0 056000001036040034
6 404028.0 056000001036040034 36214.3 056000001023040034
6 36214.3 056000001023040034 1.06603 003000000034038006
6 1.06603 003000000034038006 44805400.0 056002001028024012
6 44805400.0 056002001028024012 73290.9 056002001021024012
6 73290.9 056002001021024012 1.06603 003000000034038006
6 1.06603 003000000034038006 14668.02 002000001028038012
6 14668.02 002000001028038012 14668.02 002000001028038012
6 14668.02 002000001028038012 1.06603 003000000034038006
6 1.06603 003000000034038006 89.7632 021000001028024012
6 89.7632 021000001028024012 1.06603 003000000034038006
6 1.06603 003000000034038006 4.18023 003000001028038034
6 4.18023 003000001028038034 198313.6365 002000001036038034
6 198313.6365 002000001036038034 292729.0 002000001036024034
6 292729.0 002000001036024034 1.06603 003000000034038006
6 1.06603 003000000034038006 11830.8 017000001028038034
6 11830.8 017000001028038034 11006.0 017000001025038034
6 11006.0 017000001025038034 1.06603 003000000034038006
6 1.06603 003000000034038006 30295.0 003000001028034034
6 30295.0 003000001028034034 53.7945 003003001028034034
6 53.7945 003003001028034034 1.06603 003000000034038006
6 1.06603 003000000034038006 4536.04 003000000036021034
6 4536.04 003000000036021034 22.2066 003000000036016034
6 22.2066 003000000036016034 1.06603 003000000034038006
6 1.06603 003000000034038006 1446650.0 002002000025040034
6 1446650.0 002002000025040034 429150.0 002002000018040034
6 429150.0 002002000018040034 1.06603 003000000034038006
6 1.06603 003000000034038006 50147.4 017000002034038034
6 50147.4 017000002034038034 11787.5 017000002034020034
6 11787.5 017000002034020034 1.06603 003000000034038006
6 1.06603 003000000034038006 154613.0 003000001025038012
6 154613.0 003000001025038012 4.51215 003000000025038012
6 4.51215 003000000025038012 1.06603 003000000034038006
6 1.06603 003000000034038006 26361.9 003002001025012034
6 26361.9 003002001025012034 12184.0 094002001025012034
6 12184.0 094002001025012034 1.06603 003000000034038006
6 1.06603 003000000034038006 4430.03 002001001034021044
6 4430.03 002001001034021044 51.7115 002001002034021044
6 51.7115 002001002034021044 1.06603 003000000034038006
6 1.06603 003000000034038006 1714020.0 002001001028050044
6 1714020.0 002001001028050044 3693.08 065001001028050044
6 3693.08 065001001028050044 1.06603 003000000034038006
6 1.06603 003000000034038006 18213.4 002001000025012034
6 18213.4 002001000025012034 85.8434 002001000007012034
6 85.8434 002001000007012034 1.06603 003000000034038006
6 1.06603 003000000034038006 55.4456 002000001034038034
6 55.4456 002000001034038034 4.79274 002000001034029034
6 4.79274 002000001034029034 1.06603 003000000034038006
6 1.06603 003000000034038006 133.364 003000001034038034
6 133.364 003000001034038034 1.06603 003000000034038006
6 1.06603 003000000034038006 4.18023 003000001028038034
6 4.18023 003000001028038034 591847.0 029000000028050034
6 591847.0 029000000028050034 7268.87 029000001028050034
6 7268.87 029000001028050034 1.06603 003000000034038006
6 1.06603 003000000034038006 349706.382 003000002025038034
6 349706.382 003000002025038034 349706.382 003000002025038034
6 349706.382 003000002025038034 1.06603 003000000034038006
6 1.06603 003000000034038006 28692700.0 056000002025038012
6 28692700.0 056000002025038012 32320.2 056000002025020012
6 32320.2 056000002025020012 1.06603 003000000034038006
6 1.06603 003000000034038006 1.72527 003001002028020034
6 1.72527 003001002028020034 1.06603 003000000034038006
6 1.06603 003000000034038006 4.18023 003000001028038034
6 4.18023 003000001028038034 858291.0 002001000034029034
6 858291.0 002001000034029034 185.07 002001000034029041
6 185.07 002001000034029041 1.06603 003000000034038006
6 1.06603 003000000034038006 323210.0 003000001034038012
6 323210.0 003000001034038012 147898.0 003000001020038012
6 147898.0 003000001020038012 1.06603 003000000034038006
6 1.06603 003000000034038006 314167.5 003002001036024012
6 314167.5 003002001036024012 314167.5 003002001036024012
6 314167.5 003002001036024012 1.06603 003000000034038006
6 1.06603 003000000034038006 199169.0 002000002028012012
6 199169.0 002000002028012012 54.7676 002000002018012012
6 54.7676 002000002018012012 1.06603 003000000034038006
6 1.06603 003000000034038006 2711.7495 003000000034038034
6 2711.7495 003000000034038034 11.7218 003001000034038034
6 11.7218 003001000034038034 1.06603 003000000034038006
6 1.06603 003000000034038006 4855.91 003000000028024012
6 4855.91 003000000028024012 79.9119 003001000028024012
6 79.9119 003001000028024012 1.06603 003000000034038006
6 1.06603 003000000034038006 98.6706 002000000028020012
6 98.6706 002000000028020012 85.5408 002004000028020012
6 85.5408 002004000028020012 1.06603 003000000034038006
6 1.06603 003000000034038006 778882.0 003000002025024034
6 778882.0 003000002025024034 10943.3 003001002025024034
6 10943.3 003001002025024034 1.06603 003000000034038006
6 1.06603 003000000034038006 48.53465 002000000025040034
6 48.53465 002000000025040034 48.53465 002000000025040034
6 48.53465 002000000025040034 1.06603 003000000034038006
6 1.06603 003000000034038006 349706.382 003000002025038034
6 349706.382 003000002025038034 155967.0 003000002025038020
6 155967.0 003000002025038020 1.06603 003000000034038006
6 1.06603 003000000034038006 1522820.0 029000001028050012
6 1522820.0 029000001028050012 20645.8 029000001023050012
6 20645.8 029000001023050012 1.06603 003000000034038006
6 1.06603 003000000034038006 47.9818 003000002025050012
6 47.9818 003000002025050012 1.06603 003000000034038006
6 1.06603 003000000034038006 1.72527 003001002028020034
6 1.72527 003001002028020034 522394.0 003000002025020012
6 522394.0 003000002025020012 53.4119 003000002025020002
6 53.4119 003000002025020002 1.06603 003000000034038006
6 1.06603 003000000034038006 18095.9 002001000034038006
6 18095.9 002001000034038006 1.06603 003000000034038006
6 1.06603 003000000034038006 1.72527 003001002028020034
6 1.72527 003001002028020034 48.3158 003002001028040012
6 48.3158 003002001028040012 2.16642 003002001030040012
6 2.16642 003002001030040012 1.06603 003000000034038006
6 1.06603 003000000034038006 424650.0 003000001028012012
6 424650.0 003000001028012012 120426.0 003000001028049012
6 120426.0 003000001028049012 1.06603 003000000034038006
6 1.06603 003000000034038006 15.2234 003000001028016034
6 15.2234 003000001028016034 15.2234 003000001028016034
6 15.2234 003000001028016034 1.06603 003000000034038006
6 1.06603 003000000034038006 262039.0 002001001034050034
6 262039.0 002001001034050034 126639.0 002001001034050001
6 126639.0 002001001034050001 1.06603 003000000034038006
6 1.06603 003000000034038006 405373.25 003000001028016044
6 405373.25 003000001028016044 405373.25 003000001028016044
6 405373.25 003000001028016044 1.06603 003000000034038006
7 1.06603 003000000034038006 6554117.015 016005000021000036
7 6554117.015 016005000021000036 6554117.015 016005000021000036
7 6554117.015 016005000021000036 1599.28 100001000016004045
7 1599.28 100001000016004045 990935.0 011002002009050016
7 990935.0 011002002009050016 8271.6 011002002009010016
7 8271.6 011002002009010016 6554117.015 016005000021000036
7 6554117.015 016005000021000036 531595.0 011002002028000034
7 531595.0 011002002028000034 20383.4 011002002050000034
7 20383.4 011002002050000034 6554117.015 016005000021000036
7 6554117.015 016005000021000036 14153.0 011004001024007036
7 14153.0 011004001024007036 42.7604 011004001027007036
7 42.7604 011004001027007036 6554117.015 016005000021000036
7 6554117.015 016005000021000036 139506000.0 034002000019007024
7 139506000.0 034002000019007024 7776210.0 053002000019007024
7 7776210.0 053002000019007024 42.7604 011004001027007036
7 42.7604 011004001027007036 1792030.0 007004001009040034
7 1792030.0 007004001009040034 989060.0 074004001009040034
7 989060.0 074004001009040034 42.7604 011004001027007036
7 42.7604 011004001027007036 1070880.0 011004002019019036
7 1070880.0 011004002019019036 456728.0 011000002019019036
7 456728.0 011000002019019036 42.7604 011004001027007036
7 42.7604 011004001027007036 1637070.0 011004001021007034
7 1637070.0 011004001021007034 673606.0 011004002021007034
7 673606.0 011004002021007034 42.7604 011004001027007036
7 42.7604 011004001027007036 679875.0 007002001028004045
7 679875.0 007002001028004045 376753.0 007002001028004014
7 376753.0 007002001028004014 42.7604 011004001027007036
7 42.7604 011004001027007036 1522620.0 065001001024019034
7 1522620.0 065001001024019034 8255.71 065004001024019034
7 8255.71 065004001024019034 42.7604 011004001027007036
7 42.7604 011004001027007036 1561930.0 011002000009007034
7 1561930.0 011002000009007034 890156.0 011000000009007034
7 890156.0 011000000009007034 42.7604 011004001027007036
7 42.7604 011004001027007036 38461500.0 038006001050014030
7 38461500.0 038006001050014030 3329040.0 038006000050014030
7 3329040.0 038006000050014030 42.7604 011004001027007036
7 42.7604 011004001027007036 7235430.0 065002001028028034
7 7235430.0 065002001028028034 4180720.0 065005001028028034
7 4180720.0 065005001028028034 42.7604 011004001027007036
7 42.7604 011004001027007036 1166210.0 011000000024014036
7 1166210.0 011000000024014036 8086.79 011000000012014036
7 8086.79 011000000012014036 42.7604 011004001027007036
7 42.7604 011004001027007036 5389880000.0 065001001019040006
7 5389880000.0 065001001019040006 10484.2 065001001019043006
7 10484.2 065001001019043006 42.7604 011004001027007036
7 42.7604 011004001027007036 1635950.0 016001001019007010
7 1635950.0 016001001019007010 1295750.0 007001001019007010
7 1295750.0 007001001019007010 42.7604 011004001027007036
7 42.7604 011004001027007036 7622770000.0 065001001028004014
7 7622770000.0 065001001028004014 4934920000.0 065000001028004014
7 4934920000.0 065000001028004014 42.7604 011004001027007036
7 42.7604 011004001027007036 41.2995 011002001050019030
7 41.2995 011002001050019030 42.7604 011004001027007036
7 42.7604 011004001027007036 6554117.015 016005000021000036
7 6554117.015 016005000021000036 169.914 065002001050004034
7 169.914 065002001050004034 41.2995 011002001050019030
7 41.2995 011002001050019030 42.7604 011004001027007036
7 42.7604 011004001027007036 10077.9 011002001012019036
7 10077.9 011002001012019036 10077.9 011002001012019036
7 10077.9 011002001012019036 41.2995 011002001050019030
7 41.2995 011002001050019030 6493.52 016004000021010036
7 6493.52 016004000021010036 88.2821 016004000021010035
7 88.2821 016004000021010035 41.2995 011002001050019030
7 41.2995 011002001050019030 86654500.0 011002000009010010
7 86654500.0 011002000009010010 23727800.0 011002000011010010
7 23727800.0 011002000011010010 41.2995 011002001050019030
7 41.2995 011002001050019030 42298.6 011002001050004010
7 42298.6 011002001050004010 18596.2 038002001050004010
7 18596.2 038002001050004010 41.2995 011002001050019030
7 41.2995 011002001050019030 770805.0 016001001012000036
7 770805.0 016001001012000036 3990.77 016001001012000029
7 3990.77 016001001012000029 41.2995 011002001050019030
7 41.2995 011002001050019030 933364.0 011005001050007036
7 933364.0 011005001050007036 761334.0 011004001050007036
7 761334.0 011004001050007036 41.2995 011002001050019030
7 41.2995 011002001050019030 14195.1 100004001050033000
7 14195.1 100004001050033000 54.8105 018004001050033000
7 54.8105 018004001050033000 41.2995 011002001050019030
7 41.2995 011002001050019030 680328.64 011004000021007036
7 680328.64 011004000021007036 680328.64 011004000021007036
7 680328.64 011004000021007036 41.2995 011002001050019030
7 41.2995 011002001050019030 657349.045 011001001009010034
7 657349.045 011001001009010034 9.2603 011001001009049034
7 9.2603 011001001009049034 41.2995 011002001050019030
7 41.2995 011002001050019030 24861300.0 016001000024019000
7 24861300.0 016001000024019000 51328.1 016005000024019000
7 51328.1 016005000024019000 9.2603 011001001009049034
7 9.2603 011001001009049034 280985000.0 065004000009007045
7 280985000.0 065004000009007045 49256600.0 065004000009007013
7 49256600.0 065004000009007013 9.2603 011001001009049034
7 9.2603 011001001009049034 16816.7 011004001024010029
7 16816.7 011004001024010029 9.2603 011001001009049034
7 9.2603 011001001009049034 41.2995 011002001050019030
7 41.2995 011002001050019030 435103.864005 011002001016049036
7 435103.864005 011002001016049036 9.2603 011001001009049034
7 9.2603 011001001009049034 41.2995 011002001050019030
7 41.2995 011002001050019030 2626250000.0 011001000050007000
7 2626250000.0 011001000050007000 25462600.0 013001000050007000
7 25462600.0 013001000050007000 9.2603 011001001009049034
7 9.2603 011001001009049034 16567.2 100004001050010034
7 16567.2 100004001050010034 3859.41 052004001050010034
7 3859.41 052004001050010034 9.2603 011001001009049034
7 9.2603 011001001009049034 9996900.0 011002000019010045
7 9996900.0 011002000019010045 10.3463 011004000019010045
7 10.3463 011004000019010045 9.2603 011001001009049034
7 9.2603 011001001009049034 119322000.0 011004000009010000
7 119322000.0 011004000009010000 42489.7 011004000009037000
7 42489.7 011004000009037000 9.2603 011001001009049034
7 9.2603 011001001009049034 1798430.0 016001001050004030
7 1798430.0 016001001050004030 266704.0 016001001050012030
7 266704.0 016001001050012030 9.2603 011001001009049034
7 9.2603 011001001009049034 27875.006599999997 016002001050010036
7 27875.006599999997 016002001050010036 27875.006599999997 016002001050010036
7 27875.006599999997 016002001050010036 9.2603 011001001009049034
7 9.2603 011001001009049034 3237190.0 016005001021010045
7 3237190.0 016005001021010045 1050800.0 016005001021010022
7 1050800.0 016005001021010022 9.2603 011001001009049034
7 9.2603 011001001009049034 504322.0 016004001021010036
7 504322.0 016004001021010036 14144.1 016004001041010036
7 14144.1 016004001041010036 9.2603 011001001009049034
7 9.2603 011001001009049034 731429.0 011002000021010034
7 731429.0 011002000021010034 651407.0 011002000046010034
7 651407.0 011002000046010034 9.2603 011001001009049034
7 9.2603 011001001009049034 8680.18 065004001024004036
7 8680.18 065004001024004036 9.2603 011001001009049034
7 9.2603 011001001009049034 435103.864005 011002001016049036
7 435103.864005 011002001016049036 2503800.0 011001001009004036
7 2503800.0 011001001009004036 1791680.0 011005001009004036
7 1791680.0 011005001009004036 9.2603 011001001009049034
7 9.2603 011001001009049034 10602400000.0 052001000050004000
7 10602400000.0 052001000050004000 602743000.0 052001000050004028
7 602743000.0 052001000050004028 9.2603 011001001009049034
7 9.2603 011001001009049034 1219120.0 011004001012004034
7 1219120.0 011004001012004034 23915.7 093004001012004034
7 23915.7 093004001012004034 9.2603 011001001009049034
7 9.2603 011001001009049034 3295960.0 016002001050010034
7 3295960.0 016002001050010034 488261.0 016002001050024034
7 488261.0 016002001050024034 9.2603 011001001009049034
7 9.2603 011001001009049034 9914790000.0 100001000021019000
7 9914790000.0 100001000021019000 27899.8 100001000001019000
7 27899.8 100001000001019000 9.2603 011001001009049034
7 9.2603 011001001009049034 657349.045 011001001009010034
7 657349.045 011001001009010034 387454.0 011001001009045034
7 387454.0 011001001009045034 9.2603 011001001009049034
7 9.2603 011001001009049034 2567580000.0 052002001009019030
7 2567580000.0 052002001009019030 40906000.0 052002001002019030
7 40906000.0 052002001002019030 9.2603 011001001009049034
7 9.2603 011001001009049034 42.2341 018000000050019035
7 42.2341 018000000050019035 34.3643 048000000050019035
7 34.3643 048000000050019035 9.2603 011001001009049034
7 9.2603 011001001009049034 16145.7 016004001050049036
7 16145.7 016004001050049036 269.785 067004001050049036
7 269.785 067004001050049036 9.2603 011001001009049034
7 9.2603 011001001009049034 16607.7 016000001027010034
7 16607.7 016000001027010034 9.2603 011001001009049034
7 9.2603 011001001009049034 435103.864005 011002001016049036
7 435103.864005 011002001016049036 322285.25 011001001009010036
7 322285.25 011001001009010036 169.523 011001001009010026
7 169.523 011001001009010026 9.2603 011001001009049034
7 9.2603 011001001009049034 1262880.0 016002001050010030
7 1262880.0 016002001050010030 60276.0 078002001050010030
7 60276.0 078002001050010030 9.2603 011001001009049034
7 9.2603 011001001009049034 11846.7 016002001009010045
7 11846.7 016002001009010045 3316.86 016002000009010045
7 3316.86 016002000009010045 9.2603 011001001009049034
7 9.2603 011001001009049034 625510.0 016004000021019035
7 625510.0 016004000021019035 1677.39 003004000021019035
7 1677.39 003004000021019035 9.2603 011001001009049034
7 9.2603 011001001009049034 706935.0 067002001009049036
7 706935.0 067002001009049036 16175.5 067002001009049022
7 16175.5 067002001009049022 9.2603 011001001009049034
7 9.2603 011001001009049034 33.975 048001001016049045
7 33.975 048001001016049045 9.2603 011001001009049034
7 9.2603 011001001009049034 435103.864005 011002001016049036
7 435103.864005 011002001016049036 996872.0 018002001050019036
7 996872.0 018002001050019036 996872.0 018002001050019036
7 996872.0 018002001050019036 9.2603 011001001009049034
7 9.2603 011001001009049034 14867200.0 018001000016049045
7 14867200.0 018001000016049045 339.222 018001000043049045
7 339.222 018001000043049045 9.2603 011001001009049034
7 9.2603 011001001009049034 3803.34 011002000016049035
7 3803.34 011002000016049035 56.5801 011005000016049035
7 56.5801 011005000016049035 9.2603 011001001009049034
7 9.2603 011001001009049034 16101.3 011001000050019036
7 16101.3 011001000050019036 40.9672 011001000050028036
7 40.9672 011001000050028036 9.2603 011001001009049034
7 9.2603 011001001009049034 1541760.0 011002001050004045
7 1541760.0 011002001050004045 951463.0 011005001050004045
7 951463.0 011005001050004045 9.2603 011001001009049034
7 9.2603 011001001009049034 3914.08 016002000016010045
7 3914.08 016002000016010045 3872.72 016002000016037045
7 3872.72 016002000016037045 9.2603 011001001009049034
7 9.2603 011001001009049034 4399680.0 067001001050019035
7 4399680.0 067001001050019035 2343540.0 067001001050019041
7 2343540.0 067001001050019041 9.2603 011001001009049034
7 9.2603 011001001009049034 7556880.0 016001001021010045
7 7556880.0 016001001021010045 1572870.0 016001001021000045
7 1572870.0 016001001021000045 9.2603 011001001009049034
7 9.2603 011001001009049034 21932.0 067001000016007036
7 21932.0 067001000016007036 9.2603 011001001009049034
7 9.2603 011001001009049034 435103.864005 011002001016049036
7 435103.864005 011002001016049036 48.4 011001001050019030
7 48.4 011001001050019030 9.2603 011001001009049034
7 9.2603 011001001009049034 435103.864005 011002001016049036
7 435103.864005 011002001016049036 12613.6 048001001027033036
7 12613.6 048001001027033036 62.1167 048001001027033040
7 62.1167 048001001027033040 9.2603 011001001009049034
7 9.2603 011001001009049034 2852680.0 048001000016028034
7 2852680.0 048001000016028034 5098.33 048001000016028022
7 5098.33 048001000016028022 9.2603 011001001009049034
7 9.2603 011001001009049034 73.9715 067000001016033036
7 73.9715 067000001016033036 9.2603 011001001009049034
7 9.2603 011001001009049034 435103.864005 011002001016049036
7 435103.864005 011002001016049036 123290.19785 011004001016049036
7 123290.19785 011004001016049036 9.2603 011001001009049034
7 9.2603 011001001009049034 435103.864005 011002001016049036
7 435103.864005 011002001016049036 906459.0 067000001016019040
7 906459.0 067000001016019040 6084.26 067000002016019040
7 6084.26 067000002016019040 9.2603 011001001009049034
7 9.2603 011001001009049034 316803.0 016004001050007036
7 316803.0 016004001050007036 30997.7 016004002050007036
7 30997.7 016004002050007036 9.2603 011001001009049034
7 9.2603 011001001009049034 2145800.0 011004001016049045
7 2145800.0 011004001016049045 304350.0 011004001016049009
7 304350.0 011004001016049009 9.2603 011001001009049034
7 9.2603 011001001009049034 28.1951 011001000019049030
7 28.1951 011001000019049030 9.2603 011001001009049034
7 9.2603 011001001009049034 435103.864005 011002001016049036
7 435103.864005 011002001016049036 859658.5 048004001016049036
7 859658.5 048004001016049036 379205.0 002004001016049036
7 379205.0 002004001016049036 9.2603 011001001009049034
7 9.2603 011001001009049034 662700.0 048001001050049036
7 662700.0 048001001050049036 11815.9 048001001050049020
7 11815.9 048001001050049020 9.2603 011001001009049034
7 9.2603 011001001009049034 9282170.0 048002001050049045
7 9282170.0 048002001050049045 29098.9 048006001050049045
7 29098.9 048006001050049045 9.2603 011001001009049034
7 9.2603 011001001009049034 16245.0 011004001050033036
7 16245.0 011004001050033036 3.65363 011004001018033036
7 3.65363 011004001018033036 9.2603 011001001009049034
7 9.2603 011001001009049034 6980700.0 018004000016033045
7 6980700.0 018004000016033045 3984980.0 014004000016033045
7 3984980.0 014004000016033045 3.65363 011004001018033036
7 3.65363 011004001018033036 2785050.0 048005001016049036
7 2785050.0 048005001016049036 67.0369 048005001016034036
7 67.0369 048005001016034036 3.65363 011004001018033036
7 3.65363 011004001018033036 35.2097 011000001009028036
7 35.2097 011000001009028036 3.65363 011004001018033036
7 3.65363 011004001018033036 9.2603 011001001009049034
7 9.2603 011001001009049034 923225.0 011002001009033036
7 923225.0 011002001009033036 42.7148 011002001009038036
7 42.7148 011002001009038036 3.65363 011004001018033036
7 3.65363 011004001018033036 5778.345 011000001009019036
7 5778.345 011000001009019036 408.526 069000001009019036
7 408.526 069000001009019036 3.65363 011004001018033036
7 3.65363 011004001018033036 626729.0 011004001050010030
7 626729.0 011004001050010030 470355.0 011005001050010030
7 470355.0 011005001050010030 3.65363 011004001018033036
7 3.65363 011004001018033036 23710.2 048002001050049036
7 23710.2 048002001050049036 2160.49 048003001050049036
7 2160.49 048003001050049036 3.65363 011004001018033036
7 3.65363 011004001018033036 7018.95 018004001019019035
7 7018.95 018004001019019035 4547.68 018004000019019035
7 4547.68 018004000019019035 3.65363 011004001018033036
7 3.65363 011004001018033036 123290.19785 011004001016049036
7 123290.19785 011004001016049036 27086.2 011004001016049011
7 27086.2 011004001016049011 3.65363 011004001018033036
7 3.65363 011004001018033036 8.15145 011005001009033036
7 8.15145 011005001009033036 3.65363 011004001018033036
7 3.65363 011004001018033036 9.2603 011001001009049034
7 9.2603 011001001009049034 508091.0 011000001016049035
7 508091.0 011000001016049035 10358.4 011006001016049035
7 10358.4 011006001016049035 3.65363 011004001018033036
7 3.65363 011004001018033036 722.801 011000001009049030
7 722.801 011000001009049030 3.65363 011004001018033036
7 3.65363 011004001018033036 8.15145 011005001009033036
7 8.15145 011005001009033036 532220.0 011000001050049036
7 532220.0 011000001050049036 39031.5 011005001050049036
7 39031.5 011005001050049036 3.65363 011004001018033036
7 3.65363 011004001018033036 851.428 048004001050049045
7 851.428 048004001050049045 52.3732 003004001050049045
7 52.3732 003004001050049045 3.65363 011004001018033036
7 3.65363 011004001018033036 1593510.0 011001001027007036
7 1593510.0 011001001027007036 583363.0 011001001018007036
7 583363.0 011001001018007036 3.65363 011004001018033036
7 3.65363 011004001018033036 1186110.0 011004001018038030
7 1186110.0 011004001018038030 28444.8 011004001009038030
7 28444.8 011004001009038030 3.65363 011004001018033036
7 3.65363 011004001018033036 4175820.0 048002001009038036
7 4175820.0 048002001009038036 52819.6 048002001009038006
7 52819.6 048002001009038006 3.65363 011004001018033036
7 3.65363 011004001018033036 10271.5 011004001018028034
7 10271.5 011004001018028034 85.2022 011002001018028034
7 85.2022 011002001018028034 3.65363 011004001018033036
7 3.65363 011004001018033036 1908360.0 011004001050033030
7 1908360.0 011004001050033030 1908360.0 011004001050033030
7 1908360.0 011004001050033030 3.65363 011004001018033036
7 3.65363 011004001018033036 2493900.0 011001001050049045
7 2493900.0 011001001050049045 1347120.0 011001001023049045
7 1347120.0 011001001023049045 3.65363 011004001018033036
7 3.65363 011004001018033036 1521890.0 048001000050019036
7 1521890.0 048001000050019036 8737.71 017001000050019036
7 8737.71 017001000050019036 3.65363 011004001018033036
7 3.65363 011004001018033036 2733.72 018000001050019030
7 2733.72 018000001050019030 1781.69 087000001050019030
7 1781.69 087000001050019030 3.65363 011004001018033036
7 3.65363 011004001018033036 322795.0 011004000050033030
7 322795.0 011004000050033030 8686.04 011006000050033030
7 8686.04 011006000050033030 3.65363 011004001018033036
7 3.65363 011004001018033036 1410.15 011002001050033036
7 1410.15 011002001050033036 16.9535 011002001008033036
7 16.9535 011002001008033036 3.65363 011004001018033036
7 3.65363 011004001018033036 24.2006 003000001009019036
7 24.2006 003000001009019036 3.65363 011004001018033036
7 3.65363 011004001018033036 8.15145 011005001009033036
7 8.15145 011005001009033036 563265.0 011000001008010030
7 563265.0 011000001008010030 409599.0 011000001008014030
7 409599.0 011000001008014030 3.65363 011004001018033036
7 3.65363 011004001018033036 9183.49 011000001019049035
7 9183.49 011000001019049035 7295.48 011000001019042035
7 7295.48 011000001019042035 3.65363 011004001018033036
7 3.65363 011004001018033036 100713.9933 011000001050049034
7 100713.9933 011000001050049034 472139.6138 011000001050033034
7 472139.6138 011000001050033034 3.65363 011004001018033036
7 3.65363 011004001018033036 923225.0 011002001009033036
7 923225.0 011002001009033036 923225.0 011002001009033036
7 923225.0 011002001009033036 3.65363 011004001018033036
7 3.65363 011004001018033036 886587.0 011004001008049030
7 886587.0 011004001008049030 532280.0 082004001008049030
7 532280.0 082004001008049030 3.65363 011004001018033036
7 3.65363 011004001018033036 554780.0 003004000050049030
7 554780.0 003004000050049030 120858.0 003004000050049009
7 120858.0 003004000050049009 3.65363 011004001018033036
7 3.65363 011004001018033036 371078.5 011000000050033036
7 371078.5 011000000050033036 78.9488 033000000050033036
7 78.9488 033000000050033036 3.65363 011004001018033036
7 3.65363 011004001018033036 7008.06 003004001019033035
7 7008.06 003004001019033035 4186.88 003004001048033035
7 4186.88 003004001048033035 3.65363 011004001018033036
7 3.65363 011004001018033036 2639.18 011002000016019036
7 2639.18 011002000016019036 40.1964 011002000016021036
7 40.1964 011002000016021036 3.65363 011004001018033036
7 3.65363 011004001018033036 17487.4 011002000019028036
7 17487.4 011002000019028036 11087.8 011002000019028014
7 11087.8 011002000019028014 3.65363 011004001018033036
7 3.65363 011004001018033036 1793595.0 011001001019049036
7 1793595.0 011001001019049036 9007.85 011001001036049036
7 9007.85 011001001036049036 3.65363 011004001018033036
7 3.65363 011004001018033036 3635980.0 011001001009019036
7 3635980.0 011001001009019036 4517.41 011001001009019004
7 4517.41 011001001009019004 3.65363 011004001018033036
7 3.65363 011004001018033036 995680.0 011002001050010036
7 995680.0 011002001050010036 523648.0 011002001027010036
7 523648.0 011002001027010036 3.65363 011004001018033036
7 3.65363 011004001018033036 437425.0 011000001050049035
7 437425.0 011000001050049035 131662.0 011000001050049001
7 131662.0 011000001050049001 3.65363 011004001018033036
7 3.65363 011004001018033036 5778.345 011000001009019036
7 5778.345 011000001009019036 4729.47 060000001009019036
7 4729.47 060000001009019036 3.65363 011004001018033036
7 3.65363 011004001018033036 652035.0 011004001009049036
7 652035.0 011004001009049036 537682.0 011004001009049002
7 537682.0 011004001009049002 3.65363 011004001018033036
7 3.65363 011004001018033036 52.0091 011001001009019030
7 52.0091 011001001009019030 3.65363 011004001018033036
7 3.65363 011004001018033036 8.15145 011005001009033036
7 8.15145 011005001009033036 797475.0 011005000008049034
7 797475.0 011005000008049034 84.1757 011005000008049007
7 84.1757 011005000008049007 3.65363 011004001018033036
7 3.65363 011004001018033036 436448.0 048002001050019035
7 436448.0 048002001050019035 214520.0 048000001050019035
7 214520.0 048000001050019035 3.65363 011004001018033036
7 3.65363 011004001018033036 100713.9933 011000001050049034
7 100713.9933 011000001050049034 194069.0 011000001036049034
7 194069.0 011000001036049034 3.65363 011004001018033036
7 3.65363 011004001018033036 4077700.0 011001000016049036
7 4077700.0 011001000016049036 176293.0 011001000016049004
7 176293.0 011001000016049004 3.65363 011004001018033036
7 3.65363 011004001018033036 4496640.0 011005000050049036
7 4496640.0 011005000050049036 47.4364 090005000050049036
7 47.4364 090005000050049036 3.65363 011004001018033036
7 3.65363 011004001018033036 532220.0 011000001050049036
7 532220.0 011000001050049036 387925.0 011000001050032036
7 387925.0 011000001050032036 3.65363 011004001018033036
7 3.65363 011004001018033036 472139.6138 011000001050033034
7 472139.6138 011000001050033034 8.69359 023000001050033034
7 8.69359 023000001050033034 3.65363 011004001018033036
7 3.65363 011004001018033036 2028020.0 011004001009021036
7 2028020.0 011004001009021036 24692.9 075004001009021036
7 24692.9 075004001009021036 3.65363 011004001018033036
7 3.65363 011004001018033036 1230635.0 011004001050049036
7 1230635.0 011004001050049036 845742.6375 011001001050049036
7 845742.6375 011001001050049036 3.65363 011004001018033036
7 3.65363 011004001018033036 433976.0 011002001050049030
7 433976.0 011002001050049030 41063.5 011005001050049030
7 41063.5 011005001050049030 3.65363 011004001018033036
7 3.65363 011004001018033036 8633.7 011002000019019030
7 8633.7 011002000019019030 6914.15 011005000019019030
7 6914.15 011005000019019030 3.65363 011004001018033036
7 3.65363 011004001018033036 6008420.0 048004000016028036
7 6008420.0 048004000016028036 4257880.0 048004000016035036
7 4257880.0 048004000016035036 3.65363 011004001018033036
7 3.65363 011004001018033036 472853.61625 011004000016033036
7 472853.61625 011004000016033036 3.65363 011004001018033036
7 3.65363 011004001018033036 8.15145 011005001009033036
7 8.15145 011005001009033036 10565.1 048004001019021036
7 10565.1 048004001019021036 5736.36 048004001019039036
7 5736.36 048004001019039036 3.65363 011004001018033036
7 3.65363 011004001018033036 1698490.0 011001001008049036
7 1698490.0 011001001008049036 3.65363 011004001018033036
7 3.65363 011004001018033036 8.15145 011005001009033036
7 8.15145 011005001009033036 4692280.0 048001001009019036
7 4692280.0 048001001009019036 1843.86 048005001009019036
7 1843.86 048005001009019036 3.65363 011004001018033036
7 3.65363 011004001018033036 1382900.0 011000001050019036
7 1382900.0 011000001050019036 140944.0 011000001050019022
7 140944.0 011000001050019022 3.65363 011004001018033036
7 3.65363 011004001018033036 10142800.0 011004000050049045
7 10142800.0 011004000050049045 7956790.0 033004000050049045
7 7956790.0 033004000050049045 3.65363 011004001018033036
7 3.65363 011004001018033036 142223.43417666666 011004000016049034
7 142223.43417666666 011004000016049034 4.59108 011004000016049016
7 4.59108 011004000016049016 3.65363 011004001018033036
7 3.65363 011004001018033036 22025.1 023004001016049016
7 22025.1 023004001016049016 58.4629 023004001016028016
7 58.4629 023004001016028016 3.65363 011004001018033036
7 3.65363 011004001018033036 255.38 011000000016033034
7 255.38 011000000016033034 3.65363 011004001018033036
7 3.65363 011004001018033036 4.59108 011004000016049016
7 4.59108 011004000016049016 13191.9 011004001009049030
7 13191.9 011004001009049030 3.65363 011004001018033036
7 3.65363 011004001018033036 4.59108 011004000016049016
7 4.59108 011004000016049016 570036.0 011004000009049036
7 570036.0 011004000009049036 2232.45 011001000009049036
7 2232.45 011001000009049036 3.65363 011004001018033036
7 3.65363 011004001018033036 1172140.0 011004000008028036
7 1172140.0 011004000008028036 667048.0 011004000008035036
7 667048.0 011004000008035036 3.65363 011004001018033036
7 3.65363 011004001018033036 897.4185 011004001009033036
7 897.4185 011004001009033036 43.7126 011004001009023036
7 43.7126 011004001009023036 3.65363 011004001018033036
7 3.65363 011004001018033036 1793595.0 011001001019049036
7 1793595.0 011001001019049036 15112.5 002001001019049036
7 15112.5 002001001019049036 3.65363 011004001018033036
7 3.65363 011004001018033036 327.345 011004001050033045
7 327.345 011004001050033045 12.0302 059004001050033045
7 12.0302 059004001050033045 3.65363 011004001018033036
7 3.65363 011004001018033036 652035.0 011004001009049036
7 652035.0 011004001009049036 53.6286 011004002009049036
7 53.6286 011004002009049036 3.65363 011004001018033036
7 3.65363 011004001018033036 99737.65 011000001050033036
7 99737.65 011000001050033036 78.3018 011000001050008036
7 78.3018 011000001050008036 3.65363 011004001018033036
7 3.65363 011004001018033036 16245.0 011004001050033036
7 16245.0 011004001050033036 3.65363 011004001018033036
7 3.65363 011004001018033036 4.59108 011004000016049016
7 4.59108 011004000016049016 431413.0 011000000016033036
7 431413.0 011000000016033036 2323.31 011001000016033036
7 2323.31 011001000016033036 3.65363 011004001018033036
7 3.65363 011004001018033036 1054930.0 011001000016028036
7 1054930.0 011001000016028036 3895.88 029001000016028036
7 3895.88 029001000016028036 3.65363 011004001018033036
7 3.65363 011004001018033036 293484.0 011001000050049034
7 293484.0 011001000050049034 37.7415 011001000050049011
7 37.7415 011001000050049011 3.65363 011004001018033036
7 3.65363 011004001018033036 2666480.0 011004001050028036
7 2666480.0 011004001050028036 15977.8 011004001050028012
7 15977.8 011004001050028012 3.65363 011004001018033036
7 3.65363 011004001018033036 793206.135 011001001019033012
7 793206.135 011001001019033012 793206.135 011001001019033012
7 793206.135 011001001019033012 3.65363 011004001018033036
7 3.65363 011004001018033036 560209.0 003005001016019045
7 560209.0 003005001016019045 3368.22 003005000016019045
7 3368.22 003005000016019045 3.65363 011004001018033036
7 3.65363 011004001018033036 260351.6473 011004000050049036
7 260351.6473 011004000050049036 260351.6473 011004000050049036
7 260351.6473 011004000050049036 3.65363 011004001018033036
7 3.65363 011004001018033036 1193640.0 011004001009033045
7 1193640.0 011004001009033045 764173.0 011004001009012045
7 764173.0 011004001009012045 3.65363 011004001018033036
7 3.65363 011004001018033036 859658.5 048004001016049036
7 859658.5 048004001016049036 27216.4 048004001014049036
7 27216.4 048004001014049036 3.65363 011004001018033036
7 3.65363 011004001018033036 1817160.0 011001001009033011
7 1817160.0 011001001009033011 286316.0 011001001009033016
7 286316.0 011001001009033016 3.65363 011004001018033036
7 3.65363 011004001018033036 818693.0 011001001019049034
7 818693.0 011001001019049034 568886.0 011001001019049023
7 568886.0 011001001019049023 3.65363 011004001018033036
7 3.65363 011004001018033036 486661.0 011002001009049034
7 486661.0 011002001009049034 481.902 060002001009049034
7 481.902 060002001009049034 3.65363 011004001018033036
7 3.65363 011004001018033036 19597.5 011000001050010045
7 19597.5 011000001050010045 70.3906 011000000050010045
7 70.3906 011000000050010045 3.65363 011004001018033036
7 3.65363 011004001018033036 1047430.0 011001001050033036
7 1047430.0 011001001050033036 368183.0 011001001040033036
7 368183.0 011001001040033036 3.65363 011004001018033036
7 3.65363 011004001018033036 532220.0 011000001050049036
7 532220.0 011000001050049036 175081.0 011000001050049027
7 175081.0 011000001050049027 3.65363 011004001018033036
7 3.65363 011004001018033036 9865910.0 048002000016049036
7 9865910.0 048002000016049036 2089890.0 070002000016049036
7 2089890.0 070002000016049036 3.65363 011004001018033036
7 3.65363 011004001018033036 845742.6375 011001001050049036
7 845742.6375 011001001050049036 845742.6375 011001001050049036
7 845742.6375 011001001050049036 3.65363 011004001018033036
7 3.65363 011004001018033036 3840070.0 048004001016033034
7 3840070.0 048004001016033034 13927.7 048004001016033040
7 13927.7 048004001016033040 3.65363 011004001018033036
7 3.65363 011004001018033036 132179.535 011000001050033035
7 132179.535 011000001050033035 132179.535 011000001050033035
7 132179.535 011000001050033035 3.65363 011004001018033036
7 3.65363 011004001018033036 1905060.0 011004001050010034
7 1905060.0 011004001050010034 2334.35 011004002050010034
7 2334.35 011004002050010034 3.65363 011004001018033036
7 3.65363 011004001018033036 1039514.5 011005001016033016
7 1039514.5 011005001016033016 222965.0 011005001030033016
7 222965.0 011005001030033016 3.65363 011004001018033036
7 3.65363 011004001018033036 992530.0 011000001009028045
7 992530.0 011000001009028045 28837.3 100000001009028045
7 28837.3 100000001009028045 3.65363 011004001018033036
7 3.65363 011004001018033036 236894.0 011002001050049034
7 236894.0 011002001050049034 3468.6 011002001050049001
7 3468.6 011002001050049001 3.65363 011004001018033036
7 3.65363 011004001018033036 737896.0 048000001018033045
7 737896.0 048000001018033045 3546.16 048000001018028045
7 3546.16 048000001018028045 3.65363 011004001018033036
7 3.65363 011004001018033036 1709850.0 011001001008049035
7 1709850.0 011001001008049035 239785.0 004001001008049035
7 239785.0 004001001008049035 3.65363 011004001018033036
7 3.65363 011004001018033036 99737.65 011000001050033036
7 99737.65 011000001050033036 35.9823 007000001050033036
7 35.9823 007000001050033036 3.65363 011004001018033036
7 3.65363 011004001018033036 8287.82 011001001016033030
7 8287.82 011001001016033030 41.9719 011001001044033030
7 41.9719 011001001044033030 3.65363 011004001018033036
7 3.65363 011004001018033036 142223.43417666666 011004000016049034
7 142223.43417666666 011004000016049034 45.3922 011004000016049027
7 45.3922 011004000016049027 3.65363 011004001018033036
7 3.65363 011004001018033036 49.1251 011004001050028034
7 49.1251 011004001050028034 3.65363 011004001018033036
7 3.65363 011004001018033036 4.59108 011004000016049016
7 4.59108 011004000016049016 1176150.0 011004001018049045
7 1176150.0 011004001018049045 309.72 011004001041049045
7 309.72 011004001041049045 3.65363 011004001018033036
7 3.65363 011004001018033036 322285.25 011001001009010036
7 322285.25 011001001009010036 609978.0 011000001009010036
7 609978.0 011000001009010036 3.65363 011004001018033036
7 3.65363 011004001018033036 792964.6 011000001009033036
7 792964.6 011000001009033036 792964.6 011000001009033036
7 792964.6 011000001009033036 3.65363 011004001018033036
7 3.65363 011004001018033036 1039514.5 011005001016033016
7 1039514.5 011005001016033016 364908.0 011004001016033016
7 364908.0 011004001016033016 3.65363 011004001018033036
7 3.65363 011004001018033036 1230635.0 011004001050049036
7 1230635.0 011004001050049036 16245.0 011004001050033036
7 16245.0 011004001050033036 3.65363 011004001018033036
7 3.65363 011004001018033036 472139.6138 011000001050033034
7 472139.6138 011000001050033034 844155.0 050000001050033034
7 844155.0 050000001050033034 3.65363 011004001018033036
7 3.65363 011004001018033036 522527.0 059000001050033036
7 522527.0 059000001050033036 443384.0 087000001050033036
7 443384.0 087000001050033036 3.65363 011004001018033036
7 3.65363 011004001018033036 145.443 011000000050033045
7 145.443 011000000050033045 30.5139 011000000050044045
7 30.5139 011000000050044045 3.65363 011004001018033036
7 3.65363 011004001018033036 435103.864005 011002001016049036
7 435103.864005 011002001016049036 449569.0 011002001016049019
7 449569.0 011002001016049019 3.65363 011004001018033036
7 3.65363 011004001018033036 1279240.0 011002001019049045
7 1279240.0 011002001019049045 10175.1 011003001019049045
7 10175.1 011003001019049045 3.65363 011004001018033036
7 3.65363 011004001018033036 2264930.0 011004001016019045
7 2264930.0 011004001016019045 1176990.0 011004002016019045
7 1176990.0 011004002016019045 3.65363 011004001018033036
7 3.65363 011004001018033036 348780.0 011004000050049034
7 348780.0 011004000050049034 2322.9 052004000050049034
7 2322.9 052004000050049034 3.65363 011004001018033036
7 3.65363 011004001018033036 132179.535 011000001050033035
7 132179.535 011000001050033035 132179.535 011000001050033035
7 132179.535 011000001050033035 3.65363 011004001018033036
7 3.65363 011004001018033036 1070340.0 011000001050033030
7 1070340.0 011000001050033030 14373.4 011003001050033030
7 14373.4 011003001050033030 3.65363 011004001018033036
7 3.65363 011004001018033036 16245.0 011004001050033036
7 16245.0 011004001050033036 765162.0 011004001027033036
7 765162.0 011004001027033036 3.65363 011004001018033036
7 3.65363 011004001018033036 102.044 011004001050033034
7 102.044 011004001050033034 3.65363 011004001018033036
7 3.65363 011004001018033036 4.59108 011004000016049016
7 4.59108 011004000016049016 635695.0 011000000009049030
7 635695.0 011000000009049030 38.8057 011000000009049024
7 38.8057 011000000009049024 3.65363 011004001018033036
7 3.65363 011004001018033036 1113770.0 011000000018033045
7 1113770.0 011000000018033045 71.8402 011000000018019045
7 71.8402 011000000018019045 3.65363 011004001018033036
7 3.65363 011004001018033036 26.4476 011001001008049045
7 26.4476 011001001008049045 3.65363 011004001018033036
7 3.65363 011004001018033036 4.59108 011004000016049016
7 4.59108 011004000016049016 398050.0 059000001050028036
7 398050.0 059000001050028036 18626.7 059000001050014036
7 18626.7 059000001050014036 3.65363 011004001018033036
7 3.65363 011004001018033036 897.4185 011004001009033036
7 897.4185 011004001009033036 9.16262 011004001009003036
7 9.16262 011004001009003036 3.65363 011004001018033036
7 3.65363 011004001018033036 1195950.0 011004000050033036
7 1195950.0 011004000050033036 2443.56 011005000050033036
7 2443.56 011005000050033036 3.65363 011004001018033036
7 3.65363 011004001018033036 4641.84 003004000009033035
7 4641.84 003004000009033035 3481.73 049004000009033035
7 3481.73 049004000009033035 3.65363 011004001018033036
7 3.65363 011004001018033036 3893315.0 048000001050049045
7 3893315.0 048000001050049045 3893315.0 048000001050049045
7 3893315.0 048000001050049045 3.65363 011004001018033036
7 3.65363 011004001018033036 3937385.05 048000001009010034
7 3937385.05 048000001009010034 3937385.05 048000001009010034
7 3937385.05 048000001009010034 3.65363 011004001018033036
7 3.65363 011004001018033036 142223.43417666666 011004000016049034
7 142223.43417666666 011004000016049034 3.65363 011004001018033036
7 3.65363 011004001018033036 4.59108 011004000016049016
7 4.59108 011004000016049016 314293.525 011004000019049036
7 314293.525 011004000019049036 314293.525 011004000019049036
7 314293.525 011004000019049036 3.65363 011004001018033036
7 3.65363 011004001018033036 6111710.0 023005000009033034
7 6111710.0 023005000009033034 1508740.0 090005000009033034
7 1508740.0 090005000009033034 3.65363 011004001018033036
7 3.65363 011004001018033036 526120.0 023001001016033036
7 526120.0 023001001016033036 10246.4 012001001016033036
7 10246.4 012001001016033036 3.65363 011004001018033036
7 3.65363 011004001018033036 845742.6375 011001001050049036
7 845742.6375 011001001050049036 262134.0 039001001050049036
7 262134.0 039001001050049036 3.65363 011004001018033036
7 3.65363 011004001018033036 280376.0 011001000050010016
7 280376.0 011001000050010016 15.3146 011001000028010016
7 15.3146 011001000028010016 3.65363 011004001018033036
7 3.65363 011004001018033036 2563970.0 011002000050033036
7 2563970.0 011002000050033036 1244970.0 011002000050032036
7 1244970.0 011002000050032036 3.65363 011004001018033036
7 3.65363 011004001018033036 1864740.0 011004000016033045
7 1864740.0 011004000016033045 767.864 038004000016033045
7 767.864 038004000016033045 3.65363 011004001018033036
7 3.65363 011004001018033036 456188.0 011001000050033036
7 456188.0 011001000050033036 371078.5 011000000050033036
7 371078.5 011000000050033036 3.65363 011004001018033036
7 3.65363 011004001018033036 46.428 011004001016033036
7 46.428 011004001016033036 3.65363 011004001018033036
7 3.65363 011004001018033036 4.59108 011004000016049016
7 4.59108 011004000016049016 7285.27 023001001019033045
7 7285.27 023001001019033045 5007.73 023001001019034045
7 5007.73 023001001019034045 3.65363 011004001018033036
7 3.65363 011004001018033036 472853.61625 011004000016033036
7 472853.61625 011004000016033036 347369.0 011004002016033036
7 347369.0 011004002016033036 3.65363 011004001018033036
7 3.65363 011004001018033036 2662.06 011004001050019045
7 2662.06 011004001050019045 270.828 011004001050036045
7 270.828 011004001050036045 3.65363 011004001018033036
7 3.65363 011004001018033036 1605070.0 011002000050019036
7 1605070.0 011002000050019036 582743.0 011005000050019036
7 582743.0 011005000050019036 3.65363 011004001018033036
7 3.65363 011004001018033036 1031390.0 011000000008033034
7 1031390.0 011000000008033034 496222.0 011000000007033034
7 496222.0 011000000007033034 3.65363 011004001018033036
7 3.65363 011004001018033036 8207000.0 011002000028010045
7 8207000.0 011002000028010045 13.0018 011001000028010045
7 13.0018 011001000028010045 3.65363 011004001018033036
7 3.65363 011004001018033036 683093.0 011005001009049045
7 683093.0 011005001009049045 3031.47 011005001015049045
7 3031.47 011005001015049045 3.65363 011004001018033036
7 3.65363 011004001018033036 1597360.0 011005001028049045
7 1597360.0 011005001028049045 23150.7 011005001028049030
7 23150.7 011005001028049030 3.65363 011004001018033036
7 3.65363 011004001018033036 3769200.0 011002000016049045
7 3769200.0 011002000016049045 9622.28 056002000016049045
7 9622.28 056002000016049045 3.65363 011004001018033036
7 3.65363 011004001018033036 1001180.0 011001000016049034
7 1001180.0 011001000016049034 980392.0 028001000016049034
7 980392.0 028001000016049034 3.65363 011004001018033036
7 3.65363 011004001018033036 414.183 023001000009019045
7 414.183 023001000009019045 394.254 023001000009004045
7 394.254 023001000009004045 3.65363 011004001018033036
7 3.65363 011004001018033036 6571030.0 059001001016010034
7 6571030.0 059001001016010034 12901.0 079001001016010034
7 12901.0 079001001016010034 3.65363 011004001018033036
7 3.65363 011004001018033036 1271680.0 011004001019049045
7 1271680.0 011004001019049045 399.515 100004001019049045
7 399.515 100004001019049045 3.65363 011004001018033036
7 3.65363 011004001018033036 8819180.0 011004000008049045
7 8819180.0 011004000008049045 770.951 011004000008015045
7 770.951 011004000008015045 3.65363 011004001018033036
7 3.65363 011004001018033036 260351.6473 011004000050049036
7 260351.6473 011004000050049036 3.65363 011004001018033036
7 3.65363 011004001018033036 4.59108 011004000016049016
7 4.59108 011004000016049016 14264.9 011002000008010030
7 14264.9 011002000008010030 123.959 011002000012010030
7 123.959 011002000012010030 3.65363 011004001018033036
7 3.65363 011004001018033036 4398.69 011002001012010034
7 4398.69 011002001012010034 93.3657 011004001012010034
7 93.3657 011004001012010034 3.65363 011004001018033036
7 3.65363 011004001018033036 2504290.0 011004000050033045
7 2504290.0 011004000050033045 3343.55 011004000050033000
7 3343.55 011004000050033000 3.65363 011004001018033036
7 3.65363 011004001018033036 138964.0 011004001019033000
7 138964.0 011004001019033000 22.481 011001001019033000
7 22.481 011001001019033000 3.65363 011004001018033036
7 3.65363 011004001018033036 7447310.0 023002000009010034
7 7447310.0 023002000009010034 9138.08 023002000009030034
7 9138.08 023002000009030034 3.65363 011004001018033036
7 3.65363 011004001018033036 5127.47 059004001009033034
7 5127.47 059004001009033034 3443.48 059003001009033034
7 3443.48 059003001009033034 3.65363 011004001018033036
8 3.65363 011004001018033036 4954910000.0 011005000024019000
8 4954910000.0 011005000024019000 891733000.0 011003000024019000
8 891733000.0 011003000024019000 66.4456 029000000021026024
8 66.4456 029000000021026024 4672.38 016001002016038010
8 4672.38 016001002016038010 81.2963 016001002016038042
8 81.2963 016001002016038042 66.4456 029000000021026024
8 66.4456 029000000021026024 8756510.0 025003000004050022
8 8756510.0 025003000004050022 21453.4 025003000003050022
8 21453.4 025003000003050022 66.4456 029000000021026024
8 66.4456 029000000021026024 132933.0 002001001050040000
8 132933.0 002001001050040000 17603.1 073001001050040000
8 17603.1 073001001050040000 66.4456 029000000021026024
8 66.4456 029000000021026024 20774.5 002004002021038018
8 20774.5 002004002021038018 9721.5 067004002021038018
8 9721.5 067004002021038018 66.4456 029000000021026024
8 66.4456 029000000021026024 4565060000.0 067002000033021000
8 4565060000.0 067002000033021000 7672120.0 067002000033021028
8 7672120.0 067002000033021028 66.4456 029000000021026024
8 66.4456 029000000021026024 1112370.0 016003002019004028
8 1112370.0 016003002019004028 22210.7 055003002019004028
8 22210.7 055003002019004028 66.4456 029000000021026024
8 66.4456 029000000021026024 2866.0249999999996 100001000021038028
8 2866.0249999999996 100001000021038028 72.325 064001000021038028
8 72.325 064001000021038028 66.4456 029000000021026024
8 66.4456 029000000021026024 23571.4 067003002050038034
8 23571.4 067003002050038034 10574.6 067003002050038042
8 10574.6 067003002050038042 66.4456 029000000021026024
8 66.4456 029000000021026024 54560200.0 064001002050004018
8 54560200.0 064001002050004018 20513.1 041001002050004018
8 20513.1 041001002050004018 66.4456 029000000021026024
8 66.4456 029000000021026024 1255190.0 002003000021038030
8 1255190.0 002003000021038030 106.412 002003000028038030
8 106.412 002003000028038030 66.4456 029000000021026024
8 66.4456 029000000021026024 396463.0 002005000050038034
8 396463.0 002005000050038034 261061.0 002000000050038034
8 261061.0 002000000050038034 66.4456 029000000021026024
8 66.4456 029000000021026024 38320.2 067001002014004030
8 38320.2 067001002014004030 9496.27 067001002014023030
8 9496.27 067001002014023030 66.4456 029000000021026024
8 66.4456 029000000021026024 59455700.0 100003001031004028
8 59455700.0 100003001031004028 7852.1 100003001021004028
8 7852.1 100003001021004028 66.4456 029000000021026024
8 66.4456 029000000021026024 2556060.0 016001001021038000
8 2556060.0 016001001021038000 44527.7 016004001021038000
8 44527.7 016004001021038000 66.4456 029000000021026024
8 66.4456 029000000021026024 24078.1 029001001014023028
8 24078.1 029001001014023028 18987.3 029005001014023028
8 18987.3 029005001014023028 66.4456 029000000021026024
8 66.4456 029000000021026024 227789.0 016004002014038028
8 227789.0 016004002014038028 42.1481 016004002014038045
8 42.1481 016004002014038045 66.4456 029000000021026024
8 66.4456 029000000021026024 3335.97 016001000016026016
8 3335.97 016001000016026016 265.363 016001000005026016
8 265.363 016001000005026016 42.1481 016004002014038045
8 42.1481 016004002014038045 10308.2 002004000021038028
8 10308.2 002004000021038028 59.4869 002004000037038028
8 59.4869 002004000037038028 42.1481 016004002014038045
8 42.1481 016004002014038045 4007.7 067004002021026016
8 4007.7 067004002021026016 683.086 067004002021005016
8 683.086 067004002021005016 42.1481 016004002014038045
8 42.1481 016004002014038045 4820.51 064004000021038030
8 4820.51 064004000021038030 45.7882 064004000011038030
8 45.7882 064004000011038030 42.1481 016004002014038045
8 42.1481 016004002014038045 1767.13 064001000016026024
8 1767.13 064001000016026024 181.223 064001000012026024
8 181.223 064001000012026024 42.1481 016004002014038045
8 42.1481 016004002014038045 74895900.0 067004000021038045
8 74895900.0 067004000021038045 15385500.0 067004000048038045
8 15385500.0 067004000048038045 42.1481 016004002014038045
8 42.1481 016004002014038045 556620.0 016001000005038010
8 556620.0 016001000005038010 2411.27 016001000005038023
8 2411.27 016001000005038023 42.1481 016004002014038045
8 42.1481 016004002014038045 12599.8 029001002021038016
8 12599.8 029001002021038016 413.528 029001002043038016
8 413.528 029001002043038016 42.1481 016004002014038045
8 42.1481 016004002014038045 3785010.0 016001000016038023
8 3785010.0 016001000016038023 6860.89 016001000011038023
8 6860.89 016001000011038023 42.1481 016004002014038045
8 42.1481 016004002014038045 3463350.0 064004000021026016
8 3463350.0 064004000021026016 2127650.0 050004000021026016
8 2127650.0 050004000021026016 42.1481 016004002014038045
8 42.1481 016004002014038045 32039400.0 064001002028026016
8 32039400.0 064001002028026016 2927090.0 064001002028026031
8 2927090.0 064001002028026031 42.1481 016004002014038045
8 42.1481 016004002014038045 599314.0 100004000021038016
8 599314.0 100004000021038016 9935.3 100004000021043016
8 9935.3 100004000021043016 42.1481 016004002014038045
8 42.1481 016004002014038045 3721.96 067004000021038028
8 3721.96 067004000021038028 3157.47 067004000019038028
8 3157.47 067004000019038028 42.1481 016004002014038045
8 42.1481 016004002014038045 4155070.0 100001000016038010
8 4155070.0 100001000016038010 43634.5 100001000016007010
8 43634.5 100001000016007010 42.1481 016004002014038045
8 42.1481 016004002014038045 6423980.0 016001000005026042
8 6423980.0 016001000005026042 4693.22 016001000005049042
8 4693.22 016001000005049042 42.1481 016004002014038045
8 42.1481 016004002014038045 229503.0 016001002016038016
8 229503.0 016001002016038016 412.234 005001002016038016
8 412.234 005001002016038016 42.1481 016004002014038045
8 42.1481 016004002014038045 701569.335 067001000021038028
8 701569.335 067001000021038028 701569.335 067001000021038028
8 701569.335 067001000021038028 42.1481 016004002014038045
8 42.1481 016004002014038045 127939.945 029004002014038028
8 127939.945 029004002014038028 1672910.0 029005002014038028
8 1672910.0 029005002014038028 42.1481 016004002014038045
8 42.1481 016004002014038045 194504.0 002001000012038016
8 194504.0 002001000012038016 16669.4 002001000012004016
8 16669.4 002001000012004016 42.1481 016004002014038045
8 42.1481 016004002014038045 10018100000.0 064001002021026016
8 10018100000.0 064001002021026016 1372500.0 064001002021026043
8 1372500.0 064001002021026043 42.1481 016004002014038045
8 42.1481 016004002014038045 2814585.0 064004002011038024
8 2814585.0 064004002011038024 2814585.0 064004002011038024
8 2814585.0 064004002011038024 42.1481 016004002014038045
8 42.1481 016004002014038045 1025053.0 005001000005026016
8 1025053.0 005001000005026016 1025053.0 005001000005026016
8 1025053.0 005001000005026016 42.1481 016004002014038045
8 42.1481 016004002014038045 4451760.0 067001000019038042
8 4451760.0 067001000019038042 2877690.0 067004000019038042
8 2877690.0 067004000019038042 42.1481 016004002014038045
8 42.1481 016004002014038045 1999230.0 016004000005005042
8 1999230.0 016004000005005042 21098.7 016006000005005042
8 21098.7 016006000005005042 42.1481 016004002014038045
8 42.1481 016004002014038045 2417210.0 029004000016038023
8 2417210.0 029004000016038023 359436.0 029004000016028023
8 359436.0 029004000016028023 42.1481 016004002014038045
8 42.1481 016004002014038045 329314000.0 067001000021028016
8 329314000.0 067001000021028016 4959490.0 067001000049028016
8 4959490.0 067001000049028016 42.1481 016004002014038045
8 42.1481 016004002014038045 6256.98 064001000016038030
8 6256.98 064001000016038030 6256.98 064001000016038030
8 6256.98 064001000016038030 42.1481 016004002014038045
8 42.1481 016004002014038045 8645190.0 064004000037026028
8 8645190.0 064004000037026028 157.358 029004000037026028
8 157.358 029004000037026028 42.1481 016004002014038045
8 42.1481 016004002014038045 9987530.0 067001002028026042
8 9987530.0 067001002028026042 6843430.0 067001002028011042
8 6843430.0 067001002028011042 42.1481 016004002014038045
8 42.1481 016004002014038045 78.5154 067004000016026030
8 78.5154 067004000016026030 42.1481 016004002014038045
8 42.1481 016004002014038045 45.7882 064004000011038030
8 45.7882 064004000011038030 77146269.45 067003000012026045
8 77146269.45 067003000012026045 77146269.45 067003000012026045
8 77146269.45 067003000012026045 42.1481 016004002014038045
8 42.1481 016004002014038045 363385.0 016001002012038030
8 363385.0 016001002012038030 10167.0 016001000012038030
8 10167.0 016001000012038030 42.1481 016004002014038045
8 42.1481 016004002014038045 192562.0 029000000021026016
8 192562.0 029000000021026016 1152.92 029000000015026016
8 1152.92 029000000015026016 42.1481 016004002014038045
8 42.1481 016004002014038045 9047.18 002004000015026028
8 9047.18 002004000015026028 133.965 028004000015026028
8 133.965 028004000015026028 42.1481 016004002014038045
8 42.1481 016004002014038045 1184170.0 029001000016026016
8 1184170.0 029001000016026016 5370.27 029001000016026031
8 5370.27 029001000016026031 42.1481 016004002014038045
8 42.1481 016004002014038045 709228.13775 029001000014038028
8 709228.13775 029001000014038028 42.1481 016004002014038045
8 42.1481 016004002014038045 45.7882 064004000011038030
8 45.7882 064004000011038030 15260.6 067001000005038028
8 15260.6 067001000005038028 42.1481 016004002014038045
8 42.1481 016004002014038045 45.7882 064004000011038030
8 45.7882 064004000011038030 16929616.0 100001002005026030
8 16929616.0 100001002005026030 16929616.0 100001002005026030
8 16929616.0 100001002005026030 42.1481 016004002014038045
8 42.1481 016004002014038045 861541.0 002001002012026045
8 861541.0 002001002012026045 42.1481 016004002014038045
8 42.1481 016004002014038045 45.7882 064004000011038030
8 45.7882 064004000011038030 2866.0249999999996 100001000021038028
8 2866.0249999999996 100001000021038028 42.1481 016004002014038045
8 42.1481 016004002014038045 45.7882 064004000011038030
8 45.7882 064004000011038030 1310000.0 100004002011038024
8 1310000.0 100004002011038024 7906.73 100004002011038027
8 7906.73 100004002011038027 42.1481 016004002014038045
8 42.1481 016004002014038045 3114090.0 002003000011026016
8 3114090.0 002003000011026016 882.055 002000000011026016
8 882.055 002000000011026016 42.1481 016004002014038045
8 42.1481 016004002014038045 7519.2 005004000016038028
8 7519.2 005004000016038028 5283.88 005004000016024028
8 5283.88 005004000016024028 42.1481 016004002014038045
8 42.1481 016004002014038045 2825130.0 002001000021005028
8 2825130.0 002001000021005028 3395.24 002001000021018028
8 3395.24 002001000021018028 42.1481 016004002014038045
8 42.1481 016004002014038045 1805850.0 016001000021026016
8 1805850.0 016001000021026016 254.552 062001000021026016
8 254.552 062001000021026016 42.1481 016004002014038045
8 42.1481 016004002014038045 2874335.0 016004000015026045
8 2874335.0 016004000015026045 2405170.0 016004000004026045
8 2405170.0 016004000004026045 42.1481 016004002014038045
8 42.1481 016004002014038045 3234635.5 062004000037026024
8 3234635.5 062004000037026024 3234635.5 062004000037026024
8 3234635.5 062004000037026024 42.1481 016004002014038045
8 42.1481 016004002014038045 2069.03 016001000011026042
8 2069.03 016001000011026042 1372.86 016001000011045042
8 1372.86 016001000011045042 42.1481 016004002014038045
8 42.1481 016004002014038045 13203400.0 016003002037026016
8 13203400.0 016003002037026016 416418.0 016003002045026016
8 416418.0 016003002045026016 42.1481 016004002014038045
8 42.1481 016004002014038045 514836.5 002004000021038030
8 514836.5 002004000021038030 514836.5 002004000021038030
8 514836.5 002004000021038030 42.1481 016004002014038045
8 42.1481 016004002014038045 2185120.0 062004000021038030
8 2185120.0 062004000021038030 10277.0 097004000021038030
8 10277.0 097004000021038030 42.1481 016004002014038045
8 42.1481 016004002014038045 210450.0 002001000021038024
8 210450.0 002001000021038024 6225.6 002001000021038028
8 6225.6 002001000021038028 42.1481 016004002014038045
8 42.1481 016004002014038045 159496000.0 028001002014005030
8 159496000.0 028001002014005030 7890950.0 028001002010005030
8 7890950.0 028001002010005030 42.1481 016004002014038045
8 42.1481 016004002014038045 314753.0 002004002011038016
8 314753.0 002004002011038016 7579.58 002004002011038031
8 7579.58 002004002011038031 42.1481 016004002014038045
8 42.1481 016004002014038045 262775.0 029001000014038016
8 262775.0 029001000014038016 42.1481 016004002014038045
8 42.1481 016004002014038045 45.7882 064004000011038030
8 45.7882 064004000011038030 1007810.0 064000000021026028
8 1007810.0 064000000021026028 9193.86 064000000021026026
8 9193.86 064000000021026026 42.1481 016004002014038045
8 42.1481 016004002014038045 2874335.0 016004000015026045
8 2874335.0 016004000015026045 1090390.0 016004002015026045
8 1090390.0 016004002015026045 42.1481 016004002014038045
8 42.1481 016004002014038045 4169470.0 029001000016038016
8 4169470.0 029001000016038016 4053660.0 029001000016038042
8 4053660.0 029001000016038042 42.1481 016004002014038045
8 42.1481 016004002014038045 2043990.0 067001000011026028
8 2043990.0 067001000011026028 586051.0 029001000011026028
8 586051.0 029001000011026028 42.1481 016004002014038045
8 42.1481 016004002014038045 10128200000.0 064004000011005016
8 10128200000.0 064004000011005016 19356700.0 064004000011024016
8 19356700.0 064004000011024016 42.1481 016004002014038045
8 42.1481 016004002014038045 16417.1 062004000014026016
8 16417.1 062004000014026016 2049.03 062004000014026007
8 2049.03 062004000014026007 42.1481 016004002014038045
8 42.1481 016004002014038045 6314.2 016001002021026024
8 6314.2 016001002021026024 4130.83 016001002021008024
8 4130.83 016001002021008024 42.1481 016004002014038045
8 42.1481 016004002014038045 6.86505 005004002015026016
8 6.86505 005004002015026016 42.1481 016004002014038045
8 42.1481 016004002014038045 45.7882 064004000011038030
8 45.7882 064004000011038030 6407.48 002004000011026016
8 6407.48 002004000011026016 6.86505 005004002015026016
8 6.86505 005004002015026016 42.1481 016004002014038045
8 42.1481 016004002014038045 7589.81 016004000043038024
8 7589.81 016004000043038024 82.4338 016004000043038045
8 82.4338 016004000043038045 6.86505 005004002015026016
8 6.86505 005004002015026016 30100.6 062003002043026016
8 30100.6 062003002043026016 133.06 062003002034026016
8 133.06 062003002034026016 6.86505 005004002015026016
8 6.86505 005004002015026016 12626.6 062004000014026030
8 12626.6 062004000014026030 3008.88 062004000014044030
8 3008.88 062004000014044030 6.86505 005004002015026016
8 6.86505 005004002015026016 6278330.0 062001000034038028
8 6278330.0 062001000034038028 1798490.0 062001001034038028
8 1798490.0 062001001034038028 6.86505 005004002015026016
8 6.86505 005004002015026016 401505.0 002001002014038016
8 401505.0 002001002014038016 2.09621 002001002014038032
8 2.09621 002001002014038032 6.86505 005004002015026016
8 6.86505 005004002015026016 14210.8 064001002012038028
8 14210.8 064001002012038028 9900.68 064001002012036028
8 9900.68 064001002012036028 2.09621 002001002014038032
8 2.09621 002001002014038032 3220.49 064004000021026042
8 3220.49 064004000021026042 2.09621 002001002014038032
8 2.09621 002001002014038032 6.86505 005004002015026016
8 6.86505 005004002015026016 2708250000.0 064001002037038016
8 2708250000.0 064001002037038016 94886900.0 064002002037038016
8 94886900.0 064002002037038016 2.09621 002001002014038032
8 2.09621 002001002014038032 13329.5 064004000037038016
8 13329.5 064004000037038016 7814.89 064004001037038016
8 7814.89 064004001037038016 2.09621 002001002014038032
8 2.09621 002001002014038032 9753200.0 062001000037038028
8 9753200.0 062001000037038028 2906950.0 062001000019038028
8 2906950.0 062001000019038028 2.09621 002001002014038032
8 2.09621 002001002014038032 6773.657 029004000037038016
8 6773.657 029004000037038016 20.5349 029004000037032016
8 20.5349 029004000037032016 2.09621 002001002014038032
8 2.09621 002001002014038032 686296.0 016004002015026030
8 686296.0 016004002015026030 13348.7 016004002040026030
8 13348.7 016004002040026030 2.09621 002001002014038032
8 2.09621 002001002014038032 3285030.0 029004000016026028
8 3285030.0 029004000016026028 836405.0 029004001016026028
8 836405.0 029004001016026028 2.09621 002001002014038032
8 2.09621 002001002014038032 2378830.0 029001000037026028
8 2378830.0 029001000037026028 909054.0 029001000037026040
8 909054.0 029001000037026040 2.09621 002001002014038032
8 2.09621 002001002014038032 9906.365 005001002037026030
8 9906.365 005001002037026030 9906.365 005001002037026030
8 9906.365 005001002037026030 2.09621 002001002014038032
8 2.09621 002001002014038032 13346.4 002003000015038028
8 13346.4 002003000015038028 92.7806 002003000015031028
8 92.7806 002003000015031028 2.09621 002001002014038032
8 2.09621 002001002014038032 6401140.0 016001000016026028
8 6401140.0 016001000016026028 340226.0 016001001016026028
8 340226.0 016001001016026028 2.09621 002001002014038032
8 2.09621 002001002014038032 3872.45 067001000015038028
8 3872.45 067001000015038028 2593.33 067001000015031028
8 2593.33 067001000015031028 2.09621 002001002014038032
8 2.09621 002001002014038032 269036.0 016004000021026016
8 269036.0 016004000021026016 207371.0 016004000021029016
8 207371.0 016004000021029016 2.09621 002001002014038032
8 2.09621 002001002014038032 136.958 062004000015026042
8 136.958 062004000015026042 63.6651 009004000015026042
8 63.6651 009004000015026042 2.09621 002001002014038032
8 2.09621 002001002014038032 1068020.0 005004002015038042
8 1068020.0 005004002015038042 361205.0 005004002015031042
8 361205.0 005004002015031042 2.09621 002001002014038032
8 2.09621 002001002014038032 236879.0 064004002016032028
8 236879.0 064004002016032028 17417.7 064004002045032028
8 17417.7 064004002045032028 2.09621 002001002014038032
8 2.09621 002001002014038032 187129.0 005004002015038028
8 187129.0 005004002015038028 14849.1 005004002015038023
8 14849.1 005004002015038023 2.09621 002001002014038032
8 2.09621 002001002014038032 1821220.0 028004002016026030
8 1821220.0 028004002016026030 25238.7 028004002016026012
8 25238.7 028004002016026012 2.09621 002001002014038032
8 2.09621 002001002014038032 2807600.0 028004000015026012
8 2807600.0 028004000015026012 1438590.0 028005000015026012
8 1438590.0 028005000015026012 2.09621 002001002014038032
8 2.09621 002001002014038032 4332980.0 062004000015031028
8 4332980.0 062004000015031028 3110.62 062004000015034028
8 3110.62 062004000015034028 2.09621 002001002014038032
8 2.09621 002001002014038032 8508990000.0 062003002034038016
8 8508990000.0 062003002034038016 8132.39 066003002034038016
8 8132.39 066003002034038016 2.09621 002001002014038032
8 2.09621 002001002014038032 6876.33 029001002011026016
8 6876.33 029001002011026016 75.8055 029001002011001016
8 75.8055 029001002011001016 2.09621 002001002014038032
8 2.09621 002001002014038032 18172300.0 029003000015038042
8 18172300.0 029003000015038042 12862.3 029003000015038028
8 12862.3 029003000015038028 2.09621 002001002014038032
8 2.09621 002001002014038032 454576.0 016004002043038028
8 454576.0 016004002043038028 16.638 016004002043000028
8 16.638 016004002043000028 2.09621 002001002014038032
8 2.09621 002001002014038032 1596130.0 016004000043026016
8 1596130.0 016004000043026016 3385.19 016004000043026036
8 3385.19 016004000043026036 2.09621 002001002014038032
8 2.09621 002001002014038032 598055.0 002004002043038042
8 598055.0 002004002043038042 274580.0 002004002039038042
8 274580.0 002004002039038042 2.09621 002001002014038032
8 2.09621 002001002014038032 2489010.0 016001002039038016
8 2489010.0 016001002039038016 820490.0 016003002039038016
8 820490.0 016003002039038016 2.09621 002001002014038032
8 2.09621 002001002014038032 6728.37 064001002015026030
8 6728.37 064001002015026030 2166.47 064000002015026030
8 2166.47 064000002015026030 2.09621 002001002014038032
8 2.09621 002001002014038032 2746.95 005004002034032016
8 2746.95 005004002034032016 60.8366 028004002034032016
8 60.8366 028004002034032016 2.09621 002001002014038032
8 2.09621 002001002014038032 4344790.0 002003000014000030
8 4344790.0 002003000014000030 1109490.0 002003000028000030
8 1109490.0 002003000028000030 2.09621 002001002014038032
8 2.09621 002001002014038032 489913.0995 029004000043038042
8 489913.0995 029004000043038042 572.094 029004000021038042
8 572.094 029004000021038042 2.09621 002001002014038032
8 2.09621 002001002014038032 19758.7 029004002011038042
8 19758.7 029004002011038042 37.7661 029004000011038042
8 37.7661 029004000011038042 2.09621 002001002014038032
8 2.09621 002001002014038032 592165.0 016004002011038042
8 592165.0 016004002011038042 16878.1 016004002011021042
8 16878.1 016004002011021042 2.09621 002001002014038032
8 2.09621 002001002014038032 3250.51 002004002034038045
8 3250.51 002004002034038045 2427.62 055004002034038045
8 2427.62 055004002034038045 2.09621 002001002014038032
8 2.09621 002001002014038032 182272.0 029004000043038016
8 182272.0 029004000043038016 55.8762 029004000043029016
8 55.8762 029004000043029016 2.09621 002001002014038032
8 2.09621 002001002014038032 342950.0 002004000043038016
8 342950.0 002004000043038016 165797.0 002004000049038016
8 165797.0 002004000049038016 2.09621 002001002014038032
8 2.09621 002001002014038032 1005720.0 016004000037000028
8 1005720.0 016004000037000028 1270.56 016001000037000028
8 1270.56 016001000037000028 2.09621 002001002014038032
8 2.09621 002001002014038032 602.288 016004000011026042
8 602.288 016004000011026042 10.111 016004000011029042
8 10.111 016004000011029042 2.09621 002001002014038032
8 2.09621 002001002014038032 4237440.0 064004002011038042
8 4237440.0 064004002011038042 2409370.0 064004002011023042
8 2409370.0 064004002011023042 2.09621 002001002014038032
8 2.09621 002001002014038032 39554476.15 064000002011038016
8 39554476.15 064000002011038016 39554476.15 064000002011038016
8 39554476.15 064000002011038016 2.09621 002001002014038032
8 2.09621 002001002014038032 232450.0 029004002016038028
8 232450.0 029004002016038028 4548.46 029004002016038013
8 4548.46 029004002016038013 2.09621 002001002014038032
8 2.09621 002001002014038032 55.9164 016004000015026028
8 55.9164 016004000015026028 33.2615 016004000026026028
8 33.2615 016004000026026028 2.09621 002001002014038032
8 2.09621 002001002014038032 480514.0 029004002011038016
8 480514.0 029004002011038016 102.777 071004002011038016
8 102.777 071004002011038016 2.09621 002001002014038032
8 2.09621 002001002014038032 2027270.0 071004002011038028
8 2027270.0 071004002011038028 710286.0 071004002044038028
8 710286.0 071004002044038028 2.09621 002001002014038032
8 2.09621 002001002014038032 594767.0 029004002021038016
8 594767.0 029004002021038016 207111.0 029004002021038018
8 207111.0 029004002021038018 2.09621 002001002014038032
8 2.09621 002001002014038032 753190.0 016004000043029028
8 753190.0 016004000043029028 753190.0 016004000043029028
8 753190.0 016004000043029028 2.09621 002001002014038032
8 2.09621 002001002014038032 370899.0 002001000037038030
8 370899.0 002001000037038030 24484.1 037001000037038030
8 24484.1 037001000037038030 2.09621 002001002014038032
8 2.09621 002001002014038032 501270.0 016004002026038028
8 501270.0 016004002026038028 304692.0 016004000026038028
8 304692.0 016004000026038028 2.09621 002001002014038032
8 2.09621 002001002014038032 23695211.05 029004000011000016
8 23695211.05 029004000011000016 23695211.05 029004000011000016
8 23695211.05 029004000011000016 2.09621 002001002014038032
8 2.09621 002001002014038032 29819400.0 029004002011026016
8 29819400.0 029004002011026016 1681190.0 029004002011026039
8 1681190.0 029004002011026039 2.09621 002001002014038032
8 2.09621 002001002014038032 6689940.0 064004002021026042
8 6689940.0 064004002021026042 580530.0 080004002021026042
8 580530.0 080004002021026042 2.09621 002001002014038032
8 2.09621 002001002014038032 3024.23 029004002043029028
8 3024.23 029004002043029028 98.611 029004002043000028
8 98.611 029004002043000028 2.09621 002001002014038032
8 2.09621 002001002014038032 1367480.0 005004000011001028
8 1367480.0 005004000011001028 62.5316 005004000011048028
8 62.5316 005004000011048028 2.09621 002001002014038032
8 2.09621 002001002014038032 3431620.0 029004000021029016
8 3431620.0 029004000021029016 18400.6 029005000021029016
8 18400.6 029005000021029016 2.09621 002001002014038032
8 2.09621 002001002014038032 980366.5 064004000021032016
8 980366.5 064004000021032016 980366.5 064004000021032016
8 980366.5 064004000021032016 2.09621 002001002014038032
8 2.09621 002001002014038032 2053820.0 016001000021032028
8 2053820.0 016001000021032028 312971.0 016001000029032028
8 312971.0 016001000029032028 2.09621 002001002014038032
8 2.09621 002001002014038032 1227960.0 002001000015038028
8 1227960.0 002001000015038028 8260.28 002001000043038028
8 8260.28 002001000043038028 2.09621 002001002014038032
8 2.09621 002001002014038032 575726.0 016004000014038028
8 575726.0 016004000014038028 575726.0 016004000014038028
8 575726.0 016004000014038028 2.09621 002001002014038032
8 2.09621 002001002014038032 1794550.0 016004000014026016
8 1794550.0 016004000014026016 12177.9 016005000014026016
8 12177.9 016005000014026016 2.09621 002001002014038032
8 2.09621 002001002014038032 3145.31 005004000014032028
8 3145.31 005004000014032028 35.913 005001000014032028
8 35.913 005001000014032028 2.09621 002001002014038032
8 2.09621 002001002014038032 5.72344 005004000014026030
8 5.72344 005004000014026030 2.09621 002001002014038032
8 2.09621 002001002014038032 6.86505 005004002015026016
8 6.86505 005004002015026016 1596692.2164 029004002026038028
8 1596692.2164 029004002026038028 2.09621 002001002014038032
8 2.09621 002001002014038032 5.72344 005004000014026030
8 5.72344 005004000014026030 78.7811 005001000011026028
8 78.7811 005001000011026028 2.09621 002001002014038032
8 2.09621 002001002014038032 5.72344 005004000014026030
8 5.72344 005004000014026030 856438.0 029001000014038030
8 856438.0 029001000014038030 9480.77 029001000019038030
8 9480.77 029001000019038030 2.09621 002001002014038032
8 2.09621 002001002014038032 286592.0 002004000026038030
8 286592.0 002004000026038030 60.425 002004002026038030
8 60.425 002004002026038030 2.09621 002001002014038032
8 2.09621 002001002014038032 8416.03 009004000015026028
8 8416.03 009004000015026028 1393.19 009003000015026028
8 1393.19 009003000015026028 2.09621 002001002014038032
8 2.09621 002001002014038032 697627.0 002004000011032028
8 697627.0 002004000011032028 1886.32 002004000011020028
8 1886.32 002004000011020028 2.09621 002001002014038032
8 2.09621 002001002014038032 1467998.5 005001002026048042
8 1467998.5 005001002026048042 1467998.5 005001002026048042
8 1467998.5 005001002026048042 2.09621 002001002014038032
8 2.09621 002001002014038032 183947.0 028004002037032016
8 183947.0 028004002037032016 7050.97 028004002037029016
8 7050.97 028004002037029016 2.09621 002001002014038032
8 2.09621 002001002014038032 127939.945 029004002014038028
8 127939.945 029004002014038028 127939.945 029004002014038028
8 127939.945 029004002014038028 2.09621 002001002014038032
8 2.09621 002001002014038032 315576.0 005004000015038028
8 315576.0 005004000015038028 2768.92785 005004000034038028
8 2768.92785 005004000034038028 2.09621 002001002014038032
8 2.09621 002001002014038032 2140290.0 029004000043038028
8 2140290.0 029004000043038028 8964.6 034004000043038028
8 8964.6 034004000043038028 2.09621 002001002014038032
8 2.09621 002001002014038032 2996300.0 028004000014038028
8 2996300.0 028004000014038028 632930.0 028004000048038028
8 632930.0 028004000048038028 2.09621 002001002014038032
8 2.09621 002001002014038032 1824560.0 016004000014032028
8 1824560.0 016004000014032028 298518.0 025004000014032028
8 298518.0 025004000014032028 2.09621 002001002014038032
8 2.09621 002001002014038032 2140290.0 029004000043038028
8 2140290.0 029004000043038028 1136650.0 029004000043038035
8 1136650.0 029004000043038035 2.09621 002001002014038032
8 2.09621 002001002014038032 1093496.5 005004000043038028
8 1093496.5 005004000043038028 9913.7 018004000043038028
8 9913.7 018004000043038028 2.09621 002001002014038032
8 2.09621 002001002014038032 20277.1 002004002037038028
8 20277.1 002004002037038028 7452.77 002004002037038037
8 7452.77 002004002037038037 2.09621 002001002014038032
8 2.09621 002001002014038032 8357.35 064004000043026037
8 8357.35 064004000043026037 7228.08 038004000043026037
8 7228.08 038004000043026037 2.09621 002001002014038032
8 2.09621 002001002014038032 4359050.0 002004000015029045
8 4359050.0 002004000015029045 1301.11 070004000015029045
8 1301.11 070004000015029045 2.09621 002001002014038032
8 2.09621 002001002014038032 256445.0 002004002015038016
8 256445.0 002004002015038016 22519.9 054004002015038016
8 22519.9 054004002015038016 2.09621 002001002014038032
8 2.09621 002001002014038032 35.8483 029004000014038042
8 35.8483 029004000014038042 2.09621 002001002014038032
8 2.09621 002001002014038032 5.72344 005004000014026030
8 5.72344 005004000014026030 901871.0 016004000011038030
8 901871.0 016004000011038030 54.401 016004000014038030
8 54.401 016004000014038030 2.09621 002001002014038032
8 2.09621 002001002014038032 6808700.0 029004000037038030
8 6808700.0 029004000037038030 282979.0 007004000037038030
8 282979.0 007004000037038030 2.09621 002001002014038032
8 2.09621 002001002014038032 2006.1622499999999 005004000011038028
8 2006.1622499999999 005004000011038028 39.7673 005001000011038028
8 39.7673 005001000011038028 2.09621 002001002014038032
8 2.09621 002001002014038032 4363560.0 029001002037000042
8 4363560.0 029001002037000042 20363.0 029001002037000016
8 20363.0 029001002037000016 2.09621 002001002014038032
8 2.09621 002001002014038032 23695211.05 029004000011000016
8 23695211.05 029004000011000016 21857.6 029004000011000043
8 21857.6 029004000011000043 2.09621 002001002014038032
8 2.09621 002001002014038032 98.4227 016004000011038016
8 98.4227 016004000011038016 2.09621 002001002014038032
8 2.09621 002001002014038032 5.72344 005004000014026030
8 5.72344 005004000014026030 2006.1622499999999 005004000011038028
8 2006.1622499999999 005004000011038028 4.90597 025004000011038028
8 4.90597 025004000011038028 2.09621 002001002014038032
8 2.09621 002001002014038032 887.629 064004000043026028
8 887.629 064004000043026028 19.8864 064004002043026028
8 19.8864 064004002043026028 2.09621 002001002014038032
8 2.09621 002001002014038032 6773.657 029004000037038016
8 6773.657 029004000037038016 5319.91 029004000001038016
8 5319.91 029004000001038016 2.09621 002001002014038032
8 2.09621 002001002014038032 21312.0 025001000026029028
8 21312.0 025001000026029028 7780.39 025001000026029025
8 7780.39 025001000026029025 2.09621 002001002014038032
8 2.09621 002001002014038032 4507570.0 064001000026038016
8 4507570.0 064001000026038016 397248.0 013001000026038016
8 397248.0 013001000026038016 2.09621 002001002014038032
8 2.09621 002001002014038032 2387810.0 016001000015029028
8 2387810.0 016001000015029028 497180.0 016001000015023028
8 497180.0 016001000015023028 2.09621 002001002014038032
8 2.09621 002001002014038032 186009.0 016004002011038028
8 186009.0 016004002011038028 29782.0 016002002011038028
8 29782.0 016002002011038028 2.09621 002001002014038032
8 2.09621 002001002014038032 1596692.2164 029004002026038028
8 1596692.2164 029004002026038028 1352780.0 029004002026038037
8 1352780.0 029004002026038037 2.09621 002001002014038032
8 2.09621 002001002014038032 3098590.0 029004002026026045
8 3098590.0 029004002026026045 60.7516 029002002026026045
8 60.7516 029002002026026045 2.09621 002001002014038032
8 2.09621 002001002014038032 2768.92785 005004000034038028
8 2768.92785 005004000034038028 4828.37 073004000034038028
8 4828.37 073004000034038028 2.09621 002001002014038032
8 2.09621 002001002014038032 228052.0 016004002043029028
8 228052.0 016004002043029028 7392.46 016006002043029028
8 7392.46 016006002043029028 2.09621 002001002014038032
8 2.09621 002001002014038032 485650.0 016004000043038030
8 485650.0 016004000043038030 6751.67 016004001043038030
8 6751.67 016004001043038030 2.09621 002001002014038032
8 2.09621 002001002014038032 395179.0 005004000014038028
8 395179.0 005004000014038028 37.4889 005000000014038028
8 37.4889 005000000014038028 2.09621 002001002014038032
8 2.09621 002001002014038032 341621.0 002004002011038028
8 341621.0 002004002011038028 209327.0 002004002011041028
8 209327.0 002004002011041028 2.09621 002001002014038032
8 2.09621 002001002014038032 1148.69 029004000043038045
8 1148.69 029004000043038045 151.523 029004000043038038
8 151.523 029004000043038038 2.09621 002001002014038032
8 2.09621 002001002014038032 613775.0 016004000014038016
8 613775.0 016004000014038016 39.2892 016004000030038016
8 39.2892 016004000030038016 2.09621 002001002014038032
8 2.09621 002001002014038032 16966.5 016001002026038032
8 16966.5 016001002026038032 55.1219 016001002010038032
8 55.1219 016001002010038032 2.09621 002001002014038032
8 2.09621 002001002014038032 832883.0 005004000037038028
8 832883.0 005004000037038028 509805.0 005004000037003028
8 509805.0 005004000037003028 2.09621 002001002014038032
8 2.09621 002001002014038032 124.136 016004000014026028
8 124.136 016004000014026028 2.09621 002001002014038032
8 2.09621 002001002014038032 4.90597 025004000011038028
8 4.90597 025004000011038028 19465.6 016001000037038016
8 19465.6 016001000037038016 4269.56 016001000037038000
8 4269.56 016001000037038000 2.09621 002001002014038032
8 2.09621 002001002014038032 74.32 029004000034038016
8 74.32 029004000034038016 2.09621 002001002014038032
8 2.09621 002001002014038032 4.90597 025004000011038028
8 4.90597 025004000011038028 66762.3 005001000011029016
8 66762.3 005001000011029016 66762.3 005001000011029016
8 66762.3 005001000011029016 2.09621 002001002014038032
8 2.09621 002001002014038032 351232.0 016001000014038028
8 351232.0 016001000014038028 2.0583 016001000014038021
8 2.0583 016001000014038021 2.09621 002001002014038032
8 2.09621 002001002014038032 1362740.0 002000002030038042
8 1362740.0 002000002030038042 585926.0 002000002017038042
8 585926.0 002000002017038042 2.0583 016001000014038021
8 2.0583 016001000014038021 257346.0 016004002030038028
8 257346.0 016004002030038028 86.4851 005004002030038028
8 86.4851 005004002030038028 2.0583 016001000014038021
8 2.0583 016001000014038021 534379.5 029004000014038028
8 534379.5 029004000014038028 4445.68 029004000014039028
8 4445.68 029004000014039028 2.0583 016001000014038021
8 2.0583 016001000014038021 315328.0 002001000043038032
8 315328.0 002001000043038032 264136.0 002000000043038032
8 264136.0 002000000043038032 2.0583 016001000014038021
8 2.0583 016001000014038021 7383.85 029004002014029028
8 7383.85 029004002014029028 2.0583 016001000014038021
8 2.0583 016001000014038021 2.09621 002001002014038032
8 2.09621 002001002014038032 489913.0995 029004000043038042
8 489913.0995 029004000043038042 2808.9 029004000047038042
8 2808.9 029004000047038042 2.0583 016001000014038021
8 2.0583 016001000014038021 15246.6 029001000030029028
8 15246.6 029001000030029028 10992.8 029001001030029028
8 10992.8 029001001030029028 2.0583 016001000014038021
8 2.0583 016001000014038021 784019.0 025001000014026021
8 784019.0 025001000014026021 311.983 025004000014026021
8 311.983 025004000014026021 2.0583 016001000014038021
8 2.0583 016001000014038021 568646.0 002004000011038028
8 568646.0 002004000011038028 341621.0 002004002011038028
8 341621.0 002004002011038028 2.0583 016001000014038021
8 2.0583 016001000014038021 711201.0 002001002043038030
8 711201.0 002001002043038030 39.0967 002001000043038030
8 39.0967 002001000043038030 2.0583 016001000014038021
8 2.0583 016001000014038021 114.799 025001002030038042
8 114.799 025001002030038042 2.0583 016001000014038021
8 2.0583 016001000014038021 2.09621 002001002014038032
8 2.09621 002001002014038032 50.6942 005004000014038032
8 50.6942 005004000014038032 2.0583 016001000014038021
8 2.0583 016001000014038021 2.09621 002001002014038032
8 2.09621 002001002014038032 1482900.0 005004002014026028
8 1482900.0 005004002014026028 228145.0 005004002014026023
8 228145.0 005004002014026023 2.0583 016001000014038021
8 2.0583 016001000014038021 1093496.5 005004000043038028
8 1093496.5 005004000043038028 13167.6 005003000043038028
8 13167.6 005003000043038028 2.0583 016001000014038021
8 2.0583 016001000014038021 431955.0 005004000015038021
8 431955.0 005004000015038021 429266.0 081004000015038021
8 429266.0 081004000015038021 2.0583 016001000014038021
8 2.0583 016001000014038021 3337520.0 016004000014038042
8 3337520.0 016004000014038042 2744620.0 016004000014038041
8 2744620.0 016004000014038041 2.0583 016001000014038021
8 2.0583 016001000014038021 1754740.0 064004000015029016
8 1754740.0 064004000015029016 11206.0 064004000015029021
8 11206.0 064004000015029021 2.0583 016001000014038021
8 2.0583 016001000014038021 175.426 016004000014000028
8 175.426 016004000014000028 2.0583 016001000014038021
8 2.0583 016001000014038021 2.09621 002001002014038032
8 2.09621 002001002014038032 3016830.0 005001000043029042
8 3016830.0 005001000043029042 6870.49 092001000043029042
8 6870.49 092001000043029042 2.0583 016001000014038021
8 2.0583 016001000014038021 709228.13775 029001000014038028
8 709228.13775 029001000014038028 534379.5 029004000014038028
8 534379.5 029004000014038028 2.0583 016001000014038021
8 2.0583 016001000014038021 5329580.0 029004000043026028
8 5329580.0 029004000043026028 1847510.0 029002000043026028
8 1847510.0 029002000043026028 2.0583 016001000014038021
9 2.0583 016001000014038021 37.0871 020000000024038032
9 37.0871 020000000024038032 37.0871 020000000024038032
9 37.0871 020000000024038032 68.3574 038000001040050018
9 68.3574 038000001040050018 69907100.0 056000002026038008
9 69907100.0 056000002026038008 46514800.0 056000001026038008
9 46514800.0 056000001026038008 37.0871 020000000024038032
9 37.0871 020000000024038032 4159640.0 043001000026038014
9 4159640.0 043001000026038014 184967.0 043001000041038014
9 184967.0 043001000041038014 37.0871 020000000024038032
9 37.0871 020000000024038032 27552.2 070001001000038008
9 27552.2 070001001000038008 27552.2 070001001000038008
9 27552.2 070001001000038008 37.0871 020000000024038032
9 37.0871 020000000024038032 60692.6 079002002000004026
9 60692.6 079002002000004026 49280.6 079002002000041026
9 49280.6 079002002000041026 37.0871 020000000024038032
9 37.0871 020000000024038032 154340000.0 070002001000021022
9 154340000.0 070002001000021022 84841600.0 070003001000021022
9 84841600.0 070003001000021022 37.0871 020000000024038032
9 37.0871 020000000024038032 6790.26 056000001000004026
9 6790.26 056000001000004026 37.0871 020000000024038032
9 37.0871 020000000024038032 68.3574 038000001040050018
9 68.3574 038000001040050018 6757620.0 020000002004038022
9 6757620.0 020000002004038022 51715.8 046000002004038022
9 51715.8 046000002004038022 37.0871 020000000024038032
9 37.0871 020000000024038032 3137080.0 046003001050040028
9 3137080.0 046003001050040028 11007.3 046003001050040003
9 11007.3 046003001050040003 37.0871 020000000024038032
9 37.0871 020000000024038032 238688000.0 079002002000014028
9 238688000.0 079002002000014028 107215000.0 079002002000014042
9 107215000.0 079002002000014042 37.0871 020000000024038032
9 37.0871 020000000024038032 9036740.0 070003001050036022
9 9036740.0 070003001050036022 35505.6 085003001050036022
9 35505.6 085003001050036022 37.0871 020000000024038032
9 37.0871 020000000024038032 98142.1 029000002024040022
9 98142.1 029000002024040022 47777.2 029000002024040025
9 47777.2 029000002024040025 37.0871 020000000024038032
9 37.0871 020000000024038032 8747450.0 029000000040004008
9 8747450.0 029000000040004008 30797.6 081000000040004008
9 30797.6 081000000040004008 37.0871 020000000024038032
9 37.0871 020000000024038032 131323000.0 046002002004038024
9 131323000.0 046002002004038024 14696200.0 046002002004038041
9 14696200.0 046002002004038041 37.0871 020000000024038032
9 37.0871 020000000024038032 644998.0 002000002033036025
9 644998.0 002000002033036025 146299.0 002004002033036025
9 146299.0 002004002033036025 37.0871 020000000024038032
9 37.0871 020000000024038032 25067.2 070002001000028032
9 25067.2 070002001000028032 24172.0 070002001004028032
9 24172.0 070002001004028032 37.0871 020000000024038032
9 37.0871 020000000024038032 36860.4 070002001050021002
9 36860.4 070002001050021002 13414.6 070002001043021002
9 13414.6 070002001043021002 37.0871 020000000024038032
9 37.0871 020000000024038032 8958810000.0 085002001043028008
9 8958810000.0 085002001043028008 148872000.0 085002001026028008
9 148872000.0 085002001026028008 37.0871 020000000024038032
9 37.0871 020000000024038032 21449.5 085002000050028022
9 21449.5 085002000050028022 185.501 085002000050028044
9 185.501 085002000050028044 37.0871 020000000024038032
9 37.0871 020000000024038032 1305150.0 070000000031028002
9 1305150.0 070000000031028002 86150.0 070000002031028002
9 86150.0 070000002031028002 37.0871 020000000024038032
9 37.0871 020000000024038032 3105840.0 056000001043028024
9 3105840.0 056000001043028024 2259.56 056000001043033024
9 2259.56 056000001043033024 37.0871 020000000024038032
9 37.0871 020000000024038032 2375360.0 081002001007050044
9 2375360.0 081002001007050044 2064320.0 021002001007050044
9 2064320.0 021002001007050044 37.0871 020000000024038032
9 37.0871 020000000024038032 20536200.0 070002000043033045
9 20536200.0 070002000043033045 12588.9 070002000043021045
9 12588.9 070002000043021045 37.0871 020000000024038032
9 37.0871 020000000024038032 24586.5 085002001024012045
9 24586.5 085002001024012045 281.689 085002001022012045
9 281.689 085002001022012045 37.0871 020000000024038032
9 37.0871 020000000024038032 3792070.0 038004000024038034
9 3792070.0 038004000024038034 2039840.0 038004000024038024
9 2039840.0 038004000024038024 37.0871 020000000024038032
9 37.0871 020000000024038032 178847.0 020000001024038002
9 178847.0 020000001024038002 22711.1 020000001024008002
9 22711.1 020000001024008002 37.0871 020000000024038032
9 37.0871 020000000024038032 401.751 056002000022028024
9 401.751 056002000022028024 256.281 056004000022028024
9 256.281 056004000022028024 37.0871 020000000024038032
9 37.0871 020000000024038032 185317000.0 056000001000040002
9 185317000.0 056000001000040002 35290.2 056000001000024002
9 35290.2 056000001000024002 37.0871 020000000024038032
9 37.0871 020000000024038032 32261.6 056002001022021008
9 32261.6 056002001022021008 10377.5 056001001022021008
9 10377.5 056001001022021008 37.0871 020000000024038032
9 37.0871 020000000024038032 41348500.0 056002000022028008
9 41348500.0 056002000022028008 56805.5 056002000023028008
9 56805.5 056002000023028008 37.0871 020000000024038032
9 37.0871 020000000024038032 2246.93 056005001050040045
9 2246.93 056005001050040045 79.3271 056005001050040032
9 79.3271 056005001050040032 37.0871 020000000024038032
9 37.0871 020000000024038032 15925400.0 038004000022021003
9 15925400.0 038004000022021003 856159.0 038004000022048003
9 856159.0 038004000022048003 37.0871 020000000024038032
9 37.0871 020000000024038032 15342.8 070005001000028044
9 15342.8 070005001000028044 15342.8 070005001000028044
9 15342.8 070005001000028044 37.0871 020000000024038032
9 37.0871 020000000024038032 265939.0 038000001050040026
9 265939.0 038000001050040026 178559.0 054000001050040026
9 178559.0 054000001050040026 37.0871 020000000024038032
9 37.0871 020000000024038032 2337600.0 070000001050040045
9 2337600.0 070000001050040045 545662.0 070000001006040045
9 545662.0 070000001006040045 37.0871 020000000024038032
9 37.0871 020000000024038032 19667.7 070005001031028008
9 19667.7 070005001031028008 6058.74 070005001031050008
9 6058.74 070005001031050008 37.0871 020000000024038032
9 37.0871 020000000024038032 5576.21 020005001033004002
9 5576.21 020005001033004002 2251.95 020005001033014002
9 2251.95 020005001033014002 37.0871 020000000024038032
9 37.0871 020000000024038032 34239.5 020002001040040045
9 34239.5 020002001040040045 8366.3 020000001040040045
9 8366.3 020000001040040045 37.0871 020000000024038032
9 37.0871 020000000024038032 37397.7 002005001040040024
9 37397.7 002005001040040024 19607.8 002005001040040016
9 19607.8 002005001040040016 37.0871 020000000024038032
9 37.0871 020000000024038032 5517270000.0 056005001033014008
9 5517270000.0 056005001033014008 66892400.0 074005001033014008
9 66892400.0 074005001033014008 37.0871 020000000024038032
9 37.0871 020000000024038032 2940299291.45 056000001000014032
9 2940299291.45 056000001000014032 2940299291.45 056000001000014032
9 2940299291.45 056000001000014032 37.0871 020000000024038032
9 37.0871 020000000024038032 152523.7 020002001040028032
9 152523.7 020002001040028032 152523.7 020002001040028032
9 152523.7 020002001040028032 37.0871 020000000024038032
9 37.0871 020000000024038032 47934300.0 056002001050040003
9 47934300.0 056002001050040003 14897800.0 056003001050040003
9 14897800.0 056003001050040003 37.0871 020000000024038032
9 37.0871 020000000024038032 2877720.0 056000001050028045
9 2877720.0 056000001050028045 5970.39 056000001050037045
9 5970.39 056000001050037045 37.0871 020000000024038032
9 37.0871 020000000024038032 878275.0 056000000033014024
9 878275.0 056000000033014024 4743.79 078000000033014024
9 4743.79 078000000033014024 37.0871 020000000024038032
9 37.0871 020000000024038032 6886850000.0 078001001022040002
9 6886850000.0 078001001022040002 224044000.0 078001001022023002
9 224044000.0 078001001022023002 37.0871 020000000024038032
9 37.0871 020000000024038032 5095820.0 056000001022038026
9 5095820.0 056000001022038026 555805.0 056000000022038026
9 555805.0 056000000022038026 37.0871 020000000024038032
9 37.0871 020000000024038032 7195.47 085000000050004032
9 7195.47 085000000050004032 864.39 042000000050004032
9 864.39 042000000050004032 37.0871 020000000024038032
9 37.0871 020000000024038032 1494.32 056002000050033045
9 1494.32 056002000050033045 417.075 022002000050033045
9 417.075 022002000050033045 37.0871 020000000024038032
9 37.0871 020000000024038032 672713.0 020000001050028024
9 672713.0 020000001050028024 15784.8 083000001050028024
9 15784.8 083000001050028024 37.0871 020000000024038032
9 37.0871 020000000024038032 14444100.0 056002001033028024
9 14444100.0 056002001033028024 25945.5 056002001005028024
9 25945.5 056002001005028024 37.0871 020000000024038032
9 37.0871 020000000024038032 2750680.0 056002001050033032
9 2750680.0 056002001050033032 22942.7 056006001050033032
9 22942.7 056006001050033032 37.0871 020000000024038032
9 37.0871 020000000024038032 49227.6 056005001050028018
9 49227.6 056005001050028018 37.0871 020000000024038032
9 37.0871 020000000024038032 68.3574 038000001040050018
9 68.3574 038000001040050018 4871540.0 038005001022050024
9 4871540.0 038005001022050024 18993.7 038002001022050024
9 18993.7 038002001022050024 37.0871 020000000024038032
9 37.0871 020000000024038032 1475410.0 078004000022040028
9 1475410.0 078004000022040028 1085.59 071004000022040028
9 1085.59 071004000022040028 37.0871 020000000024038032
9 37.0871 020000000024038032 60140.2 022002001050037028
9 60140.2 022002001050037028 12728.4 019002001050037028
9 12728.4 019002001050037028 37.0871 020000000024038032
9 37.0871 020000000024038032 50679.1 071000001022014024
9 50679.1 071000001022014024 8497.61 003000001022014024
9 8497.61 003000001022014024 37.0871 020000000024038032
9 37.0871 020000000024038032 14591.9 085005000024040024
9 14591.9 085005000024040024 351.197 085005000040040024
9 351.197 085005000040040024 37.0871 020000000024038032
9 37.0871 020000000024038032 1592725.0 038000000033033045
9 1592725.0 038000000033033045 1592725.0 038000000033033045
9 1592725.0 038000000033033045 37.0871 020000000024038032
9 37.0871 020000000024038032 13986.5 056005000050014044
9 13986.5 056005000050014044 367.593 056005000006014044
9 367.593 056005000006014044 37.0871 020000000024038032
9 37.0871 020000000024038032 5189890.0 071005000022050045
9 5189890.0 071005000022050045 2979740.0 071005000022050013
9 2979740.0 071005000022050013 37.0871 020000000024038032
9 37.0871 020000000024038032 2499520.0 071004001022014045
9 2499520.0 071004001022014045 148.876 071002001022014045
9 148.876 071002001022014045 37.0871 020000000024038032
9 37.0871 020000000024038032 672219.0 020005000050033032
9 672219.0 020005000050033032 6762.7 020005000050014032
9 6762.7 020005000050014032 37.0871 020000000024038032
9 37.0871 020000000024038032 2900760.0 038002000022033032
9 2900760.0 038002000022033032 1420620.0 038002001022033032
9 1420620.0 038002001022033032 37.0871 020000000024038032
9 37.0871 020000000024038032 3576710.0 085000001050033032
9 3576710.0 085000001050033032 10055.3 085005001050033032
9 10055.3 085005001050033032 37.0871 020000000024038032
9 37.0871 020000000024038032 16857.4 022005001050028018
9 16857.4 022005001050028018 37.0871 020000000024038032
9 37.0871 020000000024038032 68.3574 038000001040050018
9 68.3574 038000001040050018 7220.24 020002000022014032
9 7220.24 020002000022014032 231.7015 020004000022014032
9 231.7015 020004000022014032 37.0871 020000000024038032
9 37.0871 020000000024038032 124048000.0 085004000050040045
9 124048000.0 085004000050040045 11977400.0 085004000042040045
9 11977400.0 085004000042040045 37.0871 020000000024038032
9 37.0871 020000000024038032 995888.0 038000000022028024
9 995888.0 038000000022028024 933.66 038000000022028025
9 933.66 038000000022028025 37.0871 020000000024038032
9 37.0871 020000000024038032 3067.74645 020000001022028045
9 3067.74645 020000001022028045 37.0871 020000000024038032
9 37.0871 020000000024038032 68.3574 038000001040050018
9 68.3574 038000001040050018 483721.45 038005001050028032
9 483721.45 038005001050028032 105.483 038005001030028032
9 105.483 038005001030028032 3067.74645 020000001022028045
9 3067.74645 020000001022028045 4005600.0 056000001030028045
9 4005600.0 056000001030028045 4182.46 073000001030028045
9 4182.46 073000001030028045 3067.74645 020000001022028045
9 3067.74645 020000001022028045 53465100.0 056002000022038045
9 53465100.0 056002000022038045 25380000.0 056005000022038045
9 25380000.0 056005000022038045 3067.74645 020000001022028045
9 3067.74645 020000001022028045 6627830.0 085004000022028032
9 6627830.0 085004000022028032 2013970.0 089004000022028032
9 2013970.0 089004000022028032 3067.74645 020000001022028045
9 3067.74645 020000001022028045 3105230.0 085000000040004024
9 3105230.0 085000000040004024 455.525 085000000000004024
9 455.525 085000000000004024 3067.74645 020000001022028045
9 3067.74645 020000001022028045 7320460.0 056002000022004045
9 7320460.0 056002000022004045 20138.3 056002000022004005
9 20138.3 056002000022004005 3067.74645 020000001022028045
9 3067.74645 020000001022028045 972601.0 056000000022028032
9 972601.0 056000000022028032 47.2524 056002000022028032
9 47.2524 056002000022028032 3067.74645 020000001022028045
9 3067.74645 020000001022028045 24159.3 085000001006028032
9 24159.3 085000001006028032 14395.3 085000001006005032
9 14395.3 085000001006005032 3067.74645 020000001022028045
9 3067.74645 020000001022028045 4528730.0 056000001040004032
9 4528730.0 056000001040004032 16418.0 056000001005004032
9 16418.0 056000001005004032 3067.74645 020000001022028045
9 3067.74645 020000001022028045 574153.0 056000000050004032
9 574153.0 056000000050004032 391419.0 056000000050015032
9 391419.0 056000000050015032 3067.74645 020000001022028045
9 3067.74645 020000001022028045 741114.0 042004001022028045
9 741114.0 042004001022028045 83.3859 042004001022028027
9 83.3859 042004001022028027 3067.74645 020000001022028045
9 3067.74645 020000001022028045 23676.3 042002001006014044
9 23676.3 042002001006014044 89.0654 042002001006025044
9 89.0654 042002001006025044 3067.74645 020000001022028045
9 3067.74645 020000001022028045 3358770.0 085004000040028032
9 3358770.0 085004000040028032 17124.2 056004000040028032
9 17124.2 056004000040028032 3067.74645 020000001022028045
9 3067.74645 020000001022028045 2153530.0 056004000040014032
9 2153530.0 056004000040014032 15573.4 093004000040014032
9 15573.4 093004000040014032 3067.74645 020000001022028045
9 3067.74645 020000001022028045 100367.0 056002000040028045
9 100367.0 056002000040028045 6106.42 056002000040039045
9 6106.42 056002000040039045 3067.74645 020000001022028045
9 3067.74645 020000001022028045 2455070.0 056002000024038032
9 2455070.0 056002000024038032 7740.18 056002002024038032
9 7740.18 056002002024038032 3067.74645 020000001022028045
9 3067.74645 020000001022028045 524.991 056002000050014045
9 524.991 056002000050014045 424.98 056002000050014015
9 424.98 056002000050014015 3067.74645 020000001022028045
9 3067.74645 020000001022028045 23094500.0 056005001040028024
9 23094500.0 056005001040028024 20727000.0 051005001040028024
9 20727000.0 051005001040028024 3067.74645 020000001022028045
9 3067.74645 020000001022028045 2586030.0 042005001050025027
9 2586030.0 042005001050025027 132867.0 042005001050025015
9 132867.0 042005001050025015 3067.74645 020000001022028045
9 3067.74645 020000001022028045 1577640.0 085000000050014027
9 1577640.0 085000000050014027 1066380.0 075000000050014027
9 1066380.0 075000000050014027 3067.74645 020000001022028045
9 3067.74645 020000001022028045 128.244 042002000022050032
9 128.244 042002000022050032 49.5431 015002000022050032
9 49.5431 015002000022050032 3067.74645 020000001022028045
9 3067.74645 020000001022028045 2993.43 015002000022028032
9 2993.43 015002000022028032 3067.74645 020000001022028045
9 3067.74645 020000001022028045 37.0871 020000000024038032
9 37.0871 020000000024038032 12.8429 020005000022040032
9 12.8429 020005000022040032 3067.74645 020000001022028045
9 3067.74645 020000001022028045 37.0871 020000000024038032
9 37.0871 020000000024038032 2350636.97 042002001022028032
9 2350636.97 042002001022028032 4458.77 042001001022028032
9 4458.77 042001001022028032 12.8429 020005000022040032
9 12.8429 020005000022040032 7444.92 038005000022028044
9 7444.92 038005000022028044 12.8429 020005000022040032
9 12.8429 020005000022040032 3067.74645 020000001022028045
9 3067.74645 020000001022028045 3174.17 056002001006028045
9 3174.17 056002001006028045 911.299 056001001006028045
9 911.299 056001001006028045 12.8429 020005000022040032
9 12.8429 020005000022040032 2868430.0 020002001022028027
9 2868430.0 020002001022028027 6184.65 060002001022028027
9 6184.65 060002001022028027 12.8429 020005000022040032
9 12.8429 020005000022040032 384404.0 085000001050014032
9 384404.0 085000001050014032 9206.58 085003001050014032
9 9206.58 085003001050014032 12.8429 020005000022040032
9 12.8429 020005000022040032 464975.0 042005000022040032
9 464975.0 042005000022040032 16421.7 042005000022040012
9 16421.7 042005000022040012 12.8429 020005000022040032
9 12.8429 020005000022040032 2350636.97 042002001022028032
9 2350636.97 042002001022028032 12.8429 020005000022040032
9 12.8429 020005000022040032 3067.74645 020000001022028045
9 3067.74645 020000001022028045 1417270.0 015002001050028024
9 1417270.0 015002001050028024 931103.0 015002001050035024
9 931103.0 015002001050035024 12.8429 020005000022040032
9 12.8429 020005000022040032 12752910.0 038002000022028044
9 12752910.0 038002000022028044 12752910.0 038002000022028044
9 12752910.0 038002000022028044 12.8429 020005000022040032
9 12.8429 020005000022040032 23185.8 038002001022014024
9 23185.8 038002001022014024 53.7424 005002001022014024
9 53.7424 005002001022014024 12.8429 020005000022040032
9 12.8429 020005000022040032 71627400.0 056004000050040045
9 71627400.0 056004000050040045 5948260.0 007004000050040045
9 5948260.0 007004000050040045 12.8429 020005000022040032
9 12.8429 020005000022040032 378651.675 020002001022028032
9 378651.675 020002001022028032 327685.0 020002001022025032
9 327685.0 020002001022025032 12.8429 020005000022040032
9 12.8429 020005000022040032 705451.57572 020002000022028032
9 705451.57572 020002000022028032 705451.57572 020002000022028032
9 705451.57572 020002000022028032 327685.0 020002001022025032
9 327685.0 020002001022025032 20366.75 071004001050028018
9 20366.75 071004001050028018 20366.75 071004001050028018
9 20366.75 071004001050028018 327685.0 020002001022025032
9 327685.0 020002001022025032 1146980.0 020005000006040032
9 1146980.0 020005000006040032 167.144 020005000006021032
9 167.144 020005000006021032 327685.0 020002001022025032
9 327685.0 020002001022025032 1246710.0 042004000022014032
9 1246710.0 042004000022014032 7886.97 045004000022014032
9 7886.97 045004000022014032 327685.0 020002001022025032
9 327685.0 020002001022025032 11729.4 085004001022025045
9 11729.4 085004001022025045 250.401 050004001022025045
9 250.401 050004001022025045 327685.0 020002001022025032
9 327685.0 020002001022025032 1539154.6666666667 020002001022014032
9 1539154.6666666667 020002001022014032 2867110.0 020002001022044032
9 2867110.0 020002001022044032 327685.0 020002001022025032
9 327685.0 020002001022025032 40527.2 085000001006040032
9 40527.2 085000001006040032 28309.8 085000001006010032
9 28309.8 085000001006010032 327685.0 020002001022025032
9 327685.0 020002001022025032 6243.6 042000000050014032
9 6243.6 042000000050014032 43.0037 042000000050010032
9 43.0037 042000000050010032 327685.0 020002001022025032
9 327685.0 020002001022025032 2147380.0 042000001022040024
9 2147380.0 042000001022040024 19551.7 042000001022040025
9 19551.7 042000001022040025 327685.0 020002001022025032
9 327685.0 020002001022025032 15844.4 038002000022050045
9 15844.4 038002000022050045 14389.8 055002000022050045
9 14389.8 055002000022050045 327685.0 020002001022025032
9 327685.0 020002001022025032 7926510.0 042002000030014032
9 7926510.0 042002000030014032 17503.7 088002000030014032
9 17503.7 088002000030014032 327685.0 020002001022025032
9 327685.0 020002001022025032 1539154.6666666667 020002001022014032
9 1539154.6666666667 020002001022014032 12863.1 020002001022006032
9 12863.1 020002001022006032 327685.0 020002001022025032
9 327685.0 020002001022025032 378651.675 020002001022028032
9 378651.675 020002001022028032 15.4276 020001001022028032
9 15.4276 020001001022028032 327685.0 020002001022025032
9 327685.0 020002001022025032 7611720.0 020002001006010032
9 7611720.0 020002001006010032 14639.3 020002001006029032
9 14639.3 020002001006029032 327685.0 020002001022025032
9 327685.0 020002001022025032 6592.82 020005001022050027
9 6592.82 020005001022050027 103.962 020005001022031027
9 103.962 020005001022031027 327685.0 020002001022025032
9 327685.0 020002001022025032 37.0968 015000000022014032
9 37.0968 015000000022014032 327685.0 020002001022025032
9 327685.0 020002001022025032 705451.57572 020002000022028032
9 705451.57572 020002000022028032 34.3933 020005000022028032
9 34.3933 020005000022028032 327685.0 020002001022025032
9 327685.0 020002001022025032 705451.57572 020002000022028032
9 705451.57572 020002000022028032 9369840.246666666 056005000022014032
9 9369840.246666666 056005000022014032 9369840.246666666 056005000022014032
9 9369840.246666666 056005000022014032 327685.0 020002001022025032
9 327685.0 020002001022025032 239290.0 020001001022028018
9 239290.0 020001001022028018 172905.0 020001001043028018
9 172905.0 020001001043028018 327685.0 020002001022025032
9 327685.0 020002001022025032 754708.0 020005001022050032
9 754708.0 020005001022050032 506587.0 020005001022003032
9 506587.0 020005001022003032 327685.0 020002001022025032
9 327685.0 020002001022025032 2915670.0 020002001030010027
9 2915670.0 020002001030010027 23771.8 020002001030044027
9 23771.8 020002001030044027 327685.0 020002001022025032
9 327685.0 020002001022025032 14662.3 015005000050031032
9 14662.3 015005000050031032 275.908 018005000050031032
9 275.908 018005000050031032 327685.0 020002001022025032
9 327685.0 020002001022025032 25359.8 018000001050038032
9 25359.8 018000001050038032 47.6157 018000001050038001
9 47.6157 018000001050038001 327685.0 020002001022025032
9 327685.0 020002001022025032 13067.2 005004001022028032
9 13067.2 005004001022028032 95.9915 005004002022028032
9 95.9915 005004002022028032 327685.0 020002001022025032
9 327685.0 020002001022025032 8746.25 020000002022014032
9 8746.25 020000002022014032 327685.0 020002001022025032
9 327685.0 020002001022025032 705451.57572 020002000022028032
9 705451.57572 020002000022028032 2827053.3333333335 042000001022028032
9 2827053.3333333335 042000001022028032 61716.4 042006001022028032
9 61716.4 042006001022028032 327685.0 020002001022025032
9 327685.0 020002001022025032 2350636.97 042002001022028032
9 2350636.97 042002001022028032 2717460.0 042004001022028032
9 2717460.0 042004001022028032 327685.0 020002001022025032
9 327685.0 020002001022025032 5108.72 042004001022014032
9 5108.72 042004001022014032 1391.32 042005001022014032
9 1391.32 042005001022014032 327685.0 020002001022025032
9 327685.0 020002001022025032 15810.9 020002001022038032
9 15810.9 020002001022038032 92.6814 020002001022031032
9 92.6814 020002001022031032 327685.0 020002001022025032
9 327685.0 020002001022025032 392805.0 020002000022050032
9 392805.0 020002000022050032 44.2005 020002000014050032
9 44.2005 020002000014050032 327685.0 020002001022025032
9 327685.0 020002001022025032 6122.74 042002000022014032
9 6122.74 042002000022014032 351.968 030002000022014032
9 351.968 030002000022014032 327685.0 020002001022025032
9 327685.0 020002001022025032 50.5943 020004001022028027
9 50.5943 020004001022028027 327685.0 020002001022025032
9 327685.0 020002001022025032 705451.57572 020002000022028032
9 705451.57572 020002000022028032 9014500.0 020004000022050045
9 9014500.0 020004000022050045 2324520.0 020004000022050041
9 2324520.0 020004000022050041 327685.0 020002001022025032
9 327685.0 020002001022025032 2827053.3333333335 042000001022028032
9 2827053.3333333335 042000001022028032 35627.7 042000001022028011
9 35627.7 042000001022028011 327685.0 020002001022025032
9 327685.0 020002001022025032 1767760.0 020005001050014027
9 1767760.0 020005001050014027 534782.0 020005001050021027
9 534782.0 020005001050021027 327685.0 020002001022025032
9 327685.0 020002001022025032 506158.0 015002001022014032
9 506158.0 015002001022014032 361410.0 015001001022014032
9 361410.0 015001001022014032 327685.0 020002001022025032
9 327685.0 020002001022025032 12081100.0 020002000050025032
9 12081100.0 020002000050025032 473991.0 059002000050025032
9 473991.0 059002000050025032 327685.0 020002001022025032
9 327685.0 020002001022025032 231.7015 020004000022014032
9 231.7015 020004000022014032 327685.0 020002001022025032
9 327685.0 020002001022025032 705451.57572 020002000022028032
9 705451.57572 020002000022028032 2744060.0 020000001024040032
9 2744060.0 020000001024040032 188572.0 020000001040040032
9 188572.0 020000001040040032 327685.0 020002001022025032
9 327685.0 020002001022025032 532649000.0 056000001014014032
9 532649000.0 056000001014014032 3164230.0 056000001041014032
9 3164230.0 056000001041014032 327685.0 020002001022025032
9 327685.0 020002001022025032 1970480.0 020002000022025032
9 1970480.0 020002000022025032 327685.0 020002001022025032
9 327685.0 020002001022025032 327685.0 020002001022025032
9 327685.0 020002001022025032 5364740.0 056002000022038024
9 5364740.0 056002000022038024 4784850.0 056002000012038024
9 4784850.0 056002000012038024 327685.0 020002001022025032
9 327685.0 020002001022025032 391778.0 020000000022038032
9 391778.0 020000000022038032 295262.0 020000000022038015
9 295262.0 020000000022038015 327685.0 020002001022025032
9 327685.0 020002001022025032 1144420.0 020002001022040045
9 1144420.0 020002001022040045 749781.0 020002002022040045
9 749781.0 020002002022040045 327685.0 020002001022025032
9 327685.0 020002001022025032 640540.0 018002001022028032
9 640540.0 018002001022028032 608216.0 018002001022028025
9 608216.0 018002001022028025 327685.0 020002001022025032
9 327685.0 020002001022025032 6344.04 056001001022050027
9 6344.04 056001001022050027 327685.0 020002001022025032
9 327685.0 020002001022025032 705451.57572 020002000022028032
9 705451.57572 020002000022028032 8431.29 056000001022050032
9 8431.29 056000001022050032 37.0881 056000001049050032
9 37.0881 056000001049050032 327685.0 020002001022025032
9 327685.0 020002001022025032 1818110.0 056002001022038032
9 1818110.0 056002001022038032 32851.1 056002001022038025
9 32851.1 056002001022038025 327685.0 020002001022025032
9 327685.0 020002001022025032 907968.0 020001001022040032
9 907968.0 020001001022040032 302156.0 020001001026040032
9 302156.0 020001001026040032 327685.0 020002001022025032
9 327685.0 020002001022025032 378651.675 020002001022028032
9 378651.675 020002001022028032 705451.57572 020002000022028032
9 705451.57572 020002000022028032 327685.0 020002001022025032
9 327685.0 020002001022025032 483721.45 038005001050028032
9 483721.45 038005001050028032 10634.8 038005001050028033
9 10634.8 038005001050028033 327685.0 020002001022025032
9 327685.0 020002001022025032 226715.0 015002001050028032
9 226715.0 015002001050028032 36326.4 015002001050046032
9 36326.4 015002001050046032 327685.0 020002001022025032
9 327685.0 020002001022025032 233692.0 015000000050040027
9 233692.0 015000000050040027 69.721 015004000050040027
9 69.721 015004000050040027 327685.0 020002001022025032
9 327685.0 020002001022025032 705451.57572 020002000022028032
9 705451.57572 020002000022028032 372581.0 020002000045028032
9 372581.0 020002000045028032 327685.0 020002001022025032
9 327685.0 020002001022025032 413654.0 020000000022040001
9 413654.0 020000000022040001 155735.0 042000000022040001
9 155735.0 042000000022040001 327685.0 020002001022025032
9 327685.0 020002001022025032 730168.5333333333 020000001022014032
9 730168.5333333333 020000001022014032 201751.0 020000001022038032
9 201751.0 020000001022038032 327685.0 020002001022025032
9 327685.0 020002001022025032 3067.74645 020000001022028045
9 3067.74645 020000001022028045 3787.2 020000001022037045
9 3787.2 020000001022037045 327685.0 020002001022025032
9 327685.0 020002001022025032 101143000.0 042001000022014024
9 101143000.0 042001000022014024 2540560.0 042001000022032024
9 2540560.0 042001000022032024 327685.0 020002001022025032
9 327685.0 020002001022025032 46739.4 020002001022040032
9 46739.4 020002001022040032 327685.0 020002001022025032
9 327685.0 020002001022025032 705451.57572 020002000022028032
9 705451.57572 020002000022028032 8.98925 015000001022038032
9 8.98925 015000001022038032 8.61643 015000001022038025
9 8.61643 015000001022038025 327685.0 020002001022025032
9 327685.0 020002001022025032 4626.65 020004000050025032
9 4626.65 020004000050025032 101.908 020004000007025032
9 101.908 020004000007025032 327685.0 020002001022025032
9 327685.0 020002001022025032 439472.0 005002001022028027
9 439472.0 005002001022028027 12790.3 005002001022020027
9 12790.3 005002001022020027 327685.0 020002001022025032
9 327685.0 020002001022025032 4356480.0 020005001022028032
9 4356480.0 020005001022028032 5329.52 095005001022028032
9 5329.52 095005001022028032 327685.0 020002001022025032
9 327685.0 020002001022025032 705451.57572 020002000022028032
9 705451.57572 020002000022028032 4533.91 020002000022028045
9 4533.91 020002000022028045 327685.0 020002001022025032
9 327685.0 020002001022025032 6117580.0 056002000022040032
9 6117580.0 056002000022040032 98.2772 056002000022040038
9 98.2772 056002000022040038 327685.0 020002001022025032
9 327685.0 020002001022025032 1532980.0 015004001014040032
9 1532980.0 015004001014040032 19479.5 015005001014040032
9 19479.5 015005001014040032 327685.0 020002001022025032
9 327685.0 020002001022025032 1217890.0 018000001022038024
9 1217890.0 018000001022038024 379687.0 018000001022038041
9 379687.0 018000001022038041 327685.0 020002001022025032
9 327685.0 020002001022025032 2059780.0 020002000022040032
9 2059780.0 020002000022040032 18108.3 020002000024040032
9 18108.3 020002000024040032 327685.0 020002001022025032
9 327685.0 020002001022025032 474541.64 020000000022028032
9 474541.64 020000000022028032 675081.814325 020001000022028032
9 675081.814325 020001000022028032 327685.0 020002001022025032
9 327685.0 020002001022025032 1539154.6666666667 020002001022014032
9 1539154.6666666667 020002001022014032 10786.8 016002001022014032
9 10786.8 016002001022014032 327685.0 020002001022025032
9 327685.0 020002001022025032 234594.0 020001001050028032
9 234594.0 020001001050028032 11778.7 020001002050028032
9 11778.7 020001002050028032 327685.0 020002001022025032
9 327685.0 020002001022025032 1439490.0 020000001049050032
9 1439490.0 020000001049050032 927170.0 020000001004050032
9 927170.0 020000001004050032 327685.0 020002001022025032
9 327685.0 020002001022025032 27078.1 015001001022010025
9 27078.1 015001001022010025 327685.0 020002001022025032
9 327685.0 020002001022025032 8.61643 015000001022038025
9 8.61643 015000001022038025 14644.7 020000001022014025
9 14644.7 020000001022014025 11564.9 020000001022036025
9 11564.9 020000001022036025 327685.0 020002001022025032
9 327685.0 020002001022025032 8153730.0 042002000022028032
9 8153730.0 042002000022028032 3110.87 042002000022006032
9 3110.87 042002000022006032 327685.0 020002001022025032
9 327685.0 020002001022025032 941317.58505 020005000022038032
9 941317.58505 020005000022038032 46.9268 020005000047038032
9 46.9268 020005000047038032 327685.0 020002001022025032
9 327685.0 020002001022025032 327685.0 020002001022025032
9 327685.0 020002001022025032 327685.0 020002001022025032
9 327685.0 020002001022025032 327685.0 020002001022025032
9 327685.0 020002001022025032 10510200.0 042001000050028032
9 10510200.0 042001000050028032 5436160.0 042001000003028032
9 5436160.0 042001000003028032 327685.0 020002001022025032
9 327685.0 020002001022025032 2015120.0 020005001014028032
9 2015120.0 020005001014028032 21523.6 020005001011028032
9 21523.6 020005001011028032 327685.0 020002001022025032
9 327685.0 020002001022025032 9326.46 020005000022014032
9 9326.46 020005000022014032 7233.43 020005000022014037
9 7233.43 020005000022014037 327685.0 020002001022025032
9 327685.0 020002001022025032 1070450.0 015000000014028032
9 1070450.0 015000000014028032 5500.81 056000000014028032
9 5500.81 056000000014028032 327685.0 020002001022025032
9 327685.0 020002001022025032 2827053.3333333335 042000001022028032
9 2827053.3333333335 042000001022028032 3729.59 030000001022028032
9 3729.59 030000001022028032 327685.0 020002001022025032
9 327685.0 020002001022025032 8072450.0 042001000022028032
9 8072450.0 042001000022028032 115.204 042001000022028038
9 115.204 042001000022028038 327685.0 020002001022025032
9 327685.0 020002001022025032 1339040.0 056000000022014032
9 1339040.0 056000000022014032 9369840.246666666 056005000022014032
9 9369840.246666666 056005000022014032 327685.0 020002001022025032
9 327685.0 020002001022025032 1887670.0 042000000047050032
9 1887670.0 042000000047050032 1881980.0 042005000047050032
9 1881980.0 042005000047050032 327685.0 020002001022025032
9 327685.0 020002001022025032 675081.814325 020001000022028032
9 675081.814325 020001000022028032 1699270.0 002001000022028032
9 1699270.0 002001000022028032 327685.0 020002001022025032
9 327685.0 020002001022025032 132172.0 020000001022040001
9 132172.0 020000001022040001 20514.5 020000001022039001
9 20514.5 020000001022039001 327685.0 020002001022025032
9 327685.0 020002001022025032 516716.47 020000000050028032
9 516716.47 020000000050028032 16752.5 020000000050028003
9 16752.5 020000000050028003 327685.0 020002001022025032
9 327685.0 020002001022025032 321727.047325 020000001022028032
9 321727.047325 020000001022028032 17.934 020000001022041032
9 17.934 020000001022041032 327685.0 020002001022025032
9 327685.0 020002001022025032 391778.0 020000000022038032
9 391778.0 020000000022038032 393054.5715 020001000022038032
9 393054.5715 020001000022038032 327685.0 020002001022025032
9 327685.0 020002001022025032 1364900.0 015000001022014032
9 1364900.0 015000001022014032 10024.6 015000001022028032
9 10024.6 015000001022028032 327685.0 020002001022025032
9 327685.0 020002001022025032 338814.0 042000000022028032
9 338814.0 042000000022028032 91.7463 037000000022028032
9 91.7463 037000000022028032 327685.0 020002001022025032
9 327685.0 020002001022025032 16950.1 020000001022050032
9 16950.1 020000001022050032 12861.3 020000001026050032
9 12861.3 020000001026050032 327685.0 020002001022025032
9 327685.0 020002001022025032 321727.047325 020000001022028032
9 321727.047325 020000001022028032 321727.047325 020000001022028032
9 321727.047325 020000001022028032 327685.0 020002001022025032
9 327685.0 020002001022025032 675081.814325 020001000022028032
9 675081.814325 020001000022028032 675081.814325 020001000022028032
9 675081.814325 020001000022028032 327685.0 020002001022025032
9 327685.0 020002001022025032 45.533049999999996 020000000022028045
9 45.533049999999996 020000000022028045 47.6317 020000000027028045
9 47.6317 020000000027028045 327685.0 020002001022025032
9 327685.0 020002001022025032 730168.5333333333 020000001022014032
9 730168.5333333333 020000001022014032 730168.5333333333 020000001022014032
9 730168.5333333333 020000001022014032 327685.0 020002001022025032
9 327685.0 020002001022025032 36557.2 056000001014028032
9 36557.2 056000001014028032 7169.8 056001001014028032
9 7169.8 056001001014028032 327685.0 020002001022025032
9 327685.0 020002001022025032 45.533049999999996 020000000022028045
9 45.533049999999996 020000000022028045 327685.0 020002001022025032
9 327685.0 020002001022025032 8.61643 015000001022038025
9 8.61643 015000001022038025 1191130.0 020000000047014032
9 1191130.0 020000000047014032 1149860.0 020000000047014021
9 1149860.0 020000000047014021 327685.0 020002001022025032
9 327685.0 020002001022025032 4060540.0 020002000014028032
9 4060540.0 020002000014028032 1563880.0 020002000000028032
9 1563880.0 020002000000028032 327685.0 020002001022025032
9 327685.0 020002001022025032 395331.0 020002001024038032
9 395331.0 020002001024038032 327685.0 020002001022025032
9 327685.0 020002001022025032 8.61643 015000001022038025
9 8.61643 015000001022038025 393054.5715 020001000022038032
9 393054.5715 020001000022038032 71.305 008001000022038032
9 71.305 008001000022038032 327685.0 020002001022025032
9 327685.0 020002001022025032 429251.0 042000001022010032
9 429251.0 042000001022010032 25956.0 042002001022010032
9 25956.0 042002001022010032 327685.0 020002001022025032
9 327685.0 020002001022025032 458428.0 020000001022040032
9 458428.0 020000001022040032 28603.3 020000002022040032
9 28603.3 020000002022040032 327685.0 020002001022025032
9 327685.0 020002001022025032 236239.0 042000000022040032
9 236239.0 042000000022040032 6283.32 042000000017040032
9 6283.32 042000000017040032 327685.0 020002001022025032
9 327685.0 020002001022025032 3685960.0 042002001022038032
9 3685960.0 042002001022038032 58267.5 042002001022038017
9 58267.5 042002001022038017 327685.0 020002001022025032
9 327685.0 020002001022025032 1868790.0 020005001022050025
9 1868790.0 020005001022050025 13922.3 020005001022026025
9 13922.3 020005001022026025 327685.0 020002001022025032
9 327685.0 020002001022025032 941317.58505 020005000022038032
9 941317.58505 020005000022038032 941317.58505 020005000022038032
9 941317.58505 020005000022038032 327685.0 020002001022025032
9 327685.0 020002001022025032 201751.0 020000001022038032
9 201751.0 020000001022038032 327685.0 020002001022025032
9 327685.0 020002001022025032 8.61643 015000001022038025
9 8.61643 015000001022038025 476431.13333333336 020000000022014032
9 476431.13333333336 020000000022014032 289657.0 020000000022041032
9 289657.0 020000000022041032 327685.0 020002001022025032
9 327685.0 020002001022025032 787944.0 015000001022028045
9 787944.0 015000001022028045 7403.57 015005001022028045
9 7403.57 015005001022028045 327685.0 020002001022025032
9 327685.0 020002001022025032 22503.0 020000001014028032
9 22503.0 020000001014028032 53.6433 020000001014028037
9 53.6433 020000001014028037 327685.0 020002001022025032
9 327685.0 020002001022025032 201751.0 020000001022038032
9 201751.0 020000001022038032 13210.0 020000002022038032
9 13210.0 020000002022038032 327685.0 020002001022025032
9 327685.0 020002001022025032 5429880.0 020002002022028032
9 5429880.0 020002002022028032 152.95 020002002022031032
9 152.95 020002002022031032 327685.0 020002001022025032
9 327685.0 020002001022025032 2580610.0 020001000014038032
9 2580610.0 020001000014038032 3441.69 020001000014038004
9 3441.69 020001000014038004 327685.0 020002001022025032
9 327685.0 020002001022025032 941317.58505 020005000022038032
9 941317.58505 020005000022038032 865431.0 009005000022038032
9 865431.0 009005000022038032 327685.0 020002001022025032
9 327685.0 020002001022025032 3475620.0 020000000022050045
9 3475620.0 020000000022050045 70.3207 020000000022050031
9 70.3207 020000000022050031 327685.0 020002001022025032
9 327685.0 020002001022025032 1261400.0 015000001049038032
9 1261400.0 015000001049038032 1337.15 015000001046038032
9 1337.15 015000001046038032 327685.0 020002001022025032
9 327685.0 020002001022025032 474541.64 020000000022028032
9 474541.64 020000000022028032 17558.4 020006000022028032
9 17558.4 020006000022028032 327685.0 020002001022025032
9 327685.0 020002001022025032 397072.0 056000000022038032
9 397072.0 056000000022038032 8785.29 056000000022018032
9 8785.29 056000000022018032 327685.0 020002001022025032
9 327685.0 020002001022025032 237168.0 015000000024038032
9 237168.0 015000000024038032 237168.0 015000000024038032
9 237168.0 015000000024038032 327685.0 020002001022025032
9 327685.0 020002001022025032 1364900.0 015000001022014032
9 1364900.0 015000001022014032 506158.0 015002001022014032
9 506158.0 015002001022014032 327685.0 020002001022025032
9 327685.0 020002001022025032 15810.9 020002001022038032
9 15810.9 020002001022038032 4527.73 020002002022038032
9 4527.73 020002002022038032 327685.0 020002001022025032
9 327685.0 020002001022025032 4114.35 056002000022025045
9 4114.35 056002000022025045 3180.23 056002000022034045
9 3180.23 056002000022034045 327685.0 020002001022025032
9 327685.0 020002001022025032 2585740.0 020005001024025032
9 2585740.0 020005001024025032 1957330.0 020005001050025032
9 1957330.0 020005001050025032 327685.0 020002001022025032
9 327685.0 020002001022025032 476431.13333333336 020000000022014032
9 476431.13333333336 020000000022014032 15918.4 020000000022005032
9 15918.4 020000000022005032 327685.0 020002001022025032
9 327685.0 020002001022025032 18238.3 020005000022025032
9 18238.3 020005000022025032 327685.0 020002001022025032
9 327685.0 020002001022025032 8.61643 015000001022038025
9 8.61643 015000001022038025 474541.64 020000000022028032
9 474541.64 020000000022028032 705451.57572 020002000022028032
9 705451.57572 020002000022028032 327685.0 020002001022025032
9 327685.0 020002001022025032 321727.047325 020000001022028032
9 321727.047325 020000001022028032 18410.0 020000001000028032
9 18410.0 020000001000028032 327685.0 020002001022025032
9 327685.0 020002001022025032 474541.64 020000000022028032
9 474541.64 020000000022028032 582338.0 020000000028028032
9 582338.0 020000000028028032 327685.0 020002001022025032
9 327685.0 020002001022025032 321727.047325 020000001022028032
9 321727.047325 020000001022028032 2725.74 020000001039028032
9 2725.74 020000001039028032 327685.0 020002001022025032
9 327685.0 020002001022025032 321727.047325 020000001022028032
9 321727.047325 020000001022028032 2652.9 020000001040028032
9 2652.9 020000001040028032 327685.0 020002001022025032
9 327685.0 020002001022025032 967168.0 015005001014028032
9 967168.0 015005001014028032 271121.0 015005001014028018
9 271121.0 015005001014028018 327685.0 020002001022025032
9 327685.0 020002001022025032 5965.53 015000000050025032
9 5965.53 015000000050025032 2331.62 015000000011025032
9 2331.62 015000000011025032 327685.0 020002001022025032
9 327685.0 020002001022025032 378651.675 020002001022028032
9 378651.675 020002001022028032 321727.047325 020000001022028032
9 321727.047325 020000001022028032 327685.0 020002001022025032
9 327685.0 020002001022025032 321727.047325 020000001022028032
9 321727.047325 020000001022028032 119.808 020000001022028038
9 119.808 020000001022028038 327685.0 020002001022025032
9 327685.0 020002001022025032 476431.13333333336 020000000022014032
9 476431.13333333336 020000000022014032 12106.9 020000000022014020
9 12106.9 020000000022014020 327685.0 020002001022025032
9 327685.0 020002001022025032 516716.47 020000000050028032
9 516716.47 020000000050028032 61.722 041000000050028032
9 61.722 041000000050028032 327685.0 020002001022025032
9 327685.0 020002001022025032 91.6056 020000001022025032
9 91.6056 020000001022025032 327685.0 020002001022025032
9 327685.0 020002001022025032 8.61643 015000001022038025
9 8.61643 015000001022038025 614641.0 020001001014028025
9 614641.0 020001001014028025 27025.5 020001001014046025
9 27025.5 020001001014046025 327685.0 020002001022025032
9 327685.0 020002001022025032 394345.0 020002001014028025
9 394345.0 020002001014028025 19900.4 020002001014033025
9 19900.4 020002001014033025 327685.0 020002001022025032
9 327685.0 020002001022025032 1888920.0 020002001022041032
9 1888920.0 020002001022041032 483553.0 020002002022041032
9 483553.0 020002002022041032 327685.0 020002001022025032
10 327685.0 020002001022025032 5527730000.0 047006002031026016
10 5527730000.0 047006002031026016 22283.2 047006002031033016
10 22283.2 047006002031033016 5028.99 056001000038038036
10 5028.99 056001000038038036 12677100000.0 047003002031014002
10 12677100000.0 047003002031014002 302275000.0 047003000031014002
10 302275000.0 047003000031014002 5028.99 056001000038038036
10 5028.99 056001000038038036 152200.65 007004002019050016
10 152200.65 007004002019050016 773.401 007000002019050016
10 773.401 007000002019050016 5028.99 056001000038038036
10 5028.99 056001000038038036 4243260000.0 083004001021007024
10 4243260000.0 083004001021007024 215717000.0 083006001021007024
10 215717000.0 083006001021007024 773.401 007000002019050016
10 773.401 007000002019050016 9771040.0 065004001043024020
10 9771040.0 065004001043024020 5183160.0 065004001043024019
10 5183160.0 065004001043024019 773.401 007000002019050016
10 773.401 007000002019050016 929406.0 065004002019040028
10 929406.0 065004002019040028 14602.3 035004002019040028
10 14602.3 035004002019040028 773.401 007000002019050016
10 773.401 007000002019050016 1695850.0 020004001019038034
10 1695850.0 020004001019038034 7502.05 020004001019014034
10 7502.05 020004001019014034 773.401 007000002019050016
10 773.401 007000002019050016 4735.43 020004002031050034
10 4735.43 020004002031050034 96.2843 020004002030050034
10 96.2843 020004002030050034 773.401 007000002019050016
10 773.401 007000002019050016 1007600.0 007000002038050034
10 1007600.0 007000002038050034 124413.0 007000002038050015
10 124413.0 007000002038050015 96.2843 020004002030050034
10 96.2843 020004002030050034 23213000.0 035003002019040034
10 23213000.0 035003002019040034 7463270.0 035003002004040034
10 7463270.0 035003002004040034 96.2843 020004002030050034
10 96.2843 020004002030050034 1335970.0 007002002038040000
10 1335970.0 007002002038040000 12830.7 007002000038040000
10 12830.7 007002000038040000 96.2843 020004002030050034
10 96.2843 020004002030050034 1252010.0 007004002031050034
10 1252010.0 007004002031050034 1172280.0 007003002031050034
10 1172280.0 007003002031050034 96.2843 020004002030050034
10 96.2843 020004002030050034 318810.0 007004002019040034
10 318810.0 007004002019040034 22968.7 007004002045040034
10 22968.7 007004002045040034 96.2843 020004002030050034
10 96.2843 020004002030050034 6115010.0 020005001002040016
10 6115010.0 020005001002040016 2852.99 020005002002040016
10 2852.99 020005002002040016 96.2843 020004002030050034
10 96.2843 020004002030050034 1830575.0 020004002043040016
10 1830575.0 020004002043040016 1830575.0 020004002043040016
10 1830575.0 020004002043040016 96.2843 020004002030050034
10 96.2843 020004002030050034 395905.0 020003002019040016
10 395905.0 020003002019040016 3999.87 051003002019040016
10 3999.87 051003002019040016 96.2843 020004002030050034
10 96.2843 020004002030050034 1932.42 051004000002014026
10 1932.42 051004000002014026 96.2843 020004002030050034
10 96.2843 020004002030050034 773.401 007000002019050016
10 773.401 007000002019050016 1018.54 065004002045050016
10 1018.54 065004002045050016 986142.4488 065004002045050025
10 986142.4488 065004002045050025 96.2843 020004002030050034
10 96.2843 020004002030050034 2389810.0 020005001002050028
10 2389810.0 020005001002050028 391830.0 020001001002050028
10 391830.0 020001001002050028 986142.4488 065004002045050025
10 986142.4488 065004002045050025 814686.0 007004000019021016
10 814686.0 007004000019021016 465089.0 007004000019030016
10 465089.0 007004000019030016 986142.4488 065004002045050025
10 986142.4488 065004002045050025 38081.4 065003001036038000
10 38081.4 065003001036038000 37525.6 065003000036038000
10 37525.6 065003000036038000 986142.4488 065004002045050025
10 986142.4488 065004002045050025 50412400.0 056004002019014016
10 50412400.0 056004002019014016 1501.0 056004002019014033
10 1501.0 056004002019014033 986142.4488 065004002045050025
10 986142.4488 065004002045050025 5150.38 056004002036050026
10 5150.38 056004002036050026 816.792 033004002036050026
10 816.792 033004002036050026 986142.4488 065004002045050025
10 986142.4488 065004002045050025 89.6482 007003002038038026
10 89.6482 007003002038038026 28.4127 007003002028038026
10 28.4127 007003002028038026 986142.4488 065004002045050025
10 986142.4488 065004002045050025 7509160.0 079004002038040026
10 7509160.0 079004002038040026 70.7962 079004002038040030
10 70.7962 079004002038040030 28.4127 007003002028038026
10 28.4127 007003002028038026 24454.6 065003000019040028
10 24454.6 065003000019040028 4524.62 065003002019040028
10 4524.62 065003002019040028 28.4127 007003002028038026
10 28.4127 007003002028038026 43.8133 007005002045040033
10 43.8133 007005002045040033 28.4127 007003002028038026
10 28.4127 007003002028038026 70.7962 079004002038040030
10 70.7962 079004002038040030 331192.4 020001002019038016
10 331192.4 020001002019038016 331192.4 020001002019038016
10 331192.4 020001002019038016 28.4127 007003002028038026
10 28.4127 007003002028038026 2108160.0 020004002031040016
10 2108160.0 020004002031040016 12329.8 020004002031040003
10 12329.8 020004002031040003 28.4127 007003002028038026
10 28.4127 007003002028038026 94025800.0 079004002036014034
10 94025800.0 079004002036014034 3033080.0 074004002036014034
10 3033080.0 074004002036014034 28.4127 007003002028038026
10 28.4127 007003002028038026 1583830.0 020004002045050036
10 1583830.0 020004002045050036 514856.0 020004002045050033
10 514856.0 020004002045050033 28.4127 007003002028038026
10 28.4127 007003002028038026 10673.2 007004000045014016
10 10673.2 007004000045014016 1455.94 007004000024014016
10 1455.94 007004000024014016 28.4127 007003002028038026
10 28.4127 007003002028038026 25826100.0 065004002038014025
10 25826100.0 065004002038014025 15945600.0 077004002038014025
10 15945600.0 077004002038014025 28.4127 007003002028038026
10 28.4127 007003002028038026 9604.6 077004000019050016
10 9604.6 077004000019050016 937.329 077004000019050007
10 937.329 077004000019050007 28.4127 007003002028038026
10 28.4127 007003002028038026 8423830.0 051003002030038025
10 8423830.0 051003002030038025 2544480.0 051004002030038025
10 2544480.0 051004002030038025 28.4127 007003002028038026
10 28.4127 007003002028038026 1492070.0 020003002019038026
10 1492070.0 020003002019038026 853216.0 020003002022038026
10 853216.0 020003002022038026 28.4127 007003002028038026
10 28.4127 007003002028038026 4107780.0 020004002045014028
10 4107780.0 020004002045014028 2299380.0 047004002045014028
10 2299380.0 047004002045014028 28.4127 007003002028038026
10 28.4127 007003002028038026 231766.0 056000000045050028
10 231766.0 056000000045050028 6510.97 056000000045050021
10 6510.97 056000000045050021 28.4127 007003002028038026
10 28.4127 007003002028038026 12211500.0 065004000019014007
10 12211500.0 065004000019014007 13473.6 065004001019014007
10 13473.6 065004001019014007 28.4127 007003002028038026
10 28.4127 007003002028038026 19688.8 007003002002040026
10 19688.8 007003002002040026 28.4127 007003002028038026
10 28.4127 007003002028038026 43.8133 007005002045040033
10 43.8133 007005002045040033 153047.0 007004002031040026
10 153047.0 007004002031040026 867.673 007001002031040026
10 867.673 007001002031040026 28.4127 007003002028038026
10 28.4127 007003002028038026 465730.3916 007004002045050026
10 465730.3916 007004002045050026 183244.0 035004002045050026
10 183244.0 035004002045050026 28.4127 007003002028038026
10 28.4127 007003002028038026 687786.0 020003002019040026
10 687786.0 020003002019040026 28.4127 007003002028038026
10 28.4127 007003002028038026 43.8133 007005002045040033
10 43.8133 007005002045040033 11478.4 007003000031040034
10 11478.4 007003000031040034 3627.9 018003000031040034
10 3627.9 018003000031040034 28.4127 007003002028038026
10 28.4127 007003002028038026 242866.0 033004002030040026
10 242866.0 033004002030040026 71820.9 033005002030040026
10 71820.9 033005002030040026 28.4127 007003002028038026
10 28.4127 007003002028038026 869838.0 007004000031040026
10 869838.0 007004000031040026 265350.0 007000000031040026
10 265350.0 007000000031040026 28.4127 007003002028038026
10 28.4127 007003002028038026 4555490.0 033005002031050034
10 4555490.0 033005002031050034 666940.0 033005002031015034
10 666940.0 033005002031015034 28.4127 007003002028038026
10 28.4127 007003002028038026 970059.0 065001002045050025
10 970059.0 065001002045050025 11201.3 065001002012050025
10 11201.3 065001002012050025 28.4127 007003002028038026
10 28.4127 007003002028038026 1112980.0 007001002019038026
10 1112980.0 007001002019038026 31025.2 007001001019038026
10 31025.2 007001001019038026 28.4127 007003002028038026
10 28.4127 007003002028038026 572063.0 020003002019040033
10 572063.0 020003002019040033 16826.8 020003002019040008
10 16826.8 020003002019040008 28.4127 007003002028038026
10 28.4127 007003002028038026 4883840000.0 051000002019040008
10 4883840000.0 051000002019040008 24608.0 085000002019040008
10 24608.0 085000002019040008 28.4127 007003002028038026
10 28.4127 007003002028038026 11958.4 085004002031040026
10 11958.4 085004002031040026 11019.1 085001002031040026
10 11019.1 085001002031040026 28.4127 007003002028038026
10 28.4127 007003002028038026 421518.0 065001002002050033
10 421518.0 065001002002050033 19520.6 065001002002023033
10 19520.6 065001002002023033 28.4127 007003002028038026
10 28.4127 007003002028038026 5896010.0 020003000045040016
10 5896010.0 020003000045040016 61934.2 020003000045028016
10 61934.2 020003000045028016 28.4127 007003002028038026
10 28.4127 007003002028038026 236085.0 007004002002050025
10 236085.0 007004002002050025 11835.3 050004002002050025
10 11835.3 050004002002050025 28.4127 007003002028038026
10 28.4127 007003002028038026 26332.8 007004002002050030
10 26332.8 007004002002050030 22306.2 007004001002050030
10 22306.2 007004001002050030 28.4127 007003002028038026
10 28.4127 007003002028038026 90174300.0 079005002002014033
10 90174300.0 079005002002014033 34431.5 079005002019014033
10 34431.5 079005002019014033 28.4127 007003002028038026
10 28.4127 007003002028038026 15927.7 007004002019050034
10 15927.7 007004002019050034 14611.1 007004002019036034
10 14611.1 007004002019036034 28.4127 007003002028038026
10 28.4127 007003002028038026 444294.0 007003002028038034
10 444294.0 007003002028038034 9682.42 079003002028038034
10 9682.42 079003002028038034 28.4127 007003002028038026
10 28.4127 007003002028038026 1051450.0 033004002019038034
10 1051450.0 033004002019038034 7700.29 033004001019038034
10 7700.29 033004001019038034 28.4127 007003002028038026
10 28.4127 007003002028038026 3377170000.0 051004002036014016
10 3377170000.0 051004002036014016 10460.4 031004002036014016
10 10460.4 031004002036014016 28.4127 007003002028038026
10 28.4127 007003002028038026 25308900.0 051004002002014016
10 25308900.0 051004002002014016 25098.5 089004002002014016
10 25098.5 089004002002014016 28.4127 007003002028038026
10 28.4127 007003002028038026 15595.1 020004000002038016
10 15595.1 020004000002038016 73.5369 020004000029038016
10 73.5369 020004000029038016 28.4127 007003002028038026
10 28.4127 007003002028038026 24434.2 007003002019050026
10 24434.2 007003002019050026 2063.86 007003002019050015
10 2063.86 007003002019050015 28.4127 007003002028038026
10 28.4127 007003002028038026 11636400000.0 056003002036050007
10 11636400000.0 056003002036050007 161860000.0 056003002042050007
10 161860000.0 056003002042050007 28.4127 007003002028038026
10 28.4127 007003002028038026 142225.0 007004002042050016
10 142225.0 007004002042050016 11252.6 007004002007050016
10 11252.6 007004002007050016 28.4127 007003002028038026
10 28.4127 007003002028038026 360502000.0 051004002019040015
10 360502000.0 051004002019040015 2678.9 051004002019040044
10 2678.9 051004002019040044 28.4127 007003002028038026
10 28.4127 007003002028038026 465403.0 020005000031050034
10 465403.0 020005000031050034 7969.06 020005000031050017
10 7969.06 020005000031050017 28.4127 007003002028038026
10 28.4127 007003002028038026 341780.0 007004002019014016
10 341780.0 007004002019014016 211552.0 009004002019014016
10 211552.0 009004002019014016 28.4127 007003002028038026
10 28.4127 007003002028038026 912443.0 007004002031038026
10 912443.0 007004002031038026 1950.68 047004002031038026
10 1950.68 047004002031038026 28.4127 007003002028038026
10 28.4127 007003002028038026 16053.9 065003002031040016
10 16053.9 065003002031040016 28.4127 007003002028038026
10 28.4127 007003002028038026 43.8133 007005002045040033
10 43.8133 007005002045040033 7484.35 047000000024040016
10 7484.35 047000000024040016 28.4127 007003002028038026
10 28.4127 007003002028038026 43.8133 007005002045040033
10 43.8133 007005002045040033 24370.7 020004002029040034
10 24370.7 020004002029040034 22554.2 020006002029040034
10 22554.2 020006002029040034 28.4127 007003002028038026
10 28.4127 007003002028038026 15145.311833333333 007003002045050026
10 15145.311833333333 007003002045050026 15145.311833333333 007003002045050026
10 15145.311833333333 007003002045050026 28.4127 007003002028038026
10 28.4127 007003002028038026 22989.3 047001002019050016
10 22989.3 047001002019050016 17965.5 047001002019050017
10 17965.5 047001002019050017 28.4127 007003002028038026
10 28.4127 007003002028038026 1917710.0 020004002019050016
10 1917710.0 020004002019050016 1514780.0 020004002008050016
10 1514780.0 020004002008050016 28.4127 007003002028038026
10 28.4127 007003002028038026 2561.44 007004002045014016
10 2561.44 007004002045014016 1799.78 007004002045014022
10 1799.78 007004002045014022 28.4127 007003002028038026
10 28.4127 007003002028038026 48700.4 007003002038040022
10 48700.4 007003002038040022 12103.2 007004002038040022
10 12103.2 007004002038040022 28.4127 007003002028038026
10 28.4127 007003002028038026 13150800.0 033005002019014026
10 13150800.0 033005002019014026 8687.17 033005002019014002
10 8687.17 033005002019014002 28.4127 007003002028038026
10 28.4127 007003002028038026 31406100.0 051003000045040016
10 31406100.0 051003000045040016 10291.7 051003000045040008
10 10291.7 051003000045040008 28.4127 007003002028038026
10 28.4127 007003002028038026 51929600.0 079000002038050016
10 51929600.0 079000002038050016 1062050.0 015000002038050016
10 1062050.0 015000002038050016 28.4127 007003002028038026
10 28.4127 007003002028038026 1087090.0 007004002045014026
10 1087090.0 007004002045014026 16206.0 005004002045014026
10 16206.0 005004002045014026 28.4127 007003002028038026
10 28.4127 007003002028038026 1173000.0 020000002045050026
10 1173000.0 020000002045050026 199327.0 020000002022050026
10 199327.0 020000002022050026 28.4127 007003002028038026
10 28.4127 007003002028038026 7227320.0 065001002045050016
10 7227320.0 065001002045050016 7227320.0 065001002045050016
10 7227320.0 065001002045050016 28.4127 007003002028038026
10 28.4127 007003002028038026 857898.0 007003002019014034
10 857898.0 007003002019014034 1390.73 019003002019014034
10 1390.73 019003002019014034 28.4127 007003002028038026
10 28.4127 007003002028038026 5955.42 019004000024038026
10 5955.42 019004000024038026 28.4127 007003002028038026
10 28.4127 007003002028038026 15145.311833333333 007003002045050026
10 15145.311833333333 007003002045050026 279782.5 007000002002038033
10 279782.5 007000002002038033 279782.5 007000002002038033
10 279782.5 007000002002038033 28.4127 007003002028038026
10 28.4127 007003002028038026 5896.49 077005000019014034
10 5896.49 077005000019014034 105.059 077005000019014041
10 105.059 077005000019014041 28.4127 007003002028038026
10 28.4127 007003002028038026 5725670.0 007003000036014025
10 5725670.0 007003000036014025 38064.4 096003000036014025
10 38064.4 096003000036014025 28.4127 007003002028038026
10 28.4127 007003002028038026 7124940000.0 065003002038014026
10 7124940000.0 065003002038014026 25298.4 065003002034014026
10 25298.4 065003002034014026 28.4127 007003002028038026
10 28.4127 007003002028038026 39566.45 065004002019040007
10 39566.45 065004002019040007 39566.45 065004002019040007
10 39566.45 065004002019040007 28.4127 007003002028038026
10 28.4127 007003002028038026 5037.151879999999 007004002028038025
10 5037.151879999999 007004002028038025 93149.653 007004002029038025
10 93149.653 007004002029038025 28.4127 007003002028038026
10 28.4127 007003002028038026 224453.5 007004002029050026
10 224453.5 007004002029050026 328012.0 041004002029050026
10 328012.0 041004002029050026 28.4127 007003002028038026
10 28.4127 007003002028038026 383599.0 020003002045038034
10 383599.0 020003002045038034 12151.7 072003002045038034
10 12151.7 072003002045038034 28.4127 007003002028038026
10 28.4127 007003002028038026 1612000.0 007003002029014026
10 1612000.0 007003002029014026 536967.0 007003002027014026
10 536967.0 007003002027014026 28.4127 007003002028038026
10 28.4127 007003002028038026 230595.0 007004000024040026
10 230595.0 007004000024040026 8720.22 007004000024040044
10 8720.22 007004000024040044 28.4127 007003002028038026
10 28.4127 007003002028038026 1279430.0 007004000028050041
10 1279430.0 007004000028050041 668331.0 007000000028050041
10 668331.0 007000000028050041 28.4127 007003002028038026
10 28.4127 007003002028038026 119758.6 007004002038038016
10 119758.6 007004002038038016 139.661 007004002038038011
10 139.661 007004002038038011 28.4127 007003002028038026
10 28.4127 007003002028038026 211160.0 007004000045050016
10 211160.0 007004000045050016 102.367 007004000045003016
10 102.367 007004000045003016 28.4127 007003002028038026
10 28.4127 007003002028038026 336481.0 007004002019050030
10 336481.0 007004002019050030 10651.4 007002002019050030
10 10651.4 007002002019050030 28.4127 007003002028038026
10 28.4127 007003002028038026 305751.0 065004000045050030
10 305751.0 065004000045050030 10682.7 065004000045050011
10 10682.7 065004000045050011 28.4127 007003002028038026
10 28.4127 007003002028038026 813379.0 007001002030038026
10 813379.0 007001002030038026 25554.2 007001002030028026
10 25554.2 007001002030028026 28.4127 007003002028038026
10 28.4127 007003002028038026 305449.0 079004000036050025
10 305449.0 079004000036050025 9495.15 079004000036050019
10 9495.15 079004000036050019 28.4127 007003002028038026
10 28.4127 007003002028038026 224453.5 007004002029050026
10 224453.5 007004002029050026 31202.9 002004002029050026
10 31202.9 002004002029050026 28.4127 007003002028038026
10 28.4127 007003002028038026 2483940.0 020003002045038026
10 2483940.0 020003002045038026 10397.3 020003002045043026
10 10397.3 020003002045043026 28.4127 007003002028038026
10 28.4127 007003002028038026 97316.6777 007004002028050026
10 97316.6777 007004002028050026 28.4127 007003002028038026
10 28.4127 007003002028038026 15145.311833333333 007003002045050026
10 15145.311833333333 007003002045050026 152200.65 007004002019050016
10 152200.65 007004002019050016 16659.2 007004002044050016
10 16659.2 007004002044050016 28.4127 007003002028038026
10 28.4127 007003002028038026 24588.9 007003002036038041
10 24588.9 007003002036038041 577.096 047003002036038041
10 577.096 047003002036038041 28.4127 007003002028038026
10 28.4127 007003002028038026 241092.02 007004002028050034
10 241092.02 007004002028050034 241092.02 007004002028050034
10 241092.02 007004002028050034 28.4127 007003002028038026
10 28.4127 007003002028038026 97316.6777 007004002028050026
10 97316.6777 007004002028050026 44235.7 007003002028050026
10 44235.7 007003002028050026 28.4127 007003002028038026
10 28.4127 007003002028038026 15145.311833333333 007003002045050026
10 15145.311833333333 007003002045050026 50.7978 007003002045050024
10 50.7978 007003002045050024 28.4127 007003002028038026
10 28.4127 007003002028038026 7374.38 007004000030038033
10 7374.38 007004000030038033 28.4127 007003002028038026
10 28.4127 007003002028038026 97316.6777 007004002028050026
10 97316.6777 007004002028050026 2749800000.0 065003000038040041
10 2749800000.0 065003000038040041 33675500.0 065001000038040041
10 33675500.0 065001000038040041 28.4127 007003002028038026
10 28.4127 007003002028038026 230973.0 007004002036050011
10 230973.0 007004002036050011 40.0714 007004002028050011
10 40.0714 007004002028050011 28.4127 007003002028038026
10 28.4127 007003002028038026 24729.8 007003002038050026
10 24729.8 007003002038050026 11059.3 007003002048050026
10 11059.3 007003002048050026 28.4127 007003002028038026
10 28.4127 007003002028038026 750709.0 007004002029014034
10 750709.0 007004002029014034 739145.0 058004002029014034
10 739145.0 058004002029014034 28.4127 007003002028038026
10 28.4127 007003002028038026 224453.5 007004002029050026
10 224453.5 007004002029050026 9098.3 007004000029050026
10 9098.3 007004000029050026 28.4127 007003002028038026
10 28.4127 007003002028038026 117984.0 077000002045040016
10 117984.0 077000002045040016 38661.7 077000002028040016
10 38661.7 077000002028040016 28.4127 007003002028038026
10 28.4127 007003002028038026 140461.0 007005002045050026
10 140461.0 007005002045050026 63824.4 007005002045050037
10 63824.4 007005002045050037 28.4127 007003002028038026
10 28.4127 007003002028038026 457058.6666666667 007004002045038024
10 457058.6666666667 007004002045038024 198723.0 090004002045038024
10 198723.0 090004002045038024 28.4127 007003002028038026
10 28.4127 007003002028038026 352010.0 007004000045050034
10 352010.0 007004000045050034 47.566 007001000045050034
10 47.566 007001000045050034 28.4127 007003002028038026
10 28.4127 007003002028038026 616446.5 007004002030040016
10 616446.5 007004002030040016 616446.5 007004002030040016
10 616446.5 007004002030040016 28.4127 007003002028038026
10 28.4127 007003002028038026 365342.0 020000002038038025
10 365342.0 020000002038038025 3709.0 015000002038038025
10 3709.0 015000002038038025 28.4127 007003002028038026
10 28.4127 007003002028038026 986142.4488 065004002045050025
10 986142.4488 065004002045050025 986142.4488 065004002045050025
10 986142.4488 065004002045050025 28.4127 007003002028038026
10 28.4127 007003002028038026 239.9246 007004002038038025
10 239.9246 007004002038038025 40.831 007004002038040025
10 40.831 007004002038040025 28.4127 007003002028038026
10 28.4127 007003002028038026 7028.42 007004000029050016
10 7028.42 007004000029050016 50.3242 007004000029003016
10 50.3242 007004000029003016 28.4127 007003002028038026
10 28.4127 007003002028038026 207598.0 007001002045050030
10 207598.0 007001002045050030 164349.0 007001002045050006
10 164349.0 007001002045050006 28.4127 007003002028038026
10 28.4127 007003002028038026 343941.0 007004002045050033
10 343941.0 007004002045050033 81.3395 007004002045036033
10 81.3395 007004002045036033 28.4127 007003002028038026
10 28.4127 007003002028038026 158817.6 007004002038014016
10 158817.6 007004002038014016 158817.6 007004002038014016
10 158817.6 007004002038014016 28.4127 007003002028038026
10 28.4127 007003002028038026 1114760.0 007005002029050041
10 1114760.0 007005002029050041 15568.6 007005002029030041
10 15568.6 007005002029030041 28.4127 007003002028038026
10 28.4127 007003002028038026 14951100.0 007003000029003034
10 14951100.0 007003000029003034 25229.9 007003000029048034
10 25229.9 007003000029048034 28.4127 007003002028038026
10 28.4127 007003002028038026 1834.52 007003002045038033
10 1834.52 007003002045038033 6.4309 007000002045038033
10 6.4309 007000002045038033 28.4127 007003002028038026
10 28.4127 007003002028038026 181236.0 020005002028050016
10 181236.0 020005002028050016 53117.5 020003002028050016
10 53117.5 020003002028050016 6.4309 007000002045038033
10 6.4309 007000002045038033 530257.0 007004000045040030
10 530257.0 007004000045040030 6.4309 007000002045038033
10 6.4309 007000002045038033 28.4127 007003002028038026
10 28.4127 007003002028038026 457058.6666666667 007004002045038024
10 457058.6666666667 007004002045038024 457058.6666666667 007004002045038024
10 457058.6666666667 007004002045038024 6.4309 007000002045038033
10 6.4309 007000002045038033 5775070.0 007003000045038033
10 5775070.0 007003000045038033 372819.0 007002000045038033
10 372819.0 007002000045038033 6.4309 007000002045038033
10 6.4309 007000002045038033 46228300.0 007003000029003016
10 46228300.0 007003000029003016 1996530.0 007005000029003016
10 1996530.0 007005000029003016 6.4309 007000002045038033
10 6.4309 007000002045038033 684895.0 007003002028040033
10 684895.0 007003002028040033 370849.0 007003001028040033
10 370849.0 007003001028040033 6.4309 007000002045038033
10 6.4309 007000002045038033 250473.0 007004002028038016
10 250473.0 007004002028038016 17796.7 005004002028038016
10 17796.7 005004002028038016 6.4309 007000002045038033
10 6.4309 007000002045038033 513369.0 007001002028050025
10 513369.0 007001002028050025 4.43695 007001002042050025
10 4.43695 007001002042050025 6.4309 007000002045038033
10 6.4309 007000002045038033 562284.0 007003002038040033
10 562284.0 007003002038040033 763.246 007003002004040033
10 763.246 007003002004040033 4.43695 007001002042050025
10 4.43695 007001002042050025 683906.0 007003002004050033
10 683906.0 007003002004050033 431468.0 013003002004050033
10 431468.0 013003002004050033 4.43695 007001002042050025
10 4.43695 007001002042050025 65.7308 007004000038038034
10 65.7308 007004000038038034 1.57386 007004000038046034
10 1.57386 007004000038046034 4.43695 007001002042050025
10 4.43695 007001002042050025 482741.0 007001002038050011
10 482741.0 007001002038050011 285049.0 007000002038050011
10 285049.0 007000002038050011 1.57386 007004000038046034
10 1.57386 007004000038046034 112004.4 007004002038050025
10 112004.4 007004002038050025 762.77 059004002038050025
10 762.77 059004002038050025 1.57386 007004000038046034
10 1.57386 007004000038046034 133218.4 007004000045038026
10 133218.4 007004000045038026 1.57386 007004000038046034
10 1.57386 007004000038046034 4.43695 007001002042050025
10 4.43695 007001002042050025 484295.0 007004002038050030
10 484295.0 007004002038050030 40740.1 007005002038050030
10 40740.1 007005002038050030 1.57386 007004000038046034
10 1.57386 007004000038046034 265433.25 007003000038050033
10 265433.25 007003000038050033 265433.25 007003000038050033
10 265433.25 007003000038050033 1.57386 007004000038046034
10 1.57386 007004000038046034 1124650.98 007004000038038033
10 1124650.98 007004000038038033 1124650.98 007004000038038033
10 1124650.98 007004000038038033 1.57386 007004000038046034
10 1.57386 007004000038046034 551024.0 007004002045050025
10 551024.0 007004002045050025 223137.0 007002002045050025
10 223137.0 007002002045050025 1.57386 007004000038046034
10 1.57386 007004000038046034 136257.0 007004002045050016
10 136257.0 007004002045050016 638.422 007004002045050017
10 638.422 007004002045050017 1.57386 007004000038046034
10 1.57386 007004000038046034 1424480.0 007003002028038033
10 1424480.0 007003002028038033 376053.0 007003002040038033
10 376053.0 007003002040038033 1.57386 007004000038046034
10 1.57386 007004000038046034 17089500.0 007003000045003033
10 17089500.0 007003000045003033 4448780.0 007003000045003017
10 4448780.0 007003000045003017 1.57386 007004000038046034
10 1.57386 007004000038046034 260086.0 007003002045050017
10 260086.0 007003002045050017 9814.76 007003002045050042
10 9814.76 007003002045050042 1.57386 007004000038046034
10 1.57386 007004000038046034 2518730.0 020001000028040033
10 2518730.0 020001000028040033 6970.77 020001002028040033
10 6970.77 020001002028040033 1.57386 007004000038046034
10 1.57386 007004000038046034 39347.4 007004002045038011
10 39347.4 007004002045038011 52.1397 007003002045038011
10 52.1397 007003002045038011 1.57386 007004000038046034
10 1.57386 007004000038046034 162742.1 007003000045036025
10 162742.1 007003000045036025 162742.1 007003000045036025
10 162742.1 007003000045036025 1.57386 007004000038046034
10 1.57386 007004000038046034 664654.0 007005002045036034
10 664654.0 007005002045036034 664654.0 007005002045036034
10 664654.0 007005002045036034 1.57386 007004000038046034
10 1.57386 007004000038046034 1920390.0 007003000029050025
10 1920390.0 007003000029050025 21602.0 007003000029050011
10 21602.0 007003000029050011 1.57386 007004000038046034
10 1.57386 007004000038046034 587214.0 007004000029003030
10 587214.0 007004000029003030 52385.2 007004000029003008
10 52385.2 007004000029003008 1.57386 007004000038046034
10 1.57386 007004000038046034 108.884 007005000045050026
10 108.884 007005000045050026 76.2683 049005000045050026
10 76.2683 049005000045050026 1.57386 007004000038046034
10 1.57386 007004000038046034 322909.0 007004000028050033
10 322909.0 007004000028050033 2724.17 007001000028050033
10 2724.17 007001000028050033 1.57386 007004000038046034
10 1.57386 007004000038046034 498342.0 007005000045050016
10 498342.0 007005000045050016 396555.0 007005000045050027
10 396555.0 007005000045050027 1.57386 007004000038046034
10 1.57386 007004000038046034 498858.5 007005002029040033
10 498858.5 007005002029040033 498858.5 007005002029040033
10 498858.5 007005002029040033 1.57386 007004000038046034
10 1.57386 007004000038046034 1483940.0 049004000045038016
10 1483940.0 049004000045038016 1240910.0 049000000045038016
10 1240910.0 049000000045038016 1.57386 007004000038046034
10 1.57386 007004000038046034 2450510.0 007004000045003025
10 2450510.0 007004000045003025 12174.33 007004002045003025
10 12174.33 007004002045003025 1.57386 007004000038046034
10 1.57386 007004000038046034 3671680.0 049004000045038033
10 3671680.0 049004000045038033 963750.0 049004000000038033
10 963750.0 049004000000038033 1.57386 007004000038046034
10 1.57386 007004000038046034 15459.2 007005000045038034
10 15459.2 007005000045038034 8988.79 007005000027038034
10 8988.79 007005000027038034 1.57386 007004000038046034
10 1.57386 007004000038046034 28352.2 007003002045038016
10 28352.2 007003002045038016 1331.46 007003002045038021
10 1331.46 007003002045038021 1.57386 007004000038046034
10 1.57386 007004000038046034 5037.151879999999 007004002028038025
10 5037.151879999999 007004002028038025 1.57386 007004000038046034
10 1.57386 007004000038046034 4.43695 007001002042050025
10 4.43695 007001002042050025 187777.385 007003002038038033
10 187777.385 007003002038038033 355436.0 007003002038038031
10 355436.0 007003002038038031 1.57386 007004000038046034
10 1.57386 007004000038046034 1568410.0 007004002029038024
10 1568410.0 007004002029038024 689648.0 007004000029038024
10 689648.0 007004000029038024 1.57386 007004000038046034
10 1.57386 007004000038046034 1374440.0 007003002038050011
10 1374440.0 007003002038050011 2857.75 051003002038050011
10 2857.75 051003002038050011 1.57386 007004000038046034
10 1.57386 007004000038046034 55322.7 020003002038040011
10 55322.7 020003002038040011 42978.4 020003002014040011
10 42978.4 020003002014040011 1.57386 007004000038046034
10 1.57386 007004000038046034 241092.02 007004002028050034
10 241092.02 007004002028050034 26.7998 007004001028050034
10 26.7998 007004001028050034 1.57386 007004000038046034
10 1.57386 007004000038046034 336983.0 007004002038050033
10 336983.0 007004002038050033 317220.0 007004002003050033
10 317220.0 007004002003050033 1.57386 007004000038046034
10 1.57386 007004000038046034 229243.0 007004002045038034
10 229243.0 007004002045038034 1774.18 084004002045038034
10 1774.18 084004002045038034 1.57386 007004000038046034
10 1.57386 007004000038046034 243456.0 007004002029038034
10 243456.0 007004002029038034 39668.7 007004002029015034
10 39668.7 007004002029015034 1.57386 007004000038046034
10 1.57386 007004000038046034 22968.7 007004002045040034
10 22968.7 007004002045040034 663831.0 007000002045040034
10 663831.0 007000002045040034 1.57386 007004000038046034
10 1.57386 007004000038046034 327112.0 007005000029038033
10 327112.0 007005000029038033 69274.3 007006000029038033
10 69274.3 007006000029038033 1.57386 007004000038046034
10 1.57386 007004000038046034 2428480.0 007003000028050033
10 2428480.0 007003000028050033 362095.0 007003000028050031
10 362095.0 007003000028050031 1.57386 007004000038046034
10 1.57386 007004000038046034 186285.260375 007004002028050025
10 186285.260375 007004002028050025 1.57386 007004000038046034
10 1.57386 007004000038046034 4.43695 007001002042050025
10 4.43695 007001002042050025 182453.0 007004002045040025
10 182453.0 007004002045040025 267.928 007004002045040030
10 267.928 007004002045040030 1.57386 007004000038046034
10 1.57386 007004000038046034 292524.0 007005000028038024
10 292524.0 007005000028038024 237088.0 007005000030038024
10 237088.0 007005000030038024 1.57386 007004000038046034
10 1.57386 007004000038046034 119758.6 007004002038038016
10 119758.6 007004002038038016 1.0618 007005002038038016
10 1.0618 007005002038038016 1.57386 007004000038046034
10 1.57386 007004000038046034 517221.0 007004002045046025
10 517221.0 007004002045046025 165718.0 007005002045046025
10 165718.0 007005002045046025 1.0618 007005002038038016
10 1.0618 007005002038038016 576433.0 007005002042040034
10 576433.0 007005002042040034 23821.7 007005002035040034
10 23821.7 007005002035040034 1.0618 007005002038038016
10 1.0618 007005002038038016 1341100.0 007001002029038026
10 1341100.0 007001002029038026 28300.7 007001002029049026
10 28300.7 007001002029049026 1.0618 007005002038038016
10 1.0618 007005002038038016 125191.545 007004002028050033
10 125191.545 007004002028050033 159.829 007001002028050033
10 159.829 007001002028050033 1.0618 007005002038038016
10 1.0618 007005002038038016 312554.0 007003002028040025
10 312554.0 007003002028040025 19190.8 007003002028000025
10 19190.8 007003002028000025 1.0618 007005002038038016
10 1.0618 007005002038038016 12009.7 007004002045038033
10 12009.7 007004002045038033 7831.18 007004001045038033
10 7831.18 007004001045038033 1.0618 007005002038038016
10 1.0618 007005002038038016 1082610.0 007004002029040034
10 1082610.0 007004002029040034 824944.0 076004002029040034
10 824944.0 076004002029040034 1.0618 007005002038038016
10 1.0618 007005002038038016 12174.33 007004002045003025
10 12174.33 007004002045003025 3.54942 007004002045042025
10 3.54942 007004002045042025 1.0618 007005002038038016
10 1.0618 007005002038038016 258414.0 007004000029042025
10 258414.0 007004000029042025 4715.1 036004000029042025
10 4715.1 036004000029042025 1.0618 007005002038038016
10 1.0618 007005002038038016 465730.3916 007004002045050026
10 465730.3916 007004002045050026 1.0618 007005002038038016
10 1.0618 007005002038038016 1.57386 007004000038046034
10 1.57386 007004000038046034 399399.0 007005002038050026
10 399399.0 007005002038050026 285607.0 007001002038050026
10 285607.0 007001002038050026 1.0618 007005002038038016
10 1.0618 007005002038038016 292819.0 007001002029038011
10 292819.0 007001002029038011 14373.3 007001002029038030
10 14373.3 007001002029038030 1.0618 007005002038038016
10 1.0618 007005002038038016 5037.151879999999 007004002028038025
10 5037.151879999999 007004002028038025 1191.18 093004002028038025
10 1191.18 093004002028038025 1.0618 007005002038038016
10 1.0618 007005002038038016 87485.6786 007000002028040025
10 87485.6786 007000002028040025 87485.6786 007000002028040025
10 87485.6786 007000002028040025 1.0618 007005002038038016
10 1.0618 007005002038038016 19063.1 007005002045003026
10 19063.1 007005002045003026 74.7663 007003002045003026
10 74.7663 007003002045003026 1.0618 007005002038038016
10 1.0618 007005002038038016 318.553 007003000045040026
10 318.553 007003000045040026 132.734 007003000034040026
10 132.734 007003000034040026 1.0618 007005002038038016
10 1.0618 007005002038038016 875228.0 007000002038038026
10 875228.0 007000002038038026 1341.1 007000000038038026
10 1341.1 007000000038038026 1.0618 007005002038038016
10 1.0618 007005002038038016 1469.5 007003002042038026
10 1469.5 007003002042038026 1151.68 007005002042038026
10 1151.68 007005002042038026 1.0618 007005002038038016
10 1.0618 007005002038038016 465730.3916 007004002045050026
10 465730.3916 007004002045050026 411996.0 007004001045050026
10 411996.0 007004001045050026 1.0618 007005002038038016
10 1.0618 007005002038038016 125191.545 007004002028050033
10 125191.545 007004002028050033 12193.0 088004002028050033
10 12193.0 088004002028050033 1.0618 007005002038038016
10 1.0618 007005002038038016 241092.02 007004002028050034
10 241092.02 007004002028050034 5558.62 098004002028050034
10 5558.62 098004002028050034 1.0618 007005002038038016
10 1.0618 007005002038038016 272425.0 007004002038050016
10 272425.0 007004002038050016 11847.3 007004002038043016
10 11847.3 007004002038043016 1.0618 007005002038038016
10 1.0618 007005002038038016 516042.0 007004002045038026
10 516042.0 007004002045038026 179424.0 007004002040038026
10 179424.0 007004002040038026 1.0618 007005002038038016
10 1.0618 007005002038038016 239.9246 007004002038038025
10 239.9246 007004002038038025 1.0618 007005002038038016
10 1.0618 007005002038038016 1.57386 007004000038046034
10 1.57386 007004000038046034 13492.3 007005002028038025
10 13492.3 007005002028038025 2621.71 007005002028025025
10 2621.71 007005002028025025 1.0618 007005002038038016
10 1.0618 007005002038038016 644094.0 007004002038050026
10 644094.0 007004002038050026 81.2438 007004001038050026
10 81.2438 007004001038050026 1.0618 007005002038038016
10 1.0618 007005002038038016 558189.0 007004002028046025
10 558189.0 007004002028046025 362742.0 007004002037046025
10 362742.0 007004002037046025 1.0618 007005002038038016
10 1.0618 007005002038038016 4782.22355 007004002028040034
10 4782.22355 007004002028040034 4782.22355 007004002028040034
10 4782.22355 007004002028040034 1.0618 007005002038038016
10 1.0618 007005002038038016 23327.8 007004002029042034
10 23327.8 007004002029042034 16832.2 007005002029042034
10 16832.2 007005002029042034 1.0618 007005002038038016
10 1.0618 007005002038038016 93149.653 007004002029038025
10 93149.653 007004002029038025 38135.5 007004002029038007
10 38135.5 007004002029038007 1.0618 007005002038038016
10 1.0618 007005002038038016 211243.0 007004002028050016
10 211243.0 007004002028050016 20916.9 007004001028050016
10 20916.9 007004001028050016 1.0618 007005002038038016
10 1.0618 007005002038038016 186285.260375 007004002028050025
10 186285.260375 007004002028050025 186285.260375 007004002028050025
10 186285.260375 007004002028050025 1.0618 007005002038038016
10 1.0618 007005002038038016 11798.3 007004002029050034
10 11798.3 007004002029050034 11621.1 007004002029026034
10 11621.1 007004002029026034 1.0618 007005002038038016
10 1.0618 007005002038038016 465730.3916 007004002045050026
10 465730.3916 007004002045050026 378838.0 007004002024050026
10 378838.0 007004002024050026 1.0618 007005002038038016
10 1.0618 007005002038038016 49.2239 007004002028038026
10 49.2239 007004002028038026 1.0618 007005002038038016
10 1.0618 007005002038038016 1.57386 007004000038046034
10 1.57386 007004000038046034 57.8812 007004001045038025
10 57.8812 007004001045038025 6.35021 060004001045038025
10 6.35021 060004001045038025 1.0618 007005002038038016
10 1.0618 007005002038038016 465730.3916 007004002045050026
10 465730.3916 007004002045050026 62.7331 094004002045050026
10 62.7331 094004002045050026 1.0618 007005002038038016
10 1.0618 007005002038038016 856052.0 007000002028038025
10 856052.0 007000002028038025 304188.0 007002002028038025
10 304188.0 007002002028038025 1.0618 007005002038038016
10 1.0618 007005002038038016 436445.0 007003002045038025
10 436445.0 007003002045038025 295067.0 007003002045038002
10 295067.0 007003002045038002 1.0618 007005002038038016
10 1.0618 007005002038038016 187777.385 007003002038038033
10 187777.385 007003002038038033 53.1791 007003002038003033
10 53.1791 007003002038003033 1.0618 007005002038038016
10 1.0618 007005002038038016 214121.0 060005000045050011
10 214121.0 060005000045050011 1.0618 007005002038038016
10 1.0618 007005002038038016 1.57386 007004000038046034
10 1.57386 007004000038046034 186285.260375 007004002028050025
10 186285.260375 007004002028050025 4.1397 007004002028029025
10 4.1397 007004002028029025 1.0618 007005002038038016
10 1.0618 007005002038038016 112004.4 007004002038050025
10 112004.4 007004002038050025 44.5273 007004002038021025
10 44.5273 007004002038021025 1.0618 007005002038038016
10 1.0618 007005002038038016 644.533 007000002028050033
10 644.533 007000002028050033 1.0618 007005002038038016
10 1.0618 007005002038038016 1.57386 007004000038046034
10 1.57386 007004000038046034 685102.0 007005002038038025
10 685102.0 007005002038038025 681214.0 007002002038038025
10 681214.0 007002002038038025 1.0618 007005002038038016
10 1.0618 007005002038038016 444294.0 007003002028038034
10 444294.0 007003002028038034 770.597 007001002028038034
10 770.597 007001002028038034 1.0618 007005002038038016
10 1.0618 007005002038038016 489.144 007003002045040033
10 489.144 007003002045040033 1.0618 007005002038038016
10 1.0618 007005002038038016 1.57386 007004000038046034
10 1.57386 007004000038046034 133218.4 007004000045038026
10 133218.4 007004000045038026 1780.5 007004000045038038
10 1780.5 007004000045038038 1.0618 007005002038038016
10 1.0618 007005002038038016 582034.0 007004002045021011
10 582034.0 007004002045021011 253440.0 007004002017021011
10 253440.0 007004002017021011 1.0618 007005002038038016
10 1.0618 007005002038038016 383233.0 007004000038050025
10 383233.0 007004000038050025 76.3137 007004000038012025
10 76.3137 007004000038012025 1.0618 007005002038038016
10 1.0618 007005002038038016 265433.25 007003000038050033
10 265433.25 007003000038050033 4976.76 007003000038007033
10 4976.76 007003000038007033 1.0618 007005002038038016
10 1.0618 007005002038038016 2173950.0 007003002042038033
10 2173950.0 007003002042038033 203618.0 007003002042038014
10 203618.0 007003002042038014 1.0618 007005002038038016
10 1.0618 007005002038038016 4148460.0 060004001028046025
10 4148460.0 060004001028046025 4116160.0 060004000028046025
10 4116160.0 060004000028046025 1.0618 007005002038038016
10 1.0618 007005002038038016 689297.0 007004002028046034
10 689297.0 007004002028046034 488497.0 033004002028046034
10 488497.0 033004002028046034 1.0618 007005002038038016
10 1.0618 007005002038038016 6916500.0 060001002042046016
10 6916500.0 060001002042046016 13069.9 060001000042046016
10 13069.9 060001000042046016 1.0618 007005002038038016
10 1.0618 007005002038038016 3203950.0 060004002042046025
10 3203950.0 060004002042046025 171362.0 060004002022046025
10 171362.0 060004002022046025 1.0618 007005002038038016
10 1.0618 007005002038038016 677687.0 007004001042050033
10 677687.0 007004001042050033 233507.0 084004001042050033
10 233507.0 084004001042050033 1.0618 007005002038038016
10 1.0618 007005002038038016 89.4254 007004002028040011
10 89.4254 007004002028040011 1.0618 007005002038038016
10 1.0618 007005002038038016 1.57386 007004000038046034
10 1.57386 007004000038046034 1677490.0 007004002028040033
10 1677490.0 007004002028040033 29012.6 007004002019040033
10 29012.6 007004002019040033 1.0618 007005002038038016
10 1.0618 007005002038038016 309735.0 007004002028038034
10 309735.0 007004002028038034 251613.0 007004002020038034
10 251613.0 007004002020038034 1.0618 007005002038038016
10 1.0618 007005002038038016 4480540.0 060004002042029025
10 4480540.0 060004002042029025 141.349 056004002042029025
10 141.349 056004002042029025 1.0618 007005002038038016
10 1.0618 007005002038038016 23273.6 007000002045038025
10 23273.6 007000002045038025 78.802 007000002045000025
10 78.802 007000002045000025 1.0618 007005002038038016
10 1.0618 007005002038038016 9799.77 007004002038029033
10 9799.77 007004002038029033 936.128 013004002038029033
10 936.128 013004002038029033 1.0618 007005002038038016
10 1.0618 007005002038038016 867408.6 013004002045050033
10 867408.6 013004002045050033 867408.6 013004002045050033
10 867408.6 013004002045050033 1.0618 007005002038038016
10 1.0618 007005002038038016 5109.8142 013004002028021025
10 5109.8142 013004002028021025 5109.8142 013004002028021025
10 5109.8142 013004002028021025 1.0618 007005002038038016
10 1.0618 007005002038038016 252065.75 007004001028050025
10 252065.75 007004001028050025 252065.75 007004001028050025
10 252065.75 007004001028050025 1.0618 007005002038038016
10 1.0618 007005002038038016 241092.02 007004002028050034
10 241092.02 007004002028050034 1201.95 007004002028050000
10 1201.95 007004002028050000 1.0618 007005002038038016
10 1.0618 007005002038038016 182127.0 007005002042038025
10 182127.0 007005002042038025 47224.3 007005002042038002
10 47224.3 007005002042038002 1.0618 007005002038038016
