Run Fitness1 Solution1 Fitness2 Solution2
1 422452000.0 010006001010000003 96.6178 010001001010000003
1 96.6178 010001001010000003 7.20659 014001000012009004
1 7.20659 014001000012009004 131.576 004000002004011002
1 131.576 004000002004011002 131.576 004000002004011002
1 131.576 004000002004011002 7.20659 014001000012009004
1 7.20659 014001000012009004 1589310000.0 011005001006005000
1 1589310000.0 011005001006005000 3634.11 011005000006005000
1 3634.11 011005000006005000 7.20659 014001000012009004
1 7.20659 014001000012009004 14429500000000.0 007006002009008001
1 14429500000000.0 007006002009008001 6662800000.0 007006002008008001
1 6662800000.0 007006002008008001 7.20659 014001000012009004
1 7.20659 014001000012009004 124656.0 007005001004007009
1 124656.0 007005001004007009 3305.78 007005001010007009
1 3305.78 007005001010007009 7.20659 014001000012009004
1 7.20659 014001000012009004 168100.0 005006000011007000
1 168100.0 005006000011007000 2472.97 005006000007007000
1 2472.97 005006000007007000 7.20659 014001000012009004
1 7.20659 014001000012009004 169482.0 012002001000006009
1 169482.0 012002001000006009 141299.0 012002001010006009
1 141299.0 012002001010006009 7.20659 014001000012009004
1 7.20659 014001000012009004 1568550000.0 012001001001011000
1 1568550000.0 012001001001011000 7523.91 012003001001011000
1 7523.91 012003001001011000 7.20659 014001000012009004
1 7.20659 014001000012009004 7634.915 005000000002007000
1 7634.915 005000000002007000 7634.915 005000000002007000
1 7634.915 005000000002007000 7.20659 014001000012009004
1 7.20659 014001000012009004 135.567 001002000006011001
1 135.567 001002000006011001 9.91468 002002000006011001
1 9.91468 002002000006011001 7.20659 014001000012009004
1 7.20659 014001000012009004 1375.01 003000000007000003
1 1375.01 003000000007000003 402.496 003000000005000003
1 402.496 003000000005000003 7.20659 014001000012009004
1 7.20659 014001000012009004 5595930000.0 014002001002003001
1 5595930000.0 014002001002003001 189726.0 014002002002003001
1 189726.0 014002002002003001 7.20659 014001000012009004
1 7.20659 014001000012009004 23810.0 003000000002009003
1 23810.0 003000000002009003 23810.0 003000000002009003
1 23810.0 003000000002009003 7.20659 014001000012009004
1 7.20659 014001000012009004 120.202 010000000006010004
1 120.202 010000000006010004 120.202 010000000006010004
1 120.202 010000000006010004 7.20659 014001000012009004
1 7.20659 014001000012009004 1460.14 001004002011011000
1 1460.14 001004002011011000 382.993 001004002011011006
1 382.993 001004002011011006 7.20659 014001000012009004
1 7.20659 014001000012009004 5590380000.0 010002002007005000
1 5590380000.0 010002002007005000 6832.32 010002001007005000
1 6832.32 010002001007005000 7.20659 014001000012009004
1 7.20659 014001000012009004 2197400000000.0 004004000006000001
1 2197400000000.0 004004000006000001 264593.0 004004000006000003
1 264593.0 004004000006000003 7.20659 014001000012009004
1 7.20659 014001000012009004 151.792 003004001001000002
1 151.792 003004001001000002 7.20659 014001000012009004
1 7.20659 014001000012009004 9.91468 002002000006011001
1 9.91468 002002000006011001 4225.97 014000000000000000
1 4225.97 014000000000000000 58.6939 014000000000000005
1 58.6939 014000000000000005 7.20659 014001000012009004
1 7.20659 014001000012009004 8698.37 002003001004000000
1 8698.37 002003001004000000 244.774 002001001004000000
1 244.774 002001001004000000 7.20659 014001000012009004
1 7.20659 014001000012009004 23.6961 011000000004000001
1 23.6961 011000000004000001 18.6426 004000000004000001
1 18.6426 004000000004000001 7.20659 014001000012009004
1 7.20659 014001000012009004 16.4158 001003001004000001
1 16.4158 001003001004000001 7.20659 014001000012009004
1 7.20659 014001000012009004 9.91468 002002000006011001
1 9.91468 002002000006011001 2106.87 014004001001009001
1 2106.87 014004001001009001 153.121 014004001001010001
1 153.121 014004001001010001 7.20659 014001000012009004
1 7.20659 014001000012009004 324891.0 005002002003010002
1 324891.0 005002002003010002 19319.4 005005002003010002
1 19319.4 005005002003010002 7.20659 014001000012009004
1 7.20659 014001000012009004 2489370000.0 010003002011003001
1 2489370000.0 010003002011003001 2526.33 010004002011003001
1 2526.33 010004002011003001 7.20659 014001000012009004
1 7.20659 014001000012009004 3124080000.0 010000002011006000
1 3124080000.0 010000002011006000 8919.84 010000002011007000
1 8919.84 010000002011007000 7.20659 014001000012009004
1 7.20659 014001000012009004 8144.84 013000002001011001
1 8144.84 013000002001011001 1514.45 013000002001007001
1 1514.45 013000002001007001 7.20659 014001000012009004
1 7.20659 014001000012009004 1850.12 010002000004000004
1 1850.12 010002000004000004 7.20659 014001000012009004
1 7.20659 014001000012009004 9.91468 002002000006011001
1 9.91468 002002000006011001 170.064 001001000001011001
1 170.064 001001000001011001 72.376 001001000001012001
1 72.376 001001000001012001 7.20659 014001000012009004
1 7.20659 014001000012009004 3324140000.0 014005002006003004
1 3324140000.0 014005002006003004 2112640.0 014005002006003007
1 2112640.0 014005002006003007 7.20659 014001000012009004
1 7.20659 014001000012009004 3808300000.0 014000002000011002
1 3808300000.0 014000002000011002 1480.14 014000002001011002
1 1480.14 014000002001011002 7.20659 014001000012009004
1 7.20659 014001000012009004 6646760000.0 003006000011000001
1 6646760000.0 003006000011000001 328.63 003000000011000001
1 328.63 003000000011000001 7.20659 014001000012009004
1 7.20659 014001000012009004 6927800000.0 014006002004009000
1 6927800000.0 014006002004009000 8839.9 014006002004011000
1 8839.9 014006002004011000 7.20659 014001000012009004
1 7.20659 014001000012009004 4368.38 013003002003003001
1 4368.38 013003002003003001 7.20659 014001000012009004
1 7.20659 014001000012009004 9.91468 002002000006011001
1 9.91468 002002000006011001 2507.03 002004000004000001
1 2507.03 002004000004000001 227.38 002004000000000001
1 227.38 002004000000000001 7.20659 014001000012009004
1 7.20659 014001000012009004 119.947 010000000001012004
1 119.947 010000000001012004 113.255 010000000000012004
1 113.255 010000000000012004 7.20659 014001000012009004
1 7.20659 014001000012009004 2434.21 010000000006000002
1 2434.21 010000000006000002 237.632 010000000011000002
1 237.632 010000000011000002 7.20659 014001000012009004
1 7.20659 014001000012009004 9924.35 005002000004000001
1 9924.35 005002000004000001 9195.4 005003000004000001
1 9195.4 005003000004000001 7.20659 014001000012009004
1 7.20659 014001000012009004 167499.9575 004001002005000001
1 167499.9575 004001002005000001 167499.9575 004001002005000001
1 167499.9575 004001002005000001 7.20659 014001000012009004
1 7.20659 014001000012009004 888928000.0 010002001011006001
1 888928000.0 010002001011006001 57.0546 010002000011006001
1 57.0546 010002000011006001 7.20659 014001000012009004
1 7.20659 014001000012009004 3223.08 002001000006006003
1 3223.08 002001000006006003 57.9406 005001000006006003
1 57.9406 005001000006006003 7.20659 014001000012009004
1 7.20659 014001000012009004 10236.6 001000000011010000
1 10236.6 001000000011010000 3529.07 001000000011010007
1 3529.07 001000000011010007 7.20659 014001000012009004
1 7.20659 014001000012009004 54.765 014000000011011004
1 54.765 014000000011011004 46.6167 002000000011011004
1 46.6167 002000000011011004 7.20659 014001000012009004
1 7.20659 014001000012009004 79.8839 001002002011000003
1 79.8839 001002002011000003 7.20659 014001000012009004
1 7.20659 014001000012009004 9.91468 002002000006011001
1 9.91468 002002000006011001 146.0941 010003000001011004
1 146.0941 010003000001011004 146.0941 010003000001011004
1 146.0941 010003000001011004 7.20659 014001000012009004
1 7.20659 014001000012009004 5059.345 006001000006012002
1 5059.345 006001000006012002 5059.345 006001000006012002
1 5059.345 006001000006012002 7.20659 014001000012009004
1 7.20659 014001000012009004 86.858 010001002011011001
1 86.858 010001002011011001 86.858 010001002011011001
1 86.858 010001002011011001 7.20659 014001000012009004
1 7.20659 014001000012009004 4599.65 001004002001000004
1 4599.65 001004002001000004 2016.24 001004001001000004
1 2016.24 001004001001000004 7.20659 014001000012009004
1 7.20659 014001000012009004 19.916 010001000001011001
1 19.916 010001000001011001 19.2099 010001000001011007
1 19.2099 010001000001011007 7.20659 014001000012009004
1 7.20659 014001000012009004 25.8118 001000000001000004
1 25.8118 001000000001000004 15.3261 001000000005000004
1 15.3261 001000000005000004 7.20659 014001000012009004
1 7.20659 014001000012009004 1045234033.0 010001001006000001
1 1045234033.0 010001001006000001 1045234033.0 010001001006000001
1 1045234033.0 010001001006000001 7.20659 014001000012009004
1 7.20659 014001000012009004 2486030000.0 007003000011000003
1 2486030000.0 007003000011000003 385430000.0 007003000011000005
1 385430000.0 007003000011000005 7.20659 014001000012009004
1 7.20659 014001000012009004 42.0267 004002000011000003
1 42.0267 004002000011000003 7.20659 014001000012009004
1 7.20659 014001000012009004 9.91468 002002000006011001
1 9.91468 002002000006011001 3564.96 002000000001006000
1 3564.96 002000000001006000 92.2519 002000000001010000
1 92.2519 002000000001010000 7.20659 014001000012009004
1 7.20659 014001000012009004 112.705 003003000010011001
1 112.705 003003000010011001 103.992 003006000010011001
1 103.992 003006000010011001 7.20659 014001000012009004
1 7.20659 014001000012009004 65.7632 005000000004011004
1 65.7632 005000000004011004 65.7632 005000000004011004
1 65.7632 005000000004011004 7.20659 014001000012009004
1 7.20659 014001000012009004 90.2275 010002001012007003
1 90.2275 010002001012007003 7.20659 014001000012009004
1 7.20659 014001000012009004 9.91468 002002000006011001
1 9.91468 002002000006011001 266.693 004000001011006004
1 266.693 004000001011006004 7.20659 014001000012009004
1 7.20659 014001000012009004 9.91468 002002000006011001
1 9.91468 002002000006011001 94198500.0 004006000004010004
1 94198500.0 004006000004010004 3865.41 004006000004010003
1 3865.41 004006000004010003 7.20659 014001000012009004
1 7.20659 014001000012009004 111.033 001000000011007001
1 111.033 001000000011007001 22.2752 015000000011007001
1 22.2752 015000000011007001 7.20659 014001000012009004
1 7.20659 014001000012009004 119.958 007002000001011001
1 119.958 007002000001011001 119.166 007002000001011005
1 119.166 007002000001011005 7.20659 014001000012009004
1 7.20659 014001000012009004 8225.41 002000000006011003
1 8225.41 002000000006011003 98.2293 002000000006011002
1 98.2293 002000000006011002 7.20659 014001000012009004
1 7.20659 014001000012009004 2409.11 005000000001000001
1 2409.11 005000000001000001 2293.19 005000000008000001
1 2293.19 005000000008000001 7.20659 014001000012009004
1 7.20659 014001000012009004 24311.8 004000000005010004
1 24311.8 004000000005010004 4052.57 004000000005000004
1 4052.57 004000000005000004 7.20659 014001000012009004
1 7.20659 014001000012009004 21692.7 010004000006011004
1 21692.7 010004000006011004 21692.7 010004000006011004
1 21692.7 010004000006011004 7.20659 014001000012009004
1 7.20659 014001000012009004 21.5335 001000000011000003
1 21.5335 001000000011000003 27.8969 001000000011000002
1 27.8969 001000000011000002 7.20659 014001000012009004
1 7.20659 014001000012009004 276.734 010001001001011003
1 276.734 010001001001011003 166.989 010000001001011003
1 166.989 010000001001011003 7.20659 014001000012009004
1 7.20659 014001000012009004 7097.92 002000000001010001
1 7097.92 002000000001010001 138.967 002004000001010001
1 138.967 002004000001010001 7.20659 014001000012009004
1 7.20659 014001000012009004 510.358 010003001006000004
1 510.358 010003001006000004 194.301 010003001007000004
1 194.301 010003001007000004 7.20659 014001000012009004
1 7.20659 014001000012009004 76.8377 010001000011000004
1 76.8377 010001000011000004 15.2543 010001000011002004
1 15.2543 010001000011002004 7.20659 014001000012009004
1 7.20659 014001000012009004 2550.38 010000001011002001
1 2550.38 010000001011002001 96.1616 012000001011002001
1 96.1616 012000001011002001 7.20659 014001000012009004
1 7.20659 014001000012009004 140.113 001000000000011004
1 140.113 001000000000011004 38.8141 019000000000011004
1 38.8141 019000000000011004 7.20659 014001000012009004
1 7.20659 014001000012009004 246599.0 005001000010007000
1 246599.0 005001000010007000 209.905 005001002010007000
1 209.905 005001002010007000 7.20659 014001000012009004
1 7.20659 014001000012009004 3500.37 001001000006007005
1 3500.37 001001000006007005 3287.51 001001000006007004
1 3287.51 001001000006007004 7.20659 014001000012009004
1 7.20659 014001000012009004 49.0908 002001000011011004
1 49.0908 002001000011011004 15.0147 002002000011011004
1 15.0147 002002000011011004 7.20659 014001000012009004
1 7.20659 014001000012009004 41683.0 010002000011010005
1 41683.0 010002000011010005 525.696 010002002011010005
1 525.696 010002002011010005 7.20659 014001000012009004
1 7.20659 014001000012009004 5944350000.0 002006001011000002
1 5944350000.0 002006001011000002 2097690000.0 019006001011000002
1 2097690000.0 019006001011000002 7.20659 014001000012009004
1 7.20659 014001000012009004 5910330.0 002003000010000004
1 5910330.0 002003000010000004 409145.0 002003000010004004
1 409145.0 002003000010004004 7.20659 014001000012009004
1 7.20659 014001000012009004 8646.13 019002001011011001
1 8646.13 019002001011011001 1004.94 019002001001011001
1 1004.94 019002001001011001 7.20659 014001000012009004
1 7.20659 014001000012009004 241138.0 019000000011000004
1 241138.0 019000000011000004 238580.0 019000000005000004
1 238580.0 019000000005000004 7.20659 014001000012009004
1 7.20659 014001000012009004 146.046 011000000003011004
1 146.046 011000000003011004 32.0267 011000000003011003
1 32.0267 011000000003011003 7.20659 014001000012009004
1 7.20659 014001000012009004 3572.23 001000000007011001
1 3572.23 001000000007011001 3572.23 001000000007011001
1 3572.23 001000000007011001 7.20659 014001000012009004
1 7.20659 014001000012009004 39144400.0 014006000003011004
1 39144400.0 014006000003011004 39144400.0 014006000003011004
1 39144400.0 014006000003011004 7.20659 014001000012009004
1 7.20659 014001000012009004 535.365 011000000009009007
1 535.365 011000000009009007 535.365 011000000009009007
1 535.365 011000000009009007 7.20659 014001000012009004
1 7.20659 014001000012009004 4323.08 014003000011006005
1 4323.08 014003000011006005 3691.35 014003000002006005
1 3691.35 014003000002006005 7.20659 014001000012009004
1 7.20659 014001000012009004 309.74 010004002006007001
1 309.74 010004002006007001 144.113 010004002006009001
1 144.113 010004002006009001 7.20659 014001000012009004
1 7.20659 014001000012009004 18145.4 001000000011012004
1 18145.4 001000000011012004 3656.89 001000000011012008
1 3656.89 001000000011012008 7.20659 014001000012009004
1 7.20659 014001000012009004 4490450000.0 005002000000002003
1 4490450000.0 005002000000002003 7398.32 002002000000002003
1 7398.32 002002000000002003 7.20659 014001000012009004
1 7.20659 014001000012009004 2610.94 012001000004011001
1 2610.94 012001000004011001 2610.94 012001000004011001
1 2610.94 012001000004011001 7.20659 014001000012009004
1 7.20659 014001000012009004 1031400000.0 014002000012002001
1 1031400000.0 014002000012002001 587864.0 014002000000002001
1 587864.0 014002000000002001 7.20659 014001000012009004
1 7.20659 014001000012009004 263.696 019000000011011002
1 263.696 019000000011011002 41.536 019000000011011004
1 41.536 019000000011011004 7.20659 014001000012009004
1 7.20659 014001000012009004 12.6685 004001000000010002
1 12.6685 004001000000010002 12.1372 019001000000010002
1 12.1372 019001000000010002 7.20659 014001000012009004
1 7.20659 014001000012009004 48580.2 014001000001010003
1 48580.2 014001000001010003 710.707 014001000001010007
1 710.707 014001000001010007 7.20659 014001000012009004
1 7.20659 014001000012009004 51.3705 010000000006009004
1 51.3705 010000000006009004 7.20659 014001000012009004
1 7.20659 014001000012009004 9.91468 002002000006011001
1 9.91468 002002000006011001 54.3351 014005000001011004
1 54.3351 014005000001011004 7.20659 014001000012009004
1 7.20659 014001000012009004 9.91468 002002000006011001
1 9.91468 002002000006011001 1250880000.0 019002000011000001
1 1250880000.0 019002000011000001 534891000.0 012002000011000001
1 534891000.0 012002000011000001 7.20659 014001000012009004
1 7.20659 014001000012009004 8607.14 010001001001000004
1 8607.14 010001001001000004 4734.9 010001002001000004
1 4734.9 010001002001000004 7.20659 014001000012009004
1 7.20659 014001000012009004 991354000000.0 010000002004000001
1 991354000000.0 010000002004000001 4344.17 010000002011000001
1 4344.17 010000002011000001 7.20659 014001000012009004
1 7.20659 014001000012009004 230195.0 004003000005011001
1 230195.0 004003000005011001 3554.48 004005000005011001
1 3554.48 004005000005011001 7.20659 014001000012009004
1 7.20659 014001000012009004 8757.81 015000000001000001
1 8757.81 015000000001000001 2262.38 015000000003000001
1 2262.38 015000000003000001 7.20659 014001000012009004
1 7.20659 014001000012009004 4187.48 014001001011011000
1 4187.48 014001001011011000 7.20659 014001000012009004
1 7.20659 014001000012009004 9.91468 002002000006011001
1 9.91468 002002000006011001 61.37 004000000001011004
1 61.37 004000000001011004 61.37 004000000001011004
1 61.37 004000000001011004 7.20659 014001000012009004
1 7.20659 014001000012009004 18340.3 019000000011007004
1 18340.3 019000000011007004 55.7599 019000000011007006
1 55.7599 019000000011007006 7.20659 014001000012009004
1 7.20659 014001000012009004 224123.0 001001002000009003
1 224123.0 001001002000009003 51.1085 001004002000009003
1 51.1085 001004002000009003 7.20659 014001000012009004
1 7.20659 014001000012009004 274284.0 002000000001000001
1 274284.0 002000000001000001 6533.86 010000000001000001
1 6533.86 010000000001000001 7.20659 014001000012009004
1 7.20659 014001000012009004 26905.1 019002000000000001
1 26905.1 019002000000000001 14032.9 009002000000000001
1 14032.9 009002000000000001 7.20659 014001000012009004
1 7.20659 014001000012009004 8756.62 004005001011011000
1 8756.62 004005001011011000 1084.64 004005000011011000
1 1084.64 004005000011011000 7.20659 014001000012009004
1 7.20659 014001000012009004 7457940.0 002003002000007001
1 7457940.0 002003002000007001 390.566 003003002000007001
1 390.566 003003002000007001 7.20659 014001000012009004
1 7.20659 014001000012009004 303668.0 001002000001002004
1 303668.0 001002000001002004 7.42835 001002000008002004
1 7.42835 001002000008002004 7.20659 014001000012009004
1 7.20659 014001000012009004 4349.77 002002002006012004
1 4349.77 002002002006012004 4080.64 002002002006011004
1 4080.64 002002002006011004 7.20659 014001000012009004
1 7.20659 014001000012009004 238.341 002000001004000004
1 238.341 002000001004000004 238.341 002000001004000004
1 238.341 002000001004000004 7.20659 014001000012009004
1 7.20659 014001000012009004 21.5335 001000000011000003
1 21.5335 001000000011000003 21.3849 001000000011000007
1 21.3849 001000000011000007 7.20659 014001000012009004
1 7.20659 014001000012009004 3035.31 001005000009000001
1 3035.31 001005000009000001 243.859 001005001009000001
1 243.859 001005001009000001 7.20659 014001000012009004
1 7.20659 014001000012009004 19778.3 014002000003010004
1 19778.3 014002000003010004 15954.0 014005000003010004
1 15954.0 014005000003010004 7.20659 014001000012009004
1 7.20659 014001000012009004 2339080000.0 014000001003011000
1 2339080000.0 014000001003011000 4849.16 002000001003011000
1 4849.16 002000001003011000 7.20659 014001000012009004
1 7.20659 014001000012009004 1465280000.0 019004002012002001
1 1465280000.0 019004002012002001 678706.0 004004002012002001
1 678706.0 004004002012002001 7.20659 014001000012009004
1 7.20659 014001000012009004 106.509 019000001011009007
1 106.509 019000001011009007 106.509 019000001011009007
1 106.509 019000001011009007 7.20659 014001000012009004
1 7.20659 014001000012009004 42.0267 004002000011000003
1 42.0267 004002000011000003 3601.14 004005000011000003
1 3601.14 004005000011000003 7.20659 014001000012009004
1 7.20659 014001000012009004 290616.0 001000000006000002
1 290616.0 001000000006000002 66.8905 001000000006000004
1 66.8905 001000000006000004 7.20659 014001000012009004
1 7.20659 014001000012009004 113.802 009002000006011007
1 113.802 009002000006011007 49.6793 009002000006011005
1 49.6793 009002000006011005 7.20659 014001000012009004
1 7.20659 014001000012009004 383074000.0 004000000000000001
1 383074000.0 004000000000000001 3556.88 004000000000003001
1 3556.88 004000000000003001 7.20659 014001000012009004
1 7.20659 014001000012009004 8665.41 006005000007000003
1 8665.41 006005000007000003 4287.66 015005000007000003
1 4287.66 015005000007000003 7.20659 014001000012009004
1 7.20659 014001000012009004 3692.74 005000002001000002
1 3692.74 005000002001000002 657.901 005000001001000002
1 657.901 005000001001000002 7.20659 014001000012009004
1 7.20659 014001000012009004 360.097 010005000006011003
1 360.097 010005000006011003 84.717 010005000006011007
1 84.717 010005000006011007 7.20659 014001000012009004
1 7.20659 014001000012009004 71.3118 010005000011011003
1 71.3118 010005000011011003 7.20659 014001000012009004
1 7.20659 014001000012009004 7.42835 001002000008002004
1 7.42835 001002000008002004 3588.25 004002000004010007
1 3588.25 004002000004010007 3496.99 004000000004010007
1 3496.99 004000000004010007 7.20659 014001000012009004
1 7.20659 014001000012009004 3740410000.0 010004000008000001
1 3740410000.0 010004000008000001 77.4909 010004000008000006
1 77.4909 010004000008000006 7.20659 014001000012009004
1 7.20659 014001000012009004 319893.0 004003000008009005
1 319893.0 004003000008009005 4777.23 004003002008009005
1 4777.23 004003002008009005 7.20659 014001000012009004
1 7.20659 014001000012009004 31039200.0 014001000012006001
1 31039200.0 014001000012006001 340770.0 014001000012006005
1 340770.0 014001000012006005 7.20659 014001000012009004
1 7.20659 014001000012009004 279.655 010001000001009004
1 279.655 010001000001009004 17.665 010001000001008004
1 17.665 010001000001008004 7.20659 014001000012009004
1 7.20659 014001000012009004 1059.73 010001000001006002
1 1059.73 010001000001006002 1059.73 010001000001006002
1 1059.73 010001000001006002 7.20659 014001000012009004
1 7.20659 014001000012009004 265035.0 002000000003002004
1 265035.0 002000000003002004 145.636 002000000003006004
1 145.636 002000000003006004 7.20659 014001000012009004
1 7.20659 014001000012009004 67.7442 010002001011009002
1 67.7442 010002001011009002 24.4101 010002001009009002
1 24.4101 010002001009009002 7.20659 014001000012009004
1 7.20659 014001000012009004 24431000000.0 011002000000000001
1 24431000000.0 011002000000000001 253782.0 004002000000000001
1 253782.0 004002000000000001 7.20659 014001000012009004
1 7.20659 014001000012009004 4559.52 002002000006000002
1 4559.52 002002000006000002 1932.84 002002001006000002
1 1932.84 002002001006000002 7.20659 014001000012009004
1 7.20659 014001000012009004 102.663 004000000011011001
1 102.663 004000000011011001 60.0587 004002000011011001
1 60.0587 004002000011011001 7.20659 014001000012009004
1 7.20659 014001000012009004 76611502318.445 010003001005000004
1 76611502318.445 010003001005000004 76611502318.445 010003001005000004
1 76611502318.445 010003001005000004 7.20659 014001000012009004
1 7.20659 014001000012009004 41694.7 019002000003011004
1 41694.7 019002000003011004 284.341 019003000003011004
1 284.341 019003000003011004 7.20659 014001000012009004
1 7.20659 014001000012009004 3532.81 011000000001011004
1 3532.81 011000000001011004 150.605 011000001001011004
1 150.605 011000001001011004 7.20659 014001000012009004
1 7.20659 014001000012009004 187317.0 001001001006000002
1 187317.0 001001001006000002 1660.71 001002001006000002
1 1660.71 001002001006000002 7.20659 014001000012009004
1 7.20659 014001000012009004 4057.83 010002000000007003
1 4057.83 010002000000007003 89.527 016002000000007003
1 89.527 016002000000007003 7.20659 014001000012009004
1 7.20659 014001000012009004 14981.2 015000000000010001
1 14981.2 015000000000010001 7202.55 015000000000007001
1 7202.55 015000000000007001 7.20659 014001000012009004
1 7.20659 014001000012009004 3609.61 009005000006007001
1 3609.61 009005000006007001 7.20659 014001000012009004
1 7.20659 014001000012009004 7.42835 001002000008002004
1 7.42835 001002000008002004 3521.34 001004000011006003
1 3521.34 001004000011006003 197.522 001004001011006003
1 197.522 001004001011006003 7.20659 014001000012009004
1 7.20659 014001000012009004 18746.7 005001000011011001
1 18746.7 005001000011011001 3358.64 005001000011011007
1 3358.64 005001000011011007 7.20659 014001000012009004
1 7.20659 014001000012009004 12.4897 001002000008011001
1 12.4897 001002000008011001 7.20659 014001000012009004
1 7.20659 014001000012009004 7.42835 001002000008002004
1 7.42835 001002000008002004 12.4897 001002000008011001
1 12.4897 001002000008011001 143.702 001006000008011001
1 143.702 001006000008011001 7.20659 014001000012009004
1 7.20659 014001000012009004 32283.1 010001000005011004
1 32283.1 010001000005011004 3387.74 010001000003011004
1 3387.74 010001000003011004 7.20659 014001000012009004
1 7.20659 014001000012009004 3475.06 004001000011010004
1 3475.06 004001000011010004 3326.21 004001000011010007
1 3326.21 004001000011010007 7.20659 014001000012009004
1 7.20659 014001000012009004 495021.0 009000000001000004
1 495021.0 009000000001000004 13977.8 009003000001000004
1 13977.8 009003000001000004 7.20659 014001000012009004
1 7.20659 014001000012009004 282427.0 010002001006000002
1 282427.0 010002001006000002 6927.2 010002001006009002
1 6927.2 010002001006009002 7.20659 014001000012009004
1 7.20659 014001000012009004 1132600000.0 019000001011002001
1 1132600000.0 019000001011002001 286443.0 019000001008002001
1 286443.0 019000001008002001 7.20659 014001000012009004
1 7.20659 014001000012009004 133538.255 004002000001000004
1 133538.255 004002000001000004 133538.255 004002000001000004
1 133538.255 004002000001000004 7.20659 014001000012009004
1 7.20659 014001000012009004 82.1729 010002000006010004
1 82.1729 010002000006010004 50.9188 010002000012010004
1 50.9188 010002000012010004 7.20659 014001000012009004
1 7.20659 014001000012009004 755384294.415 010001001003007002
1 755384294.415 010001001003007002 755384294.415 010001001003007002
1 755384294.415 010001001003007002 7.20659 014001000012009004
1 7.20659 014001000012009004 16101.5 001001000006012002
1 16101.5 001001000006012002 3422.57 001001000001012002
1 3422.57 001001000001012002 7.20659 014001000012009004
1 7.20659 014001000012009004 8660.89 014005000003011002
1 8660.89 014005000003011002 72.1039 014001000003011002
1 72.1039 014001000003011002 7.20659 014001000012009004
1 7.20659 014001000012009004 44009.7 001000000001009001
1 44009.7 001000000001009001 4287.93 001006000001009001
1 4287.93 001006000001009001 7.20659 014001000012009004
1 7.20659 014001000012009004 270025.0 001002000011000003
1 270025.0 001002000011000003 228.554 003002000011000003
1 228.554 003002000011000003 7.20659 014001000012009004
1 7.20659 014001000012009004 102.416 004002000008000004
1 102.416 004002000008000004 81.0568 004002000008000006
1 81.0568 004002000008000006 7.20659 014001000012009004
1 7.20659 014001000012009004 210398.0 001000000011000006
1 210398.0 001000000011000006 4360.66 001000000011000004
1 4360.66 001000000011000004 7.20659 014001000012009004
1 7.20659 014001000012009004 2646.04 014000001011009001
1 2646.04 014000001011009001 244.382 014000001011008001
1 244.382 014000001011008001 7.20659 014001000012009004
1 7.20659 014001000012009004 11170.9 019003001006011001
1 11170.9 019003001006011001 390.278 019001001006011001
1 390.278 019001001006011001 7.20659 014001000012009004
1 7.20659 014001000012009004 3361.34 010000000006010005
1 3361.34 010000000006010005 3361.34 010000000006010005
1 3361.34 010000000006010005 7.20659 014001000012009004
1 7.20659 014001000012009004 54.0286 004001000011011004
1 54.0286 004001000011011004 41.5222 005001000011011004
1 41.5222 005001000011011004 7.20659 014001000012009004
1 7.20659 014001000012009004 15155.4 005000000008011003
1 15155.4 005000000008011003 83.0593 005000001008011003
1 83.0593 005000001008011003 7.20659 014001000012009004
1 7.20659 014001000012009004 4356.76 001000000004000007
1 4356.76 001000000004000007 4304.47 001000000009000007
1 4304.47 001000000009000007 7.20659 014001000012009004
1 7.20659 014001000012009004 115.161 015002000001011001
1 115.161 015002000001011001 19.2858 015002000011011001
1 19.2858 015002000011011001 7.20659 014001000012009004
1 7.20659 014001000012009004 23189.0 001001000004007004
1 23189.0 001001000004007004 38.0752 001000000004007004
1 38.0752 001000000004007004 7.20659 014001000012009004
1 7.20659 014001000012009004 271905.0 005000000011000001
1 271905.0 005000000011000001 171.702 005000000011005001
1 171.702 005000000011005001 7.20659 014001000012009004
1 7.20659 014001000012009004 3506.68 005000000000010004
1 3506.68 005000000000010004 114.457 005000000010010004
1 114.457 005000000010010004 7.20659 014001000012009004
1 7.20659 014001000012009004 13446.3 007000000006011002
1 13446.3 007000000006011002 5130.84 005000000006011002
1 5130.84 005000000006011002 7.20659 014001000012009004
1 7.20659 014001000012009004 27687.5 019003000001011004
1 27687.5 019003000001011004 4171.63 019003000001007004
1 4171.63 019003000001007004 7.20659 014001000012009004
1 7.20659 014001000012009004 126.834 002002000011009003
1 126.834 002002000011009003 62.5381 015002000011009003
1 62.5381 015002000011009003 7.20659 014001000012009004
1 7.20659 014001000012009004 74.3189 011001000011010001
1 74.3189 011001000011010001 68.3258 011001000011010008
1 68.3258 011001000011010008 7.20659 014001000012009004
1 7.20659 014001000012009004 7043.36 004000000004002001
1 7043.36 004000000004002001 7043.36 004000000004002001
1 7043.36 004000000004002001 7.20659 014001000012009004
1 7.20659 014001000012009004 643.183 019000000004011002
1 643.183 019000000004011002 93.6098 019000000004011004
1 93.6098 019000000004011004 7.20659 014001000012009004
1 7.20659 014001000012009004 10411.9 019000000001002004
1 10411.9 019000000001002004 504.567 019000000001011004
1 504.567 019000000001011004 7.20659 014001000012009004
1 7.20659 014001000012009004 104.437 001000000004000003
1 104.437 001000000004000003 74.0177 001000000007000003
1 74.0177 001000000007000003 7.20659 014001000012009004
1 7.20659 014001000012009004 15716.9 019000000011007001
1 15716.9 019000000011007001 1554.9 019000000011005001
1 1554.9 019000000011005001 7.20659 014001000012009004
1 7.20659 014001000012009004 1082.71 014004000004011001
1 1082.71 014004000004011001 172.888 014004000012011001
1 172.888 014004000012011001 7.20659 014001000012009004
1 7.20659 014001000012009004 3381.8 010000000012011004
1 3381.8 010000000012011004 1750.37 010000001012011004
1 1750.37 010000001012011004 7.20659 014001000012009004
1 7.20659 014001000012009004 4026.3 001001001011011004
1 4026.3 001001001011011004 148.448 019001001011011004
1 148.448 019001001011011004 7.20659 014001000012009004
1 7.20659 014001000012009004 43.5972 010000000011000001
1 43.5972 010000000011000001 30.2072 010000000011002001
1 30.2072 010000000011002001 7.20659 014001000012009004
1 7.20659 014001000012009004 890160.0 019004000004009001
1 890160.0 019004000004009001 46.7904 019005000004009001
1 46.7904 019005000004009001 7.20659 014001000012009004
1 7.20659 014001000012009004 18.5149 007000001011000004
1 18.5149 007000001011000004 18.5149 007000001011000004
1 18.5149 007000001011000004 7.20659 014001000012009004
1 7.20659 014001000012009004 287.273 004001000004007002
1 287.273 004001000004007002 13.4852 004001000004012002
1 13.4852 004001000004012002 7.20659 014001000012009004
1 7.20659 014001000012009004 43066600000000.0 015001000011000001
1 43066600000000.0 015001000011000001 13708000000.0 015001000006000001
1 13708000000.0 015001000006000001 7.20659 014001000012009004
1 7.20659 014001000012009004 99.8828 001001000008007001
1 99.8828 001001000008007001 7.20659 014001000012009004
1 7.20659 014001000012009004 7.42835 001002000008002004
1 7.42835 001002000008002004 1939.474 002001000000011003
1 1939.474 002001000000011003 2424.24 002001000000002003
1 2424.24 002001000000002003 7.20659 014001000012009004
1 7.20659 014001000012009004 237.47 004000000006011001
1 237.47 004000000006011001 7.20659 014001000012009004
1 7.20659 014001000012009004 7.42835 001002000008002004
1 7.42835 001002000008002004 2787.24 007000000011000004
1 2787.24 007000000011000004 4.89481 007000000011000008
1 4.89481 007000000011000008 7.20659 014001000012009004
1 7.20659 014001000012009004 5451.72 004001000011000001
1 5451.72 004001000011000001 158.138 004001001011000001
1 158.138 004001001011000001 4.89481 007000000011000008
1 4.89481 007000000011000008 21347.157450000002 019001000011009004
1 21347.157450000002 019001000011009004 21347.157450000002 019001000011009004
1 21347.157450000002 019001000011009004 4.89481 007000000011000008
1 4.89481 007000000011000008 11550.7 002000002011010001
1 11550.7 002000002011010001 4782.9 002000001011010001
1 4782.9 002000001011010001 4.89481 007000000011000008
1 4.89481 007000000011000008 56.6185 004001000005011007
1 56.6185 004001000005011007 49.2279 008001000005011007
1 49.2279 008001000005011007 4.89481 007000000011000008
1 4.89481 007000000011000008 25287.9 007001000011011002
1 25287.9 007001000011011002 1182.19 007001000011011005
1 1182.19 007001000011011005 4.89481 007000000011000008
1 4.89481 007000000011000008 8.42576 014001000001011007
1 8.42576 014001000001011007 7.60958 014001000001011006
1 7.60958 014001000001011006 4.89481 007000000011000008
1 4.89481 007000000011000008 113.806 004000000011002001
1 113.806 004000000011002001 72.1471 003000000011002001
1 72.1471 003000000011002001 4.89481 007000000011000008
1 4.89481 007000000011000008 77.2282 008000000011011004
1 77.2282 008000000011011004 69.085 008000000007011004
1 69.085 008000000007011004 4.89481 007000000011000008
1 4.89481 007000000011000008 231361.0 004004000011000004
1 231361.0 004004000011000004 67.3539 004004000011000005
1 67.3539 004004000011000005 4.89481 007000000011000008
1 4.89481 007000000011000008 214.847 002000002011000004
1 214.847 002000002011000004 127.513 002000002011000006
1 127.513 002000002011000006 4.89481 007000000011000008
1 4.89481 007000000011000008 3656.79 001002000000011004
1 3656.79 001002000000011004 218.184 001002001000011004
1 218.184 001002001000011004 4.89481 007000000011000008
1 4.89481 007000000011000008 4327.06 001000000001011001
1 4327.06 001000000001011001 543.836 001000000001011002
1 543.836 001000000001011002 4.89481 007000000011000008
1 4.89481 007000000011000008 41.536 019000000011011004
1 41.536 019000000011011004 8.23028 011000000011011004
1 8.23028 011000000011011004 4.89481 007000000011000008
1 4.89481 007000000011000008 20.4743 002004000008011003
1 20.4743 002004000008011003 14.6421 002004000008005003
1 14.6421 002004000008005003 4.89481 007000000011000008
1 4.89481 007000000011000008 895905.0 015000000001000004
1 895905.0 015000000001000004 17137.2 015000000001010004
1 17137.2 015000000001010004 4.89481 007000000011000008
1 4.89481 007000000011000008 29.3541 001001000001011008
1 29.3541 001001000001011008 4.89481 007000000011000008
1 4.89481 007000000011000008 7.20659 014001000012009004
1 7.20659 014001000012009004 15588.2 007000000001007001
1 15588.2 007000000001007001 195.157 009000000001007001
1 195.157 009000000001007001 4.89481 007000000011000008
1 4.89481 007000000011000008 54.0286 004001000011011004
1 54.0286 004001000011011004 36.411 004001000011011003
1 36.411 004001000011011003 4.89481 007000000011000008
1 4.89481 007000000011000008 3568.04 004000000005011001
1 3568.04 004000000005011001 41.5732 004000000005011002
1 41.5732 004000000005011002 4.89481 007000000011000008
1 4.89481 007000000011000008 6058210.0 004002001005002003
1 6058210.0 004002001005002003 105899.0 004002001007002003
1 105899.0 004002001007002003 4.89481 007000000011000008
1 4.89481 007000000011000008 45351650000066.84 005002000008000001
1 45351650000066.84 005002000008000001 45351650000066.84 005002000008000001
1 45351650000066.84 005002000008000001 4.89481 007000000011000008
1 4.89481 007000000011000008 20999.2 005002000011012004
1 20999.2 005002000011012004 134.388 005003000011012004
1 134.388 005003000011012004 4.89481 007000000011000008
1 4.89481 007000000011000008 4406.52 010001000004002004
1 4406.52 010001000004002004 4321.84 010001000004002001
1 4321.84 010001000004002001 4.89481 007000000011000008
1 4.89481 007000000011000008 3252.68 011001000004011003
1 3252.68 011001000004011003 150.356 011001000006011003
1 150.356 011001000006011003 4.89481 007000000011000008
1 4.89481 007000000011000008 181.436 019000000011011001
1 181.436 019000000011011001 157.735 009000000011011001
1 157.735 009000000011011001 4.89481 007000000011000008
1 4.89481 007000000011000008 6435.39 010001000000009007
1 6435.39 010001000000009007 4111.54 010001002000009007
1 4111.54 010001002000009007 4.89481 007000000011000008
1 4.89481 007000000011000008 80888100.0 010001001011011001
1 80888100.0 010001001011011001 255261.0 010001001006011001
1 255261.0 010001001006011001 4.89481 007000000011000008
1 4.89481 007000000011000008 18904350000.0 019001000000000003
1 18904350000.0 019001000000000003 18904350000.0 019001000000000003
1 18904350000.0 019001000000000003 4.89481 007000000011000008
1 4.89481 007000000011000008 185018.0 010001001011000008
1 185018.0 010001001011000008 3949.94 010001002011000008
1 3949.94 010001002011000008 4.89481 007000000011000008
1 4.89481 007000000011000008 3618.08 002000000011011002
1 3618.08 002000000011011002 67.1295 002000000002011002
1 67.1295 002000000002011002 4.89481 007000000011000008
1 4.89481 007000000011000008 75.2894 014001000011002001
1 75.2894 014001000011002001 4.89481 007000000011000008
1 4.89481 007000000011000008 7.20659 014001000012009004
2 7.20659 014001000012009004 4378.53 013006002002011001
2 4378.53 013006002002011001 4378.53 013006002002011001
2 4378.53 013006002002011001 99.9576 002003001011003004
2 99.9576 002003001011003004 4390.28 014006001001011004
2 4390.28 014006001001011004 4390.28 014006001001011004
2 4390.28 014006001001011004 99.9576 002003001011003004
2 99.9576 002003001011003004 4574.09 013003002008011003
2 4574.09 013003002008011003 449.174 013003002008011007
2 449.174 013003002008011007 99.9576 002003001011003004
2 99.9576 002003001011003004 265379.0 013003002010007001
2 265379.0 013003002010007001 240946.0 001003002010007001
2 240946.0 001003002010007001 99.9576 002003001011003004
2 99.9576 002003001011003004 231188.0 005001001007008003
2 231188.0 005001001007008003 24.9016 004001001007008003
2 24.9016 004001001007008003 99.9576 002003001011003004
2 99.9576 002003001011003004 5635950000.0 020002002009011004
2 5635950000.0 020002002009011004 8876.71 020002002001011004
2 8876.71 020002002001011004 24.9016 004001001007008003
2 24.9016 004001001007008003 387.842 002002002004004002
2 387.842 002002002004004002 270.028 002005002004004002
2 270.028 002005002004004002 24.9016 004001001007008003
2 24.9016 004001001007008003 709535.0 006003001003001003
2 709535.0 006003001003001003 4031.97 006003001003006003
2 4031.97 006003001003006003 24.9016 004001001007008003
2 24.9016 004001001007008003 134.1973 004002000011011003
2 134.1973 004002000011011003 134.1973 004002000011011003
2 134.1973 004002000011011003 24.9016 004001001007008003
2 24.9016 004001001007008003 178.944 000003001004011000
2 178.944 000003001004011000 24.9016 004001001007008003
2 24.9016 004001001007008003 134.1973 004002000011011003
2 134.1973 004002000011011003 494192.0 004000001002006003
2 494192.0 004000001002006003 285428.0 004000001002006002
2 285428.0 004000001002006002 24.9016 004001001007008003
2 24.9016 004001001007008003 7045.39 012003000003001003
2 7045.39 012003000003001003 4731.53 012000000003001003
2 4731.53 012000000003001003 24.9016 004001001007008003
2 24.9016 004001001007008003 164.391 012005001003004003
2 164.391 012005001003004003 24.9016 004001001007008003
2 24.9016 004001001007008003 134.1973 004002000011011003
2 134.1973 004002000011011003 537582.0 004002001002011003
2 537582.0 004002001002011003 4264.08 004003001002011003
2 4264.08 004003001002011003 24.9016 004001001007008003
2 24.9016 004001001007008003 134.326 013003001001006003
2 134.326 013003001001006003 24.9016 004001001007008003
2 24.9016 004001001007008003 134.1973 004002000011011003
2 134.1973 004002000011011003 524318.0 013006000008004002
2 524318.0 013006000008004002 6040.29 013006000005004002
2 6040.29 013006000005004002 24.9016 004001001007008003
2 24.9016 004001001007008003 546032000000.0 012006001001005004
2 546032000000.0 012006001001005004 605335000.0 012000001001005004
2 605335000.0 012000001001005004 24.9016 004001001007008003
2 24.9016 004001001007008003 373717.0 009003001003005002
2 373717.0 009003001003005002 275176.0 009003001003000002
2 275176.0 009003001003000002 24.9016 004001001007008003
2 24.9016 004001001007008003 60891500.0 007003000003006003
2 60891500.0 007003000003006003 126.467 003003000003006003
2 126.467 003003000003006003 24.9016 004001001007008003
2 24.9016 004001001007008003 2569.59 011005001002004004
2 2569.59 011005001002004004 66.3682 011005001002004007
2 66.3682 011005001002004007 24.9016 004001001007008003
2 24.9016 004001001007008003 208890000000000.0 012003000001004001
2 208890000000000.0 012003000001004001 148.53 012004000001004001
2 148.53 012004000001004001 24.9016 004001001007008003
2 24.9016 004001001007008003 3400.78 012006001001006003
2 3400.78 012006001001006003 1546.76 012006001001006001
2 1546.76 012006001001006001 24.9016 004001001007008003
2 24.9016 004001001007008003 16.3355 004002001005006004
2 16.3355 004002001005006004 24.9016 004001001007008003
2 24.9016 004001001007008003 66.3682 011005001002004007
2 66.3682 011005001002004007 6982.19 012002002002010004
2 6982.19 012002002002010004 23.0676 012001002002010004
2 23.0676 012001002002010004 16.3355 004002001005006004
2 16.3355 004002001005006004 5582.03 011003002002000003
2 5582.03 011003002002000003 279.631 011003002002000007
2 279.631 011003002002000007 16.3355 004002001005006004
2 16.3355 004002001005006004 133.292 004002000001011004
2 133.292 004002000001011004 112.756 004002000001007004
2 112.756 004002000001007004 16.3355 004002001005006004
2 16.3355 004002001005006004 229090.0 011003001002004002
2 229090.0 011003001002004002 4237.53 011003001001004002
2 4237.53 011003001001004002 16.3355 004002001005006004
2 16.3355 004002001005006004 456750000.0 008003000011004002
2 456750000.0 008003000011004002 4282.74 008004000011004002
2 4282.74 008004000011004002 16.3355 004002001005006004
2 16.3355 004002001005006004 259.821 003003001005004003
2 259.821 003003001005004003 1863.65 003003001011004003
2 1863.65 003003001011004003 16.3355 004002001005006004
2 16.3355 004002001005006004 12902.4 002002000005011002
2 12902.4 002002000005011002 436.81 002002000005005002
2 436.81 002002000005005002 16.3355 004002001005006004
2 16.3355 004002001005006004 0.938647 000005001005011001
2 0.938647 000005001005011001 16.3355 004002001005006004
2 16.3355 004002001005006004 23.0676 012001002002010004
2 23.0676 012001002002010004 25.4394 001002000005007003
2 25.4394 001002000005007003 8.45768 001001000005007003
2 8.45768 001001000005007003 0.938647 000005001005011001
2 0.938647 000005001005011001 201265.0 003001001001004007
2 201265.0 003001001001004007 4381.5 003000001001004007
2 4381.5 003000001001004007 0.938647 000005001005011001
2 0.938647 000005001005011001 12.0185 001000002001010003
2 12.0185 001000002001010003 12.0185 001000002001010003
2 12.0185 001000002001010003 0.938647 000005001005011001
2 0.938647 000005001005011001 367173.0 003002002007006001
2 367173.0 003002002007006001 728.427 003002002007007001
2 728.427 003002002007007001 0.938647 000005001005011001
2 0.938647 000005001005011001 449.657 000001001001010003
2 449.657 000001001001010003 47.8553 000002001001010003
2 47.8553 000002001001010003 0.938647 000005001005011001
2 0.938647 000005001005011001 273775000.0 008004001003005003
2 273775000.0 008004001003005003 2293.16 008001001003005003
2 2293.16 008001001003005003 0.938647 000005001005011001
2 0.938647 000005001005011001 353409000.0 012004001003007004
2 353409000.0 012004001003007004 272697000.0 012005001003007004
2 272697000.0 012005001003007004 0.938647 000005001005011001
2 0.938647 000005001005011001 4379.09 004003000005010002
2 4379.09 004003000005010002 103.944 004004000005010002
2 103.944 004004000005010002 0.938647 000005001005011001
2 0.938647 000005001005011001 111.27 002002002002006003
2 111.27 002002002002006003 0.938647 000005001005011001
2 0.938647 000005001005011001 8.45768 001001000005007003
2 8.45768 001001000005007003 4623.08 000005001001006003
2 4623.08 000005001001006003 68.4793 000001001001006003
2 68.4793 000001001001006003 0.938647 000005001005011001
2 0.938647 000005001005011001 6847.03 012001000007004007
2 6847.03 012001000007004007 47.1674 012001000007004008
2 47.1674 012001000007004008 0.938647 000005001005011001
2 0.938647 000005001005011001 242.843 004002001006004003
2 242.843 004002001006004003 211.295 000002001006004003
2 211.295 000002001006004003 0.938647 000005001005011001
2 0.938647 000005001005011001 255.467 004002001011007001
2 255.467 004002001011007001 251.799 004002001011010001
2 251.799 004002001011010001 0.938647 000005001005011001
2 0.938647 000005001005011001 85.2551 000005000001004003
2 85.2551 000005000001004003 72.5392 000005000004004003
2 72.5392 000005000004004003 0.938647 000005001005011001
2 0.938647 000005001005011001 259.821 003003001005004003
2 259.821 003003001005004003 11.7286 003005001005004003
2 11.7286 003005001005004003 0.938647 000005001005011001
2 0.938647 000005001005011001 219796.0 011002000004000002
2 219796.0 011002000004000002 25475.5 011001000004000002
2 25475.5 011001000004000002 0.938647 000005001005011001
2 0.938647 000005001005011001 214287.0 001005001002004007
2 214287.0 001005001002004007 359.785 001005001002002007
2 359.785 001005001002002007 0.938647 000005001005011001
2 0.938647 000005001005011001 205.242 012005000006004001
2 205.242 012005000006004001 146.44 012005000006004000
2 146.44 012005000006004000 0.938647 000005001005011001
2 0.938647 000005001005011001 229789.0 004001001006007003
2 229789.0 004001001006007003 176.508 004001000006007003
2 176.508 004001000006007003 0.938647 000005001005011001
2 0.938647 000005001005011001 191.214 000001000006010003
2 191.214 000001000006010003 191.214 000001000006010003
2 191.214 000001000006010003 0.938647 000005001005011001
2 0.938647 000005001005011001 311453.0 004005002005011003
2 311453.0 004005002005011003 137.041 004005002000011003
2 137.041 004005002000011003 0.938647 000005001005011001
2 0.938647 000005001005011001 4838150.0 004005001004005002
2 4838150.0 004005001004005002 162.369 004005001004010002
2 162.369 004005001004010002 0.938647 000005001005011001
2 0.938647 000005001005011001 3330950000.0 012005001001004000
2 3330950000.0 012005001001004000 87706.4 012005001000004000
2 87706.4 012005001000004000 0.938647 000005001005011001
2 0.938647 000005001005011001 3549.41 003005000001004007
2 3549.41 003005000001004007 324.477 003001000001004007
2 324.477 003001000001004007 0.938647 000005001005011001
2 0.938647 000005001005011001 7.05717 000001001011006003
2 7.05717 000001001011006003 0.938647 000005001005011001
2 0.938647 000005001005011001 8.45768 001001000005007003
2 8.45768 001001000005007003 1390.17 002001001011011003
2 1390.17 002001001011011003 240.846 002001001004011003
2 240.846 002001001004011003 0.938647 000005001005011001
2 0.938647 000005001005011001 12252.9 001005001011007001
2 12252.9 001005001011007001 760.109 014005001011007001
2 760.109 014005001011007001 0.938647 000005001005011001
2 0.938647 000005001005011001 75955000.0 012003000003007004
2 75955000.0 012003000003007004 50618500.0 012003000001007004
2 50618500.0 012003000001007004 0.938647 000005001005011001
2 0.938647 000005001005011001 83.7868 000001000002004003
2 83.7868 000001000002004003 83.7868 000001000002004003
2 83.7868 000001000002004003 0.938647 000005001005011001
2 0.938647 000005001005011001 1258310000.0 001002000000006001
2 1258310000.0 001002000000006001 724197000.0 003002000000006001
2 724197000.0 003002000000006001 0.938647 000005001005011001
2 0.938647 000005001005011001 8872.65 012005000001000003
2 8872.65 012005000001000003 6966.0 012004000001000003
2 6966.0 012004000001000003 0.938647 000005001005011001
2 0.938647 000005001005011001 51632700.0 004005001001010002
2 51632700.0 004005001001010002 4185670.0 004005001000010002
2 4185670.0 004005001000010002 0.938647 000005001005011001
2 0.938647 000005001005011001 53.723349999999996 004000001001006003
2 53.723349999999996 004000001001006003 53.723349999999996 004000001001006003
2 53.723349999999996 004000001001006003 0.938647 000005001005011001
2 0.938647 000005001005011001 74304.7 012004000007006003
2 74304.7 012004000007006003 35391.6 012000000007006003
2 35391.6 012000000007006003 0.938647 000005001005011001
2 0.938647 000005001005011001 3475.75 000001000005006001
2 3475.75 000001000005006001 169.027 003001000005006001
2 169.027 003001000005006001 0.938647 000005001005011001
2 0.938647 000005001005011001 21.8181 003004001005004003
2 21.8181 003004001005004003 17.161 007004001005004003
2 17.161 007004001005004003 0.938647 000005001005011001
2 0.938647 000005001005011001 3540.9 012001000005006003
2 3540.9 012001000005006003 3540.9 012001000005006003
2 3540.9 012001000005006003 0.938647 000005001005011001
2 0.938647 000005001005011001 286.49 004004001007004001
2 286.49 004004001007004001 204.671 004001001007004001
2 204.671 004001001007004001 0.938647 000005001005011001
2 0.938647 000005001005011001 95676200.0 007005001005008003
2 95676200.0 007005001005008003 107.804 007004001005008003
2 107.804 007004001005008003 0.938647 000005001005011001
2 0.938647 000005001005011001 41927.869 012005001005004003
2 41927.869 012005001005004003 41927.869 012005001005004003
2 41927.869 012005001005004003 0.938647 000005001005011001
2 0.938647 000005001005011001 4258.02 000003001005006003
2 4258.02 000003001005006003 199.303 000000001005006003
2 199.303 000000001005006003 0.938647 000005001005011001
2 0.938647 000005001005011001 6774.73 004001000002004001
2 6774.73 004001000002004001 4734.78 004001000008004001
2 4734.78 004001000008004001 0.938647 000005001005011001
2 0.938647 000005001005011001 603.7239999999999 000002002004004003
2 603.7239999999999 000002002004004003 603.7239999999999 000002002004004003
2 603.7239999999999 000002002004004003 0.938647 000005001005011001
2 0.938647 000005001005011001 5196.34 004002000004006003
2 5196.34 004002000004006003 3295.18 004002000004006005
2 3295.18 004002000004006005 0.938647 000005001005011001
2 0.938647 000005001005011001 3743.91 000001000001004004
2 3743.91 000001000001004004 194.916 000001000001004005
2 194.916 000001000001004005 0.938647 000005001005011001
2 0.938647 000005001005011001 150.863 000002001011004003
2 150.863 000002001011004003 13.9064 000002001003004003
2 13.9064 000002001003004003 0.938647 000005001005011001
2 0.938647 000005001005011001 90.8102 000001001005007004
2 90.8102 000001001005007004 45.0755 000001001005007008
2 45.0755 000001001005007008 0.938647 000005001005011001
2 0.938647 000005001005011001 509.195 000002001005004000
2 509.195 000002001005004000 460.75 000004001005004000
2 460.75 000004001005004000 0.938647 000005001005011001
2 0.938647 000005001005011001 3722600.0 004002002005004003
2 3722600.0 004002002005004003 489172.0 006002002005004003
2 489172.0 006002002005004003 0.938647 000005001005011001
2 0.938647 000005001005011001 260495.0 003001002001004003
2 260495.0 003001002001004003 100.364 013001002001004003
2 100.364 013001002001004003 0.938647 000005001005011001
2 0.938647 000005001005011001 4333.73 007001001004004008
2 4333.73 007001001004004008 4020.14 007001002004004008
2 4020.14 007001002004004008 0.938647 000005001005011001
2 0.938647 000005001005011001 69.041 004001001000004004
2 69.041 004001001000004004 0.938647 000005001005011001
2 0.938647 000005001005011001 7.05717 000001001011006003
2 7.05717 000001001011006003 3557.31 001000000001011003
2 3557.31 001000000001011003 27.3039 015000000001011003
2 27.3039 015000000001011003 0.938647 000005001005011001
2 0.938647 000005001005011001 4087.95 001001001005006004
2 4087.95 001001001005006004 232.297 001001001005007004
2 232.297 001001001005007004 0.938647 000005001005011001
2 0.938647 000005001005011001 28643.2 001003001001006001
2 28643.2 001003001001006001 3749.11 001003001001006004
2 3749.11 001003001001006004 0.938647 000005001005011001
2 0.938647 000005001005011001 4472.02 001003000002006002
2 4472.02 001003000002006002 85.9955 001003000002009002
2 85.9955 001003000002009002 0.938647 000005001005011001
2 0.938647 000005001005011001 116.466 000003000002011004
2 116.466 000003000002011004 116.466 000003000002011004
2 116.466 000003000002011004 0.938647 000005001005011001
2 0.938647 000005001005011001 27684.1 002001000005006003
2 27684.1 002001000005006003 50.35 015001000005006003
2 50.35 015001000005006003 0.938647 000005001005011001
2 0.938647 000005001005011001 279.052 001002001001004003
2 279.052 001002001001004003 0.938647 000005001005011001
2 0.938647 000005001005011001 7.05717 000001001011006003
2 7.05717 000001001011006003 8896.0 001001002001004003
2 8896.0 001001002001004003 98.4993 001001002012004003
2 98.4993 001001002012004003 0.938647 000005001005011001
2 0.938647 000005001005011001 89.6496 004002000003004003
2 89.6496 004002000003004003 79.354 004002000007004003
2 79.354 004002000007004003 0.938647 000005001005011001
2 0.938647 000005001005011001 1216490000.0 011001001002006004
2 1216490000.0 011001001002006004 4488.03 001001001002006004
2 4488.03 001001001002006004 0.938647 000005001005011001
2 0.938647 000005001005011001 3483.02 001001000005011003
2 3483.02 001001000005011003 50.9419 001001000005009003
2 50.9419 001001000005009003 0.938647 000005001005011001
2 0.938647 000005001005011001 10337200000.0 012003000001004003
2 10337200000.0 012003000001004003 104957000.0 012003000001007003
2 104957000.0 012003000001007003 0.938647 000005001005011001
2 0.938647 000005001005011001 61.8035 001002000001011004
2 61.8035 001002000001011004 14.4883 001003000001011004
2 14.4883 001003000001011004 0.938647 000005001005011001
2 0.938647 000005001005011001 10223.0 003001001001004004
2 10223.0 003001001001004004 1910.86 003001001005004004
2 1910.86 003001001005004004 0.938647 000005001005011001
2 0.938647 000005001005011001 111036.3028 001001001005009003
2 111036.3028 001001001005009003 111036.3028 001001001005009003
2 111036.3028 001001001005009003 0.938647 000005001005011001
2 0.938647 000005001005011001 276.655 012001001002011003
2 276.655 012001001002011003 170.863 012001001003011003
2 170.863 012001001003011003 0.938647 000005001005011001
2 0.938647 000005001005011001 257.013 001004001003004003
2 257.013 001004001003004003 132.049 004004001003004003
2 132.049 004004001003004003 0.938647 000005001005011001
2 0.938647 000005001005011001 149.682 007001002005010004
2 149.682 007001002005010004 104.901 007001002005000004
2 104.901 007001002005000004 0.938647 000005001005011001
2 0.938647 000005001005011001 53.2008 015004000005004004
2 53.2008 015004000005004004 19.1138 016004000005004004
2 19.1138 016004000005004004 0.938647 000005001005011001
2 0.938647 000005001005011001 3687.66 002002000011010004
2 3687.66 002002000011010004 3669.1 002002000011010000
2 3669.1 002002000011010000 0.938647 000005001005011001
2 0.938647 000005001005011001 2520.0115 000002001005010004
2 2520.0115 000002001005010004 101.19 000002001005008004
2 101.19 000002001005008004 0.938647 000005001005011001
2 0.938647 000005001005011001 310.552 004002000003010003
2 310.552 004002000003010003 193.531 004002000003005003
2 193.531 004002000003005003 0.938647 000005001005011001
2 0.938647 000005001005011001 176672.0 007002001002005003
2 176672.0 007002001002005003 527.613 007002001002005007
2 527.613 007002001002005007 0.938647 000005001005011001
2 0.938647 000005001005011001 3007.02 004000002005006004
2 3007.02 004000002005006004 245.158 004000002005006001
2 245.158 004000002005006001 0.938647 000005001005011001
2 0.938647 000005001005011001 4020.86 001002000005003008
2 4020.86 001002000005003008 45.2531 001000000005003008
2 45.2531 001000000005003008 0.938647 000005001005011001
2 0.938647 000005001005011001 223.694 000001001002011008
2 223.694 000001001002011008 223.694 000001001002011008
2 223.694 000001001002011008 0.938647 000005001005011001
2 0.938647 000005001005011001 2126030000.0 015001001002004003
2 2126030000.0 015001001002004003 2859.86 015001001002008003
2 2859.86 015001001002008003 0.938647 000005001005011001
2 0.938647 000005001005011001 4507.12 000002002002004003
2 4507.12 000002002002004003 1334.63 000002002000004003
2 1334.63 000002002000004003 0.938647 000005001005011001
2 0.938647 000005001005011001 5458.165 004002001007006003
2 5458.165 004002001007006003 5458.165 004002001007006003
2 5458.165 004002001007006003 0.938647 000005001005011001
2 0.938647 000005001005011001 3333.64 000001000011006003
2 3333.64 000001000011006003 63.5705 000001000011008003
2 63.5705 000001000011008003 0.938647 000005001005011001
2 0.938647 000005001005011001 119.666 002000000005008003
2 119.666 002000000005008003 61.155 002000000010008003
2 61.155 002000000010008003 0.938647 000005001005011001
2 0.938647 000005001005011001 4669.07 001001000002006003
2 4669.07 001001000002006003 199.464 001001002002006003
2 199.464 001001002002006003 0.938647 000005001005011001
2 0.938647 000005001005011001 8294.92 004004001012006003
2 8294.92 004004001012006003 1903.24 004004002012006003
2 1903.24 004004002012006003 0.938647 000005001005011001
2 0.938647 000005001005011001 320.307 004005001005008003
2 320.307 004005001005008003 0.938647 000005001005011001
2 0.938647 000005001005011001 7.05717 000001001011006003
2 7.05717 000001001011006003 361.808 004002000011004003
2 361.808 004002000011004003 216.063 004002000011005003
2 216.063 004002000011005003 0.938647 000005001005011001
2 0.938647 000005001005011001 4220.75 000004001005007002
2 4220.75 000004001005007002 94.4652 000004001009007002
2 94.4652 000004001009007002 0.938647 000005001005011001
2 0.938647 000005001005011001 85.2642 000001001001007008
2 85.2642 000001001001007008 85.2642 000001001001007008
2 85.2642 000001001001007008 0.938647 000005001005011001
2 0.938647 000005001005011001 3347.82 000002000011009003
2 3347.82 000002000011009003 302.06 018002000011009003
2 302.06 018002000011009003 0.938647 000005001005011001
2 0.938647 000005001005011001 19.1973 003004000005004008
2 19.1973 003004000005004008 19.1973 003004000005004008
2 19.1973 003004000005004008 0.938647 000005001005011001
2 0.938647 000005001005011001 487.515 015005002010010004
2 487.515 015005002010010004 99.2849 015004002010010004
2 99.2849 015004002010010004 0.938647 000005001005011001
2 0.938647 000005001005011001 3337.49 015001000001006003
2 3337.49 015001000001006003 57.8846 018001000001006003
2 57.8846 018001000001006003 0.938647 000005001005011001
2 0.938647 000005001005011001 92.93365 000001000005008003
2 92.93365 000001000005008003 92.93365 000001000005008003
2 92.93365 000001000005008003 0.938647 000005001005011001
2 0.938647 000005001005011001 3867.19 007004000005003004
2 3867.19 007004000005003004 4.79622 007004000005003008
2 4.79622 007004000005003008 0.938647 000005001005011001
2 0.938647 000005001005011001 114.913 001001000002009004
2 114.913 001001000002009004 0.938647 000005001005011001
2 0.938647 000005001005011001 4.79622 007004000005003008
2 4.79622 007004000005003008 18.001 003002001001006008
2 18.001 003002001001006008 14.6262 018002001001006008
2 14.6262 018002001001006008 0.938647 000005001005011001
2 0.938647 000005001005011001 817.023 000005002005004003
2 817.023 000005002005004003 240.299 000005002005004004
2 240.299 000005002005004004 0.938647 000005001005011001
2 0.938647 000005001005011001 107.825 015002000005004003
2 107.825 015002000005004003 10.8285 015002000005010003
2 10.8285 015002000005010003 0.938647 000005001005011001
2 0.938647 000005001005011001 4753.1 003002000005004003
2 4753.1 003002000005004003 292.713 004002000005004003
2 292.713 004002000005004003 0.938647 000005001005011001
2 0.938647 000005001005011001 19.2561 001005001001006004
2 19.2561 001005001001006004 19.2561 001005001001006004
2 19.2561 001005001001006004 0.938647 000005001005011001
2 0.938647 000005001005011001 66.4796 007004000005004003
2 66.4796 007004000005004003 14.3571 007004000005004004
2 14.3571 007004000005004004 0.938647 000005001005011001
2 0.938647 000005001005011001 51.0495 002001000001007004
2 51.0495 002001000001007004 18.3401 002001000002007004
2 18.3401 002001000002007004 0.938647 000005001005011001
2 0.938647 000005001005011001 198668.0 001005002005004004
2 198668.0 001005002005004004 265.079 001000002005004004
2 265.079 001000002005004004 0.938647 000005001005011001
2 0.938647 000005001005011001 292.713 004002000005004003
2 292.713 004002000005004003 11991.9 004002000005011003
2 11991.9 004002000005011003 0.938647 000005001005011001
2 0.938647 000005001005011001 6233.58 003001001001006003
2 6233.58 003001001001006003 224.726 003001001001002003
2 224.726 003001001001002003 0.938647 000005001005011001
2 0.938647 000005001005011001 3412610000.0 012001001001003003
2 3412610000.0 012001001001003003 351.36 012001002001003003
2 351.36 012001002001003003 0.938647 000005001005011001
2 0.938647 000005001005011001 225.133 000002001005004004
2 225.133 000002001005004004 68.6359 000002001005004005
2 68.6359 000002001005004005 0.938647 000005001005011001
2 0.938647 000005001005011001 1946.93 002001001005004003
2 1946.93 002001001005004003 293.637 010001001005004003
2 293.637 010001001005004003 0.938647 000005001005011001
2 0.938647 000005001005011001 4191.73 018004001001006004
2 4191.73 018004001001006004 3647.24 018002001001006004
2 3647.24 018002001001006004 0.938647 000005001005011001
2 0.938647 000005001005011001 220814.0 011002000007007003
2 220814.0 011002000007007003 19046.4 011002000000007003
2 19046.4 011002000000007003 0.938647 000005001005011001
2 0.938647 000005001005011001 222564.0 011001001005008003
2 222564.0 011001001005008003 169.745 011001002005008003
2 169.745 011001002005008003 0.938647 000005001005011001
2 0.938647 000005001005011001 16811.4 001004000005007003
2 16811.4 001004000005007003 142.466 001004000002007003
2 142.466 001004000002007003 0.938647 000005001005011001
2 0.938647 000005001005011001 264675.0 004001000007004003
2 264675.0 004001000007004003 27477.3 004001002007004003
2 27477.3 004001002007004003 0.938647 000005001005011001
2 0.938647 000005001005011001 10.8285 015002000005010003
2 10.8285 015002000005010003 10.8285 015002000005010003
2 10.8285 015002000005010003 0.938647 000005001005011001
2 0.938647 000005001005011001 80.68055000000001 000004000007009008
2 80.68055000000001 000004000007009008 80.68055000000001 000004000007009008
2 80.68055000000001 000004000007009008 0.938647 000005001005011001
2 0.938647 000005001005011001 47.0347 015000000011010008
2 47.0347 015000000011010008 0.938647 000005001005011001
2 0.938647 000005001005011001 4.79622 007004000005003008
2 4.79622 007004000005003008 3507.93 000001000005004008
2 3507.93 000001000005004008 198.463 000005000005004008
2 198.463 000005000005004008 0.938647 000005001005011001
2 0.938647 000005001005011001 3743.1 002004000001006003
2 3743.1 002004000001006003 289.551 002004000006006003
2 289.551 002004000006006003 0.938647 000005001005011001
2 0.938647 000005001005011001 28968.8 016000000002004003
2 28968.8 016000000002004003 3884.02 008000000002004003
2 3884.02 008000000002004003 0.938647 000005001005011001
2 0.938647 000005001005011001 141.563 004003000007006004
2 141.563 004003000007006004 85.5011 004003000007001004
2 85.5011 004003000007001004 0.938647 000005001005011001
2 0.938647 000005001005011001 4573.71 000001001005010003
2 4573.71 000001001005010003 4573.71 000001001005010003
2 4573.71 000001001005010003 0.938647 000005001005011001
2 0.938647 000005001005011001 1164.46 003005000002006004
2 1164.46 003005000002006004 157.614 003005000011006004
2 157.614 003005000011006004 0.938647 000005001005011001
2 0.938647 000005001005011001 324.655 004004000005010008
2 324.655 004004000005010008 108.589 004004000005008008
2 108.589 004004000005008008 0.938647 000005001005011001
2 0.938647 000005001005011001 421196.0 003000001007006003
2 421196.0 003000001007006003 243447.0 003006001007006003
2 243447.0 003006001007006003 0.938647 000005001005011001
2 0.938647 000005001005011001 3319.35725 016001000005004003
2 3319.35725 016001000005004003 3319.35725 016001000005004003
2 3319.35725 016001000005004003 0.938647 000005001005011001
2 0.938647 000005001005011001 28.7379 000004000005004003
2 28.7379 000004000005004003 18.2419 000004000005010003
2 18.2419 000004000005010003 0.938647 000005001005011001
2 0.938647 000005001005011001 2520.0115 000002001005010004
2 2520.0115 000002001005010004 114.731 000002001005010003
2 114.731 000002001005010003 0.938647 000005001005011001
2 0.938647 000005001005011001 194.848 015004002005004003
2 194.848 015004002005004003 0.938647 000005001005011001
2 0.938647 000005001005011001 4.79622 007004000005003008
2 4.79622 007004000005003008 75.5807 001004001001004008
2 75.5807 001004001001004008 0.938647 000005001005011001
2 0.938647 000005001005011001 4.79622 007004000005003008
2 4.79622 007004000005003008 8.66446 000005000007004003
2 8.66446 000005000007004003 0.938647 000005001005011001
2 0.938647 000005001005011001 4.79622 007004000005003008
2 4.79622 007004000005003008 4117.45 001005001007006003
2 4117.45 001005001007006003 308.999 001005001009006003
2 308.999 001005001009006003 0.938647 000005001005011001
2 0.938647 000005001005011001 3090.59 007002000005011008
2 3090.59 007002000005011008 275.129 007002001005011008
2 275.129 007002001005011008 0.938647 000005001005011001
2 0.938647 000005001005011001 11.0396 001001001005008003
2 11.0396 001001001005008003 0.938647 000005001005011001
2 0.938647 000005001005011001 4.79622 007004000005003008
2 4.79622 007004000005003008 5572.45 001004001005007003
2 5572.45 001004001005007003 197.714 007004001005007003
2 197.714 007004001005007003 0.938647 000005001005011001
2 0.938647 000005001005011001 86.8093 004004000001004003
2 86.8093 004004000001004003 60.0279 005004000001004003
2 60.0279 005004000001004003 0.938647 000005001005011001
2 0.938647 000005001005011001 66.6098 000005000005006007
2 66.6098 000005000005006007 60.5078 000005000004006007
2 60.5078 000005000004006007 0.938647 000005001005011001
2 0.938647 000005001005011001 31280.6 016000000005008008
2 31280.6 016000000005008008 172.062 016001000005008008
2 172.062 016001000005008008 0.938647 000005001005011001
2 0.938647 000005001005011001 58143.8 015001000005004003
2 58143.8 015001000005004003 58143.8 015001000005004003
2 58143.8 015001000005004003 0.938647 000005001005011001
2 0.938647 000005001005011001 194.653 016001000010006003
2 194.653 016001000010006003 96.2129 016001000003006003
2 96.2129 016001000003006003 0.938647 000005001005011001
2 0.938647 000005001005011001 242993.0 007001001005010004
2 242993.0 007001001005010004 4060.02 007001001005010007
2 4060.02 007001001005010007 0.938647 000005001005011001
3 0.938647 000005001005011001 795.618 003002000010003001
3 795.618 003002000010003001 244.126 003002000010009001
3 244.126 003002000010009001 26.3486 002005002006007001
3 26.3486 002005002006007001 145314.0 001006000000003001
3 145314.0 001006000000003001 2563.49 001005000000003001
3 2563.49 001005000000003001 26.3486 002005002006007001
3 26.3486 002005002006007001 1033130000.0 008001002008002002
3 1033130000.0 008001002008002002 263098.0 014001002008002002
3 263098.0 014001002008002002 26.3486 002005002006007001
3 26.3486 002005002006007001 169.82 006003002006011002
3 169.82 006003002006011002 158.918 008003002006011002
3 158.918 008003002006011002 26.3486 002005002006007001
3 26.3486 002005002006007001 26926600.0 006003000002006004
3 26926600.0 006003000002006004 260918.0 009003000002006004
3 260918.0 009003000002006004 26.3486 002005002006007001
3 26.3486 002005002006007001 2360970000.0 011003002012003002
3 2360970000.0 011003002012003002 5334.2 011003002012003001
3 5334.2 011003002012003001 26.3486 002005002006007001
3 26.3486 002005002006007001 3613.35 008000000009003001
3 3613.35 008000000009003001 21.953 008000000009004001
3 21.953 008000000009004001 26.3486 002005002006007001
3 26.3486 002005002006007001 1575980000.0 013001001002003000
3 1575980000.0 013001001002003000 5104.98 013000001002003000
3 5104.98 013000001002003000 21.953 008000000009004001
3 21.953 008000000009004001 8640.18 008003002010003003
3 8640.18 008003002010003003 21.5887 004003002010003003
3 21.5887 004003002010003003 21.953 008000000009004001
3 21.953 008000000009004001 183059.0 010005002002010009
3 183059.0 010005002002010009 3768.52 010005002003010009
3 3768.52 010005002003010009 21.5887 004003002010003003
3 21.5887 004003002010003003 61.51305 005002000008003003
3 61.51305 005002000008003003 61.51305 005002000008003003
3 61.51305 005002000008003003 21.5887 004003002010003003
3 21.5887 004003002010003003 159374000.0 004002002000004003
3 159374000.0 004002002000004003 4420.14 004002002011004003
3 4420.14 004002002011004003 21.5887 004003002010003003
3 21.5887 004003002010003003 132069.4 013002002002011004
3 132069.4 013002002002011004 132069.4 013002002002011004
3 132069.4 013002002002011004 21.5887 004003002010003003
3 21.5887 004003002010003003 390.175 002003001002008000
3 390.175 002003001002008000 307.754 002003002002008000
3 307.754 002003002002008000 21.5887 004003002010003003
3 21.5887 004003002010003003 221.018 001002002002006004
3 221.018 001002002002006004 21.5887 004003002010003003
3 21.5887 004003002010003003 21.953 008000000009004001
3 21.953 008000000009004001 255544.0 013001002002010003
3 255544.0 013001002002010003 6381.69 013000002002010003
3 6381.69 013000002002010003 21.5887 004003002010003003
3 21.5887 004003002010003003 4392.0 001003001008003001
3 4392.0 001003001008003001 2288.09 001003001008003005
3 2288.09 001003001008003005 21.5887 004003002010003003
3 21.5887 004003002010003003 45197.2 010000000002008003
3 45197.2 010000000002008003 24148.3 010001000002008003
3 24148.3 010001000002008003 21.5887 004003002010003003
3 21.5887 004003002010003003 1565.61 011002001001003003
3 1565.61 011002001001003003 909.9 011002001001003009
3 909.9 011002001001003009 21.5887 004003002010003003
3 21.5887 004003002010003003 2290.3799999999997 008000001005003000
3 2290.3799999999997 008000001005003000 2290.3799999999997 008000001005003000
3 2290.3799999999997 008000001005003000 21.5887 004003002010003003
3 21.5887 004003002010003003 3745.18 007000001008003009
3 3745.18 007000001008003009 3360.86 007003001008003009
3 3360.86 007003001008003009 21.5887 004003002010003003
3 21.5887 004003002010003003 4209.07 011003000008003004
3 4209.07 011003000008003004 2221.43 011003000001003004
3 2221.43 011003000001003004 21.5887 004003002010003003
3 21.5887 004003002010003003 619652000.0 013003000009005002
3 619652000.0 013003000009005002 21165.9 013003002009005002
3 21165.9 013003002009005002 21.5887 004003002010003003
3 21.5887 004003002010003003 8803.3 003003002010003000
3 8803.3 003003002010003000 4487.39 003003002002003000
3 4487.39 003003002002003000 21.5887 004003002010003003
3 21.5887 004003002010003003 3836.81 005000000005001000
3 3836.81 005000000005001000 21.5887 004003002010003003
3 21.5887 004003002010003003 21.953 008000000009004001
3 21.953 008000000009004001 693845000.0 007003001008004000
3 693845000.0 007003001008004000 7717.71 007003001008011000
3 7717.71 007003001008011000 21.5887 004003002010003003
3 21.5887 004003002010003003 152.746 011000000002003000
3 152.746 011000000002003000 120.966 011000000002001000
3 120.966 011000000002001000 21.5887 004003002010003003
3 21.5887 004003002010003003 140.094 011000000001006004
3 140.094 011000000001006004 21.5887 004003002010003003
3 21.5887 004003002010003003 21.953 008000000009004001
3 21.953 008000000009004001 11252.5 003000002001012001
3 11252.5 003000002001012001 2094.63 003000002000012001
3 2094.63 003000002000012001 21.5887 004003002010003003
3 21.5887 004003002010003003 3289.98 011000000002010003
3 3289.98 011000000002010003 3269.38 011000000002008003
3 3269.38 011000000002008003 21.5887 004003002010003003
3 21.5887 004003002010003003 338553.0 001000001009002002
3 338553.0 001000001009002002 15.8998 001000001009002007
3 15.8998 001000001009002007 21.5887 004003002010003003
3 21.5887 004003002010003003 5949330000.0 011002002009002001
3 5949330000.0 011002002009002001 7286.13 011002002010002001
3 7286.13 011002002010002001 15.8998 001000001009002007
3 15.8998 001000001009002007 11.2212 002005002009003000
3 11.2212 002005002009003000 15.8998 001000001009002007
3 15.8998 001000001009002007 21.5887 004003002010003003
3 21.5887 004003002010003003 21707.9 011000000001008004
3 21707.9 011000000001008004 429.353 011000000002008004
3 429.353 011000000002008004 11.2212 002005002009003000
3 11.2212 002005002009003000 7452.35 004003000000001004
3 7452.35 004003000000001004 149.014 004005000000001004
3 149.014 004005000000001004 11.2212 002005002009003000
3 11.2212 002005002009003000 98606000000.0 007000002002003000
3 98606000000.0 007000002002003000 937580000.0 007001002002003000
3 937580000.0 007001002002003000 11.2212 002005002009003000
3 11.2212 002005002009003000 6326.75 011003001001008003
3 6326.75 011003001001008003 4481.82 011003001001006003
3 4481.82 011003001001006003 11.2212 002005002009003000
3 11.2212 002005002009003000 14.8213 008000000012007003
3 14.8213 008000000012007003 11.2212 002005002009003000
3 11.2212 002005002009003000 15.8998 001000001009002007
3 15.8998 001000001009002007 5796.51 002000001009006000
3 5796.51 002000001009006000 4874.34 002000001009009000
3 4874.34 002000001009009000 11.2212 002005002009003000
3 11.2212 002005002009003000 144.602 002000000006003000
3 144.602 002000000006003000 16.6564 004000000006003000
3 16.6564 004000000006003000 11.2212 002005002009003000
3 11.2212 002005002009003000 2260.94 004000002006007003
3 2260.94 004000002006007003 80.2916 004000002006009003
3 80.2916 004000002006009003 11.2212 002005002009003000
3 11.2212 002005002009003000 2135.55 002000000001003000
3 2135.55 002000000001003000 11.2212 002005002009003000
3 11.2212 002005002009003000 14.8213 008000000012007003
3 14.8213 008000000012007003 3427.92 001000000010008004
3 3427.92 001000000010008004 104.104 001001000010008004
3 104.104 001001000010008004 11.2212 002005002009003000
3 11.2212 002005002009003000 9.38678 001000000006008004
3 9.38678 001000000006008004 11.2212 002005002009003000
3 11.2212 002005002009003000 14.8213 008000000012007003
3 14.8213 008000000012007003 55878000000000.0 002003000008003000
3 55878000000000.0 002003000008003000 8495.13 002003000008004000
3 8495.13 002003000008004000 9.38678 001000000006008004
3 9.38678 001000000006008004 3475.9 008003002005003003
3 3475.9 008003002005003003 128.35 008005002005003003
3 128.35 008005002005003003 9.38678 001000000006008004
3 9.38678 001000000006008004 210435.0 011000000005003001
3 210435.0 011000000005003001 2041.29 011000000003003001
3 2041.29 011000000003003001 9.38678 001000000006008004
3 9.38678 001000000006008004 18.686 004000000010008003
3 18.686 004000000010008003 9.38678 001000000006008004
3 9.38678 001000000006008004 11.2212 002005002009003000
3 11.2212 002005002009003000 2703800000.0 011005001000001003
3 2703800000.0 011005001000001003 2683.14 011005001003001003
3 2683.14 011005001003001003 9.38678 001000000006008004
3 9.38678 001000000006008004 62.6141 001000001001012000
3 62.6141 001000001001012000 18.2279 001000001002012000
3 18.2279 001000001002012000 9.38678 001000000006008004
3 9.38678 001000000006008004 3515.85 004000000002002000
3 3515.85 004000000002002000 107.098 004000000002009000
3 107.098 004000000002009000 9.38678 001000000006008004
3 9.38678 001000000006008004 128.774 006002000002003004
3 128.774 006002000002003004 119.053 006002000002009004
3 119.053 006002000002009004 9.38678 001000000006008004
3 9.38678 001000000006008004 266658.0 001000000009001000
3 266658.0 001000000009001000 280.71 001000000009001005
3 280.71 001000000009001005 9.38678 001000000006008004
3 9.38678 001000000006008004 23366.6 004000000001008001
3 23366.6 004000000001008001 4063.11 002000000001008001
3 4063.11 002000000001008001 9.38678 001000000006008004
3 9.38678 001000000006008004 179.884 002005002010003003
3 179.884 002005002010003003 9.38678 001000000006008004
3 9.38678 001000000006008004 11.2212 002005002009003000
3 11.2212 002005002009003000 592.472 004000001003003000
3 592.472 004000001003003000 144.113 004000001003003005
3 144.113 004000001003003005 9.38678 001000000006008004
3 9.38678 001000000006008004 3822.67 004000000006008000
3 3822.67 004000000006008000 3375.05 004000000006008004
3 3375.05 004000000006008004 9.38678 001000000006008004
3 9.38678 001000000006008004 4775.75 001002001002004001
3 4775.75 001002001002004001 4120.77 001002001002004007
3 4120.77 001002001002004007 9.38678 001000000006008004
3 9.38678 001000000006008004 1729.70915 004005000009007004
3 1729.70915 004005000009007004 1729.70915 004005000009007004
3 1729.70915 004005000009007004 9.38678 001000000006008004
3 9.38678 001000000006008004 381.002 004002000010004001
3 381.002 004002000010004001 46.103 013002000010004001
3 46.103 013002000010004001 9.38678 001000000006008004
3 9.38678 001000000006008004 1762.59 002000000001007004
3 1762.59 002000000001007004 1118.63 002002000001007004
3 1118.63 002002000001007004 9.38678 001000000006008004
3 9.38678 001000000006008004 4388.27 006003000010003004
3 4388.27 006003000010003004 169.956 006003000010003003
3 169.956 006003000010003003 9.38678 001000000006008004
3 9.38678 001000000006008004 3794.82 011000000009004003
3 3794.82 011000000009004003 3487.75 011000000009004004
3 3487.75 011000000009004004 9.38678 001000000006008004
3 9.38678 001000000006008004 3778.92 013000000008006005
3 3778.92 013000000008006005 3170.52 013001000008006005
3 3170.52 013001000008006005 9.38678 001000000006008004
3 9.38678 001000000006008004 3226.47 006000000012011004
3 3226.47 006000000012011004 261.796 006000001012011004
3 261.796 006000001012011004 9.38678 001000000006008004
3 9.38678 001000000006008004 22.1408 008003000012012003
3 22.1408 008003000012012003 9.38678 001000000006008004
3 9.38678 001000000006008004 11.2212 002005002009003000
3 11.2212 002005002009003000 25.5262 001000000009012004
3 25.5262 001000000009012004 19.1058 001000000003012004
3 19.1058 001000000003012004 9.38678 001000000006008004
3 9.38678 001000000006008004 3410.04 011000000009007003
3 3410.04 011000000009007003 2129.62 011000002009007003
3 2129.62 011000002009007003 9.38678 001000000006008004
3 9.38678 001000000006008004 5.7204 001000000010012001
3 5.7204 001000000010012001 9.38678 001000000006008004
3 9.38678 001000000006008004 11.2212 002005002009003000
3 11.2212 002005002009003000 182700.4085 002000001009006004
3 182700.4085 002000001009006004 182700.4085 002000001009006004
3 182700.4085 002000001009006004 5.7204 001000000010012001
3 5.7204 001000000010012001 5901.71 008000002006009005
3 5901.71 008000002006009005 128.316 008000000006009005
3 128.316 008000000006009005 5.7204 001000000010012001
3 5.7204 001000000010012001 4158.7 006004000003003004
3 4158.7 006004000003003004 81.5602 006004000003011004
3 81.5602 006004000003011004 5.7204 001000000010012001
3 5.7204 001000000010012001 3538.42 004005000006011003
3 3538.42 004005000006011003 3478.59 004005000006011005
3 3478.59 004005000006011005 5.7204 001000000010012001
3 5.7204 001000000010012001 339493.0 001005002012012004
3 339493.0 001005002012012004 246547.0 001005002012001004
3 246547.0 001005002012001004 5.7204 001000000010012001
3 5.7204 001000000010012001 51.0666 001005000010009003
3 51.0666 001005000010009003 37.1506 001005000010009000
3 37.1506 001005000010009000 5.7204 001000000010012001
3 5.7204 001000000010012001 12402.1 004005000009008009
3 12402.1 004005000009008009 3519.95 004005000009008003
3 3519.95 004005000009008003 5.7204 001000000010012001
3 5.7204 001000000010012001 398.01500000000004 011002000006010003
3 398.01500000000004 011002000006010003 398.01500000000004 011002000006010003
3 398.01500000000004 011002000006010003 5.7204 001000000010012001
3 5.7204 001000000010012001 3981.56 001000001009012004
3 3981.56 001000001009012004 463.583 001000001005012004
3 463.583 001000001005012004 5.7204 001000000010012001
3 5.7204 001000000010012001 1310900000.0 001005000002002000
3 1310900000.0 001005000002002000 3973.83 001004000002002000
3 3973.83 001004000002002000 5.7204 001000000010012001
3 5.7204 001000000010012001 16716200.0 004005000002003001
3 16716200.0 004005000002003001 54990.0 008005000002003001
3 54990.0 008005000002003001 5.7204 001000000010012001
3 5.7204 001000000010012001 46.7974 004000000006007000
3 46.7974 004000000006007000 31.5078 004000000007007000
3 31.5078 004000000007007000 5.7204 001000000010012001
3 5.7204 001000000010012001 405.971 001000000010007000
3 405.971 001000000010007000 46.6382 001000000010007002
3 46.6382 001000000010007002 5.7204 001000000010012001
3 5.7204 001000000010012001 1754.54 002005000010011003
3 1754.54 002005000010011003 194.357 002005001010011003
3 194.357 002005001010011003 5.7204 001000000010012001
3 5.7204 001000000010012001 5648.74 013002002010001004
3 5648.74 013002002010001004 5086.0 013002000010001004
3 5086.0 013002000010001004 5.7204 001000000010012001
3 5.7204 001000000010012001 2447.67 002000002012009003
3 2447.67 002000002012009003 738.216 010000002012009003
3 738.216 010000002012009003 5.7204 001000000010012001
3 5.7204 001000000010012001 226126.0 011003000005010003
3 226126.0 011003000005010003 617.418 011003000001010003
3 617.418 011003000001010003 5.7204 001000000010012001
3 5.7204 001000000010012001 480767000.0 011000002001007004
3 480767000.0 011000002001007004 11.2137 011000000001007004
3 11.2137 011000000001007004 5.7204 001000000010012001
3 5.7204 001000000010012001 3686.15 001000000000012004
3 3686.15 001000000000012004 3441.97 001000000000012006
3 3441.97 001000000000012006 5.7204 001000000010012001
3 5.7204 001000000010012001 7528.14 002000000010003001
3 7528.14 002000000010003001 4268.44 002000000010002001
3 4268.44 002000000010002001 5.7204 001000000010012001
3 5.7204 001000000010012001 7009.62 011000000009003003
3 7009.62 011000000009003003 3335.95 009000000009003003
3 3335.95 009000000009003003 5.7204 001000000010012001
3 5.7204 001000000010012001 2509340000.0 004003000010007000
3 2509340000.0 004003000010007000 389057000.0 004003000010007001
3 389057000.0 004003000010007001 5.7204 001000000010012001
3 5.7204 001000000010012001 116.226 005000000010003001
3 116.226 005000000010003001 16.7674 005000000010003004
3 16.7674 005000000010003004 5.7204 001000000010012001
3 5.7204 001000000010012001 65.885 004000000003012001
3 65.885 004000000003012001 23.7304 004000000003007001
3 23.7304 004000000003007001 5.7204 001000000010012001
3 5.7204 001000000010012001 180.25 011000000012009009
3 180.25 011000000012009009 41.0628 011000002012009009
3 41.0628 011000002012009009 5.7204 001000000010012001
3 5.7204 001000000010012001 104627.0 004002002006008003
3 104627.0 004002002006008003 2209.22 004000002006008003
3 2209.22 004000002006008003 5.7204 001000000010012001
3 5.7204 001000000010012001 5045.46 001000001006012000
3 5045.46 001000001006012000 126.435 001003001006012000
3 126.435 001003001006012000 5.7204 001000000010012001
3 5.7204 001000000010012001 1730.33 001000000001007000
3 1730.33 001000000001007000 65.3445 001000000001006000
3 65.3445 001000000001006000 5.7204 001000000010012001
3 5.7204 001000000010012001 21189.1 005000000010009004
3 21189.1 005000000010009004 4378.9 005000001010009004
3 4378.9 005000001010009004 5.7204 001000000010012001
3 5.7204 001000000010012001 87.5966 003000000002012004
3 87.5966 003000000002012004 12.4225 003000000002002004
3 12.4225 003000000002002004 5.7204 001000000010012001
3 5.7204 001000000010012001 59.7618 003000000003007003
3 59.7618 003000000003007003 47.3617 003000000004007003
3 47.3617 003000000004007003 5.7204 001000000010012001
3 5.7204 001000000010012001 4536.03 004005002010007003
3 4536.03 004005002010007003 206.133 004004002010007003
3 206.133 004004002010007003 5.7204 001000000010012001
3 5.7204 001000000010012001 306.216 001005000010012000
3 306.216 001005000010012000 289.981 001005000010006000
3 289.981 001005000010006000 5.7204 001000000010012001
3 5.7204 001000000010012001 3310.09 001000000012012004
3 3310.09 001000000012012004 3550.27 001000002012012004
3 3550.27 001000002012012004 5.7204 001000000010012001
3 5.7204 001000000010012001 3617.5 001005000010012004
3 3617.5 001005000010012004 2384.65 001005000010012007
3 2384.65 001005000010012007 5.7204 001000000010012001
3 5.7204 001000000010012001 14549.5 002000000002012003
3 14549.5 002000000002012003 3406.63 002000000010012003
3 3406.63 002000000010012003 5.7204 001000000010012001
3 5.7204 001000000010012001 136.845 004003000006003003
3 136.845 004003000006003003 108.598 004003000006011003
3 108.598 004003000006011003 5.7204 001000000010012001
3 5.7204 001000000010012001 723.287 004000000002012000
3 723.287 004000000002012000 723.287 004000000002012000
3 723.287 004000000002012000 5.7204 001000000010012001
3 5.7204 001000000010012001 2365.06 001000000008008009
3 2365.06 001000000008008009 81.172 001000000008008008
3 81.172 001000000008008008 5.7204 001000000010012001
3 5.7204 001000000010012001 337.531 004000002007008003
3 337.531 004000002007008003 5.7204 001000000010012001
3 5.7204 001000000010012001 9.38678 001000000006008004
3 9.38678 001000000006008004 68.3132 001000000009008004
3 68.3132 001000000009008004 65.3326 001000000004008004
3 65.3326 001000000004008004 5.7204 001000000010012001
3 5.7204 001000000010012001 3499.46 004000000006003009
3 3499.46 004000000006003009 18.9589 004002000006003009
3 18.9589 004002000006003009 5.7204 001000000010012001
3 5.7204 001000000010012001 1810460000.0 008001000004008000
3 1810460000.0 008001000004008000 52136400.0 008001000004009000
3 52136400.0 008001000004009000 5.7204 001000000010012001
3 5.7204 001000000010012001 17941.7 001000000001010003
3 17941.7 001000000001010003 57.2731 006000000001010003
3 57.2731 006000000001010003 5.7204 001000000010012001
3 5.7204 001000000010012001 4310.29 001000000006003003
3 4310.29 001000000006003003 2030.34 001000000007003003
3 2030.34 001000000007003003 5.7204 001000000010012001
3 5.7204 001000000010012001 767.802 008002000010008000
3 767.802 008002000010008000 190.797 008002000010005000
3 190.797 008002000010005000 5.7204 001000000010012001
3 5.7204 001000000010012001 2041.29 011000000003003001
3 2041.29 011000000003003001 18061.7 011003000003003001
3 18061.7 011003000003003001 5.7204 001000000010012001
3 5.7204 001000000010012001 4251.83 008000000010008003
3 4251.83 008000000010008003 135.588 008000000010011003
3 135.588 008000000010011003 5.7204 001000000010012001
3 5.7204 001000000010012001 21.1845 001005002002012004
3 21.1845 001005002002012004 5.7204 001000000010012001
3 5.7204 001000000010012001 9.38678 001000000006008004
3 9.38678 001000000006008004 41.4674 002000000009007003
3 41.4674 002000000009007003 26.4444 002000000009009003
3 26.4444 002000000009009003 5.7204 001000000010012001
3 5.7204 001000000010012001 1822.9347 001000000002010004
3 1822.9347 001000000002010004 1822.9347 001000000002010004
3 1822.9347 001000000002010004 5.7204 001000000010012001
3 5.7204 001000000010012001 7031.99 003000000006006004
3 7031.99 003000000006006004 3481.66 002000000006006004
3 3481.66 002000000006006004 5.7204 001000000010012001
3 5.7204 001000000010012001 5479.16 001000001012003003
3 5479.16 001000001012003003 4152.51 001005001012003003
3 4152.51 001005001012003003 5.7204 001000000010012001
3 5.7204 001000000010012001 101.152 013000000003012007
3 101.152 013000000003012007 39.8816 013000000003012003
3 39.8816 013000000003012003 5.7204 001000000010012001
3 5.7204 001000000010012001 243.528 001003000009007004
3 243.528 001003000009007004 5.7204 001000000010012001
3 5.7204 001000000010012001 9.38678 001000000006008004
3 9.38678 001000000006008004 13.6201 001000000003004008
3 13.6201 001000000003004008 5.48407 003000000003004008
3 5.48407 003000000003004008 5.7204 001000000010012001
3 5.7204 001000000010012001 89.9711 001000000001007003
3 89.9711 001000000001007003 89.9711 001000000001007003
3 89.9711 001000000001007003 5.48407 003000000003004008
3 5.48407 003000000003004008 4564.0 002002000012003002
3 4564.0 002002000012003002 467.629 002002000003003002
3 467.629 002002000003003002 5.48407 003000000003004008
3 5.48407 003000000003004008 58.4772 004000000001012007
3 58.4772 004000000001012007 16.4745 004000000001008007
3 16.4745 004000000001008007 5.48407 003000000003004008
3 5.48407 003000000003004008 4532.77 001000002012008003
3 4532.77 001000002012008003 338.117 000000002012008003
3 338.117 000000002012008003 5.48407 003000000003004008
3 5.48407 003000000003004008 22.1153 001000000003002000
3 22.1153 001000000003002000 17.972 001000000003002006
3 17.972 001000000003002006 5.48407 003000000003004008
3 5.48407 003000000003004008 114358.0 008000000007007009
3 114358.0 008000000007007009 3650.39 008000002007007009
3 3650.39 008000002007007009 5.48407 003000000003004008
3 5.48407 003000000003004008 3578.75 001000000010002000
3 3578.75 001000000010002000 97.8776 001004000010002000
3 97.8776 001004000010002000 5.48407 003000000003004008
3 5.48407 003000000003004008 8644.5 003000000001007003
3 8644.5 003000000001007003 3598.76 003003000001007003
3 3598.76 003003000001007003 5.48407 003000000003004008
3 5.48407 003000000003004008 4509.25 011005000010004000
3 4509.25 011005000010004000 5.48407 003000000003004008
3 5.48407 003000000003004008 5.7204 001000000010012001
3 5.7204 001000000010012001 144.159 001000000006003001
3 144.159 001000000006003001 91.2611 001000000006002001
3 91.2611 001000000006002001 5.48407 003000000003004008
3 5.48407 003000000003004008 7086.12 005000000001007003
3 7086.12 005000000001007003 256.966 005000000001007005
3 256.966 005000000001007005 5.48407 003000000003004008
3 5.48407 003000000003004008 103.056 004000000008008000
3 103.056 004000000008008000 41.306 004000000008001000
3 41.306 004000000008001000 5.48407 003000000003004008
3 5.48407 003000000003004008 57.1841 004005000001004004
3 57.1841 004005000001004004 15.8137 004005000001011004
3 15.8137 004005000001011004 5.48407 003000000003004008
3 5.48407 003000000003004008 11750.8 004005000002012003
3 11750.8 004005000002012003 85.1075 004001000002012003
3 85.1075 004001000002012003 5.48407 003000000003004008
3 5.48407 003000000003004008 813663112.0 003002000001004001
3 813663112.0 003002000001004001 813663112.0 003002000001004001
3 813663112.0 003002000001004001 5.48407 003000000003004008
3 5.48407 003000000003004008 3521.88 004000000001002003
3 3521.88 004000000001002003 664.192 004004000001002003
3 664.192 004004000001002003 5.48407 003000000003004008
3 5.48407 003000000003004008 3582.74 005000000009008000
3 3582.74 005000000009008000 2270.18 005000001009008000
3 2270.18 005000001009008000 5.48407 003000000003004008
3 5.48407 003000000003004008 207.01 003000000009007007
3 207.01 003000000009007007 27.2602 003000000009010007
3 27.2602 003000000009010007 5.48407 003000000003004008
3 5.48407 003000000003004008 11.1177 005005000012007003
3 11.1177 005005000012007003 5.48407 003000000003004008
3 5.48407 003000000003004008 5.7204 001000000010012001
3 5.7204 001000000010012001 66.2786 001000000012008001
3 66.2786 001000000012008001 5.48407 003000000003004008
3 5.48407 003000000003004008 5.7204 001000000010012001
3 5.7204 001000000010012001 3506.39 004005000010011004
3 3506.39 004005000010011004 3207.1 004005000005011004
3 3207.1 004005000005011004 5.48407 003000000003004008
3 5.48407 003000000003004008 3494.85 001000000009012000
3 3494.85 001000000009012000 208.049 001000001009012000
3 208.049 001000001009012000 5.48407 003000000003004008
3 5.48407 003000000003004008 223.593 013000000004004009
3 223.593 013000000004004009 46.3402 013000000007004009
3 46.3402 013000000007004009 5.48407 003000000003004008
3 5.48407 003000000003004008 125.306 004003000002007003
3 125.306 004003000002007003 57.8852 004000000002007003
3 57.8852 004000000002007003 5.48407 003000000003004008
3 5.48407 003000000003004008 238.711 004000000003007000
3 238.711 004000000003007000 435.396 004000001003007000
3 435.396 004000001003007000 5.48407 003000000003004008
3 5.48407 003000000003004008 118.046 002005000001003003
3 118.046 002005000001003003 11.4694 002005000001005003
3 11.4694 002005000001005003 5.48407 003000000003004008
3 5.48407 003000000003004008 150.954 005005000006004000
3 150.954 005005000006004000 78.1927 005005000004004000
3 78.1927 005005000004004000 5.48407 003000000003004008
3 5.48407 003000000003004008 125.348 002000000007003003
3 125.348 002000000007003003 48.4045 002000000007009003
3 48.4045 002000000007009003 5.48407 003000000003004008
3 5.48407 003000000003004008 67.1528 004003000004009003
3 67.1528 004003000004009003 18.3597 004003000004010003
3 18.3597 004003000004010003 5.48407 003000000003004008
3 5.48407 003000000003004008 47.8627 003005000009007009
3 47.8627 003005000009007009 5.48407 003000000003004008
3 5.48407 003000000003004008 5.7204 001000000010012001
3 5.7204 001000000010012001 5843.4 001000000003002001
3 5843.4 001000000003002001 143.807 007000000003002001
3 143.807 007000000003002001 5.48407 003000000003004008
3 5.48407 003000000003004008 67.5905 003000000006002000
3 67.5905 003000000006002000 45.1156 003000000006001000
3 45.1156 003000000006001000 5.48407 003000000003004008
3 5.48407 003000000003004008 133.127 003000000010009001
3 133.127 003000000010009001 44.3328 003000000010004001
3 44.3328 003000000010004001 5.48407 003000000003004008
3 5.48407 003000000003004008 11.5384 004000000012009004
3 11.5384 004000000012009004 5.48407 003000000003004008
3 5.48407 003000000003004008 5.7204 001000000010012001
4 5.7204 001000000010012001 113.417 003003002011001009
4 113.417 003003002011001009 113.417 003003002011001009
4 113.417 003003002011001009 67.1542 013000000012007003
4 67.1542 013000000012007003 2368350000.0 012006001006001004
4 2368350000.0 012006001006001004 6545.15 012006001006001003
4 6545.15 012006001006001003 67.1542 013000000012007003
4 67.1542 013000000012007003 8259.13 004001002006009002
4 8259.13 004001002006009002 374.424 004000002006009002
4 374.424 004000002006009002 67.1542 013000000012007003
4 67.1542 013000000012007003 83926.8 002002001006006001
4 83926.8 002002001006006001 4834.43 005002001006006001
4 4834.43 005002001006006001 67.1542 013000000012007003
4 67.1542 013000000012007003 2950.2 004000002006008002
4 2950.2 004000002006008002 2209.22 004000002006008003
4 2209.22 004000002006008003 67.1542 013000000012007003
4 67.1542 013000000012007003 8932.23 004000002011005003
4 8932.23 004000002011005003 275.513 004000001011005003
4 275.513 004000001011005003 67.1542 013000000012007003
4 67.1542 013000000012007003 2508.49 013003002006006003
4 2508.49 013003002006006003 671.644 013003000006006003
4 671.644 013003000006006003 67.1542 013000000012007003
4 67.1542 013000000012007003 166852000.0 009005002006011001
4 166852000.0 009005002006011001 8955.07 019005002006011001
4 8955.07 019005002006011001 67.1542 013000000012007003
4 67.1542 013000000012007003 5126.16 008000001006009004
4 5126.16 008000001006009004 294.126 000000001006009004
4 294.126 000000001006009004 67.1542 013000000012007003
4 67.1542 013000000012007003 23662.3 004003000010011001
4 23662.3 004003000010011001 17200.6 004003000010011000
4 17200.6 004003000010011000 67.1542 013000000012007003
4 67.1542 013000000012007003 4253.29 004005001006009003
4 4253.29 004005001006009003 2305.55 010005001006009003
4 2305.55 010005001006009003 67.1542 013000000012007003
4 67.1542 013000000012007003 1937160000.0 014005002006008002
4 1937160000.0 014005002006008002 157896.0 014002002006008002
4 157896.0 014002002006008002 67.1542 013000000012007003
4 67.1542 013000000012007003 3296130.0 004006000011009003
4 3296130.0 004006000011009003 237.035 004006000009009003
4 237.035 004006000009009003 67.1542 013000000012007003
4 67.1542 013000000012007003 5775.01 004005002006002001
4 5775.01 004005002006002001 4528.59 003005002006002001
4 4528.59 003005002006002001 67.1542 013000000012007003
4 67.1542 013000000012007003 42692.2 019003001010006004
4 42692.2 019003001010006004 131.836 001003001010006004
4 131.836 001003001010006004 67.1542 013000000012007003
4 67.1542 013000000012007003 279.798 001004002012009004
4 279.798 001004002012009004 112.939 001004002012009006
4 112.939 001004002012009006 67.1542 013000000012007003
4 67.1542 013000000012007003 1688.16 002001002005009002
4 1688.16 002001002005009002 465.83 009001002005009002
4 465.83 009001002005009002 67.1542 013000000012007003
4 67.1542 013000000012007003 4274.89 005003001006011003
4 4274.89 005003001006011003 319.383 005003001006010003
4 319.383 005003001006010003 67.1542 013000000012007003
4 67.1542 013000000012007003 1706080000.0 010002001006005002
4 1706080000.0 010002001006005002 142136.0 010002001006003002
4 142136.0 010002001006003002 67.1542 013000000012007003
4 67.1542 013000000012007003 684.852 014002000006001003
4 684.852 014002000006001003 87.3009 014002000006001004
4 87.3009 014002000006001004 67.1542 013000000012007003
4 67.1542 013000000012007003 742746000.0 011003000006009002
4 742746000.0 011003000006009002 8038.48 016003000006009002
4 8038.48 016003000006009002 67.1542 013000000012007003
4 67.1542 013000000012007003 121.892 011005001011010003
4 121.892 011005001011010003 67.1542 013000000012007003
4 67.1542 013000000012007003 75.2264 004000000002006000
4 75.2264 004000000002006000 131552000.0 005000002006004003
4 131552000.0 005000002006004003 109881000.0 005005002006004003
4 109881000.0 005005002006004003 67.1542 013000000012007003
4 67.1542 013000000012007003 316.669 003000002006009003
4 316.669 003000002006009003 88.0863 003000002006011003
4 88.0863 003000002006011003 67.1542 013000000012007003
4 67.1542 013000000012007003 1802.67 020000000006004003
4 1802.67 020000000006004003 215.075 020000000006004006
4 215.075 020000000006004006 67.1542 013000000012007003
4 67.1542 013000000012007003 14135300000000.0 004006001006000001
4 14135300000000.0 004006001006000001 3004420000.0 004006000006000001
4 3004420000.0 004006000006000001 67.1542 013000000012007003
4 67.1542 013000000012007003 231799000.0 003003002006000003
4 231799000.0 003003002006000003 1094350.0 003003002006004003
4 1094350.0 003003002006004003 67.1542 013000000012007003
4 67.1542 013000000012007003 579.616 001005000006006001
4 579.616 001005000006006001 67.1542 013000000012007003
4 67.1542 013000000012007003 75.2264 004000000002006000
4 75.2264 004000000002006000 9663.91 004005002002009003
4 9663.91 004005002002009003 3555.01 004005001002009003
4 3555.01 004005001002009003 67.1542 013000000012007003
4 67.1542 013000000012007003 2524615990.105 020005002006001003
4 2524615990.105 020005002006001003 2524615990.105 020005002006001003
4 2524615990.105 020005002006001003 67.1542 013000000012007003
4 67.1542 013000000012007003 17572700.0 010004002005007003
4 17572700.0 010004002005007003 107.185 010004000005007003
4 107.185 010004000005007003 67.1542 013000000012007003
4 67.1542 013000000012007003 230680.0 008000000010001004
4 230680.0 008000000010001004 4219.69 008000000010001003
4 4219.69 008000000010001003 67.1542 013000000012007003
4 67.1542 013000000012007003 170111.0 009003002006009003
4 170111.0 009003002006009003 2775.58 009003002006009005
4 2775.58 009003002006009005 67.1542 013000000012007003
4 67.1542 013000000012007003 190727.0 001002000006002004
4 190727.0 001002000006002004 30.4385 001002001006002004
4 30.4385 001002001006002004 67.1542 013000000012007003
4 67.1542 013000000012007003 8487.51 004003002006009004
4 8487.51 004003002006009004 214.773 004003000006009004
4 214.773 004003000006009004 30.4385 001002001006002004
4 30.4385 001002001006002004 98.8216 001004000006010003
4 98.8216 001004000006010003 12.1563 001004000006007003
4 12.1563 001004000006007003 30.4385 001002001006002004
4 30.4385 001002001006002004 6043.89 004006001003006003
4 6043.89 004006001003006003 4280.82 004004001003006003
4 4280.82 004004001003006003 12.1563 001004000006007003
4 12.1563 001004000006007003 15.6949 011000000005006000
4 15.6949 011000000005006000 12.1563 001004000006007003
4 12.1563 001004000006007003 30.4385 001002001006002004
4 30.4385 001002001006002004 140.854 020003000009005003
4 140.854 020003000009005003 89.8436 020003000008005003
4 89.8436 020003000008005003 12.1563 001004000006007003
4 12.1563 001004000006007003 295062.0 004003002006001002
4 295062.0 004003002006001002 203.144 004003002006007002
4 203.144 004003002006007002 12.1563 001004000006007003
4 12.1563 001004000006007003 109870.94 000002001008005000
4 109870.94 000002001008005000 109870.94 000002001008005000
4 109870.94 000002001008005000 12.1563 001004000006007003
4 12.1563 001004000006007003 76.5467 008000000012009003
4 76.5467 008000000012009003 12.1563 001004000006007003
4 12.1563 001004000006007003 15.6949 011000000005006000
4 15.6949 011000000005006000 51288.9 005000002000002003
4 51288.9 005000002000002003 5336.46 005000002008002003
4 5336.46 005000002008002003 12.1563 001004000006007003
4 12.1563 001004000006007003 191560.0 005006000009004003
4 191560.0 005006000009004003 12750.9 005006000000004003
4 12750.9 005006000000004003 12.1563 001004000006007003
4 12.1563 001004000006007003 321578.0 000003000006001003
4 321578.0 000003000006001003 13277.6 007003000006001003
4 13277.6 007003000006001003 12.1563 001004000006007003
4 12.1563 001004000006007003 74.6287 004001002005006003
4 74.6287 004001002005006003 46.9585 010001002005006003
4 46.9585 010001002005006003 12.1563 001004000006007003
4 12.1563 001004000006007003 194489.0 004005000006001006
4 194489.0 004005000006001006 1341.21 004005002006001006
4 1341.21 004005002006001006 12.1563 001004000006007003
4 12.1563 001004000006007003 10656200000.0 020003002008009003
4 10656200000.0 020003002008009003 179.031 020003000008009003
4 179.031 020003000008009003 12.1563 001004000006007003
4 12.1563 001004000006007003 457.448 004006001006004002
4 457.448 004006001006004002 433.14 004003001006004002
4 433.14 004003001006004002 12.1563 001004000006007003
4 12.1563 001004000006007003 2140.15 004006000003010009
4 2140.15 004006000003010009 326.034 004006000006010009
4 326.034 004006000006010009 12.1563 001004000006007003
4 12.1563 001004000006007003 88.7901 001000001006009004
4 88.7901 001000001006009004 88.7901 001000001006009004
4 88.7901 001000001006009004 12.1563 001004000006007003
4 12.1563 001004000006007003 4628090000.0 020003002006002003
4 4628090000.0 020003002006002003 253482.0 020002002006002003
4 253482.0 020002002006002003 12.1563 001004000006007003
4 12.1563 001004000006007003 309197000.0 011002001006005003
4 309197000.0 011002001006005003 4249.92 011002001006007003
4 4249.92 011002001006007003 12.1563 001004000006007003
4 12.1563 001004000006007003 345947.0 004000001006006003
4 345947.0 004000001006006003 1938.68 004001001006006003
4 1938.68 004001001006006003 12.1563 001004000006007003
4 12.1563 001004000006007003 245.59 004005000008010002
4 245.59 004005000008010002 66.3784 004002000008010002
4 66.3784 004002000008010002 12.1563 001004000006007003
4 12.1563 001004000006007003 581.778 000005001005001004
4 581.778 000005001005001004 12.1563 001004000006007003
4 12.1563 001004000006007003 15.6949 011000000005006000
4 15.6949 011000000005006000 3536.01 003004000006009003
4 3536.01 003004000006009003 342.623 003006000006009003
4 342.623 003006000006009003 12.1563 001004000006007003
4 12.1563 001004000006007003 25.3075 001001000012010003
4 25.3075 001001000012010003 19.7965 019001000012010003
4 19.7965 019001000012010003 12.1563 001004000006007003
4 12.1563 001004000006007003 182.37400000000002 001002000009006003
4 182.37400000000002 001002000009006003 182.37400000000002 001002000009006003
4 182.37400000000002 001002000009006003 12.1563 001004000006007003
4 12.1563 001004000006007003 4371.38 004001000012000003
4 4371.38 004001000012000003 72.0649 004001000012000008
4 72.0649 004001000012000008 12.1563 001004000006007003
4 12.1563 001004000006007003 131.157 001001000008009002
4 131.157 001001000008009002 61.4984 015001000008009002
4 61.4984 015001000008009002 12.1563 001004000006007003
4 12.1563 001004000006007003 3382.18 003001000008010003
4 3382.18 003001000008010003 3317.19 003001000008004003
4 3317.19 003001000008004003 12.1563 001004000006007003
4 12.1563 001004000006007003 380104000.0 019004001012011002
4 380104000.0 019004001012011002 4444.2 019004001006011002
4 4444.2 019004001006011002 12.1563 001004000006007003
4 12.1563 001004000006007003 2073.87 011004000006010002
4 2073.87 011004000006010002 13.6715 011004000005010002
4 13.6715 011004000005010002 12.1563 001004000006007003
4 12.1563 001004000006007003 105747000.0 004003002012010002
4 105747000.0 004003002012010002 4287.76 019003002012010002
4 4287.76 019003002012010002 12.1563 001004000006007003
4 12.1563 001004000006007003 318.999 014003000006010002
4 318.999 014003000006010002 70.7514 014002000006010002
4 70.7514 014002000006010002 12.1563 001004000006007003
4 12.1563 001004000006007003 1776.485 001002000012006003
4 1776.485 001002000012006003 1776.485 001002000012006003
4 1776.485 001002000012006003 12.1563 001004000006007003
4 12.1563 001004000006007003 183724000.0 004006000006010004
4 183724000.0 004006000006010004 471.423 004006000006005004
4 471.423 004006000006005004 12.1563 001004000006007003
4 12.1563 001004000006007003 2862500000.0 015000002002009003
4 2862500000.0 015000002002009003 8833.23 010000002002009003
4 8833.23 010000002002009003 12.1563 001004000006007003
4 12.1563 001004000006007003 550282000.0 010003000012005009
4 550282000.0 010003000012005009 2099050.0 010003000012001009
4 2099050.0 010003000012001009 12.1563 001004000006007003
4 12.1563 001004000006007003 3613.27 004003000006009002
4 3613.27 004003000006009002 214.773 004003000006009004
4 214.773 004003000006009004 12.1563 001004000006007003
4 12.1563 001004000006007003 268210.0 020003002011000004
4 268210.0 020003002011000004 193.747 020003002011007004
4 193.747 020003002011007004 12.1563 001004000006007003
4 12.1563 001004000006007003 68.2934 011003001006010003
4 68.2934 011003001006010003 68.2934 011003001006010003
4 68.2934 011003001006010003 12.1563 001004000006007003
4 12.1563 001004000006007003 4063.3 004001002009010003
4 4063.3 004001002009010003 721.809 004001002009006003
4 721.809 004001002009006003 12.1563 001004000006007003
4 12.1563 001004000006007003 106.336 020003002012001004
4 106.336 020003002012001004 12.1563 001004000006007003
4 12.1563 001004000006007003 13.6715 011004000005010002
4 13.6715 011004000005010002 274.089 004002000012010001
4 274.089 004002000012010001 12.1563 001004000006007003
4 12.1563 001004000006007003 13.6715 011004000005010002
4 13.6715 011004000005010002 1851119352.25 020001001006000002
4 1851119352.25 020001001006000002 1851119352.25 020001001006000002
4 1851119352.25 020001001006000002 12.1563 001004000006007003
4 12.1563 001004000006007003 19027100.0 020001000011006003
4 19027100.0 020001000011006003 112.795 020001000011006008
4 112.795 020001000011006008 12.1563 001004000006007003
4 12.1563 001004000006007003 15011400000.0 000006000006009003
4 15011400000.0 000006000006009003 508.622 000006000006009007
4 508.622 000006000006009007 12.1563 001004000006007003
4 12.1563 001004000006007003 3607.5 020002000006009003
4 3607.5 020002000006009003 3480.53 010002000006009003
4 3480.53 010002000006009003 12.1563 001004000006007003
4 12.1563 001004000006007003 272.618 001001002005004003
4 272.618 001001002005004003 199.248 002001002005004003
4 199.248 002001002005004003 12.1563 001004000006007003
4 12.1563 001004000006007003 9383830000.0 020003000011010000
4 9383830000.0 020003000011010000 217110.0 020003000011010006
4 217110.0 020003000011010006 12.1563 001004000006007003
4 12.1563 001004000006007003 586764000.0 020003000012010003
4 586764000.0 020003000012010003 24218.4 020005000012010003
4 24218.4 020005000012010003 12.1563 001004000006007003
4 12.1563 001004000006007003 46610500.0 011001002006010003
4 46610500.0 011001002006010003 3638.78 011005002006010003
4 3638.78 011005002006010003 12.1563 001004000006007003
4 12.1563 001004000006007003 262.182 004000002002011003
4 262.182 004000002002011003 141.96 004000002002011007
4 141.96 004000002002011007 12.1563 001004000006007003
4 12.1563 001004000006007003 22768.4 020004000006007008
4 22768.4 020004000006007008 156.949 020004001006007008
4 156.949 020004001006007008 12.1563 001004000006007003
4 12.1563 001004000006007003 3956.09 004002000006010008
4 3956.09 004002000006010008 3394.55 004002000006010006
4 3394.55 004002000006010006 12.1563 001004000006007003
4 12.1563 001004000006007003 1209.26 019000000005005002
4 1209.26 019000000005005002 145.876 019005000005005002
4 145.876 019005000005005002 12.1563 001004000006007003
4 12.1563 001004000006007003 3472.19 004000000005010003
4 3472.19 004000000005010003 206.04 004000001005010003
4 206.04 004000001005010003 12.1563 001004000006007003
4 12.1563 001004000006007003 24.8732 020005000006009008
4 24.8732 020005000006009008 6.29372 020000000006009008
4 6.29372 020000000006009008 12.1563 001004000006007003
4 12.1563 001004000006007003 29335700.0 004001000006010000
4 29335700.0 004001000006010000 188875.0 004001000009010000
4 188875.0 004001000009010000 6.29372 020000000006009008
4 6.29372 020000000006009008 286.438 004000000008007003
4 286.438 004000000008007003 24.1128 004000000008008003
4 24.1128 004000000008008003 6.29372 020000000006009008
4 6.29372 020000000006009008 289701000.0 020004000006003003
4 289701000.0 020004000006003003 3568.27 020004000006003005
4 3568.27 020004000006003005 6.29372 020000000006009008
4 6.29372 020000000006009008 168924000.0 020002000006007001
4 168924000.0 020002000006007001 12965.5 020002002006007001
4 12965.5 020002002006007001 6.29372 020000000006009008
4 6.29372 020000000006009008 1861300000.0 020003000006001004
4 1861300000.0 020003000006001004 977898000.0 014003000006001004
4 977898000.0 014003000006001004 6.29372 020000000006009008
4 6.29372 020000000006009008 106.406 010000002008001009
4 106.406 010000002008001009 75.7528 010000002011001009
4 75.7528 010000002011001009 6.29372 020000000006009008
4 6.29372 020000000006009008 4333.55 019002000012006002
4 4333.55 019002000012006002 105.797 005002000012006002
4 105.797 005002000012006002 6.29372 020000000006009008
4 6.29372 020000000006009008 2986540000.0 019003002006008004
4 2986540000.0 019003002006008004 217100.0 019003002006006004
4 217100.0 019003002006006004 6.29372 020000000006009008
4 6.29372 020000000006009008 102397.0 020000000008007009
4 102397.0 020000000008007009 21.3759 020000000000007009
4 21.3759 020000000000007009 6.29372 020000000006009008
4 6.29372 020000000006009008 451377.0 001000000006002003
4 451377.0 001000000006002003 7769.17 016000000006002003
4 7769.17 016000000006002003 6.29372 020000000006009008
4 6.29372 020000000006009008 163.588 004000001012001002
4 163.588 004000001012001002 6.29372 020000000006009008
4 6.29372 020000000006009008 12.1563 001004000006007003
4 12.1563 001004000006007003 224049.0 011004000005001008
4 224049.0 011004000005001008 3839.31 009004000005001008
4 3839.31 009004000005001008 6.29372 020000000006009008
4 6.29372 020000000006009008 3512.04 001004000008010000
4 3512.04 001004000008010000 180.464 001004001008010000
4 180.464 001004001008010000 6.29372 020000000006009008
4 6.29372 020000000006009008 227.89 020001000012010000
4 227.89 020001000012010000 115.595 020001000001010000
4 115.595 020001000001010000 6.29372 020000000006009008
4 6.29372 020000000006009008 4007.27 020004002006010009
4 4007.27 020004002006010009 18.6006 020004002006010007
4 18.6006 020004002006010007 6.29372 020000000006009008
4 6.29372 020000000006009008 3488.67 002000000006010006
4 3488.67 002000000006010006 147.34 002000000000010006
4 147.34 002000000000010006 6.29372 020000000006009008
4 6.29372 020000000006009008 6809.5 001002000012010000
4 6809.5 001002000012010000 2403.44 004002000012010000
4 2403.44 004002000012010000 6.29372 020000000006009008
4 6.29372 020000000006009008 2393.56 011000002008010003
4 2393.56 011000002008010003 6.29372 020000000006009008
4 6.29372 020000000006009008 12.1563 001004000006007003
4 12.1563 001004000006007003 107.098 004000000002009000
4 107.098 004000000002009000 107.098 004000000002009000
4 107.098 004000000002009000 6.29372 020000000006009008
4 6.29372 020000000006009008 2128540000.0 019004001002009002
4 2128540000.0 019004001002009002 3651350.0 004004001002009002
4 3651350.0 004004001002009002 6.29372 020000000006009008
4 6.29372 020000000006009008 120.213 020005001012010004
4 120.213 020005001012010004 120.213 020005001012010004
4 120.213 020005001012010004 6.29372 020000000006009008
4 6.29372 020000000006009008 4813.905000000001 011004002012001000
4 4813.905000000001 011004002012001000 4813.905000000001 011004002012001000
4 4813.905000000001 011004002012001000 6.29372 020000000006009008
4 6.29372 020000000006009008 14.4826 020000000006010003
4 14.4826 020000000006010003 6.29372 020000000006009008
4 6.29372 020000000006009008 12.1563 001004000006007003
4 12.1563 001004000006007003 174639.0 001002000012005003
4 174639.0 001002000012005003 3686.58 001002000012005005
4 3686.58 001002000012005005 6.29372 020000000006009008
4 6.29372 020000000006009008 34.9992 020001000002010004
4 34.9992 020001000002010004 19.8673 004001000002010004
4 19.8673 004001000002010004 6.29372 020000000006009008
4 6.29372 020000000006009008 634.22 020000000000010003
4 634.22 020000000000010003 187.792 005000000000010003
4 187.792 005000000000010003 6.29372 020000000006009008
4 6.29372 020000000006009008 19113.2 004001000001011004
4 19113.2 004001000001011004 6607.45 004001000001011002
4 6607.45 004001000001011002 6.29372 020000000006009008
4 6.29372 020000000006009008 307.232 004003001008009004
4 307.232 004003001008009004 12.9343 013003001008009004
4 12.9343 013003001008009004 6.29372 020000000006009008
4 6.29372 020000000006009008 48018.3 003001000005006003
4 48018.3 003001000005006003 448.203 003001002005006003
4 448.203 003001002005006003 6.29372 020000000006009008
4 6.29372 020000000006009008 31737299.0 020001002006001003
4 31737299.0 020001002006001003 31737299.0 020001002006001003
4 31737299.0 020001002006001003 6.29372 020000000006009008
4 6.29372 020000000006009008 355440.0 020000001002009002
4 355440.0 020000001002009002 56.7307 020000001002009008
4 56.7307 020000001002009008 6.29372 020000000006009008
4 6.29372 020000000006009008 375.202 008000000012010003
4 375.202 008000000012010003 76.5467 008000000012009003
4 76.5467 008000000012009003 6.29372 020000000006009008
4 6.29372 020000000006009008 4398.19 011001002005010002
4 4398.19 011001002005010002 146.335 001001002005010002
4 146.335 001001002005010002 6.29372 020000000006009008
4 6.29372 020000000006009008 10216.3 019001000005001003
4 10216.3 019001000005001003 117.85 019001000005008003
4 117.85 019001000005008003 6.29372 020000000006009008
4 6.29372 020000000006009008 67.8226 020005000006010003
4 67.8226 020005000006010003 6.29372 020000000006009008
4 6.29372 020000000006009008 12.1563 001004000006007003
4 12.1563 001004000006007003 3308.79 013000000005010000
4 3308.79 013000000005010000 102.191 013000000005010004
4 102.191 013000000005010004 6.29372 020000000006009008
4 6.29372 020000000006009008 168.606 014000000005010009
4 168.606 014000000005010009 138.718 014000000005010005
4 138.718 014000000005010005 6.29372 020000000006009008
4 6.29372 020000000006009008 87.9806 004000002012006004
4 87.9806 004000002012006004 80.0734 003000002012006004
4 80.0734 003000002012006004 6.29372 020000000006009008
4 6.29372 020000000006009008 190.75 010000000002000002
4 190.75 010000000002000002 6.29372 020000000006009008
4 6.29372 020000000006009008 12.1563 001004000006007003
4 12.1563 001004000006007003 4107.88 008002000008007003
4 4107.88 008002000008007003 55.3611 008000000008007003
4 55.3611 008000000008007003 6.29372 020000000006009008
4 6.29372 020000000006009008 216612.0 004005002008010003
4 216612.0 004005002008010003 156.31 004005002008010005
4 156.31 004005002008010005 6.29372 020000000006009008
4 6.29372 020000000006009008 3696.32 004000000012010002
4 3696.32 004000000012010002 11.909 004000000012012002
4 11.909 004000000012012002 6.29372 020000000006009008
4 6.29372 020000000006009008 15836.5 011004000012010003
4 15836.5 011004000012010003 1735.75 011004001012010003
4 1735.75 011004001012010003 6.29372 020000000006009008
4 6.29372 020000000006009008 20.9871 014000000008005003
4 20.9871 014000000008005003 20.9871 014000000008005003
4 20.9871 014000000008005003 6.29372 020000000006009008
4 6.29372 020000000006009008 50226.7 001001000008009003
4 50226.7 001001000008009003 3538.96 001001000004009003
4 3538.96 001001000004009003 6.29372 020000000006009008
4 6.29372 020000000006009008 67.3529 004005000005009004
4 67.3529 004005000005009004 6.29372 020000000006009008
4 6.29372 020000000006009008 11.909 004000000012012002
4 11.909 004000000012012002 789062000.0 020002002008007007
4 789062000.0 020002002008007007 5211660.0 020003002008007007
4 5211660.0 020003002008007007 6.29372 020000000006009008
4 6.29372 020000000006009008 2951.87 004000002008010007
4 2951.87 004000002008010007 6.29372 020000000006009008
4 6.29372 020000000006009008 11.909 004000000012012002
4 11.909 004000000012012002 355722.0 010004002011010003
4 355722.0 010004002011010003 112.015 010004000011010003
4 112.015 010004000011010003 6.29372 020000000006009008
4 6.29372 020000000006009008 459160000.0 010005001002010003
4 459160000.0 010005001002010003 75501600.0 010005001002010005
4 75501600.0 010005001002010005 6.29372 020000000006009008
4 6.29372 020000000006009008 22.9497 004000000011010008
4 22.9497 004000000011010008 4.52077 004000000011002008
4 4.52077 004000000011002008 6.29372 020000000006009008
4 6.29372 020000000006009008 848893000.0 015001001005010002
4 848893000.0 015001001005010002 4349.8 015001001005000002
4 4349.8 015001001005000002 4.52077 004000000011002008
4 4.52077 004000000011002008 1427.07 001002000002009003
4 1427.07 001002000002009003 107.647 017002000002009003
4 107.647 017002000002009003 4.52077 004000000011002008
4 4.52077 004000000011002008 3855.01 003003000012009004
4 3855.01 003003000012009004 421.311 004003000012009004
4 421.311 004003000012009004 4.52077 004000000011002008
4 4.52077 004000000011002008 165741.0 003005000008002008
4 165741.0 003005000008002008 5158.03 003005000008002002
4 5158.03 003005000008002002 4.52077 004000000011002008
4 4.52077 004000000011002008 2249.8804999999998 003004000006007003
4 2249.8804999999998 003004000006007003 2249.8804999999998 003004000006007003
4 2249.8804999999998 003004000006007003 4.52077 004000000011002008
4 4.52077 004000000011002008 853.8081000000001 013004000006011003
4 853.8081000000001 013004000006011003 853.8081000000001 013004000006011003
4 853.8081000000001 013004000006011003 4.52077 004000000011002008
4 4.52077 004000000011002008 61.5709 004000000006006008
4 61.5709 004000000006006008 22.496 004001000006006008
4 22.496 004001000006006008 4.52077 004000000011002008
4 4.52077 004000000011002008 5176.71 004005000006009002
4 5176.71 004005000006009002 101.088 004005000006009006
4 101.088 004005000006009006 4.52077 004000000011002008
4 4.52077 004000000011002008 53.7533 008004000005011004
4 53.7533 008004000005011004 42.8779 008004000005011002
4 42.8779 008004000005011002 4.52077 004000000011002008
4 4.52077 004000000011002008 86305.2 020004000002005008
4 86305.2 020004000002005008 72915.0 020004000002005005
4 72915.0 020004000002005005 4.52077 004000000011002008
4 4.52077 004000000011002008 124.469 004004000000009002
4 124.469 004004000000009002 45.4526 004001000000009002
4 45.4526 004001000000009002 4.52077 004000000011002008
4 4.52077 004000000011002008 1847.94 004004002012012002
4 1847.94 004004002012012002 59.3271 004004000012012002
4 59.3271 004004000012012002 4.52077 004000000011002008
4 4.52077 004000000011002008 202.072 004000000008001008
4 202.072 004000000008001008 5.75152 018000000008001008
4 5.75152 018000000008001008 4.52077 004000000011002008
4 4.52077 004000000011002008 6350250445.512 014000002005010003
4 6350250445.512 014000002005010003 6350250445.512 014000002005010003
4 6350250445.512 014000002005010003 4.52077 004000000011002008
4 4.52077 004000000011002008 281.473 004000000005002003
4 281.473 004000000005002003 72.092 004000000007002003
4 72.092 004000000007002003 4.52077 004000000011002008
4 4.52077 004000000011002008 59.1181 004000000008011008
4 59.1181 004000000008011008 7.37954 006000000008011008
4 7.37954 006000000008011008 4.52077 004000000011002008
4 4.52077 004000000011002008 155.862 018000000006011003
4 155.862 018000000006011003 155.862 018000000006011003
4 155.862 018000000006011003 4.52077 004000000011002008
4 4.52077 004000000011002008 154.778 014001000006006003
4 154.778 014001000006006003 154.778 014001000006006003
4 154.778 014001000006006003 4.52077 004000000011002008
4 4.52077 004000000011002008 12265100.0 011001000002006003
4 12265100.0 011001000002006003 14.2473 011000000002006003
4 14.2473 011000000002006003 4.52077 004000000011002008
4 4.52077 004000000011002008 1885.23905 015000000006010003
4 1885.23905 015000000006010003 1885.23905 015000000006010003
4 1885.23905 015000000006010003 4.52077 004000000011002008
4 4.52077 004000000011002008 6418.18 003001000008002008
4 6418.18 003001000008002008 105.658 003006000008002008
4 105.658 003006000008002008 4.52077 004000000011002008
4 4.52077 004000000011002008 372.153 020000000011011002
4 372.153 020000000011011002 4.52077 004000000011002008
4 4.52077 004000000011002008 5.75152 018000000008001008
4 5.75152 018000000008001008 32369.0 014004000006006004
4 32369.0 014004000006006004 3328.64 014004000001006004
4 3328.64 014004000001006004 4.52077 004000000011002008
4 4.52077 004000000011002008 21259.3 004004000000011002
4 21259.3 004004000000011002 97.0095 004004000000011004
4 97.0095 004004000000011004 4.52077 004000000011002008
4 4.52077 004000000011002008 16.5716 013004002006008008
4 16.5716 013004002006008008 16.5716 013004002006008008
4 16.5716 013004002006008008 4.52077 004000000011002008
4 4.52077 004000000011002008 1047.3310000000001 013000000002010004
4 1047.3310000000001 013000000002010004 1047.3310000000001 013000000002010004
4 1047.3310000000001 013000000002010004 4.52077 004000000011002008
4 4.52077 004000000011002008 7085.97 004000000002011002
4 7085.97 004000000002011002 3538.97 006000000002011002
4 3538.97 006000000002011002 4.52077 004000000011002008
4 4.52077 004000000011002008 106.446 008001000008002004
4 106.446 008001000008002004 23.9987 010001000008002004
4 23.9987 010001000008002004 4.52077 004000000011002008
4 4.52077 004000000011002008 188.649 020000000002010002
4 188.649 020000000002010002 52.5032 020000000002010000
4 52.5032 020000000002010000 4.52077 004000000011002008
4 4.52077 004000000011002008 9.47543 011005000012006003
4 9.47543 011005000012006003 4.52077 004000000011002008
4 4.52077 004000000011002008 5.75152 018000000008001008
4 5.75152 018000000008001008 393.121 013000000008012008
4 393.121 013000000008012008 236.507 013000000008012004
4 236.507 013000000008012004 4.52077 004000000011002008
4 4.52077 004000000011002008 18494.7 020001000012012000
4 18494.7 020001000012012000 7982.93 020001000012012005
4 7982.93 020001000012012005 4.52077 004000000011002008
4 4.52077 004000000011002008 174.396 004000000012010003
4 174.396 004000000012010003 44.4671 004000000009010003
4 44.4671 004000000009010003 4.52077 004000000011002008
4 4.52077 004000000011002008 2611.53 018004002006006002
4 2611.53 018004002006006002 932.663 018004002001006002
4 932.663 018004002001006002 4.52077 004000000011002008
4 4.52077 004000000011002008 33364.2 004000000006010008
4 33364.2 004000000006010008 18162.2 004000002006010008
4 18162.2 004000002006010008 4.52077 004000000011002008
4 4.52077 004000000011002008 90.0375 011004002006006008
4 90.0375 011004002006006008 12.7629 013004002006006008
4 12.7629 013004002006006008 4.52077 004000000011002008
4 4.52077 004000000011002008 156.523 004000000012007003
4 156.523 004000000012007003 37.0555 012000000012007003
4 37.0555 012000000012007003 4.52077 004000000011002008
4 4.52077 004000000011002008 1092.91 020005000008011003
4 1092.91 020005000008011003 499.8 020004000008011003
4 499.8 020004000008011003 4.52077 004000000011002008
4 4.52077 004000000011002008 3410.22 020004000006006002
4 3410.22 020004000006006002 128.431 016004000006006002
4 128.431 016004000006006002 4.52077 004000000011002008
4 4.52077 004000000011002008 1462390000.0 020004001006002004
4 1462390000.0 020004001006002004 125406000.0 020004000006002004
4 125406000.0 020004000006002004 4.52077 004000000011002008
4 4.52077 004000000011002008 201.324 004004000006010003
4 201.324 004004000006010003 47.2012 004004000006010004
4 47.2012 004004000006010004 4.52077 004000000011002008
4 4.52077 004000000011002008 69.2166 020003000005010003
4 69.2166 020003000005010003 40.5041 020003000011010003
4 40.5041 020003000011010003 4.52077 004000000011002008
4 4.52077 004000000011002008 68420.4 020000000006010008
4 68420.4 020000000006010008 3766.64 020000000002010008
4 3766.64 020000000002010008 4.52077 004000000011002008
4 4.52077 004000000011002008 80.4531 004004000008011000
4 80.4531 004004000008011000 4.52077 004000000011002008
4 4.52077 004000000011002008 5.75152 018000000008001008
4 5.75152 018000000008001008 257674.0 020004001008007008
4 257674.0 020004001008007008 236828.0 020003001008007008
4 236828.0 020003001008007008 4.52077 004000000011002008
4 4.52077 004000000011002008 222341631.615 020000001012010003
4 222341631.615 020000001012010003 222341631.615 020000001012010003
4 222341631.615 020000001012010003 4.52077 004000000011002008
4 4.52077 004000000011002008 47.0913 008004000002009003
4 47.0913 008004000002009003 21.3467 008004002002009003
4 21.3467 008004002002009003 4.52077 004000000011002008
4 4.52077 004000000011002008 18684.9 008005000006010004
4 18684.9 008005000006010004 4264.55 008005002006010004
4 4264.55 008005002006010004 4.52077 004000000011002008
4 4.52077 004000000011002008 3289.02 008001000008010004
4 3289.02 008001000008010004 4.33892 014001000008010004
4 4.33892 014001000008010004 4.52077 004000000011002008
4 4.52077 004000000011002008 3653.3205 014002000002006004
4 3653.3205 014002000002006004 3653.3205 014002000002006004
4 3653.3205 014002000002006004 4.33892 014001000008010004
4 4.33892 014001000008010004 1773.8175 013000000012010004
4 1773.8175 013000000012010004 1773.8175 013000000012010004
4 1773.8175 013000000012010004 4.33892 014001000008010004
4 4.33892 014001000008010004 10363.8 008000000005011008
4 10363.8 008000000005011008 3553.41 008000000009011008
4 3553.41 008000000009011008 4.33892 014001000008010004
4 4.33892 014001000008010004 3285.99 004004000011007002
4 3285.99 004004000011007002 95.5632 004004000011007001
4 95.5632 004004000011007001 4.33892 014001000008010004
4 4.33892 014001000008010004 17041.3 001000000006010003
4 17041.3 001000000006010003 58.6362 001000000006010005
4 58.6362 001000000006010005 4.33892 014001000008010004
4 4.33892 014001000008010004 15836.5 011004000012010003
4 15836.5 011004000012010003 3137.52 011004000012010006
4 3137.52 011004000012010006 4.33892 014001000008010004
4 4.33892 014001000008010004 844.7755000000001 004004000008008003
4 844.7755000000001 004004000008008003 844.7755000000001 004004000008008003
4 844.7755000000001 004004000008008003 4.33892 014001000008010004
4 4.33892 014001000008010004 145.636 011000000005010008
4 145.636 011000000005010008 10.7429 011000000005010006
4 10.7429 011000000005010006 4.33892 014001000008010004
4 4.33892 014001000008010004 3112.42 004000000005006003
4 3112.42 004000000005006003 281.473 004000000005002003
4 281.473 004000000005002003 4.33892 014001000008010004
4 4.33892 014001000008010004 49.6708 008000000002010008
4 49.6708 008000000002010008 43.9925 018000000002010008
4 43.9925 018000000002010008 4.33892 014001000008010004
4 4.33892 014001000008010004 236144.0 020001002008010008
4 236144.0 020001002008010008 257.013 019001002008010008
4 257.013 019001002008010008 4.33892 014001000008010004
4 4.33892 014001000008010004 15483.3 011005000006010003
4 15483.3 011005000006010003 12.3149 011001000006010003
4 12.3149 011001000006010003 4.33892 014001000008010004
4 4.33892 014001000008010004 186.779 020000000006011004
4 186.779 020000000006011004 14.3135 020000000006011002
4 14.3135 020000000006011002 4.33892 014001000008010004
5 4.33892 014001000008010004 2157510000.0 014000001000006000
5 2157510000.0 014000001000006000 9747.34 014001001000006000
5 9747.34 014001001000006000 15.4095 005001000010001002
5 15.4095 005001000010001002 66317800000.0 014000002000007003
5 66317800000.0 014000002000007003 142.237 014003002000007003
5 142.237 014003002000007003 15.4095 005001000010001002
5 15.4095 005001000010001002 14454500.0 005004001004003002
5 14454500.0 005004001004003002 497.379 005004001004002002
5 497.379 005004001004002002 15.4095 005001000010001002
5 15.4095 005001000010001002 44759500000000.0 000001000003001000
5 44759500000000.0 000001000003001000 460012000.0 000001000003004000
5 460012000.0 000001000003004000 15.4095 005001000010001002
5 15.4095 005001000010001002 33739400000.0 014005002011012001
5 33739400000.0 014005002011012001 5483.09 014005002001012001
5 5483.09 014005002001012001 15.4095 005001000010001002
5 15.4095 005001000010001002 4889.73 014003001009003004
5 4889.73 014003001009003004 239.369 001003001009003004
5 239.369 001003001009003004 15.4095 005001000010001002
5 15.4095 005001000010001002 4283.92 011004002007009001
5 4283.92 011004002007009001 1585.9 011005002007009001
5 1585.9 011005002007009001 15.4095 005001000010001002
5 15.4095 005001000010001002 566409000.0 012000001011007001
5 566409000.0 012000001011007001 8639.33 012002001011007001
5 8639.33 012002001011007001 15.4095 005001000010001002
5 15.4095 005001000010001002 2038.0 004006001010008000
5 2038.0 004006001010008000 200.181 004006002010008000
5 200.181 004006002010008000 15.4095 005001000010001002
5 15.4095 005001000010001002 2044.64 002001000011011000
5 2044.64 002001000011011000 220.893 002001001011011000
5 220.893 002001001011011000 15.4095 005001000010001002
5 15.4095 005001000010001002 45.3116 013005000004002000
5 45.3116 013005000004002000 15.4095 005001000010001002
5 15.4095 005001000010001002 28.0289 007001001010007003
5 28.0289 007001001010007003 3392.59 002002000009000000
5 3392.59 002002000009000000 130.991 002002000009000001
5 130.991 002002000009000001 15.4095 005001000010001002
5 15.4095 005001000010001002 395.467 004000001011008001
5 395.467 004000001011008001 104.671 004000000011008001
5 104.671 004000000011008001 15.4095 005001000010001002
5 15.4095 005001000010001002 268883.0 002005000007003001
5 268883.0 002005000007003001 111888.0 002003000007003001
5 111888.0 002003000007003001 15.4095 005001000010001002
5 15.4095 005001000010001002 361562.0 012000001003011000
5 361562.0 012000001003011000 147.538 001000001003011000
5 147.538 001000001003011000 15.4095 005001000010001002
5 15.4095 005001000010001002 265783000.0 007005001010007000
5 265783000.0 007005001010007000 112783000.0 007005001012007000
5 112783000.0 007005001012007000 15.4095 005001000010001002
5 15.4095 005001000010001002 477.617 001003000008009001
5 477.617 001003000008009001 96.4296 001001000008009001
5 96.4296 001001000008009001 15.4095 005001000010001002
5 15.4095 005001000010001002 14381000000.0 004003000003001003
5 14381000000.0 004003000003001003 4902.52 004003000003001005
5 4902.52 004003000003001005 15.4095 005001000010001002
5 15.4095 005001000010001002 43.0634 012000000012011000
5 43.0634 012000000012011000 4.69733 012000000009011000
5 4.69733 012000000009011000 15.4095 005001000010001002
5 15.4095 005001000010001002 125.133 002004000002011000
5 125.133 002004000002011000 125.133 002004000002011000
5 125.133 002004000002011000 4.69733 012000000009011000
5 4.69733 012000000009011000 2514.44 001006000010008000
5 2514.44 001006000010008000 95.3915 001006000010003000
5 95.3915 001006000010003000 4.69733 012000000009011000
5 4.69733 012000000009011000 256306.0 004000000010004004
5 256306.0 004000000010004004 506.39 014000000010004004
5 506.39 014000000010004004 4.69733 012000000009011000
5 4.69733 012000000009011000 11.8783 011000000008001004
5 11.8783 011000000008001004 4.69733 012000000009011000
5 4.69733 012000000009011000 15.4095 005001000010001002
5 15.4095 005001000010001002 1687.55 011001000004011000
5 1687.55 011001000004011000 45.8207 014001000004011000
5 45.8207 014001000004011000 4.69733 012000000009011000
5 4.69733 012000000009011000 4336.91 005004001009006000
5 4336.91 005004001009006000 196.007 005004001009006002
5 196.007 005004001009006002 4.69733 012000000009011000
5 4.69733 012000000009011000 180140.0 008002000011008000
5 180140.0 008002000011008000 3612.36 008002000011006000
5 3612.36 008002000011006000 4.69733 012000000009011000
5 4.69733 012000000009011000 3872660000.0 020002001003006000
5 3872660000.0 020002001003006000 9031.02 012002001003006000
5 9031.02 012002001003006000 4.69733 012000000009011000
5 4.69733 012000000009011000 411199.0 011000001009000000
5 411199.0 011000001009000000 241.98 011000001009000007
5 241.98 011000001009000007 4.69733 012000000009011000
5 4.69733 012000000009011000 115.263 011000002009006007
5 115.263 011000002009006007 8.95328 007000002009006007
5 8.95328 007000002009006007 4.69733 012000000009011000
5 4.69733 012000000009011000 203.787 002000000009001000
5 203.787 002000000009001000 4.69733 012000000009011000
5 4.69733 012000000009011000 8.95328 007000002009006007
5 8.95328 007000002009006007 2205.33 004001001004006002
5 2205.33 004001001004006002 423.407 004001001004006005
5 423.407 004001001004006005 4.69733 012000000009011000
5 4.69733 012000000009011000 83.3746 007002000000009000
5 83.3746 007002000000009000 83.3746 007002000000009000
5 83.3746 007002000000009000 4.69733 012000000009011000
5 4.69733 012000000009011000 129434.64 012001000004002003
5 129434.64 012001000004002003 129434.64 012001000004002003
5 129434.64 012001000004002003 4.69733 012000000009011000
5 4.69733 012000000009011000 4740.34 001004000007001000
5 4740.34 001004000007001000 1257.18 004004000007001000
5 1257.18 004004000007001000 4.69733 012000000009011000
5 4.69733 012000000009011000 16121000000.0 014001000001000003
5 16121000000.0 014001000001000003 3193200000.0 014001002001000003
5 3193200000.0 014001002001000003 4.69733 012000000009011000
5 4.69733 012000000009011000 1347800000.0 011001002008001000
5 1347800000.0 011001002008001000 23.9093 011001002008001001
5 23.9093 011001002008001001 4.69733 012000000009011000
5 4.69733 012000000009011000 3516.27 004000000011003000
5 3516.27 004000000011003000 2127.79 004000000001003000
5 2127.79 004000000001003000 4.69733 012000000009011000
5 4.69733 012000000009011000 1605527500.0 008004002000006000
5 1605527500.0 008004002000006000 1605527500.0 008004002000006000
5 1605527500.0 008004002000006000 4.69733 012000000009011000
5 4.69733 012000000009011000 59865500.0 007006001012008000
5 59865500.0 007006001012008000 59388400.0 007006001012008007
5 59388400.0 007006001012008007 4.69733 012000000009011000
5 4.69733 012000000009011000 149.722 002004000010001004
5 149.722 002004000010001004 19.3519 002004000003001004
5 19.3519 002004000003001004 4.69733 012000000009011000
5 4.69733 012000000009011000 274268.0 014003000004001000
5 274268.0 014003000004001000 8927.89 002003000004001000
5 8927.89 002003000004001000 4.69733 012000000009011000
5 4.69733 012000000009011000 661884000000.0 012000002000006001
5 661884000000.0 012000002000006001 7209490000.0 012000002000000001
5 7209490000.0 012000002000000001 4.69733 012000000009011000
5 4.69733 012000000009011000 4524.92 006001002005002001
5 4524.92 006001002005002001 2124.58 006001002005011001
5 2124.58 006001002005011001 4.69733 012000000009011000
5 4.69733 012000000009011000 16244.2 011000000005009002
5 16244.2 011000000005009002 15724.2 016000000005009002
5 15724.2 016000000005009002 4.69733 012000000009011000
5 4.69733 012000000009011000 358.522 005004000007008001
5 358.522 005004000007008001 358.522 005004000007008001
5 358.522 005004000007008001 4.69733 012000000009011000
5 4.69733 012000000009011000 115504219.99 007005002008003004
5 115504219.99 007005002008003004 115504219.99 007005002008003004
5 115504219.99 007005002008003004 4.69733 012000000009011000
5 4.69733 012000000009011000 254525.0 011000002010006003
5 254525.0 011000002010006003 234350.0 013000002010006003
5 234350.0 013000002010006003 4.69733 012000000009011000
5 4.69733 012000000009011000 46249.7 005005002007009003
5 46249.7 005005002007009003 4241.61 018005002007009003
5 4241.61 018005002007009003 4.69733 012000000009011000
5 4.69733 012000000009011000 237085.0 013004000009006000
5 237085.0 013004000009006000 179.271 013004002009006000
5 179.271 013004002009006000 4.69733 012000000009011000
5 4.69733 012000000009011000 208601.0 011003000010003000
5 208601.0 011003000010003000 365.923 011003000010012000
5 365.923 011003000010012000 4.69733 012000000009011000
5 4.69733 012000000009011000 3491.22 005004000010006001
5 3491.22 005004000010006001 4.69733 012000000009011000
5 4.69733 012000000009011000 8.95328 007000002009006007
5 8.95328 007000002009006007 3019920.0 004003000007009004
5 3019920.0 004003000007009004 3501.91 004000000007009004
5 3501.91 004000000007009004 4.69733 012000000009011000
5 4.69733 012000000009011000 407.707 012004001011008002
5 407.707 012004001011008002 379.549 012004001011008000
5 379.549 012004001011008000 4.69733 012000000009011000
5 4.69733 012000000009011000 751652000000.0 005004000011000000
5 751652000000.0 005004000011000000 4681.75 005004000003000000
5 4681.75 005004000003000000 4.69733 012000000009011000
5 4.69733 012000000009011000 15264.6 013003000007000001
5 15264.6 013003000007000001 3659.88 013003000007009001
5 3659.88 013003000007009001 4.69733 012000000009011000
5 4.69733 012000000009011000 3448.15 002004000009008005
5 3448.15 002004000009008005 3413.3 015004000009008005
5 3413.3 015004000009008005 4.69733 012000000009011000
5 4.69733 012000000009011000 3085.57 002004000011006000
5 3085.57 002004000011006000 4.69733 012000000009011000
5 4.69733 012000000009011000 8.95328 007000002009006007
5 8.95328 007000002009006007 651.553 001001000008011001
5 651.553 001001000008011001 113.085 001005000008011001
5 113.085 001005000008011001 4.69733 012000000009011000
5 4.69733 012000000009011000 280322.0 002000002009001001
5 280322.0 002000002009001001 319.447 002000002009009001
5 319.447 002000002009009001 4.69733 012000000009011000
5 4.69733 012000000009011000 95.9341 001000000009011004
5 95.9341 001000000009011004 52.9215 001005000009011004
5 52.9215 001005000009011004 4.69733 012000000009011000
5 4.69733 012000000009011000 64.9367 002002000004008004
5 64.9367 002002000004008004 62.0633 002002000004000004
5 62.0633 002002000004000004 4.69733 012000000009011000
5 4.69733 012000000009011000 3508.37 005000000010008000
5 3508.37 005000000010008000 189.517 005004000010008000
5 189.517 005004000010008000 4.69733 012000000009011000
5 4.69733 012000000009011000 18711.0 007002000010001001
5 18711.0 007002000010001001 2166.26 007003000010001001
5 2166.26 007003000010001001 4.69733 012000000009011000
5 4.69733 012000000009011000 4406.98 005002000007002004
5 4406.98 005002000007002004 251.349 005004000007002004
5 251.349 005004000007002004 4.69733 012000000009011000
5 4.69733 012000000009011000 44.9058 012003001010008001
5 44.9058 012003001010008001 4.69733 012000000009011000
5 4.69733 012000000009011000 8.95328 007000002009006007
5 8.95328 007000002009006007 7536.71 014002000010011000
5 7536.71 014002000010011000 70.4358 014002000007011000
5 70.4358 014002000007011000 4.69733 012000000009011000
5 4.69733 012000000009011000 744.215 002004002009011007
5 744.215 002004002009011007 137.855 002004000009011007
5 137.855 002004000009011007 4.69733 012000000009011000
5 4.69733 012000000009011000 9101.75 002001000011003000
5 9101.75 002001000011003000 9101.75 002001000011003000
5 9101.75 002001000011003000 4.69733 012000000009011000
5 4.69733 012000000009011000 223.946 014004001009009007
5 223.946 014004001009009007 15.8444 014004001009012007
5 15.8444 014004001009012007 4.69733 012000000009011000
5 4.69733 012000000009011000 16343.1 005004000007011000
5 16343.1 005004000007011000 267.714 005004002007011000
5 267.714 005004002007011000 4.69733 012000000009011000
5 4.69733 012000000009011000 2504.42 005004000010011004
5 2504.42 005004000010011004 176.583 017004000010011004
5 176.583 017004000010011004 4.69733 012000000009011000
5 4.69733 012000000009011000 524219000.0 012001001010011001
5 524219000.0 012001001010011001 215.526 012001001002011001
5 215.526 012001001002011001 4.69733 012000000009011000
5 4.69733 012000000009011000 3788.79 005002000000000004
5 3788.79 005002000000000004 167.121 005002000003000004
5 167.121 005002000003000004 4.69733 012000000009011000
5 4.69733 012000000009011000 43.28 001004000003011004
5 43.28 001004000003011004 4.69733 012000000009011000
5 4.69733 012000000009011000 8.95328 007000002009006007
5 8.95328 007000002009006007 182.345 012001001010006000
5 182.345 012001001010006000 84.7014 012001001009006000
5 84.7014 012001001009006000 4.69733 012000000009011000
5 4.69733 012000000009011000 68516.8 003005001012011004
5 68516.8 003005001012011004 3965.95 003005002012011004
5 3965.95 003005002012011004 4.69733 012000000009011000
5 4.69733 012000000009011000 4214.66 005005000000001000
5 4214.66 005005000000001000 4214.66 005005000000001000
5 4214.66 005005000000001000 4.69733 012000000009011000
5 4.69733 012000000009011000 5954.58 001001002011000003
5 5954.58 001001002011000003 95.5766 001001002007000003
5 95.5766 001001002007000003 4.69733 012000000009011000
5 4.69733 012000000009011000 3521.85 002001000010011000
5 3521.85 002001000010011000 385.114 002001000010004000
5 385.114 002001000010004000 4.69733 012000000009011000
5 4.69733 012000000009011000 4173.55 001004001009011004
5 4173.55 001004001009011004 4173.55 001004001009011004
5 4173.55 001004001009011004 4.69733 012000000009011000
5 4.69733 012000000009011000 4136.4 004003001009006000
5 4136.4 004003001009006000 1199.76 004003001009004000
5 1199.76 004003001009004000 4.69733 012000000009011000
5 4.69733 012000000009011000 4403.44 005000001004000004
5 4403.44 005000001004000004 412.292 005000000004000004
5 412.292 005000000004000004 4.69733 012000000009011000
5 4.69733 012000000009011000 184870.0 012003000009006000
5 184870.0 012003000009006000 4154.85 012003000009006006
5 4154.85 012003000009006006 4.69733 012000000009011000
5 4.69733 012000000009011000 111.579 011000000009006000
5 111.579 011000000009006000 85.5495 011000000009006003
5 85.5495 011000000009006003 4.69733 012000000009011000
5 4.69733 012000000009011000 218875.0 002000001010008003
5 218875.0 002000001010008003 9580.53 002000001010008005
5 9580.53 002000001010008005 4.69733 012000000009011000
5 4.69733 012000000009011000 2196.91 002000001007011000
5 2196.91 002000001007011000 266.899 002000001006011000
5 266.899 002000001006011000 4.69733 012000000009011000
5 4.69733 012000000009011000 29155.9 002004000010008003
5 29155.9 002004000010008003 3508.61 002004000005008003
5 3508.61 002004000005008003 4.69733 012000000009011000
5 4.69733 012000000009011000 4435.17 012000001008006004
5 4435.17 012000001008006004 2161.62 019000001008006004
5 2161.62 019000001008006004 4.69733 012000000009011000
5 4.69733 012000000009011000 1265.4185 002001001002001004
5 1265.4185 002001001002001004 1265.4185 002001001002001004
5 1265.4185 002001001002001004 4.69733 012000000009011000
5 4.69733 012000000009011000 9243.42 005000002010000000
5 9243.42 005000002010000000 2692.47 005006002010000000
5 2692.47 005006002010000000 4.69733 012000000009011000
5 4.69733 012000000009011000 32511600.0 005004001008002000
5 32511600.0 005004001008002000 32511600.0 005004001008002000
5 32511600.0 005004001008002000 4.69733 012000000009011000
5 4.69733 012000000009011000 832.303 014001000003011001
5 832.303 014001000003011001 14.2962 014004000003011001
5 14.2962 014004000003011001 4.69733 012000000009011000
5 4.69733 012000000009011000 371276.0 017001000010006007
5 371276.0 017001000010006007 16.4001 014001000010006007
5 16.4001 014001000010006007 4.69733 012000000009011000
5 4.69733 012000000009011000 147477.0 002002001010001001
5 147477.0 002002001010001001 203.642 002002001010000001
5 203.642 002002001010000001 4.69733 012000000009011000
5 4.69733 012000000009011000 162727000.0 005000000000000001
5 162727000.0 005000000000000001 47.587 011000000000000001
5 47.587 011000000000000001 4.69733 012000000009011000
5 4.69733 012000000009011000 132.937 005004000007001000
5 132.937 005004000007001000 43.1181 000004000007001000
5 43.1181 000004000007001000 4.69733 012000000009011000
5 4.69733 012000000009011000 4077.31 012004000000001001
5 4077.31 012004000000001001 4077.31 012004000000001001
5 4077.31 012004000000001001 4.69733 012000000009011000
5 4.69733 012000000009011000 2308.4 011004001010011000
5 2308.4 011004001010011000 1512.2 011004001010011008
5 1512.2 011004001010011008 4.69733 012000000009011000
5 4.69733 012000000009011000 2609410000.0 001001000004003000
5 2609410000.0 001001000004003000 2609410000.0 001001000004003000
5 2609410000.0 001001000004003000 4.69733 012000000009011000
5 4.69733 012000000009011000 3761.12 001001000008006004
5 3761.12 001001000008006004 76.3829 001001000008006001
5 76.3829 001001000008006001 4.69733 012000000009011000
5 4.69733 012000000009011000 4323.74 013003000004008003
5 4323.74 013003000004008003 127.151 013003000004008005
5 127.151 013003000004008005 4.69733 012000000009011000
5 4.69733 012000000009011000 6623.7 012002002004011004
5 6623.7 012002002004011004 1834.92 015002002004011004
5 1834.92 015002002004011004 4.69733 012000000009011000
5 4.69733 012000000009011000 9.31998 013000000011011000
5 9.31998 013000000011011000 4.69733 012000000009011000
5 4.69733 012000000009011000 8.95328 007000002009006007
5 8.95328 007000002009006007 3497.57 005000000010006003
5 3497.57 005000000010006003 119.892 005000000010005003
5 119.892 005000000010005003 4.69733 012000000009011000
5 4.69733 012000000009011000 283.108 011005002008000007
5 283.108 011005002008000007 147.471 007005002008000007
5 147.471 007005002008000007 4.69733 012000000009011000
5 4.69733 012000000009011000 119.752 012001000010012001
5 119.752 012001000010012001 20.9583 012001000010005001
5 20.9583 012001000010005001 4.69733 012000000009011000
5 4.69733 012000000009011000 23.1697 002000001000011002
5 23.1697 002000001000011002 12.5683 002000001000011008
5 12.5683 002000001000011008 4.69733 012000000009011000
5 4.69733 012000000009011000 70.1428 012001000008011001
5 70.1428 012001000008011001 24.522 012001000002011001
5 24.522 012001000002011001 4.69733 012000000009011000
5 4.69733 012000000009011000 43.462745 012000000000011004
5 43.462745 012000000000011004 43.462745 012000000000011004
5 43.462745 012000000000011004 4.69733 012000000009011000
5 4.69733 012000000009011000 37.0733 014001000009011002
5 37.0733 014001000009011002 37.0733 014001000009011002
5 37.0733 014001000009011002 4.69733 012000000009011000
5 4.69733 012000000009011000 162.508 012002000000006007
5 162.508 012002000000006007 113.357 012002002000006007
5 113.357 012002002000006007 4.69733 012000000009011000
5 4.69733 012000000009011000 7084.61 013000000000008001
5 7084.61 013000000000008001 4789.98 003000000000008001
5 4789.98 003000000000008001 4.69733 012000000009011000
5 4.69733 012000000009011000 3495.71 014005000009008004
5 3495.71 014005000009008004 57.9529 014005000012008004
5 57.9529 014005000012008004 4.69733 012000000009011000
5 4.69733 012000000009011000 462715000000000.0 007003000004001003
5 462715000000000.0 007003000004001003 306003.0 007003000004005003
5 306003.0 007003000004005003 4.69733 012000000009011000
5 4.69733 012000000009011000 37707.5 005004000009011008
5 37707.5 005004000009011008 3490.52 005004000009011001
5 3490.52 005004000009011001 4.69733 012000000009011000
5 4.69733 012000000009011000 1415.68 012002000004011004
5 1415.68 012002000004011004 370.756 012002000004011002
5 370.756 012002000004011002 4.69733 012000000009011000
5 4.69733 012000000009011000 8948.29 014000000005011000
5 8948.29 014000000005011000 8948.29 014000000005011000
5 8948.29 014000000005011000 4.69733 012000000009011000
5 4.69733 012000000009011000 163.925 003005000000006004
5 163.925 003005000000006004 66.2981 003005000008006004
5 66.2981 003005000008006004 4.69733 012000000009011000
5 4.69733 012000000009011000 253094.0 003004000005000004
5 253094.0 003004000005000004 252075.0 012004000005000004
5 252075.0 012004000005000004 4.69733 012000000009011000
5 4.69733 012000000009011000 23042.9 011003000003000000
5 23042.9 011003000003000000 4441.99 011003000003002000
5 4441.99 011003000003002000 4.69733 012000000009011000
5 4.69733 012000000009011000 3555.95 011002000010011001
5 3555.95 011002000010011001 90.1437 011005000010011001
5 90.1437 011005000010011001 4.69733 012000000009011000
5 4.69733 012000000009011000 7382.02 014001000000006002
5 7382.02 014001000000006002 83.3069 014001000009006002
5 83.3069 014001000009006002 4.69733 012000000009011000
5 4.69733 012000000009011000 173.363 005005000004006001
5 173.363 005005000004006001 4.69733 012000000009011000
5 4.69733 012000000009011000 8.95328 007000002009006007
5 8.95328 007000002009006007 4222.14 001004001005011000
5 4222.14 001004001005011000 2046.43 001000001005011000
5 2046.43 001000001005011000 4.69733 012000000009011000
5 4.69733 012000000009011000 12973.3 002005000007011004
5 12973.3 002005000007011004 364.508 015005000007011004
5 364.508 015005000007011004 4.69733 012000000009011000
5 4.69733 012000000009011000 3443.76 001000000010011000
5 3443.76 001000000010011000 64.4596 001000000010011006
5 64.4596 001000000010011006 4.69733 012000000009011000
5 4.69733 012000000009011000 14868.8 004005000004008000
5 14868.8 004005000004008000 2507.8 004005000004005000
5 2507.8 004005000004005000 4.69733 012000000009011000
5 4.69733 012000000009011000 1099490000.0 014004000009001001
5 1099490000.0 014004000009001001 332.553 014004000009011001
5 332.553 014004000009011001 4.69733 012000000009011000
5 4.69733 012000000009011000 391391.0 005000001000011000
5 391391.0 005000001000011000 5726.12 011000001000011000
5 5726.12 011000001000011000 4.69733 012000000009011000
5 4.69733 012000000009011000 77.9479 001000000010003001
5 77.9479 001000000010003001 313.21 001000000000003001
5 313.21 001000000000003001 4.69733 012000000009011000
5 4.69733 012000000009011000 479.976 013001000005011001
5 479.976 013001000005011001 139.028 013001000005011003
5 139.028 013001000005011003 4.69733 012000000009011000
5 4.69733 012000000009011000 20920.2 011001000009011000
5 20920.2 011001000009011000 3200.62 013001000009011000
5 3200.62 013001000009011000 4.69733 012000000009011000
5 4.69733 012000000009011000 408787000.0 005005000008001000
5 408787000.0 005005000008001000 4269.64 005005000012001000
5 4269.64 005005000012001000 4.69733 012000000009011000
5 4.69733 012000000009011000 4.25504 011001000012011000
5 4.25504 011001000012011000 4.69733 012000000009011000
5 4.69733 012000000009011000 8.95328 007000002009006007
5 8.95328 007000002009006007 264330.0 001001000012005000
5 264330.0 001001000012005000 135965.0 001001000012005003
5 135965.0 001001000012005003 4.25504 011001000012011000
5 4.25504 011001000012011000 108.589 005000001004006001
5 108.589 005000001004006001 19.7844 005000001004008001
5 19.7844 005000001004008001 4.25504 011001000012011000
5 4.25504 011001000012011000 4466.37 002004001012008000
5 4466.37 002004001012008000 447.183 002004001009008000
5 447.183 002004001009008000 4.25504 011001000012011000
5 4.25504 011001000012011000 3697.33 014000000002011002
5 3697.33 014000000002011002 2011.48 005000000002011002
5 2011.48 005000000002011002 4.25504 011001000012011000
5 4.25504 011001000012011000 41.5264 005000000004011000
5 41.5264 005000000004011000 17.66 003000000004011000
5 17.66 003000000004011000 4.25504 011001000012011000
5 4.25504 011001000012011000 3560.14 003005000003006007
5 3560.14 003005000003006007 50.5547 003005000003011007
5 50.5547 003005000003011007 4.25504 011001000012011000
5 4.25504 011001000012011000 4536.05 001000002003008002
5 4536.05 001000002003008002 4536.05 001000002003008002
5 4536.05 001000002003008002 4.25504 011001000012011000
5 4.25504 011001000012011000 72.8144 002000000004011003
5 72.8144 002000000004011003 53.4192 002000000000011003
5 53.4192 002000000000011003 4.25504 011001000012011000
5 4.25504 011001000012011000 103.786 003005000003011000
5 103.786 003005000003011000 103.786 003005000003011000
5 103.786 003005000003011000 4.25504 011001000012011000
5 4.25504 011001000012011000 2309.3 012005001004006001
5 2309.3 012005001004006001 90.6508 012005001004005001
5 90.6508 012005001004005001 4.25504 011001000012011000
5 4.25504 011001000012011000 3745460.0 014000000000001001
5 3745460.0 014000000000001001 93746.9 016000000000001001
5 93746.9 016000000000001001 4.25504 011001000012011000
5 4.25504 011001000012011000 271863.0 002004000004002001
5 271863.0 002004000004002001 7002.11 002004000003002001
5 7002.11 002004000003002001 4.25504 011001000012011000
5 4.25504 011001000012011000 3882.56 002000001000006008
5 3882.56 002000001000006008 55.2282 002002001000006008
5 55.2282 002002001000006008 4.25504 011001000012011000
5 4.25504 011001000012011000 79.388 002002000008008001
5 79.388 002002000008008001 4.73099 002005000008008001
5 4.73099 002005000008008001 4.25504 011001000012011000
5 4.25504 011001000012011000 186.701 014004001012011004
5 186.701 014004001012011004 176.944 014005001012011004
5 176.944 014005001012011004 4.25504 011001000012011000
5 4.25504 011001000012011000 183.758 002000000000011001
5 183.758 002000000000011001 80.7122 011000000000011001
5 80.7122 011000000000011001 4.25504 011001000012011000
5 4.25504 011001000012011000 7119.03 002004000000011007
5 7119.03 002004000000011007 59.5874 008004000000011007
5 59.5874 008004000000011007 4.25504 011001000012011000
5 4.25504 011001000012011000 7533.37 012005001012011001
5 7533.37 012005001012011001 4.25504 011001000012011000
5 4.25504 011001000012011000 4.69733 012000000009011000
5 4.69733 012000000009011000 16.5001 014000000010008002
5 16.5001 014000000010008002 4.25504 011001000012011000
5 4.25504 011001000012011000 4.69733 012000000009011000
5 4.69733 012000000009011000 95710300.0 012001001010011002
5 95710300.0 012001001010011002 52.1622 012001000010011002
5 52.1622 012001000010011002 4.25504 011001000012011000
5 4.25504 011001000012011000 190.095 000003000010011001
5 190.095 000003000010011001 143.945 000003000010011002
5 143.945 000003000010011002 4.25504 011001000012011000
5 4.25504 011001000012011000 3116.82 001000000005006004
5 3116.82 001000000005006004 51.5157 001001000005006004
5 51.5157 001001000005006004 4.25504 011001000012011000
5 4.25504 011001000012011000 60692.7 002001000003006008
5 60692.7 002001000003006008 247.55 017001000003006008
5 247.55 017001000003006008 4.25504 011001000012011000
5 4.25504 011001000012011000 56832.5 012005000012006001
5 56832.5 012005000012006001 31504.9 012005000012012001
5 31504.9 012005000012012001 4.25504 011001000012011000
5 4.25504 011001000012011000 6765.92 012004000004011008
5 6765.92 012004000004011008 61.3218 012004000004011007
5 61.3218 012004000004011007 4.25504 011001000012011000
5 4.25504 011001000012011000 850.881 003001000008001007
5 850.881 003001000008001007 643.797 003001001008001007
5 643.797 003001001008001007 4.25504 011001000012011000
5 4.25504 011001000012011000 1840.62 003002001010011000
5 1840.62 003002001010011000 4.25504 011001000012011000
5 4.25504 011001000012011000 4.69733 012000000009011000
5 4.69733 012000000009011000 1939.474 002001000000011003
5 1939.474 002001000000011003 1939.474 002001000000011003
5 1939.474 002001000000011003 4.25504 011001000012011000
5 4.25504 011001000012011000 23016.3 002001000004008003
5 23016.3 002001000004008003 8188.38 002001000004004003
5 8188.38 002001000004004003 4.25504 011001000012011000
5 4.25504 011001000012011000 15167.4 011005000010011002
5 15167.4 011005000010011002 15167.4 011005000010011002
5 15167.4 011005000010011002 4.25504 011001000012011000
5 4.25504 011001000012011000 129778000.0 002005000000011000
5 129778000.0 002005000000011000 5580.72 002005000001011000
5 5580.72 002005000001011000 4.25504 011001000012011000
5 4.25504 011001000012011000 304.603 012002000000006004
5 304.603 012002000000006004 4.25504 011001000012011000
5 4.25504 011001000012011000 4.69733 012000000009011000
5 4.69733 012000000009011000 7127.37 012000000007008004
5 7127.37 012000000007008004 3386.36 012000000007006004
5 3386.36 012000000007006004 4.25504 011001000012011000
5 4.25504 011001000012011000 3647.85 008000000003011000
5 3647.85 008000000003011000 117.635 008000000003012000
5 117.635 008000000003012000 4.25504 011001000012011000
5 4.25504 011001000012011000 2455.69 014001001010001001
5 2455.69 014001001010001001 535.267 014004001010001001
5 535.267 014004001010001001 4.25504 011001000012011000
5 4.25504 011001000012011000 6366.58 007000000004000002
5 6366.58 007000000004000002 406.618 007000002004000002
5 406.618 007000002004000002 4.25504 011001000012011000
5 4.25504 011001000012011000 3502.59 003000000007008004
5 3502.59 003000000007008004 3439.26 003000000007002004
5 3439.26 003000000007002004 4.25504 011001000012011000
5 4.25504 011001000012011000 3747.34 014004000004011000
5 3747.34 014004000004011000 196.167 014004000004011004
5 196.167 014004000004011004 4.25504 011001000012011000
5 4.25504 011001000012011000 24372.8 014005001004011001
5 24372.8 014005001004011001 2911.7 014005001004002001
5 2911.7 014005001004002001 4.25504 011001000012011000
5 4.25504 011001000012011000 3623.29 003005000004011004
5 3623.29 003005000004011004 20.8261 003005000007011004
5 20.8261 003005000007011004 4.25504 011001000012011000
5 4.25504 011001000012011000 450574787.035 014005001004011003
5 450574787.035 014005001004011003 450574787.035 014005001004011003
5 450574787.035 014005001004011003 4.25504 011001000012011000
5 4.25504 011001000012011000 159.903 014000001010011000
5 159.903 014000001010011000 4.25504 011001000012011000
5 4.25504 011001000012011000 4.69733 012000000009011000
5 4.69733 012000000009011000 17913.6 002005000012011000
5 17913.6 002005000012011000 365.7 007005000012011000
5 365.7 007005000012011000 4.25504 011001000012011000
5 4.25504 011001000012011000 64.687 005005000009011002
5 64.687 005005000009011002 15.0259 002005000009011002
5 15.0259 002005000009011002 4.25504 011001000012011000
5 4.25504 011001000012011000 3683.65 012004000010011001
5 3683.65 012004000010011001 2128.55 012004002010011001
5 2128.55 012004002010011001 4.25504 011001000012011000
5 4.25504 011001000012011000 1705.0930999999998 005004000008012006
5 1705.0930999999998 005004000008012006 1705.0930999999998 005004000008012006
5 1705.0930999999998 005004000008012006 4.25504 011001000012011000
5 4.25504 011001000012011000 54.3314 013004000004011004
5 54.3314 013004000004011004 41.6739 013004000004011006
5 41.6739 013004000004011006 4.25504 011001000012011000
5 4.25504 011001000012011000 421.337 011004000003011001
5 421.337 011004000003011001 61.3507 011004000003012001
5 61.3507 011004000003012001 4.25504 011001000012011000
5 4.25504 011001000012011000 270.412 008000000000011002
5 270.412 008000000000011002 56.6884 008002000000011002
5 56.6884 008002000000011002 4.25504 011001000012011000
5 4.25504 011001000012011000 566.007 005005000004011002
5 566.007 005005000004011002 338.455 018005000004011002
5 338.455 018005000004011002 4.25504 011001000012011000
5 4.25504 011001000012011000 3613720000.0 012000001002000000
5 3613720000.0 012000001002000000 1572370000.0 012004001002000000
5 1572370000.0 012004001002000000 4.25504 011001000012011000
5 4.25504 011001000012011000 3526.89 002001000002011002
5 3526.89 002001000002011002 3378.06 002001000002009002
5 3378.06 002001000002009002 4.25504 011001000012011000
5 4.25504 011001000012011000 228.788 012005000010011000
5 228.788 012005000010011000 168.071 012006000010011000
5 168.071 012006000010011000 4.25504 011001000012011000
5 4.25504 011001000012011000 2626.7 002004000010000000
5 2626.7 002004000010000000 1647.44 009004000010000000
5 1647.44 009004000010000000 4.25504 011001000012011000
5 4.25504 011001000012011000 6.80085 013004000005001007
5 6.80085 013004000005001007 4.25504 011001000012011000
5 4.25504 011001000012011000 4.69733 012000000009011000
5 4.69733 012000000009011000 521.249 005004000009011000
5 521.249 005004000009011000 140.437 005004000009007000
5 140.437 005004000009007000 4.25504 011001000012011000
5 4.25504 011001000012011000 185.648 002004000010006004
5 185.648 002004000010006004 11.5003 015004000010006004
5 11.5003 015004000010006004 4.25504 011001000012011000
5 4.25504 011001000012011000 64.562 012001000009011004
5 64.562 012001000009011004 61.7411 016001000009011004
5 61.7411 016001000009011004 4.25504 011001000012011000
5 4.25504 011001000012011000 4543.17 014000001007011002
5 4543.17 014000001007011002 4298.44 014000001007011007
5 4298.44 014000001007011007 4.25504 011001000012011000
5 4.25504 011001000012011000 4800.475 001002001010011001
5 4800.475 001002001010011001 4800.475 001002001010011001
5 4800.475 001002001010011001 4.25504 011001000012011000
5 4.25504 011001000012011000 237339000.0 011001000010002001
5 237339000.0 011001000010002001 478189.0 011001000003002001
5 478189.0 011001000003002001 4.25504 011001000012011000
5 4.25504 011001000012011000 20492.7 013000000000006001
5 20492.7 013000000000006001 5351.65 006000000000006001
5 5351.65 006000000000006001 4.25504 011001000012011000
5 4.25504 011001000012011000 3366.43 002004000005011001
5 3366.43 002004000005011001 432.293 003004000005011001
5 432.293 003004000005011001 4.25504 011001000012011000
5 4.25504 011001000012011000 2248.57 011005000005001001
5 2248.57 011005000005001001 104.727 011005000005009001
5 104.727 011005000005009001 4.25504 011001000012011000
5 4.25504 011001000012011000 3354.41 011001000005012001
5 3354.41 011001000005012001 419.912 011001002005012001
5 419.912 011001002005012001 4.25504 011001000012011000
5 4.25504 011001000012011000 11.3621 001004000009008001
5 11.3621 001004000009008001 11.3621 001004000009008001
5 11.3621 001004000009008001 4.25504 011001000012011000
5 4.25504 011001000012011000 1076.52 013004000005001003
5 1076.52 013004000005001003 4.25504 011001000012011000
5 4.25504 011001000012011000 4.69733 012000000009011000
5 4.69733 012000000009011000 9250750000.0 012001000004000000
5 9250750000.0 012001000004000000 8474.46 012001002004000000
5 8474.46 012001002004000000 4.25504 011001000012011000
5 4.25504 011001000012011000 175.685 007000000012008001
5 175.685 007000000012008001 89.5927 007000000012008005
5 89.5927 007000000012008005 4.25504 011001000012011000
5 4.25504 011001000012011000 18.4693 001001000011008002
5 18.4693 001001000011008002 15.9743 001001000011005002
5 15.9743 001001000011005002 4.25504 011001000012011000
6 4.25504 011001000012011000 50959300.0 009004001010000002
6 50959300.0 009004001010000002 344.928 013004001010000002
6 344.928 013004001010000002 22.7195 014005000007009009
6 22.7195 014005000007009009 8486.45 007004002004009003
6 8486.45 007004002004009003 6419.94 007004002004009000
6 6419.94 007004002004009000 22.7195 014005000007009009
6 22.7195 014005000007009009 3575.83 011005002008009003
6 3575.83 011005002008009003 264.801 011005002008008003
6 264.801 011005002008008003 22.7195 014005000007009009
6 22.7195 014005000007009009 157.723 020004002009009003
6 157.723 020004002009009003 12.3406 000004002009009003
6 12.3406 000004002009009003 22.7195 014005000007009009
6 22.7195 014005000007009009 9.76635 011004000003010003
6 9.76635 011004000003010003 12.3406 000004002009009003
6 12.3406 000004002009009003 22.7195 014005000007009009
6 22.7195 014005000007009009 318.709 011002001009007003
6 318.709 011002001009007003 55.8146 011002001009007008
6 55.8146 011002001009007008 9.76635 011004000003010003
6 9.76635 011004000003010003 172951.0 005002001003003003
6 172951.0 005002001003003003 4495.83 005002001007003003
6 4495.83 005002001007003003 9.76635 011004000003010003
6 9.76635 011004000003010003 972257000.0 008004001001010001
6 972257000.0 008004001001010001 2367.82 008002001001010001
6 2367.82 008002001001010001 9.76635 011004000003010003
6 9.76635 011004000003010003 8471.61 011001001007007003
6 8471.61 011001001007007003 975.072 004001001007007003
6 975.072 004001001007007003 9.76635 011004000003010003
6 9.76635 011004000003010003 3805.06 000004001006008002
6 3805.06 000004001006008002 427.208 000004001006004002
6 427.208 000004001006004002 9.76635 011004000003010003
6 9.76635 011004000003010003 243.932 005004001004009004
6 243.932 005004001004009004 243.932 005004001004009004
6 243.932 005004001004009004 9.76635 011004000003010003
6 9.76635 011004000003010003 66757.7 012000002009011003
6 66757.7 012000002009011003 15.6496 012000000009011003
6 15.6496 012000000009011003 9.76635 011004000003010003
6 9.76635 011004000003010003 11137.3 011002002007005003
6 11137.3 011002002007005003 879.721 011002001007005003
6 879.721 011002001007005003 9.76635 011004000003010003
6 9.76635 011004000003010003 910872.0 005005001004009003
6 910872.0 005005001004009003 6621.32 005005001004000003
6 6621.32 005005001004000003 9.76635 011004000003010003
6 9.76635 011004000003010003 76.7017 000002000009008001
6 76.7017 000002000009008001 23.6808 008002000009008001
6 23.6808 008002000009008001 9.76635 011004000003010003
6 9.76635 011004000003010003 217763.0 011000001003000009
6 217763.0 011000001003000009 104.275 015000001003000009
6 104.275 015000001003000009 9.76635 011004000003010003
6 9.76635 011004000003010003 209044.0 000001001004007003
6 209044.0 000001001004007003 708.239 000003001004007003
6 708.239 000003001004007003 9.76635 011004000003010003
6 9.76635 011004000003010003 3230.22 005004000007011002
6 3230.22 005004000007011002 10.1056 005004000008011002
6 10.1056 005004000008011002 9.76635 011004000003010003
6 9.76635 011004000003010003 20.4743 002004000008011003
6 20.4743 002004000008011003 1543.86 002001000008011003
6 1543.86 002001000008011003 9.76635 011004000003010003
6 9.76635 011004000003010003 106099.0 004002002009010003
6 106099.0 004002002009010003 90.2724 004002002009012003
6 90.2724 004002002009012003 9.76635 011004000003010003
6 9.76635 011004000003010003 935.133 011001001003003003
6 935.133 011001001003003003 234.442 011001001003003004
6 234.442 011001001003003004 9.76635 011004000003010003
6 9.76635 011004000003010003 4087.91 004004002002007003
6 4087.91 004004002002007003 35.5914 004004001002007003
6 35.5914 004004001002007003 9.76635 011004000003010003
6 9.76635 011004000003010003 1038000.0 004004001006008001
6 1038000.0 004004001006008001 236980.0 004004001006008004
6 236980.0 004004001006008004 9.76635 011004000003010003
6 9.76635 011004000003010003 121.234 000004000002006003
6 121.234 000004000002006003 23.3801 000004000002004003
6 23.3801 000004000002004003 9.76635 011004000003010003
6 9.76635 011004000003010003 3441.82 000002000004008008
6 3441.82 000002000004008008 3307.66 005002000004008008
6 3307.66 005002000004008008 9.76635 011004000003010003
6 9.76635 011004000003010003 334394.0 005002002002003001
6 334394.0 005002002002003001 2563.93 008002002002003001
6 2563.93 008002002002003001 9.76635 011004000003010003
6 9.76635 011004000003010003 69922900.0 010004001009008003
6 69922900.0 010004001009008003 4454.64 003004001009008003
6 4454.64 003004001009008003 9.76635 011004000003010003
6 9.76635 011004000003010003 1926.28 005002000009006002
6 1926.28 005002000009006002 1926.28 005002000009006002
6 1926.28 005002000009006002 9.76635 011004000003010003
6 9.76635 011004000003010003 253300.0 012000001000008000
6 253300.0 012000001000008000 55.9976 012000001000005000
6 55.9976 012000001000005000 9.76635 011004000003010003
6 9.76635 011004000003010003 456.97 013001002009006003
6 456.97 013001002009006003 195.072 013001002003006003
6 195.072 013001002003006003 9.76635 011004000003010003
6 9.76635 011004000003010003 4503.46 004001002002011003
6 4503.46 004001002002011003 1863.85 004001002002011002
6 1863.85 004001002002011002 9.76635 011004000003010003
6 9.76635 011004000003010003 352298000.0 013005001009006004
6 352298000.0 013005001009006004 304865.0 013000001009006004
6 304865.0 013000001009006004 9.76635 011004000003010003
6 9.76635 011004000003010003 332.157 006004000000007003
6 332.157 006004000000007003 0.319163 006004000000012003
6 0.319163 006004000000012003 9.76635 011004000003010003
6 9.76635 011004000003010003 1673080000.0 011004001005006000
6 1673080000.0 011004001005006000 638.392 011004001005005000
6 638.392 011004001005005000 0.319163 006004000000012003
6 0.319163 006004000000012003 4368.82 000002002009003002
6 4368.82 000002002009003002 3526.27 000002000009003002
6 3526.27 000002000009003002 0.319163 006004000000012003
6 0.319163 006004000000012003 3345.585 012004002008007001
6 3345.585 012004002008007001 3345.585 012004002008007001
6 3345.585 012004002008007001 0.319163 006004000000012003
6 0.319163 006004000000012003 356.7205 012001000006006004
6 356.7205 012001000006006004 356.7205 012001000006006004
6 356.7205 012001000006006004 0.319163 006004000000012003
6 0.319163 006004000000012003 596.169 008005001004001003
6 596.169 008005001004001003 93.7451 008005002004001003
6 93.7451 008005002004001003 0.319163 006004000000012003
6 0.319163 006004000000012003 1259330000.0 011005001003010001
6 1259330000.0 011005001003010001 4568.79 011005001003000001
6 4568.79 011005001003000001 0.319163 006004000000012003
6 0.319163 006004000000012003 185.465 013001000003003003
6 185.465 013001000003003003 168.483 008001000003003003
6 168.483 008001000003003003 0.319163 006004000000012003
6 0.319163 006004000000012003 76.8675 004002000002010003
6 76.8675 004002000002010003 72.4348 004002000010010003
6 72.4348 004002000010010003 0.319163 006004000000012003
6 0.319163 006004000000012003 259765.0 013002001009006003
6 259765.0 013002001009006003 49640.9 009002001009006003
6 49640.9 009002001009006003 0.319163 006004000000012003
6 0.319163 006004000000012003 635413000.0 011000001009004000
6 635413000.0 011000001009004000 4777.43 011000001001004000
6 4777.43 011000001001004000 0.319163 006004000000012003
6 0.319163 006004000000012003 352.764 000005001004010000
6 352.764 000005001004010000 15.6905 000005001004010002
6 15.6905 000005001004010002 0.319163 006004000000012003
6 0.319163 006004000000012003 3741.3 008000001004004009
6 3741.3 008000001004004009 1693.26 008000002004004009
6 1693.26 008000002004004009 0.319163 006004000000012003
6 0.319163 006004000000012003 106.146 011002000000001008
6 106.146 011002000000001008 103.648 011002000000001007
6 103.648 011002000000001007 0.319163 006004000000012003
6 0.319163 006004000000012003 243782.0 002004001011004003
6 243782.0 002004001011004003 4396.23 002004001006004003
6 4396.23 002004001006004003 0.319163 006004000000012003
6 0.319163 006004000000012003 59.5349 012001000006011004
6 59.5349 012001000006011004 0.319163 006004000000012003
6 0.319163 006004000000012003 9.76635 011004000003010003
6 9.76635 011004000003010003 488785000.0 011001001009008002
6 488785000.0 011001001009008002 3294.54 011001000009008002
6 3294.54 011001000009008002 0.319163 006004000000012003
6 0.319163 006004000000012003 4391.31 006001002000008003
6 4391.31 006001002000008003 160.428 001001002000008003
6 160.428 001001002000008003 0.319163 006004000000012003
6 0.319163 006004000000012003 29288.5 001004000009006004
6 29288.5 001004000009006004 3344.97 003004000009006004
6 3344.97 003004000009006004 0.319163 006004000000012003
6 0.319163 006004000000012003 25.9682 002002001008000003
6 25.9682 002002001008000003 7.74144 002002001009000003
6 7.74144 002002001009000003 0.319163 006004000000012003
6 0.319163 006004000000012003 188765000.0 006004002004006001
6 188765000.0 006004002004006001 754.9 006005002004006001
6 754.9 006005002004006001 0.319163 006004000000012003
6 0.319163 006004000000012003 166.2851 006004000000010003
6 166.2851 006004000000010003 166.2851 006004000000010003
6 166.2851 006004000000010003 0.319163 006004000000012003
6 0.319163 006004000000012003 48.8054 011005000000010003
6 48.8054 011005000000010003 21.894 011005000009010003
6 21.894 011005000009010003 0.319163 006004000000012003
6 0.319163 006004000000012003 2732985388.889 012002001002001003
6 2732985388.889 012002001002001003 2732985388.889 012002001002001003
6 2732985388.889 012002001002001003 0.319163 006004000000012003
6 0.319163 006004000000012003 6754.97 006004001009006003
6 6754.97 006004001009006003 12.8067 006004001009006008
6 12.8067 006004001009006008 0.319163 006004000000012003
6 0.319163 006004000000012003 511252000.0 011005001009003002
6 511252000.0 011005001009003002 2357.27 011005001010003002
6 2357.27 011005001010003002 0.319163 006004000000012003
6 0.319163 006004000000012003 194.014 011005000008001002
6 194.014 011005000008001002 0.319163 006004000000012003
6 0.319163 006004000000012003 7.74144 002002001009000003
6 7.74144 002002001009000003 1865.4265 012004000002006003
6 1865.4265 012004000002006003 1865.4265 012004000002006003
6 1865.4265 012004000002006003 0.319163 006004000000012003
6 0.319163 006004000000012003 333234000.0 012004002006006002
6 333234000.0 012004002006006002 165254000.0 012004002006008002
6 165254000.0 012004002006008002 0.319163 006004000000012003
6 0.319163 006004000000012003 3401.87 002001000002009003
6 3401.87 002001000002009003 92.6268 002002000002009003
6 92.6268 002002000002009003 0.319163 006004000000012003
6 0.319163 006004000000012003 203054000.0 012004000000008000
6 203054000.0 012004000000008000 16322.2 012004000002008000
6 16322.2 012004000002008000 0.319163 006004000000012003
6 0.319163 006004000000012003 847.062 000000001002008003
6 847.062 000000001002008003 15.4678 000000001002008001
6 15.4678 000000001002008001 0.319163 006004000000012003
6 0.319163 006004000000012003 50279.3 013002000002006003
6 50279.3 013002000002006003 28490.1 001002000002006003
6 28490.1 001002000002006003 0.319163 006004000000012003
6 0.319163 006004000000012003 1283.75 011000000008001003
6 1283.75 011000000008001003 406.256 011000000008002003
6 406.256 011000000008002003 0.319163 006004000000012003
6 0.319163 006004000000012003 131.7015 020004001008007009
6 131.7015 020004001008007009 131.7015 020004001008007009
6 131.7015 020004001008007009 0.319163 006004000000012003
6 0.319163 006004000000012003 4284.53 002002000003001003
6 4284.53 002002000003001003 0.319163 006004000000012003
6 0.319163 006004000000012003 7.74144 002002001009000003
6 7.74144 002002001009000003 485.044 012000001009003004
6 485.044 012000001009003004 358.421 012000001009003000
6 358.421 012000001009003000 0.319163 006004000000012003
6 0.319163 006004000000012003 3391.46 001004002000008008
6 3391.46 001004002000008008 12.7983 001004002000002008
6 12.7983 001004002000002008 0.319163 006004000000012003
6 0.319163 006004000000012003 210673.0 012004001000007003
6 210673.0 012004001000007003 1052.81 012004001000003003
6 1052.81 012004001000003003 0.319163 006004000000012003
6 0.319163 006004000000012003 1793.07 013000002003003009
6 1793.07 013000002003003009 1505.83 013006002003003009
6 1505.83 013006002003003009 0.319163 006004000000012003
6 0.319163 006004000000012003 250777.0 015005002009001000
6 250777.0 015005002009001000 1794.02 015005002002001000
6 1794.02 015005002002001000 0.319163 006004000000012003
6 0.319163 006004000000012003 127.932 001004000002000002
6 127.932 001004000002000002 0.319163 006004000000012003
6 0.319163 006004000000012003 7.74144 002002001009000003
6 7.74144 002002001009000003 126.842 004001001009007008
6 126.842 004001001009007008 55.8072 004001002009007008
6 55.8072 004001002009007008 0.319163 006004000000012003
6 0.319163 006004000000012003 90.2724 004002002009012003
6 90.2724 004002002009012003 6065.38 004001002009012003
6 6065.38 004001002009012003 0.319163 006004000000012003
6 0.319163 006004000000012003 24.8453 000002000006008008
6 24.8453 000002000006008008 0.319163 006004000000012003
6 0.319163 006004000000012003 7.74144 002002001009000003
6 7.74144 002002001009000003 4448.4 000000001008008002
6 4448.4 000000001008008002 289.566 019000001008008002
6 289.566 019000001008008002 0.319163 006004000000012003
6 0.319163 006004000000012003 9227.81 001004000003001001
6 9227.81 001004000003001001 4415.46 011004000003001001
6 4415.46 011004000003001001 0.319163 006004000000012003
6 0.319163 006004000000012003 265.173 000002001003012002
6 265.173 000002001003012002 201.21 000002001003012004
6 201.21 000002001003012004 0.319163 006004000000012003
6 0.319163 006004000000012003 564497000.0 012002001009001003
6 564497000.0 012002001009001003 1734.63 002002001009001003
6 1734.63 002002001009001003 0.319163 006004000000012003
6 0.319163 006004000000012003 22188.0 005002001000010002
6 22188.0 005002001000010002 321.674 005002001000010006
6 321.674 005002001000010006 0.319163 006004000000012003
6 0.319163 006004000000012003 82851200.0 005005001000007003
6 82851200.0 005005001000007003 395.686 005005001000011003
6 395.686 005005001000011003 0.319163 006004000000012003
6 0.319163 006004000000012003 1129790.0 004005001000011003
6 1129790.0 004005001000011003 101.208 004005001000011005
6 101.208 004005001000011005 0.319163 006004000000012003
6 0.319163 006004000000012003 6261760000.0 004006001009008000
6 6261760000.0 004006001009008000 4995.02 013006001009008000
6 4995.02 013006001009008000 0.319163 006004000000012003
6 0.319163 006004000000012003 79.611 001005002009010009
6 79.611 001005002009010009 0.319163 006004000000012003
6 0.319163 006004000000012003 7.74144 002002001009000003
6 7.74144 002002001009000003 278.429 013001001003004003
6 278.429 013001001003004003 0.319163 006004000000012003
6 0.319163 006004000000012003 7.74144 002002001009000003
6 7.74144 002002001009000003 280697000000000.0 000006001006007001
6 280697000000000.0 000006001006007001 8316.43 009006001006007001
6 8316.43 009006001006007001 0.319163 006004000000012003
6 0.319163 006004000000012003 363.232 009001001004009002
6 363.232 009001001004009002 331.569 009004001004009002
6 331.569 009004001004009002 0.319163 006004000000012003
6 0.319163 006004000000012003 227762.0 014002000009010003
6 227762.0 014002000009010003 24948.8 014004000009010003
6 24948.8 014004000009010003 0.319163 006004000000012003
6 0.319163 006004000000012003 2142.75335 006002001002001008
6 2142.75335 006002001002001008 2142.75335 006002001002001008
6 2142.75335 006002001002001008 0.319163 006004000000012003
6 0.319163 006004000000012003 147804030.59 020004000002004003
6 147804030.59 020004000002004003 147804030.59 020004000002004003
6 147804030.59 020004000002004003 0.319163 006004000000012003
6 0.319163 006004000000012003 13256.0 011000000009000003
6 13256.0 011000000009000003 28.5811 011000000009000001
6 28.5811 011000000009000001 0.319163 006004000000012003
6 0.319163 006004000000012003 8.78075 011004000009008002
6 8.78075 011004000009008002 3.33424 011004000009008005
6 3.33424 011004000009008005 0.319163 006004000000012003
6 0.319163 006004000000012003 3887.48 000002001003003008
6 3887.48 000002001003003008 158.371 000002001003003001
6 158.371 000002001003003001 0.319163 006004000000012003
6 0.319163 006004000000012003 15123.7 011004000009006003
6 15123.7 011004000009006003 108.23 011004000012006003
6 108.23 011004000012006003 0.319163 006004000000012003
6 0.319163 006004000000012003 165876000.0 001000000000000004
6 165876000.0 001000000000000004 528.827 001005000000000004
6 528.827 001005000000000004 0.319163 006004000000012003
6 0.319163 006004000000012003 3601.0 000002001008003008
6 3601.0 000002001008003008 121.815 000002001008003000
6 121.815 000002001008003000 0.319163 006004000000012003
6 0.319163 006004000000012003 534.655 011002001009000009
6 534.655 011002001009000009 534.655 011002001009000009
6 534.655 011002001009000009 0.319163 006004000000012003
6 0.319163 006004000000012003 1828080000.0 012002000002003003
6 1828080000.0 012002000002003003 33852.0 012000000002003003
6 33852.0 012000000002003003 0.319163 006004000000012003
6 0.319163 006004000000012003 123.104 004002000006011003
6 123.104 004002000006011003 80.5232 004002000006006003
6 80.5232 004002000006006003 0.319163 006004000000012003
6 0.319163 006004000000012003 530.3765 012002001000011002
6 530.3765 012002001000011002 530.3765 012002001000011002
6 530.3765 012002001000011002 0.319163 006004000000012003
6 0.319163 006004000000012003 4092.98 000005000006008008
6 4092.98 000005000006008008 3286.26 000005000006011008
6 3286.26 000005000006011008 0.319163 006004000000012003
6 0.319163 006004000000012003 107.592 000004000002003003
6 107.592 000004000002003003 23.3801 000004000002004003
6 23.3801 000004000002004003 0.319163 006004000000012003
6 0.319163 006004000000012003 563.007 012004001009000008
6 563.007 012004001009000008 21.0322 009004001009000008
6 21.0322 009004001009000008 0.319163 006004000000012003
6 0.319163 006004000000012003 271220.0 005002000009000002
6 271220.0 005002000009000002 72390.2 005002000012000002
6 72390.2 005002000012000002 0.319163 006004000000012003
6 0.319163 006004000000012003 4514.39 000002001006007004
6 4514.39 000002001006007004 14.0435 000002001006009004
6 14.0435 000002001006009004 0.319163 006004000000012003
6 0.319163 006004000000012003 7.00562 004004001000011009
6 7.00562 004004001000011009 0.319163 006004000000012003
6 0.319163 006004000000012003 3.33424 011004000009008005
6 3.33424 011004000009008005 278.929 000002000000005003
6 278.929 000002000000005003 99.0483 000002000000005002
6 99.0483 000002000000005002 0.319163 006004000000012003
6 0.319163 006004000000012003 6859.77 014005000007010008
6 6859.77 014005000007010008 49.771 014005000008010008
6 49.771 014005000008010008 0.319163 006004000000012003
6 0.319163 006004000000012003 16.4113 014005002000004008
6 16.4113 014005002000004008 0.319163 006004000000012003
6 0.319163 006004000000012003 3.33424 011004000009008005
6 3.33424 011004000009008005 90.1254 011005000002001005
6 90.1254 011005000002001005 0.319163 006004000000012003
6 0.319163 006004000000012003 3.33424 011004000009008005
6 3.33424 011004000009008005 40247.2 000005000000002002
6 40247.2 000005000000002002 10564.8 000005000000001002
6 10564.8 000005000000001002 0.319163 006004000000012003
6 0.319163 006004000000012003 264008.0 001004001000010002
6 264008.0 001004001000010002 3997.41 001004001012010002
6 3997.41 001004001012010002 0.319163 006004000000012003
6 0.319163 006004000000012003 139229.415 014000001008008003
6 139229.415 014000001008008003 139229.415 014000001008008003
6 139229.415 014000001008008003 0.319163 006004000000012003
6 0.319163 006004000000012003 545203.0 011002000002001009
6 545203.0 011002000002001009 354951.0 011002002002001009
6 354951.0 011002002002001009 0.319163 006004000000012003
6 0.319163 006004000000012003 122.892 006001000008003005
6 122.892 006001000008003005 31.3804 014001000008003005
6 31.3804 014001000008003005 0.319163 006004000000012003
6 0.319163 006004000000012003 1746.09 002002001000009003
6 1746.09 002002001000009003 14.2287 002002001000009005
6 14.2287 002002001000009005 0.319163 006004000000012003
6 0.319163 006004000000012003 175537.0 002002002009005003
6 175537.0 002002002009005003 4321.9 000002002009005003
6 4321.9 000002002009005003 0.319163 006004000000012003
6 0.319163 006004000000012003 379.26 000004000002012003
6 379.26 000004000002012003 31.0735 000004000007012003
6 31.0735 000004000007012003 0.319163 006004000000012003
6 0.319163 006004000000012003 3480.44 004004000009011003
6 3480.44 004004000009011003 1269.14 004004000009008003
6 1269.14 004004000009008003 0.319163 006004000000012003
6 0.319163 006004000000012003 4896.45 000005001008003003
6 4896.45 000005001008003003 155.677 000005001008011003
6 155.677 000005001008011003 0.319163 006004000000012003
6 0.319163 006004000000012003 2598.38 014004001000010003
6 2598.38 014004001000010003 265.212 014004001000008003
6 265.212 014004001000008003 0.319163 006004000000012003
6 0.319163 006004000000012003 69.2995 000002000009009004
6 69.2995 000002000009009004 64.3828 008002000009009004
6 64.3828 008002000009009004 0.319163 006004000000012003
6 0.319163 006004000000012003 1480.32 000005002009008009
6 1480.32 000005002009008009 97.959 000003002009008009
6 97.959 000003002009008009 0.319163 006004000000012003
6 0.319163 006004000000012003 1537570000.0 020004001008009002
6 1537570000.0 020004001008009002 173119.0 003004001008009002
6 173119.0 003004001008009002 0.319163 006004000000012003
6 0.319163 006004000000012003 6999.6395999999995 000004000000009004
6 6999.6395999999995 000004000000009004 6999.6395999999995 000004000000009004
6 6999.6395999999995 000004000000009004 0.319163 006004000000012003
6 0.319163 006004000000012003 79.5765 011004000008008003
6 79.5765 011004000008008003 51.4258 011004000001008003
6 51.4258 011004000001008003 0.319163 006004000000012003
6 0.319163 006004000000012003 1856.69 012004000008005008
6 1856.69 012004000008005008 503.804 012004000008005005
6 503.804 012004000008005005 0.319163 006004000000012003
6 0.319163 006004000000012003 240683.0 009004001002008003
6 240683.0 009004001002008003 4551.87 009004001002006003
6 4551.87 009004001002006003 0.319163 006004000000012003
6 0.319163 006004000000012003 161890.0 014002002000010001
6 161890.0 014002002000010001 297.866 014002002000005001
6 297.866 014002002000005001 0.319163 006004000000012003
6 0.319163 006004000000012003 304.3705 014005001008011003
6 304.3705 014005001008011003 304.3705 014005001008011003
6 304.3705 014005001008011003 0.319163 006004000000012003
6 0.319163 006004000000012003 5499690.0 014005002002007005
6 5499690.0 014005002002007005 178376.0 014005002004007005
6 178376.0 014005002004007005 0.319163 006004000000012003
6 0.319163 006004000000012003 4050.66 004000002009012005
6 4050.66 004000002009012005 1824.2 004000002009012004
6 1824.2 004000002009012004 0.319163 006004000000012003
6 0.319163 006004000000012003 6754.5 009004000009010003
6 6754.5 009004000009010003 3106.19 009004000009010007
6 3106.19 009004000009010007 0.319163 006004000000012003
6 0.319163 006004000000012003 35.2308 020004000009011005
6 35.2308 020004000009011005 0.319163 006004000000012003
6 0.319163 006004000000012003 3.33424 011004000009008005
6 3.33424 011004000009008005 263583000.0 012004001009009003
6 263583000.0 012004001009009003 262.611 012004001009001003
6 262.611 012004001009001003 0.319163 006004000000012003
6 0.319163 006004000000012003 173.822 012002000009008001
6 173.822 012002000009008001 173.822 012002000009008001
6 173.822 012002000009008001 0.319163 006004000000012003
6 0.319163 006004000000012003 141.085 001005002009011003
6 141.085 001005002009011003 110.19 001005002001011003
6 110.19 001005002001011003 0.319163 006004000000012003
6 0.319163 006004000000012003 12507.6 006004000002011008
6 12507.6 006004000002011008 4035.22 006004000002006008
6 4035.22 006004000002006008 0.319163 006004000000012003
6 0.319163 006004000000012003 325404.0 020004000006012008
6 325404.0 020004000006012008 31050.6 011004000006012008
6 31050.6 011004000006012008 0.319163 006004000000012003
6 0.319163 006004000000012003 1130.16 000002002002010003
6 1130.16 000002002002010003 201.536 000002001002010003
6 201.536 000002001002010003 0.319163 006004000000012003
6 0.319163 006004000000012003 1052730000.0 008002001002009002
6 1052730000.0 008002001002009002 901197000.0 008002001002010002
6 901197000.0 008002001002010002 0.319163 006004000000012003
6 0.319163 006004000000012003 88.22319999999999 005001001009011003
6 88.22319999999999 005001001009011003 88.22319999999999 005001001009011003
6 88.22319999999999 005001001009011003 0.319163 006004000000012003
6 0.319163 006004000000012003 57194800.0 005004001000008002
6 57194800.0 005004001000008002 12.7915 005004001000012002
6 12.7915 005004001000012002 0.319163 006004000000012003
6 0.319163 006004000000012003 161.222 001004002009008005
6 161.222 001004002009008005 0.319163 006004000000012003
6 0.319163 006004000000012003 3.33424 011004000009008005
6 3.33424 011004000009008005 230.475 000005000006009003
6 230.475 000005000006009003 230.475 000005000006009003
6 230.475 000005000006009003 0.319163 006004000000012003
6 0.319163 006004000000012003 62.4991 000005000009008005
6 62.4991 000005000009008005 0.319163 006004000000012003
6 0.319163 006004000000012003 3.33424 011004000009008005
6 3.33424 011004000009008005 4503.79 006002001009010003
6 4503.79 006002001009010003 99.7667 006002000009010003
6 99.7667 006002000009010003 0.319163 006004000000012003
6 0.319163 006004000000012003 62912.5 004004000009011008
6 62912.5 004004000009011008 14.4897 004004002009011008
6 14.4897 004004002009011008 0.319163 006004000000012003
6 0.319163 006004000000012003 3687.38 020004001008010009
6 3687.38 020004001008010009 3053.17 004004001008010009
6 3053.17 004004001008010009 0.319163 006004000000012003
6 0.319163 006004000000012003 242321.0 000004000008004003
6 242321.0 000004000008004003 141.898 000004000008007003
6 141.898 000004000008007003 0.319163 006004000000012003
6 0.319163 006004000000012003 199.71 012002000000002005
6 199.71 012002000000002005 68.5104 012002000003002005
6 68.5104 012002000003002005 0.319163 006004000000012003
6 0.319163 006004000000012003 3869.44 004004000009007003
6 3869.44 004004000009007003 3316.49 003004000009007003
6 3316.49 003004000009007003 0.319163 006004000000012003
6 0.319163 006004000000012003 226.91235 000002002000009003
6 226.91235 000002002000009003 226.91235 000002002000009003
6 226.91235 000002002000009003 0.319163 006004000000012003
6 0.319163 006004000000012003 453.476 000000002008008005
6 453.476 000000002008008005 261.257 000000001008008005
6 261.257 000000001008008005 0.319163 006004000000012003
6 0.319163 006004000000012003 25.043 012002000000009002
6 25.043 012002000000009002 24.6078 012002000000009003
6 24.6078 012002000000009003 0.319163 006004000000012003
6 0.319163 006004000000012003 2178.7355000000002 011002000000010009
6 2178.7355000000002 011002000000010009 2178.7355000000002 011002000000010009
6 2178.7355000000002 011002000000010009 0.319163 006004000000012003
6 0.319163 006004000000012003 142.859 012004000006002003
6 142.859 012004000006002003 142.859 012004000006002003
6 142.859 012004000006002003 0.319163 006004000000012003
6 0.319163 006004000000012003 40.781 004004000003002008
6 40.781 004004000003002008 18.7686 004004000007002008
6 18.7686 004004000007002008 0.319163 006004000000012003
6 0.319163 006004000000012003 4089.85 006004001000011008
6 4089.85 006004001000011008 43.3803 006004001004011008
6 43.3803 006004001004011008 0.319163 006004000000012003
6 0.319163 006004000000012003 3629.13 004004000002002008
6 3629.13 004004000002002008 607.996 004004000002008008
6 607.996 004004000002008008 0.319163 006004000000012003
6 0.319163 006004000000012003 25.6344 012004001009010005
6 25.6344 012004001009010005 10.3535 012004001009010006
6 10.3535 012004001009010006 0.319163 006004000000012003
6 0.319163 006004000000012003 1019.68 000004000000011009
6 1019.68 000004000000011009 113.006 000004000000011006
6 113.006 000004000000011006 0.319163 006004000000012003
6 0.319163 006004000000012003 13645.9 005004000008012001
6 13645.9 005004000008012001 251.172 005004000004012001
6 251.172 005004000004012001 0.319163 006004000000012003
6 0.319163 006004000000012003 763.889 000004000007009002
6 763.889 000004000007009002 69.5589 000004000007009006
6 69.5589 000004000007009006 0.319163 006004000000012003
6 0.319163 006004000000012003 69.5316 011004000009005003
6 69.5316 011004000009005003 36.0532 002004000009005003
6 36.0532 002004000009005003 0.319163 006004000000012003
6 0.319163 006004000000012003 1269.82 000002002000009002
6 1269.82 000002002000009002 0.319163 006004000000012003
6 0.319163 006004000000012003 3.33424 011004000009008005
6 3.33424 011004000009008005 64.1615 008004000003009005
6 64.1615 008004000003009005 10.207 008004002003009005
6 10.207 008004002003009005 0.319163 006004000000012003
6 0.319163 006004000000012003 3760.72 002004000003012003
6 3760.72 002004000003012003 35.2452 011004000003012003
6 35.2452 011004000003012003 0.319163 006004000000012003
6 0.319163 006004000000012003 5537.95 002004002000011002
6 5537.95 002004002000011002 204.525 002004002000000002
6 204.525 002004002000000002 0.319163 006004000000012003
6 0.319163 006004000000012003 3645.8 012002000002010001
6 3645.8 012002000002010001 58.2134 012002000009010001
6 58.2134 012002000009010001 0.319163 006004000000012003
6 0.319163 006004000000012003 67.84825000000001 012004000007003009
6 67.84825000000001 012004000007003009 67.84825000000001 012004000007003009
6 67.84825000000001 012004000007003009 0.319163 006004000000012003
6 0.319163 006004000000012003 285320.0 000004000009010001
6 285320.0 000004000009010001 86.3653 000004000009010005
6 86.3653 000004000009010005 0.319163 006004000000012003
6 0.319163 006004000000012003 7345.69 002004001000003002
6 7345.69 002004001000003002 7345.69 002004001000003002
6 7345.69 002004001000003002 0.319163 006004000000012003
6 0.319163 006004000000012003 1546.52 012001001009010005
6 1546.52 012001001009010005 158.35 012001001009009005
6 158.35 012001001009009005 0.319163 006004000000012003
6 0.319163 006004000000012003 6528.21 006005000007009008
6 6528.21 006005000007009008 319.434 006005000006009008
6 319.434 006005000006009008 0.319163 006004000000012003
6 0.319163 006004000000012003 19922.9 004004000000010004
6 19922.9 004004000000010004 3403.87 006004000000010004
6 3403.87 006004000000010004 0.319163 006004000000012003
6 0.319163 006004000000012003 3721.18 000004002002007003
6 3721.18 000004002002007003 335.372 000004001002007003
6 335.372 000004001002007003 0.319163 006004000000012003
6 0.319163 006004000000012003 134658.0 008005000008004002
6 134658.0 008005000008004002 100.63 008005000008004003
6 100.63 008005000008004003 0.319163 006004000000012003
6 0.319163 006004000000012003 101.039 006000002000009008
6 101.039 006000002000009008 12.9006 006000002006009008
6 12.9006 006000002006009008 0.319163 006004000000012003
6 0.319163 006004000000012003 116.357 006002000009000005
6 116.357 006002000009000005 91.3073 006002000009000003
6 91.3073 006002000009000003 0.319163 006004000000012003
6 0.319163 006004000000012003 62.184 002004000009009005
6 62.184 002004000009009005 0.319163 006004000000012003
6 0.319163 006004000000012003 3.33424 011004000009008005
6 3.33424 011004000009008005 159.717 011004002009002006
6 159.717 011004002009002006 147.666 011001002009002006
6 147.666 011001002009002006 0.319163 006004000000012003
6 0.319163 006004000000012003 91864.9 020004000007009008
6 91864.9 020004000007009008 21180.0 020004000003009008
6 21180.0 020004000003009008 0.319163 006004000000012003
6 0.319163 006004000000012003 238724.0 011004001003010008
6 238724.0 011004001003010008 4097.35 011006001003010008
6 4097.35 011006001003010008 0.319163 006004000000012003
6 0.319163 006004000000012003 4552.48 014000001009009005
6 4552.48 014000001009009005 2132.91 014000001009007005
6 2132.91 014000001009007005 0.319163 006004000000012003
6 0.319163 006004000000012003 142427000.0 009004000000000008
6 142427000.0 009004000000000008 797.766 009001000000000008
6 797.766 009001000000000008 0.319163 006004000000012003
6 0.319163 006004000000012003 201617.0 006004001009012002
6 201617.0 006004001009012002 377.271 006004002009012002
6 377.271 006004002009012002 0.319163 006004000000012003
6 0.319163 006004000000012003 3913.02 014004000000009003
6 3913.02 014004000000009003 8.60085 004004000000009003
6 8.60085 004004000000009003 0.319163 006004000000012003
6 0.319163 006004000000012003 1777.9419 011004001008012009
6 1777.9419 011004001008012009 1777.9419 011004001008012009
6 1777.9419 011004001008012009 0.319163 006004000000012003
6 0.319163 006004000000012003 6952.11 004004000004010006
6 6952.11 004004000004010006 3392.11 004004000005010006
6 3392.11 004004000005010006 0.319163 006004000000012003
6 0.319163 006004000000012003 4337.42 004004002008012005
6 4337.42 004004002008012005 319.569 004004002008001005
6 319.569 004004002008001005 0.319163 006004000000012003
6 0.319163 006004000000012003 69.5246 004001000009004003
6 69.5246 004001000009004003 48.9346 004001000009004007
6 48.9346 004001000009004007 0.319163 006004000000012003
6 0.319163 006004000000012003 457360000.0 004000002004000005
6 457360000.0 004000002004000005 650.603 004000002004007005
6 650.603 004000002004007005 0.319163 006004000000012003
6 0.319163 006004000000012003 3176.77 006004000006007003
6 3176.77 006004000006007003 184.108 006004000006009003
6 184.108 006004000006009003 0.319163 006004000000012003
6 0.319163 006004000000012003 6527.45 009004000009009003
6 6527.45 009004000009009003 18.5844 003004000009009003
6 18.5844 003004000009009003 0.319163 006004000000012003
6 0.319163 006004000000012003 2230.93 012004001000000003
6 2230.93 012004001000000003 1671.39 015004001000000003
6 1671.39 015004001000000003 0.319163 006004000000012003
7 0.319163 006004000000012003 2591.96 004000002010002001
7 2591.96 004000002010002001 58.0029 004000002010002003
7 58.0029 004000002010002003 26.2436 004003002001006002
7 26.2436 004003002001006002 13.6024 010000000006008001
7 13.6024 010000000006008001 26.2436 004003002001006002
7 26.2436 004003002001006002 58.0029 004000002010002003
7 58.0029 004000002010002003 7823.6 014000000010003002
7 7823.6 014000000010003002 349.065 014000000003003002
7 349.065 014000000003003002 13.6024 010000000006008001
7 13.6024 010000000006008001 10980.4 004002000002003002
7 10980.4 004002000002003002 47.0693 004000000002003002
7 47.0693 004000000002003002 13.6024 010000000006008001
7 13.6024 010000000006008001 225670000.0 008000002012009003
7 225670000.0 008000002012009003 179030.0 008001002012009003
7 179030.0 008001002012009003 13.6024 010000000006008001
7 13.6024 010000000006008001 1246670000.0 008001001002008003
7 1246670000.0 008001001002008003 98.2268 008001001002007003
7 98.2268 008001001002007003 13.6024 010000000006008001
7 13.6024 010000000006008001 6509.49 012004000004011001
7 6509.49 012004000004011001 3480.57 012005000004011001
7 3480.57 012005000004011001 13.6024 010000000006008001
7 13.6024 010000000006008001 351444.0 014000000005004001
7 351444.0 014000000005004001 4675.18 014000002005004001
7 4675.18 014000002005004001 13.6024 010000000006008001
7 13.6024 010000000006008001 259845.0 009002001001004002
7 259845.0 009002001001004002 6835.8 009002001003004002
7 6835.8 009002001003004002 13.6024 010000000006008001
7 13.6024 010000000006008001 293311.0 014005000002002002
7 293311.0 014005000002002002 80456.4 006005000002002002
7 80456.4 006005000002002002 13.6024 010000000006008001
7 13.6024 010000000006008001 256.774 004000000006008003
7 256.774 004000000006008003 13.6024 010000000006008001
7 13.6024 010000000006008001 26.2436 004003002001006002
7 26.2436 004003002001006002 272.359 003001001003000002
7 272.359 003001001003000002 99.4521 003001001003000008
7 99.4521 003001001003000008 13.6024 010000000006008001
7 13.6024 010000000006008001 338943.0 004000001004004002
7 338943.0 004000001004004002 338943.0 004000001004004002
7 338943.0 004000001004004002 13.6024 010000000006008001
7 13.6024 010000000006008001 574017000.0 012001001004009004
7 574017000.0 012001001004009004 1903.29 012001001009009004
7 1903.29 012001001009009004 13.6024 010000000006008001
7 13.6024 010000000006008001 4466.58 007001001003003001
7 4466.58 007001001003003001 238.231 007001001003001001
7 238.231 007001001003001001 13.6024 010000000006008001
7 13.6024 010000000006008001 10763.3 007001001004002000
7 10763.3 007001001004002000 4780.47 007005001004002000
7 4780.47 007005001004002000 13.6024 010000000006008001
7 13.6024 010000000006008001 2019.86 010000000003000003
7 2019.86 010000000003000003 89.0619 011000000003000003
7 89.0619 011000000003000003 13.6024 010000000006008001
7 13.6024 010000000006008001 3866.82 014000000003003003
7 3866.82 014000000003003003 58.8717 014000000003003004
7 58.8717 014000000003003004 13.6024 010000000006008001
7 13.6024 010000000006008001 210649.0 008000000003000003
7 210649.0 008000000003000003 4303.43 008000000003000008
7 4303.43 008000000003000008 13.6024 010000000006008001
7 13.6024 010000000006008001 559627000.0 014000001012000001
7 559627000.0 014000001012000001 377.675 014000001007000001
7 377.675 014000001007000001 13.6024 010000000006008001
7 13.6024 010000000006008001 940546000000000.0 014002000001000001
7 940546000000000.0 014002000001000001 6943220000.0 014002000005000001
7 6943220000.0 014002000005000001 13.6024 010000000006008001
7 13.6024 010000000006008001 166581000.0 007005000002000004
7 166581000.0 007005000002000004 166581000.0 007005000002000004
7 166581000.0 007005000002000004 13.6024 010000000006008001
7 13.6024 010000000006008001 1860540000.0 012005002006000004
7 1860540000.0 012005002006000004 2448.24 012005002006003004
7 2448.24 012005002006003004 13.6024 010000000006008001
7 13.6024 010000000006008001 2496.87 012002000003004001
7 2496.87 012002000003004001 2299.5 015002000003004001
7 2299.5 015002000003004001 13.6024 010000000006008001
7 13.6024 010000000006008001 473052000.0 007002001010000001
7 473052000.0 007002001010000001 104.521 006002001010000001
7 104.521 006002001010000001 13.6024 010000000006008001
7 13.6024 010000000006008001 272692.0 004001001006008003
7 272692.0 004001001006008003 18670.9 004001000006008003
7 18670.9 004001000006008003 13.6024 010000000006008001
7 13.6024 010000000006008001 11955.7 004000002003011001
7 11955.7 004000002003011001 11322.5 004002002003011001
7 11322.5 004002002003011001 13.6024 010000000006008001
7 13.6024 010000000006008001 169.6785 004000000010008000
7 169.6785 004000000010008000 169.6785 004000000010008000
7 169.6785 004000000010008000 13.6024 010000000006008001
7 13.6024 010000000006008001 252533.345 012004001010000000
7 252533.345 012004001010000000 252533.345 012004001010000000
7 252533.345 012004001010000000 13.6024 010000000006008001
7 13.6024 010000000006008001 205.175 012000001006006004
7 205.175 012000001006006004 19.9094 000000001006006004
7 19.9094 000000001006006004 13.6024 010000000006008001
7 13.6024 010000000006008001 228.266 003001001006008002
7 228.266 003001001006008002 85.0544 003001001006008005
7 85.0544 003001001006008005 13.6024 010000000006008001
7 13.6024 010000000006008001 4025310000.0 013005001002000001
7 4025310000.0 013005001002000001 270366.0 010005001002000001
7 270366.0 010005001002000001 13.6024 010000000006008001
7 13.6024 010000000006008001 8634.45 002003001003006004
7 8634.45 002003001003006004 4404.52 002003001003006007
7 4404.52 002003001003006007 13.6024 010000000006008001
7 13.6024 010000000006008001 801439000.0 009001000002007001
7 801439000.0 009001000002007001 4301.36 009001001002007001
7 4301.36 009001001002007001 13.6024 010000000006008001
7 13.6024 010000000006008001 3560.27 001000000005006003
7 3560.27 001000000005006003 222.071 001000000001006003
7 222.071 001000000001006003 13.6024 010000000006008001
7 13.6024 010000000006008001 3756880000.0 002004000007000001
7 3756880000.0 002004000007000001 2325.57 002004000006000001
7 2325.57 002004000006000001 13.6024 010000000006008001
7 13.6024 010000000006008001 110.99 014000001005008004
7 110.99 014000001005008004 23.5585 014000001005008007
7 23.5585 014000001005008007 13.6024 010000000006008001
7 13.6024 010000000006008001 14503.6 011000000003008004
7 14503.6 011000000003008004 9.49487 011000000003008006
7 9.49487 011000000003008006 13.6024 010000000006008001
7 13.6024 010000000006008001 206.044 007000001005006001
7 206.044 007000001005006001 85.8116 007000001005000001
7 85.8116 007000001005000001 9.49487 011000000003008006
7 9.49487 011000000003008006 16.6345 011000001004012000
7 16.6345 011000001004012000 9.49487 011000000003008006
7 9.49487 011000000003008006 13.6024 010000000006008001
7 13.6024 010000000006008001 289.647 010001000001000004
7 289.647 010001000001000004 9.49487 011000000003008006
7 9.49487 011000000003008006 13.6024 010000000006008001
7 13.6024 010000000006008001 2487234473.825 011000002003002000
7 2487234473.825 011000002003002000 2487234473.825 011000002003002000
7 2487234473.825 011000002003002000 9.49487 011000000003008006
7 9.49487 011000000003008006 4145590.0 012001000003006003
7 4145590.0 012001000003006003 61.3856 015001000003006003
7 61.3856 015001000003006003 9.49487 011000000003008006
7 9.49487 011000000003008006 367.363 014005001001006001
7 367.363 014005001001006001 367.363 014005001001006001
7 367.363 014005001001006001 9.49487 011000000003008006
7 9.49487 011000000003008006 16338.4 002000000006006003
7 16338.4 002000000006006003 3481.66 002000000006006004
7 3481.66 002000000006006004 9.49487 011000000003008006
7 9.49487 011000000003008006 74.304 008002000010012002
7 74.304 008002000010012002 44.0655 008003000010012002
7 44.0655 008003000010012002 9.49487 011000000003008006
7 9.49487 011000000003008006 414.575 004001000003003003
7 414.575 004001000003003003 90.7165 004001000003003007
7 90.7165 004001000003003007 9.49487 011000000003008006
7 9.49487 011000000003008006 17.2526 010001000003003006
7 17.2526 010001000003003006 9.49487 011000000003008006
7 9.49487 011000000003008006 13.6024 010000000006008001
7 13.6024 010000000006008001 235.618 010000000001003002
7 235.618 010000000001003002 7.34897 010000000012003002
7 7.34897 010000000012003002 9.49487 011000000003008006
7 9.49487 011000000003008006 3459.77 014000000010007001
7 3459.77 014000000010007001 14.4167 001000000010007001
7 14.4167 001000000010007001 7.34897 010000000012003002
7 7.34897 010000000012003002 2798.29 010002000001012006
7 2798.29 010002000001012006 2798.29 010002000001012006
7 2798.29 010002000001012006 7.34897 010000000012003002
7 7.34897 010000000012003002 2300110000000.0 014001000006003001
7 2300110000000.0 014001000006003001 8858470000.0 014003000006003001
7 8858470000.0 014003000006003001 7.34897 010000000012003002
7 7.34897 010000000012003002 53704.2 020001001005003001
7 53704.2 020001001005003001 53704.2 020001001005003001
7 53704.2 020001001005003001 7.34897 010000000012003002
7 7.34897 010000000012003002 4605.42 003001002005000004
7 4605.42 003001002005000004 299.748 003002002005000004
7 299.748 003002002005000004 7.34897 010000000012003002
7 7.34897 010000000012003002 1906.53 004000000010003001
7 1906.53 004000000010003001 273.28 004000000010007001
7 273.28 004000000010007001 7.34897 010000000012003002
7 7.34897 010000000012003002 1563070.0 004000001003008001
7 1563070.0 004000001003008001 158.215 004001001003008001
7 158.215 004001001003008001 7.34897 010000000012003002
7 7.34897 010000000012003002 74.4602 014000000003012001
7 74.4602 014000000003012001 56.0899 014000000008012001
7 56.0899 014000000008012001 7.34897 010000000012003002
7 7.34897 010000000012003002 288822428.87 014000001001008003
7 288822428.87 014000001001008003 288822428.87 014000001001008003
7 288822428.87 014000001001008003 7.34897 010000000012003002
7 7.34897 010000000012003002 91.7926 001000000001008000
7 91.7926 001000000001008000 35.6846 018000000001008000
7 35.6846 018000000001008000 7.34897 010000000012003002
7 7.34897 010000000012003002 1168830.0 004000001003008000
7 1168830.0 004000001003008000 2446.73 004005001003008000
7 2446.73 004005001003008000 7.34897 010000000012003002
7 7.34897 010000000012003002 2699460000.0 014003001003003001
7 2699460000.0 014003001003003001 6403.14 008003001003003001
7 6403.14 008003001003003001 7.34897 010000000012003002
7 7.34897 010000000012003002 258994.0 007000001002000004
7 258994.0 007000001002000004 4598.78 007000001002000001
7 4598.78 007000001002000001 7.34897 010000000012003002
7 7.34897 010000000012003002 253660.0 010000000006000003
7 253660.0 010000000006000003 125.449 002000000006000003
7 125.449 002000000006000003 7.34897 010000000012003002
7 7.34897 010000000012003002 197.314 003003000006007006
7 197.314 003003000006007006 16.9847 003003000004007006
7 16.9847 003003000004007006 7.34897 010000000012003002
7 7.34897 010000000012003002 273.782 002002002003012003
7 273.782 002002002003012003 234.334 002002002003012005
7 234.334 002002002003012005 7.34897 010000000012003002
7 7.34897 010000000012003002 6711.93 018000000006009001
7 6711.93 018000000006009001 6711.93 018000000006009001
7 6711.93 018000000006009001 7.34897 010000000012003002
7 7.34897 010000000012003002 211397.0 011001002006008000
7 211397.0 011001002006008000 407.565 011001002006007000
7 407.565 011001002006007000 7.34897 010000000012003002
7 7.34897 010000000012003002 374113000.0 011004001003006003
7 374113000.0 011004001003006003 2324.5 011001001003006003
7 2324.5 011001001003006003 7.34897 010000000012003002
7 7.34897 010000000012003002 307798.0 000001000003003005
7 307798.0 000001000003003005 8285.44 000005000003003005
7 8285.44 000005000003003005 7.34897 010000000012003002
7 7.34897 010000000012003002 131.629 004000001003003003
7 131.629 004000001003003003 105.488 004000001003003007
7 105.488 004000001003003007 7.34897 010000000012003002
7 7.34897 010000000012003002 4071.19 007002000010008006
7 4071.19 007002000010008006 562.454 007002000010008001
7 562.454 007002000010008001 7.34897 010000000012003002
7 7.34897 010000000012003002 1761000000.0 008001001001008001
7 1761000000.0 008001001001008001 586.332 008001001001008006
7 586.332 008001001001008006 7.34897 010000000012003002
7 7.34897 010000000012003002 343210.0 000001000006006001
7 343210.0 000001000006006001 3305.52 000001000006004001
7 3305.52 000001000006004001 7.34897 010000000012003002
7 7.34897 010000000012003002 127.428 008001000006003001
7 127.428 008001000006003001 112.031 008001000006003006
7 112.031 008001000006003006 7.34897 010000000012003002
7 7.34897 010000000012003002 4351.99 011000001004012003
7 4351.99 011000001004012003 504.564 011000001002012003
7 504.564 011000001002012003 7.34897 010000000012003002
7 7.34897 010000000012003002 8661.4 020000000008000004
7 8661.4 020000000008000004 8661.4 020000000008000004
7 8661.4 020000000008000004 7.34897 010000000012003002
7 7.34897 010000000012003002 3465.07 004000000004003006
7 3465.07 004000000004003006 7.34897 010000000012003002
7 7.34897 010000000012003002 9.49487 011000000003008006
7 9.49487 011000000003008006 8.43558 003000000006007001
7 8.43558 003000000006007001 0.501802 003000000006012001
7 0.501802 003000000006012001 7.34897 010000000012003002
7 7.34897 010000000012003002 3652.55 011000000010012000
7 3652.55 011000000010012000 181.796 011000000010011000
7 181.796 011000000010011000 0.501802 003000000006012001
7 0.501802 003000000006012001 4339.56 014000000003000006
7 4339.56 014000000003000006 2097.36 014000000008000006
7 2097.36 014000000008000006 0.501802 003000000006012001
7 0.501802 003000000006012001 66.682 014001000006011002
7 66.682 014001000006011002 0.501802 003000000006012001
7 0.501802 003000000006012001 7.34897 010000000012003002
7 7.34897 010000000012003002 33309.1 004000000004003001
7 33309.1 004000000004003001 27.2731 004000000004003000
7 27.2731 004000000004003000 0.501802 003000000006012001
7 0.501802 003000000006012001 646.673 010001000002012006
7 646.673 010001000002012006 31.0227 004001000002012006
7 31.0227 004001000002012006 0.501802 003000000006012001
7 0.501802 003000000006012001 11760900.0 014001000010007001
7 11760900.0 014001000010007001 11760900.0 014001000010007001
7 11760900.0 014001000010007001 0.501802 003000000006012001
7 0.501802 003000000006012001 2447.83 010000002005008002
7 2447.83 010000002005008002 0.501802 003000000006012001
7 0.501802 003000000006012001 7.34897 010000000012003002
7 7.34897 010000000012003002 7156.28 004000000000012000
7 7156.28 004000000000012000 528.86 013000000000012000
7 528.86 013000000000012000 0.501802 003000000006012001
7 0.501802 003000000006012001 1304.43 020002000003006002
7 1304.43 020002000003006002 488.983 020002000002006002
7 488.983 020002000002006002 0.501802 003000000006012001
7 0.501802 003000000006012001 603368.0 003000000010003002
7 603368.0 003000000010003002 3939.21 003000000000003002
7 3939.21 003000000000003002 0.501802 003000000006012001
7 0.501802 003000000006012001 8352.95 004001001006012002
7 8352.95 004001001006012002 188.983 004001000006012002
7 188.983 004001000006012002 0.501802 003000000006012001
7 0.501802 003000000006012001 2695.91 009000000006008000
7 2695.91 009000000006008000 26.1513 009000000009008000
7 26.1513 009000000009008000 0.501802 003000000006012001
7 0.501802 003000000006012001 71.4743 004001000010012001
7 71.4743 004001000010012001 54.9826 004001000010012003
7 54.9826 004001000010012003 0.501802 003000000006012001
7 0.501802 003000000006012001 3526.36 004000000006007003
7 3526.36 004000000006007003 60.007 012000000006007003
7 60.007 012000000006007003 0.501802 003000000006012001
7 0.501802 003000000006012001 251.86 004000000005008001
7 251.86 004000000005008001 140.103 004001000005008001
7 140.103 004001000005008001 0.501802 003000000006012001
7 0.501802 003000000006012001 4527.67 003000001004000006
7 4527.67 003000001004000006 4389.8 015000001004000006
7 4389.8 015000001004000006 0.501802 003000000006012001
7 0.501802 003000000006012001 199655.0 006001001010006003
7 199655.0 006001001010006003 29813.7 006001000010006003
7 29813.7 006001000010006003 0.501802 003000000006012001
7 0.501802 003000000006012001 4446.37 014000001003006000
7 4446.37 014000001003006000 2554.07 014005001003006000
7 2554.07 014005001003006000 0.501802 003000000006012001
7 0.501802 003000000006012001 14107100000.0 014000002004000006
7 14107100000.0 014000002004000006 268815.0 007000002004000006
7 268815.0 007000002004000006 0.501802 003000000006012001
7 0.501802 003000000006012001 14610.3 004000000006012000
7 14610.3 004000000006012000 14569.9 004004000006012000
7 14569.9 004004000006012000 0.501802 003000000006012001
7 0.501802 003000000006012001 2189.29 004000000002003001
7 2189.29 004000000002003001 26.9004 004000000002012001
7 26.9004 004000000002012001 0.501802 003000000006012001
7 0.501802 003000000006012001 4325.25 003000000008000001
7 4325.25 003000000008000001 2301.44 017000000008000001
7 2301.44 017000000008000001 0.501802 003000000006012001
7 0.501802 003000000006012001 49.5323 003000000006012000
7 49.5323 003000000006012000 49.5323 003000000006012000
7 49.5323 003000000006012000 0.501802 003000000006012001
7 0.501802 003000000006012001 16527900.0 000000000005000000
7 16527900.0 000000000005000000 8748100.0 005000000005000000
7 8748100.0 005000000005000000 0.501802 003000000006012001
7 0.501802 003000000006012001 3459.41 018000000008008001
7 3459.41 018000000008008001 1026.32 018001000008008001
7 1026.32 018001000008008001 0.501802 003000000006012001
7 0.501802 003000000006012001 740.482 003000001003012000
7 740.482 003000001003012000 740.482 003000001003012000
7 740.482 003000001003012000 0.501802 003000000006012001
7 0.501802 003000000006012001 58.8717 014000000003003004
7 58.8717 014000000003003004 0.501802 003000000006012001
7 0.501802 003000000006012001 7.34897 010000000012003002
7 7.34897 010000000012003002 2790950.0 018001000006003006
7 2790950.0 018001000006003006 235288.0 018006000006003006
7 235288.0 018006000006003006 0.501802 003000000006012001
7 0.501802 003000000006012001 2986.38 002001000010008003
7 2986.38 002001000010008003 60.2388 002001000010004003
7 60.2388 002001000010004003 0.501802 003000000006012001
7 0.501802 003000000006012001 5145.58 004000000010012001
7 5145.58 004000000010012001 76.4466 004004000010012001
7 76.4466 004004000010012001 0.501802 003000000006012001
7 0.501802 003000000006012001 215782000.0 014000002010012002
7 215782000.0 014000002010012002 5437.3 014000002012012002
7 5437.3 014000002012012002 0.501802 003000000006012001
7 0.501802 003000000006012001 5666230.0 004001000012000002
7 5666230.0 004001000012000002 15775.4 004001000004000002
7 15775.4 004001000004000002 0.501802 003000000006012001
7 0.501802 003000000006012001 735.122 010002001003012000
7 735.122 010002001003012000 231.155 010002001003011000
7 231.155 010002001003011000 0.501802 003000000006012001
7 0.501802 003000000006012001 4.76589 000000000006003001
7 4.76589 000000000006003001 0.501802 003000000006012001
7 0.501802 003000000006012001 7.34897 010000000012003002
7 7.34897 010000000012003002 51.8399 004001000010008001
7 51.8399 004001000010008001 0.501802 003000000006012001
7 0.501802 003000000006012001 4.76589 000000000006003001
7 4.76589 000000000006003001 814.6915 003001001010008004
7 814.6915 003001001010008004 814.6915 003001001010008004
7 814.6915 003001001010008004 0.501802 003000000006012001
7 0.501802 003000000006012001 383884.0 009000001003012001
7 383884.0 009000001003012001 4863.16 009000001005012001
7 4863.16 009000001005012001 0.501802 003000000006012001
7 0.501802 003000000006012001 72347200.0 004001001003000002
7 72347200.0 004001001003000002 20159.2 004001001003000005
7 20159.2 004001001003000005 0.501802 003000000006012001
7 0.501802 003000000006012001 2170.2092500000003 004000000001000001
7 2170.2092500000003 004000000001000001 2170.2092500000003 004000000001000001
7 2170.2092500000003 004000000001000001 0.501802 003000000006012001
7 0.501802 003000000006012001 35878.2 009001000010007001
7 35878.2 009001000010007001 152.314 009001001010007001
7 152.314 009001001010007001 0.501802 003000000006012001
7 0.501802 003000000006012001 9329430.0 004001001003012001
7 9329430.0 004001001003012001 427580.0 004001001003011001
7 427580.0 004001001003011001 0.501802 003000000006012001
7 0.501802 003000000006012001 280346.0 001001001001006001
7 280346.0 001001001001006001 6489.38 001005001001006001
7 6489.38 001005001001006001 0.501802 003000000006012001
7 0.501802 003000000006012001 60.1739 004000000010008004
7 60.1739 004000000010008004 0.501802 003000000006012001
7 0.501802 003000000006012001 4.76589 000000000006003001
7 4.76589 000000000006003001 12521.0 018001000008000007
7 12521.0 018001000008000007 818.879 018005000008000007
7 818.879 018005000008000007 0.501802 003000000006012001
7 0.501802 003000000006012001 1906.53 004000000010003001
7 1906.53 004000000010003001 192.208 004000001010003001
7 192.208 004000001010003001 0.501802 003000000006012001
7 0.501802 003000000006012001 1210657163.31 014001002006003001
7 1210657163.31 014001002006003001 1210657163.31 014001002006003001
7 1210657163.31 014001002006003001 0.501802 003000000006012001
7 0.501802 003000000006012001 6010080000.0 004004000003000003
7 6010080000.0 004004000003000003 2901530000.0 004004000004000003
7 2901530000.0 004004000004000003 0.501802 003000000006012001
7 0.501802 003000000006012001 77.9479 001000000010003001
7 77.9479 001000000010003001 40.1212 014000000010003001
7 40.1212 014000000010003001 0.501802 003000000006012001
7 0.501802 003000000006012001 103.826 018000000005007004
7 103.826 018000000005007004 7.52711 018000000009007004
7 7.52711 018000000009007004 0.501802 003000000006012001
7 0.501802 003000000006012001 3681.55 003000000004002004
7 3681.55 003000000004002004 3400.62 019000000004002004
7 3400.62 019000000004002004 0.501802 003000000006012001
7 0.501802 003000000006012001 1343740000.0 004001000003007000
7 1343740000.0 004001000003007000 238.711 004000000003007000
7 238.711 004000000003007000 0.501802 003000000006012001
7 0.501802 003000000006012001 285195.0 014000000009003000
7 285195.0 014000000009003000 2184.93 014000000005003000
7 2184.93 014000000005003000 0.501802 003000000006012001
7 0.501802 003000000006012001 18.686 004000000010008003
7 18.686 004000000010008003 46.2107 004004000010008003
7 46.2107 004004000010008003 0.501802 003000000006012001
7 0.501802 003000000006012001 1781780000.0 015004001005008001
7 1781780000.0 015004001005008001 4239.62 008004001005008001
7 4239.62 008004001005008001 0.501802 003000000006012001
7 0.501802 003000000006012001 3469.73 003001000006008001
7 3469.73 003001000006008001 161.697 003001000006012001
7 161.697 003001000006012001 0.501802 003000000006012001
7 0.501802 003000000006012001 3233320.0 009000000005000001
7 3233320.0 009000000005000001 2223.24 009000000005000002
7 2223.24 009000000005000002 0.501802 003000000006012001
7 0.501802 003000000006012001 1275350000.0 004001000008003001
7 1275350000.0 004001000008003001 70.8442 004001000008009001
7 70.8442 004001000008009001 0.501802 003000000006012001
7 0.501802 003000000006012001 4735130000.0 002001000001003002
7 4735130000.0 002001000001003002 167.081 002000000001003002
7 167.081 002000000001003002 0.501802 003000000006012001
7 0.501802 003000000006012001 2180.66 004000000003002001
7 2180.66 004000000003002001 136.628 004000000003000001
7 136.628 004000000003000001 0.501802 003000000006012001
7 0.501802 003000000006012001 11.0732 003000001010008002
7 11.0732 003000001010008002 0.501802 003000000006012001
7 0.501802 003000000006012001 4.76589 000000000006003001
7 4.76589 000000000006003001 2116.86 015000000006003001
7 2116.86 015000000006003001 103.639 015000000011003001
7 103.639 015000000011003001 0.501802 003000000006012001
7 0.501802 003000000006012001 67.1147 001001000010007001
7 67.1147 001001000010007001 14.8941 001001000012007001
7 14.8941 001001000012007001 0.501802 003000000006012001
7 0.501802 003000000006012001 19871.5 003000000009012006
7 19871.5 003000000009012006 11.2551 003000000000012006
7 11.2551 003000000000012006 0.501802 003000000006012001
7 0.501802 003000000006012001 189.942 014003000010012001
7 189.942 014003000010012001 175.72 011003000010012001
7 175.72 011003000010012001 0.501802 003000000006012001
7 0.501802 003000000006012001 114.785 004000000003003003
7 114.785 004000000003003003 87.9904 004000000005003003
7 87.9904 004000000005003003 0.501802 003000000006012001
7 0.501802 003000000006012001 114.605 004000000006000000
7 114.605 004000000006000000 91.0179 004000000007000000
7 91.0179 004000000007000000 0.501802 003000000006012001
7 0.501802 003000000006012001 101.376 014000000010012004
7 101.376 014000000010012004 72.6902 007000000010012004
7 72.6902 007000000010012004 0.501802 003000000006012001
7 0.501802 003000000006012001 83.3548 000001001006007006
7 83.3548 000001001006007006 63.7235 000001001006007008
7 63.7235 000001001006007008 0.501802 003000000006012001
7 0.501802 003000000006012001 26026.7 003001000010008001
7 26026.7 003001000010008001 1869.81 003001000009008001
7 1869.81 003001000009008001 0.501802 003000000006012001
7 0.501802 003000000006012001 6769.07 012001000012007002
7 6769.07 012001000012007002 4159.79 012001002012007002
7 4159.79 012001002012007002 0.501802 003000000006012001
7 0.501802 003000000006012001 3321.42 014001000004012002
7 3321.42 014001000004012002 0.501802 003000000006012001
7 0.501802 003000000006012001 4.76589 000000000006003001
7 4.76589 000000000006003001 3090.85 012000000002008007
7 3090.85 012000000002008007 1042.69 002000000002008007
7 1042.69 002000000002008007 0.501802 003000000006012001
7 0.501802 003000000006012001 320038.0 001003000006008001
7 320038.0 001003000006008001 136.778 001003000010008001
7 136.778 001003000010008001 0.501802 003000000006012001
7 0.501802 003000000006012001 199.848 004000000000008001
7 199.848 004000000000008001 157.48 009000000000008001
7 157.48 009000000000008001 0.501802 003000000006012001
7 0.501802 003000000006012001 9244.82035 000000000000007001
7 9244.82035 000000000000007001 9244.82035 000000000000007001
7 9244.82035 000000000000007001 0.501802 003000000006012001
7 0.501802 003000000006012001 3.63772 001000000004012002
7 3.63772 001000000004012002 0.501802 003000000006012001
7 0.501802 003000000006012001 4.76589 000000000006003001
7 4.76589 000000000006003001 1663.28 003000000010003001
7 1663.28 003000000010003001 132.0 003001000010003001
7 132.0 003001000010003001 0.501802 003000000006012001
7 0.501802 003000000006012001 18064.0 003000000003008001
7 18064.0 003000000003008001 9002.92 003001000003008001
7 9002.92 003001000003008001 0.501802 003000000006012001
7 0.501802 003000000006012001 486390.0 014000000002003001
7 486390.0 014000000002003001 8733.28 014000001002003001
7 8733.28 014000001002003001 0.501802 003000000006012001
7 0.501802 003000000006012001 3368.4 004001000009012004
7 3368.4 004001000009012004 3368.4 004001000009012004
7 3368.4 004001000009012004 0.501802 003000000006012001
7 0.501802 003000000006012001 48.591 003000000004011003
7 48.591 003000000004011003 16.2563 003000000004011006
7 16.2563 003000000004011006 0.501802 003000000006012001
7 0.501802 003000000006012001 5619.52 018000001006006001
7 5619.52 018000001006006001 3735.35 018000001006001001
7 3735.35 018000001006001001 0.501802 003000000006012001
7 0.501802 003000000006012001 24.284 018000000002006001
7 24.284 018000000002006001 0.501802 003000000006012001
7 0.501802 003000000006012001 3.63772 001000000004012002
7 3.63772 001000000004012002 3526.36 004000000006007003
7 3526.36 004000000006007003 71.525 004000000006001003
7 71.525 004000000006001003 0.501802 003000000006012001
7 0.501802 003000000006012001 1032.35 004001000008008002
7 1032.35 004001000008008002 152.684 004001000008002002
7 152.684 004001000008002002 0.501802 003000000006012001
7 0.501802 003000000006012001 5702360.0 018001000010007002
7 5702360.0 018001000010007002 5317.31 004001000010007002
7 5317.31 004001000010007002 0.501802 003000000006012001
7 0.501802 003000000006012001 2112590000.0 004003000004008008
7 2112590000.0 004003000004008008 3939.36 004003000010008008
7 3939.36 004003000010008008 0.501802 003000000006012001
7 0.501802 003000000006012001 55.6588 011000000006008001
7 55.6588 011000000006008001 31.9389 015000000006008001
7 31.9389 015000000006008001 0.501802 003000000006012001
7 0.501802 003000000006012001 10211.04 000000000010008000
7 10211.04 000000000010008000 10211.04 000000000010008000
7 10211.04 000000000010008000 0.501802 003000000006012001
7 0.501802 003000000006012001 12825.6 010000000008012001
7 12825.6 010000000008012001 315.112 010000000012012001
7 315.112 010000000012012001 0.501802 003000000006012001
7 0.501802 003000000006012001 2246.46 004000000006007006
7 2246.46 004000000006007006 9.57906 004000001006007006
7 9.57906 004000001006007006 0.501802 003000000006012001
7 0.501802 003000000006012001 106.55135 000001001001002001
7 106.55135 000001001001002001 106.55135 000001001001002001
7 106.55135 000001001001002001 0.501802 003000000006012001
7 0.501802 003000000006012001 14728.5 004000000012008004
7 14728.5 004000000012008004 3470.8 004000000012008007
7 3470.8 004000000012008007 0.501802 003000000006012001
7 0.501802 003000000006012001 323611.0 001000000006008001
7 323611.0 001000000006008001 17769.0 001000000006009001
7 17769.0 001000000006009001 0.501802 003000000006012001
7 0.501802 003000000006012001 12751.5 003000000010012003
7 12751.5 003000000010012003 3318.15 003005000010012003
7 3318.15 003005000010012003 0.501802 003000000006012001
7 0.501802 003000000006012001 53493.1 018001000010008003
7 53493.1 018001000010008003 30176.0 018001000001008003
7 30176.0 018001000001008003 0.501802 003000000006012001
7 0.501802 003000000006012001 5087.8 004000000006003002
7 5087.8 004000000006003002 4333.55 004001000006003002
7 4333.55 004001000006003002 0.501802 003000000006012001
7 0.501802 003000000006012001 10888.3 004000000004012003
7 10888.3 004000000004012003 3493.6 004000000003012003
7 3493.6 004000000003012003 0.501802 003000000006012001
7 0.501802 003000000006012001 126.905 012000000006003000
7 126.905 012000000006003000 49.7003 012000000006003006
7 49.7003 012000000006003006 0.501802 003000000006012001
7 0.501802 003000000006012001 74.5441 001000000006008003
7 74.5441 001000000006008003 16.3751 005000000006008003
7 16.3751 005000000006008003 0.501802 003000000006012001
7 0.501802 003000000006012001 30461.1 011000000010008006
7 30461.1 011000000010008006 33.6757 011000000010011006
7 33.6757 011000000010011006 0.501802 003000000006012001
7 0.501802 003000000006012001 3327.23 010001000006008007
7 3327.23 010001000006008007 12.1078 010001000007008007
7 12.1078 010001000007008007 0.501802 003000000006012001
7 0.501802 003000000006012001 1426.24 012000000006012003
7 1426.24 012000000006012003 139.521 012000000006012005
7 139.521 012000000006012005 0.501802 003000000006012001
7 0.501802 003000000006012001 4599.62 003000000003000001
7 4599.62 003000000003000001 439.97 003000000003009001
7 439.97 003000000003009001 0.501802 003000000006012001
7 0.501802 003000000006012001 3963.32 003000000004003001
7 3963.32 003000000004003001 1981.76 003000000004001001
7 1981.76 003000000004001001 0.501802 003000000006012001
7 0.501802 003000000006012001 124.798 004000000006008002
7 124.798 004000000006008002 109.265 015000000006008002
7 109.265 015000000006008002 0.501802 003000000006012001
7 0.501802 003000000006012001 1591.74 004000001004003006
7 1591.74 004000001004003006 218.944 019000001004003006
7 218.944 019000001004003006 0.501802 003000000006012001
7 0.501802 003000000006012001 135.854 019000000004003004
7 135.854 019000000004003004 86.2644 019000000004000004
7 86.2644 019000000004000004 0.501802 003000000006012001
7 0.501802 003000000006012001 8011.88 004003000006003002
7 8011.88 004003000006003002 219.833 004004000006003002
7 219.833 004004000006003002 0.501802 003000000006012001
7 0.501802 003000000006012001 124.958 011000000006008002
7 124.958 011000000006008002 21.0766 011000001006008002
7 21.0766 011000001006008002 0.501802 003000000006012001
7 0.501802 003000000006012001 4644.46 011004000010006001
7 4644.46 011004000010006001 2120.26 011004000005006001
7 2120.26 011004000005006001 0.501802 003000000006012001
7 0.501802 003000000006012001 175.673 011000000003008001
7 175.673 011000000003008001 77.189 001000000003008001
7 77.189 001000000003008001 0.501802 003000000006012001
7 0.501802 003000000006012001 105567000.0 004003000010002006
7 105567000.0 004003000010002006 261.24 004003000010006006
7 261.24 004003000010006006 0.501802 003000000006012001
7 0.501802 003000000006012001 266937.0 010000000012003001
7 266937.0 010000000012003001 4306.33 010000000012004001
7 4306.33 010000000012004001 0.501802 003000000006012001
7 0.501802 003000000006012001 111.006 011000000002008001
7 111.006 011000000002008001 93.3158 011000000002008005
7 93.3158 011000000002008005 0.501802 003000000006012001
8 0.501802 003000000006012001 349.958 007004002002009003
8 349.958 007004002002009003 161.849 007004002002004003
8 161.849 007004002002004003 11.5394 007000002005002009
8 11.5394 007000002005002009 226530.0 007001002002001004
8 226530.0 007001002002001004 3655.95 007001000002001004
8 3655.95 007001000002001004 11.5394 007000002005002009
8 11.5394 007000002005002009 295391.0 006000001007002003
8 295391.0 006000001007002003 181.441 006002001007002003
8 181.441 006002001007002003 11.5394 007000002005002009
8 11.5394 007000002005002009 3901.19 012004002011011004
8 3901.19 012004002011011004 115.227 015004002011011004
8 115.227 015004002011011004 11.5394 007000002005002009
8 11.5394 007000002005002009 8602.48 008000002003008002
8 8602.48 008000002003008002 11.5394 007000002005002009
8 11.5394 007000002005002009 81.0779 010000001003002003
8 81.0779 010000001003002003 1935520000.0 013004002008003000
8 1935520000.0 013004002008003000 1186190000.0 013004002009003000
8 1186190000.0 013004002009003000 11.5394 007000002005002009
8 11.5394 007000002005002009 4441.27 007004001000003002
8 4441.27 007004001000003002 4425.85 007004001004003002
8 4425.85 007004001004003002 11.5394 007000002005002009
8 11.5394 007000002005002009 402638000.0 003003002002007003
8 402638000.0 003003002002007003 35.3753 004003002002007003
8 35.3753 004003002002007003 11.5394 007000002005002009
8 11.5394 007000002005002009 361482000.0 012004002000008002
8 361482000.0 012004002000008002 239095.0 012004002000008008
8 239095.0 012004002000008008 11.5394 007000002005002009
8 11.5394 007000002005002009 670196000.0 010001001003003003
8 670196000.0 010001001003003003 244899.0 010001001004003003
8 244899.0 010001001004003003 11.5394 007000002005002009
8 11.5394 007000002005002009 682503000.0 006005000000000002
8 682503000.0 006005000000000002 287110.0 006005000000000000
8 287110.0 006005000000000000 11.5394 007000002005002009
8 11.5394 007000002005002009 167.986 000000000012002000
8 167.986 000000000012002000 43.8811 016000000012002000
8 43.8811 016000000012002000 11.5394 007000002005002009
8 11.5394 007000002005002009 1851.51 006005002006002000
8 1851.51 006005002006002000 11.5394 007000002005002009
8 11.5394 007000002005002009 35.3753 004003002002007003
8 35.3753 004003002002007003 57.9179 005000000002005004
8 57.9179 005000000002005004 11.236 005000000002004004
8 11.236 005000000002004004 11.5394 007000002005002009
8 11.5394 007000002005002009 3245.5 010001000009008002
8 3245.5 010001000009008002 457.974 010001000009004002
8 457.974 010001000009004002 11.236 005000000002004004
8 11.236 005000000002004004 70233300.0 006003002002002004
8 70233300.0 006003002002002004 1700.57 006003001002002004
8 1700.57 006003001002002004 11.236 005000000002004004
8 11.236 005000000002004004 8432.37 010001000009001002
8 8432.37 010001000009001002 206.131 010001000009009002
8 206.131 010001000009009002 11.236 005000000002004004
8 11.236 005000000002004004 31197900.0 010004000002007001
8 31197900.0 010004000002007001 3053.66 010004000005007001
8 3053.66 010004000005007001 11.236 005000000002004004
8 11.236 005000000002004004 5422.49 000000000011007004
8 5422.49 000000000011007004 5422.49 000000000011007004
8 5422.49 000000000011007004 11.236 005000000002004004
8 11.236 005000000002004004 264.384 000003000000009002
8 264.384 000003000000009002 15.9852 000003000005009002
8 15.9852 000003000005009002 11.236 005000000002004004
8 11.236 005000000002004004 2474960000.0 006002000005001002
8 2474960000.0 006002000005001002 8960.55 006002001005001002
8 8960.55 006002001005001002 11.236 005000000002004004
8 11.236 005000000002004004 1992.0 007001001011010002
8 1992.0 007001001011010002 112.428 016001001011010002
8 112.428 016001001011010002 11.236 005000000002004004
8 11.236 005000000002004004 2449.2115 016002000002001000
8 2449.2115 016002000002001000 2449.2115 016002000002001000
8 2449.2115 016002000002001000 11.236 005000000002004004
8 11.236 005000000002004004 2460.79 006004002002002000
8 2460.79 006004002002002000 166.693 000004002002002000
8 166.693 000004002002002000 11.236 005000000002004004
8 11.236 005000000002004004 2003.16 010001001012002003
8 2003.16 010001001012002003 132.464 010001001012002006
8 132.464 010001001012002006 11.236 005000000002004004
8 11.236 005000000002004004 215.374 007000000011009002
8 215.374 007000000011009002 59.9562 007000000011009005
8 59.9562 007000000011009005 11.236 005000000002004004
8 11.236 005000000002004004 374.225 014005000012010004
8 374.225 014005000012010004 56.9533 014005000012010005
8 56.9533 014005000012010005 11.236 005000000002004004
8 11.236 005000000002004004 73.77735 007001000002009009
8 73.77735 007001000002009009 73.77735 007001000002009009
8 73.77735 007001000002009009 11.236 005000000002004004
8 11.236 005000000002004004 7727.75 010001001007001009
8 7727.75 010001001007001009 5.37693 010004001007001009
8 5.37693 010004001007001009 11.236 005000000002004004
8 11.236 005000000002004004 196.336 005001000012006000
8 196.336 005001000012006000 183.819 005001000012006001
8 183.819 005001000012006001 5.37693 010004001007001009
8 5.37693 010004001007001009 23.9304 006000002002004005
8 23.9304 006000002002004005 11.6197 006000002002009005
8 11.6197 006000002002009005 5.37693 010004001007001009
8 5.37693 010004001007001009 236.496 005003000006002002
8 236.496 005003000006002002 134.591 005006000006002002
8 134.591 005006000006002002 5.37693 010004001007001009
8 5.37693 010004001007001009 35408900002896.86 007001000002002000
8 35408900002896.86 007001000002002000 35408900002896.86 007001000002002000
8 35408900002896.86 007001000002002000 5.37693 010004001007001009
8 5.37693 010004001007001009 32.9822 002000001001010000
8 32.9822 002000001001010000 12.1529 002000001005010000
8 12.1529 002000001005010000 5.37693 010004001007001009
8 5.37693 010004001007001009 8588.59 014003002006009000
8 8588.59 014003002006009000 2483.29 014003002005009000
8 2483.29 014003002005009000 5.37693 010004001007001009
8 5.37693 010004001007001009 680.319 010000000012002009
8 680.319 010000000012002009 25.3909 010000000008002009
8 25.3909 010000000008002009 5.37693 010004001007001009
8 5.37693 010004001007001009 215931.0 015001002011009004
8 215931.0 015001002011009004 3860.35 015006002011009004
8 3860.35 015006002011009004 5.37693 010004001007001009
8 5.37693 010004001007001009 1381.45 006005002002002002
8 1381.45 006005002002002002 5.37693 010004001007001009
8 5.37693 010004001007001009 11.236 005000000002004004
8 11.236 005000000002004004 8307.05 000005002012005003
8 8307.05 000005002012005003 5248.43 000005002012006003
8 5248.43 000005002012006003 5.37693 010004001007001009
8 5.37693 010004001007001009 1775.81 002001000001011002
8 1775.81 002001000001011002 78.7422 002000000001011002
8 78.7422 002000000001011002 5.37693 010004001007001009
8 5.37693 010004001007001009 62.2759 000004000007002005
8 62.2759 000004000007002005 57.9716 000004000003002005
8 57.9716 000004000003002005 5.37693 010004001007001009
8 5.37693 010004001007001009 11014.9 000003000011011003
8 11014.9 000003000011011003 7425.69 014003000011011003
8 7425.69 014003000011011003 5.37693 010004001007001009
8 5.37693 010004001007001009 218.558 005000002002009005
8 218.558 005000002002009005 92.8343 005000002002011005
8 92.8343 005000002002011005 5.37693 010004001007001009
8 5.37693 010004001007001009 154.79 005001001012002002
8 154.79 005001001012002002 88.5187 005001001012010002
8 88.5187 005001001012010002 5.37693 010004001007001009
8 5.37693 010004001007001009 21922.4 016000002003011002
8 21922.4 016000002003011002 4775.13 019000002003011002
8 4775.13 019000002003011002 5.37693 010004001007001009
8 5.37693 010004001007001009 175483.37 005000001011002002
8 175483.37 005000001011002002 175483.37 005000001011002002
8 175483.37 005000001011002002 5.37693 010004001007001009
8 5.37693 010004001007001009 4328.28 005004000006002005
8 4328.28 005004000006002005 306.899 005004000006008005
8 306.899 005004000006008005 5.37693 010004001007001009
8 5.37693 010004001007001009 2167.37 006003002005009005
8 2167.37 006003002005009005 157.45 006003002012009005
8 157.45 006003002012009005 5.37693 010004001007001009
8 5.37693 010004001007001009 2074.31 007001002002011000
8 2074.31 007001002002011000 241.51 007001002001011000
8 241.51 007001002001011000 5.37693 010004001007001009
8 5.37693 010004001007001009 87.7419 005004000003004002
8 87.7419 005004000003004002 87.7419 005004000003004002
8 87.7419 005004000003004002 5.37693 010004001007001009
8 5.37693 010004001007001009 60.734 007000000003009009
8 60.734 007000000003009009 5.37693 010004001007001009
8 5.37693 010004001007001009 11.236 005000000002004004
8 11.236 005000000002004004 1302980000000.0 014004000005001002
8 1302980000000.0 014004000005001002 1974890000.0 013004000005001002
8 1974890000.0 013004000005001002 5.37693 010004001007001009
8 5.37693 010004001007001009 60.6382 007000000012002009
8 60.6382 007000000012002009 20.8149 007000000012002006
8 20.8149 007000000012002006 5.37693 010004001007001009
8 5.37693 010004001007001009 14759.8 005000000005009000
8 14759.8 005000000005009000 101.277 007000000005009000
8 101.277 007000000005009000 5.37693 010004001007001009
8 5.37693 010004001007001009 211216.0 002000002007002003
8 211216.0 002000002007002003 2612.32 002006002007002003
8 2612.32 002006002007002003 5.37693 010004001007001009
8 5.37693 010004001007001009 208415.005 000000001006009002
8 208415.005 000000001006009002 208415.005 000000001006009002
8 208415.005 000000001006009002 5.37693 010004001007001009
8 5.37693 010004001007001009 4317.52 007001001002011000
8 4317.52 007001001002011000 3422.23 007001000002011000
8 3422.23 007001000002011000 5.37693 010004001007001009
8 5.37693 010004001007001009 397351.0 000004002005001003
8 397351.0 000004002005001003 308832.0 000004002010001003
8 308832.0 000004002010001003 5.37693 010004001007001009
8 5.37693 010004001007001009 1011.07 006002002005009000
8 1011.07 006002002005009000 537.106 006002002008009000
8 537.106 006002002008009000 5.37693 010004001007001009
8 5.37693 010004001007001009 1458.07 002001002011009003
8 1458.07 002001002011009003 60.506 002001002011009008
8 60.506 002001002011009008 5.37693 010004001007001009
8 5.37693 010004001007001009 255.412 010000000011002002
8 255.412 010000000011002002 69.4358 010000000001002002
8 69.4358 010000000001002002 5.37693 010004001007001009
8 5.37693 010004001007001009 220.776 006000000002011000
8 220.776 006000000002011000 5.37693 010004001007001009
8 5.37693 010004001007001009 11.236 005000000002004004
8 11.236 005000000002004004 4191.225 010004002012011003
8 4191.225 010004002012011003 4191.225 010004002012011003
8 4191.225 010004002012011003 5.37693 010004001007001009
8 5.37693 010004001007001009 51.7828 006000001007002009
8 51.7828 006000001007002009 51.7828 006000001007002009
8 51.7828 006000001007002009 5.37693 010004001007001009
8 5.37693 010004001007001009 79.1006 002004002002006009
8 79.1006 002004002002006009 79.1006 002004002002006009
8 79.1006 002004002002006009 5.37693 010004001007001009
8 5.37693 010004001007001009 90.099 002000000005010002
8 90.099 002000000005010002 26.0129 002000000005010006
8 26.0129 002000000005010006 5.37693 010004001007001009
8 5.37693 010004001007001009 101.571 006003001003002002
8 101.571 006003001003002002 38.8781 006003001003005002
8 38.8781 006003001003005002 5.37693 010004001007001009
8 5.37693 010004001007001009 978.047 005003002002004009
8 978.047 005003002002004009 129.165 005003002000004009
8 129.165 005003002000004009 5.37693 010004001007001009
8 5.37693 010004001007001009 7937.13 007004002012011002
8 7937.13 007004002012011002 1234.46 001004002012011002
8 1234.46 001004002012011002 5.37693 010004001007001009
8 5.37693 010004001007001009 1006960000.0 014004001002009002
8 1006960000.0 014004001002009002 4192.01 014001001002009002
8 4192.01 014001001002009002 5.37693 010004001007001009
8 5.37693 010004001007001009 200.305 010000000002010004
8 200.305 010000000002010004 151.458 010000000002007004
8 151.458 010000000002007004 5.37693 010004001007001009
8 5.37693 010004001007001009 215558.0 016001002007011002
8 215558.0 016001002007011002 3358.9 016001000007011002
8 3358.9 016001000007011002 5.37693 010004001007001009
8 5.37693 010004001007001009 262859.0 002000002005009002
8 262859.0 002000002005009002 30.0758 002000002005006002
8 30.0758 002000002005006002 5.37693 010004001007001009
8 5.37693 010004001007001009 48686.9 005004000002009005
8 48686.9 005004000002009005 3368.48 005004000000009005
8 3368.48 005004000000009005 5.37693 010004001007001009
8 5.37693 010004001007001009 4319.48 015000000003001006
8 4319.48 015000000003001006 7.74002 015005000003001006
8 7.74002 015005000003001006 5.37693 010004001007001009
8 5.37693 010004001007001009 584.947 007000000007002000
8 584.947 007000000007002000 5.37693 010004001007001009
8 5.37693 010004001007001009 7.74002 015005000003001006
8 7.74002 015005000003001006 92.1127 005001000003010002
8 92.1127 005001000003010002 50.1113 005001000003012002
8 50.1113 005001000003012002 5.37693 010004001007001009
8 5.37693 010004001007001009 3428.43 002005000003002006
8 3428.43 002005000003002006 1277.39 002005000008002006
8 1277.39 002005000008002006 5.37693 010004001007001009
8 5.37693 010004001007001009 31879.3 015001000002009002
8 31879.3 015001000002009002 27125.5 015001000002011002
8 27125.5 015001000002011002 5.37693 010004001007001009
8 5.37693 010004001007001009 7578790000.0 010006001002004002
8 7578790000.0 010006001002004002 6287.12 010006001002005002
8 6287.12 010006001002005002 5.37693 010004001007001009
8 5.37693 010004001007001009 21.2735 005004000007004009
8 21.2735 005004000007004009 21.2735 005004000007004009
8 21.2735 005004000007004009 5.37693 010004001007001009
8 5.37693 010004001007001009 185.291 010000000003009000
8 185.291 010000000003009000 22.2287 010005000003009000
8 22.2287 010005000003009000 5.37693 010004001007001009
8 5.37693 010004001007001009 113.89655 005004001002009009
8 113.89655 005004001002009009 113.89655 005004001002009009
8 113.89655 005004001002009009 5.37693 010004001007001009
8 5.37693 010004001007001009 3486.74 010000000007002000
8 3486.74 010000000007002000 237.708 010000000007010000
8 237.708 010000000007010000 5.37693 010004001007001009
8 5.37693 010004001007001009 46.8432 006004000005009006
8 46.8432 006004000005009006 10.8671 006004000004009006
8 10.8671 006004000004009006 5.37693 010004001007001009
8 5.37693 010004001007001009 155897.0 006004000003004000
8 155897.0 006004000003004000 36444.6 006004000003005000
8 36444.6 006004000003005000 5.37693 010004001007001009
8 5.37693 010004001007001009 178316.07 007000001012010004
8 178316.07 007000001012010004 178316.07 007000001012010004
8 178316.07 007000001012010004 5.37693 010004001007001009
8 5.37693 010004001007001009 88.973 006000000012006009
8 88.973 006000000012006009 17.9752 006000000003006009
8 17.9752 006000000003006009 5.37693 010004001007001009
8 5.37693 010004001007001009 191339.0 010004000007004009
8 191339.0 010004000007004009 53.1355 010004001007004009
8 53.1355 010004001007004009 5.37693 010004001007001009
8 5.37693 010004001007001009 3257.89 000000000005010009
8 3257.89 000000000005010009 3257.89 000000000005010009
8 3257.89 000000000005010009 5.37693 010004001007001009
8 5.37693 010004001007001009 47.1898 002000000003004006
8 47.1898 002000000003004006 17.0309 002000001003004006
8 17.0309 002000001003004006 5.37693 010004001007001009
8 5.37693 010004001007001009 3446.27 006000000003004002
8 3446.27 006000000003004002 127.172 006000000003002002
8 127.172 006000000003002002 5.37693 010004001007001009
8 5.37693 010004001007001009 57.1126 010004002003009009
8 57.1126 010004002003009009 57.1126 010004002003009009
8 57.1126 010004002003009009 5.37693 010004001007001009
8 5.37693 010004001007001009 7127.27 000001000003009005
8 7127.27 000001000003009005 37.9059 000001000003011005
8 37.9059 000001000003011005 5.37693 010004001007001009
8 5.37693 010004001007001009 4739760.0 006000001005010002
8 4739760.0 006000001005010002 9069.33 006000001010010002
8 9069.33 006000001010010002 5.37693 010004001007001009
8 5.37693 010004001007001009 181108.0 002004002002006002
8 181108.0 002004002002006002 8332.62 002004002002006000
8 8332.62 002004002002006000 5.37693 010004001007001009
8 5.37693 010004001007001009 3431.21 005004000002012006
8 3431.21 005004000002012006 701.056 005004000005012006
8 701.056 005004000005012006 5.37693 010004001007001009
8 5.37693 010004001007001009 5284.83 005005000003009005
8 5284.83 005005000003009005 95.1887 005005000008009005
8 95.1887 005005000008009005 5.37693 010004001007001009
8 5.37693 010004001007001009 3324.53 000001000002010009
8 3324.53 000001000002010009 390.082 000001000002010007
8 390.082 000001000002010007 5.37693 010004001007001009
8 5.37693 010004001007001009 3477.61 005004000005006005
8 3477.61 005004000005006005 69.5835 005004000001006005
8 69.5835 005004000001006005 5.37693 010004001007001009
8 5.37693 010004001007001009 7989.46 006000002005011005
8 7989.46 006000002005011005 3704.92 006000002007011005
8 3704.92 006000002007011005 5.37693 010004001007001009
8 5.37693 010004001007001009 44.5032 005000000007002003
8 44.5032 005000000007002003 5.37693 010004001007001009
8 5.37693 010004001007001009 7.74002 015005000003001006
8 7.74002 015005000003001006 17909.0 010000000012011006
8 17909.0 010000000012011006 3776.23 010000002012011006
8 3776.23 010000002012011006 5.37693 010004001007001009
8 5.37693 010004001007001009 107.981 002001002003009002
8 107.981 002001002003009002 20.5276 002001002003011002
8 20.5276 002001002003011002 5.37693 010004001007001009
8 5.37693 010004001007001009 75.3436 010000000002011009
8 75.3436 010000000002011009 5.37693 010004001007001009
8 5.37693 010004001007001009 7.74002 015005000003001006
8 7.74002 015005000003001006 419.754 000000001002004009
8 419.754 000000001002004009 105.926 000000001001004009
8 105.926 000000001001004009 5.37693 010004001007001009
8 5.37693 010004001007001009 24084.3 007001000012009002
8 24084.3 007001000012009002 3134.22 007001000012009008
8 3134.22 007001000012009008 5.37693 010004001007001009
8 5.37693 010004001007001009 3743.33 007000000002002003
8 3743.33 007000000002002003 700.345 007000000002002007
8 700.345 007000000002002007 5.37693 010004001007001009
8 5.37693 010004001007001009 122.269 002004000001002009
8 122.269 002004000001002009 50.0306 015004000001002009
8 50.0306 015004000001002009 5.37693 010004001007001009
8 5.37693 010004001007001009 2352.7 007000001003009000
8 2352.7 007000001003009000 66.9467 001000001003009000
8 66.9467 001000001003009000 5.37693 010004001007001009
8 5.37693 010004001007001009 2351.91 010001000001009000
8 2351.91 010001000001009000 165.504 010001000001011000
8 165.504 010001000001011000 5.37693 010004001007001009
8 5.37693 010004001007001009 149179000000.0 016003001002001000
8 149179000000.0 016003001002001000 4697750000.0 016000001002001000
8 4697750000.0 016000001002001000 5.37693 010004001007001009
8 5.37693 010004001007001009 38.1039 002000000003002006
8 38.1039 002000000003002006 5.37693 010004001007001009
8 5.37693 010004001007001009 7.74002 015005000003001006
8 7.74002 015005000003001006 797.688 010000000003001005
8 797.688 010000000003001005 92.4562 005000000003001005
8 92.4562 005000000003001005 5.37693 010004001007001009
8 5.37693 010004001007001009 3202.7 005004000002010009
8 3202.7 005004000002010009 25.2151 005004000006010009
8 25.2151 005004000006010009 5.37693 010004001007001009
8 5.37693 010004001007001009 2917.34 006005000007009009
8 2917.34 006005000007009009 100.738 006005000007009004
8 100.738 006005000007009004 5.37693 010004001007001009
8 5.37693 010004001007001009 33.2843 005004001007010000
8 33.2843 005004001007010000 17.4129 005004001010010000
8 17.4129 005004001010010000 5.37693 010004001007001009
8 5.37693 010004001007001009 11.5514 006004000003004006
8 11.5514 006004000003004006 5.37693 010004001007001009
8 5.37693 010004001007001009 7.74002 015005000003001006
8 7.74002 015005000003001006 683.032 006000000003010004
8 683.032 006000000003010004 82.0435 006000000003005004
8 82.0435 006000000003005004 5.37693 010004001007001009
8 5.37693 010004001007001009 3275.52 006001000002011005
8 3275.52 006001000002011005 349.886 006000000002011005
8 349.886 006000000002011005 5.37693 010004001007001009
8 5.37693 010004001007001009 6074.13 005004001007002003
8 6074.13 005004001007002003 4580.0 005000001007002003
8 4580.0 005000001007002003 5.37693 010004001007001009
8 5.37693 010004001007001009 30958.3 005000000003011006
8 30958.3 005000000003011006 52.3803 005000002003011006
8 52.3803 005000002003011006 5.37693 010004001007001009
8 5.37693 010004001007001009 3507.8 006004000004009002
8 3507.8 006004000004009002 185.338 006006000004009002
8 185.338 006006000004009002 5.37693 010004001007001009
8 5.37693 010004001007001009 3652.94 000001001011009005
8 3652.94 000001001011009005 482.776 017001001011009005
8 482.776 017001001011009005 5.37693 010004001007001009
8 5.37693 010004001007001009 11252.3 007004001011009002
8 11252.3 007004001011009002 296.847 007004001011008002
8 296.847 007004001011008002 5.37693 010004001007001009
8 5.37693 010004001007001009 53.3934 006004000007004002
8 53.3934 006004000007004002 11.9919 006004000007004007
8 11.9919 006004000007004007 5.37693 010004001007001009
8 5.37693 010004001007001009 108694.0 005003000003009009
8 108694.0 005003000003009009 11538.8 015003000003009009
8 11538.8 015003000003009009 5.37693 010004001007001009
8 5.37693 010004001007001009 4363.18 007004002002004006
8 4363.18 007004002002004006 4260.02 007002002002004006
8 4260.02 007002002002004006 5.37693 010004001007001009
8 5.37693 010004001007001009 2810.72195 014000000003002000
8 2810.72195 014000000003002000 12.2148 004000000003002000
8 12.2148 004000000003002000 5.37693 010004001007001009
8 5.37693 010004001007001009 44484.8 010004000002009006
8 44484.8 010004000002009006 110.852 010006000002009006
8 110.852 010006000002009006 5.37693 010004001007001009
8 5.37693 010004001007001009 414688.0 006003000003011002
8 414688.0 006003000003011002 188.001 006004000003011002
8 188.001 006004000003011002 5.37693 010004001007001009
8 5.37693 010004001007001009 6767.07 005001000011012000
8 6767.07 005001000011012000 61.3016 005005000011012000
8 61.3016 005005000011012000 5.37693 010004001007001009
8 5.37693 010004001007001009 560216000.0 006003002007005002
8 560216000.0 006003002007005002 199.064 006006002007005002
8 199.064 006006002007005002 5.37693 010004001007001009
8 5.37693 010004001007001009 9896.77 005004000002009002
8 9896.77 005004000002009002 228.532 005000000002009002
8 228.532 005000000002009002 5.37693 010004001007001009
8 5.37693 010004001007001009 51.3069 006004000003002005
8 51.3069 006004000003002005 35.7942 014004000003002005
8 35.7942 014004000003002005 5.37693 010004001007001009
8 5.37693 010004001007001009 5978.0 002000002005001006
8 5978.0 002000002005001006 263.758 002000002005000006
8 263.758 002000002005000006 5.37693 010004001007001009
8 5.37693 010004001007001009 61706.7 000004000003004000
8 61706.7 000004000003004000 2413.92 000004000003007000
8 2413.92 000004000003007000 5.37693 010004001007001009
8 5.37693 010004001007001009 87.9818 002000000005012002
8 87.9818 002000000005012002 64.611 007000000005012002
8 64.611 007000000005012002 5.37693 010004001007001009
8 5.37693 010004001007001009 291.123 010000001005009006
8 291.123 010000001005009006 5.37693 010004001007001009
8 5.37693 010004001007001009 7.74002 015005000003001006
8 7.74002 015005000003001006 2176.5293500000002 014005000012002005
8 2176.5293500000002 014005000012002005 2176.5293500000002 014005000012002005
8 2176.5293500000002 014005000012002005 5.37693 010004001007001009
8 5.37693 010004001007001009 217770.0 014001000003002000
8 217770.0 014001000003002000 2810.72195 014000000003002000
8 2810.72195 014000000003002000 5.37693 010004001007001009
8 5.37693 010004001007001009 10.8863 002000002003009000
8 10.8863 002000002003009000 5.37693 010004001007001009
8 5.37693 010004001007001009 7.74002 015005000003001006
8 7.74002 015005000003001006 7596570000.0 005003002003002002
8 7596570000.0 005003002003002002 3792.9 005003002003002008
8 3792.9 005003002003002008 5.37693 010004001007001009
8 5.37693 010004001007001009 11.1777 016000000003005003
8 11.1777 016000000003005003 11.1777 016000000003005003
8 11.1777 016000000003005003 5.37693 010004001007001009
8 5.37693 010004001007001009 3763.2 006000000005002009
8 3763.2 006000000005002009 3524.33 006000000005007009
8 3524.33 006000000005007009 5.37693 010004001007001009
8 5.37693 010004001007001009 4082.8180500000003 016004002003004009
8 4082.8180500000003 016004002003004009 4082.8180500000003 016004002003004009
8 4082.8180500000003 016004002003004009 5.37693 010004001007001009
8 5.37693 010004001007001009 7621600.0 005000002002007003
8 7621600.0 005000002002007003 324173.0 005000002011007003
8 324173.0 005000002011007003 5.37693 010004001007001009
8 5.37693 010004001007001009 458.665 002000002012002009
8 458.665 002000002012002009 80.7765 002000002012011009
8 80.7765 002000002012011009 5.37693 010004001007001009
8 5.37693 010004001007001009 153.523 002000000003005005
8 153.523 002000000003005005 139.617 002000000003008005
8 139.617 002000000003008005 5.37693 010004001007001009
8 5.37693 010004001007001009 267.19 002001000003002005
8 267.19 002001000003002005 119.964 009001000003002005
8 119.964 009001000003002005 5.37693 010004001007001009
8 5.37693 010004001007001009 1335170.0 010001000002004004
8 1335170.0 010001000002004004 323.333 010001002002004004
8 323.333 010001002002004004 5.37693 010004001007001009
8 5.37693 010004001007001009 434968.0 005004002003011009
8 434968.0 005004002003011009 24.7975 005004002003011005
8 24.7975 005004002003011005 5.37693 010004001007001009
8 5.37693 010004001007001009 223726.0 006004001003002006
8 223726.0 006004001003002006 83.1509 006004001003009006
8 83.1509 006004001003009006 5.37693 010004001007001009
8 5.37693 010004001007001009 139.602 010000000003006000
8 139.602 010000000003006000 49.3128 019000000003006000
8 49.3128 019000000003006000 5.37693 010004001007001009
8 5.37693 010004001007001009 12.5852 005004000002002009
8 12.5852 005004000002002009 8.67724 002004000002002009
8 8.67724 002004000002002009 5.37693 010004001007001009
8 5.37693 010004001007001009 53.1779 005000000005002006
8 53.1779 005000000005002006 8.60574 005000000005009006
8 8.60574 005000000005009006 5.37693 010004001007001009
8 5.37693 010004001007001009 106640.0 006004000007009009
8 106640.0 006004000007009009 3361.74 002004000007009009
8 3361.74 002004000007009009 5.37693 010004001007001009
8 5.37693 010004001007001009 6168.06 005001001003011002
8 6168.06 005001001003011002 5789.04 005001001003011005
8 5789.04 005001001003011005 5.37693 010004001007001009
8 5.37693 010004001007001009 214578.0 006004001003011005
8 214578.0 006004001003011005 246.516 006002001003011005
8 246.516 006002001003011005 5.37693 010004001007001009
8 5.37693 010004001007001009 2542.96 007004000003002005
8 2542.96 007004000003002005 2542.96 007004000003002005
8 2542.96 007004000003002005 5.37693 010004001007001009
8 5.37693 010004001007001009 343150.0 006000002003004000
8 343150.0 006000002003004000 11264.7 006000002003004004
8 11264.7 006000002003004004 5.37693 010004001007001009
8 5.37693 010004001007001009 240953.0 005005001005002006
8 240953.0 005005001005002006 379.493 005005001005000006
8 379.493 005005001005000006 5.37693 010004001007001009
8 5.37693 010004001007001009 102.22 005004000001010006
8 102.22 005004000001010006 92.8726 005004000001010003
8 92.8726 005004000001010003 5.37693 010004001007001009
8 5.37693 010004001007001009 281.56125 002000002002004006
8 281.56125 002000002002004006 281.56125 002000002002004006
8 281.56125 002000002002004006 5.37693 010004001007001009
8 5.37693 010004001007001009 7160.01 016000000010002007
8 7160.01 016000000010002007 70.3742 002000000010002007
8 70.3742 002000000010002007 5.37693 010004001007001009
8 5.37693 010004001007001009 3224.38 010000000003006005
8 3224.38 010000000003006005 21.7939 010001000003006005
8 21.7939 010001000003006005 5.37693 010004001007001009
8 5.37693 010004001007001009 6510.01 002004000010009003
8 6510.01 002004000010009003 57.6268 002004000002009003
8 57.6268 002004000002009003 5.37693 010004001007001009
8 5.37693 010004001007001009 4244.9 014004002005010005
8 4244.9 014004002005010005 217.492 014004002005010008
8 217.492 014004002005010008 5.37693 010004001007001009
8 5.37693 010004001007001009 200537.0 016004001007001009
8 200537.0 016004001007001009 129.133 016004000007001009
8 129.133 016004000007001009 5.37693 010004001007001009
8 5.37693 010004001007001009 4023.23 016004002008009006
8 4023.23 016004002008009006 4017.95 016004002008012006
8 4017.95 016004002008012006 5.37693 010004001007001009
8 5.37693 010004001007001009 7.04399 007000000003010005
8 7.04399 007000000003010005 5.37693 010004001007001009
8 5.37693 010004001007001009 7.74002 015005000003001006
8 7.74002 015005000003001006 246385.0 006004000003002009
8 246385.0 006004000003002009 117269.0 006004000007002009
8 117269.0 006004000007002009 5.37693 010004001007001009
8 5.37693 010004001007001009 46.8666 007000000002004006
8 46.8666 007000000002004006 43.8539 007000000000004006
8 43.8539 007000000000004006 5.37693 010004001007001009
8 5.37693 010004001007001009 436683.0 007004001003004009
8 436683.0 007004001003004009 50.481 007004002003004009
8 50.481 007004002003004009 5.37693 010004001007001009
8 5.37693 010004001007001009 52.2713 002004000002009006
8 52.2713 002004000002009006 5.37693 010004001007001009
8 5.37693 010004001007001009 7.04399 007000000003010005
8 7.04399 007000000003010005 1560.47 010000002005004003
8 1560.47 010000002005004003 221.542 019000002005004003
8 221.542 019000002005004003 5.37693 010004001007001009
8 5.37693 010004001007001009 249534000.0 010004000003004002
8 249534000.0 010004000003004002 32.3054 010004000003008002
8 32.3054 010004000003008002 5.37693 010004001007001009
8 5.37693 010004001007001009 225953.0 002004002003008002
8 225953.0 002004002003008002 6123.78 002004002003005002
8 6123.78 002004002003005002 5.37693 010004001007001009
8 5.37693 010004001007001009 76.3331 006004000004002006
8 76.3331 006004000004002006 5.37693 010004001007001009
8 5.37693 010004001007001009 7.04399 007000000003010005
8 7.04399 007000000003010005 3333.03 015000000003011009
8 3333.03 015000000003011009 444.205 015000000004011009
8 444.205 015000000004011009 5.37693 010004001007001009
8 5.37693 010004001007001009 392190.0 002001001002011005
8 392190.0 002001001002011005 26.2965 008001001002011005
8 26.2965 008001001002011005 5.37693 010004001007001009
8 5.37693 010004001007001009 6626.39 006000002003002005
8 6626.39 006000002003002005 3283.88 006000000003002005
8 3283.88 006000000003002005 5.37693 010004001007001009
8 5.37693 010004001007001009 4329.52 002000002012010000
8 4329.52 002000002012010000 4329.52 002000002012010000
8 4329.52 002000002012010000 5.37693 010004001007001009
8 5.37693 010004001007001009 1915.492 005000000005010006
8 1915.492 005000000005010006 1915.492 005000000005010006
8 1915.492 005000000005010006 5.37693 010004001007001009
8 5.37693 010004001007001009 271233.0 010000001002007009
8 271233.0 010000001002007009 14230.5 010003001002007009
8 14230.5 010003001002007009 5.37693 010004001007001009
8 5.37693 010004001007001009 3801.85 006000000005011005
8 3801.85 006000000005011005 128.555 008000000005011005
8 128.555 008000000005011005 5.37693 010004001007001009
8 5.37693 010004001007001009 66.0841 006000000002010003
8 66.0841 006000000002010003 5.37693 010004001007001009
8 5.37693 010004001007001009 7.04399 007000000003010005
8 7.04399 007000000003010005 233193.0 005000001003004006
8 233193.0 005000001003004006 4325.06 013000001003004006
8 4325.06 013000001003004006 5.37693 010004001007001009
8 5.37693 010004001007001009 1519.125 002000000003010000
8 1519.125 002000000003010000 1519.125 002000000003010000
8 1519.125 002000000003010000 5.37693 010004001007001009
8 5.37693 010004001007001009 33934.3 005001000002004002
8 33934.3 005001000002004002 105.434 005001000001004002
8 105.434 005001000001004002 5.37693 010004001007001009
8 5.37693 010004001007001009 21151000.0 006003000007007006
8 21151000.0 006003000007007006 196175.0 012003000007007006
8 196175.0 012003000007007006 5.37693 010004001007001009
8 5.37693 010004001007001009 13.7815 010000000003002009
8 13.7815 010000000003002009 5.37693 010004001007001009
8 5.37693 010004001007001009 7.04399 007000000003010005
8 7.04399 007000000003010005 103.272 002001000005004002
8 103.272 002001000005004002 81.8018 002001000005004003
8 81.8018 002001000005004003 5.37693 010004001007001009
8 5.37693 010004001007001009 253745.0 007003000003009003
8 253745.0 007003000003009003 530.813 007003000003005003
8 530.813 007003000003005003 5.37693 010004001007001009
8 5.37693 010004001007001009 6345.04 002000000007002000
8 6345.04 002000000007002000 5351.07 008000000007002000
8 5351.07 008000000007002000 5.37693 010004001007001009
8 5.37693 010004001007001009 130.173 002000000002009000
8 130.173 002000000002009000 62.8765 002000000002010000
8 62.8765 002000000002010000 5.37693 010004001007001009
8 5.37693 010004001007001009 312387000.0 010004002003009000
8 312387000.0 010004002003009000 253040.0 010004002003009008
8 253040.0 010004002003009008 5.37693 010004001007001009
8 5.37693 010004001007001009 846.186 005000000003002005
8 846.186 005000000003002005 28.4326 005000000003002008
8 28.4326 005000000003002008 5.37693 010004001007001009
8 5.37693 010004001007001009 112.806 010000002000002006
8 112.806 010000002000002006 64.768 010000002008002006
8 64.768 010000002008002006 5.37693 010004001007001009
8 5.37693 010004001007001009 48.1056 007004000003010005
8 48.1056 007004000003010005 27.2697 007004000003009005
8 27.2697 007004000003009005 5.37693 010004001007001009
8 5.37693 010004001007001009 62.8765 002000000002010000
8 62.8765 002000000002010000 11.8022 002000000002010003
8 11.8022 002000000002010003 5.37693 010004001007001009
8 5.37693 010004001007001009 815484.0 005001000003005002
8 815484.0 005001000003005002 189.04 005001000004005002
8 189.04 005001000004005002 5.37693 010004001007001009
8 5.37693 010004001007001009 25671.7 010004000003009005
8 25671.7 010004000003009005 6572.08 010004000005009005
8 6572.08 010004000005009005 5.37693 010004001007001009
8 5.37693 010004001007001009 244449.0 010004002005002009
8 244449.0 010004002005002009 5109.5 010004002005002000
8 5109.5 010004002005002000 5.37693 010004001007001009
8 5.37693 010004001007001009 81.4805 002004000004006000
8 81.4805 002004000004006000 12.2072 002004000004006004
8 12.2072 002004000004006004 5.37693 010004001007001009
8 5.37693 010004001007001009 154896.0 006000000003009009
8 154896.0 006000000003009009 276.935 006000000003009000
8 276.935 006000000003009000 5.37693 010004001007001009
8 5.37693 010004001007001009 83.1509 006004001003009006
8 83.1509 006004001003009006 3972.06 006004001011009006
8 3972.06 006004001011009006 5.37693 010004001007001009
9 5.37693 010004001007001009 796.161 006000002002009002
9 796.161 006000002002009002 14.083 003000000004004000
9 14.083 003000000004004000 62.0844 013001000005008003
9 62.0844 013001000005008003 1616480000.0 008004002002000002
9 1616480000.0 008004002002000002 215785.0 008004002002005002
9 215785.0 008004002002005002 14.083 003000000004004000
9 14.083 003000000004004000 8031.3 014005000007010000
9 8031.3 014005000007010000 3532.33 014005000001010000
9 3532.33 014005000001010000 14.083 003000000004004000
9 14.083 003000000004004000 1204170000.0 020004001009001003
9 1204170000.0 020004001009001003 302.688 020004001009001000
9 302.688 020004001009001000 14.083 003000000004004000
9 14.083 003000000004004000 5821.91 010000002008009002
9 5821.91 010000002008009002 127.185 010000002008012002
9 127.185 010000002008012002 14.083 003000000004004000
9 14.083 003000000004004000 234.514 014004002012009002
9 234.514 014004002012009002 14.083 003000000004004000
9 14.083 003000000004004000 62.0844 013001000005008003
9 62.0844 013001000005008003 10758.9 005002002011010003
9 10758.9 005002002011010003 98.9376 005002002011005003
9 98.9376 005002002011005003 14.083 003000000004004000
9 14.083 003000000004004000 3064270000.0 014004001002000004
9 3064270000.0 014004001002000004 3498.07 014002001002000004
9 3498.07 014002001002000004 14.083 003000000004004000
9 14.083 003000000004004000 50826300.0 014005000006000002
9 50826300.0 014005000006000002 390.357 014003000006000002
9 390.357 014003000006000002 14.083 003000000004004000
9 14.083 003000000004004000 164.919 011004000011009002
9 164.919 011004000011009002 140.319 011004000007009002
9 140.319 011004000007009002 14.083 003000000004004000
9 14.083 003000000004004000 539819.0 014006000011012004
9 539819.0 014006000011012004 375.205 014006000001012004
9 375.205 014006000001012004 14.083 003000000004004000
9 14.083 003000000004004000 6566.84 008005001001003003
9 6566.84 008005001001003003 4583.51 008001001001003003
9 4583.51 008001001001003003 14.083 003000000004004000
9 14.083 003000000004004000 1495690000000.0 014003002008009000
9 1495690000000.0 014003002008009000 431774000.0 014004002008009000
9 431774000.0 014004002008009000 14.083 003000000004004000
9 14.083 003000000004004000 46581.6 003005001001010002
9 46581.6 003005001001010002 253.611 003005001003010002
9 253.611 003005001003010002 14.083 003000000004004000
9 14.083 003000000004004000 38306.6 006005000002003003
9 38306.6 006005000002003003 24567.8 006005000002006003
9 24567.8 006005000002006003 14.083 003000000004004000
9 14.083 003000000004004000 157998.0 014003001009003003
9 157998.0 014003001009003003 475.751 014006001009003003
9 475.751 014006001009003003 14.083 003000000004004000
9 14.083 003000000004004000 7550600000.0 014006001005010001
9 7550600000.0 014006001005010001 2595130000.0 014006001005005001
9 2595130000.0 014006001005005001 14.083 003000000004004000
9 14.083 003000000004004000 8097.22 014003000009012004
9 8097.22 014003000009012004 71.4034 014003000009012005
9 71.4034 014003000009012005 14.083 003000000004004000
9 14.083 003000000004004000 2058.3 003005001011005000
9 2058.3 003005001011005000 168.222 003005002011005000
9 168.222 003005002011005000 14.083 003000000004004000
9 14.083 003000000004004000 211.434 005005000009000001
9 211.434 005005000009000001 147.262 005005000009012001
9 147.262 005005000009012001 14.083 003000000004004000
9 14.083 003000000004004000 4322.91 001004002004005002
9 4322.91 001004002004005002 203.946 001001002004005002
9 203.946 001001002004005002 14.083 003000000004004000
9 14.083 003000000004004000 207722.0 004005001011005002
9 207722.0 004005001011005002 15.5609 002005001011005002
9 15.5609 002005001011005002 14.083 003000000004004000
9 14.083 003000000004004000 54875500.0 005003001008000001
9 54875500.0 005003001008000001 31114400.0 005004001008000001
9 31114400.0 005004001008000001 14.083 003000000004004000
9 14.083 003000000004004000 48.0502 005002002007003000
9 48.0502 005002002007003000 14.083 003000000004004000
9 14.083 003000000004004000 15.5609 002005001011005002
9 15.5609 002005001011005002 69.3951 007005001000010002
9 69.3951 007005001000010002 62.5278 007005001000007002
9 62.5278 007005001000007002 14.083 003000000004004000
9 14.083 003000000004004000 236704.0 005006001005005005
9 236704.0 005006001005005005 3603.23 005006001005005004
9 3603.23 005006001005005004 14.083 003000000004004000
9 14.083 003000000004004000 237255.0 008002000006007002
9 237255.0 008002000006007002 627.031 008002000011007002
9 627.031 008002000011007002 14.083 003000000004004000
9 14.083 003000000004004000 6368.6 003005001001012000
9 6368.6 003005001001012000 49.7359 018005001001012000
9 49.7359 018005001001012000 14.083 003000000004004000
9 14.083 003000000004004000 667.185 011001001005010000
9 667.185 011001001005010000 109.456 011001001002010000
9 109.456 011001001002010000 14.083 003000000004004000
9 14.083 003000000004004000 207730.0 014004002011005001
9 207730.0 014004002011005001 4346.2 014004002004005001
9 4346.2 014004002004005001 14.083 003000000004004000
9 14.083 003000000004004000 303.065 013004001007005002
9 303.065 013004001007005002 82.455 013001001007005002
9 82.455 013001001007005002 14.083 003000000004004000
9 14.083 003000000004004000 7726000000.0 003006001007009000
9 7726000000.0 003006001007009000 442197.0 008006001007009000
9 442197.0 008006001007009000 14.083 003000000004004000
9 14.083 003000000004004000 5292420000.0 020004002002005002
9 5292420000.0 020004002002005002 548.661 020004002005005002
9 548.661 020004002005005002 14.083 003000000004004000
9 14.083 003000000004004000 3366.59 007006000000007004
9 3366.59 007006000000007004 167.448 007002000000007004
9 167.448 007002000000007004 14.083 003000000004004000
9 14.083 003000000004004000 2799.1 014006001000005000
9 2799.1 014006001000005000 1355.43 014004001000005000
9 1355.43 014004001000005000 14.083 003000000004004000
9 14.083 003000000004004000 235791.0 014006001009009003
9 235791.0 014006001009009003 3966.47 014006000009009003
9 3966.47 014006000009009003 14.083 003000000004004000
9 14.083 003000000004004000 4361.16 003006001002004004
9 4361.16 003006001002004004 23.8684 003006001002004003
9 23.8684 003006001002004003 14.083 003000000004004000
9 14.083 003000000004004000 2811040000000.0 013005002000000003
9 2811040000000.0 013005002000000003 373.621 013005001000000003
9 373.621 013005001000000003 14.083 003000000004004000
9 14.083 003000000004004000 198.9785 002003002002005003
9 198.9785 002003002002005003 198.9785 002003002002005003
9 198.9785 002003002002005003 14.083 003000000004004000
9 14.083 003000000004004000 4053.2 005005002011007000
9 4053.2 005005002011007000 2428.39 005005002011007003
9 2428.39 005005002011007003 14.083 003000000004004000
9 14.083 003000000004004000 1850960000.0 011003001001005003
9 1850960000.0 011003001001005003 2451.04 011001001001005003
9 2451.04 011001001001005003 14.083 003000000004004000
9 14.083 003000000004004000 1775.63 006000000000005004
9 1775.63 006000000000005004 112.614 003000000000005004
9 112.614 003000000000005004 14.083 003000000004004000
9 14.083 003000000004004000 66.4329 011004002004003002
9 66.4329 011004002004003002 14.083 003000000004004000
9 14.083 003000000004004000 15.5609 002005001011005002
9 15.5609 002005001011005002 8535.47 018004002007005000
9 8535.47 018004002007005000 459.17 018004002000005000
9 459.17 018004002000005000 14.083 003000000004004000
9 14.083 003000000004004000 205.344 002004002000009002
9 205.344 002004002000009002 88.9605 002004002000005002
9 88.9605 002004002000005002 14.083 003000000004004000
9 14.083 003000000004004000 2493850000.0 011003001005003000
9 2493850000.0 011003001005003000 148982.0 011003001005003005
9 148982.0 011003001005003005 14.083 003000000004004000
9 14.083 003000000004004000 1886650000.0 014003002007007002
9 1886650000.0 014003002007007002 1700000000.0 014003002010007002
9 1700000000.0 014003002010007002 14.083 003000000004004000
9 14.083 003000000004004000 89958400.0 003005000002005002
9 89958400.0 003005000002005002 4462.4 003005001002005002
9 4462.4 003005001002005002 14.083 003000000004004000
9 14.083 003000000004004000 4564780000.0 018002002000007002
9 4564780000.0 018002002000007002 3556530000.0 014002002000007002
9 3556530000.0 014002002000007002 14.083 003000000004004000
9 14.083 003000000004004000 3058790000.0 014004001001004002
9 3058790000.0 014004001001004002 4337.15 014004001008004002
9 4337.15 014004001008004002 14.083 003000000004004000
9 14.083 003000000004004000 1008210000.0 011004001002000002
9 1008210000.0 011004001002000002 41.9202 011004001010000002
9 41.9202 011004001010000002 14.083 003000000004004000
9 14.083 003000000004004000 8522.04 005002002009005001
9 8522.04 005002002009005001 8216.88 005002002009005007
9 8216.88 005002002009005007 14.083 003000000004004000
9 14.083 003000000004004000 2337.04 005002001005007001
9 2337.04 005002001005007001 2065.38 005001001005007001
9 2065.38 005001001005007001 14.083 003000000004004000
9 14.083 003000000004004000 4108.7 020001001007010003
9 4108.7 020001001007010003 346.888 004001001007010003
9 346.888 004001001007010003 14.083 003000000004004000
9 14.083 003000000004004000 227.772 002000002011003002
9 227.772 002000002011003002 70.1016 002001002011003002
9 70.1016 002001002011003002 14.083 003000000004004000
9 14.083 003000000004004000 210176.0 002004002000012000
9 210176.0 002004002000012000 4534.9 002004002005012000
9 4534.9 002004002005012000 14.083 003000000004004000
9 14.083 003000000004004000 546.016 002001001004007003
9 546.016 002001001004007003 437.04 002001001006007003
9 437.04 002001001006007003 14.083 003000000004004000
9 14.083 003000000004004000 647.783 014001002008009002
9 647.783 014001002008009002 90.1069 014001000008009002
9 90.1069 014001000008009002 14.083 003000000004004000
9 14.083 003000000004004000 10657.5 002000000000009002
9 10657.5 002000000000009002 3761.3 002000000000009008
9 3761.3 002000000000009008 14.083 003000000004004000
9 14.083 003000000004004000 130.911 002001000010010004
9 130.911 002001000010010004 112.119 002001000007010004
9 112.119 002001000007010004 14.083 003000000004004000
9 14.083 003000000004004000 2530.88 011005001007010002
9 2530.88 011005001007010002 2027.2 011001001007010002
9 2027.2 011001001007010002 14.083 003000000004004000
9 14.083 003000000004004000 231848.0 001005001000000002
9 231848.0 001005001000000002 165.436 001005001000011002
9 165.436 001005001000011002 14.083 003000000004004000
9 14.083 003000000004004000 209805.0 005002000007004002
9 209805.0 005002000007004002 860.28 012002000007004002
9 860.28 012002000007004002 14.083 003000000004004000
9 14.083 003000000004004000 474874.0 014001000012005003
9 474874.0 014001000012005003 115.164 014001000012004003
9 115.164 014001000012004003 14.083 003000000004004000
9 14.083 003000000004004000 263963.0 002004001000005003
9 263963.0 002004001000005003 2042.7 002004001000006003
9 2042.7 002004001000006003 14.083 003000000004004000
9 14.083 003000000004004000 188250.0 014004001007012003
9 188250.0 014004001007012003 132.032 014004001007012007
9 132.032 014004001007012007 14.083 003000000004004000
9 14.083 003000000004004000 219960.0 002004001004005000
9 219960.0 002004001004005000 230.067 002004001004005008
9 230.067 002004001004005008 14.083 003000000004004000
9 14.083 003000000004004000 1230950000.0 013004002004004001
9 1230950000.0 013004002004004001 253230.0 013004002004009001
9 253230.0 013004002004009001 14.083 003000000004004000
9 14.083 003000000004004000 186.963 018002000007003002
9 186.963 018002000007003002 14.083 003000000004004000
9 14.083 003000000004004000 15.5609 002005001011005002
9 15.5609 002005001011005002 47782900.0 002003002000003004
9 47782900.0 002003002000003004 93668.1 002003001000003004
9 93668.1 002003001000003004 14.083 003000000004004000
9 14.083 003000000004004000 258.429 002004001004009004
9 258.429 002004001004009004 121.046 002004002004009004
9 121.046 002004002004009004 14.083 003000000004004000
9 14.083 003000000004004000 160885.0 002005002001002003
9 160885.0 002005002001002003 20.4467 002004002001002003
9 20.4467 002004002001002003 14.083 003000000004004000
9 14.083 003000000004004000 110.875 005005001000001004
9 110.875 005005001000001004 75.2743 005001001000001004
9 75.2743 005001001000001004 14.083 003000000004004000
9 14.083 003000000004004000 4274.77 005001002002010002
9 4274.77 005001002002010002 339.222 005001002002010005
9 339.222 005001002002010005 14.083 003000000004004000
9 14.083 003000000004004000 1772.3 001004000011003000
9 1772.3 001004000011003000 407.923 001004000011001000
9 407.923 001004000011001000 14.083 003000000004004000
9 14.083 003000000004004000 138.134 013005001011004002
9 138.134 013005001011004002 80.0372 013005001011004005
9 80.0372 013005001011004005 14.083 003000000004004000
9 14.083 003000000004004000 476302000.0 005001002008002000
9 476302000.0 005001002008002000 9105.79 001001002008002000
9 9105.79 001001002008002000 14.083 003000000004004000
9 14.083 003000000004004000 91.198 003005002004005005
9 91.198 003005002004005005 51.6724 003005002004005002
9 51.6724 003005002004005002 14.083 003000000004004000
9 14.083 003000000004004000 150.719 011006002011009005
9 150.719 011006002011009005 145.407 001006002011009005
9 145.407 001006002011009005 14.083 003000000004004000
9 14.083 003000000004004000 2060310000.0 013005001004005002
9 2060310000.0 013005001004005002 71.1764 013005001007005002
9 71.1764 013005001007005002 14.083 003000000004004000
9 14.083 003000000004004000 87234.25 003002001012009004
9 87234.25 003002001012009004 87234.25 003002001012009004
9 87234.25 003002001012009004 14.083 003000000004004000
9 14.083 003000000004004000 321.379 003005000004005005
9 321.379 003005000004005005 111.698 003005000004007005
9 111.698 003005000004007005 14.083 003000000004004000
9 14.083 003000000004004000 279123.0 001001002007004004
9 279123.0 001001002007004004 4204.81 001006002007004004
9 4204.81 001006002007004004 14.083 003000000004004000
9 14.083 003000000004004000 407.932 014000000011012000
9 407.932 014000000011012000 314.006 014000000002012000
9 314.006 014000000002012000 14.083 003000000004004000
9 14.083 003000000004004000 265.883 003001001007009004
9 265.883 003001001007009004 137.545 005001001007009004
9 137.545 005001001007009004 14.083 003000000004004000
9 14.083 003000000004004000 7305.5 013005001011009005
9 7305.5 013005001011009005 15.0787 013005001008009005
9 15.0787 013005001008009005 14.083 003000000004004000
9 14.083 003000000004004000 570.94 013000001005004003
9 570.94 013000001005004003 570.94 013000001005004003
9 570.94 013000001005004003 14.083 003000000004004000
9 14.083 003000000004004000 101.61 002003001004005003
9 101.61 002003001004005003 88.6963 002003001006005003
9 88.6963 002003001006005003 14.083 003000000004004000
9 14.083 003000000004004000 16424000.0 003005001001005002
9 16424000.0 003005001001005002 4122.68 003005001010005002
9 4122.68 003005001010005002 14.083 003000000004004000
9 14.083 003000000004004000 391.617 007005000011004002
9 391.617 007005000011004002 25.1958 007005000011008002
9 25.1958 007005000011008002 14.083 003000000004004000
9 14.083 003000000004004000 1642.5520000000001 003002000000009004
9 1642.5520000000001 003002000000009004 1642.5520000000001 003002000000009004
9 1642.5520000000001 003002000000009004 14.083 003000000004004000
9 14.083 003000000004004000 4144.62 002001002004011002
9 4144.62 002001002004011002 227.924 001001002004011002
9 227.924 001001002004011002 14.083 003000000004004000
9 14.083 003000000004004000 249.721 013000000007004004
9 249.721 013000000007004004 105.335 001000000007004004
9 105.335 001000000007004004 14.083 003000000004004000
9 14.083 003000000004004000 210022.0 002002002001009000
9 210022.0 002002002001009000 4733.36 002002002001008000
9 4733.36 002002002001008000 14.083 003000000004004000
9 14.083 003000000004004000 4208010.0 013002000007005002
9 4208010.0 013002000007005002 3524340.0 012002000007005002
9 3524340.0 012002000007005002 14.083 003000000004004000
9 14.083 003000000004004000 200.245 011004000002011003
9 200.245 011004000002011003 145.726 011006000002011003
9 145.726 011006000002011003 14.083 003000000004004000
9 14.083 003000000004004000 1479750000.0 013004001001003002
9 1479750000.0 013004001001003002 2492.1 013000001001003002
9 2492.1 013000001001003002 14.083 003000000004004000
9 14.083 003000000004004000 129.906 003002002002005002
9 129.906 003002002002005002 14.083 003000000004004000
9 14.083 003000000004004000 15.0787 013005001008009005
9 15.0787 013005001008009005 11839.8 002003000000002004
9 11839.8 002003000000002004 6364.86 008003000000002004
9 6364.86 008003000000002004 14.083 003000000004004000
9 14.083 003000000004004000 4648.39 003002001006009004
9 4648.39 003002001006009004 144.663 018002001006009004
9 144.663 018002001006009004 14.083 003000000004004000
9 14.083 003000000004004000 281627.0 002005002000012003
9 281627.0 002005002000012003 3564.82 002004002000012003
9 3564.82 002004002000012003 14.083 003000000004004000
9 14.083 003000000004004000 68.2385 002001002000005002
9 68.2385 002001002000005002 68.2385 002001002000005002
9 68.2385 002001002000005002 14.083 003000000004004000
9 14.083 003000000004004000 274261.0 001005002002005004
9 274261.0 001005002002005004 59.0533 001005002002005008
9 59.0533 001005002002005008 14.083 003000000004004000
9 14.083 003000000004004000 3634.68 014005001007010004
9 3634.68 014005001007010004 176.199 014001001007010004
9 176.199 014001001007010004 14.083 003000000004004000
9 14.083 003000000004004000 4100.34 002005002011004002
9 4100.34 002005002011004002 180.228 002005002011012002
9 180.228 002005002011012002 14.083 003000000004004000
9 14.083 003000000004004000 1519.51 001001002009005003
9 1519.51 001001002009005003 250.342 001001001009005003
9 250.342 001001001009005003 14.083 003000000004004000
9 14.083 003000000004004000 3355590000.0 011003002007011003
9 3355590000.0 011003002007011003 155430.0 013003002007011003
9 155430.0 013003002007011003 14.083 003000000004004000
9 14.083 003000000004004000 142.119 001005001011005005
9 142.119 001005001011005005 121.129 001005001011005004
9 121.129 001005001011005004 14.083 003000000004004000
9 14.083 003000000004004000 3172.62 002000000011005002
9 3172.62 002000000011005002 123.575 002001000011005002
9 123.575 002001000011005002 14.083 003000000004004000
9 14.083 003000000004004000 239656.0 002001001002008003
9 239656.0 002001001002008003 1366.47 002001001006008003
9 1366.47 002001001006008003 14.083 003000000004004000
9 14.083 003000000004004000 2414310000.0 018005001002005004
9 2414310000.0 018005001002005004 1714180000.0 018004001002005004
9 1714180000.0 018004001002005004 14.083 003000000004004000
9 14.083 003000000004004000 143.643 005005002007005002
9 143.643 005005002007005002 143.643 005005002007005002
9 143.643 005005002007005002 14.083 003000000004004000
9 14.083 003000000004004000 244021.0 005004002008010000
9 244021.0 005004002008010000 11180.0 005004000008010000
9 11180.0 005004000008010000 14.083 003000000004004000
9 14.083 003000000004004000 10276.4 002005002007004005
9 10276.4 002005002007004005 365.915 002005002009004005
9 365.915 002005002009004005 14.083 003000000004004000
9 14.083 003000000004004000 6974.78 013005000000009004
9 6974.78 013005000000009004 4842.81 013005000010009004
9 4842.81 013005000010009004 14.083 003000000004004000
9 14.083 003000000004004000 4259.95 003004001011007004
9 4259.95 003004001011007004 1751.21 003004001011000004
9 1751.21 003004001011000004 14.083 003000000004004000
9 14.083 003000000004004000 4819.5 001006002007005002
9 4819.5 001006002007005002 4819.5 001006002007005002
9 4819.5 001006002007005002 14.083 003000000004004000
9 14.083 003000000004004000 3450.56 013005001007005008
9 3450.56 013005001007005008 221.8 012005001007005008
9 221.8 012005001007005008 14.083 003000000004004000
9 14.083 003000000004004000 548.367 002005002007009003
9 548.367 002005002007009003 218.661 002005002007009008
9 218.661 002005002007009008 14.083 003000000004004000
9 14.083 003000000004004000 97.1916 003004001006010008
9 97.1916 003004001006010008 85.4273 003004001006010004
9 85.4273 003004001006010004 14.083 003000000004004000
9 14.083 003000000004004000 51.6724 003005002004005002
9 51.6724 003005002004005002 275663.0 005005002004005002
9 275663.0 005005002004005002 14.083 003000000004004000
9 14.083 003000000004004000 287461.6995 003002001000008002
9 287461.6995 003002001000008002 287461.6995 003002001000008002
9 287461.6995 003002001000008002 14.083 003000000004004000
9 14.083 003000000004004000 259608.0 002001002001005002
9 259608.0 002001002001005002 4302.7 002001002001005001
9 4302.7 002001002001005001 14.083 003000000004004000
9 14.083 003000000004004000 329610.0 003000001005010000
9 329610.0 003000001005010000 204.483 003000001005008000
9 204.483 003000001005008000 14.083 003000000004004000
9 14.083 003000000004004000 129.497 011005001002008003
9 129.497 011005001002008003 14.083 003000000004004000
9 14.083 003000000004004000 15.0787 013005001008009005
9 15.0787 013005001008009005 4200.16 011004001002007002
9 4200.16 011004001002007002 2369.61 011004001002005002
9 2369.61 011004001002005002 14.083 003000000004004000
9 14.083 003000000004004000 14.5521 002001001006005000
9 14.5521 002001001006005000 14.083 003000000004004000
9 14.083 003000000004004000 15.0787 013005001008009005
9 15.0787 013005001008009005 291425000.0 011005002011005004
9 291425000.0 011005002011005004 1141.75 011005002003005004
9 1141.75 011005002003005004 14.083 003000000004004000
9 14.083 003000000004004000 2210.12 011004001011003004
9 2210.12 011004001011003004 71.5935 011004001011003003
9 71.5935 011004001011003003 14.083 003000000004004000
9 14.083 003000000004004000 865090000.0 018004001002008003
9 865090000.0 018004001002008003 4299.69 018004002002008003
9 4299.69 018004002002008003 14.083 003000000004004000
9 14.083 003000000004004000 22119.4 003005001011012002
9 22119.4 003005001011012002 239.114 003005001011012005
9 239.114 003005001011012005 14.083 003000000004004000
9 14.083 003000000004004000 321.379 003005000004005005
9 321.379 003005000004005005 3393.24 003002000004005005
9 3393.24 003002000004005005 14.083 003000000004004000
9 14.083 003000000004004000 250452.0 003004001010003003
9 250452.0 003004001010003003 202482.0 003004001010003001
9 202482.0 003004001010003001 14.083 003000000004004000
9 14.083 003000000004004000 3733.11 002005001007005002
9 3733.11 002005001007005002 227.114 002005001006005002
9 227.114 002005001006005002 14.083 003000000004004000
9 14.083 003000000004004000 129570.0 002002002002009004
9 129570.0 002002002002009004 3665.97 002002002000009004
9 3665.97 002002002000009004 14.083 003000000004004000
9 14.083 003000000004004000 99.0214 002000000011012003
9 99.0214 002000000011012003 11.0235 002000000007012003
9 11.0235 002000000007012003 14.083 003000000004004000
9 14.083 003000000004004000 207679.0 002004000007005002
9 207679.0 002004000007005002 3331.88 002004000007005008
9 3331.88 002004000007005008 11.0235 002000000007012003
9 11.0235 002000000007012003 4128.78 002004001000010002
9 4128.78 002004001000010002 189.964 002003001000010002
9 189.964 002003001000010002 11.0235 002000000007012003
9 11.0235 002000000007012003 66.1433 003005000011007000
9 66.1433 003005000011007000 11.0235 002000000007012003
9 11.0235 002000000007012003 14.083 003000000004004000
9 14.083 003000000004004000 379.446 003005001005012002
9 379.446 003005001005012002 93.595 003005001005012000
9 93.595 003005001005012000 11.0235 002000000007012003
9 11.0235 002000000007012003 4531.235 010001001002001000
9 4531.235 010001001002001000 4531.235 010001001002001000
9 4531.235 010001001002001000 11.0235 002000000007012003
9 11.0235 002000000007012003 17348.9 007005000004009002
9 17348.9 007005000004009002 3509.64 007002000004009002
9 3509.64 007002000004009002 11.0235 002000000007012003
9 11.0235 002000000007012003 72.1372 003001002007005005
9 72.1372 003001002007005005 11.0235 002000000007012003
9 11.0235 002000000007012003 14.083 003000000004004000
9 14.083 003000000004004000 334.973 003000001008005003
9 334.973 003000001008005003 280.423 017000001008005003
9 280.423 017000001008005003 11.0235 002000000007012003
9 11.0235 002000000007012003 4252.85 003004002000004005
9 4252.85 003004002000004005 115.401 003004002005004005
9 115.401 003004002005004005 11.0235 002000000007012003
9 11.0235 002000000007012003 249280.0 011005002007005002
9 249280.0 011005002007005002 46072.4 011005000007005002
9 46072.4 011005000007005002 11.0235 002000000007012003
9 11.0235 002000000007012003 68255600.0 013005000007003000
9 68255600.0 013005000007003000 228.076 014005000007003000
9 228.076 014005000007003000 11.0235 002000000007012003
9 11.0235 002000000007012003 163974000.0 003003001007005000
9 163974000.0 003003001007005000 250531.0 003003001007005002
9 250531.0 003003001007005002 11.0235 002000000007012003
9 11.0235 002000000007012003 59544400.0 001004000000003004
9 59544400.0 001004000000003004 59.2523 001004002000003004
9 59.2523 001004002000003004 11.0235 002000000007012003
9 11.0235 002000000007012003 91.6197 002005000000005004
9 91.6197 002005000000005004 11.0235 002000000007012003
9 11.0235 002000000007012003 14.083 003000000004004000
9 14.083 003000000004004000 1700.07 005004001011009004
9 1700.07 005004001011009004 243.932 005004001004009004
9 243.932 005004001004009004 11.0235 002000000007012003
9 11.0235 002000000007012003 335.019 003002001004008002
9 335.019 003002001004008002 148.657 003002001004008005
9 148.657 003002001004008005 11.0235 002000000007012003
9 11.0235 002000000007012003 10582.5 002001002004003002
9 10582.5 002001002004003002 339.122 002001002004003001
9 339.122 002001002004003001 11.0235 002000000007012003
9 11.0235 002000000007012003 3569.12 001005000006005002
9 3569.12 001005000006005002 76.9063 002005000006005002
9 76.9063 002005000006005002 11.0235 002000000007012003
9 11.0235 002000000007012003 189.0 002004002011004002
9 189.0 002004002011004002 163.268 002004002003004002
9 163.268 002004002003004002 11.0235 002000000007012003
9 11.0235 002000000007012003 4171.41 002004001000008002
9 4171.41 002004001000008002 4153.97 011004001000008002
9 4153.97 011004001000008002 11.0235 002000000007012003
9 11.0235 002000000007012003 216940000.0 005005000002005002
9 216940000.0 005005000002005002 79.6698 005005000011005002
9 79.6698 005005000011005002 11.0235 002000000007012003
9 11.0235 002000000007012003 170077000.0 003005000000008000
9 170077000.0 003005000000008000 3380.45 003005000000008003
9 3380.45 003005000000008003 11.0235 002000000007012003
9 11.0235 002000000007012003 176.21715 002005002007012003
9 176.21715 002005002007012003 176.21715 002005002007012003
9 176.21715 002005002007012003 11.0235 002000000007012003
9 11.0235 002000000007012003 63200.0 002004000005007008
9 63200.0 002004000005007008 1398.67 002004002005007008
9 1398.67 002004002005007008 11.0235 002000000007012003
9 11.0235 002000000007012003 95.1653 002001001009010003
9 95.1653 002001001009010003 95.1653 002001001009010003
9 95.1653 002001001009010003 11.0235 002000000007012003
9 11.0235 002000000007012003 62.5054 003004001000004005
9 62.5054 003004001000004005 62.5054 003004001000004005
9 62.5054 003004001000004005 11.0235 002000000007012003
9 11.0235 002000000007012003 1978.45 002005002005012002
9 1978.45 002005002005012002 251.729 002005001005012002
9 251.729 002005001005012002 11.0235 002000000007012003
9 11.0235 002000000007012003 6679.24 003005000001005008
9 6679.24 003005000001005008 82.5144 001005000001005008
9 82.5144 001005000001005008 11.0235 002000000007012003
9 11.0235 002000000007012003 53.6278 007001000000005008
9 53.6278 007001000000005008 50.7637 007001000000005006
9 50.7637 007001000000005006 11.0235 002000000007012003
9 11.0235 002000000007012003 252.036 003005001007003005
9 252.036 003005001007003005 81.197 003005001007003007
9 81.197 003005001007003007 11.0235 002000000007012003
9 11.0235 002000000007012003 220979.0 002000001006001005
9 220979.0 002000001006001005 4271.17 002000001006001009
9 4271.17 002000001006001009 11.0235 002000000007012003
9 11.0235 002000000007012003 470083.5 001000002011005003
9 470083.5 001000002011005003 470083.5 001000002011005003
9 470083.5 001000002011005003 11.0235 002000000007012003
9 11.0235 002000000007012003 74.6533 003004001011003002
9 74.6533 003004001011003002 11.0235 002000000007012003
9 11.0235 002000000007012003 14.083 003000000004004000
9 14.083 003000000004004000 137.261 002001002005012004
9 137.261 002001002005012004 19.6686 002001002005012001
9 19.6686 002001002005012001 11.0235 002000000007012003
9 11.0235 002000000007012003 4350.52 013005001005005002
9 4350.52 013005001005005002 11.0235 002000000007012003
9 11.0235 002000000007012003 14.083 003000000004004000
9 14.083 003000000004004000 25.5502 005001000007012000
9 25.5502 005001000007012000 20.5245 005004000007012000
9 20.5245 005004000007012000 11.0235 002000000007012003
9 11.0235 002000000007012003 170.604 002005000004009003
9 170.604 002005000004009003 131.538 002005000004009007
9 131.538 002005000004009007 11.0235 002000000007012003
9 11.0235 002000000007012003 2999.3615 002005002000012000
9 2999.3615 002005002000012000 2999.3615 002005002000012000
9 2999.3615 002005002000012000 11.0235 002000000007012003
9 11.0235 002000000007012003 3707.68 013004001006010008
9 3707.68 013004001006010008 3462.87 013004001006010006
9 3462.87 013004001006010006 11.0235 002000000007012003
9 11.0235 002000000007012003 58959800.0 011005001011008002
9 58959800.0 011005001011008002 227671.0 011004001011008002
9 227671.0 011004001011008002 11.0235 002000000007012003
9 11.0235 002000000007012003 2091.39 003001001000001005
9 2091.39 003001001000001005 219.386 003002001000001005
9 219.386 003002001000001005 11.0235 002000000007012003
9 11.0235 002000000007012003 3526.18 001000000000009000
9 3526.18 001000000000009000 1528.71 001000000007009000
9 1528.71 001000000007009000 11.0235 002000000007012003
9 11.0235 002000000007012003 807903000.0 013003002010004005
9 807903000.0 013003002010004005 250969000.0 009003002010004005
9 250969000.0 009003002010004005 11.0235 002000000007012003
9 11.0235 002000000007012003 317.507 001005001011009002
9 317.507 001005001011009002 125.538 001005001002009002
9 125.538 001005001002009002 11.0235 002000000007012003
9 11.0235 002000000007012003 4703.505 002002001005012002
9 4703.505 002002001005012002 4703.505 002002001005012002
9 4703.505 002002001005012002 11.0235 002000000007012003
9 11.0235 002000000007012003 192543000.0 011004002007002005
9 192543000.0 011004002007002005 4618.32 011003002007002005
9 4618.32 011003002007002005 11.0235 002000000007012003
9 11.0235 002000000007012003 158.857 013001001002005002
9 158.857 013001001002005002 83.6693 013001001002007002
9 83.6693 013001001002007002 11.0235 002000000007012003
9 11.0235 002000000007012003 746.485 001004000006001002
9 746.485 001004000006001002 179.858 001004000006001007
9 179.858 001004000006001007 11.0235 002000000007012003
9 11.0235 002000000007012003 4206.91 003004001000012005
9 4206.91 003004001000012005 113.119 017004001000012005
9 113.119 017004001000012005 11.0235 002000000007012003
9 11.0235 002000000007012003 8466.99 014004001010005002
9 8466.99 014004001010005002 874.039 014003001010005002
9 874.039 014003001010005002 11.0235 002000000007012003
9 11.0235 002000000007012003 1121300000.0 013005001000007002
9 1121300000.0 013005001000007002 27305.8 013005001008007002
9 27305.8 013005001008007002 11.0235 002000000007012003
9 11.0235 002000000007012003 12.5314 003001000000004005
9 12.5314 003001000000004005 11.0235 002000000007012003
9 11.0235 002000000007012003 14.083 003000000004004000
9 14.083 003000000004004000 18.5175 013005000001004004
9 18.5175 013005000001004004 11.0235 002000000007012003
9 11.0235 002000000007012003 12.5314 003001000000004005
9 12.5314 003001000000004005 55.8079 014004000010012002
9 55.8079 014004000010012002 11.0235 002000000007012003
9 11.0235 002000000007012003 12.5314 003001000000004005
9 12.5314 003001000000004005 1175.13 013005002006005002
9 1175.13 013005002006005002 108.311 001005002006005002
9 108.311 001005002006005002 11.0235 002000000007012003
9 11.0235 002000000007012003 22581.7 002001000001010002
9 22581.7 002001000001010002 128.799 002001000001006002
9 128.799 002001000001006002 11.0235 002000000007012003
9 11.0235 002000000007012003 136760.0 007005001004012008
9 136760.0 007005001004012008 240.326 007005001004002008
9 240.326 007005001004002008 11.0235 002000000007012003
9 11.0235 002000000007012003 2875680000.0 013005001004004000
9 2875680000.0 013005001004004000 171693.0 009005001004004000
9 171693.0 009005001004004000 11.0235 002000000007012003
9 11.0235 002000000007012003 203047000.0 003005000000004002
9 203047000.0 003005000000004002 372.41 003005000000004001
9 372.41 003005000000004001 11.0235 002000000007012003
9 11.0235 002000000007012003 14.6185 002005000009003000
9 14.6185 002005000009003000 7.67366 002005000009010000
9 7.67366 002005000009010000 11.0235 002000000007012003
9 11.0235 002000000007012003 29.2474 002002000011005004
9 29.2474 002002000011005004 28.4873 010002000011005004
9 28.4873 010002000011005004 7.67366 002005000009010000
9 7.67366 002005000009010000 2988800000.0 002001000001005002
9 2988800000.0 002001000001005002 2479.15 018001000001005002
9 2479.15 018001000001005002 7.67366 002005000009010000
9 7.67366 002005000009010000 81.1152 002004002006003005
9 81.1152 002004002006003005 7.67366 002005000009010000
9 7.67366 002005000009010000 11.0235 002000000007012003
9 11.0235 002000000007012003 877283000.0 007005001002004002
9 877283000.0 007005001002004002 4240.03 007005001002006002
9 4240.03 007005001002006002 7.67366 002005000009010000
9 7.67366 002005000009010000 79.9836 003001001007000003
9 79.9836 003001001007000003 79.9836 003001001007000003
9 79.9836 003001001007000003 7.67366 002005000009010000
9 7.67366 002005000009010000 18.2867 013001000006005002
9 18.2867 013001000006005002 15.2751 013001000006005003
9 15.2751 013001000006005003 7.67366 002005000009010000
9 7.67366 002005000009010000 31.637 002001000006000004
9 31.637 002001000006000004 7.67366 002005000009010000
9 7.67366 002005000009010000 11.0235 002000000007012003
9 11.0235 002000000007012003 6873.09 002001000000005000
9 6873.09 002001000000005000 329.031 002001000007005000
9 329.031 002001000007005000 7.67366 002005000009010000
10 7.67366 002005000009010000 255.0 005005000001000001
10 255.0 005005000001000001 18.9558 002004001001010004
10 18.9558 002004001001010004 167.543 008001002001011001
10 167.543 008001002001011001 6400204678.5 005006000008006000
10 6400204678.5 005006000008006000 6400204678.5 005006000008006000
10 6400204678.5 005006000008006000 18.9558 002004001001010004
10 18.9558 002004001001010004 5087.07 007000001000007000
10 5087.07 007000001000007000 145.183 007000001000006000
10 145.183 007000001000006000 18.9558 002004001001010004
10 18.9558 002004001001010004 3490.67 012005000001009003
10 3490.67 012005000001009003 702.624 006005000001009003
10 702.624 006005000001009003 18.9558 002004001001010004
10 18.9558 002004001001010004 941.665 010000000012007004
10 941.665 010000000012007004 284.826 012000000012007004
10 284.826 012000000012007004 18.9558 002004001001010004
10 18.9558 002004001001010004 6404.51 007006000008006000
10 6404.51 007006000008006000 3599.4 007004000008006000
10 3599.4 007004000008006000 18.9558 002004001001010004
10 18.9558 002004001001010004 14361.1 009000000000007001
10 14361.1 009000000000007001 3648.82 009000000000007007
10 3648.82 009000000000007007 18.9558 002004001001010004
10 18.9558 002004001001010004 3627.26 009002000003007001
10 3627.26 009002000003007001 23.7923 009000000003007001
10 23.7923 009000000003007001 18.9558 002004001001010004
10 18.9558 002004001001010004 1384750000.0 006003002000009004
10 1384750000.0 006003002000009004 434.75 006004002000009004
10 434.75 006004002000009004 18.9558 002004001001010004
10 18.9558 002004001001010004 78.7955 012000000003007004
10 78.7955 012000000003007004 18.9558 002004001001010004
10 18.9558 002004001001010004 23.7923 009000000003007001
10 23.7923 009000000003007001 194094.0 004000000008002007
10 194094.0 004000000008002007 16.9951 004001000008002007
10 16.9951 004001000008002007 18.9558 002004001001010004
10 18.9558 002004001001010004 324.471 013000000010004004
10 324.471 013000000010004004 16.9951 004001000008002007
10 16.9951 004001000008002007 18.9558 002004001001010004
10 18.9558 002004001001010004 474416.0 011002000006007001
10 474416.0 011002000006007001 3538.33 011002000006007005
10 3538.33 011002000006007005 16.9951 004001000008002007
10 16.9951 004001000008002007 242072000.0 011002002012010001
10 242072000.0 011002002012010001 115116000.0 011002002012010006
10 115116000.0 011002002012010006 16.9951 004001000008002007
10 16.9951 004001000008002007 1164330000.0 011002001012002000
10 1164330000.0 011002001012002000 4444.91 011002002012002000
10 4444.91 011002002012002000 16.9951 004001000008002007
10 16.9951 004001000008002007 638.625 000005001008010003
10 638.625 000005001008010003 254.059 000005001010010003
10 254.059 000005001010010003 16.9951 004001000008002007
10 16.9951 004001000008002007 192.8743 007001000000007007
10 192.8743 007001000000007007 192.8743 007001000000007007
10 192.8743 007001000000007007 16.9951 004001000008002007
10 16.9951 004001000008002007 11.9385 004000001002007004
10 11.9385 004000001002007004 10.8703 004000000002007004
10 10.8703 004000000002007004 16.9951 004001000008002007
10 16.9951 004001000008002007 24123600.0 014001000008007001
10 24123600.0 014001000008007001 159.473 014001000008007005
10 159.473 014001000008007005 10.8703 004000000002007004
10 10.8703 004000000002007004 3618470000.0 011001000007001001
10 3618470000.0 011001000007001001 1467020.0 011001000007001007
10 1467020.0 011001000007001007 10.8703 004000000002007004
10 10.8703 004000000002007004 1062600000.0 011004002008001004
10 1062600000.0 011004002008001004 4198.09 011004002008009004
10 4198.09 011004002008009004 10.8703 004000000002007004
10 10.8703 004000000002007004 2294260000.0 010002002003007000
10 2294260000.0 010002002003007000 386.746 008002002003007000
10 386.746 008002002003007000 10.8703 004000000002007004
10 10.8703 004000000002007004 8.69516 000005000004012004
10 8.69516 000005000004012004 10.8703 004000000002007004
10 10.8703 004000000002007004 11.9385 004000001002007004
10 11.9385 004000001002007004 4448.97 006000001001000004
10 4448.97 006000001001000004 102.7 006000001005000004
10 102.7 006000001005000004 8.69516 000005000004012004
10 8.69516 000005000004012004 4864.37 004000001008007004
10 4864.37 004000001008007004 4830.81 004000001006007004
10 4830.81 004000001006007004 8.69516 000005000004012004
10 8.69516 000005000004012004 4735.76 012000001001009004
10 4735.76 012000001001009004 4645.34 005000001001009004
10 4645.34 005000001001009004 8.69516 000005000004012004
10 8.69516 000005000004012004 182.361 009005002000012000
10 182.361 009005002000012000 149.326 009000002000012000
10 149.326 009000002000012000 8.69516 000005000004012004
10 8.69516 000005000004012004 22247.731 000005000004004004
10 22247.731 000005000004004004 22247.731 000005000004004004
10 22247.731 000005000004004004 8.69516 000005000004012004
10 8.69516 000005000004012004 1899.44 001001001006004000
10 1899.44 001001001006004000 127.234 001005001006004000
10 127.234 001005001006004000 8.69516 000005000004012004
10 8.69516 000005000004012004 1868.6200000000001 006004000003007007
10 1868.6200000000001 006004000003007007 1868.6200000000001 006004000003007007
10 1868.6200000000001 006004000003007007 8.69516 000005000004012004
10 8.69516 000005000004012004 2967.64 000000001003002000
10 2967.64 000000001003002000 1538.49 000004001003002000
10 1538.49 000004001003002000 8.69516 000005000004012004
10 8.69516 000005000004012004 185072.0 008001002003007004
10 185072.0 008001002003007004 143393.0 008004002003007004
10 143393.0 008004002003007004 8.69516 000005000004012004
10 8.69516 000005000004012004 3310.09 001000000012012004
10 3310.09 001000000012012004 79.1405 012000000012012004
10 79.1405 012000000012012004 8.69516 000005000004012004
10 8.69516 000005000004012004 3114.825 004000000001007007
10 3114.825 004000000001007007 3114.825 004000000001007007
10 3114.825 004000000001007007 8.69516 000005000004012004
10 8.69516 000005000004012004 805161259.405 014004000010001001
10 805161259.405 014004000010001001 805161259.405 014004000010001001
10 805161259.405 014004000010001001 8.69516 000005000004012004
10 8.69516 000005000004012004 3413.43 014004000000009001
10 3413.43 014004000000009001 52.3408 018004000000009001
10 52.3408 018004000000009001 8.69516 000005000004012004
10 8.69516 000005000004012004 693608000.0 009000001008003001
10 693608000.0 009000001008003001 79.5974 009000001008011001
10 79.5974 009000001008011001 8.69516 000005000004012004
10 8.69516 000005000004012004 783071000.0 009000001000000004
10 783071000.0 009000001000000004 729.747 009002001000000004
10 729.747 009002001000000004 8.69516 000005000004012004
10 8.69516 000005000004012004 14127.1 000000000003012004
10 14127.1 000000000003012004 61.4237 000000000012012004
10 61.4237 000000000012012004 8.69516 000005000004012004
10 8.69516 000005000004012004 222573.0 009006001008002000
10 222573.0 009006001008002000 186.629 009006002008002000
10 186.629 009006002008002000 8.69516 000005000004012004
10 8.69516 000005000004012004 260.59 000001002003007003
10 260.59 000001002003007003 211.556 000004002003007003
10 211.556 000004002003007003 8.69516 000005000004012004
10 8.69516 000005000004012004 8821.72 004004001003007003
10 8821.72 004004001003007003 4766.5 004004001003009003
10 4766.5 004004001003009003 8.69516 000005000004012004
10 8.69516 000005000004012004 92.9873 001005000001007000
10 92.9873 001005000001007000 66.401 001004000001007000
10 66.401 001004000001007000 8.69516 000005000004012004
10 8.69516 000005000004012004 13876.9 009000000006012004
10 13876.9 009000000006012004 267.018 009000000009012004
10 267.018 009000000009012004 8.69516 000005000004012004
10 8.69516 000005000004012004 475.617 000001001006000004
10 475.617 000001001006000004 202.426 000001001006000008
10 202.426 000001001006000008 8.69516 000005000004012004
10 8.69516 000005000004012004 3407.43 008000000000007004
10 3407.43 008000000000007004 293.616 008000001000007004
10 293.616 008000001000007004 8.69516 000005000004012004
10 8.69516 000005000004012004 277.551 001001001006004004
10 277.551 001001001006004004 185.71 001001001006004005
10 185.71 001001001006004005 8.69516 000005000004012004
10 8.69516 000005000004012004 134870000.0 012000001005010004
10 134870000.0 012000001005010004 2434.03 012000001005003004
10 2434.03 012000001005003004 8.69516 000005000004012004
10 8.69516 000005000004012004 114.205 009001002005004004
10 114.205 009001002005004004 88.281 009001002005009004
10 88.281 009001002005009004 8.69516 000005000004012004
10 8.69516 000005000004012004 98.4664 007000000008004001
10 98.4664 007000000008004001 27.0948 016000000008004001
10 27.0948 016000000008004001 8.69516 000005000004012004
10 8.69516 000005000004012004 156.86905000000002 009000000008009008
10 156.86905000000002 009000000008009008 156.86905000000002 009000000008009008
10 156.86905000000002 009000000008009008 8.69516 000005000004012004
10 8.69516 000005000004012004 63.1877 000005000002004003
10 63.1877 000005000002004003 8.69516 000005000004012004
10 8.69516 000005000004012004 10.8703 004000000002007004
10 10.8703 004000000002007004 265449.0 001000000008004004
10 265449.0 001000000008004004 317.96 001000000003004004
10 317.96 001000000003004004 8.69516 000005000004012004
10 8.69516 000005000004012004 171.265 001005002012004004
10 171.265 001005002012004004 95.1071 001005002012004002
10 95.1071 001005002012004002 8.69516 000005000004012004
10 8.69516 000005000004012004 196.883 007001001006012004
10 196.883 007001001006012004 23.7879 010001001006012004
10 23.7879 010001001006012004 8.69516 000005000004012004
10 8.69516 000005000004012004 3098.6 001004000000007005
10 3098.6 001004000000007005 101.879 001004000000010005
10 101.879 001004000000010005 8.69516 000005000004012004
10 8.69516 000005000004012004 3699.13 000000000012006003
10 3699.13 000000000012006003 55.353 000000000001006003
10 55.353 000000000001006003 8.69516 000005000004012004
10 8.69516 000005000004012004 174.54 009000000002012003
10 174.54 009000000002012003 155.219 009000000002012006
10 155.219 009000000002012006 8.69516 000005000004012004
10 8.69516 000005000004012004 651.894 002004002008011000
10 651.894 002004002008011000 7.30197 002004002008011007
10 7.30197 002004002008011007 8.69516 000005000004012004
10 8.69516 000005000004012004 259409.0 001000000008004005
10 259409.0 001000000008004005 4577.56 001000001008004005
10 4577.56 001000001008004005 7.30197 002004002008011007
10 7.30197 002004002008011007 253052.0 000001001006004001
10 253052.0 000001001006004001 207.575 016001001006004001
10 207.575 016001001006004001 7.30197 002004002008011007
10 7.30197 002004002008011007 220.154 004005000000012001
10 220.154 004005000000012001 70.5125 004005000005012001
10 70.5125 004005000005012001 7.30197 002004002008011007
10 7.30197 002004002008011007 200.933 004000002002004004
10 200.933 004000002002004004 171.404 004000002002004007
10 171.404 004000002002004007 7.30197 002004002008011007
10 7.30197 002004002008011007 6694.77 012005001002002004
10 6694.77 012005001002002004 166.509 016005001002002004
10 166.509 016005001002002004 7.30197 002004002008011007
10 7.30197 002004002008011007 3609.42 001000000001011007
10 3609.42 001000000001011007 60.1439 001000000001007007
10 60.1439 001000000001007007 7.30197 002004002008011007
10 7.30197 002004002008011007 3474.06 004001000001007005
10 3474.06 004001000001007005 326.282 004001000001007006
10 326.282 004001000001007006 7.30197 002004002008011007
10 7.30197 002004002008011007 62.799 002000001002007008
10 62.799 002000001002007008 62.799 002000001002007008
10 62.799 002000001002007008 7.30197 002004002008011007
10 7.30197 002004002008011007 3879.77 004000000000006004
10 3879.77 004000000000006004 54.1985 004000000000011004
10 54.1985 004000000000011004 7.30197 002004002008011007
10 7.30197 002004002008011007 3919.64 004000000008004000
10 3919.64 004000000008004000 7.30197 002004002008011007
10 7.30197 002004002008011007 8.69516 000005000004012004
10 8.69516 000005000004012004 3977.71 012001002001012004
10 3977.71 012001002001012004 102.556 012001002001004004
10 102.556 012001002001004004 7.30197 002004002008011007
10 7.30197 002004002008011007 452.393 007000001006012004
10 452.393 007000001006012004 173.163 007000001011012004
10 173.163 007000001011012004 7.30197 002004002008011007
10 7.30197 002004002008011007 9462.01 001000000008009001
10 9462.01 001000000008009001 3373.59 013000000008009001
10 3373.59 013000000008009001 7.30197 002004002008011007
10 7.30197 002004002008011007 3234.3 009000000000012007
10 3234.3 009000000000012007 948.674 009000000000008007
10 948.674 009000000000008007 7.30197 002004002008011007
10 7.30197 002004002008011007 25207.6 001001000002004003
10 25207.6 001001000002004003 275.974 001001000002004007
10 275.974 001001000002004007 7.30197 002004002008011007
10 7.30197 002004002008011007 3845.56 004005000000011004
10 3845.56 004005000000011004 303.279 004005002000011004
10 303.279 004005002000011004 7.30197 002004002008011007
10 7.30197 002004002008011007 3551.81 010000000000010008
10 3551.81 010000000000010008 220.863 010000000000010000
10 220.863 010000000000010000 7.30197 002004002008011007
10 7.30197 002004002008011007 125.812905 001005001005009007
10 125.812905 001005001005009007 125.812905 001005001005009007
10 125.812905 001005001005009007 7.30197 002004002008011007
10 7.30197 002004002008011007 69.041 004001001000004004
10 69.041 004001001000004004 7.30197 002004002008011007
10 7.30197 002004002008011007 8.69516 000005000004012004
10 8.69516 000005000004012004 14.3603 012005001001009000
10 14.3603 012005001001009000 7.30197 002004002008011007
10 7.30197 002004002008011007 8.69516 000005000004012004
10 8.69516 000005000004012004 3614.14 016000000000009004
10 3614.14 016000000000009004 99.3783 016001000000009004
10 99.3783 016001000000009004 7.30197 002004002008011007
10 7.30197 002004002008011007 95.8256 012001002008004007
10 95.8256 012001002008004007 28.7061 012001002008011007
10 28.7061 012001002008011007 7.30197 002004002008011007
10 7.30197 002004002008011007 1856.3 000000002008004001
10 1856.3 000000002008004001 394.39 000000002008004005
10 394.39 000000002008004005 7.30197 002004002008011007
10 7.30197 002004002008011007 267746000.0 009005001000007004
10 267746000.0 009005001000007004 55032.8 009002001000007004
10 55032.8 009002001000007004 7.30197 002004002008011007
10 7.30197 002004002008011007 1295200000.0 012000001003009001
10 1295200000.0 012000001003009001 947395000.0 012000001003011001
10 947395000.0 012000001003011001 7.30197 002004002008011007
10 7.30197 002004002008011007 4028.34 001005001001009008
10 4028.34 001005001001009008 43.9154 010005001001009008
10 43.9154 010005001001009008 7.30197 002004002008011007
10 7.30197 002004002008011007 987.914 009000002011012007
10 987.914 009000002011012007 387.045 009000002011007007
10 387.045 009000002011007007 7.30197 002004002008011007
10 7.30197 002004002008011007 7.80541 010001000008007007
10 7.80541 010001000008007007 7.80541 010001000008007007
10 7.80541 010001000008007007 7.30197 002004002008011007
10 7.30197 002004002008011007 3608.42 018000000001010004
10 3608.42 018000000001010004 3316.19 018000000005010004
10 3316.19 018000000005010004 7.30197 002004002008011007
10 7.30197 002004002008011007 2336.58 007000002004002005
10 2336.58 007000002004002005 134.397 007000002004008005
10 134.397 007000002004008005 7.30197 002004002008011007
10 7.30197 002004002008011007 85934200.0 007000001000007004
10 85934200.0 007000001000007004 466834.0 007000001007007004
10 466834.0 007000001007007004 7.30197 002004002008011007
10 7.30197 002004002008011007 3351.42 016000000005007005
10 3351.42 016000000005007005 7.30197 002004002008011007
10 7.30197 002004002008011007 7.80541 010001000008007007
10 7.80541 010001000008007007 2022.19 001000002004007001
10 2022.19 001000002004007001 88.0245 001000002004007007
10 88.0245 001000002004007007 7.30197 002004002008011007
10 7.30197 002004002008011007 40037.8 000000000000007007
10 40037.8 000000000000007007 7216.83 000000000000007002
10 7216.83 000000000000007002 7.30197 002004002008011007
10 7.30197 002004002008011007 7.67143 001001001001004005
10 7.67143 001001001001004005 7.67143 001001001001004005
10 7.67143 001001001001004005 7.30197 002004002008011007
10 7.30197 002004002008011007 165743.0 000004001008007001
10 165743.0 000004001008007001 27.2719 000004001008005001
10 27.2719 000004001008005001 7.30197 002004002008011007
10 7.30197 002004002008011007 205.515 001000001008004004
10 205.515 001000001008004004 19.7528 000000001008004004
10 19.7528 000000001008004004 7.30197 002004002008011007
10 7.30197 002004002008011007 199546.0 002004001000004005
10 199546.0 002004001000004005 5370.26 002004001000010005
10 5370.26 002004001000010005 7.30197 002004002008011007
10 7.30197 002004002008011007 3433480.0 012000001001007007
10 3433480.0 012000001001007007 85.8662 017000001001007007
10 85.8662 017000001001007007 7.30197 002004002008011007
10 7.30197 002004002008011007 9383.05 001001001000004004
10 9383.05 001001001000004004 9383.05 001001001000004004
10 9383.05 001001001000004004 7.30197 002004002008011007
10 7.30197 002004002008011007 3509.35 012000000005012004
10 3509.35 012000000005012004 3396.68 012000000005012005
10 3396.68 012000000005012005 7.30197 002004002008011007
10 7.30197 002004002008011007 370.136 000001002005011007
10 370.136 000001002005011007 34.5567 000001002007011007
10 34.5567 000001002007011007 7.30197 002004002008011007
10 7.30197 002004002008011007 3701.36 004000000008012004
10 3701.36 004000000008012004 5.21921 004000001008012004
10 5.21921 004000001008012004 7.30197 002004002008011007
10 7.30197 002004002008011007 3556.77 001000002001007001
10 3556.77 001000002001007001 305.532 001000002000007001
10 305.532 001000002000007001 5.21921 004000001008012004
10 5.21921 004000001008012004 49.9548 012001002000007008
10 49.9548 012001002000007008 49.9548 012001002000007008
10 49.9548 012001002000007008 5.21921 004000001008012004
10 5.21921 004000001008012004 77.71 010005000001012000
10 77.71 010005000001012000 56.0596 015005000001012000
10 56.0596 015005000001012000 5.21921 004000001008012004
10 5.21921 004000001008012004 3701.36 004000000008012004
10 3701.36 004000000008012004 62.5266 004000000008000004
10 62.5266 004000000008000004 5.21921 004000001008012004
10 5.21921 004000001008012004 201345.0 002001001008007007
10 201345.0 002001001008007007 78.3495 002004001008007007
10 78.3495 002004001008007007 5.21921 004000001008012004
10 5.21921 004000001008012004 7183.46 000001000007009004
10 7183.46 000001000007009004 26.1834 000001000007009006
10 26.1834 000001000007009006 5.21921 004000001008012004
10 5.21921 004000001008012004 5371.545 018001001008004000
10 5371.545 018001001008004000 5371.545 018001001008004000
10 5371.545 018001001008004000 5.21921 004000001008012004
10 5.21921 004000001008012004 35644.7 004000002008009008
10 35644.7 004000002008009008 126.916 004000002012009008
10 126.916 004000002012009008 5.21921 004000001008012004
10 5.21921 004000001008012004 386.106 002000001008012006
10 386.106 002000001008012006 99.4046 010000001008012006
10 99.4046 010000001008012006 5.21921 004000001008012004
10 5.21921 004000001008012004 142.644 012004000004007004
10 142.644 012004000004007004 35.9184 012004000004007001
10 35.9184 012004000004007001 5.21921 004000001008012004
10 5.21921 004000001008012004 16097.8 004000002003007000
10 16097.8 004000002003007000 2324.39 004000002007007000
10 2324.39 004000002007007000 5.21921 004000001008012004
10 5.21921 004000001008012004 1116360000.0 012001002000005004
10 1116360000.0 012001002000005004 575582000.0 012001002000005001
10 575582000.0 012001002000005001 5.21921 004000001008012004
10 5.21921 004000001008012004 18403.1 002000001000012007
10 18403.1 002000001000012007 3763.49 002000000000012007
10 3763.49 002000000000012007 5.21921 004000001008012004
10 5.21921 004000001008012004 92.4259 017000000008012007
10 92.4259 017000000008012007 90.8015 017000000009012007
10 90.8015 017000000009012007 5.21921 004000001008012004
10 5.21921 004000001008012004 17484.9 002000002000012007
10 17484.9 002000002000012007 3479.27 004000002000012007
10 3479.27 004000002000012007 5.21921 004000001008012004
10 5.21921 004000001008012004 2878.57 000000000002011001
10 2878.57 000000000002011001 5.21921 004000001008012004
10 5.21921 004000001008012004 7.30197 002004002008011007
10 7.30197 002004002008011007 113.444 010005000001007001
10 113.444 010005000001007001 52.9295 010005000001007005
10 52.9295 010005000001007005 5.21921 004000001008012004
10 5.21921 004000001008012004 23712.5 004000000006007007
10 23712.5 004000000006007007 123.097 004000001006007007
10 123.097 004000001006007007 5.21921 004000001008012004
10 5.21921 004000001008012004 3546.61 012005000008009004
10 3546.61 012005000008009004 88.3965 012005000007009004
10 88.3965 012005000007009004 5.21921 004000001008012004
10 5.21921 004000001008012004 5996.97 012001001000007000
10 5996.97 012001001000007000 2101.33 012001001009007000
10 2101.33 012001001009007000 5.21921 004000001008012004
10 5.21921 004000001008012004 365447.0 000000001008009006
10 365447.0 000000001008009006 3639.8 000005001008009006
10 3639.8 000005001008009006 5.21921 004000001008012004
10 5.21921 004000001008012004 48.2373 004005001001009007
10 48.2373 004005001001009007 5.21921 004000001008012004
10 5.21921 004000001008012004 7.30197 002004002008011007
10 7.30197 002004002008011007 95.3215 004004000001007004
10 95.3215 004004000001007004 95.3215 004004000001007004
10 95.3215 004004000001007004 5.21921 004000001008012004
10 5.21921 004000001008012004 17.1797 017004000002012007
10 17.1797 017004000002012007 17.1797 017004000002012007
10 17.1797 017004000002012007 5.21921 004000001008012004
10 5.21921 004000001008012004 201618.0 000001002001004004
10 201618.0 000001002001004004 164.825 000001002001006004
10 164.825 000001002001006004 5.21921 004000001008012004
10 5.21921 004000001008012004 3947.69 000000000002007007
10 3947.69 000000000002007007 2712.68 000000000002003007
10 2712.68 000000000002003007 5.21921 004000001008012004
10 5.21921 004000001008012004 356573.0 017000001001012000
10 356573.0 017000001001012000 288851.0 017000001001002000
10 288851.0 017000001001002000 5.21921 004000001008012004
10 5.21921 004000001008012004 101.649 002004000000010000
10 101.649 002004000000010000 72.9518 002004000004010000
10 72.9518 002004000004010000 5.21921 004000001008012004
10 5.21921 004000001008012004 547.833 010000000002009004
10 547.833 010000000002009004 25.1332 010000000002009002
10 25.1332 010000000002009002 5.21921 004000001008012004
10 5.21921 004000001008012004 3543.64 016000000002007001
10 3543.64 016000000002007001 574.212 016000000002007003
10 574.212 016000000002007003 5.21921 004000001008012004
10 5.21921 004000001008012004 1040460000.0 017004001001012004
10 1040460000.0 017004001001012004 4732.65 017002001001012004
10 4732.65 017002001001012004 5.21921 004000001008012004
10 5.21921 004000001008012004 214.791 000000002002000001
10 214.791 000000002002000001 168.264 000006002002000001
10 168.264 000006002002000001 5.21921 004000001008012004
10 5.21921 004000001008012004 3370.56 000001000001011007
10 3370.56 000001000001011007 85.5284 000001000011011007
10 85.5284 000001000011011007 5.21921 004000001008012004
10 5.21921 004000001008012004 2185.4700000000003 002004001001012004
10 2185.4700000000003 002004001001012004 2185.4700000000003 002004001001012004
10 2185.4700000000003 002004001001012004 5.21921 004000001008012004
10 5.21921 004000001008012004 167.9699 000005002005007007
10 167.9699 000005002005007007 167.9699 000005002005007007
10 167.9699 000005002005007007 5.21921 004000001008012004
10 5.21921 004000001008012004 22.5975 012004000000007005
10 22.5975 012004000000007005 22.5975 012004000000007005
10 22.5975 012004000000007005 5.21921 004000001008012004
10 5.21921 004000001008012004 4817.04 000004001001012003
10 4817.04 000004001001012003 89.2623 000000001001012003
10 89.2623 000000001001012003 5.21921 004000001008012004
10 5.21921 004000001008012004 3339.47 002005000008012004
10 3339.47 002005000008012004 365.895 002005000008002004
10 365.895 002005000008002004 5.21921 004000001008012004
10 5.21921 004000001008012004 196.578 000001000001010000
10 196.578 000001000001010000 31.9735 000001000001010008
10 31.9735 000001000001010008 5.21921 004000001008012004
10 5.21921 004000001008012004 3553940.0 012005001002007007
10 3553940.0 012005001002007007 199154.0 012005001002007003
10 199154.0 012005001002007003 5.21921 004000001008012004
10 5.21921 004000001008012004 52395.8 010005000004012008
10 52395.8 010005000004012008 104.061 002005000004012008
10 104.061 002005000004012008 5.21921 004000001008012004
10 5.21921 004000001008012004 71.3243 012001000001009007
10 71.3243 012001000001009007 71.3243 012001000001009007
10 71.3243 012001000001009007 5.21921 004000001008012004
10 5.21921 004000001008012004 1685.84 004000000008007000
10 1685.84 004000000008007000 41.2638 004005000008007000
10 41.2638 004005000008007000 5.21921 004000001008012004
10 5.21921 004000001008012004 2902.0 015005001001012007
10 2902.0 015005001001012007 1651.33 015006001001012007
10 1651.33 015006001001012007 5.21921 004000001008012004
10 5.21921 004000001008012004 36359.7 010001000002012004
10 36359.7 010001000002012004 74.761 010001000001012004
10 74.761 010001000001012004 5.21921 004000001008012004
10 5.21921 004000001008012004 3886.71 018005001000012004
10 3886.71 018005001000012004 2320.58 018005001000010004
10 2320.58 018005001000010004 5.21921 004000001008012004
10 5.21921 004000001008012004 561473000.0 010001000005007000
10 561473000.0 010001000005007000 38.3063 010001001005007000
10 38.3063 010001001005007000 5.21921 004000001008012004
10 5.21921 004000001008012004 27.7252 000001001001010007
10 27.7252 000001001001010007 17.7822 000001001001003007
10 17.7822 000001001001003007 5.21921 004000001008012004
10 5.21921 004000001008012004 2263.36 000001000001009000
10 2263.36 000001000001009000 195.507 000001000001009007
10 195.507 000001000001009007 5.21921 004000001008012004
10 5.21921 004000001008012004 6923.48 002001000005007004
10 6923.48 002001000005007004 5629.99 002001001005007004
10 5629.99 002001001005007004 5.21921 004000001008012004
10 5.21921 004000001008012004 6906.52 001005000008012007
10 6906.52 001005000008012007 87.3207 001005001008012007
10 87.3207 001005001008012007 5.21921 004000001008012004
10 5.21921 004000001008012004 6882.85 012001000008007006
10 6882.85 012001000008007006 6772.79 010001000008007006
10 6772.79 010001000008007006 5.21921 004000001008012004
10 5.21921 004000001008012004 175481.0 002000001007000007
10 175481.0 002000001007000007 137.944 002000000007000007
10 137.944 002000000007000007 5.21921 004000001008012004
10 5.21921 004000001008012004 48.4785 017004000008009007
10 48.4785 017004000008009007 47.4631 017004000008005007
10 47.4631 017004000008005007 5.21921 004000001008012004
10 5.21921 004000001008012004 2525.31 004000001001010001
10 2525.31 004000001001010001 2102.56 004000001001004001
10 2102.56 004000001001004001 5.21921 004000001008012004
10 5.21921 004000001008012004 3811.71 004005000001007007
10 3811.71 004005000001007007 3634.83 004005002001007007
10 3634.83 004005002001007007 5.21921 004000001008012004
10 5.21921 004000001008012004 1887660000.0 017001002000007004
10 1887660000.0 017001002000007004 4505.09 017001002003007004
10 4505.09 017001002003007004 5.21921 004000001008012004
10 5.21921 004000001008012004 135156.175 004001000008002005
10 135156.175 004001000008002005 135156.175 004001000008002005
10 135156.175 004001000008002005 5.21921 004000001008012004
10 5.21921 004000001008012004 3249.01 002001000008011005
10 3249.01 002001000008011005 3232.62 019001000008011005
10 3232.62 019001000008011005 5.21921 004000001008012004
10 5.21921 004000001008012004 52.1739 004001000002007007
10 52.1739 004001000002007007 49.2899 001001000002007007
10 49.2899 001001000002007007 5.21921 004000001008012004
10 5.21921 004000001008012004 368.066 000005001007009001
10 368.066 000005001007009001 319.678 002005001007009001
10 319.678 002005001007009001 5.21921 004000001008012004
10 5.21921 004000001008012004 496.517 009004001007009008
10 496.517 009004001007009008 5.21921 004000001008012004
10 5.21921 004000001008012004 7.30197 002004002008011007
10 7.30197 002004002008011007 29008.2 004000000002005007
10 29008.2 004000000002005007 172.329 004000000006005007
10 172.329 004000000006005007 5.21921 004000001008012004
10 5.21921 004000001008012004 3309.41 001000000002011008
10 3309.41 001000000002011008 1851.49 001000000002011001
10 1851.49 001000000002011001 5.21921 004000001008012004
10 5.21921 004000001008012004 892.889 001000002008007005
10 892.889 001000002008007005 229.601 001000002008007004
10 229.601 001000002008007004 5.21921 004000001008012004
10 5.21921 004000001008012004 5.72716 012000000008000007
10 5.72716 012000000008000007 5.21921 004000001008012004
10 5.21921 004000001008012004 7.30197 002004002008011007
10 7.30197 002004002008011007 93.0841 010001000002009007
10 93.0841 010001000002009007 38.4999 010001000002009008
10 38.4999 010001000002009008 5.21921 004000001008012004
10 5.21921 004000001008012004 1057.95 004005001008004007
10 1057.95 004005001008004007 131.265 004005001008004006
10 131.265 004005001008004006 5.21921 004000001008012004
10 5.21921 004000001008012004 24453.0 000000001008009007
10 24453.0 000000001008009007 11944.0 000004001008009007
10 11944.0 000004001008009007 5.21921 004000001008012004
10 5.21921 004000001008012004 3581.2349999999997 000000000001009002
10 3581.2349999999997 000000000001009002 3581.2349999999997 000000000001009002
10 3581.2349999999997 000000000001009002 5.21921 004000001008012004
10 5.21921 004000001008012004 21509.5 000001000001000000
10 21509.5 000001000001000000 56.2296 000001000001000007
10 56.2296 000001000001000007 5.21921 004000001008012004
10 5.21921 004000001008012004 198005.0 001001001002000005
10 198005.0 001001001002000005 1191.71 001001001002000006
10 1191.71 001001001002000006 5.21921 004000001008012004
10 5.21921 004000001008012004 4230400000.0 017001000000005001
10 4230400000.0 017001000000005001 2520480000.0 017001000000010001
10 2520480000.0 017001000000010001 5.21921 004000001008012004
10 5.21921 004000001008012004 107.167 001000001002003007
10 107.167 001000001002003007 5.21921 004000001008012004
10 5.21921 004000001008012004 5.72716 012000000008000007
10 5.72716 012000000008000007 59192.0 012005000001007008
10 59192.0 012005000001007008 48.4395 012005000001012008
10 48.4395 012005000001012008 5.21921 004000001008012004
10 5.21921 004000001008012004 1852.425 000004000001011007
10 1852.425 000004000001011007 1852.425 000004000001011007
10 1852.425 000004000001011007 5.21921 004000001008012004
10 5.21921 004000001008012004 49892.1 017004000002012004
10 49892.1 017004000002012004 39.8275 017004000005012004
10 39.8275 017004000005012004 5.21921 004000001008012004
10 5.21921 004000001008012004 34658.0 002001000002011007
10 34658.0 002001000002011007 169.685 002001000002007007
10 169.685 002001000002007007 5.21921 004000001008012004
10 5.21921 004000001008012004 5.23711 010005000008002007
10 5.23711 010005000008002007 5.21921 004000001008012004
10 5.21921 004000001008012004 5.72716 012000000008000007
10 5.72716 012000000008000007 8303.66 000005001002012004
10 8303.66 000005001002012004 353.831 002005001002012004
10 353.831 002005001002012004 5.21921 004000001008012004
10 5.21921 004000001008012004 3662.64 001000000007007000
10 3662.64 001000000007007000 115.1 001000000007002000
10 115.1 001000000007002000 5.21921 004000001008012004
10 5.21921 004000001008012004 4196.57 017005001005011007
10 4196.57 017005001005011007 3578.21 014005001005011007
10 3578.21 014005001005011007 5.21921 004000001008012004
10 5.21921 004000001008012004 28076.0 012005000001009006
10 28076.0 012005000001009006 396.211 012004000001009006
10 396.211 012004000001009006 5.21921 004000001008012004
10 5.21921 004000001008012004 230.87 010000000007011003
10 230.87 010000000007011003 43.1422 010000000007011002
10 43.1422 010000000007011002 5.21921 004000001008012004
10 5.21921 004000001008012004 5415.7 000005000001009000
10 5415.7 000005000001009000 2263.36 000001000001009000
10 2263.36 000001000001009000 5.21921 004000001008012004
10 5.21921 004000001008012004 222.265 002000001008012004
10 222.265 002000001008012004 222.265 002000001008012004
10 222.265 002000001008012004 5.21921 004000001008012004
10 5.21921 004000001008012004 149.594 004001000008009007
10 149.594 004001000008009007 58.4641 019001000008009007
10 58.4641 019001000008009007 5.21921 004000001008012004
10 5.21921 004000001008012004 58644.6 001004000001007007
10 58644.6 001004000001007007 3786.62 001004000001011007
10 3786.62 001004000001011007 5.21921 004000001008012004
10 5.21921 004000001008012004 148.62 004004000002005004
10 148.62 004004000002005004 5.21921 004000001008012004
10 5.21921 004000001008012004 5.23711 010005000008002007
10 5.23711 010005000008002007 6317.96 017005000000011001
10 6317.96 017005000000011001 4031.07 017005000000011006
10 4031.07 017005000000011006 5.21921 004000001008012004
10 5.21921 004000001008012004 264174.0 017000001007004004
10 264174.0 017000001007004004 4455.18 017000001007005004
10 4455.18 017000001007005004 5.21921 004000001008012004
10 5.21921 004000001008012004 82.0591 010001002002011001
10 82.0591 010001002002011001 5.21921 004000001008012004
10 5.21921 004000001008012004 5.23711 010005000008002007
10 5.23711 010005000008002007 736.111 010004000005010004
10 736.111 010004000005010004 31.756 010004001005010004
10 31.756 010004001005010004 5.21921 004000001008012004
10 5.21921 004000001008012004 17.3606 004001000001011007
10 17.3606 004001000001011007 17.3606 004001000001011007
10 17.3606 004001000001011007 5.21921 004000001008012004
10 5.21921 004000001008012004 104058000.0 012005001004010004
10 104058000.0 012005001004010004 160.924 012005001005010004
10 160.924 012005001005010004 5.21921 004000001008012004
10 5.21921 004000001008012004 450.751 004001001001012007
10 450.751 004001001001012007 51.0548 004001001001008007
10 51.0548 004001001001008007 5.21921 004000001008012004
10 5.21921 004000001008012004 1956.35 012004000008007001
10 1956.35 012004000008007001 441.537 012004000008004001
10 441.537 012004000008004001 5.21921 004000001008012004
10 5.21921 004000001008012004 247.064 010000000001009007
10 247.064 010000000001009007 5.21921 004000001008012004
10 5.21921 004000001008012004 5.23711 010005000008002007
10 5.23711 010005000008002007 171.965 017004000001007007
10 171.965 017004000001007007 5.21921 004000001008012004
10 5.21921 004000001008012004 5.23711 010005000008002007
10 5.23711 010005000008002007 15.2845 010000000003007001
10 15.2845 010000000003007001 13.9299 010000000007007001
10 13.9299 010000000007007001 5.21921 004000001008012004
10 5.21921 004000001008012004 251420.0 004000000007002001
10 251420.0 004000000007002001 3318.05 005000000007002001
10 3318.05 005000000007002001 5.21921 004000001008012004
10 5.21921 004000001008012004 6545.63 012000000008007007
10 6545.63 012000000008007007 3422.28 012004000008007007
10 3422.28 012004000008007007 5.21921 004000001008012004
10 5.21921 004000001008012004 1258750.0 010000000005002000
10 1258750.0 010000000005002000 162101.0 010000000010002000
10 162101.0 010000000010002000 5.21921 004000001008012004
10 5.21921 004000001008012004 335.082 010001000008011004
10 335.082 010001000008011004 81.272 010001000000011004
10 81.272 010001000000011004 5.21921 004000001008012004
10 5.21921 004000001008012004 3894.85 000005001008002007
10 3894.85 000005001008002007 26.3066 000005001008005007
10 26.3066 000005001008005007 5.21921 004000001008012004
10 5.21921 004000001008012004 168397000.0 009001000004000004
10 168397000.0 009001000004000004 194079.0 009001000004000008
10 194079.0 009001000004000008 5.21921 004000001008012004
10 5.21921 004000001008012004 102.29 000001001008011007
10 102.29 000001001008011007 5.21921 004000001008012004
10 5.21921 004000001008012004 5.23711 010005000008002007
10 5.23711 010005000008002007 180.622 002000000002007001
10 180.622 002000000002007001 99.9615 002000000002007005
10 99.9615 002000000002007005 5.21921 004000001008012004
10 5.21921 004000001008012004 381.751 004001001001010004
10 381.751 004001001001010004 214.119 004001001001012004
10 214.119 004001001001012004 5.21921 004000001008012004
10 5.21921 004000001008012004 3413.03 010004000007012007
10 3413.03 010004000007012007 12.2681 010004000007003007
10 12.2681 010004000007003007 5.21921 004000001008012004
10 5.21921 004000001008012004 2114.3287 004001001002010007
10 2114.3287 004001001002010007 2114.3287 004001001002010007
10 2114.3287 004001001002010007 5.21921 004000001008012004
10 5.21921 004000001008012004 2871.03 010005000008010007
10 2871.03 010005000008010007 14.2099 010001000008010007
10 14.2099 010001000008010007 5.21921 004000001008012004
10 5.21921 004000001008012004 3539.07 010001000004009004
10 3539.07 010001000004009004 171.393 010001002004009004
10 171.393 010001002004009004 5.21921 004000001008012004
10 5.21921 004000001008012004 3.41403 000004001002012005
10 3.41403 000004001002012005 5.21921 004000001008012004
10 5.21921 004000001008012004 5.23711 010005000008002007
10 5.23711 010005000008002007 1827.9558499999998 009004001008012007
10 1827.9558499999998 009004001008012007 1827.9558499999998 009004001008012007
10 1827.9558499999998 009004001008012007 3.41403 000004001002012005
10 3.41403 000004001002012005 430.816 004005000006007004
10 430.816 004005000006007004 320.579 004005000006007003
10 320.579 004005000006007003 3.41403 000004001002012005
10 3.41403 000004001002012005 84.6804 000001002001009005
10 84.6804 000001002001009005 74.2836 019001002001009005
10 74.2836 019001002001009005 3.41403 000004001002012005
10 3.41403 000004001002012005 6872.9 010004000008003007
10 6872.9 010004000008003007 202.695 005004000008003007
10 202.695 005004000008003007 3.41403 000004001002012005
10 3.41403 000004001002012005 46.312 000000000001009007
10 46.312 000000000001009007 17.6756 000000000001001007
10 17.6756 000000000001001007 3.41403 000004001002012005
10 3.41403 000004001002012005 71.4779 017004000002010004
10 71.4779 017004000002010004 54.614 017004000010010004
10 54.614 017004000010010004 3.41403 000004001002012005
