Run Fitness1 Solution1 Fitness2 Solution2
1 143019223.65 027000002017010014 143019223.65 027000002017010014
1 143019223.65 027000002017010014 9756.09 012005000017007018
1 9756.09 012005000017007018 8750.15 040002001017025003
1 8750.15 040002001017025003 2317.39 040002001017025012
1 2317.39 040002001017025012 9756.09 012005000017007018
1 9756.09 012005000017007018 199.524 012004000017002018
1 199.524 012004000017002018 2317.39 040002001017025012
1 2317.39 040002001017025012 8750.15 040002001017025003
1 8750.15 040002001017025003 27249.8 012002000000025018
1 27249.8 012002000000025018 20296.2 012006000000025018
1 20296.2 012006000000025018 199.524 012004000017002018
1 199.524 012004000017002018 8005904500.0 040002002017025003
1 8005904500.0 040002002017025003 2033.16 040002002017004003
1 2033.16 040002002017004003 199.524 012004000017002018
1 199.524 012004000017002018 54545.6 040002002017025018
1 54545.6 040002002017025018 32166.079999999998 040002002017025001
1 32166.079999999998 040002002017025001 199.524 012004000017002018
1 199.524 012004000017002018 11909300.0 012002002017007018
1 11909300.0 012002002017007018 8118200.0 012002002017017018
1 8118200.0 012002002017017018 199.524 012004000017002018
1 199.524 012004000017002018 1748460.0 012002000017025001
1 1748460.0 012002000017025001 1400860.0 012002000021025001
1 1400860.0 012002000021025001 199.524 012004000017002018
1 199.524 012004000017002018 32166.079999999998 040002002017025001
1 32166.079999999998 040002002017025001 32166.079999999998 040002002017025001
1 32166.079999999998 040002002017025001 199.524 012004000017002018
1 199.524 012004000017002018 27162600.0 040002002025025018
1 27162600.0 040002002025025018 38317.2 040002002008025018
1 38317.2 040002002008025018 199.524 012004000017002018
1 199.524 012004000017002018 5632.15 012002000008004018
1 5632.15 012002000008004018 1804.14 021002000008004018
1 1804.14 021002000008004018 199.524 012004000017002018
1 199.524 012004000017002018 31211.2 021002000008025018
1 31211.2 021002000008025018 2757.89 021002000008018018
1 2757.89 021002000008018018 199.524 012004000017002018
1 199.524 012004000017002018 21672500.0 021002000017007012
1 21672500.0 021002000017007012 2082630.0 021001000017007012
1 2082630.0 021001000017007012 199.524 012004000017002018
1 199.524 012004000017002018 12177200.0 040001000008025001
1 12177200.0 040001000008025001 4381840.0 040000000008025001
1 4381840.0 040000000008025001 199.524 012004000017002018
1 199.524 012004000017002018 17830.3 021002000017025001
1 17830.3 021002000017025001 199.524 012004000017002018
1 199.524 012004000017002018 1804.14 021002000008004018
1 1804.14 021002000008004018 8668.53 021002001008018003
1 8668.53 021002001008018003 91.4301 028002001008018003
1 91.4301 028002001008018003 199.524 012004000017002018
1 199.524 012004000017002018 21543.0 012002002017018018
1 21543.0 012002002017018018 21543.0 012002002017018018
1 21543.0 012002002017018018 91.4301 028002001008018003
1 91.4301 028002001008018003 2567490.0 012002001008002018
1 2567490.0 012002001008002018 1241920.0 012002001008011018
1 1241920.0 012002001008011018 91.4301 028002001008018003
1 91.4301 028002001008018003 15440000.0 012002002008018012
1 15440000.0 012002002008018012 837379.0 012002001008018012
1 837379.0 012002001008018012 91.4301 028002001008018003
1 91.4301 028002001008018003 12986600000.0 040002001008004003
1 12986600000.0 040002001008004003 11990000000.0 040002001008007003
1 11990000000.0 040002001008007003 91.4301 028002001008018003
1 91.4301 028002001008018003 75286400.0 040002000017004001
1 75286400.0 040002000017004001 36312.6 040002000009004001
1 36312.6 040002000009004001 91.4301 028002001008018003
1 91.4301 028002001008018003 50271000.0 040002001008025012
1 50271000.0 040002001008025012 3433.29 040000001008025012
1 3433.29 040000001008025012 91.4301 028002001008018003
1 91.4301 028002001008018003 21859.0 012002000008004012
1 21859.0 012002000008004012 16650.3 012002000021004012
1 16650.3 012002000021004012 91.4301 028002001008018003
1 91.4301 028002001008018003 1082.95 021002002008025018
1 1082.95 021002002008025018 91.4301 028002001008018003
1 91.4301 028002001008018003 199.524 012004000017002018
1 199.524 012004000017002018 4502700.0 021004002008002018
1 4502700.0 021004002008002018 45325.6 021004002008002002
1 45325.6 021004002008002002 91.4301 028002001008018003
1 91.4301 028002001008018003 7165125500.0 021002002008025003
1 7165125500.0 021002002008025003 64940.7 021002002008011003
1 64940.7 021002002008011003 91.4301 028002001008018003
1 91.4301 028002001008018003 23533700.0 028002000017025018
1 23533700.0 028002000017025018 679181.3605 028000000017025018
1 679181.3605 028000000017025018 91.4301 028002001008018003
1 91.4301 028002001008018003 15087300.0 040002001017025018
1 15087300.0 040002001017025018 15383.0 040000001017025018
1 15383.0 040000001017025018 679181.3605 028000000017025018
1 679181.3605 028000000017025018 2186660.0 028000000008025018
1 2186660.0 028000000008025018 1589560.0 028000000021025018
1 1589560.0 028000000021025018 679181.3605 028000000017025018
1 679181.3605 028000000017025018 38591400.0 028002002021004018
1 38591400.0 028002002021004018 2020420.0 028004002021004018
1 2020420.0 028004002021004018 679181.3605 028000000017025018
1 679181.3605 028000000017025018 31861.050000000003 028004001017004003
1 31861.050000000003 028004001017004003 179.226 028004001017006003
1 179.226 028004001017006003 679181.3605 028000000017025018
1 679181.3605 028000000017025018 12641.715 040002001008004018
1 12641.715 040002001008004018 12641.715 040002001008004018
1 12641.715 040002001008004018 679181.3605 028000000017025018
1 679181.3605 028000000017025018 183000964.5 040002000008004018
1 183000964.5 040002000008004018 183000964.5 040002000008004018
1 183000964.5 040002000008004018 679181.3605 028000000017025018
1 679181.3605 028000000017025018 19482400000.0 040002002008004003
1 19482400000.0 040002002008004003 50261.4 022002002008004003
1 50261.4 022002002008004003 679181.3605 028000000017025018
1 679181.3605 028000000017025018 1427910.0 028004002008025018
1 1427910.0 028004002008025018 213.027 028004002008013018
1 213.027 028004002008013018 679181.3605 028000000017025018
1 679181.3605 028000000017025018 7165125500.0 021002002008025003
1 7165125500.0 021002002008025003 204229000.0 021002002008000003
1 204229000.0 021002002008000003 679181.3605 028000000017025018
1 679181.3605 028000000017025018 10201900000.0 028002000017002003
1 10201900000.0 028002000017002003 56508800.0 028002000017016003
1 56508800.0 028002000017016003 679181.3605 028000000017025018
1 679181.3605 028000000017025018 14259.7 028002000017025003
1 14259.7 028002000017025003 2398.97 028002000001025003
1 2398.97 028002000001025003 679181.3605 028000000017025018
1 679181.3605 028000000017025018 21249600.0 028004002001025003
1 21249600.0 028004002001025003 17584.6 028004002001019003
1 17584.6 028004002001019003 679181.3605 028000000017025018
1 679181.3605 028000000017025018 8005904500.0 040002002017025003
1 8005904500.0 040002002017025003 138520000.0 040002002017010003
1 138520000.0 040002002017010003 679181.3605 028000000017025018
1 679181.3605 028000000017025018 4016.94 021004000017006003
1 4016.94 021004000017006003 679181.3605 028000000017025018
1 679181.3605 028000000017025018 91.4301 028002001008018003
1 91.4301 028002001008018003 7553550.0 040004002017006018
1 7553550.0 040004002017006018 1435700.0 040004002017011018
1 1435700.0 040004002017011018 679181.3605 028000000017025018
1 679181.3605 028000000017025018 401241000.0 028002001008004003
1 401241000.0 028002001008004003 24038.8 028002001008004002
1 24038.8 028002001008004002 679181.3605 028000000017025018
1 679181.3605 028000000017025018 1149280.0 028004001008006018
1 1149280.0 028004001008006018 743082.0 001004001008006018
1 743082.0 001004001008006018 679181.3605 028000000017025018
1 679181.3605 028000000017025018 70897.0 012002002008006018
1 70897.0 012002002008006018 7489.24 012005002008006018
1 7489.24 012005002008006018 679181.3605 028000000017025018
1 679181.3605 028000000017025018 179423000.0 028005001008006003
1 179423000.0 028005001008006003 59306700.0 028005001008006010
1 59306700.0 028005001008006010 679181.3605 028000000017025018
1 679181.3605 028000000017025018 6059.05 028004000008018003
1 6059.05 028004000008018003 30079371.855 028002000008018003
1 30079371.855 028002000008018003 679181.3605 028000000017025018
1 679181.3605 028000000017025018 7172970000.0 012004000008004003
1 7172970000.0 012004000008004003 54174.5 012000000008004003
1 54174.5 012000000008004003 679181.3605 028000000017025018
1 679181.3605 028000000017025018 6059.05 028004000008018003
1 6059.05 028004000008018003 6059.05 028004000008018003
1 6059.05 028004000008018003 679181.3605 028000000017025018
1 679181.3605 028000000017025018 30079371.855 028002000008018003
1 30079371.855 028002000008018003 225.113 028002000008018013
1 225.113 028002000008018013 679181.3605 028000000017025018
1 679181.3605 028000000017025018 2799700.0 040000000017002018
1 2799700.0 040000000017002018 19073.0 040000000017002015
1 19073.0 040000000017002015 679181.3605 028000000017025018
1 679181.3605 028000000017025018 4233.68 021000000017004018
1 4233.68 021000000017004018 71.2772 017000000017004018
1 71.2772 017000000017004018 679181.3605 028000000017025018
1 679181.3605 028000000017025018 14140.5 028002002017004003
1 14140.5 028002002017004003 71.2772 017000000017004018
1 71.2772 017000000017004018 679181.3605 028000000017025018
1 679181.3605 028000000017025018 3180.42 028000001008025018
1 3180.42 028000001008025018 71.2772 017000000017004018
1 71.2772 017000000017004018 679181.3605 028000000017025018
1 679181.3605 028000000017025018 86485300.0 028004001008004003
1 86485300.0 028004001008004003 5438290.0 028004001008004018
1 5438290.0 028004001008004018 71.2772 017000000017004018
1 71.2772 017000000017004018 27800.2 028000000008004003
1 27800.2 028000000008004003 4200960.0 028000000004004003
1 4200960.0 028000000004004003 71.2772 017000000017004018
1 71.2772 017000000017004018 111754000.0 028004000008004018
1 111754000.0 028004000008004018 50.2355 028004000009004018
1 50.2355 028004000009004018 71.2772 017000000017004018
1 71.2772 017000000017004018 81.3541 028004001008018013
1 81.3541 028004001008018013 50.2355 028004000009004018
1 50.2355 028004000009004018 71.2772 017000000017004018
1 71.2772 017000000017004018 4659923.65 028004000008018018
1 4659923.65 028004000008018018 2492.93 028004000008018013
1 2492.93 028004000008018013 50.2355 028004000009004018
1 50.2355 028004000009004018 31861.050000000003 028004001017004003
1 31861.050000000003 028004001017004003 50.2355 028004000009004018
1 50.2355 028004000009004018 71.2772 017000000017004018
1 71.2772 017000000017004018 9.48765 028000000008018013
1 9.48765 028000000008018013 50.2355 028004000009004018
1 50.2355 028004000009004018 71.2772 017000000017004018
1 71.2772 017000000017004018 4452920.0 028000000008004018
1 4452920.0 028000000008004018 650419.0 028000000008004007
1 650419.0 028000000008004007 9.48765 028000000008018013
1 9.48765 028000000008018013 8192.76 012004000017004007
1 8192.76 012004000017004007 9.48765 028000000008018013
1 9.48765 028000000008018013 50.2355 028004000009004018
1 50.2355 028004000009004018 1679339.47292 028000000017004013
1 1679339.47292 028000000017004013 1679339.47292 028000000017004013
1 1679339.47292 028000000017004013 9.48765 028000000008018013
1 9.48765 028000000008018013 5954320.0 028000001009004013
1 5954320.0 028000001009004013 1159360.0 021000001009004013
1 1159360.0 021000001009004013 9.48765 028000000008018013
1 9.48765 028000000008018013 131658500.0 028000001008004003
1 131658500.0 028000001008004003 131658500.0 028000001008004003
1 131658500.0 028000001008004003 9.48765 028000000008018013
1 9.48765 028000000008018013 723776.0 028002000017018013
1 723776.0 028002000017018013 243718.0 028002000017018010
1 243718.0 028002000017018010 9.48765 028000000008018013
1 9.48765 028000000008018013 1851448.84225 028000000017018018
1 1851448.84225 028000000017018018 655009.0 028000001017018018
1 655009.0 028000001017018018 9.48765 028000000008018013
1 9.48765 028000000008018013 1880270.115 028000000017018003
1 1880270.115 028000000017018003 106883.490685 010000000017018003
1 106883.490685 010000000017018003 9.48765 028000000008018013
1 9.48765 028000000008018013 4452920.0 028000000008004018
1 4452920.0 028000000008004018 1146360.0 039000000008004018
1 1146360.0 039000000008004018 106883.490685 010000000017018003
1 106883.490685 010000000017018003 421038.56772 028000000017025003
1 421038.56772 028000000017025003 421038.56772 028000000017025003
1 421038.56772 028000000017025003 106883.490685 010000000017018003
1 106883.490685 010000000017018003 89.2444 028000000008018003
1 89.2444 028000000008018003 89.2444 028000000008018003
1 89.2444 028000000008018003 106883.490685 010000000017018003
1 106883.490685 010000000017018003 1679339.47292 028000000017004013
1 1679339.47292 028000000017004013 106883.490685 010000000017018003
1 106883.490685 010000000017018003 9.48765 028000000008018013
1 9.48765 028000000008018013 4659923.65 028004000008018018
1 4659923.65 028004000008018018 2578.02 029004000008018018
1 2578.02 029004000008018018 106883.490685 010000000017018003
1 106883.490685 010000000017018003 21256.4 029000000017004013
1 21256.4 029000000017004013 15158.9 024000000017004013
1 15158.9 024000000017004013 106883.490685 010000000017018003
1 106883.490685 010000000017018003 1851448.84225 028000000017018018
1 1851448.84225 028000000017018018 406.047 040000000017018018
1 406.047 040000000017018018 106883.490685 010000000017018003
1 106883.490685 010000000017018003 3226372.8333333335 017000000017004003
1 3226372.8333333335 017000000017004003 3226372.8333333335 017000000017004003
1 3226372.8333333335 017000000017004003 106883.490685 010000000017018003
1 106883.490685 010000000017018003 3226372.8333333335 017000000017004003
1 3226372.8333333335 017000000017004003 106883.490685 010000000017018003
1 106883.490685 010000000017018003 9.48765 028000000008018013
1 9.48765 028000000008018013 679181.3605 028000000017025018
1 679181.3605 028000000017025018 883364.0517 028000000017025016
1 883364.0517 028000000017025016 106883.490685 010000000017018003
1 106883.490685 010000000017018003 12057.5 028000000017004018
1 12057.5 028000000017004018 4828.0 028000000003004018
1 4828.0 028000000003004018 106883.490685 010000000017018003
1 106883.490685 010000000017018003 300359.0 028000000009025003
1 300359.0 028000000009025003 189317.0 028000000009020003
1 189317.0 028000000009020003 106883.490685 010000000017018003
1 106883.490685 010000000017018003 844630.704575 010000000009025018
1 844630.704575 010000000009025018 844630.704575 010000000009025018
1 844630.704575 010000000009025018 106883.490685 010000000017018003
1 106883.490685 010000000017018003 106883.490685 010000000017018003
1 106883.490685 010000000017018003 2491.4 037000000017018003
1 2491.4 037000000017018003 106883.490685 010000000017018003
1 106883.490685 010000000017018003 666497.5066666667 028000000017018013
1 666497.5066666667 028000000017018013 342261.0 018000000017018013
1 342261.0 018000000017018013 106883.490685 010000000017018003
1 106883.490685 010000000017018003 1825730.0 010000000009018018
1 1825730.0 010000000009018018 1178340.0 010000000012018018
1 1178340.0 010000000012018018 106883.490685 010000000017018003
1 106883.490685 010000000017018003 813813.0 028000000012004013
1 813813.0 028000000012004013 3312.46 028001000012004013
1 3312.46 028001000012004013 106883.490685 010000000017018003
1 106883.490685 010000000017018003 421038.56772 028000000017025003
1 421038.56772 028000000017025003 157675.0 012000000017025003
1 157675.0 012000000017025003 106883.490685 010000000017018003
1 106883.490685 010000000017018003 127810.29212499999 010000000017025003
1 127810.29212499999 010000000017025003 106883.490685 010000000017018003
1 106883.490685 010000000017018003 9.48765 028000000008018013
1 9.48765 028000000008018013 1560873.7985666667 010000000017004003
1 1560873.7985666667 010000000017004003 1709376.6666666667 010000000008004003
1 1709376.6666666667 010000000008004003 106883.490685 010000000017018003
1 106883.490685 010000000017018003 1839290.0 028000000009018016
1 1839290.0 028000000009018016 377.69 028000000009023016
1 377.69 028000000009023016 106883.490685 010000000017018003
1 106883.490685 010000000017018003 421038.56772 028000000017025003
1 421038.56772 028000000017025003 2925.14 028000000017005003
1 2925.14 028000000017005003 106883.490685 010000000017018003
1 106883.490685 010000000017018003 2811285.0 028000000008005016
1 2811285.0 028000000008005016 2811285.0 028000000008005016
1 2811285.0 028000000008005016 106883.490685 010000000017018003
1 106883.490685 010000000017018003 27800.2 028000000008004003
1 27800.2 028000000008004003 1178.69 016000000008004003
1 1178.69 016000000008004003 106883.490685 010000000017018003
1 106883.490685 010000000017018003 6481980.0 028000000017004003
1 6481980.0 028000000017004003 29473.35 028002000017004003
1 29473.35 028002000017004003 106883.490685 010000000017018003
1 106883.490685 010000000017018003 1560873.7985666667 010000000017004003
1 1560873.7985666667 010000000017004003 3774970.0 013000000017004003
1 3774970.0 013000000017004003 106883.490685 010000000017018003
1 106883.490685 010000000017018003 35.2744 010000000008018003
1 35.2744 010000000008018003 8128.25 005000000008018003
1 8128.25 005000000008018003 106883.490685 010000000017018003
1 106883.490685 010000000017018003 35.2744 010000000008018003
1 35.2744 010000000008018003 15839.0 003000000008018003
1 15839.0 003000000008018003 106883.490685 010000000017018003
1 106883.490685 010000000017018003 427930.63333333336 010000000017025013
1 427930.63333333336 010000000017025013 1674.89 010000000017024013
1 1674.89 010000000017024013 106883.490685 010000000017018003
1 106883.490685 010000000017018003 427885.0 028000000008025013
1 427885.0 028000000008025013 297347.0 021000000008025013
1 297347.0 021000000008025013 106883.490685 010000000017018003
1 106883.490685 010000000017018003 903237.0 028000000009018003
1 903237.0 028000000009018003 903237.0 028000000009018003
1 903237.0 028000000009018003 106883.490685 010000000017018003
1 106883.490685 010000000017018003 421038.56772 028000000017025003
1 421038.56772 028000000017025003 8990.94 028000000017022003
1 8990.94 028000000017022003 106883.490685 010000000017018003
1 106883.490685 010000000017018003 667307.3245 010000000017018013
1 667307.3245 010000000017018013 308086.0 010000000017020013
1 308086.0 010000000017020013 106883.490685 010000000017018003
1 106883.490685 010000000017018003 427930.63333333336 010000000017025013
1 427930.63333333336 010000000017025013 6691.23 010000000017006013
1 6691.23 010000000017006013 106883.490685 010000000017018003
1 106883.490685 010000000017018003 32.4992 010000000009004018
1 32.4992 010000000009004018 1512750.0 010000000009004004
1 1512750.0 010000000009004004 106883.490685 010000000017018003
1 106883.490685 010000000017018003 5367.1 010000000009025003
1 5367.1 010000000009025003 493.315 016000000009025003
1 493.315 016000000009025003 106883.490685 010000000017018003
1 106883.490685 010000000017018003 620432.0 010000000017018016
1 620432.0 010000000017018016 150685.0 010000000017018005
1 150685.0 010000000017018005 106883.490685 010000000017018003
1 106883.490685 010000000017018003 427930.63333333336 010000000017025013
1 427930.63333333336 010000000017025013 7913.65 040000000017025013
1 7913.65 040000000017025013 106883.490685 010000000017018003
1 106883.490685 010000000017018003 258462.0 040000000008025003
1 258462.0 040000000008025003 106883.490685 010000000017018003
1 106883.490685 010000000017018003 9.48765 028000000008018013
1 9.48765 028000000008018013 2052.36 040000000017025003
1 2052.36 040000000017025003 464.836 040000000017019003
1 464.836 040000000017019003 106883.490685 010000000017018003
1 106883.490685 010000000017018003 822816.0 028000000017019003
1 822816.0 028000000017019003 8215.45 028000000004019003
1 8215.45 028000000004019003 106883.490685 010000000017018003
1 106883.490685 010000000017018003 421038.56772 028000000017025003
1 421038.56772 028000000017025003 812205.92704 028000000017017003
1 812205.92704 028000000017017003 106883.490685 010000000017018003
1 106883.490685 010000000017018003 703353.0 028000000017025013
1 703353.0 028000000017025013 68.5608 028000000017025006
1 68.5608 028000000017025006 106883.490685 010000000017018003
1 106883.490685 010000000017018003 883364.0517 028000000017025016
1 883364.0517 028000000017025016 2186.825 028004000017025016
1 2186.825 028004000017025016 106883.490685 010000000017018003
1 106883.490685 010000000017018003 52.0081 028000000017017013
1 52.0081 028000000017017013 106883.490685 010000000017018003
1 106883.490685 010000000017018003 9.48765 028000000008018013
1 9.48765 028000000008018013 812205.92704 028000000017017003
1 812205.92704 028000000017017003 2976850.0 028002000017017003
1 2976850.0 028002000017017003 106883.490685 010000000017018003
1 106883.490685 010000000017018003 300359.0 028000000009025003
1 300359.0 028000000009025003 8223.79 028000000009025006
1 8223.79 028000000009025006 106883.490685 010000000017018003
1 106883.490685 010000000017018003 1679339.47292 028000000017004013
1 1679339.47292 028000000017004013 6105.63 030000000017004013
1 6105.63 030000000017004013 106883.490685 010000000017018003
1 106883.490685 010000000017018003 1679339.47292 028000000017004013
1 1679339.47292 028000000017004013 740498.0 028000000019004013
1 740498.0 028000000019004013 106883.490685 010000000017018003
1 106883.490685 010000000017018003 127810.29212499999 010000000017025003
1 127810.29212499999 010000000017025003 581.374 010000000017025002
1 581.374 010000000017025002 106883.490685 010000000017018003
1 106883.490685 010000000017018003 47.0439 028000000009025016
1 47.0439 028000000009025016 106883.490685 010000000017018003
1 106883.490685 010000000017018003 9.48765 028000000008018013
1 9.48765 028000000008018013 883364.0517 028000000017025016
1 883364.0517 028000000017025016 2186.825 028004000017025016
1 2186.825 028004000017025016 106883.490685 010000000017018003
1 106883.490685 010000000017018003 68.42 010000000008025016
1 68.42 010000000008025016 106883.490685 010000000017018003
1 106883.490685 010000000017018003 9.48765 028000000008018013
1 9.48765 028000000008018013 421038.56772 028000000017025003
1 421038.56772 028000000017025003 161664.0 028000000012025003
1 161664.0 028000000012025003 106883.490685 010000000017018003
1 106883.490685 010000000017018003 6481980.0 028000000017004003
1 6481980.0 028000000017004003 6081.79 028000000017004012
1 6081.79 028000000017004012 106883.490685 010000000017018003
1 106883.490685 010000000017018003 503410.0 028000000017018016
1 503410.0 028000000017018016 106883.490685 010000000017018003
1 106883.490685 010000000017018003 9.48765 028000000008018013
1 9.48765 028000000008018013 153267.0 010000000017017003
1 153267.0 010000000017017003 39.9938 004000000017017003
1 39.9938 004000000017017003 106883.490685 010000000017018003
1 106883.490685 010000000017018003 6481980.0 028000000017004003
1 6481980.0 028000000017004003 29473.35 028002000017004003
1 29473.35 028002000017004003 106883.490685 010000000017018003
1 106883.490685 010000000017018003 127810.29212499999 010000000017025003
1 127810.29212499999 010000000017025003 1792.1 026000000017025003
1 1792.1 026000000017025003 106883.490685 010000000017018003
1 106883.490685 010000000017018003 421038.56772 028000000017025003
1 421038.56772 028000000017025003 106883.490685 010000000017018003
1 106883.490685 010000000017018003 9.48765 028000000008018013
1 9.48765 028000000008018013 27800.2 028000000008004003
1 27800.2 028000000008004003 106883.490685 010000000017018003
1 106883.490685 010000000017018003 9.48765 028000000008018013
1 9.48765 028000000008018013 812205.92704 028000000017017003
1 812205.92704 028000000017017003 42.8115 028000000017017012
1 42.8115 028000000017017012 106883.490685 010000000017018003
1 106883.490685 010000000017018003 812205.92704 028000000017017003
1 812205.92704 028000000017017003 21597.5 028000000002017003
1 21597.5 028000000002017003 106883.490685 010000000017018003
1 106883.490685 010000000017018003 812205.92704 028000000017017003
1 812205.92704 028000000017017003 15468.3 028000000017017007
1 15468.3 028000000017017007 106883.490685 010000000017018003
1 106883.490685 010000000017018003 3544070.0 028000000008017003
1 3544070.0 028000000008017003 3057630.0 028001000008017003
1 3057630.0 028001000008017003 106883.490685 010000000017018003
1 106883.490685 010000000017018003 30.74 028000000017017018
1 30.74 028000000017017018 106883.490685 010000000017018003
1 106883.490685 010000000017018003 9.48765 028000000008018013
1 9.48765 028000000008018013 89.2444 028000000008018003
1 89.2444 028000000008018003 106883.490685 010000000017018003
1 106883.490685 010000000017018003 9.48765 028000000008018013
1 9.48765 028000000008018013 35.2744 010000000008018003
1 35.2744 010000000008018003 213859.0 010000000003018003
1 213859.0 010000000003018003 106883.490685 010000000017018003
1 106883.490685 010000000017018003 757866.5 010000000017004013
1 757866.5 010000000017004013 32.6306 016000000017004013
1 32.6306 016000000017004013 106883.490685 010000000017018003
1 106883.490685 010000000017018003 1851448.84225 028000000017018018
1 1851448.84225 028000000017018018 1851448.84225 028000000017018018
1 1851448.84225 028000000017018018 106883.490685 010000000017018003
1 106883.490685 010000000017018003 40.817 016000000008004018
1 40.817 016000000008004018 106883.490685 010000000017018003
1 106883.490685 010000000017018003 9.48765 028000000008018013
1 9.48765 028000000008018013 1709376.6666666667 010000000008004003
1 1709376.6666666667 010000000008004003 19137.6 010004000008004003
1 19137.6 010004000008004003 106883.490685 010000000017018003
1 106883.490685 010000000017018003 757866.5 010000000017004013
1 757866.5 010000000017004013 307074.0 010000000017016013
1 307074.0 010000000017016013 106883.490685 010000000017018003
1 106883.490685 010000000017018003 4826550.0 010000000017004018
1 4826550.0 010000000017004018 12057.5 028000000017004018
1 12057.5 028000000017004018 106883.490685 010000000017018003
1 106883.490685 010000000017018003 4826550.0 010000000017004018
1 4826550.0 010000000017004018 820713.0 012000000017004018
1 820713.0 012000000017004018 106883.490685 010000000017018003
1 106883.490685 010000000017018003 667307.3245 010000000017018013
1 667307.3245 010000000017018013 12155.2 010005000017018013
1 12155.2 010005000017018013 106883.490685 010000000017018003
1 106883.490685 010000000017018003 666497.5066666667 028000000017018013
1 666497.5066666667 028000000017018013 688.448 028000001017018013
1 688.448 028000001017018013 106883.490685 010000000017018003
1 106883.490685 010000000017018003 421038.56772 028000000017025003
1 421038.56772 028000000017025003 81.4152 028000000014025003
1 81.4152 028000000014025003 106883.490685 010000000017018003
1 106883.490685 010000000017018003 91.0432 010000000017025018
1 91.0432 010000000017025018 37.81215 010000000010025018
1 37.81215 010000000010025018 106883.490685 010000000017018003
1 106883.490685 010000000017018003 427885.0 028000000008025013
1 427885.0 028000000008025013 616.421 028004000008025013
1 616.421 028004000008025013 106883.490685 010000000017018003
1 106883.490685 010000000017018003 7269.41 010004000010018013
1 7269.41 010004000010018013 106883.490685 010000000017018003
1 106883.490685 010000000017018003 9.48765 028000000008018013
1 9.48765 028000000008018013 667307.3245 010000000017018013
1 667307.3245 010000000017018013 615270.0 010000000010018013
1 615270.0 010000000010018013 106883.490685 010000000017018003
1 106883.490685 010000000017018003 1880270.115 028000000017018003
1 1880270.115 028000000017018003 503410.0 028000000017018016
1 503410.0 028000000017018016 106883.490685 010000000017018003
1 106883.490685 010000000017018003 4791.78 010000000017004016
1 4791.78 010000000017004016 4538.59 010000002017004016
1 4538.59 010000002017004016 106883.490685 010000000017018003
1 106883.490685 010000000017018003 106883.490685 010000000017018003
1 106883.490685 010000000017018003 106883.490685 010000000017018003
1 106883.490685 010000000017018003 106883.490685 010000000017018003
1 106883.490685 010000000017018003 679181.3605 028000000017025018
1 679181.3605 028000000017025018 1010000.0 028000000017007018
1 1010000.0 028000000017007018 106883.490685 010000000017018003
1 106883.490685 010000000017018003 1709376.6666666667 010000000008004003
1 1709376.6666666667 010000000008004003 12962.6 010000000008008003
1 12962.6 010000000008008003 106883.490685 010000000017018003
1 106883.490685 010000000017018003 2653230.0 028000000010017018
1 2653230.0 028000000010017018 2415.22 028002000010017018
1 2415.22 028002000010017018 106883.490685 010000000017018003
1 106883.490685 010000000017018003 59.5258 016000000017025018
1 59.5258 016000000017025018 106883.490685 010000000017018003
1 106883.490685 010000000017018003 9.48765 028000000008018013
1 9.48765 028000000008018013 1510297.976 010000000008004018
1 1510297.976 010000000008004018 2319980.0 010000000008005018
1 2319980.0 010000000008005018 106883.490685 010000000017018003
1 106883.490685 010000000017018003 45.6618 010000000008025018
1 45.6618 010000000008025018 106883.490685 010000000017018003
1 106883.490685 010000000017018003 9.48765 028000000008018013
1 9.48765 028000000008018013 703353.0 028000000017025013
1 703353.0 028000000017025013 68.5608 028000000017025006
1 68.5608 028000000017025006 106883.490685 010000000017018003
1 106883.490685 010000000017018003 45.6618 010000000008025018
1 45.6618 010000000008025018 44.4156 010000000008016018
1 44.4156 010000000008016018 106883.490685 010000000017018003
1 106883.490685 010000000017018003 45.6618 010000000008025018
1 45.6618 010000000008025018 106883.490685 010000000017018003
1 106883.490685 010000000017018003 9.48765 028000000008018013
1 9.48765 028000000008018013 4826550.0 010000000017004018
1 4826550.0 010000000017004018 4826550.0 010000000017004018
1 4826550.0 010000000017004018 106883.490685 010000000017018003
1 106883.490685 010000000017018003 32.4992 010000000009004018
1 32.4992 010000000009004018 992404.0 010000000009004009
1 992404.0 010000000009004009 106883.490685 010000000017018003
1 106883.490685 010000000017018003 844630.704575 010000000009025018
1 844630.704575 010000000009025018 6828.79 010005000009025018
1 6828.79 010005000009025018 106883.490685 010000000017018003
1 106883.490685 010000000017018003 5176.36 010005000017004018
1 5176.36 010005000017004018 106883.490685 010000000017018003
1 106883.490685 010000000017018003 9.48765 028000000008018013
1 9.48765 028000000008018013 315.4 028000000010025013
1 315.4 028000000010025013 6.21972 028000000002025013
1 6.21972 028000000002025013 106883.490685 010000000017018003
1 106883.490685 010000000017018003 421038.56772 028000000017025003
1 421038.56772 028000000017025003 4855.47 028000000017025012
1 4855.47 028000000017025012 106883.490685 010000000017018003
1 106883.490685 010000000017018003 2186660.0 028000000008025018
1 2186660.0 028000000008025018 949108.0 028000000008025017
1 949108.0 028000000008025017 106883.490685 010000000017018003
1 106883.490685 010000000017018003 65.0713 028000000002025018
1 65.0713 028000000002025018 47.8219 028000000002021018
1 47.8219 028000000002021018 106883.490685 010000000017018003
1 106883.490685 010000000017018003 91.0432 010000000017025018
1 91.0432 010000000017025018 106883.490685 010000000017018003
1 106883.490685 010000000017018003 6.21972 028000000002025013
1 6.21972 028000000002025013 242177.78575 010000000008018018
1 242177.78575 010000000008018018 59.0599 010000000008020018
1 59.0599 010000000008020018 106883.490685 010000000017018003
1 106883.490685 010000000017018003 2186660.0 028000000008025018
1 2186660.0 028000000008025018 8767.4 028002000008025018
1 8767.4 028002000008025018 106883.490685 010000000017018003
1 106883.490685 010000000017018003 242177.78575 010000000008018018
1 242177.78575 010000000008018018 35.2744 010000000008018003
1 35.2744 010000000008018003 106883.490685 010000000017018003
1 106883.490685 010000000017018003 87476.5274 010000000010025003
1 87476.5274 010000000010025003 87476.5274 010000000010025003
1 87476.5274 010000000010025003 106883.490685 010000000017018003
1 106883.490685 010000000017018003 328597.798 010000000008025013
1 328597.798 010000000008025013 76.3224 010001000008025013
1 76.3224 010001000008025013 106883.490685 010000000017018003
1 106883.490685 010000000017018003 45.6618 010000000008025018
1 45.6618 010000000008025018 182.641 023000000008025018
1 182.641 023000000008025018 106883.490685 010000000017018003
1 106883.490685 010000000017018003 13581300.0 010000000002004018
1 13581300.0 010000000002004018 8721610.0 005000000002004018
1 8721610.0 005000000002004018 106883.490685 010000000017018003
1 106883.490685 010000000017018003 7186460.0 010000000009004003
1 7186460.0 010000000009004003 1142070.0 010000000000004003
1 1142070.0 010000000000004003 106883.490685 010000000017018003
1 106883.490685 010000000017018003 127810.29212499999 010000000017025003
1 127810.29212499999 010000000017025003 581.374 010000000017025002
1 581.374 010000000017025002 106883.490685 010000000017018003
1 106883.490685 010000000017018003 7475.08 010000000017017013
1 7475.08 010000000017017013 3197.21 010006000017017013
1 3197.21 010006000017017013 106883.490685 010000000017018003
1 106883.490685 010000000017018003 5353.84 028000000002018003
1 5353.84 028000000002018003 38.2047 028000000002018016
1 38.2047 028000000002018016 106883.490685 010000000017018003
1 106883.490685 010000000017018003 1053220.0 028000000002017013
1 1053220.0 028000000002017013 2832.78 028004000002017013
1 2832.78 028004000002017013 106883.490685 010000000017018003
1 106883.490685 010000000017018003 6044620.0 028004000002025018
1 6044620.0 028004000002025018 5999890.0 015004000002025018
1 5999890.0 015004000002025018 106883.490685 010000000017018003
1 106883.490685 010000000017018003 1709376.6666666667 010000000008004003
1 1709376.6666666667 010000000008004003 8445.72 010000000001004003
1 8445.72 010000000001004003 106883.490685 010000000017018003
1 106883.490685 010000000017018003 1709376.6666666667 010000000008004003
1 1709376.6666666667 010000000008004003 7779.51 010000000008012003
1 7779.51 010000000008012003 106883.490685 010000000017018003
1 106883.490685 010000000017018003 93.9644 028000000002018018
1 93.9644 028000000002018018 93.9644 028000000002018018
1 93.9644 028000000002018018 106883.490685 010000000017018003
1 106883.490685 010000000017018003 2348670.0 010000000017017018
1 2348670.0 010000000017017018 272.29355 010000000017011018
1 272.29355 010000000017011018 106883.490685 010000000017018003
1 106883.490685 010000000017018003 272.29355 010000000017011018
1 272.29355 010000000017011018 106883.490685 010000000017018003
1 106883.490685 010000000017018003 6.21972 028000000002025013
1 6.21972 028000000002025013 115.173 010000000009017018
1 115.173 010000000009017018 106883.490685 010000000017018003
1 106883.490685 010000000017018003 6.21972 028000000002025013
1 6.21972 028000000002025013 199626.0 010000000009017003
1 199626.0 010000000009017003 199335.0 010000000009015003
1 199335.0 010000000009015003 106883.490685 010000000017018003
1 106883.490685 010000000017018003 844630.704575 010000000009025018
1 844630.704575 010000000009025018 32.4992 010000000009004018
1 32.4992 010000000009004018 106883.490685 010000000017018003
1 106883.490685 010000000017018003 676548.0 028000000010025003
1 676548.0 028000000010025003 202771.0 028000000010015003
1 202771.0 028000000010015003 106883.490685 010000000017018003
1 106883.490685 010000000017018003 427885.0 028000000008025013
1 427885.0 028000000008025013 106883.490685 010000000017018003
1 106883.490685 010000000017018003 6.21972 028000000002025013
1 6.21972 028000000002025013 179733.0195 010000000010025013
1 179733.0195 010000000010025013 15.0712 010000000010023013
1 15.0712 010000000010023013 106883.490685 010000000017018003
1 106883.490685 010000000017018003 667307.3245 010000000017018013
1 667307.3245 010000000017018013 106883.490685 010000000017018003
1 106883.490685 010000000017018003 6.21972 028000000002025013
1 6.21972 028000000002025013 76353.1116 028000000008025003
1 76353.1116 028000000008025003 106883.490685 010000000017018003
1 106883.490685 010000000017018003 6.21972 028000000002025013
1 6.21972 028000000002025013 666497.5066666667 028000000017018013
1 666497.5066666667 028000000017018013 168021.0 028000000017018002
1 168021.0 028000000017018002 106883.490685 010000000017018003
1 106883.490685 010000000017018003 385703.0 010000000008023013
1 385703.0 010000000008023013 251619.0 010000000008023009
1 251619.0 010000000008023009 106883.490685 010000000017018003
1 106883.490685 010000000017018003 43.588295 010000000008018013
1 43.588295 010000000008018013 12.8723 010000000008001013
1 12.8723 010000000008001013 106883.490685 010000000017018003
1 106883.490685 010000000017018003 2186660.0 028000000008025018
1 2186660.0 028000000008025018 1327590.0 028000000008010018
1 1327590.0 028000000008010018 106883.490685 010000000017018003
1 106883.490685 010000000017018003 328597.798 010000000008025013
1 328597.798 010000000008025013 24.3138 010000000008022013
1 24.3138 010000000008022013 106883.490685 010000000017018003
1 106883.490685 010000000017018003 7564.5 010000000008025003
1 7564.5 010000000008025003 802.76 010000000008025012
1 802.76 010000000008025012 106883.490685 010000000017018003
1 106883.490685 010000000017018003 43.588295 010000000008018013
1 43.588295 010000000008018013 49.5196 001000000008018013
1 49.5196 001000000008018013 106883.490685 010000000017018003
1 106883.490685 010000000017018003 1510297.976 010000000008004018
1 1510297.976 010000000008004018 106883.490685 010000000017018003
1 106883.490685 010000000017018003 6.21972 028000000002025013
1 6.21972 028000000002025013 45.6618 010000000008025018
1 45.6618 010000000008025018 106883.490685 010000000017018003
1 106883.490685 010000000017018003 6.21972 028000000002025013
1 6.21972 028000000002025013 7564.5 010000000008025003
1 7564.5 010000000008025003 106883.490685 010000000017018003
1 106883.490685 010000000017018003 6.21972 028000000002025013
1 6.21972 028000000002025013 17039.2 028000000010004013
1 17039.2 028000000010004013 106883.490685 010000000017018003
1 106883.490685 010000000017018003 6.21972 028000000002025013
1 6.21972 028000000002025013 45.6618 010000000008025018
1 45.6618 010000000008025018 106883.490685 010000000017018003
1 106883.490685 010000000017018003 6.21972 028000000002025013
1 6.21972 028000000002025013 1415860.0 010000000008004013
1 1415860.0 010000000008004013 697524.0 010000001008004013
1 697524.0 010000001008004013 106883.490685 010000000017018003
1 106883.490685 010000000017018003 76353.1116 028000000008025003
1 76353.1116 028000000008025003 71.9997 028001000008025003
1 71.9997 028001000008025003 106883.490685 010000000017018003
1 106883.490685 010000000017018003 7564.5 010000000008025003
1 7564.5 010000000008025003 7564.5 010000000008025003
1 7564.5 010000000008025003 106883.490685 010000000017018003
1 106883.490685 010000000017018003 179733.0195 010000000010025013
1 179733.0195 010000000010025013 106883.490685 010000000017018003
1 106883.490685 010000000017018003 6.21972 028000000002025013
1 6.21972 028000000002025013 3264120.0 010000000010018018
1 3264120.0 010000000010018018 1816930.0 010000000002018018
1 1816930.0 010000000002018018 106883.490685 010000000017018003
1 106883.490685 010000000017018003 14170.905 010000000002018003
1 14170.905 010000000002018003 14170.905 010000000002018003
1 14170.905 010000000002018003 106883.490685 010000000017018003
1 106883.490685 010000000017018003 328597.798 010000000008025013
1 328597.798 010000000008025013 734597.0 010000000008025000
1 734597.0 010000000008025000 106883.490685 010000000017018003
1 106883.490685 010000000017018003 388336.0 028000000010023003
1 388336.0 028000000010023003 157017.0 028000000015023003
1 157017.0 028000000015023003 106883.490685 010000000017018003
1 106883.490685 010000000017018003 1510297.976 010000000008004018
1 1510297.976 010000000008004018 1510297.976 010000000008004018
1 1510297.976 010000000008004018 106883.490685 010000000017018003
1 106883.490685 010000000017018003 1082710.0 010000000002023013
1 1082710.0 010000000002023013 84.611 010000000002023007
1 84.611 010000000002023007 106883.490685 010000000017018003
1 106883.490685 010000000017018003 7076580.0 010000000008001003
1 7076580.0 010000000008001003 545.007 010000000003001003
1 545.007 010000000003001003 106883.490685 010000000017018003
1 106883.490685 010000000017018003 328597.798 010000000008025013
1 328597.798 010000000008025013 128.64 010000000015025013
1 128.64 010000000015025013 106883.490685 010000000017018003
1 106883.490685 010000000017018003 43.588295 010000000008018013
1 43.588295 010000000008018013 33306.2 010000002008018013
1 33306.2 010000002008018013 106883.490685 010000000017018003
1 106883.490685 010000000017018003 9031.66 010000000002018013
1 9031.66 010000000002018013 84.4755 010000001002018013
1 84.4755 010000001002018013 106883.490685 010000000017018003
1 106883.490685 010000000017018003 1389760.0 010000000002004013
1 1389760.0 010000000002004013 477567.0 010000000002024013
1 477567.0 010000000002024013 106883.490685 010000000017018003
1 106883.490685 010000000017018003 7564.5 010000000008025003
1 7564.5 010000000008025003 3145.18 010000000008025005
1 3145.18 010000000008025005 106883.490685 010000000017018003
1 106883.490685 010000000017018003 1560873.7985666667 010000000017004003
1 1560873.7985666667 010000000017004003 79619.6 010006000017004003
1 79619.6 010006000017004003 106883.490685 010000000017018003
1 106883.490685 010000000017018003 707583.0 010000000010023003
1 707583.0 010000000010023003 707583.0 010000000010023003
1 707583.0 010000000010023003 106883.490685 010000000017018003
1 106883.490685 010000000017018003 37.81215 010000000010025018
1 37.81215 010000000010025018 106883.490685 010000000017018003
1 106883.490685 010000000017018003 6.21972 028000000002025013
1 6.21972 028000000002025013 9.48765 028000000008018013
1 9.48765 028000000008018013 43.588295 010000000008018013
1 43.588295 010000000008018013 106883.490685 010000000017018003
1 106883.490685 010000000017018003 667307.3245 010000000017018013
1 667307.3245 010000000017018013 651624.0 010000000017018004
1 651624.0 010000000017018004 106883.490685 010000000017018003
1 106883.490685 010000000017018003 630547.0 010000000017001013
1 630547.0 010000000017001013 630547.0 010000000017001013
1 630547.0 010000000017001013 106883.490685 010000000017018003
1 106883.490685 010000000017018003 1150770.0 010000000017018018
1 1150770.0 010000000017018018 57.1899 010000000004018018
1 57.1899 010000000004018018 106883.490685 010000000017018003
1 106883.490685 010000000017018003 1909580.0 010000000017023018
1 1909580.0 010000000017023018 1231060.0 005000000017023018
1 1231060.0 005000000017023018 106883.490685 010000000017018003
1 106883.490685 010000000017018003 1185.719 028000000008023013
1 1185.719 028000000008023013 1185.719 028000000008023013
1 1185.719 028000000008023013 106883.490685 010000000017018003
1 106883.490685 010000000017018003 43.588295 010000000008018013
1 43.588295 010000000008018013 106883.490685 010000000017018003
1 106883.490685 010000000017018003 6.21972 028000000002025013
2 6.21972 028000000002025013 18.1483 004002000020012014
2 18.1483 004002000020012014 103.316 016005000002010014
2 103.316 016005000002010014 23571.7 020001002000007010
2 23571.7 020001002000007010 6854250.0 004001002017000018
2 6854250.0 004001002017000018 3550930.0 004001002017012018
2 3550930.0 004001002017012018 18.1483 004002000020012014
2 18.1483 004002000020012014 1138850.0 004000000020000014
2 1138850.0 004000000020000014 5634.92 004002000020000014
2 5634.92 004002000020000014 18.1483 004002000020012014
2 18.1483 004002000020012014 620526.036 004002000002010010
2 620526.036 004002000002010010 220949.75 004002000002017010
2 220949.75 004002000002017010 18.1483 004002000020012014
2 18.1483 004002000020012014 1804.2128500000001 001002000020010010
2 1804.2128500000001 001002000020010010 18.1483 004002000020012014
2 18.1483 004002000020012014 103.316 016005000002010014
2 103.316 016005000002010014 1957210.0 004002002020010014
2 1957210.0 004002002020010014 30131.0 004002002020010002
2 30131.0 004002002020010002 18.1483 004002000020012014
2 18.1483 004002000020012014 13613500000.0 016005000000000010
2 13613500000.0 016005000000000010 1048740000.0 016005002000000010
2 1048740000.0 016005002000000010 18.1483 004002000020012014
2 18.1483 004002000020012014 65786.0 020002000020000014
2 65786.0 020002000020000014 34593.0 020000000020000014
2 34593.0 020000000020000014 18.1483 004002000020012014
2 18.1483 004002000020012014 2458060000.0 020000002020010010
2 2458060000.0 020000002020010010 25359.7 020000000020010010
2 25359.7 020000000020010010 18.1483 004002000020012014
2 18.1483 004002000020012014 7835460000.0 004001000000010002
2 7835460000.0 004001000000010002 90121300.0 004001000004010002
2 90121300.0 004001000004010002 18.1483 004002000020012014
2 18.1483 004002000020012014 360841.0 001002000020012002
2 360841.0 001002000020012002 228352.0 001002000020012001
2 228352.0 001002000020012001 18.1483 004002000020012014
2 18.1483 004002000020012014 6626810.0 020005000000012010
2 6626810.0 020005000000012010 18150.7 020006000000012010
2 18150.7 020006000000012010 18.1483 004002000020012014
2 18.1483 004002000020012014 10018.2 004000002002017010
2 10018.2 004000002002017010 556.285 004004002002017010
2 556.285 004004002002017010 18.1483 004002000020012014
2 18.1483 004002000020012014 106.239 020002000002012014
2 106.239 020002000002012014 18.1483 004002000020012014
2 18.1483 004002000020012014 1804.2128500000001 001002000020010010
2 1804.2128500000001 001002000020010010 40701.5 004000002002012010
2 40701.5 004000002002012010 48.1514 004000001002012010
2 48.1514 004000001002012010 18.1483 004002000020012014
2 18.1483 004002000020012014 220949.75 004002000002017010
2 220949.75 004002000002017010 84.0295 004002000002014010
2 84.0295 004002000002014010 18.1483 004002000020012014
2 18.1483 004002000020012014 1740791.5 016005000002012014
2 1740791.5 016005000002012014 1740791.5 016005000002012014
2 1740791.5 016005000002012014 18.1483 004002000020012014
2 18.1483 004002000020012014 1929400.0 004005000020012010
2 1929400.0 004005000020012010 21105.9 004005000020016010
2 21105.9 004005000020016010 18.1483 004002000020012014
2 18.1483 004002000020012014 1716600.0 004005000002017010
2 1716600.0 004005000002017010 345814.0 004005002002017010
2 345814.0 004005002002017010 18.1483 004002000020012014
2 18.1483 004002000020012014 620526.036 004002000002010010
2 620526.036 004002000002010010 18.1483 004002000020012014
2 18.1483 004002000020012014 48.1514 004000001002012010
2 48.1514 004000001002012010 17913.8 004002000020010010
2 17913.8 004002000020010010 10189.1 004002000020010013
2 10189.1 004002000020010013 18.1483 004002000020012014
2 18.1483 004002000020012014 3392250.0 004002000020014014
2 3392250.0 004002000020014014 16078.3 004002000020014005
2 16078.3 004002000020014005 18.1483 004002000020012014
2 18.1483 004002000020012014 9890770.0 020002000002010014
2 9890770.0 020002000002010014 4741240.0 020002000002009014
2 4741240.0 020002000002009014 18.1483 004002000020012014
2 18.1483 004002000020012014 3943260.0 004005000002010010
2 3943260.0 004005000002010010 15660.8 004005000002009010
2 15660.8 004005000002009010 18.1483 004002000020012014
2 18.1483 004002000020012014 6870.42 004005000002010014
2 6870.42 004005000002010014 71.5944 004005000002023014
2 71.5944 004005000002023014 18.1483 004002000020012014
2 18.1483 004002000020012014 36701.3 020005000020010010
2 36701.3 020005000020010010 6397.03 020004000020010010
2 6397.03 020004000020010010 18.1483 004002000020012014
2 18.1483 004002000020012014 8812.85 020002000020010014
2 8812.85 020002000020010014 81.4181 031002000020010014
2 81.4181 031002000020010014 18.1483 004002000020012014
2 18.1483 004002000020012014 1861410.0 004002000002012010
2 1861410.0 004002000002012010 443480.0 004004000002012010
2 443480.0 004004000002012010 18.1483 004002000020012014
2 18.1483 004002000020012014 2464270.0 004005000002012014
2 2464270.0 004005000002012014 928160.0 034005000002012014
2 928160.0 034005000002012014 18.1483 004002000020012014
2 18.1483 004002000020012014 1560160.0 004005000020023014
2 1560160.0 004005000020023014 2399000.5 004005000020024014
2 2399000.5 004005000020024014 18.1483 004002000020012014
2 18.1483 004002000020012014 9894.23 001005000002024014
2 9894.23 001005000002024014 573114.0 021005000002024014
2 573114.0 021005000002024014 18.1483 004002000020012014
2 18.1483 004002000020012014 402557.0 031005000020023014
2 402557.0 031005000020023014 573114.0 021005000002024014
2 573114.0 021005000002024014 18.1483 004002000020012014
2 18.1483 004002000020012014 1055130.0 001002000002012014
2 1055130.0 001002000002012014 101.069 007002000002012014
2 101.069 007002000002012014 573114.0 021005000002024014
2 573114.0 021005000002024014 8631.977375 001002000020024010
2 8631.977375 001002000020024010 18662.8 035002000020024010
2 18662.8 035002000020024010 573114.0 021005000002024014
2 573114.0 021005000002024014 3955233.655 031002000002012014
2 3955233.655 031002000002012014 3955233.655 031002000002012014
2 3955233.655 031002000002012014 573114.0 021005000002024014
2 573114.0 021005000002024014 2060200.0 021002000002023010
2 2060200.0 021002000002023010 738358.0 021002000002023007
2 738358.0 021002000002023007 573114.0 021005000002024014
2 573114.0 021005000002024014 1312820.0 021002000002012014
2 1312820.0 021002000002012014 17076.9 021002000002012013
2 17076.9 021002000002012013 573114.0 021005000002024014
2 573114.0 021005000002024014 583788.8573166666 001002000002024014
2 583788.8573166666 001002000002024014 880.353 001002000002024016
2 880.353 001002000002024016 573114.0 021005000002024014
2 573114.0 021005000002024014 6713.59 031002000002014010
2 6713.59 031002000002014010 573114.0 021005000002024014
2 573114.0 021005000002024014 18.1483 004002000020012014
2 18.1483 004002000020012014 234552.0 001000001020014014
2 234552.0 001000001020014014 119.704 001003001020014014
2 119.704 001003001020014014 573114.0 021005000002024014
2 573114.0 021005000002024014 660054.0 001005000002012016
2 660054.0 001005000002012016 574460.0 001005000002009016
2 574460.0 001005000002009016 573114.0 021005000002024014
2 573114.0 021005000002024014 437694.0 001000000020024010
2 437694.0 001000000020024010 61.5724 039000000020024010
2 61.5724 039000000020024010 573114.0 021005000002024014
2 573114.0 021005000002024014 396215.0 004000000002024010
2 396215.0 004000000002024010 28.1907 004000000019024010
2 28.1907 004000000019024010 573114.0 021005000002024014
2 573114.0 021005000002024014 505022.0 004002000002024014
2 505022.0 004002000002024014 573114.0 021005000002024014
2 573114.0 021005000002024014 18.1483 004002000020012014
2 18.1483 004002000020012014 396215.0 004000000002024010
2 396215.0 004000000002024010 281553.0 004000000004024010
2 281553.0 004000000004024010 573114.0 021005000002024014
2 573114.0 021005000002024014 437694.0 001000000020024010
2 437694.0 001000000020024010 573114.0 021005000002024014
2 573114.0 021005000002024014 18.1483 004002000020012014
2 18.1483 004002000020012014 95.2999 001002000019012016
2 95.2999 001002000019012016 573114.0 021005000002024014
2 573114.0 021005000002024014 18.1483 004002000020012014
2 18.1483 004002000020012014 4718530.0 004002000002010014
2 4718530.0 004002000002010014 21848.4 004002000002010009
2 21848.4 004002000002010009 573114.0 021005000002024014
2 573114.0 021005000002024014 1861410.0 004002000002012010
2 1861410.0 004002000002012010 6928.09 004002000002008010
2 6928.09 004002000002008010 573114.0 021005000002024014
2 573114.0 021005000002024014 2194425.0 004002000020024010
2 2194425.0 004002000020024010 2194425.0 004002000020024010
2 2194425.0 004002000020024010 573114.0 021005000002024014
2 573114.0 021005000002024014 271783.4005 004002000019024014
2 271783.4005 004002000019024014 573114.0 021005000002024014
2 573114.0 021005000002024014 18.1483 004002000020012014
2 18.1483 004002000020012014 583788.8573166666 001002000002024014
2 583788.8573166666 001002000002024014 100.039 001002000002005014
2 100.039 001002000002005014 573114.0 021005000002024014
2 573114.0 021005000002024014 8944750.0 039002000019005010
2 8944750.0 039002000019005010 3688690.0 039002000019005013
2 3688690.0 039002000019005013 573114.0 021005000002024014
2 573114.0 021005000002024014 46.571 004000000020005013
2 46.571 004000000020005013 46.571 004000000020005013
2 46.571 004000000020005013 573114.0 021005000002024014
2 573114.0 021005000002024014 423980.4083642857 004000000002024014
2 423980.4083642857 004000000002024014 423980.4083642857 004000000002024014
2 423980.4083642857 004000000002024014 573114.0 021005000002024014
2 573114.0 021005000002024014 513781.0 004005001002024014
2 513781.0 004005001002024014 43605.9 004006001002024014
2 43605.9 004006001002024014 573114.0 021005000002024014
2 573114.0 021005000002024014 1413650.0 004002000019024016
2 1413650.0 004002000019024016 8645.33 004005000019024016
2 8645.33 004005000019024016 573114.0 021005000002024014
2 573114.0 021005000002024014 6861440.0 004005000002024014
2 6861440.0 004005000002024014 71.5944 004005000002023014
2 71.5944 004005000002023014 573114.0 021005000002024014
2 573114.0 021005000002024014 3159.99 004000000020024014
2 3159.99 004000000020024014 47.5074 004000000011024014
2 47.5074 004000000011024014 573114.0 021005000002024014
2 573114.0 021005000002024014 1413650.0 004002000019024016
2 1413650.0 004002000019024016 8.40338 015002000019024016
2 8.40338 015002000019024016 573114.0 021005000002024014
2 573114.0 021005000002024014 8295.67 015002000002024014
2 8295.67 015002000002024014 36.9941 015000000002024014
2 36.9941 015000000002024014 8.40338 015002000019024016
2 8.40338 015002000019024016 161140.77185 001000000002024014
2 161140.77185 001000000002024014 113.629 025000000002024014
2 113.629 025000000002024014 8.40338 015002000019024016
2 8.40338 015002000019024016 2453080.0 025002000002024014
2 2453080.0 025002000002024014 2587.33 025002000002024004
2 2587.33 025002000002024004 8.40338 015002000019024016
2 8.40338 015002000019024016 423980.4083642857 004000000002024014
2 423980.4083642857 004000000002024014 38.46 040000000002024014
2 38.46 040000000002024014 8.40338 015002000019024016
2 8.40338 015002000019024016 2399000.5 004005000020024014
2 2399000.5 004005000020024014 535723.0 004005000020011014
2 535723.0 004005000020011014 8.40338 015002000019024016
2 8.40338 015002000019024016 678492.0 040005000002024014
2 678492.0 040005000002024014 22013.4 040005000002024003
2 22013.4 040005000002024003 8.40338 015002000019024016
2 8.40338 015002000019024016 4131040.0 040002000019024014
2 4131040.0 040002000019024014 2542770.0 040002000019022014
2 2542770.0 040002000019022014 8.40338 015002000019024016
2 8.40338 015002000019024016 805099.0 001002000019024014
2 805099.0 001002000019024014 476489.0 001002000019024010
2 476489.0 001002000019024010 8.40338 015002000019024016
2 8.40338 015002000019024016 425027.0 004000000019012014
2 425027.0 004000000019012014 12111.8 004000000019012008
2 12111.8 004000000019012008 8.40338 015002000019024016
2 8.40338 015002000019024016 423980.4083642857 004000000002024014
2 423980.4083642857 004000000002024014 8.40338 015002000019024016
2 8.40338 015002000019024016 573114.0 021005000002024014
2 573114.0 021005000002024014 1622940.0 040000000002024016
2 1622940.0 040000000002024016 213.391 040000000016024016
2 213.391 040000000016024016 8.40338 015002000019024016
2 8.40338 015002000019024016 559942.0 004000000016024016
2 559942.0 004000000016024016 3309.31 004000000016011016
2 3309.31 004000000016011016 8.40338 015002000019024016
2 8.40338 015002000019024016 349339.0 021000000002024010
2 349339.0 021000000002024010 8.40338 015002000019024016
2 8.40338 015002000019024016 573114.0 021005000002024014
2 573114.0 021005000002024014 896220.0 004000000002011014
2 896220.0 004000000002011014 38.7752 017000000002011014
2 38.7752 017000000002011014 8.40338 015002000019024016
2 8.40338 015002000019024016 470097.22989 004000000002024016
2 470097.22989 004000000002024016 316575.5 004000000002024005
2 316575.5 004000000002024005 8.40338 015002000019024016
2 8.40338 015002000019024016 353385.0 004000000019024014
2 353385.0 004000000019024014 1415.03 004000000019018014
2 1415.03 004000000019018014 8.40338 015002000019024016
2 8.40338 015002000019024016 975502.11 004002000020024016
2 975502.11 004002000020024016 975502.11 004002000020024016
2 975502.11 004002000020024016 8.40338 015002000019024016
2 8.40338 015002000019024016 3661.06 001000000020012014
2 3661.06 001000000020012014 163.027 001000000020013014
2 163.027 001000000020013014 8.40338 015002000019024016
2 8.40338 015002000019024016 1135893.3345 021002000019024014
2 1135893.3345 021002000019024014 3173.28 007002000019024014
2 3173.28 007002000019024014 8.40338 015002000019024016
2 8.40338 015002000019024016 505022.0 004002000002024014
2 505022.0 004002000002024014 505022.0 004002000002024014
2 505022.0 004002000002024014 8.40338 015002000019024016
2 8.40338 015002000019024016 470097.22989 004000000002024016
2 470097.22989 004000000002024016 124.809 004000000002002016
2 124.809 004000000002002016 505022.0 004002000002024014
2 505022.0 004002000002024014 423980.4083642857 004000000002024014
2 423980.4083642857 004000000002024014 139.443 004000000002002014
2 139.443 004000000002002014 505022.0 004002000002024014
2 505022.0 004002000002024014 161140.77185 001000000002024014
2 161140.77185 001000000002024014 161140.77185 001000000002024014
2 161140.77185 001000000002024014 505022.0 004002000002024014
2 505022.0 004002000002024014 505022.0 004002000002024014
2 505022.0 004002000002024014 505022.0 004002000002024014
2 505022.0 004002000002024014 161140.77185 001000000002024014
2 161140.77185 001000000002024014 470097.22989 004000000002024016
2 470097.22989 004000000002024016 1023030.0 009000000002024016
2 1023030.0 009000000002024016 505022.0 004002000002024014
2 505022.0 004002000002024014 271783.4005 004002000019024014
2 271783.4005 004002000019024014 505022.0 004002000002024014
2 505022.0 004002000002024014 161140.77185 001000000002024014
2 161140.77185 001000000002024014 36.9941 015000000002024014
2 36.9941 015000000002024014 361611.3197 015000002002024014
2 361611.3197 015000002002024014 505022.0 004002000002024014
2 505022.0 004002000002024014 423980.4083642857 004000000002024014
2 423980.4083642857 004000000002024014 99.552 004000000022024014
2 99.552 004000000022024014 505022.0 004002000002024014
2 505022.0 004002000002024014 880.353 001002000002024016
2 880.353 001002000002024016 7628.91 001002000004024016
2 7628.91 001002000004024016 505022.0 004002000002024014
2 505022.0 004002000002024014 505022.0 004002000002024014
2 505022.0 004002000002024014 7547.48 039002000002024014
2 7547.48 039002000002024014 505022.0 004002000002024014
2 505022.0 004002000002024014 583788.8573166666 001002000002024014
2 583788.8573166666 001002000002024014 583788.8573166666 001002000002024014
2 583788.8573166666 001002000002024014 505022.0 004002000002024014
2 505022.0 004002000002024014 645638.0 001000002019024010
2 645638.0 001000002019024010 225061.0 001003002019024010
2 225061.0 001003002019024010 505022.0 004002000002024014
2 505022.0 004002000002024014 2113180.0 004000002019024014
2 2113180.0 004000002019024014 90.7473 004000002019024000
2 90.7473 004000002019024000 505022.0 004002000002024014
2 505022.0 004002000002024014 1672.01 001000000002024016
2 1672.01 001000000002024016 162.032 001000000002013016
2 162.032 001000000002013016 505022.0 004002000002024014
2 505022.0 004002000002024014 505022.0 004002000002024014
2 505022.0 004002000002024014 489482.0 004004000002024014
2 489482.0 004004000002024014 505022.0 004002000002024014
2 505022.0 004002000002024014 90.84 021002000002024014
2 90.84 021002000002024014 90.84 021002000002024014
2 90.84 021002000002024014 505022.0 004002000002024014
2 505022.0 004002000002024014 36.9941 015000000002024014
2 36.9941 015000000002024014 36.9941 015000000002024014
2 36.9941 015000000002024014 505022.0 004002000002024014
2 505022.0 004002000002024014 36.9941 015000000002024014
2 36.9941 015000000002024014 812047.0 015005000002024014
2 812047.0 015005000002024014 505022.0 004002000002024014
2 505022.0 004002000002024014 423980.4083642857 004000000002024014
2 423980.4083642857 004000000002024014 3748.66 004000000002022014
2 3748.66 004000000002022014 505022.0 004002000002024014
2 505022.0 004002000002024014 7921.42 004002000019022014
2 7921.42 004002000019022014 35.5971 004002000019022007
2 35.5971 004002000019022007 505022.0 004002000002024014
2 505022.0 004002000002024014 11331.0 001000000002024007
2 11331.0 001000000002024007 5663.14 001000000002023007
2 5663.14 001000000002023007 505022.0 004002000002024014
2 505022.0 004002000002024014 423980.4083642857 004000000002024014
2 423980.4083642857 004000000002024014 4821.12 002000000002024014
2 4821.12 002000000002024014 505022.0 004002000002024014
2 505022.0 004002000002024014 7554.28 004000000020012014
2 7554.28 004000000020012014 6995.96 004000000012012014
2 6995.96 004000000012012014 505022.0 004002000002024014
2 505022.0 004002000002024014 758252.0 015000000020012014
2 758252.0 015000000020012014 4576.08 015000000020011014
2 4576.08 015000000020011014 505022.0 004002000002024014
2 505022.0 004002000002024014 1237440.0 004000002002012014
2 1237440.0 004000002002012014 52645.4 023000002002012014
2 52645.4 023000002002012014 505022.0 004002000002024014
2 505022.0 004002000002024014 423980.4083642857 004000000002024014
2 423980.4083642857 004000000002024014 423980.4083642857 004000000002024014
2 423980.4083642857 004000000002024014 505022.0 004002000002024014
2 505022.0 004002000002024014 10.9067 021000000002024014
2 10.9067 021000000002024014 505022.0 004002000002024014
2 505022.0 004002000002024014 161140.77185 001000000002024014
2 161140.77185 001000000002024014 505022.0 004002000002024014
2 505022.0 004002000002024014 1742570.0 004002000002012014
2 1742570.0 004002000002012014 505022.0 004002000002024014
2 505022.0 004002000002024014 730743.0 004005000002024010
2 730743.0 004005000002024010 17121.6 004005000002016010
2 17121.6 004005000002016010 505022.0 004002000002024014
2 505022.0 004002000002024014 396215.0 004000000002024010
2 396215.0 004000000002024010 201403.0 004000002002024010
2 201403.0 004000002002024010 505022.0 004002000002024014
2 505022.0 004002000002024014 4661370.0 021002002002024010
2 4661370.0 021002002002024010 4661370.0 021002002002024010
2 4661370.0 021002002002024010 505022.0 004002000002024014
2 505022.0 004002000002024014 2664.87 015000000020024014
2 2664.87 015000000020024014 505022.0 004002000002024014
2 505022.0 004002000002024014 161140.77185 001000000002024014
2 161140.77185 001000000002024014 353385.0 004000000019024014
2 353385.0 004000000019024014 2825.995 021000000019024014
2 2825.995 021000000019024014 505022.0 004002000002024014
2 505022.0 004002000002024014 271783.4005 004002000019024014
2 271783.4005 004002000019024014 611218.0 004002000006024014
2 611218.0 004002000006024014 505022.0 004002000002024014
2 505022.0 004002000002024014 361611.3197 015000002002024014
2 361611.3197 015000002002024014 124.18 015000002002024016
2 124.18 015000002002024016 505022.0 004002000002024014
2 505022.0 004002000002024014 72919.1 004000002002024016
2 72919.1 004000002002024016 505022.0 004002000002024014
2 505022.0 004002000002024014 161140.77185 001000000002024014
2 161140.77185 001000000002024014 2448.18 021005000002024016
2 2448.18 021005000002024016 2448.18 021005000002024016
2 2448.18 021005000002024016 72919.1 004000002002024016
2 72919.1 004000002002024016 39747.8 004002002002024014
2 39747.8 004002002002024014 779458.0 004002001002024014
2 779458.0 004002001002024014 72919.1 004000002002024016
2 72919.1 004000002002024016 573114.0 021005000002024014
2 573114.0 021005000002024014 47.6708 021005001002024014
2 47.6708 021005001002024014 72919.1 004000002002024016
2 72919.1 004000002002024016 583788.8573166666 001002000002024014
2 583788.8573166666 001002000002024014 583788.8573166666 001002000002024014
2 583788.8573166666 001002000002024014 72919.1 004000002002024016
2 72919.1 004000002002024016 1290700.0 004000002002012016
2 1290700.0 004000002002012016 1276640.0 025000002002012016
2 1276640.0 025000002002012016 72919.1 004000002002024016
2 72919.1 004000002002024016 515266.0 004000002020024016
2 515266.0 004000002020024016 529.101 004005002020024016
2 529.101 004005002020024016 72919.1 004000002002024016
2 72919.1 004000002002024016 2077055.0 004005002002024014
2 2077055.0 004005002002024014 2077055.0 004005002002024014
2 2077055.0 004005002002024014 72919.1 004000002002024016
2 72919.1 004000002002024016 39747.8 004002002002024014
2 39747.8 004002002002024014 17759.9 038002002002024014
2 17759.9 038002002002024014 72919.1 004000002002024016
2 72919.1 004000002002024016 851504.00046 004002002002024016
2 851504.00046 004002002002024016 72919.1 004000002002024016
2 72919.1 004000002002024016 505022.0 004002000002024014
2 505022.0 004002000002024014 423980.4083642857 004000000002024014
2 423980.4083642857 004000000002024014 2363.6 004000000017024014
2 2363.6 004000000017024014 72919.1 004000002002024016
2 72919.1 004000002002024016 8295.67 015002000002024014
2 8295.67 015002000002024014 159.478 015002002002024014
2 159.478 015002002002024014 72919.1 004000002002024016
2 72919.1 004000002002024016 1314800.0 004002002019024014
2 1314800.0 004002002019024014 893347.0 004001002019024014
2 893347.0 004001002019024014 72919.1 004000002002024016
2 72919.1 004000002002024016 161140.77185 001000000002024014
2 161140.77185 001000000002024014 161140.77185 001000000002024014
2 161140.77185 001000000002024014 72919.1 004000002002024016
2 72919.1 004000002002024016 2593335.0 004005002002024016
2 2593335.0 004005002002024016 2593335.0 004005002002024016
2 2593335.0 004005002002024016 72919.1 004000002002024016
2 72919.1 004000002002024016 39747.8 004002002002024014
2 39747.8 004002002002024014 72919.1 004000002002024016
2 72919.1 004000002002024016 505022.0 004002000002024014
2 505022.0 004002000002024014 72919.1 004000002002024016
2 72919.1 004000002002024016 837893.0 004003002002024016
2 837893.0 004003002002024016 72919.1 004000002002024016
2 72919.1 004000002002024016 505022.0 004002000002024014
2 505022.0 004002000002024014 779458.0 004002001002024014
2 779458.0 004002001002024014 72919.1 004000002002024016
2 72919.1 004000002002024016 470097.22989 004000000002024016
2 470097.22989 004000000002024016 957227.0 004002000002024016
2 957227.0 004002000002024016 72919.1 004000002002024016
2 72919.1 004000002002024016 1816620.0 004002002002012016
2 1816620.0 004002002002012016 10537.3 004002002002007016
2 10537.3 004002002002007016 72919.1 004000002002024016
2 72919.1 004000002002024016 498019.0 015002002020024014
2 498019.0 015002002020024014 72919.1 004000002002024016
2 72919.1 004000002002024016 505022.0 004002000002024014
2 505022.0 004002000002024014 699833.0 004002002020024016
2 699833.0 004002002020024016 2913.48 004002002020002016
2 2913.48 004002002020002016 72919.1 004000002002024016
2 72919.1 004000002002024016 46.7442 001002002002024014
2 46.7442 001002002002024014 72919.1 004000002002024016
2 72919.1 004000002002024016 505022.0 004002000002024014
2 505022.0 004002000002024014 505022.0 004002000002024014
2 505022.0 004002000002024014 192.185 004002000002004014
2 192.185 004002000002004014 72919.1 004000002002024016
2 72919.1 004000002002024016 5508540.0 004005000002024016
2 5508540.0 004005000002024016 3630215.0 004001000002024016
2 3630215.0 004001000002024016 72919.1 004000002002024016
2 72919.1 004000002002024016 44680.3 021000002002024014
2 44680.3 021000002002024014 44680.3 021000002002024014
2 44680.3 021000002002024014 72919.1 004000002002024016
2 72919.1 004000002002024016 470097.22989 004000000002024016
2 470097.22989 004000000002024016 72919.1 004000002002024016
2 72919.1 004000002002024016 72919.1 004000002002024016
2 72919.1 004000002002024016 505022.0 004002000002024014
2 505022.0 004002000002024014 72919.1 004000002002024016
2 72919.1 004000002002024016 505022.0 004002000002024014
2 505022.0 004002000002024014 957227.0 004002000002024016
2 957227.0 004002000002024016 1761940.0 004002000002024015
2 1761940.0 004002000002024015 72919.1 004000002002024016
2 72919.1 004000002002024016 423980.4083642857 004000000002024014
2 423980.4083642857 004000000002024014 282281.0 004000000002024008
2 282281.0 004000000002024008 72919.1 004000002002024016
2 72919.1 004000002002024016 957227.0 004002000002024016
2 957227.0 004002000002024016 3630215.0 004001000002024016
2 3630215.0 004001000002024016 72919.1 004000002002024016
2 72919.1 004000002002024016 8295.67 015002000002024014
2 8295.67 015002000002024014 87.1464 015002000008024014
2 87.1464 015002000008024014 72919.1 004000002002024016
2 72919.1 004000002002024016 2375350.0 015002002020024016
2 2375350.0 015002002020024016 1107460.0 015002001020024016
2 1107460.0 015002001020024016 72919.1 004000002002024016
2 72919.1 004000002002024016 505022.0 004002000002024014
2 505022.0 004002000002024014 116.786 016002000002024014
2 116.786 016002000002024014 72919.1 004000002002024016
2 72919.1 004000002002024016 44680.3 021000002002024014
2 44680.3 021000002002024014 44680.3 021000002002024014
2 44680.3 021000002002024014 72919.1 004000002002024016
2 72919.1 004000002002024016 49.6098 021000002020024014
2 49.6098 021000002020024014 72919.1 004000002002024016
2 72919.1 004000002002024016 505022.0 004002000002024014
2 505022.0 004002000002024014 44680.3 021000002002024014
2 44680.3 021000002002024014 45890.0 021000002002024005
2 45890.0 021000002002024005 72919.1 004000002002024016
2 72919.1 004000002002024016 470097.22989 004000000002024016
2 470097.22989 004000000002024016 72919.1 004000002002024016
2 72919.1 004000002002024016 505022.0 004002000002024014
2 505022.0 004002000002024014 880.353 001002000002024016
2 880.353 001002000002024016 72919.1 004000002002024016
2 72919.1 004000002002024016 505022.0 004002000002024014
2 505022.0 004002000002024014 2802340.0 004002000020024014
2 2802340.0 004002000020024014 2183540.0 004002000020024004
2 2183540.0 004002000020024004 72919.1 004000002002024016
2 72919.1 004000002002024016 88.0455 021000000002024016
2 88.0455 021000000002024016 4291.55 021000000002024013
2 4291.55 021000000002024013 72919.1 004000002002024016
2 72919.1 004000002002024016 271783.4005 004002000019024014
2 271783.4005 004002000019024014 3161.3 005002000019024014
2 3161.3 005002000019024014 4291.55 021000000002024013
2 4291.55 021000000002024013 10.9067 021000000002024014
2 10.9067 021000000002024014 4291.55 021000000002024013
2 4291.55 021000000002024013 4291.55 021000000002024013
2 4291.55 021000000002024013 72919.1 004000002002024016
2 72919.1 004000002002024016 1938280.0 004001002002024016
2 1938280.0 004001002002024016 4291.55 021000000002024013
2 4291.55 021000000002024013 90.84 021002000002024014
2 90.84 021002000002024014 54.3548 021002000021024014
2 54.3548 021002000021024014 4291.55 021000000002024013
2 4291.55 021000000002024013 520333.7573666667 021005000002024013
2 520333.7573666667 021005000002024013 520333.7573666667 021005000002024013
2 520333.7573666667 021005000002024013 4291.55 021000000002024013
2 4291.55 021000000002024013 4291.55 021000000002024013
2 4291.55 021000000002024013 33.32 003000000002024013
2 33.32 003000000002024013 4291.55 021000000002024013
2 4291.55 021000000002024013 880.353 001002000002024016
2 880.353 001002000002024016 35.3921 001002002002024016
2 35.3921 001002002002024016 4291.55 021000000002024013
2 4291.55 021000000002024013 44680.3 021000002002024014
2 44680.3 021000002002024014 49.6098 021000002020024014
2 49.6098 021000002020024014 4291.55 021000000002024013
2 4291.55 021000000002024013 31418.0 004000002002024014
2 31418.0 004000002002024014 423980.4083642857 004000000002024014
2 423980.4083642857 004000000002024014 4291.55 021000000002024013
2 4291.55 021000000002024013 583788.8573166666 001002000002024014
2 583788.8573166666 001002000002024014 339911.0 001002001002024014
2 339911.0 001002001002024014 4291.55 021000000002024013
2 4291.55 021000000002024013 44680.3 021000002002024014
2 44680.3 021000002002024014 237.351 021000002002024016
2 237.351 021000002002024016 4291.55 021000000002024013
2 4291.55 021000000002024013 347951.0 001000002019024016
2 347951.0 001000002019024016 138689.0 001006002019024016
2 138689.0 001006002019024016 4291.55 021000000002024013
2 4291.55 021000000002024013 88.0455 021000000002024016
2 88.0455 021000000002024016 31.2327 036000000002024016
2 31.2327 036000000002024016 4291.55 021000000002024013
2 4291.55 021000000002024013 311834.0 004000002002024013
2 311834.0 004000002002024013 30326.3 007000002002024013
2 30326.3 007000002002024013 4291.55 021000000002024013
2 4291.55 021000000002024013 161140.77185 001000000002024014
2 161140.77185 001000000002024014 164249.0 001000000002024005
2 164249.0 001000000002024005 4291.55 021000000002024013
2 4291.55 021000000002024013 316575.5 004000000002024005
2 316575.5 004000000002024005 6778.11 004000000002012005
2 6778.11 004000000002012005 4291.55 021000000002024013
2 4291.55 021000000002024013 10.9067 021000000002024014
2 10.9067 021000000002024014 4291.55 021000000002024013
2 4291.55 021000000002024013 72919.1 004000002002024016
2 72919.1 004000002002024016 90.84 021002000002024014
2 90.84 021002000002024014 2314360.0 021002000002024004
2 2314360.0 021002000002024004 10.9067 021000000002024014
2 10.9067 021000000002024014 447998.84715 004000000002024013
2 447998.84715 004000000002024013 52594.2 004006000002024013
2 52594.2 004006000002024013 10.9067 021000000002024014
2 10.9067 021000000002024014 15008500000.0 004006000002024014
2 15008500000.0 004006000002024014 948792000.0 004006000012024014
2 948792000.0 004006000012024014 10.9067 021000000002024014
2 10.9067 021000000002024014 505022.0 004002000002024014
2 505022.0 004002000002024014 39747.8 004002002002024014
2 39747.8 004002002002024014 10.9067 021000000002024014
2 10.9067 021000000002024014 39747.8 004002002002024014
2 39747.8 004002002002024014 39747.8 004002002002024014
2 39747.8 004002002002024014 10.9067 021000000002024014
2 10.9067 021000000002024014 8295.67 015002000002024014
2 8295.67 015002000002024014 51.1082 015002000009024014
2 51.1082 015002000009024014 10.9067 021000000002024014
2 10.9067 021000000002024014 470097.22989 004000000002024016
2 470097.22989 004000000002024016 470097.22989 004000000002024016
2 470097.22989 004000000002024016 10.9067 021000000002024014
2 10.9067 021000000002024014 785215.5 004000000019024016
2 785215.5 004000000019024016 12030.4 004000001019024016
2 12030.4 004000001019024016 10.9067 021000000002024014
2 10.9067 021000000002024014 298599.0 004000000019024013
2 298599.0 004000000019024013 164448.71 004002000019024013
2 164448.71 004002000019024013 10.9067 021000000002024014
2 10.9067 021000000002024014 164448.71 004002000019024013
2 164448.71 004002000019024013 8556.25 006002000019024013
2 8556.25 006002000019024013 10.9067 021000000002024014
2 10.9067 021000000002024014 72919.1 004000002002024016
2 72919.1 004000002002024016 851504.00046 004002002002024016
2 851504.00046 004002002002024016 10.9067 021000000002024014
2 10.9067 021000000002024014 447998.84715 004000000002024013
2 447998.84715 004000000002024013 155297.0 004000000002024004
2 155297.0 004000000002024004 10.9067 021000000002024014
2 10.9067 021000000002024014 423980.4083642857 004000000002024014
2 423980.4083642857 004000000002024014 423980.4083642857 004000000002024014
2 423980.4083642857 004000000002024014 10.9067 021000000002024014
2 10.9067 021000000002024014 8935077.5 021002000002024016
2 8935077.5 021002000002024016 2004950.0 021002000002024010
2 2004950.0 021002000002024010 10.9067 021000000002024014
2 10.9067 021000000002024014 31418.0 004000002002024014
2 31418.0 004000002002024014 1835.95 001000002002024014
2 1835.95 001000002002024014 10.9067 021000000002024014
2 10.9067 021000000002024014 1413650.0 004002000019024016
2 1413650.0 004002000019024016 1413650.0 004002000019024016
2 1413650.0 004002000019024016 10.9067 021000000002024014
2 10.9067 021000000002024014 470097.22989 004000000002024016
2 470097.22989 004000000002024016 72919.1 004000002002024016
2 72919.1 004000002002024016 10.9067 021000000002024014
2 10.9067 021000000002024014 470097.22989 004000000002024016
2 470097.22989 004000000002024016 500835.0 004000001002024016
2 500835.0 004000001002024016 10.9067 021000000002024014
2 10.9067 021000000002024014 1135893.3345 021002000019024014
2 1135893.3345 021002000019024014 57.8238 021002000019024017
2 57.8238 021002000019024017 10.9067 021000000002024014
2 10.9067 021000000002024014 2144.28 004002002019024016
2 2144.28 004002002019024016 51.4566 004002002019017016
2 51.4566 004002002019017016 10.9067 021000000002024014
2 10.9067 021000000002024014 1727290.0 004000002002017016
2 1727290.0 004000002002017016 945463.0 004002002002017016
2 945463.0 004002002002017016 10.9067 021000000002024014
2 10.9067 021000000002024014 505022.0 004002000002024014
2 505022.0 004002000002024014 1316580.0 036002000002024014
2 1316580.0 036002000002024014 10.9067 021000000002024014
2 10.9067 021000000002024014 4291.55 021000000002024013
2 4291.55 021000000002024013 10.9067 021000000002024014
2 10.9067 021000000002024014 4291.55 021000000002024013
2 4291.55 021000000002024013 4291.55 021000000002024013
2 4291.55 021000000002024013 520333.7573666667 021005000002024013
2 520333.7573666667 021005000002024013 10.9067 021000000002024014
2 10.9067 021000000002024014 90.84 021002000002024014
2 90.84 021002000002024014 90.84 021002000002024014
2 90.84 021002000002024014 10.9067 021000000002024014
2 10.9067 021000000002024014 4291.55 021000000002024013
2 4291.55 021000000002024013 10.9067 021000000002024014
2 10.9067 021000000002024014 4291.55 021000000002024013
2 4291.55 021000000002024013 423980.4083642857 004000000002024014
2 423980.4083642857 004000000002024014 1141980.0 004000000002015014
2 1141980.0 004000000002015014 10.9067 021000000002024014
2 10.9067 021000000002024014 1037.77 004000002019024013
2 1037.77 004000002019024013 10.9067 021000000002024014
2 10.9067 021000000002024014 4291.55 021000000002024013
2 4291.55 021000000002024013 785215.5 004000000019024016
2 785215.5 004000000019024016 632378.0 004000000013024016
2 632378.0 004000000013024016 10.9067 021000000002024014
2 10.9067 021000000002024014 10.9067 021000000002024014
2 10.9067 021000000002024014 10.9067 021000000002024014
2 10.9067 021000000002024014 4291.55 021000000002024013
2 4291.55 021000000002024013 957227.0 004002000002024016
2 957227.0 004002000002024016 12687.1 004002000002022016
2 12687.1 004002000002022016 10.9067 021000000002024014
2 10.9067 021000000002024014 317312.0 001000000019024014
2 317312.0 001000000019024014 12683.5 001000000008024014
2 12683.5 001000000008024014 10.9067 021000000002024014
2 10.9067 021000000002024014 425492.0 001000000002024013
2 425492.0 001000000002024013 98.5235 001000000002003013
2 98.5235 001000000002003013 10.9067 021000000002024014
2 10.9067 021000000002024014 39747.8 004002002002024014
2 39747.8 004002002002024014 4489.35 009002002002024014
2 4489.35 009002002002024014 10.9067 021000000002024014
2 10.9067 021000000002024014 36.9941 015000000002024014
2 36.9941 015000000002024014 10.9067 021000000002024014
2 10.9067 021000000002024014 4291.55 021000000002024013
2 4291.55 021000000002024013 470097.22989 004000000002024016
2 470097.22989 004000000002024016 470097.22989 004000000002024016
2 470097.22989 004000000002024016 10.9067 021000000002024014
2 10.9067 021000000002024014 470097.22989 004000000002024016
2 470097.22989 004000000002024016 38.1077 004000000006024016
2 38.1077 004000000006024016 10.9067 021000000002024014
2 10.9067 021000000002024014 35.3921 001002002002024016
2 35.3921 001002002002024016 10.9067 021000000002024014
2 10.9067 021000000002024014 4291.55 021000000002024013
2 4291.55 021000000002024013 88.0455 021000000002024016
2 88.0455 021000000002024016 10.9067 021000000002024014
2 10.9067 021000000002024014 4291.55 021000000002024013
2 4291.55 021000000002024013 31418.0 004000002002024014
2 31418.0 004000002002024014 31418.0 004000002002024014
2 31418.0 004000002002024014 10.9067 021000000002024014
2 10.9067 021000000002024014 10.9067 021000000002024014
2 10.9067 021000000002024014 10.9067 021000000002024014
2 10.9067 021000000002024014 4291.55 021000000002024013
2 4291.55 021000000002024013 90.84 021002000002024014
2 90.84 021002000002024014 10.9067 021000000002024014
2 10.9067 021000000002024014 4291.55 021000000002024013
2 4291.55 021000000002024013 2825.995 021000000019024014
2 2825.995 021000000019024014 2825.995 021000000019024014
2 2825.995 021000000019024014 10.9067 021000000002024014
2 10.9067 021000000002024014 470097.22989 004000000002024016
2 470097.22989 004000000002024016 72919.1 004000002002024016
2 72919.1 004000002002024016 10.9067 021000000002024014
2 10.9067 021000000002024014 1835.95 001000002002024014
2 1835.95 001000002002024014 101.735 001000002001024014
2 101.735 001000002001024014 10.9067 021000000002024014
2 10.9067 021000000002024014 10.9067 021000000002024014
2 10.9067 021000000002024014 10.9067 021000000002024014
2 10.9067 021000000002024014 10.9067 021000000002024014
2 10.9067 021000000002024014 447998.84715 004000000002024013
2 447998.84715 004000000002024013 447998.84715 004000000002024013
2 447998.84715 004000000002024013 10.9067 021000000002024014
2 10.9067 021000000002024014 90.84 021002000002024014
2 90.84 021002000002024014 101.824 021002000002018014
2 101.824 021002000002018014 10.9067 021000000002024014
2 10.9067 021000000002024014 88.0455 021000000002024016
2 88.0455 021000000002024016 96178.6 021003000002024016
2 96178.6 021003000002024016 10.9067 021000000002024014
2 10.9067 021000000002024014 957227.0 004002000002024016
2 957227.0 004002000002024016 957227.0 004002000002024016
2 957227.0 004002000002024016 10.9067 021000000002024014
2 10.9067 021000000002024014 88.0455 021000000002024016
2 88.0455 021000000002024016 500358.0 021000000004024016
2 500358.0 021000000004024016 10.9067 021000000002024014
2 10.9067 021000000002024014 90.84 021002000002024014
2 90.84 021002000002024014 10.9067 021000000002024014
2 10.9067 021000000002024014 4291.55 021000000002024013
2 4291.55 021000000002024013 423980.4083642857 004000000002024014
2 423980.4083642857 004000000002024014 233.579 004000000024024014
2 233.579 004000000024024014 10.9067 021000000002024014
2 10.9067 021000000002024014 72919.1 004000002002024016
2 72919.1 004000002002024016 12.6544 004000002021024016
2 12.6544 004000002021024016 10.9067 021000000002024014
2 10.9067 021000000002024014 203312.69985 004000000021024014
2 203312.69985 004000000021024014 203312.69985 004000000021024014
2 203312.69985 004000000021024014 10.9067 021000000002024014
2 10.9067 021000000002024014 8935077.5 021002000002024016
2 8935077.5 021002000002024016 8935077.5 021002000002024016
2 8935077.5 021002000002024016 10.9067 021000000002024014
2 10.9067 021000000002024014 8935077.5 021002000002024016
2 8935077.5 021002000002024016 1699990.0 008002000002024016
2 1699990.0 008002000002024016 10.9067 021000000002024014
2 10.9067 021000000002024014 957227.0 004002000002024016
2 957227.0 004002000002024016 957227.0 004002000002024016
2 957227.0 004002000002024016 10.9067 021000000002024014
2 10.9067 021000000002024014 470097.22989 004000000002024016
2 470097.22989 004000000002024016 470097.22989 004000000002024016
2 470097.22989 004000000002024016 10.9067 021000000002024014
2 10.9067 021000000002024014 423980.4083642857 004000000002024014
2 423980.4083642857 004000000002024014 106521.96843333333 004000000002024006
2 106521.96843333333 004000000002024006 10.9067 021000000002024014
2 10.9067 021000000002024014 470097.22989 004000000002024016
2 470097.22989 004000000002024016 1089750.0 004000000002024009
2 1089750.0 004000000002024009 106521.96843333333 004000000002024006
2 106521.96843333333 004000000002024006 71.6843 021002000002024009
2 71.6843 021002000002024009 106521.96843333333 004000000002024006
2 106521.96843333333 004000000002024006 10.9067 021000000002024014
2 10.9067 021000000002024014 4291.55 021000000002024013
2 4291.55 021000000002024013 98755.1 027000000002024013
2 98755.1 027000000002024013 106521.96843333333 004000000002024006
2 106521.96843333333 004000000002024006 106521.96843333333 004000000002024006
2 106521.96843333333 004000000002024006 106521.96843333333 004000000002024006
2 106521.96843333333 004000000002024006 10.9067 021000000002024014
2 10.9067 021000000002024014 62067.8 021002002002024006
2 62067.8 021002002002024006 24966.5 021002002002024013
2 24966.5 021002002002024013 106521.96843333333 004000000002024006
2 106521.96843333333 004000000002024006 213731.0 021000000002024006
2 213731.0 021000000002024006 213731.0 021000000002024006
2 213731.0 021000000002024006 106521.96843333333 004000000002024006
2 106521.96843333333 004000000002024006 10.9067 021000000002024014
2 10.9067 021000000002024014 573114.0 021005000002024014
2 573114.0 021005000002024014 106521.96843333333 004000000002024006
2 106521.96843333333 004000000002024006 505022.0 004002000002024014
2 505022.0 004002000002024014 505022.0 004002000002024014
2 505022.0 004002000002024014 106521.96843333333 004000000002024006
2 106521.96843333333 004000000002024006 423980.4083642857 004000000002024014
2 423980.4083642857 004000000002024014 423980.4083642857 004000000002024014
2 423980.4083642857 004000000002024014 106521.96843333333 004000000002024006
2 106521.96843333333 004000000002024006 423980.4083642857 004000000002024014
2 423980.4083642857 004000000002024014 32.7756 004000000002024001
2 32.7756 004000000002024001 106521.96843333333 004000000002024006
2 106521.96843333333 004000000002024006 880.353 001002000002024016
2 880.353 001002000002024016 919301.0 001002000005024016
2 919301.0 001002000005024016 106521.96843333333 004000000002024006
2 106521.96843333333 004000000002024006 88.0455 021000000002024016
2 88.0455 021000000002024016 88.0455 021000000002024016
2 88.0455 021000000002024016 106521.96843333333 004000000002024006
2 106521.96843333333 004000000002024006 88.0455 021000000002024016
2 88.0455 021000000002024016 106521.96843333333 004000000002024006
2 106521.96843333333 004000000002024006 10.9067 021000000002024014
2 10.9067 021000000002024014 88.0455 021000000002024016
2 88.0455 021000000002024016 1672.01 001000000002024016
2 1672.01 001000000002024016 106521.96843333333 004000000002024006
2 106521.96843333333 004000000002024006 161140.77185 001000000002024014
2 161140.77185 001000000002024014 85.4684 001000000002024001
2 85.4684 001000000002024001 106521.96843333333 004000000002024006
2 106521.96843333333 004000000002024006 447998.84715 004000000002024013
2 447998.84715 004000000002024013 9171.37 004002000002024013
2 9171.37 004002000002024013 106521.96843333333 004000000002024006
2 106521.96843333333 004000000002024006 237556.4714 004000002002024006
2 237556.4714 004000002002024006 106521.96843333333 004000000002024006
2 106521.96843333333 004000000002024006 10.9067 021000000002024014
2 10.9067 021000000002024014 88.0455 021000000002024016
2 88.0455 021000000002024016 93.8605 005000000002024016
2 93.8605 005000000002024016 106521.96843333333 004000000002024006
2 106521.96843333333 004000000002024006 31418.0 004000002002024014
2 31418.0 004000002002024014 106521.96843333333 004000000002024006
2 106521.96843333333 004000000002024006 10.9067 021000000002024014
2 10.9067 021000000002024014 237556.4714 004000002002024006
2 237556.4714 004000002002024006 30333.1 004000002002024004
2 30333.1 004000002002024004 106521.96843333333 004000000002024006
2 106521.96843333333 004000000002024006 447998.84715 004000000002024013
2 447998.84715 004000000002024013 409582.0 023000000002024013
2 409582.0 023000000002024013 106521.96843333333 004000000002024006
2 106521.96843333333 004000000002024006 423980.4083642857 004000000002024014
2 423980.4083642857 004000000002024014 10.9067 021000000002024014
2 10.9067 021000000002024014 106521.96843333333 004000000002024006
2 106521.96843333333 004000000002024006 423980.4083642857 004000000002024014
2 423980.4083642857 004000000002024014 189363.0 004000000002024007
2 189363.0 004000000002024007 106521.96843333333 004000000002024006
2 106521.96843333333 004000000002024006 470097.22989 004000000002024016
2 470097.22989 004000000002024016 396215.0 004000000002024010
2 396215.0 004000000002024010 106521.96843333333 004000000002024006
2 106521.96843333333 004000000002024006 423980.4083642857 004000000002024014
2 423980.4083642857 004000000002024014 154.28 004000000002007014
2 154.28 004000000002007014 106521.96843333333 004000000002024006
2 106521.96843333333 004000000002024006 470097.22989 004000000002024016
2 470097.22989 004000000002024016 72919.1 004000002002024016
2 72919.1 004000002002024016 106521.96843333333 004000000002024006
2 106521.96843333333 004000000002024006 329891.0 001000000002024006
2 329891.0 001000000002024006 5216.01 020000000002024006
2 5216.01 020000000002024006 106521.96843333333 004000000002024006
2 106521.96843333333 004000000002024006 106521.96843333333 004000000002024006
2 106521.96843333333 004000000002024006 216690.0 004000000011024006
2 216690.0 004000000011024006 106521.96843333333 004000000002024006
3 106521.96843333333 004000000002024006 13090800.0 027002002025025018
3 13090800.0 027002002025025018 4505740.0 027002002003025018
3 4505740.0 027002002003025018 4389.75 023006002000017007
3 4389.75 023006002000017007 43408.9 008003002000020007
3 43408.9 008003002000020007 5977.09 005003002000020007
3 5977.09 005003002000020007 4389.75 023006002000017007
3 4389.75 023006002000017007 36763.4 008000000005000009
3 36763.4 008000000005000009 517855.0264066667 008000000005012009
3 517855.0264066667 008000000005012009 4389.75 023006002000017007
3 4389.75 023006002000017007 10881.9 020006000005002001
3 10881.9 020006000005002001 517855.0264066667 008000000005012009
3 517855.0264066667 008000000005012009 4389.75 023006002000017007
3 4389.75 023006002000017007 67084400.0 008003000000020009
3 67084400.0 008003000000020009 29828.4 030003000000020009
3 29828.4 030003000000020009 517855.0264066667 008000000005012009
3 517855.0264066667 008000000005012009 460328.0 020005000005020007
3 460328.0 020005000005020007 589058.81 020000000005020007
3 589058.81 020000000005020007 517855.0264066667 008000000005012009
3 517855.0264066667 008000000005012009 54312400.0 008003000015020009
3 54312400.0 008003000015020009 10585200.0 008003000012020009
3 10585200.0 008003000012020009 517855.0264066667 008000000005012009
3 517855.0264066667 008000000005012009 15127332000.0 020003000000002001
3 15127332000.0 020003000000002001 15127332000.0 020003000000002001
3 15127332000.0 020003000000002001 517855.0264066667 008000000005012009
3 517855.0264066667 008000000005012009 3062200.0 020000000005002001
3 3062200.0 020000000005002001 26493.2 020000000002002001
3 26493.2 020000000002002001 517855.0264066667 008000000005012009
3 517855.0264066667 008000000005012009 6695.9800000000005 020005000015005007
3 6695.9800000000005 020005000015005007 6695.9800000000005 020005000015005007
3 6695.9800000000005 020005000015005007 517855.0264066667 008000000005012009
3 517855.0264066667 008000000005012009 480176.0 020000000015002007
3 480176.0 020000000015002007 288.58 020000000015002012
3 288.58 020000000015002012 517855.0264066667 008000000005012009
3 517855.0264066667 008000000005012009 6790.58 001000000015005009
3 6790.58 001000000015005009 62177.731975 001000000015020009
3 62177.731975 001000000015020009 517855.0264066667 008000000005012009
3 517855.0264066667 008000000005012009 32341.3 020000002005012009
3 32341.3 020000002005012009 26553.6 032000002005012009
3 26553.6 032000002005012009 517855.0264066667 008000000005012009
3 517855.0264066667 008000000005012009 3325660000.0 005006000015020007
3 3325660000.0 005006000015020007 9489.65 028006000015020007
3 9489.65 028006000015020007 517855.0264066667 008000000005012009
3 517855.0264066667 008000000005012009 163270.796593 001000000015020007
3 163270.796593 001000000015020007 297631.0 001000000015020001
3 297631.0 001000000015020001 517855.0264066667 008000000005012009
3 517855.0264066667 008000000005012009 12907.8 005005000015002009
3 12907.8 005005000015002009 11079.8 005005000015014009
3 11079.8 005005000015014009 517855.0264066667 008000000005012009
3 517855.0264066667 008000000005012009 20636.9 020000000015012007
3 20636.9 020000000015012007 30214.6 020000001015012007
3 30214.6 020000001015012007 517855.0264066667 008000000005012009
3 517855.0264066667 008000000005012009 518539.76 001000000005005009
3 518539.76 001000000005005009 504274.952 001000000005005003
3 504274.952 001000000005005003 517855.0264066667 008000000005012009
3 517855.0264066667 008000000005012009 1024782.5 001000000005005007
3 1024782.5 001000000005005007 1440.47 001000000005010007
3 1440.47 001000000005010007 517855.0264066667 008000000005012009
3 517855.0264066667 008000000005012009 163270.796593 001000000015020007
3 163270.796593 001000000015020007 517855.0264066667 008000000005012009
3 517855.0264066667 008000000005012009 288.58 020000000015002012
3 288.58 020000000015002012 579626.0 001000000015020012
3 579626.0 001000000015020012 372378.0 001000000018020012
3 372378.0 001000000018020012 163270.796593 001000000015020007
3 163270.796593 001000000015020007 20636.9 020000000015012007
3 20636.9 020000000015012007 163270.796593 001000000015020007
3 163270.796593 001000000015020007 517855.0264066667 008000000005012009
3 517855.0264066667 008000000005012009 518539.76 001000000005005009
3 518539.76 001000000005005009 339800.0 001004000005005009
3 339800.0 001004000005005009 163270.796593 001000000015020007
3 163270.796593 001000000015020007 478632.0 001000000015005012
3 478632.0 001000000015005012 330269.0 001000000015024012
3 330269.0 001000000015024012 163270.796593 001000000015020007
3 163270.796593 001000000015020007 25841.9 020000000015012003
3 25841.9 020000000015012003 20490.0 020006000015012003
3 20490.0 020006000015012003 163270.796593 001000000015020007
3 163270.796593 001000000015020007 517855.0264066667 008000000005012009
3 517855.0264066667 008000000005012009 517855.0264066667 008000000005012009
3 517855.0264066667 008000000005012009 163270.796593 001000000015020007
3 163270.796593 001000000015020007 456068.0 001000000005012009
3 456068.0 001000000005012009 196465.0 001000001005012009
3 196465.0 001000001005012009 163270.796593 001000000015020007
3 163270.796593 001000000015020007 589058.81 020000000005020007
3 589058.81 020000000005020007 82371.0 020000002005020007
3 82371.0 020000002005020007 163270.796593 001000000015020007
3 163270.796593 001000000015020007 1925764.014857143 020000000005005009
3 1925764.014857143 020000000005005009 315071.0 020000000020005009
3 315071.0 020000000020005009 163270.796593 001000000015020007
3 163270.796593 001000000015020007 611124.5 020000000015005009
3 611124.5 020000000015005009 15518.0 020000000015011009
3 15518.0 020000000015011009 163270.796593 001000000015020007
3 163270.796593 001000000015020007 1606940.0 001000000015002007
3 1606940.0 001000000015002007 213280.0 001000000015013007
3 213280.0 001000000015013007 163270.796593 001000000015020007
3 163270.796593 001000000015020007 6287.63 008000000005005007
3 6287.63 008000000005005007 163270.796593 001000000015020007
3 163270.796593 001000000015020007 517855.0264066667 008000000005012009
3 517855.0264066667 008000000005012009 2762167.3333333335 020000000005005007
3 2762167.3333333335 020000000005005007 6796.05 020000000005005016
3 6796.05 020000000005005016 163270.796593 001000000015020007
3 163270.796593 001000000015020007 702971.5 001005000005005009
3 702971.5 001005000005005009 702971.5 001005000005005009
3 702971.5 001005000005005009 163270.796593 001000000015020007
3 163270.796593 001000000015020007 6253560000.0 020005000005005007
3 6253560000.0 020005000005005007 103797.0 020005000007005007
3 103797.0 020005000007005007 163270.796593 001000000015020007
3 163270.796593 001000000015020007 321932.0 001005000005012007
3 321932.0 001005000005012007 263740.0 001005002005012007
3 263740.0 001005002005012007 163270.796593 001000000015020007
3 163270.796593 001000000015020007 11701.0 001000000015012007
3 11701.0 001000000015012007 163270.796593 001000000015020007
3 163270.796593 001000000015020007 517855.0264066667 008000000005012009
3 517855.0264066667 008000000005012009 2762167.3333333335 020000000005005007
3 2762167.3333333335 020000000005005007 423893.0 020000000005007007
3 423893.0 020000000005007007 163270.796593 001000000015020007
3 163270.796593 001000000015020007 26538.7 020005000005002007
3 26538.7 020005000005002007 11837.8 020005000005014007
3 11837.8 020005000005014007 163270.796593 001000000015020007
3 163270.796593 001000000015020007 1398070.0 020000000005014009
3 1398070.0 020000000005014009 267864.0 020000000012014009
3 267864.0 020000000012014009 163270.796593 001000000015020007
3 163270.796593 001000000015020007 1925764.014857143 020000000005005009
3 1925764.014857143 020000000005005009 47367.2 020006000005005009
3 47367.2 020006000005005009 163270.796593 001000000015020007
3 163270.796593 001000000015020007 1602470.0 001000000015005007
3 1602470.0 001000000015005007 99.636 001000000015005010
3 99.636 001000000015005010 163270.796593 001000000015020007
3 163270.796593 001000000015020007 504274.952 001000000005005003
3 504274.952 001000000005005003 163270.796593 001000000015020007
3 163270.796593 001000000015020007 517855.0264066667 008000000005012009
3 517855.0264066667 008000000005012009 1024782.5 001000000005005007
3 1024782.5 001000000005005007 647861.0 001000000005019007
3 647861.0 001000000005019007 163270.796593 001000000015020007
3 163270.796593 001000000015020007 20636.9 020000000015012007
3 20636.9 020000000015012007 7184.24 006000000015012007
3 7184.24 006000000015012007 163270.796593 001000000015020007
3 163270.796593 001000000015020007 166.855 020000000005012010
3 166.855 020000000005012010 519325.0 020004000005012010
3 519325.0 020004000005012010 163270.796593 001000000015020007
3 163270.796593 001000000015020007 794561.998 020000000005002012
3 794561.998 020000000005002012 794561.998 020000000005002012
3 794561.998 020000000005002012 163270.796593 001000000015020007
3 163270.796593 001000000015020007 456068.0 001000000005012009
3 456068.0 001000000005012009 456068.0 001000000005012009
3 456068.0 001000000005012009 163270.796593 001000000015020007
3 163270.796593 001000000015020007 389647.0 001000000015010009
3 389647.0 001000000015010009 23355.4 001000002015010009
3 23355.4 001000002015010009 163270.796593 001000000015020007
3 163270.796593 001000000015020007 319680.0 001000000015020003
3 319680.0 001000000015020003 62.84255 001000000001020003
3 62.84255 001000000001020003 163270.796593 001000000015020007
3 163270.796593 001000000015020007 504274.952 001000000005005003
3 504274.952 001000000005005003 797236.2495 001000000005012003
3 797236.2495 001000000005012003 163270.796593 001000000015020007
3 163270.796593 001000000015020007 353467.171 001000000005012007
3 353467.171 001000000005012007 83.5326 001004000005012007
3 83.5326 001004000005012007 163270.796593 001000000015020007
3 163270.796593 001000000015020007 6129.52 020004000005012009
3 6129.52 020004000005012009 163270.796593 001000000015020007
3 163270.796593 001000000015020007 517855.0264066667 008000000005012009
3 517855.0264066667 008000000005012009 504274.952 001000000005005003
3 504274.952 001000000005005003 45036.8 001000000005001003
3 45036.8 001000000005001003 163270.796593 001000000015020007
3 163270.796593 001000000015020007 7158.84 001000000005002003
3 7158.84 001000000005002003 996.909 001000000005002016
3 996.909 001000000005002016 163270.796593 001000000015020007
3 163270.796593 001000000015020007 456068.0 001000000005012009
3 456068.0 001000000005012009 1467.31 039000000005012009
3 1467.31 039000000005012009 163270.796593 001000000015020007
3 163270.796593 001000000015020007 849681.0 001000000015002012
3 849681.0 001000000015002012 709169.0 001000000001002012
3 709169.0 001000000001002012 163270.796593 001000000015020007
3 163270.796593 001000000015020007 797236.2495 001000000005012003
3 797236.2495 001000000005012003 125.558 001000000005024003
3 125.558 001000000005024003 163270.796593 001000000015020007
3 163270.796593 001000000015020007 11982900.0 020000000005002007
3 11982900.0 020000000005002007 335505.0 020000000005016007
3 335505.0 020000000005016007 163270.796593 001000000015020007
3 163270.796593 001000000015020007 62177.731975 001000000015020009
3 62177.731975 001000000015020009 3559.63 001004000015020009
3 3559.63 001004000015020009 163270.796593 001000000015020007
3 163270.796593 001000000015020007 26844.7 008000000005012003
3 26844.7 008000000005012003 145362.317985 008000000001012003
3 145362.317985 008000000001012003 163270.796593 001000000015020007
3 163270.796593 001000000015020007 611124.5 020000000015005009
3 611124.5 020000000015005009 38.7402 020000000015005010
3 38.7402 020000000015005010 163270.796593 001000000015020007
3 163270.796593 001000000015020007 41.668 008000000005005010
3 41.668 008000000005005010 163270.796593 001000000015020007
3 163270.796593 001000000015020007 517855.0264066667 008000000005012009
3 517855.0264066667 008000000005012009 216.259 008000000001020003
3 216.259 008000000001020003 45388.1 008002000001020003
3 45388.1 008002000001020003 163270.796593 001000000015020007
3 163270.796593 001000000015020007 898842.0 001000000005012010
3 898842.0 001000000005012010 6888.66 026000000005012010
3 6888.66 026000000005012010 163270.796593 001000000015020007
3 163270.796593 001000000015020007 456068.0 001000000005012009
3 456068.0 001000000005012009 815.827 001003000005012009
3 815.827 001003000005012009 163270.796593 001000000015020007
3 163270.796593 001000000015020007 35946.4 001000000015012003
3 35946.4 001000000015012003 10546.0 001000000012012003
3 10546.0 001000000012012003 163270.796593 001000000015020007
3 163270.796593 001000000015020007 166.855 020000000005012010
3 166.855 020000000005012010 69.7981 020000000005011010
3 69.7981 020000000005011010 163270.796593 001000000015020007
3 163270.796593 001000000015020007 389360.5 008000000005012010
3 389360.5 008000000005012010 8703.28 008000001005012010
3 8703.28 008000001005012010 163270.796593 001000000015020007
3 163270.796593 001000000015020007 1925764.014857143 020000000005005009
3 1925764.014857143 020000000005005009 288732.0 020000000005022009
3 288732.0 020000000005022009 163270.796593 001000000015020007
3 163270.796593 001000000015020007 1690650.0 001004000001005010
3 1690650.0 001004000001005010 13153.6 033004000001005010
3 13153.6 033004000001005010 163270.796593 001000000015020007
3 163270.796593 001000000015020007 2788627.8 033004000001012007
3 2788627.8 033004000001012007 2788627.8 033004000001012007
3 2788627.8 033004000001012007 163270.796593 001000000015020007
3 163270.796593 001000000015020007 1925764.014857143 020000000005005009
3 1925764.014857143 020000000005005009 40.1986 020000000005005013
3 40.1986 020000000005005013 163270.796593 001000000015020007
3 163270.796593 001000000015020007 389360.5 008000000005012010
3 389360.5 008000000005012010 26844.7 008000000005012003
3 26844.7 008000000005012003 163270.796593 001000000015020007
3 163270.796593 001000000015020007 4066.586666666667 020000000015011013
3 4066.586666666667 020000000015011013 37.617 020000000008011013
3 37.617 020000000008011013 163270.796593 001000000015020007
3 163270.796593 001000000015020007 7495034.666666667 020000000005005003
3 7495034.666666667 020000000005005003 230790.0 020000000005015003
3 230790.0 020000000005015003 163270.796593 001000000015020007
3 163270.796593 001000000015020007 165078.0 008000000015015003
3 165078.0 008000000015015003 147703.0 016000000015015003
3 147703.0 016000000015015003 163270.796593 001000000015020007
3 163270.796593 001000000015020007 1925764.014857143 020000000005005009
3 1925764.014857143 020000000005005009 7555.71 018000000005005009
3 7555.71 018000000005005009 163270.796593 001000000015020007
3 163270.796593 001000000015020007 273539.04 008000000001011010
3 273539.04 008000000001011010 121.102 001000000001011010
3 121.102 001000000001011010 163270.796593 001000000015020007
3 163270.796593 001000000015020007 1983110.0 008000000008005010
3 1983110.0 008000000008005010 665.098 008000002008005010
3 665.098 008000002008005010 163270.796593 001000000015020007
3 163270.796593 001000000015020007 15515.0 001000002005011013
3 15515.0 001000002005011013 5751.3 015000002005011013
3 5751.3 015000002005011013 163270.796593 001000000015020007
3 163270.796593 001000000015020007 1925764.014857143 020000000005005009
3 1925764.014857143 020000000005005009 1925764.014857143 020000000005005009
3 1925764.014857143 020000000005005009 163270.796593 001000000015020007
3 163270.796593 001000000015020007 303968.2 020000000005011013
3 303968.2 020000000005011013 163270.796593 001000000015020007
3 163270.796593 001000000015020007 517855.0264066667 008000000005012009
3 517855.0264066667 008000000005012009 1457870.0 020000000005005010
3 1457870.0 020000000005005010 21474.4 020000000005005006
3 21474.4 020000000005005006 163270.796593 001000000015020007
3 163270.796593 001000000015020007 273539.04 008000000001011010
3 273539.04 008000000001011010 36.6633 008000000001011016
3 36.6633 008000000001011016 163270.796593 001000000015020007
3 163270.796593 001000000015020007 89.3632 008000000008011010
3 89.3632 008000000008011010 43.6715 008001000008011010
3 43.6715 008001000008011010 163270.796593 001000000015020007
3 163270.796593 001000000015020007 456068.0 001000000005012009
3 456068.0 001000000005012009 11585.0 001000002005012009
3 11585.0 001000002005012009 163270.796593 001000000015020007
3 163270.796593 001000000015020007 817467.0 001000000005020010
3 817467.0 001000000005020010 11062.1 001000000005000010
3 11062.1 001000000005000010 163270.796593 001000000015020007
3 163270.796593 001000000015020007 5733.4165 008000000001011007
3 5733.4165 008000000001011007 2705.0 007000000001011007
3 2705.0 007000000001011007 163270.796593 001000000015020007
3 163270.796593 001000000015020007 99.636 001000000015005010
3 99.636 001000000015005010 115808.0 001000000015020010
3 115808.0 001000000015020010 163270.796593 001000000015020007
3 163270.796593 001000000015020007 315537.0 020000000005012009
3 315537.0 020000000005012009 19584.6 020000000017012009
3 19584.6 020000000017012009 163270.796593 001000000015020007
3 163270.796593 001000000015020007 7495034.666666667 020000000005005003
3 7495034.666666667 020000000005005003 24878370.15 020004000005005003
3 24878370.15 020004000005005003 163270.796593 001000000015020007
3 163270.796593 001000000015020007 24878370.15 020004000005005003
3 24878370.15 020004000005005003 5352.42 020004000005005015
3 5352.42 020004000005005015 163270.796593 001000000015020007
3 163270.796593 001000000015020007 701.725 001000000005005016
3 701.725 001000000005005016 163270.796593 001000000015020007
3 163270.796593 001000000015020007 517855.0264066667 008000000005012009
3 517855.0264066667 008000000005012009 393003.0 020000000001005016
3 393003.0 020000000001005016 21874.1 020000001001005016
3 21874.1 020000001001005016 163270.796593 001000000015020007
3 163270.796593 001000000015020007 112.438 020000000001011013
3 112.438 020000000001011013 112.438 020000000001011013
3 112.438 020000000001011013 163270.796593 001000000015020007
3 163270.796593 001000000015020007 256062.0 008000000001011003
3 256062.0 008000000001011003 851.872 008000000003011003
3 851.872 008000000003011003 163270.796593 001000000015020007
3 163270.796593 001000000015020007 7495034.666666667 020000000005005003
3 7495034.666666667 020000000005005003 74.8508 020000000005005018
3 74.8508 020000000005005018 163270.796593 001000000015020007
3 163270.796593 001000000015020007 447478.0 020000000008005009
3 447478.0 020000000008005009 380521.0 020000000008017009
3 380521.0 020000000008017009 163270.796593 001000000015020007
3 163270.796593 001000000015020007 864884.5 020000000005012003
3 864884.5 020000000005012003 305064.0 020000000005009003
3 305064.0 020000000005009003 163270.796593 001000000015020007
3 163270.796593 001000000015020007 26992.3 020000000005012007
3 26992.3 020000000005012007 11320.2 020000002005012007
3 11320.2 020000002005012007 163270.796593 001000000015020007
3 163270.796593 001000000015020007 5309780.0 020000000015005003
3 5309780.0 020000000015005003 3472600.0 020000000014005003
3 3472600.0 020000000014005003 163270.796593 001000000015020007
3 163270.796593 001000000015020007 136.89 001000000015011010
3 136.89 001000000015011010 163270.796593 001000000015020007
3 163270.796593 001000000015020007 517855.0264066667 008000000005012009
3 517855.0264066667 008000000005012009 2125370.0 020000000015005007
3 2125370.0 020000000015005007 163270.796593 001000000015020007
3 163270.796593 001000000015020007 517855.0264066667 008000000005012009
3 517855.0264066667 008000000005012009 1111754.0 020000000001005013
3 1111754.0 020000000001005013 1236.06 020000000001005010
3 1236.06 020000000001005010 163270.796593 001000000015020007
3 163270.796593 001000000015020007 228212.0 008000000008012003
3 228212.0 008000000008012003 554786.0 008000000008012015
3 554786.0 008000000008012015 163270.796593 001000000015020007
3 163270.796593 001000000015020007 598102.0 020000000005005015
3 598102.0 020000000005005015 163270.796593 001000000015020007
3 163270.796593 001000000015020007 517855.0264066667 008000000005012009
3 517855.0264066667 008000000005012009 5733.4165 008000000001011007
3 5733.4165 008000000001011007 163270.796593 001000000015020007
3 163270.796593 001000000015020007 517855.0264066667 008000000005012009
3 517855.0264066667 008000000005012009 6825.8 020000000015011007
3 6825.8 020000000015011007 1638.27 020000000011011007
3 1638.27 020000000011011007 163270.796593 001000000015020007
3 163270.796593 001000000015020007 6669.51 008000000001011009
3 6669.51 008000000001011009 116.828 008000000005011009
3 116.828 008000000005011009 163270.796593 001000000015020007
3 163270.796593 001000000015020007 112.438 020000000001011013
3 112.438 020000000001011013 40.5605 020000000001004013
3 40.5605 020000000001004013 163270.796593 001000000015020007
3 163270.796593 001000000015020007 848767.0 008000000001011013
3 848767.0 008000000001011013 3620.81 008000000001011012
3 3620.81 008000000001011012 163270.796593 001000000015020007
3 163270.796593 001000000015020007 145362.317985 008000000001012003
3 145362.317985 008000000001012003 163270.796593 001000000015020007
3 163270.796593 001000000015020007 517855.0264066667 008000000005012009
3 517855.0264066667 008000000005012009 4248280.0 020000000001005007
3 4248280.0 020000000001005007 1478390.0 020000000001010007
3 1478390.0 020000000001010007 163270.796593 001000000015020007
3 163270.796593 001000000015020007 853700.0 008000000001005013
3 853700.0 008000000001005013 11329.2 008000000014005013
3 11329.2 008000000014005013 163270.796593 001000000015020007
3 163270.796593 001000000015020007 70.7486 001000000008012007
3 70.7486 001000000008012007 361.752 001000000006012007
3 361.752 001000000006012007 163270.796593 001000000015020007
3 163270.796593 001000000015020007 2762167.3333333335 020000000005005007
3 2762167.3333333335 020000000005005007 64252.7 020001000005005007
3 64252.7 020001000005005007 163270.796593 001000000015020007
3 163270.796593 001000000015020007 487270.91695 008000000005012013
3 487270.91695 008000000005012013 56.6086 008004000005012013
3 56.6086 008004000005012013 163270.796593 001000000015020007
3 163270.796593 001000000015020007 67.2282 020000000008012010
3 67.2282 020000000008012010 67.2282 020000000008012010
3 67.2282 020000000008012010 163270.796593 001000000015020007
3 163270.796593 001000000015020007 4066.586666666667 020000000015011013
3 4066.586666666667 020000000015011013 163270.796593 001000000015020007
3 163270.796593 001000000015020007 517855.0264066667 008000000005012009
3 517855.0264066667 008000000005012009 487270.91695 008000000005012013
3 487270.91695 008000000005012013 5649.67 008000000005012001
3 5649.67 008000000005012001 163270.796593 001000000015020007
3 163270.796593 001000000015020007 481328.0 020000000001011009
3 481328.0 020000000001011009 14657.2 023000000001011009
3 14657.2 023000000001011009 163270.796593 001000000015020007
3 163270.796593 001000000015020007 1477570.0 020000000001011010
3 1477570.0 020000000001011010 337014.0 020000000009011010
3 337014.0 020000000009011010 163270.796593 001000000015020007
3 163270.796593 001000000015020007 112.438 020000000001011013
3 112.438 020000000001011013 2579.69 020000000001011011
3 2579.69 020000000001011011 163270.796593 001000000015020007
3 163270.796593 001000000015020007 6316.2 020000000015005011
3 6316.2 020000000015005011 163270.796593 001000000015020007
3 163270.796593 001000000015020007 517855.0264066667 008000000005012009
3 517855.0264066667 008000000005012009 93.9363 020000000001012003
3 93.9363 020000000001012003 51.3536 020002000001012003
3 51.3536 020002000001012003 163270.796593 001000000015020007
3 163270.796593 001000000015020007 393021.49666666664 008000000015012007
3 393021.49666666664 008000000015012007 1055420.0 008000000015012016
3 1055420.0 008000000015012016 163270.796593 001000000015020007
3 163270.796593 001000000015020007 370578.0 020000000001012007
3 370578.0 020000000001012007 3430.5 020004000001012007
3 3430.5 020004000001012007 163270.796593 001000000015020007
3 163270.796593 001000000015020007 10386.4 008000000001004010
3 10386.4 008000000001004010 163270.796593 001000000015020007
3 163270.796593 001000000015020007 517855.0264066667 008000000005012009
3 517855.0264066667 008000000005012009 864884.5 020000000005012003
3 864884.5 020000000005012003 163270.796593 001000000015020007
3 163270.796593 001000000015020007 517855.0264066667 008000000005012009
3 517855.0264066667 008000000005012009 1236.06 020000000001005010
3 1236.06 020000000001005010 2757340.0 020000000001005009
3 2757340.0 020000000001005009 163270.796593 001000000015020007
3 163270.796593 001000000015020007 112.438 020000000001011013
3 112.438 020000000001011013 3533.64 018000000001011013
3 3533.64 018000000001011013 163270.796593 001000000015020007
3 163270.796593 001000000015020007 1553220.0 008000000015011009
3 1553220.0 008000000015011009 572785.0 008000000003011009
3 572785.0 008000000003011009 163270.796593 001000000015020007
3 163270.796593 001000000015020007 647926.0 008000000005012007
3 647926.0 008000000005012007 9662.08 021000000005012007
3 9662.08 021000000005012007 163270.796593 001000000015020007
3 163270.796593 001000000015020007 11588.9 020000000008012003
3 11588.9 020000000008012003 11588.9 020000000008012003
3 11588.9 020000000008012003 163270.796593 001000000015020007
3 163270.796593 001000000015020007 37.617 020000000008011013
3 37.617 020000000008011013 51889.7 020000002008011013
3 51889.7 020000002008011013 163270.796593 001000000015020007
3 163270.796593 001000000015020007 2447.28 001000000001011009
3 2447.28 001000000001011009 51.9768 001001000001011009
3 51.9768 001001000001011009 163270.796593 001000000015020007
3 163270.796593 001000000015020007 112.438 020000000001011013
3 112.438 020000000001011013 82.5378 020000000001016013
3 82.5378 020000000001016013 163270.796593 001000000015020007
3 163270.796593 001000000015020007 112.438 020000000001011013
3 112.438 020000000001011013 112.438 020000000001011013
3 112.438 020000000001011013 163270.796593 001000000015020007
3 163270.796593 001000000015020007 487270.91695 008000000005012013
3 487270.91695 008000000005012013 518320.0 008000002005012013
3 518320.0 008000002005012013 163270.796593 001000000015020007
3 163270.796593 001000000015020007 4066.586666666667 020000000015011013
3 4066.586666666667 020000000015011013 1706.86 020005000015011013
3 1706.86 020005000015011013 163270.796593 001000000015020007
3 163270.796593 001000000015020007 4138.74 001000000015020013
3 4138.74 001000000015020013 19.3353 001000000021020013
3 19.3353 001000000021020013 163270.796593 001000000015020007
3 163270.796593 001000000015020007 1111754.0 020000000001005013
3 1111754.0 020000000001005013 39667.3 020006000001005013
3 39667.3 020006000001005013 163270.796593 001000000015020007
3 163270.796593 001000000015020007 12803.7 008000000001005007
3 12803.7 008000000001005007 990.978 001000000001005007
3 990.978 001000000001005007 163270.796593 001000000015020007
3 163270.796593 001000000015020007 303968.2 020000000005011013
3 303968.2 020000000005011013 31859.5 020003000005011013
3 31859.5 020003000005011013 163270.796593 001000000015020007
3 163270.796593 001000000015020007 589058.81 020000000005020007
3 589058.81 020000000005020007 222145.0 014000000005020007
3 222145.0 014000000005020007 163270.796593 001000000015020007
3 163270.796593 001000000015020007 1889.8 001000000005005013
3 1889.8 001000000005005013 182.781 023000000005005013
3 182.781 023000000005005013 163270.796593 001000000015020007
3 163270.796593 001000000015020007 584934.0 020000000008012013
3 584934.0 020000000008012013 584934.0 020000000008012013
3 584934.0 020000000008012013 163270.796593 001000000015020007
3 163270.796593 001000000015020007 567384.229025 008000000021020009
3 567384.229025 008000000021020009 15.4104 008000000011020009
3 15.4104 008000000011020009 163270.796593 001000000015020007
3 163270.796593 001000000015020007 898862.573075 008000000001012007
3 898862.573075 008000000001012007 1215850.0 008000000001007007
3 1215850.0 008000000001007007 163270.796593 001000000015020007
3 163270.796593 001000000015020007 273025.4391857143 008000000001020009
3 273025.4391857143 008000000001020009 273025.4391857143 008000000001020009
3 273025.4391857143 008000000001020009 163270.796593 001000000015020007
3 163270.796593 001000000015020007 62177.731975 001000000015020009
3 62177.731975 001000000015020009 50.7721 001000000001020009
3 50.7721 001000000001020009 163270.796593 001000000015020007
3 163270.796593 001000000015020007 1438560.0 008000000008011009
3 1438560.0 008000000008011009 1135100.0 008000000004011009
3 1135100.0 008000000004011009 163270.796593 001000000015020007
3 163270.796593 001000000015020007 545087.0 008000000008020009
3 545087.0 008000000008020009 701062.0 008000000008023009
3 701062.0 008000000008023009 163270.796593 001000000015020007
3 163270.796593 001000000015020007 3039.01 020000000001012009
3 3039.01 020000000001012009 668.451 020000000018012009
3 668.451 020000000018012009 163270.796593 001000000015020007
3 163270.796593 001000000015020007 1729490.0 020000000021012009
3 1729490.0 020000000021012009 7143.54 006000000021012009
3 7143.54 006000000021012009 163270.796593 001000000015020007
3 163270.796593 001000000015020007 92.878 001000000021011013
3 92.878 001000000021011013 163270.796593 001000000015020007
3 163270.796593 001000000015020007 517855.0264066667 008000000005012009
3 517855.0264066667 008000000005012009 50.7721 001000000001020009
3 50.7721 001000000001020009 163270.796593 001000000015020007
3 163270.796593 001000000015020007 517855.0264066667 008000000005012009
3 517855.0264066667 008000000005012009 600853.3333333334 001000000011020013
3 600853.3333333334 001000000011020013 36.8373 029000000011020013
3 36.8373 029000000011020013 163270.796593 001000000015020007
3 163270.796593 001000000015020007 68.1433 001000000008020013
3 68.1433 001000000008020013 127594.5855425 001000000008020001
3 127594.5855425 001000000008020001 163270.796593 001000000015020007
3 163270.796593 001000000015020007 1131090.0 008000000008020003
3 1131090.0 008000000008020003 830.871 008000001008020003
3 830.871 008000001008020003 163270.796593 001000000015020007
3 163270.796593 001000000015020007 600853.3333333334 001000000011020013
3 600853.3333333334 001000000011020013 368932.0 015000000011020013
3 368932.0 015000000011020013 163270.796593 001000000015020007
3 163270.796593 001000000015020007 400389.0 008000000011020013
3 400389.0 008000000011020013 111.474 008000000011008013
3 111.474 008000000011008013 163270.796593 001000000015020007
3 163270.796593 001000000015020007 600853.3333333334 001000000011020013
3 600853.3333333334 001000000011020013 322118.0 001000000011020002
3 322118.0 001000000011020002 163270.796593 001000000015020007
3 163270.796593 001000000015020007 127594.5855425 001000000008020001
3 127594.5855425 001000000008020001 22224.7 001000000008020000
3 22224.7 001000000008020000 163270.796593 001000000015020007
3 163270.796593 001000000015020007 942647.0 008000000011011013
3 942647.0 008000000011011013 587597.0 021000000011011013
3 587597.0 021000000011011013 163270.796593 001000000015020007
3 163270.796593 001000000015020007 273025.4391857143 008000000001020009
3 273025.4391857143 008000000001020009 163270.796593 001000000015020007
3 163270.796593 001000000015020007 127594.5855425 001000000008020001
3 127594.5855425 001000000008020001 117990.0 008000000015020003
3 117990.0 008000000015020003 216.259 008000000001020003
3 216.259 008000000001020003 163270.796593 001000000015020007
3 163270.796593 001000000015020007 1702470.0 001000000001012003
3 1702470.0 001000000001012003 10546.0 001000000012012003
3 10546.0 001000000012012003 163270.796593 001000000015020007
3 163270.796593 001000000015020007 229371.5 008000000001020001
3 229371.5 008000000001020001 6028.49 008000000001012001
3 6028.49 008000000001012001 163270.796593 001000000015020007
3 163270.796593 001000000015020007 573406.0 008000000015020009
3 573406.0 008000000015020009 161371.0 008000000015020002
3 161371.0 008000000015020002 163270.796593 001000000015020007
3 163270.796593 001000000015020007 1137.54 001000000008012009
3 1137.54 001000000008012009 163270.796593 001000000015020007
3 163270.796593 001000000015020007 127594.5855425 001000000008020001
3 127594.5855425 001000000008020001 127594.5855425 001000000008020001
3 127594.5855425 001000000008020001 127594.5855425 001000000008020001
3 127594.5855425 001000000008020001 163270.796593 001000000015020007
3 163270.796593 001000000015020007 152716.1758 001000000015012009
3 152716.1758 001000000015012009 152716.1758 001000000015012009
3 152716.1758 001000000015012009 163270.796593 001000000015020007
3 163270.796593 001000000015020007 288026.0 008000000008012009
3 288026.0 008000000008012009 5874.41 015000000008012009
3 5874.41 015000000008012009 163270.796593 001000000015020007
3 163270.796593 001000000015020007 1172.86 015000000011012009
3 1172.86 015000000011012009 163270.796593 001000000015020007
3 163270.796593 001000000015020007 127594.5855425 001000000008020001
3 127594.5855425 001000000008020001 567384.229025 008000000021020009
3 567384.229025 008000000021020009 56.4791 008004000021020009
3 56.4791 008004000021020009 163270.796593 001000000015020007
3 163270.796593 001000000015020007 273025.4391857143 008000000001020009
3 273025.4391857143 008000000001020009 342353.0 008000000001023009
3 342353.0 008000000001023009 163270.796593 001000000015020007
3 163270.796593 001000000015020007 983501.0 001000000011011007
3 983501.0 001000000011011007 47.5645 001000000024011007
3 47.5645 001000000024011007 163270.796593 001000000015020007
3 163270.796593 001000000015020007 116.9 001000000001012009
3 116.9 001000000001012009 116.9 001000000001012009
3 116.9 001000000001012009 163270.796593 001000000015020007
3 163270.796593 001000000015020007 154358.0 008000000011020007
3 154358.0 008000000011020007 154358.0 008000000011020007
3 154358.0 008000000011020007 163270.796593 001000000015020007
3 163270.796593 001000000015020007 343215.0 001000000005020009
3 343215.0 001000000005020009 190527.0 001000000005020008
3 190527.0 001000000005020008 163270.796593 001000000015020007
3 163270.796593 001000000015020007 116.828 008000000005011009
3 116.828 008000000005011009 2517.09 008000000005011007
3 2517.09 008000000005011007 163270.796593 001000000015020007
3 163270.796593 001000000015020007 539339.1342 008000000001020013
3 539339.1342 008000000001020013 428248.0 008000000001023013
3 428248.0 008000000001023013 163270.796593 001000000015020007
3 163270.796593 001000000015020007 1063.47 001000000008012013
3 1063.47 001000000008012013 86.6149 001000000008012010
3 86.6149 001000000008012010 163270.796593 001000000015020007
3 163270.796593 001000000015020007 288026.0 008000000008012009
3 288026.0 008000000008012009 228212.0 008000000008012003
3 228212.0 008000000008012003 163270.796593 001000000015020007
3 163270.796593 001000000015020007 261533.76666666666 008000000001020007
3 261533.76666666666 008000000001020007 233651.0 008000001001020007
3 233651.0 008000001001020007 163270.796593 001000000015020007
3 163270.796593 001000000015020007 348221.0 001000000021020007
3 348221.0 001000000021020007 15092.0 001003000021020007
3 15092.0 001003000021020007 163270.796593 001000000015020007
3 163270.796593 001000000015020007 635305.0 001000000008020016
3 635305.0 001000000008020016 371230.0 002000000008020016
3 371230.0 002000000008020016 163270.796593 001000000015020007
3 163270.796593 001000000015020007 1451360.0 001000000001011016
3 1451360.0 001000000001011016 176.878 001000000001002016
3 176.878 001000000001002016 163270.796593 001000000015020007
3 163270.796593 001000000015020007 1091510.0 008000000001002013
3 1091510.0 008000000001002013 27429.5 008000002001002013
3 27429.5 008000002001002013 163270.796593 001000000015020007
3 163270.796593 001000000015020007 273025.4391857143 008000000001020009
3 273025.4391857143 008000000001020009 8263.3 008005000001020009
3 8263.3 008005000001020009 163270.796593 001000000015020007
3 163270.796593 001000000015020007 84.7297 001000000001012016
3 84.7297 001000000001012016 163270.796593 001000000015020007
3 163270.796593 001000000015020007 127594.5855425 001000000008020001
3 127594.5855425 001000000008020001 567384.229025 008000000021020009
3 567384.229025 008000000021020009 17400.8 008000001021020009
3 17400.8 008000001021020009 163270.796593 001000000015020007
3 163270.796593 001000000015020007 243087.0 001000001001020009
3 243087.0 001000001001020009 238002.0 007000001001020009
3 238002.0 007000001001020009 163270.796593 001000000015020007
3 163270.796593 001000000015020007 216.259 008000000001020003
3 216.259 008000000001020003 566173.0 008000000001018003
3 566173.0 008000000001018003 163270.796593 001000000015020007
3 163270.796593 001000000015020007 104924.0 001000000001018009
3 104924.0 001000000001018009 4785.17 032000000001018009
3 4785.17 032000000001018009 163270.796593 001000000015020007
3 163270.796593 001000000015020007 7850.17 008000000015018009
3 7850.17 008000000015018009 1781.51 008000000008018009
3 1781.51 008000000008018009 163270.796593 001000000015020007
3 163270.796593 001000000015020007 898862.573075 008000000001012007
3 898862.573075 008000000001012007 163270.796593 001000000015020007
3 163270.796593 001000000015020007 127594.5855425 001000000008020001
3 127594.5855425 001000000008020001 216.259 008000000001020003
3 216.259 008000000001020003 5647.15 008000000001007003
3 5647.15 008000000001007003 163270.796593 001000000015020007
3 163270.796593 001000000015020007 2513.92 008000000005020009
3 2513.92 008000000005020009 43.2321 007000000005020009
3 43.2321 007000000005020009 163270.796593 001000000015020007
3 163270.796593 001000000015020007 545087.0 008000000008020009
3 545087.0 008000000008020009 1781.51 008000000008018009
3 1781.51 008000000008018009 163270.796593 001000000015020007
3 163270.796593 001000000015020007 573406.0 008000000015020009
3 573406.0 008000000015020009 3451.32 008004000015020009
3 3451.32 008004000015020009 163270.796593 001000000015020007
3 163270.796593 001000000015020007 1039720.0 008000000011012007
3 1039720.0 008000000011012007 520290.0 008000000011003007
3 520290.0 008000000011003007 163270.796593 001000000015020007
3 163270.796593 001000000015020007 229371.5 008000000001020001
3 229371.5 008000000001020001 9085.94 023000000001020001
3 9085.94 023000000001020001 163270.796593 001000000015020007
3 163270.796593 001000000015020007 204320.0 023000000021020007
3 204320.0 023000000021020007 21131.0 023005000021020007
3 21131.0 023005000021020007 163270.796593 001000000015020007
3 163270.796593 001000000015020007 92.1552 001005000008012009
3 92.1552 001005000008012009 163270.796593 001000000015020007
3 163270.796593 001000000015020007 127594.5855425 001000000008020001
3 127594.5855425 001000000008020001 243220.36415 001000000001020013
3 243220.36415 001000000001020013 88.0385 001000000002020013
3 88.0385 001000000002020013 163270.796593 001000000015020007
3 163270.796593 001000000015020007 539339.1342 008000000001020013
3 539339.1342 008000000001020013 127074.845355 003000000001020013
3 127074.845355 003000000001020013 163270.796593 001000000015020007
3 163270.796593 001000000015020007 45.0434 008000000008020013
3 45.0434 008000000008020013 163270.796593 001000000015020007
3 163270.796593 001000000015020007 127594.5855425 001000000008020001
3 127594.5855425 001000000008020001 246403.665 008000000008012013
3 246403.665 008000000008012013 246403.665 008000000008012013
3 246403.665 008000000008012013 163270.796593 001000000015020007
3 163270.796593 001000000015020007 688060.0 008000000001012013
3 688060.0 008000000001012013 320401.0 008000000019012013
3 320401.0 008000000019012013 163270.796593 001000000015020007
3 163270.796593 001000000015020007 62177.731975 001000000015020009
3 62177.731975 001000000015020009 163270.796593 001000000015020007
3 163270.796593 001000000015020007 127594.5855425 001000000008020001
3 127594.5855425 001000000008020001 567384.229025 008000000021020009
3 567384.229025 008000000021020009 37867.4 008000002021020009
3 37867.4 008000002021020009 163270.796593 001000000015020007
3 163270.796593 001000000015020007 261533.76666666666 008000000001020007
3 261533.76666666666 008000000001020007 35.577 008000000001020004
3 35.577 008000000001020004 163270.796593 001000000015020007
3 163270.796593 001000000015020007 16904.6 008000000011020001
3 16904.6 008000000011020001 4434.52 008001000011020001
3 4434.52 008001000011020001 163270.796593 001000000015020007
3 163270.796593 001000000015020007 858.7355 001000000021020009
3 858.7355 001000000021020009 14.2512 001000000021024009
3 14.2512 001000000021024009 163270.796593 001000000015020007
3 163270.796593 001000000015020007 4482.8889 001000000021020003
3 4482.8889 001000000021020003 4482.8889 001000000021020003
3 4482.8889 001000000021020003 163270.796593 001000000015020007
3 163270.796593 001000000015020007 729583.5 008000000021012009
3 729583.5 008000000021012009 729583.5 008000000021012009
3 729583.5 008000000021012009 163270.796593 001000000015020007
3 163270.796593 001000000015020007 393021.49666666664 008000000015012007
3 393021.49666666664 008000000015012007 393021.49666666664 008000000015012007
3 393021.49666666664 008000000015012007 163270.796593 001000000015020007
3 163270.796593 001000000015020007 1103500.0 001000000005020001
3 1103500.0 001000000005020001 173297.0 003000000005020001
3 173297.0 003000000005020001 163270.796593 001000000015020007
3 163270.796593 001000000015020007 17.414 003000000011020009
3 17.414 003000000011020009 163270.796593 001000000015020007
3 163270.796593 001000000015020007 127594.5855425 001000000008020001
3 127594.5855425 001000000008020001 216.259 008000000001020003
3 216.259 008000000001020003 216.259 008000000001020003
3 216.259 008000000001020003 163270.796593 001000000015020007
3 163270.796593 001000000015020007 539339.1342 008000000001020013
3 539339.1342 008000000001020013 539339.1342 008000000001020013
3 539339.1342 008000000001020013 163270.796593 001000000015020007
3 163270.796593 001000000015020007 770015.0 001000000011012007
3 770015.0 001000000011012007 70.7486 001000000008012007
3 70.7486 001000000008012007 163270.796593 001000000015020007
3 163270.796593 001000000015020007 116.9 001000000001012009
3 116.9 001000000001012009 116.9 001000000001012009
3 116.9 001000000001012009 163270.796593 001000000015020007
3 163270.796593 001000000015020007 409728.0 008000000005020007
3 409728.0 008000000005020007 138254.0 008000000005020008
3 138254.0 008000000005020008 163270.796593 001000000015020007
3 163270.796593 001000000015020007 261533.76666666666 008000000001020007
3 261533.76666666666 008000000001020007 8322.88 029000000001020007
3 8322.88 029000000001020007 163270.796593 001000000015020007
3 163270.796593 001000000015020007 50.7721 001000000001020009
3 50.7721 001000000001020009 416.09 001000000013020009
3 416.09 001000000013020009 163270.796593 001000000015020007
3 163270.796593 001000000015020007 8750.88 008000000021020007
3 8750.88 008000000021020007 267.931 008000000017020007
3 267.931 008000000017020007 163270.796593 001000000015020007
3 163270.796593 001000000015020007 244881.13533333334 001000000001020007
3 244881.13533333334 001000000001020007 11328.1 001005000001020007
3 11328.1 001005000001020007 163270.796593 001000000015020007
3 163270.796593 001000000015020007 5645.36 008005000005020007
3 5645.36 008005000005020007 163270.796593 001000000015020007
3 163270.796593 001000000015020007 127594.5855425 001000000008020001
3 127594.5855425 001000000008020001 858.7355 001000000021020009
3 858.7355 001000000021020009 229626.949735 001000000003020009
3 229626.949735 001000000003020009 163270.796593 001000000015020007
3 163270.796593 001000000015020007 619906.0 003000000008020007
3 619906.0 003000000008020007 51.2734 003000000022020007
3 51.2734 003000000022020007 163270.796593 001000000015020007
3 163270.796593 001000000015020007 238926.0 001000000005024009
3 238926.0 001000000005024009 55.449 001000000005007009
3 55.449 001000000005007009 163270.796593 001000000015020007
3 163270.796593 001000000015020007 244881.13533333334 001000000001020007
3 244881.13533333334 001000000001020007 586444.0 001000000001015007
3 586444.0 001000000001015007 163270.796593 001000000015020007
3 163270.796593 001000000015020007 127074.845355 003000000001020013
3 127074.845355 003000000001020013 1847.99 003000000001020012
3 1847.99 003000000001020012 163270.796593 001000000015020007
3 163270.796593 001000000015020007 244881.13533333334 001000000001020007
3 244881.13533333334 001000000001020007 5.50648 024000000001020007
3 5.50648 024000000001020007 163270.796593 001000000015020007
3 163270.796593 001000000015020007 273025.4391857143 008000000001020009
3 273025.4391857143 008000000001020009 1209.62 008000000007020009
3 1209.62 008000000007020009 163270.796593 001000000015020007
3 163270.796593 001000000015020007 116.9 001000000001012009
3 116.9 001000000001012009 729371.0 001000000001012014
3 729371.0 001000000001012014 163270.796593 001000000015020007
3 163270.796593 001000000015020007 244881.13533333334 001000000001020007
3 244881.13533333334 001000000001020007 5200.8 032000000001020007
3 5200.8 032000000001020007 163270.796593 001000000015020007
3 163270.796593 001000000015020007 50.7721 001000000001020009
3 50.7721 001000000001020009 583192.0 038000000001020009
3 583192.0 038000000001020009 163270.796593 001000000015020007
3 163270.796593 001000000015020007 62.84255 001000000001020003
3 62.84255 001000000001020003 163270.796593 001000000015020007
3 163270.796593 001000000015020007 127594.5855425 001000000008020001
3 127594.5855425 001000000008020001 243220.36415 001000000001020013
3 243220.36415 001000000001020013 88.0385 001000000002020013
3 88.0385 001000000002020013 163270.796593 001000000015020007
3 163270.796593 001000000015020007 62.84255 001000000001020003
3 62.84255 001000000001020003 163270.796593 001000000015020007
3 163270.796593 001000000015020007 127594.5855425 001000000008020001
3 127594.5855425 001000000008020001 353467.171 001000000005012007
3 353467.171 001000000005012007 124.815 001000000005007007
3 124.815 001000000005007007 163270.796593 001000000015020007
3 163270.796593 001000000015020007 152716.1758 001000000015012009
3 152716.1758 001000000015012009 5241.43 022000000015012009
3 5241.43 022000000015012009 163270.796593 001000000015020007
3 163270.796593 001000000015020007 157952.0 003000000008020001
3 157952.0 003000000008020001 145517.0 003000000023020001
3 145517.0 003000000023020001 163270.796593 001000000015020007
3 163270.796593 001000000015020007 671533.0 003000000001020007
3 671533.0 003000000001020007 1958.86 003000000017020007
3 1958.86 003000000017020007 163270.796593 001000000015020007
3 163270.796593 001000000015020007 244881.13533333334 001000000001020007
3 244881.13533333334 001000000001020007 163270.796593 001000000015020007
3 163270.796593 001000000015020007 127594.5855425 001000000008020001
3 127594.5855425 001000000008020001 1800570.0 008000000001012009
3 1800570.0 008000000001012009 273025.4391857143 008000000001020009
3 273025.4391857143 008000000001020009 163270.796593 001000000015020007
3 163270.796593 001000000015020007 288772.0 001000000003012007
3 288772.0 001000000003012007 4364.85 001000000003012002
3 4364.85 001000000003012002 163270.796593 001000000015020007
3 163270.796593 001000000015020007 733915.0 001000000003012009
3 733915.0 001000000003012009 299760.0 001000000003012005
3 299760.0 001000000003012005 163270.796593 001000000015020007
3 163270.796593 001000000015020007 26844.7 008000000005012003
3 26844.7 008000000005012003 981.722 008000000017012003
3 981.722 008000000017012003 163270.796593 001000000015020007
3 163270.796593 001000000015020007 356003.0 003000000005020009
3 356003.0 003000000005020009 79.2971 003000000005020011
3 79.2971 003000000005020011 163270.796593 001000000015020007
3 163270.796593 001000000015020007 116.9 001000000001012009
3 116.9 001000000001012009 54.0525 001000000001012017
3 54.0525 001000000001012017 163270.796593 001000000015020007
3 163270.796593 001000000015020007 265284.0 001000000008020007
3 265284.0 001000000008020007 10650.8 001000000008020005
3 10650.8 001000000008020005 163270.796593 001000000015020007
3 163270.796593 001000000015020007 688060.0 008000000001012013
3 688060.0 008000000001012013 851.123 008000000006012013
3 851.123 008000000006012013 163270.796593 001000000015020007
3 163270.796593 001000000015020007 539339.1342 008000000001020013
3 539339.1342 008000000001020013 83.8195 008000000001006013
3 83.8195 008000000001006013 163270.796593 001000000015020007
3 163270.796593 001000000015020007 152716.1758 001000000015012009
3 152716.1758 001000000015012009 7021.79 001004000015012009
3 7021.79 001004000015012009 163270.796593 001000000015020007
3 163270.796593 001000000015020007 773684.0 001000000008020009
3 773684.0 001000000008020009 24873.5 025000000008020009
3 24873.5 025000000008020009 163270.796593 001000000015020007
3 163270.796593 001000000015020007 83.1236 001000000005012013
3 83.1236 001000000005012013 83.1236 001000000005012013
3 83.1236 001000000005012013 163270.796593 001000000015020007
3 163270.796593 001000000015020007 487270.91695 008000000005012013
3 487270.91695 008000000005012013 399721.0 008000000005012016
3 399721.0 008000000005012016 163270.796593 001000000015020007
3 163270.796593 001000000015020007 273025.4391857143 008000000001020009
3 273025.4391857143 008000000001020009 62.8017 008004000001020009
3 62.8017 008004000001020009 163270.796593 001000000015020007
3 163270.796593 001000000015020007 701.121 024000000001012007
3 701.121 024000000001012007 163270.796593 001000000015020007
3 163270.796593 001000000015020007 127594.5855425 001000000008020001
3 127594.5855425 001000000008020001 353467.171 001000000005012007
3 353467.171 001000000005012007 230863.0 001000000010012007
3 230863.0 001000000010012007 163270.796593 001000000015020007
3 163270.796593 001000000015020007 229626.949735 001000000003020009
3 229626.949735 001000000003020009 189629.0 001006000003020009
3 189629.0 001006000003020009 163270.796593 001000000015020007
3 163270.796593 001000000015020007 153660.0 008000000015020001
3 153660.0 008000000015020001 148300.0 015000000015020001
3 148300.0 015000000015020001 163270.796593 001000000015020007
3 163270.796593 001000000015020007 489908.0 001000000003020007
3 489908.0 001000000003020007 410962.0 001003000003020007
3 410962.0 001003000003020007 163270.796593 001000000015020007
3 163270.796593 001000000015020007 659077.0 024000000005020003
3 659077.0 024000000005020003 639692.0 024000000023020003
3 639692.0 024000000023020003 163270.796593 001000000015020007
3 163270.796593 001000000015020007 244881.13533333334 001000000001020007
3 244881.13533333334 001000000001020007 163270.796593 001000000015020007
3 163270.796593 001000000015020007 127594.5855425 001000000008020001
3 127594.5855425 001000000008020001 797905.0 003000000001012001
3 797905.0 003000000001012001 25795.7 003000002001012001
3 25795.7 003000002001012001 163270.796593 001000000015020007
4 163270.796593 001000000015020007 30661200000.0 040000002010000010
4 30661200000.0 040000002010000010 18191.6 034000002010000010
4 18191.6 034000002010000010 1854.98 008001001000020018
4 1854.98 008001001000020018 20664400000.0 020001002000000001
4 20664400000.0 020001002000000001 10203500000.0 020001002000006001
4 10203500000.0 020001002000006001 1854.98 008001001000020018
4 1854.98 008001001000020018 2129600.0 020004002007025012
4 2129600.0 020004002007025012 9279.72 020004002007025001
4 9279.72 020004002007025001 1854.98 008001001000020018
4 1854.98 008001001000020018 2553300.0 008000000012002010
4 2553300.0 008000000012002010 9151.4 008005000012002010
4 9151.4 008005000012002010 1854.98 008001001000020018
4 1854.98 008001001000020018 2214357.577 008005002017020010
4 2214357.577 008005002017020010 217.506 008005002011020010
4 217.506 008005002011020010 1854.98 008001001000020018
4 1854.98 008001001000020018 222900000.0 008005002005002010
4 222900000.0 008005002005002010 10597700.0 008005001005002010
4 10597700.0 008005001005002010 217.506 008005002011020010
4 217.506 008005002011020010 37606.0 020005000017000010
4 37606.0 020005000017000010 135274.3471 020005000017022010
4 135274.3471 020005000017022010 217.506 008005002011020010
4 217.506 008005002011020010 5108090000.0 020002002011020010
4 5108090000.0 020002002011020010 51976.3 020002002011020000
4 51976.3 020002002011020000 135274.3471 020005000017022010
4 135274.3471 020005000017022010 7296820.0 020002000017020014
4 7296820.0 020002000017020014 153.077 020002000017011014
4 153.077 020002000017011014 135274.3471 020005000017022010
4 135274.3471 020005000017022010 1793680.0 001005000011005014
4 1793680.0 001005000011005014 1700480.0 001005000016005014
4 1700480.0 001005000016005014 135274.3471 020005000017022010
4 135274.3471 020005000017022010 2214357.577 008005002017020010
4 2214357.577 008005002017020010 1400970.0 008002002017020010
4 1400970.0 008002002017020010 135274.3471 020005000017022010
4 135274.3471 020005000017022010 484473.0 008002000020025010
4 484473.0 008002000020025010 3261.02 008002001020025010
4 3261.02 008002001020025010 135274.3471 020005000017022010
4 135274.3471 020005000017022010 2026780.0 020001000017020010
4 2026780.0 020001000017020010 816029.5 020001001017020010
4 816029.5 020001001017020010 135274.3471 020005000017022010
4 135274.3471 020005000017022010 2852030.0 008001000020002010
4 2852030.0 008001000020002010 72.9823 008001000020002015
4 72.9823 008001000020002015 135274.3471 020005000017022010
4 135274.3471 020005000017022010 353142000.0 008001000007020001
4 353142000.0 008001000007020001 4833240.0 008002000007020001
4 4833240.0 008002000007020001 135274.3471 020005000017022010
4 135274.3471 020005000017022010 390.771 008005000007025015
4 390.771 008005000007025015 135274.3471 020005000017022010
4 135274.3471 020005000017022010 72.9823 008001000020002015
4 72.9823 008001000020002015 167220.07165 008005001017020014
4 167220.07165 008005001017020014 65.1021 008005001003020014
4 65.1021 008005001003020014 135274.3471 020005000017022010
4 135274.3471 020005000017022010 167220.07165 008005001017020014
4 167220.07165 008005001017020014 135274.3471 020005000017022010
4 135274.3471 020005000017022010 65.1021 008005001003020014
4 65.1021 008005001003020014 3120330.0 008005001007002014
4 3120330.0 008005001007002014 1872980.0 008005001007002017
4 1872980.0 008005001007002017 135274.3471 020005000017022010
4 135274.3471 020005000017022010 4108.2 020005001017002015
4 4108.2 020005001017002015 370108.836075 020005001017018015
4 370108.836075 020005001017018015 135274.3471 020005000017022010
4 135274.3471 020005000017022010 3882.33 020002001017022015
4 3882.33 020002001017022015 135274.3471 020005000017022010
4 135274.3471 020005000017022010 370108.836075 020005001017018015
4 370108.836075 020005001017018015 3016.58 020005001017020010
4 3016.58 020005001017020010 135274.3471 020005000017022010
4 135274.3471 020005000017022010 370108.836075 020005001017018015
4 370108.836075 020005001017018015 13740.9 020005000017020010
4 13740.9 020005000017020010 613937.0 020005002017020010
4 613937.0 020005002017020010 135274.3471 020005000017022010
4 135274.3471 020005000017022010 292424.97483333334 020005001017011014
4 292424.97483333334 020005001017011014 9.04357 020001001017011014
4 9.04357 020001001017011014 135274.3471 020005000017022010
4 135274.3471 020005000017022010 3748550.0 020001000011018010
4 3748550.0 020001000011018010 2002530.0 020001000016018010
4 2002530.0 020001000016018010 9.04357 020001001017011014
4 9.04357 020001001017011014 3704430.0 020005000017020014
4 3704430.0 020005000017020014 82.7111 020005000017007014
4 82.7111 020005000017007014 9.04357 020001001017011014
4 9.04357 020001001017011014 3118270.0 020005001017007010
4 3118270.0 020005001017007010 1606920.0 020005001017021010
4 1606920.0 020005001017021010 9.04357 020001001017011014
4 9.04357 020001001017011014 3413790.0 020005000017018014
4 3413790.0 020005000017018014 804034.0 020005002017018014
4 804034.0 020005002017018014 9.04357 020001001017011014
4 9.04357 020001001017011014 1358046.0 008005001017011010
4 1358046.0 008005001017011010 1148770.0 008005001007011010
4 1148770.0 008005001007011010 9.04357 020001001017011014
4 9.04357 020001001017011014 2729968.8857142855 020005000017020015
4 2729968.8857142855 020005000017020015 987937.0 020005000017020008
4 987937.0 020005000017020008 9.04357 020001001017011014
4 9.04357 020001001017011014 6139864.575 020005000017002014
4 6139864.575 020005000017002014 139.295 039005000017002014
4 139.295 039005000017002014 9.04357 020001001017011014
4 9.04357 020001001017011014 78.3188 008005001017020015
4 78.3188 008005001017020015 377176.36845 014005001017020015
4 377176.36845 014005001017020015 9.04357 020001001017011014
4 9.04357 020001001017011014 1998796.2415 014005001017020014
4 1998796.2415 014005001017020014 9177.78 014005001017005014
4 9177.78 014005001017005014 9.04357 020001001017011014
4 9.04357 020001001017011014 1670470.0 008005001017005015
4 1670470.0 008005001017005015 464055.0 008005001013005015
4 464055.0 008005001013005015 9.04357 020001001017011014
4 9.04357 020001001017011014 17456.1 020005001003002015
4 17456.1 020005001003002015 4108.2 020005001017002015
4 4108.2 020005001017002015 9.04357 020001001017011014
4 9.04357 020001001017011014 13510050.0 020005000017002015
4 13510050.0 020005000017002015 8043930.0 020000000017002015
4 8043930.0 020000000017002015 9.04357 020001001017011014
4 9.04357 020001001017011014 1580040.30375 008005000017020015
4 1580040.30375 008005000017020015 421.746 008005000017020013
4 421.746 008005000017020013 9.04357 020001001017011014
4 9.04357 020001001017011014 603931.362 020005001017020015
4 603931.362 020005001017020015 947325.7247 020005001023020015
4 947325.7247 020005001023020015 9.04357 020001001017011014
4 9.04357 020001001017011014 38486.5 014005001003011015
4 38486.5 014005001003011015 9.04357 020001001017011014
4 9.04357 020001001017011014 135274.3471 020005000017022010
4 135274.3471 020005000017022010 1580040.30375 008005000017020015
4 1580040.30375 008005000017020015 1580040.30375 008005000017020015
4 1580040.30375 008005000017020015 9.04357 020001001017011014
4 9.04357 020001001017011014 426518.0 008005001017022015
4 426518.0 008005001017022015 73678.1 008006001017022015
4 73678.1 008006001017022015 9.04357 020001001017011014
4 9.04357 020001001017011014 24737.9 020001001003002015
4 24737.9 020001001003002015 9103.76 020001001014002015
4 9103.76 020001001014002015 9.04357 020001001017011014
4 9.04357 020001001017011014 1358046.0 008005001017011010
4 1358046.0 008005001017011010 227357.0 008005001019011010
4 227357.0 008005001019011010 9.04357 020001001017011014
4 9.04357 020001001017011014 4143300.0 014005001017002010
4 4143300.0 014005001017002010 396145.0 014005001019002010
4 396145.0 014005001019002010 9.04357 020001001017011014
4 9.04357 020001001017011014 3023.36 020005000020002015
4 3023.36 020005000020002015 9.04357 020001001017011014
4 9.04357 020001001017011014 135274.3471 020005000017022010
4 135274.3471 020005000017022010 370108.836075 020005001017018015
4 370108.836075 020005001017018015 9.04357 020001001017011014
4 9.04357 020001001017011014 135274.3471 020005000017022010
4 135274.3471 020005000017022010 613923.13 020005001003011015
4 613923.13 020005001003011015 9.04357 020001001017011014
4 9.04357 020001001017011014 135274.3471 020005000017022010
4 135274.3471 020005000017022010 613923.13 020005001003011015
4 613923.13 020005001003011015 8615.75 020004001003011015
4 8615.75 020004001003011015 9.04357 020001001017011014
4 9.04357 020001001017011014 2279370.0 020005001017011010
4 2279370.0 020005001017011010 1330660.0 020005001017019010
4 1330660.0 020005001017019010 9.04357 020001001017011014
4 9.04357 020001001017011014 3548.19 008001001017020015
4 3548.19 008001001017020015 9.04357 020001001017011014
4 9.04357 020001001017011014 135274.3471 020005000017022010
4 135274.3471 020005000017022010 292424.97483333334 020005001017011014
4 292424.97483333334 020005001017011014 811272.48 020005001017011015
4 811272.48 020005001017011015 9.04357 020001001017011014
4 9.04357 020001001017011014 106.258 008005001003002015
4 106.258 008005001003002015 9.04357 020001001017011014
4 9.04357 020001001017011014 135274.3471 020005000017022010
4 135274.3471 020005000017022010 406477.465 008005001017002015
4 406477.465 008005001017002015 406477.465 008005001017002015
4 406477.465 008005001017002015 9.04357 020001001017011014
4 9.04357 020001001017011014 89.2237 020005001023011015
4 89.2237 020005001023011015 6829.25 007005001023011015
4 6829.25 007005001023011015 9.04357 020001001017011014
4 9.04357 020001001017011014 12861.5 014005000020018015
4 12861.5 014005000020018015 125.217 014005000003018015
4 125.217 014005000003018015 9.04357 020001001017011014
4 9.04357 020001001017011014 816029.5 020001001017020010
4 816029.5 020001001017020010 968754.0 005001001017020010
4 968754.0 005001001017020010 9.04357 020001001017011014
4 9.04357 020001001017011014 3427020.0 020001001023002015
4 3427020.0 020001001023002015 1168530.0 020001001023021015
4 1168530.0 020001001023021015 9.04357 020001001017011014
4 9.04357 020001001017011014 947325.7247 020005001023020015
4 947325.7247 020005001023020015 17952.2 020006001023020015
4 17952.2 020006001023020015 9.04357 020001001017011014
4 9.04357 020001001017011014 506737.0 008005001017011015
4 506737.0 008005001017011015 314279.0 008005001017011012
4 314279.0 008005001017011012 9.04357 020001001017011014
4 9.04357 020001001017011014 1580040.30375 008005000017020015
4 1580040.30375 008005000017020015 2336.26 008005000007020015
4 2336.26 008005000007020015 9.04357 020001001017011014
4 9.04357 020001001017011014 60.4645 014005000023002015
4 60.4645 014005000023002015 9.04357 020001001017011014
4 9.04357 020001001017011014 135274.3471 020005000017022010
4 135274.3471 020005000017022010 588451.0 020005001023002015
4 588451.0 020005001023002015 36492.4 020002001023002015
4 36492.4 020002001023002015 9.04357 020001001017011014
4 9.04357 020001001017011014 6139864.575 020005000017002014
4 6139864.575 020005000017002014 6139864.575 020005000017002014
4 6139864.575 020005000017002014 9.04357 020001001017011014
4 9.04357 020001001017011014 4108.2 020005001017002015
4 4108.2 020005001017002015 9.04357 020001001017011014
4 9.04357 020001001017011014 135274.3471 020005000017022010
4 135274.3471 020005000017022010 3122.99 008001001017002015
4 3122.99 008001001017002015 9.04357 020001001017011014
4 9.04357 020001001017011014 135274.3471 020005000017022010
4 135274.3471 020005000017022010 603931.362 020005001017020015
4 603931.362 020005001017020015 868351.0 020005001017009015
4 868351.0 020005001017009015 9.04357 020001001017011014
4 9.04357 020001001017011014 793609.0 014005001017018014
4 793609.0 014005001017018014 672227.0 010005001017018014
4 672227.0 010005001017018014 9.04357 020001001017011014
4 9.04357 020001001017011014 2802285.0 014001001017002015
4 2802285.0 014001001017002015 538496.0 014005001017002015
4 538496.0 014005001017002015 9.04357 020001001017011014
4 9.04357 020001001017011014 6139864.575 020005000017002014
4 6139864.575 020005000017002014 37673.6 020005002017002014
4 37673.6 020005002017002014 9.04357 020001001017011014
4 9.04357 020001001017011014 22204.9 020005001017018014
4 22204.9 020005001017018014 9.04357 020001001017011014
4 9.04357 020001001017011014 135274.3471 020005000017022010
4 135274.3471 020005000017022010 408288.035 020005001023020014
4 408288.035 020005001023020014 38.7516 002005001023020014
4 38.7516 002005001023020014 9.04357 020001001017011014
4 9.04357 020001001017011014 370108.836075 020005001017018015
4 370108.836075 020005001017018015 370108.836075 020005001017018015
4 370108.836075 020005001017018015 9.04357 020001001017011014
4 9.04357 020001001017011014 33995918.5065 014005000017002015
4 33995918.5065 014005000017002015 33995918.5065 014005000017002015
4 33995918.5065 014005000017002015 9.04357 020001001017011014
4 9.04357 020001001017011014 18526.1 020001000017002010
4 18526.1 020001000017002010 9.04357 020001001017011014
4 9.04357 020001001017011014 135274.3471 020005000017022010
4 135274.3471 020005000017022010 4108.2 020005001017002015
4 4108.2 020005001017002015 6881.28 020005001017002009
4 6881.28 020005001017002009 9.04357 020001001017011014
4 9.04357 020001001017011014 13510050.0 020005000017002015
4 13510050.0 020005000017002015 31219.6 020003000017002015
4 31219.6 020003000017002015 9.04357 020001001017011014
4 9.04357 020001001017011014 292424.97483333334 020005001017011014
4 292424.97483333334 020005001017011014 18408.5 031005001017011014
4 18408.5 031005001017011014 9.04357 020001001017011014
4 9.04357 020001001017011014 8620.6 031005001017011015
4 8620.6 031005001017011015 1283.23 031005001017004015
4 1283.23 031005001017004015 9.04357 020001001017011014
4 9.04357 020001001017011014 947325.7247 020005001023020015
4 947325.7247 020005001023020015 964400.0 020005001023020013
4 964400.0 020005001023020013 9.04357 020001001017011014
4 9.04357 020001001017011014 1505130.0 014005001017022010
4 1505130.0 014005001017022010 240056.0 014005000017022010
4 240056.0 014005000017022010 9.04357 020001001017011014
4 9.04357 020001001017011014 624564.0 002001001023020015
4 624564.0 002001001023020015 12099.2 002001001023020005
4 12099.2 002001001023020005 9.04357 020001001017011014
4 9.04357 020001001017011014 603931.362 020005001017020015
4 603931.362 020005001017020015 11480.8 020005001003020015
4 11480.8 020005001003020015 9.04357 020001001017011014
4 9.04357 020001001017011014 31093.6 020005001023022015
4 31093.6 020005001023022015 9.04357 020001001017011014
4 9.04357 020001001017011014 135274.3471 020005000017022010
4 135274.3471 020005000017022010 4331640.0 020005001017002014
4 4331640.0 020005001017002014 5579.16 020001001017002014
4 5579.16 020001001017002014 9.04357 020001001017011014
4 9.04357 020001001017011014 2802285.0 014001001017002015
4 2802285.0 014001001017002015 606569.0 014001001022002015
4 606569.0 014001001022002015 9.04357 020001001017011014
4 9.04357 020001001017011014 36305.9 020005001023011010
4 36305.9 020005001023011010 7517.6 020002001023011010
4 7517.6 020002001023011010 9.04357 020001001017011014
4 9.04357 020001001017011014 156526.56165 002005001017020015
4 156526.56165 002005001017020015 9.04357 020001001017011014
4 9.04357 020001001017011014 31093.6 020005001023022015
4 31093.6 020005001023022015 1236530.0 002001001023002014
4 1236530.0 002001001023002014 653535.0 002001001023002013
4 653535.0 002001001023002013 9.04357 020001001017011014
4 9.04357 020001001017011014 1382493.8656666668 020001001023022015
4 1382493.8656666668 020001001023022015 13275.1 006001001023022015
4 13275.1 006001001023022015 9.04357 020001001017011014
4 9.04357 020001001017011014 160763.81433333334 020005000017022014
4 160763.81433333334 020005000017022014 9.04357 020001001017011014
4 9.04357 020001001017011014 31093.6 020005001023022015
4 31093.6 020005001023022015 2729968.8857142855 020005000017020015
4 2729968.8857142855 020005000017020015 16023.6 013005000017020015
4 16023.6 013005000017020015 9.04357 020001001017011014
4 9.04357 020001001017011014 377176.36845 014005001017020015
4 377176.36845 014005001017020015 13624.1 014005001017016015
4 13624.1 014005001017016015 9.04357 020001001017011014
4 9.04357 020001001017011014 31093.6 020005001023022015
4 31093.6 020005001023022015 16746.0 020005001023016015
4 16746.0 020005001023016015 9.04357 020001001017011014
4 9.04357 020001001017011014 2927.3191 002005001017020014
4 2927.3191 002005001017020014 2927.3191 002005001017020014
4 2927.3191 002005001017020014 9.04357 020001001017011014
4 9.04357 020001001017011014 1829902.5 020001001017011015
4 1829902.5 020001001017011015 7482.53 020001001017011004
4 7482.53 020001001017011004 9.04357 020001001017011014
4 9.04357 020001001017011014 540964.5 014005001017022014
4 540964.5 014005001017022014 231874.0 037005001017022014
4 231874.0 037005001017022014 9.04357 020001001017011014
4 9.04357 020001001017011014 730574.66885 020005000023020015
4 730574.66885 020005000023020015 730574.66885 020005000023020015
4 730574.66885 020005000023020015 9.04357 020001001017011014
4 9.04357 020001001017011014 3016.58 020005001017020010
4 3016.58 020005001017020010 9.04357 020001001017011014
4 9.04357 020001001017011014 31093.6 020005001023022015
4 31093.6 020005001023022015 1998796.2415 014005001017020014
4 1998796.2415 014005001017020014 9.04357 020001001017011014
4 9.04357 020001001017011014 31093.6 020005001023022015
4 31093.6 020005001023022015 540964.5 014005001017022014
4 540964.5 014005001017022014 16252.6 014005002017022014
4 16252.6 014005002017022014 9.04357 020001001017011014
4 9.04357 020001001017011014 1461760.2625 020001001017022015
4 1461760.2625 020001001017022015 5897.43 022001001017022015
4 5897.43 022001001017022015 9.04357 020001001017011014
4 9.04357 020001001017011014 429471.6666666667 002001001017022015
4 429471.6666666667 002001001017022015 48.5191 002001001017022001
4 48.5191 002001001017022001 9.04357 020001001017011014
4 9.04357 020001001017011014 160763.81433333334 020005000017022014
4 160763.81433333334 020005000017022014 40.9447 020005000010022014
4 40.9447 020005000010022014 9.04357 020001001017011014
4 9.04357 020001001017011014 584767.6865 002005001017022014
4 584767.6865 002005001017022014 9.04357 020001001017011014
4 9.04357 020001001017011014 31093.6 020005001023022015
4 31093.6 020005001023022015 1552660.0 014005001023022015
4 1552660.0 014005001023022015 660325.0 032005001023022015
4 660325.0 032005001023022015 9.04357 020001001017011014
4 9.04357 020001001017011014 156526.56165 002005001017020015
4 156526.56165 002005001017020015 15644.9 024005001017020015
4 15644.9 024005001017020015 9.04357 020001001017011014
4 9.04357 020001001017011014 2792060.0 024005001010022014
4 2792060.0 024005001010022014 712.554 024005001011022014
4 712.554 024005001011022014 9.04357 020001001017011014
4 9.04357 020001001017011014 66.8306 020005001017020014
4 66.8306 020005001017020014 60.554 020005001025020014
4 60.554 020005001025020014 9.04357 020001001017011014
4 9.04357 020001001017011014 730574.66885 020005000023020015
4 730574.66885 020005000023020015 9.82538 023005000023020015
4 9.82538 023005000023020015 9.04357 020001001017011014
4 9.04357 020001001017011014 4052550.0 023001001023011014
4 4052550.0 023001001023011014 392451.0 023002001023011014
4 392451.0 023002001023011014 9.04357 020001001017011014
4 9.04357 020001001017011014 1905188.6533333333 020005001023022014
4 1905188.6533333333 020005001023022014 31093.6 020005001023022015
4 31093.6 020005001023022015 9.04357 020001001017011014
4 9.04357 020001001017011014 1440020.0 002005001017022015
4 1440020.0 002005001017022015 12687.4 002005001020022015
4 12687.4 002005001020022015 9.04357 020001001017011014
4 9.04357 020001001017011014 611794.0 002005000020020015
4 611794.0 002005000020020015 32.8901 002005000020016015
4 32.8901 002005000020016015 9.04357 020001001017011014
4 9.04357 020001001017011014 36.3504 002005000017022014
4 36.3504 002005000017022014 9.04357 020001001017011014
4 9.04357 020001001017011014 9.82538 023005000023020015
4 9.82538 023005000023020015 408288.035 020005001023020014
4 408288.035 020005001023020014 13422.8 020001001023020014
4 13422.8 020001001023020014 9.04357 020001001017011014
4 9.04357 020001001017011014 660938.0 020001001017022010
4 660938.0 020001001017022010 20204.1 020001001001022010
4 20204.1 020001001001022010 9.04357 020001001017011014
4 9.04357 020001001017011014 673297.3266666667 020005000017016015
4 673297.3266666667 020005000017016015 5398.15 020005000015016015
4 5398.15 020005000015016015 9.04357 020001001017011014
4 9.04357 020001001017011014 980024.0 002005000017011015
4 980024.0 002005000017011015 893710.0 002005001017011015
4 893710.0 002005001017011015 9.04357 020001001017011014
4 9.04357 020001001017011014 1363755.27 020005000020022015
4 1363755.27 020005000020022015 1344770.0 034005000020022015
4 1344770.0 034005000020022015 9.04357 020001001017011014
4 9.04357 020001001017011014 765114.0 002005001023011014
4 765114.0 002005001023011014 660201.0 002005001023003014
4 660201.0 002005001023003014 9.04357 020001001017011014
4 9.04357 020001001017011014 947325.7247 020005001023020015
4 947325.7247 020005001023020015 48863.7 020005001023020002
4 48863.7 020005001023020002 9.04357 020001001017011014
4 9.04357 020001001017011014 3308940.0 020001000017020014
4 3308940.0 020001000017020014 1460830.0 020001000016020014
4 1460830.0 020001000016020014 9.04357 020001001017011014
4 9.04357 020001001017011014 7669.82 023005001020020015
4 7669.82 023005001020020015 6895.64 023005000020020015
4 6895.64 023005000020020015 9.04357 020001001017011014
4 9.04357 020001001017011014 730574.66885 020005000023020015
4 730574.66885 020005000023020015 6556.79 020005000023020009
4 6556.79 020005000023020009 9.04357 020001001017011014
4 9.04357 020001001017011014 1864040.0 002005000023011015
4 1864040.0 002005000023011015 1515430.0 002005000023004015
4 1515430.0 002005000023004015 9.04357 020001001017011014
4 9.04357 020001001017011014 584767.6865 002005001017022014
4 584767.6865 002005001017022014 261562.0 002005001017022001
4 261562.0 002005001017022001 9.04357 020001001017011014
4 9.04357 020001001017011014 3224.7612 002005000017022015
4 3224.7612 002005000017022015 9.04357 020001001017011014
4 9.04357 020001001017011014 9.82538 023005000023020015
4 9.82538 023005000023020015 429471.6666666667 002001001017022015
4 429471.6666666667 002001001017022015 341207.0 002001001006022015
4 341207.0 002001001006022015 9.04357 020001001017011014
4 9.04357 020001001017011014 832776.7438916666 020005001017022015
4 832776.7438916666 020005001017022015 7878.47 020005001008022015
4 7878.47 020005001008022015 9.04357 020001001017011014
4 9.04357 020001001017011014 2729968.8857142855 020005000017020015
4 2729968.8857142855 020005000017020015 3210.42 020005000017020016
4 3210.42 020005000017020016 9.04357 020001001017011014
4 9.04357 020001001017011014 753.477 014005000017011010
4 753.477 014005000017011010 9.04357 020001001017011014
4 9.04357 020001001017011014 9.82538 023005000023020015
4 9.82538 023005000023020015 478829.0 002005000023022015
4 478829.0 002005000023022015 1983.38 039005000023022015
4 1983.38 039005000023022015 9.04357 020001001017011014
4 9.04357 020001001017011014 13740.9 020005000017020010
4 13740.9 020005000017020010 1164790.0 020005000024020010
4 1164790.0 020005000024020010 9.04357 020001001017011014
4 9.04357 020001001017011014 5471637.515 020001000017020015
4 5471637.515 020001000017020015 4734110.0 020002000017020015
4 4734110.0 020002000017020015 9.04357 020001001017011014
4 9.04357 020001001017011014 4936630.0 020001000023022010
4 4936630.0 020001000023022010 15634.2 020001000023023010
4 15634.2 020001000023023010 9.04357 020001001017011014
4 9.04357 020001001017011014 344321.0 002005001017016015
4 344321.0 002005001017016015 25900.4 002005001017017015
4 25900.4 002005001017017015 9.04357 020001001017011014
4 9.04357 020001001017011014 688739.0 014005000017022015
4 688739.0 014005000017022015 430.265 014005000017022016
4 430.265 014005000017022016 9.04357 020001001017011014
4 9.04357 020001001017011014 2032.05 014005000023022016
4 2032.05 014005000023022016 1933.01 014006000023022016
4 1933.01 014006000023022016 9.04357 020001001017011014
4 9.04357 020001001017011014 452439.0 023005001017020015
4 452439.0 023005001017020015 15318.3 023005001017017015
4 15318.3 023005001017017015 9.04357 020001001017011014
4 9.04357 020001001017011014 962399.0 002005000017017015
4 962399.0 002005000017017015 45764.6 002006000017017015
4 45764.6 002006000017017015 9.04357 020001001017011014
4 9.04357 020001001017011014 77416.6 002006000017020015
4 77416.6 002006000017020015 34532.1 002006000003020015
4 34532.1 002006000003020015 9.04357 020001001017011014
4 9.04357 020001001017011014 21380.7 002001000017022010
4 21380.7 002001000017022010 11379.9 002001000017014010
4 11379.9 002001000017014010 9.04357 020001001017011014
4 9.04357 020001001017011014 1032391.89378 020001001017020015
4 1032391.89378 020001001017020015 10.2065 020001001019020015
4 10.2065 020001001019020015 9.04357 020001001017011014
4 9.04357 020001001017011014 6471.195 020005000023016015
4 6471.195 020005000023016015 3385.12 020005000023025015
4 3385.12 020005000023025015 9.04357 020001001017011014
4 9.04357 020001001017011014 1461760.2625 020001001017022015
4 1461760.2625 020001001017022015 281085.0 020001001017022012
4 281085.0 020001001017022012 9.04357 020001001017011014
4 9.04357 020001001017011014 1382493.8656666668 020001001023022015
4 1382493.8656666668 020001001023022015 1053710.0 035001001023022015
4 1053710.0 035001001023022015 9.04357 020001001017011014
4 9.04357 020001001017011014 832776.7438916666 020005001017022015
4 832776.7438916666 020005001017022015 9.04357 020001001017011014
4 9.04357 020001001017011014 9.82538 023005000023020015
4 9.82538 023005000023020015 603931.362 020005001017020015
4 603931.362 020005001017020015 9.04357 020001001017011014
4 9.04357 020001001017011014 832776.7438916666 020005001017022015
4 832776.7438916666 020005001017022015 3217020.0 020005001019020015
4 3217020.0 020005001019020015 11675.2 020005000019020015
4 11675.2 020005000019020015 9.04357 020001001017011014
4 9.04357 020001001017011014 77.895 023001001019020014
4 77.895 023001001019020014 9.04357 020001001017011014
4 9.04357 020001001017011014 832776.7438916666 020005001017022015
4 832776.7438916666 020005001017022015 5778540.0 020005000017011015
4 5778540.0 020005000017011015 4104000.0 022005000017011015
4 4104000.0 022005000017011015 9.04357 020001001017011014
4 9.04357 020001001017011014 1131690.0 002001000017020015
4 1131690.0 002001000017020015 1092890.0 002004000017020015
4 1092890.0 002004000017020015 9.04357 020001001017011014
4 9.04357 020001001017011014 5471637.515 020001000017020015
4 5471637.515 020001000017020015 3253780.0 020001000017020006
4 3253780.0 020001000017020006 9.04357 020001001017011014
4 9.04357 020001001017011014 897916.0 002005000017011014
4 897916.0 002005000017011014 317793.0 002005000017011012
4 317793.0 002005000017011012 9.04357 020001001017011014
4 9.04357 020001001017011014 2729968.8857142855 020005000017020015
4 2729968.8857142855 020005000017020015 213.248 020005000017006015
4 213.248 020005000017006015 9.04357 020001001017011014
4 9.04357 020001001017011014 2729968.8857142855 020005000017020015
4 2729968.8857142855 020005000017020015 76.8352 024005000017020015
4 76.8352 024005000017020015 9.04357 020001001017011014
4 9.04357 020001001017011014 6793770.0 020001000017016015
4 6793770.0 020001000017016015 3595.12 002001000017016015
4 3595.12 002001000017016015 9.04357 020001001017011014
4 9.04357 020001001017011014 1247910.0 002005000019020015
4 1247910.0 002005000019020015 7010.58 002005000019020004
4 7010.58 002005000019020004 9.04357 020001001017011014
4 9.04357 020001001017011014 673297.3266666667 020005000017016015
4 673297.3266666667 020005000017016015 673297.3266666667 020005000017016015
4 673297.3266666667 020005000017016015 9.04357 020001001017011014
4 9.04357 020001001017011014 1461760.2625 020001001017022015
4 1461760.2625 020001001017022015 865732.0 020003001017022015
4 865732.0 020003001017022015 9.04357 020001001017011014
4 9.04357 020001001017011014 2785277.306 020005000017022015
4 2785277.306 020005000017022015 3218.82 020005000002022015
4 3218.82 020005000002022015 9.04357 020001001017011014
4 9.04357 020001001017011014 1453490.0 020001000023016010
4 1453490.0 020001000023016010 34.7932 020001000005016010
4 34.7932 020001000005016010 9.04357 020001001017011014
4 9.04357 020001001017011014 811272.48 020005001017011015
4 811272.48 020005001017011015 637868.0 020005001017004015
4 637868.0 020005001017004015 9.04357 020001001017011014
4 9.04357 020001001017011014 2785277.306 020005000017022015
4 2785277.306 020005000017022015 1670030.59 020006000017022015
4 1670030.59 020006000017022015 9.04357 020001001017011014
4 9.04357 020001001017011014 27201.1 023006000017020014
4 27201.1 023006000017020014 9.04357 020001001017011014
4 9.04357 020001001017011014 832776.7438916666 020005001017022015
4 832776.7438916666 020005001017022015 1152281.5 023005001017020014
4 1152281.5 023005001017020014 5372.26 023005001017002014
4 5372.26 023005001017002014 9.04357 020001001017011014
4 9.04357 020001001017011014 1403260.0 020005001020020014
4 1403260.0 020005001020020014 895898.0 020005001012020014
4 895898.0 020005001012020014 9.04357 020001001017011014
4 9.04357 020001001017011014 2729968.8857142855 020005000017020015
4 2729968.8857142855 020005000017020015 13740.9 020005000017020010
4 13740.9 020005000017020010 9.04357 020001001017011014
4 9.04357 020001001017011014 2937120.0 023005001023020015
4 2937120.0 023005001023020015 1598750.0 004005001023020015
4 1598750.0 004005001023020015 9.04357 020001001017011014
4 9.04357 020001001017011014 2640150.0 020001001019022015
4 2640150.0 020001001019022015 529363.0 020001002019022015
4 529363.0 020001002019022015 9.04357 020001001017011014
4 9.04357 020001001017011014 1905188.6533333333 020005001023022014
4 1905188.6533333333 020005001023022014 564928.0 020005001024022014
4 564928.0 020005001024022014 9.04357 020001001017011014
4 9.04357 020001001017011014 135274.3471 020005000017022010
4 135274.3471 020005000017022010 8544.2435 020005000017022004
4 8544.2435 020005000017022004 9.04357 020001001017011014
4 9.04357 020001001017011014 4974330.0 020001000017020004
4 4974330.0 020001000017020004 25757.6 020006000017020004
4 25757.6 020006000017020004 9.04357 020001001017011014
4 9.04357 020001001017011014 832776.7438916666 020005001017022015
4 832776.7438916666 020005001017022015 2785277.306 020005000017022015
4 2785277.306 020005000017022015 9.04357 020001001017011014
4 9.04357 020001001017011014 6471.195 020005000023016015
4 6471.195 020005000023016015 4144102.41 020001000023016015
4 4144102.41 020001000023016015 9.04357 020001001017011014
4 9.04357 020001001017011014 2305110.0 020001000017022014
4 2305110.0 020001000017022014 1244100.0 020001000017022002
4 1244100.0 020001000017022002 9.04357 020001001017011014
4 9.04357 020001001017011014 386960.02 020005001017016014
4 386960.02 020005001017016014 386960.02 020005001017016014
4 386960.02 020005001017016014 9.04357 020001001017011014
4 9.04357 020001001017011014 429471.6666666667 002001001017022015
4 429471.6666666667 002001001017022015 239417.0 002001001017022012
4 239417.0 002001001017022012 9.04357 020001001017011014
4 9.04357 020001001017011014 1363755.27 020005000020022015
4 1363755.27 020005000020022015 33.2465 032005000020022015
4 33.2465 032005000020022015 9.04357 020001001017011014
4 9.04357 020001001017011014 1247633.3 020005001020022015
4 1247633.3 020005001020022015 1075340.0 022005001020022015
4 1075340.0 022005001020022015 9.04357 020001001017011014
4 9.04357 020001001017011014 2956036.624266667 020001000023020015
4 2956036.624266667 020001000023020015 3325820.0 020001000023005015
4 3325820.0 020001000023005015 9.04357 020001001017011014
4 9.04357 020001001017011014 2729968.8857142855 020005000017020015
4 2729968.8857142855 020005000017020015 8400.42 020005000017020005
4 8400.42 020005000017020005 9.04357 020001001017011014
4 9.04357 020001001017011014 48269900.0 032001000017022015
4 48269900.0 032001000017022015 9328510.0 032001000017024015
4 9328510.0 032001000017024015 9.04357 020001001017011014
4 9.04357 020001001017011014 947325.7247 020005001023020015
4 947325.7247 020005001023020015 9.04357 020001001017011014
4 9.04357 020001001017011014 832776.7438916666 020005001017022015
4 832776.7438916666 020005001017022015 839235.729775 020001000017022015
4 839235.729775 020001000017022015 2679780.0 020001000018022015
4 2679780.0 020001000018022015 9.04357 020001001017011014
4 9.04357 020001001017011014 31093.6 020005001023022015
4 31093.6 020005001023022015 58758.7 020005001023010015
4 58758.7 020005001023010015 9.04357 020001001017011014
4 9.04357 020001001017011014 3934090.0 023001001017020014
4 3934090.0 023001001017020014 2673110.0 023001001022020014
4 2673110.0 023001001022020014 9.04357 020001001017011014
4 9.04357 020001001017011014 1247910.0 002005000019020015
4 1247910.0 002005000019020015 1795.65 002005000008020015
4 1795.65 002005000008020015 9.04357 020001001017011014
4 9.04357 020001001017011014 368081.0 032005001020020015
4 368081.0 032005001020020015 50609.6 032005002020020015
4 50609.6 032005002020020015 9.04357 020001001017011014
4 9.04357 020001001017011014 1905188.6533333333 020005001023022014
4 1905188.6533333333 020005001023022014 9.04357 020001001017011014
4 9.04357 020001001017011014 832776.7438916666 020005001017022015
4 832776.7438916666 020005001017022015 832776.7438916666 020005001017022015
4 832776.7438916666 020005001017022015 804246.0 001005001017022015
4 804246.0 001005001017022015 9.04357 020001001017011014
4 9.04357 020001001017011014 3224.7612 002005000017022015
4 3224.7612 002005000017022015 681.597 038005000017022015
4 681.597 038005000017022015 9.04357 020001001017011014
4 9.04357 020001001017011014 832776.7438916666 020005001017022015
4 832776.7438916666 020005001017022015 12867.7 020005001017017015
4 12867.7 020005001017017015 9.04357 020001001017011014
4 9.04357 020001001017011014 3227260.0 020005001020016015
4 3227260.0 020005001020016015 926731.0 020004001020016015
4 926731.0 020004001020016015 9.04357 020001001017011014
4 9.04357 020001001017011014 10387.3 020004001023020015
4 10387.3 020004001023020015 9.04357 020001001017011014
4 9.04357 020001001017011014 832776.7438916666 020005001017022015
4 832776.7438916666 020005001017022015 1382493.8656666668 020001001023022015
4 1382493.8656666668 020001001023022015 13275.1 006001001023022015
4 13275.1 006001001023022015 9.04357 020001001017011014
4 9.04357 020001001017011014 6310200.993466667 020001000023022015
4 6310200.993466667 020001000023022015 12741.2 020001000023008015
4 12741.2 020001000023008015 9.04357 020001001017011014
4 9.04357 020001001017011014 1382493.8656666668 020001001023022015
4 1382493.8656666668 020001001023022015 57.1863 020001001023023015
4 57.1863 020001001023023015 9.04357 020001001017011014
4 9.04357 020001001017011014 2851430.0 023005001019022015
4 2851430.0 023005001019022015 748223.0 023005000019022015
4 748223.0 023005000019022015 9.04357 020001001017011014
4 9.04357 020001001017011014 6310200.993466667 020001000023022015
4 6310200.993466667 020001000023022015 9.04357 020001001017011014
4 9.04357 020001001017011014 832776.7438916666 020005001017022015
4 832776.7438916666 020005001017022015 884878.0 032005000023022015
4 884878.0 032005000023022015 526.582 019005000023022015
4 526.582 019005000023022015 9.04357 020001001017011014
4 9.04357 020001001017011014 2956036.624266667 020001000023020015
4 2956036.624266667 020001000023020015 9.04357 020001001017011014
4 9.04357 020001001017011014 832776.7438916666 020005001017022015
4 832776.7438916666 020005001017022015 460750.0 020005001020020015
4 460750.0 020005001020020015 14494.4 020005001020007015
4 14494.4 020005001020007015 9.04357 020001001017011014
4 9.04357 020001001017011014 618150.0 020005000020020015
4 618150.0 020005000020020015 13996.1 020002000020020015
4 13996.1 020002000020020015 9.04357 020001001017011014
4 9.04357 020001001017011014 1829902.5 020001001017011015
4 1829902.5 020001001017011015 5202.48 020001001017011000
4 5202.48 020001001017011000 9.04357 020001001017011014
4 9.04357 020001001017011014 1032391.89378 020001001017020015
4 1032391.89378 020001001017020015 60.2104 020001001008020015
4 60.2104 020001001008020015 9.04357 020001001017011014
4 9.04357 020001001017011014 1247633.3 020005001020022015
4 1247633.3 020005001020022015 13575.6 020004001020022015
4 13575.6 020004001020022015 9.04357 020001001017011014
4 9.04357 020001001017011014 1630160.0 020001001019016015
4 1630160.0 020001001019016015 20547.5 020001001004016015
4 20547.5 020001001004016015 9.04357 020001001017011014
4 9.04357 020001001017011014 839235.729775 020001000017022015
4 839235.729775 020001000017022015 1670030.59 020006000017022015
4 1670030.59 020006000017022015 9.04357 020001001017011014
4 9.04357 020001001017011014 3419100.0 020001000023011015
4 3419100.0 020001000023011015 460486.85 020001001023011015
4 460486.85 020001001023011015 9.04357 020001001017011014
4 9.04357 020001001017011014 4475.87 020005000019011015
4 4475.87 020005000019011015 2213.16 020002000019011015
4 2213.16 020002000019011015 9.04357 020001001017011014
4 9.04357 020001001017011014 4144102.41 020001000023016015
4 4144102.41 020001000023016015 1222.34 003001000023016015
4 1222.34 003001000023016015 9.04357 020001001017011014
4 9.04357 020001001017011014 5471637.515 020001000017020015
4 5471637.515 020001000017020015 3063.31 019001000017020015
4 3063.31 019001000017020015 9.04357 020001001017011014
4 9.04357 020001001017011014 4683480.0 020001001023022014
4 4683480.0 020001001023022014 21025.1 020006001023022014
4 21025.1 020006001023022014 9.04357 020001001017011014
4 9.04357 020001001017011014 1829902.5 020001001017011015
4 1829902.5 020001001017011015 751711.0 020001002017011015
4 751711.0 020001002017011015 9.04357 020001001017011014
4 9.04357 020001001017011014 603931.362 020005001017020015
4 603931.362 020005001017020015 347.669 027005001017020015
4 347.669 027005001017020015 9.04357 020001001017011014
4 9.04357 020001001017011014 4964.63655 027005000017020015
4 4964.63655 027005000017020015 4964.63655 027005000017020015
4 4964.63655 027005000017020015 9.04357 020001001017011014
4 9.04357 020001001017011014 1461760.2625 020001001017022015
4 1461760.2625 020001001017022015 8307.89 020001001017022007
4 8307.89 020001001017022007 9.04357 020001001017011014
4 9.04357 020001001017011014 6310200.993466667 020001000023022015
4 6310200.993466667 020001000023022015 1133510.0 020004000023022015
4 1133510.0 020004000023022015 9.04357 020001001017011014
4 9.04357 020001001017011014 1303336.8375 020001001023020015
4 1303336.8375 020001001023020015 553064.0 008001001023020015
4 553064.0 008001001023020015 9.04357 020001001017011014
4 9.04357 020001001017011014 961492.0 023001001017022015
4 961492.0 023001001017022015 20464.0 023001002017022015
4 20464.0 023001002017022015 9.04357 020001001017011014
4 9.04357 020001001017011014 1152281.5 023005001017020014
4 1152281.5 023005001017020014 23758.8 023005001017020017
4 23758.8 023005001017020017 9.04357 020001001017011014
4 9.04357 020001001017011014 31093.6 020005001023022015
4 31093.6 020005001023022015 153.745 022005001023022015
4 153.745 022005001023022015 9.04357 020001001017011014
4 9.04357 020001001017011014 839235.729775 020001000017022015
4 839235.729775 020001000017022015 839235.729775 020001000017022015
4 839235.729775 020001000017022015 9.04357 020001001017011014
4 9.04357 020001001017011014 1829902.5 020001001017011015
4 1829902.5 020001001017011015 829707.0 020001001017013015
4 829707.0 020001001017013015 9.04357 020001001017011014
4 9.04357 020001001017011014 31093.6 020005001023022015
4 31093.6 020005001023022015 818185.0 018005001023022015
4 818185.0 018005001023022015 9.04357 020001001017011014
4 9.04357 020001001017011014 3013140.0 023001001023020014
4 3013140.0 023001001023020014 2010390.0 023001001023020008
4 2010390.0 023001001023020008 9.04357 020001001017011014
4 9.04357 020001001017011014 4459.67 027001001017020014
4 4459.67 027001001017020014 120.688 008001001017020014
4 120.688 008001001017020014 9.04357 020001001017011014
4 9.04357 020001001017011014 160763.81433333334 020005000017022014
4 160763.81433333334 020005000017022014 8544.2435 020005000017022004
4 8544.2435 020005000017022004 9.04357 020001001017011014
4 9.04357 020001001017011014 2785277.306 020005000017022015
4 2785277.306 020005000017022015 2785277.306 020005000017022015
4 2785277.306 020005000017022015 9.04357 020001001017011014
4 9.04357 020001001017011014 1382493.8656666668 020001001023022015
4 1382493.8656666668 020001001023022015 968.501 033001001023022015
4 968.501 033001001023022015 9.04357 020001001017011014
4 9.04357 020001001017011014 55.3699 020005000023022015
4 55.3699 020005000023022015 9.04357 020001001017011014
4 9.04357 020001001017011014 832776.7438916666 020005001017022015
4 832776.7438916666 020005001017022015 5778540.0 020005000017011015
4 5778540.0 020005000017011015 4475.87 020005000019011015
4 4475.87 020005000019011015 9.04357 020001001017011014
4 9.04357 020001001017011014 843545.0 020005001019022015
4 843545.0 020005001019022015 629308.0 020005001010022015
4 629308.0 020005001010022015 9.04357 020001001017011014
4 9.04357 020001001017011014 1032391.89378 020001001017020015
4 1032391.89378 020001001017020015 1032391.89378 020001001017020015
4 1032391.89378 020001001017020015 9.04357 020001001017011014
4 9.04357 020001001017011014 935378.0 023005001019020015
4 935378.0 023005001019020015 1205820.0 023005002019020015
4 1205820.0 023005002019020015 9.04357 020001001017011014
4 9.04357 020001001017011014 947325.7247 020005001023020015
4 947325.7247 020005001023020015 89.2237 020005001023011015
4 89.2237 020005001023011015 9.04357 020001001017011014
4 9.04357 020001001017011014 1382493.8656666668 020001001023022015
4 1382493.8656666668 020001001023022015 99.6051 020003001023022015
4 99.6051 020003001023022015 9.04357 020001001017011014
4 9.04357 020001001017011014 832776.7438916666 020005001017022015
4 832776.7438916666 020005001017022015 41480.5 020005001017022017
4 41480.5 020005001017022017 9.04357 020001001017011014
4 9.04357 020001001017011014 935378.0 023005001019020015
4 935378.0 023005001019020015 16612.0 023005001003020015
4 16612.0 023005001003020015 9.04357 020001001017011014
4 9.04357 020001001017011014 5471637.515 020001000017020015
4 5471637.515 020001000017020015 211.046 020001000017004015
4 211.046 020001000017004015 9.04357 020001001017011014
4 9.04357 020001001017011014 6915.63 020001001019004015
4 6915.63 020001001019004015 310.456 020000001019004015
4 310.456 020000001019004015 9.04357 020001001017011014
4 9.04357 020001001017011014 1032391.89378 020001001017020015
4 1032391.89378 020001001017020015 9.04357 020001001017011014
4 9.04357 020001001017011014 832776.7438916666 020005001017022015
4 832776.7438916666 020005001017022015 61.4997 023000001017020015
4 61.4997 023000001017020015 9.04357 020001001017011014
4 9.04357 020001001017011014 832776.7438916666 020005001017022015
4 832776.7438916666 020005001017022015 2956036.624266667 020001000023020015
4 2956036.624266667 020001000023020015 3607.26 020001000008020015
4 3607.26 020001000008020015 9.04357 020001001017011014
4 9.04357 020001001017011014 2399215.0 023005000017022015
4 2399215.0 023005000017022015 2399215.0 023005000017022015
4 2399215.0 023005000017022015 9.04357 020001001017011014
4 9.04357 020001001017011014 1596880.0 027005000017022015
4 1596880.0 027005000017022015 639191.0 027005000024022015
4 639191.0 027005000024022015 9.04357 020001001017011014
4 9.04357 020001001017011014 947325.7247 020005001023020015
4 947325.7247 020005001023020015 408288.035 020005001023020014
4 408288.035 020005001023020014 9.04357 020001001017011014
4 9.04357 020001001017011014 1878390.0 020005000023020014
4 1878390.0 020005000023020014 66.3503 020005000023023014
4 66.3503 020005000023023014 9.04357 020001001017011014
4 9.04357 020001001017011014 1303336.8375 020001001023020015
4 1303336.8375 020001001023020015 9.04357 020001001017011014
4 9.04357 020001001017011014 832776.7438916666 020005001017022015
4 832776.7438916666 020005001017022015 292424.97483333334 020005001017011014
4 292424.97483333334 020005001017011014 292424.97483333334 020005001017011014
4 292424.97483333334 020005001017011014 9.04357 020001001017011014
4 9.04357 020001001017011014 408288.035 020005001023020014
4 408288.035 020005001023020014 44.9711 020005001023011014
4 44.9711 020005001023011014 9.04357 020001001017011014
4 9.04357 020001001017011014 460486.85 020001001023011015
4 460486.85 020001001023011015 9.04357 020001001017011014
4 9.04357 020001001017011014 832776.7438916666 020005001017022015
4 832776.7438916666 020005001017022015 2801760.0 020005000017011014
4 2801760.0 020005000017011014 292424.97483333334 020005001017011014
4 292424.97483333334 020005001017011014 9.04357 020001001017011014
5 9.04357 020001001017011014 339998000.0 016006002005005007
5 339998000.0 016006002005005007 131932.0 016006002013005007
5 131932.0 016006002013005007 11862.1 012002000005012007
5 11862.1 012002000005012007 68382000.0 012006000002012018
5 68382000.0 012006000002012018 19067500.0 012001000002012018
5 19067500.0 012001000002012018 11862.1 012002000005012007
5 11862.1 012002000005012007 12413100.0 012003001002020007
5 12413100.0 012003001002020007 6702.18 012003001002022007
5 6702.18 012003001002022007 11862.1 012002000005012007
5 11862.1 012002000005012007 900151.0 001002002013022007
5 900151.0 001002002013022007 178292.0 001002000013022007
5 178292.0 001002000013022007 6702.18 012003001002022007
5 6702.18 012003001002022007 524188.0 001003002005012007
5 524188.0 001003002005012007 19093.6 013003002005012007
5 19093.6 013003002005012007 6702.18 012003001002022007
5 6702.18 012003001002022007 8945760000.0 016002000002005007
5 8945760000.0 016002000002005007 20239.4 016002002002005007
5 20239.4 016002002002005007 6702.18 012003001002022007
5 6702.18 012003001002022007 9754.53 016002002013005007
5 9754.53 016002002013005007 8200.5 016002002013001007
5 8200.5 016002002013001007 6702.18 012003001002022007
5 6702.18 012003001002022007 6930940.0 012001002013005007
5 6930940.0 012001002013005007 8952.13 012001000013005007
5 8952.13 012001000013005007 6702.18 012003001002022007
5 6702.18 012003001002022007 120261000.0 031003002005005007
5 120261000.0 031003002005005007 90049.1 031003002005000007
5 90049.1 031003002005000007 6702.18 012003001002022007
5 6702.18 012003001002022007 26737300.0 023003002013022007
5 26737300.0 023003002013022007 12635.3 023000002013022007
5 12635.3 023000002013022007 6702.18 012003001002022007
5 6702.18 012003001002022007 68194100.0 016003002013022005
5 68194100.0 016003002013022005 1935770.0 016000002013022005
5 1935770.0 016000002013022005 6702.18 012003001002022007
5 6702.18 012003001002022007 1578400.0 023002000002017007
5 1578400.0 023002000002017007 6702.18 012003001002022007
5 6702.18 012003001002022007 8200.5 016002002013001007
5 8200.5 016002002013001007 763.752 012002000005022007
5 763.752 012002000005022007 1603667.8636230768 012002000005022013
5 1603667.8636230768 012002000005022013 6702.18 012003001002022007
5 6702.18 012003001002022007 16117.7 016002001013005007
5 16117.7 016002001013005007 1603667.8636230768 012002000005022013
5 1603667.8636230768 012002000005022013 763.752 012002000005022007
5 763.752 012002000005022007 3330760.0 016002000005022013
5 3330760.0 016002000005022013 5502.78 003002000005022013
5 5502.78 003002000005022013 1603667.8636230768 012002000005022013
5 1603667.8636230768 012002000005022013 1603667.8636230768 012002000005022013
5 1603667.8636230768 012002000005022013 25388.9 012002000005007013
5 25388.9 012002000005007013 1603667.8636230768 012002000005022013
5 1603667.8636230768 012002000005022013 9913440.0 012002000005005013
5 9913440.0 012002000005005013 9913440.0 012002000005005013
5 9913440.0 012002000005005013 1603667.8636230768 012002000005022013
5 1603667.8636230768 012002000005022013 2146700.0 012002000013022013
5 2146700.0 012002000013022013 95.7664 012002000003022013
5 95.7664 012002000003022013 1603667.8636230768 012002000005022013
5 1603667.8636230768 012002000005022013 10114.5 016002000002005013
5 10114.5 016002000002005013 1603667.8636230768 012002000005022013
5 1603667.8636230768 012002000005022013 95.7664 012002000003022013
5 95.7664 012002000003022013 478836.075 012002002005022013
5 478836.075 012002002005022013 1603667.8636230768 012002000005022013
5 1603667.8636230768 012002000005022013 1603667.8636230768 012002000005022013
5 1603667.8636230768 012002000005022013 4542.3 016002001013022013
5 4542.3 016002001013022013 1603667.8636230768 012002000005022013
5 1603667.8636230768 012002000005022013 1603667.8636230768 012002000005022013
5 1603667.8636230768 012002000005022013 763.752 012002000005022007
5 763.752 012002000005022007 4055.51 012002000005022000
5 4055.51 012002000005022000 1603667.8636230768 012002000005022013
5 1603667.8636230768 012002000005022013 1557542.3764153847 012002001005022013
5 1557542.3764153847 012002001005022013 1562348.1075 012002001012022013
5 1562348.1075 012002001012022013 1603667.8636230768 012002000005022013
5 1603667.8636230768 012002000005022013 1603667.8636230768 012002000005022013
5 1603667.8636230768 012002000005022013 6985.28 012002000005022012
5 6985.28 012002000005022012 1603667.8636230768 012002000005022013
5 1603667.8636230768 012002000005022013 1603667.8636230768 012002000005022013
5 1603667.8636230768 012002000005022013 13293.0 012002000005015013
5 13293.0 012002000005015013 1603667.8636230768 012002000005022013
5 1603667.8636230768 012002000005022013 1562348.1075 012002001012022013
5 1562348.1075 012002001012022013 23069.0 016002001012022013
5 23069.0 016002001012022013 1603667.8636230768 012002000005022013
5 1603667.8636230768 012002000005022013 27259.3 016002000012022000
5 27259.3 016002000012022000 846.028 001002000012022000
5 846.028 001002000012022000 1603667.8636230768 012002000005022013
5 1603667.8636230768 012002000005022013 1557542.3764153847 012002001005022013
5 1557542.3764153847 012002001005022013 60034.8 012002001005014013
5 60034.8 012002001005014013 1603667.8636230768 012002000005022013
5 1603667.8636230768 012002000005022013 16572900.0 012002001005022000
5 16572900.0 012002001005022000 4055.51 012002000005022000
5 4055.51 012002000005022000 1603667.8636230768 012002000005022013
5 1603667.8636230768 012002000005022013 859904.0 003002001012022013
5 859904.0 003002001012022013 1535.26 003002001012018013
5 1535.26 003002001012018013 1603667.8636230768 012002000005022013
5 1603667.8636230768 012002000005022013 9535.97 012002001005022007
5 9535.97 012002001005022007 1958144.7711777778 012002001005022018
5 1958144.7711777778 012002001005022018 1603667.8636230768 012002000005022013
5 1603667.8636230768 012002000005022013 33287.2 012002000012022018
5 33287.2 012002000012022018 7772000.0 012002000012007018
5 7772000.0 012002000012007018 1958144.7711777778 012002001005022018
5 1958144.7711777778 012002001005022018 316733.0 001002001003022013
5 316733.0 001002001003022013 1568.54 001002001003022000
5 1568.54 001002001003022000 1958144.7711777778 012002001005022018
5 1958144.7711777778 012002001005022018 4055.51 012002000005022000
5 4055.51 012002000005022000 2126720.0 012004000005022000
5 2126720.0 012004000005022000 1958144.7711777778 012002001005022018
5 1958144.7711777778 012002001005022018 4055.51 012002000005022000
5 4055.51 012002000005022000 6451190.0 012002000018022000
5 6451190.0 012002000018022000 1958144.7711777778 012002001005022018
5 1958144.7711777778 012002001005022018 93.2108 012002000012022013
5 93.2108 012002000012022013 910541.8673846154 012002000024022013
5 910541.8673846154 012002000024022013 1958144.7711777778 012002001005022018
5 1958144.7711777778 012002001005022018 93.2108 012002000012022013
5 93.2108 012002000012022013 141.3288 012001000012022013
5 141.3288 012001000012022013 1958144.7711777778 012002001005022018
5 1958144.7711777778 012002001005022018 33287.2 012002000012022018
5 33287.2 012002000012022018 33287.2 012002000012022018
5 33287.2 012002000012022018 1958144.7711777778 012002001005022018
5 1958144.7711777778 012002001005022018 1678250.0 001002000012022013
5 1678250.0 001002000012022013 1034558.5998 005002000012022013
5 1034558.5998 005002000012022013 1958144.7711777778 012002001005022018
5 1958144.7711777778 012002001005022018 1603667.8636230768 012002000005022013
5 1603667.8636230768 012002000005022013 1958144.7711777778 012002001005022018
5 1958144.7711777778 012002001005022018 1034558.5998 005002000012022013
5 1034558.5998 005002000012022013 1562348.1075 012002001012022013
5 1562348.1075 012002001012022013 505.063 012002001006022013
5 505.063 012002001006022013 1958144.7711777778 012002001005022018
5 1958144.7711777778 012002001005022018 1034558.5998 005002000012022013
5 1034558.5998 005002000012022013 2041720.0 005002000012022003
5 2041720.0 005002000012022003 1958144.7711777778 012002001005022018
5 1958144.7711777778 012002001005022018 93.2108 012002000012022013
5 93.2108 012002000012022013 1562348.1075 012002001012022013
5 1562348.1075 012002001012022013 1958144.7711777778 012002001005022018
5 1958144.7711777778 012002001005022018 93.2108 012002000012022013
5 93.2108 012002000012022013 93.2108 012002000012022013
5 93.2108 012002000012022013 1958144.7711777778 012002001005022018
5 1958144.7711777778 012002001005022018 93.2108 012002000012022013
5 93.2108 012002000012022013 111.149 012002000019022013
5 111.149 012002000019022013 1958144.7711777778 012002001005022018
5 1958144.7711777778 012002001005022018 17376.1 012002001003022013
5 17376.1 012002001003022013 23804.3 012002001003022007
5 23804.3 012002001003022007 1958144.7711777778 012002001005022018
5 1958144.7711777778 012002001005022018 1603667.8636230768 012002000005022013
5 1603667.8636230768 012002000005022013 1958144.7711777778 012002001005022018
5 1958144.7711777778 012002001005022018 1034558.5998 005002000012022013
5 1034558.5998 005002000012022013 789436.0 012002001003022018
5 789436.0 012002001003022018 8745.22 012002001018022018
5 8745.22 012002001018022018 1958144.7711777778 012002001005022018
5 1958144.7711777778 012002001005022018 910541.8673846154 012002000024022013
5 910541.8673846154 012002000024022013 11120.7 009002000024022013
5 11120.7 009002000024022013 1958144.7711777778 012002001005022018
5 1958144.7711777778 012002001005022018 910541.8673846154 012002000024022013
5 910541.8673846154 012002000024022013 24220.7 012002000024022008
5 24220.7 012002000024022008 1958144.7711777778 012002001005022018
5 1958144.7711777778 012002001005022018 1603667.8636230768 012002000005022013
5 1603667.8636230768 012002000005022013 1185216.8133333332 012005000005022013
5 1185216.8133333332 012005000005022013 1958144.7711777778 012002001005022018
5 1958144.7711777778 012002001005022018 1603667.8636230768 012002000005022013
5 1603667.8636230768 012002000005022013 4055.51 012002000005022000
5 4055.51 012002000005022000 1958144.7711777778 012002001005022018
5 1958144.7711777778 012002001005022018 1603667.8636230768 012002000005022013
5 1603667.8636230768 012002000005022013 47.1285 012002000005022008
5 47.1285 012002000005022008 1958144.7711777778 012002001005022018
5 1958144.7711777778 012002001005022018 1603667.8636230768 012002000005022013
5 1603667.8636230768 012002000005022013 2872.98 037002000005022013
5 2872.98 037002000005022013 47.1285 012002000005022008
5 47.1285 012002000005022008 63811012.49541666 012002000005022018
5 63811012.49541666 012002000005022018 74.6257 012002000005022005
5 74.6257 012002000005022005 47.1285 012002000005022008
5 47.1285 012002000005022008 63811012.49541666 012002000005022018
5 63811012.49541666 012002000005022018 1266.94 012002000005020018
5 1266.94 012002000005020018 47.1285 012002000005022008
5 47.1285 012002000005022008 3040500.0 012002001005022008
5 3040500.0 012002001005022008 12794.6 012000001005022008
5 12794.6 012000001005022008 47.1285 012002000005022008
5 47.1285 012002000005022008 27616838.89 005002000005022018
5 27616838.89 005002000005022018 102.607 005002000024022018
5 102.607 005002000024022018 47.1285 012002000005022008
5 47.1285 012002000005022008 1603667.8636230768 012002000005022013
5 1603667.8636230768 012002000005022013 1603667.8636230768 012002000005022013
5 1603667.8636230768 012002000005022013 47.1285 012002000005022008
5 47.1285 012002000005022008 1603667.8636230768 012002000005022013
5 1603667.8636230768 012002000005022013 605534.0 009002000005022013
5 605534.0 009002000005022013 47.1285 012002000005022008
5 47.1285 012002000005022008 1603667.8636230768 012002000005022013
5 1603667.8636230768 012002000005022013 47.1285 012002000005022008
5 47.1285 012002000005022008 1958144.7711777778 012002001005022018
5 1958144.7711777778 012002001005022018 63811012.49541666 012002000005022018
5 63811012.49541666 012002000005022018 19703.2 012002002005022018
5 19703.2 012002002005022018 47.1285 012002000005022008
5 47.1285 012002000005022008 1562348.1075 012002001012022013
5 1562348.1075 012002001012022013 6145.2 012002001012022000
5 6145.2 012002001012022000 47.1285 012002000005022008
5 47.1285 012002000005022008 1603667.8636230768 012002000005022013
5 1603667.8636230768 012002000005022013 47.1285 012002000005022008
5 47.1285 012002000005022008 1958144.7711777778 012002001005022018
5 1958144.7711777778 012002001005022018 1603667.8636230768 012002000005022013
5 1603667.8636230768 012002000005022013 1603667.8636230768 012002000005022013
5 1603667.8636230768 012002000005022013 47.1285 012002000005022008
5 47.1285 012002000005022008 1603667.8636230768 012002000005022013
5 1603667.8636230768 012002000005022013 320869.13 012001000005022013
5 320869.13 012001000005022013 47.1285 012002000005022008
5 47.1285 012002000005022008 20393444.039333332 012002000024022018
5 20393444.039333332 012002000024022018 52.4095 012005000024022018
5 52.4095 012005000024022018 47.1285 012002000005022008
5 47.1285 012002000005022008 63811012.49541666 012002000005022018
5 63811012.49541666 012002000005022018 63811012.49541666 012002000005022018
5 63811012.49541666 012002000005022018 47.1285 012002000005022008
5 47.1285 012002000005022008 33287.2 012002000012022018
5 33287.2 012002000012022018 47.1285 012002000005022008
5 47.1285 012002000005022008 1958144.7711777778 012002001005022018
5 1958144.7711777778 012002001005022018 47.1285 012002000005022008
5 47.1285 012002000005022008 47.1285 012002000005022008
5 47.1285 012002000005022008 47.1285 012002000005022008
5 47.1285 012002000005022008 1603667.8636230768 012002000005022013
5 1603667.8636230768 012002000005022013 478836.075 012002002005022013
5 478836.075 012002002005022013 47.1285 012002000005022008
5 47.1285 012002000005022008 15971.0 012005002005022018
5 15971.0 012005002005022018 655.165 012005002019022018
5 655.165 012005002019022018 47.1285 012002000005022008
5 47.1285 012002000005022008 1185216.8133333332 012005000005022013
5 1185216.8133333332 012005000005022013 261656.0 012005000005022005
5 261656.0 012005000005022005 47.1285 012002000005022008
5 47.1285 012002000005022008 910541.8673846154 012002000024022013
5 910541.8673846154 012002000024022013 602945.0 012002000024022003
5 602945.0 012002000024022003 47.1285 012002000005022008
5 47.1285 012002000005022008 1603667.8636230768 012002000005022013
5 1603667.8636230768 012002000005022013 47.1285 012002000005022008
5 47.1285 012002000005022008 1958144.7711777778 012002001005022018
5 1958144.7711777778 012002001005022018 20393444.039333332 012002000024022018
5 20393444.039333332 012002000024022018 198415.4027 012002000024022009
5 198415.4027 012002000024022009 1603667.8636230768 012002000005022013
5 1603667.8636230768 012002000005022013 1603667.8636230768 012002000005022013
5 1603667.8636230768 012002000005022013 1557542.3764153847 012002001005022013
5 1557542.3764153847 012002001005022013 1603667.8636230768 012002000005022013
5 1603667.8636230768 012002000005022013 63811012.49541666 012002000005022018
5 63811012.49541666 012002000005022018 763.752 012002000005022007
5 763.752 012002000005022007 1603667.8636230768 012002000005022013
5 1603667.8636230768 012002000005022013 1557542.3764153847 012002001005022013
5 1557542.3764153847 012002001005022013 505.063 012002001006022013
5 505.063 012002001006022013 1603667.8636230768 012002000005022013
5 1603667.8636230768 012002000005022013 93.2108 012002000012022013
5 93.2108 012002000012022013 796166.85 012002002012022013
5 796166.85 012002002012022013 1603667.8636230768 012002000005022013
5 1603667.8636230768 012002000005022013 796166.85 012002002012022013
5 796166.85 012002002012022013 1603667.8636230768 012002000005022013
5 1603667.8636230768 012002000005022013 47.1285 012002000005022008
5 47.1285 012002000005022008 1603667.8636230768 012002000005022013
5 1603667.8636230768 012002000005022013 83.2025 012002000005017013
5 83.2025 012002000005017013 1603667.8636230768 012002000005022013
5 1603667.8636230768 012002000005022013 910541.8673846154 012002000024022013
5 910541.8673846154 012002000024022013 2285860.0 012002000024022002
5 2285860.0 012002000024022002 1603667.8636230768 012002000005022013
5 1603667.8636230768 012002000005022013 1557542.3764153847 012002001005022013
5 1557542.3764153847 012002001005022013 1554850.0 019002001005022013
5 1554850.0 019002001005022013 1603667.8636230768 012002000005022013
5 1603667.8636230768 012002000005022013 910541.8673846154 012002000024022013
5 910541.8673846154 012002000024022013 125.581 035002000024022013
5 125.581 035002000024022013 1603667.8636230768 012002000005022013
5 1603667.8636230768 012002000005022013 93.2108 012002000012022013
5 93.2108 012002000012022013 99303.57 012002000012022002
5 99303.57 012002000012022002 1603667.8636230768 012002000005022013
5 1603667.8636230768 012002000005022013 93.2108 012002000012022013
5 93.2108 012002000012022013 7559.55 012002000012006013
5 7559.55 012002000012006013 1603667.8636230768 012002000005022013
5 1603667.8636230768 012002000005022013 1958144.7711777778 012002001005022018
5 1958144.7711777778 012002001005022018 6207.38 012004001005022018
5 6207.38 012004001005022018 1603667.8636230768 012002000005022013
5 1603667.8636230768 012002000005022013 910541.8673846154 012002000024022013
5 910541.8673846154 012002000024022013 198415.4027 012002000024022009
5 198415.4027 012002000024022009 1603667.8636230768 012002000005022013
5 1603667.8636230768 012002000005022013 118.386 005002000005022009
5 118.386 005002000005022009 58.4143 018002000005022009
5 58.4143 018002000005022009 1603667.8636230768 012002000005022013
5 1603667.8636230768 012002000005022013 3151480.0 018002000012022013
5 3151480.0 018002000012022013 2403090.0 018002000012005013
5 2403090.0 018002000012005013 1603667.8636230768 012002000005022013
5 1603667.8636230768 012002000005022013 2738180.0 012002000012022008
5 2738180.0 012002000012022008 10398.1 012002000023022008
5 10398.1 012002000023022008 1603667.8636230768 012002000005022013
5 1603667.8636230768 012002000005022013 1603667.8636230768 012002000005022013
5 1603667.8636230768 012002000005022013 1603667.8636230768 012002000005022013
5 1603667.8636230768 012002000005022013 47.1285 012002000005022008
5 47.1285 012002000005022008 24220.7 012002000024022008
5 24220.7 012002000024022008 14363.7 012002000010022008
5 14363.7 012002000010022008 1603667.8636230768 012002000005022013
5 1603667.8636230768 012002000005022013 63811012.49541666 012002000005022018
5 63811012.49541666 012002000005022018 1293.8905 012001000005022018
5 1293.8905 012001000005022018 1603667.8636230768 012002000005022013
5 1603667.8636230768 012002000005022013 1603667.8636230768 012002000005022013
5 1603667.8636230768 012002000005022013 320869.13 012001000005022013
5 320869.13 012001000005022013 1603667.8636230768 012002000005022013
5 1603667.8636230768 012002000005022013 1562348.1075 012002001012022013
5 1562348.1075 012002001012022013 5856.95 012000001012022013
5 5856.95 012000001012022013 1603667.8636230768 012002000005022013
5 1603667.8636230768 012002000005022013 1562348.1075 012002001012022013
5 1562348.1075 012002001012022013 4161.79 012002001012022012
5 4161.79 012002001012022012 1603667.8636230768 012002000005022013
5 1603667.8636230768 012002000005022013 910541.8673846154 012002000024022013
5 910541.8673846154 012002000024022013 1603667.8636230768 012002000005022013
5 1603667.8636230768 012002000005022013 47.1285 012002000005022008
5 47.1285 012002000005022008 910541.8673846154 012002000024022013
5 910541.8673846154 012002000024022013 1603667.8636230768 012002000005022013
5 1603667.8636230768 012002000005022013 47.1285 012002000005022008
5 47.1285 012002000005022008 1603667.8636230768 012002000005022013
5 1603667.8636230768 012002000005022013 1603667.8636230768 012002000005022013
5 1603667.8636230768 012002000005022013 47.1285 012002000005022008
5 47.1285 012002000005022008 1603667.8636230768 012002000005022013
5 1603667.8636230768 012002000005022013 1603667.8636230768 012002000005022013
5 1603667.8636230768 012002000005022013 47.1285 012002000005022008
5 47.1285 012002000005022008 1603667.8636230768 012002000005022013
5 1603667.8636230768 012002000005022013 1603667.8636230768 012002000005022013
5 1603667.8636230768 012002000005022013 47.1285 012002000005022008
5 47.1285 012002000005022008 1603667.8636230768 012002000005022013
5 1603667.8636230768 012002000005022013 1603667.8636230768 012002000005022013
5 1603667.8636230768 012002000005022013 47.1285 012002000005022008
5 47.1285 012002000005022008 1603667.8636230768 012002000005022013
5 1603667.8636230768 012002000005022013 579552.0 039002000005022013
5 579552.0 039002000005022013 1603667.8636230768 012002000005022013
5 1603667.8636230768 012002000005022013 1603667.8636230768 012002000005022013
5 1603667.8636230768 012002000005022013 494316.0 012002000005020013
5 494316.0 012002000005020013 1603667.8636230768 012002000005022013
5 1603667.8636230768 012002000005022013 1958144.7711777778 012002001005022018
5 1958144.7711777778 012002001005022018 5858.11 012002001014022018
5 5858.11 012002001014022018 1603667.8636230768 012002000005022013
5 1603667.8636230768 012002000005022013 47.1285 012002000005022008
5 47.1285 012002000005022008 181293.265 012000000005022008
5 181293.265 012000000005022008 1603667.8636230768 012002000005022013
5 1603667.8636230768 012002000005022013 910541.8673846154 012002000024022013
5 910541.8673846154 012002000024022013 198415.4027 012002000024022009
5 198415.4027 012002000024022009 1603667.8636230768 012002000005022013
5 1603667.8636230768 012002000005022013 93.2108 012002000012022013
5 93.2108 012002000012022013 27909.4 012002000012022009
5 27909.4 012002000012022009 1603667.8636230768 012002000005022013
5 1603667.8636230768 012002000005022013 4564500.0 012002000005022009
5 4564500.0 012002000005022009 3781.64 012002000005008009
5 3781.64 012002000005008009 1603667.8636230768 012002000005022013
5 1603667.8636230768 012002000005022013 1160270.0 012002000005008008
5 1160270.0 012002000005008008 658995.0 009002000005008008
5 658995.0 009002000005008008 1603667.8636230768 012002000005022013
5 1603667.8636230768 012002000005022013 47.1285 012002000005022008
5 47.1285 012002000005022008 455736.0 012002000022022008
5 455736.0 012002000022022008 1603667.8636230768 012002000005022013
5 1603667.8636230768 012002000005022013 1562348.1075 012002001012022013
5 1562348.1075 012002001012022013 908961.0 012002001012022015
5 908961.0 012002001012022015 1603667.8636230768 012002000005022013
5 1603667.8636230768 012002000005022013 1557542.3764153847 012002001005022013
5 1557542.3764153847 012002001005022013 1603667.8636230768 012002000005022013
5 1603667.8636230768 012002000005022013 47.1285 012002000005022008
5 47.1285 012002000005022008 1557542.3764153847 012002001005022013
5 1557542.3764153847 012002001005022013 15527.3 012000001005022013
5 15527.3 012000001005022013 1603667.8636230768 012002000005022013
5 1603667.8636230768 012002000005022013 1603667.8636230768 012002000005022013
5 1603667.8636230768 012002000005022013 34.5841 012002000005021013
5 34.5841 012002000005021013 1603667.8636230768 012002000005022013
5 1603667.8636230768 012002000005022013 1603667.8636230768 012002000005022013
5 1603667.8636230768 012002000005022013 83.2025 012002000005017013
5 83.2025 012002000005017013 34.5841 012002000005021013
5 34.5841 012002000005021013 3040500.0 012002001005022008
5 3040500.0 012002001005022008 12406.3 012004001005022008
5 12406.3 012004001005022008 34.5841 012002000005021013
5 34.5841 012002000005021013 1557542.3764153847 012002001005022013
5 1557542.3764153847 012002001005022013 3788700.0 012001001005022013
5 3788700.0 012001001005022013 34.5841 012002000005021013
5 34.5841 012002000005021013 63811012.49541666 012002000005022018
5 63811012.49541666 012002000005022018 2330.89 007002000005022018
5 2330.89 007002000005022018 34.5841 012002000005021013
5 34.5841 012002000005021013 1603667.8636230768 012002000005022013
5 1603667.8636230768 012002000005022013 763.752 012002000005022007
5 763.752 012002000005022007 34.5841 012002000005021013
5 34.5841 012002000005021013 763.752 012002000005022007
5 763.752 012002000005022007 3496151.0482 012002000005022016
5 3496151.0482 012002000005022016 34.5841 012002000005021013
5 34.5841 012002000005021013 63811012.49541666 012002000005022018
5 63811012.49541666 012002000005022018 97.518 012002000005022010
5 97.518 012002000005022010 34.5841 012002000005021013
5 34.5841 012002000005021013 63811012.49541666 012002000005022018
5 63811012.49541666 012002000005022018 34.5841 012002000005021013
5 34.5841 012002000005021013 1603667.8636230768 012002000005022013
5 1603667.8636230768 012002000005022013 3496151.0482 012002000005022016
5 3496151.0482 012002000005022016 5441200.0 012002001005022016
5 5441200.0 012002001005022016 34.5841 012002000005021013
5 34.5841 012002000005021013 20393444.039333332 012002000024022018
5 20393444.039333332 012002000024022018 16835800.0 012002000020022018
5 16835800.0 012002000020022018 34.5841 012002000005021013
5 34.5841 012002000005021013 47.1285 012002000005022008
5 47.1285 012002000005022008 1603667.8636230768 012002000005022013
5 1603667.8636230768 012002000005022013 34.5841 012002000005021013
5 34.5841 012002000005021013 63811012.49541666 012002000005022018
5 63811012.49541666 012002000005022018 6985.28 012002000005022012
5 6985.28 012002000005022012 34.5841 012002000005021013
5 34.5841 012002000005021013 47.1285 012002000005022008
5 47.1285 012002000005022008 181293.265 012000000005022008
5 181293.265 012000000005022008 34.5841 012002000005021013
5 34.5841 012002000005021013 1603667.8636230768 012002000005022013
5 1603667.8636230768 012002000005022013 1309552.7549833334 007002000005022013
5 1309552.7549833334 007002000005022013 34.5841 012002000005021013
5 34.5841 012002000005021013 1603667.8636230768 012002000005022013
5 1603667.8636230768 012002000005022013 1728557.129 012002000005004013
5 1728557.129 012002000005004013 34.5841 012002000005021013
5 34.5841 012002000005021013 1728557.129 012002000005004013
5 1728557.129 012002000005004013 1095.34 012004000005004013
5 1095.34 012004000005004013 34.5841 012002000005021013
5 34.5841 012002000005021013 14375.2 012002000012004013
5 14375.2 012002000012004013 7981.01 012002000021004013
5 7981.01 012002000021004013 34.5841 012002000005021013
5 34.5841 012002000005021013 1603667.8636230768 012002000005022013
5 1603667.8636230768 012002000005022013 83.2025 012002000005017013
5 83.2025 012002000005017013 34.5841 012002000005021013
5 34.5841 012002000005021013 47.1285 012002000005022008
5 47.1285 012002000005022008 74.6257 012002000005022005
5 74.6257 012002000005022005 34.5841 012002000005021013
5 34.5841 012002000005021013 1603667.8636230768 012002000005022013
5 1603667.8636230768 012002000005022013 95.3996 012004000005022013
5 95.3996 012004000005022013 34.5841 012002000005021013
5 34.5841 012002000005021013 63811012.49541666 012002000005022018
5 63811012.49541666 012002000005022018 1266.94 012002000005020018
5 1266.94 012002000005020018 34.5841 012002000005021013
5 34.5841 012002000005021013 24220.7 012002000024022008
5 24220.7 012002000024022008 49.7022 012002000014022008
5 49.7022 012002000014022008 34.5841 012002000005021013
5 34.5841 012002000005021013 1603667.8636230768 012002000005022013
5 1603667.8636230768 012002000005022013 34.5841 012002000005021013
5 34.5841 012002000005021013 1603667.8636230768 012002000005022013
5 1603667.8636230768 012002000005022013 448036.0 005002000005022013
5 448036.0 005002000005022013 44.7621 005002000005022008
5 44.7621 005002000005022008 34.5841 012002000005021013
5 34.5841 012002000005021013 448036.0 005002000005022013
5 448036.0 005002000005022013 200091.0 005002000005022003
5 200091.0 005002000005022003 34.5841 012002000005021013
5 34.5841 012002000005021013 63811012.49541666 012002000005022018
5 63811012.49541666 012002000005022018 1958144.7711777778 012002001005022018
5 1958144.7711777778 012002001005022018 34.5841 012002000005021013
5 34.5841 012002000005021013 1309552.7549833334 007002000005022013
5 1309552.7549833334 007002000005022013 533537.0 007002000005022004
5 533537.0 007002000005022004 34.5841 012002000005021013
5 34.5841 012002000005021013 910541.8673846154 012002000024022013
5 910541.8673846154 012002000024022013 129.714 033002000024022013
5 129.714 033002000024022013 34.5841 012002000005021013
5 34.5841 012002000005021013 63811012.49541666 012002000005022018
5 63811012.49541666 012002000005022018 14886.2 026002000005022018
5 14886.2 026002000005022018 34.5841 012002000005021013
5 34.5841 012002000005021013 63811012.49541666 012002000005022018
5 63811012.49541666 012002000005022018 1293.8905 012001000005022018
5 1293.8905 012001000005022018 34.5841 012002000005021013
5 34.5841 012002000005021013 1603667.8636230768 012002000005022013
5 1603667.8636230768 012002000005022013 763.752 012002000005022007
5 763.752 012002000005022007 34.5841 012002000005021013
5 34.5841 012002000005021013 1603667.8636230768 012002000005022013
5 1603667.8636230768 012002000005022013 11575.9 022002000005022013
5 11575.9 022002000005022013 34.5841 012002000005021013
5 34.5841 012002000005021013 910541.8673846154 012002000024022013
5 910541.8673846154 012002000024022013 11561.0 014002000024022013
5 11561.0 014002000024022013 34.5841 012002000005021013
5 34.5841 012002000005021013 393727.0 005002000024021013
5 393727.0 005002000024021013 16249.6 005003000024021013
5 16249.6 005003000024021013 34.5841 012002000005021013
5 34.5841 012002000005021013 1309552.7549833334 007002000005022013
5 1309552.7549833334 007002000005022013 631834.0 007002001005022013
5 631834.0 007002001005022013 34.5841 012002000005021013
5 34.5841 012002000005021013 1603667.8636230768 012002000005022013
5 1603667.8636230768 012002000005022013 342295.8393 012000000005022013
5 342295.8393 012000000005022013 34.5841 012002000005021013
5 34.5841 012002000005021013 1603667.8636230768 012002000005022013
5 1603667.8636230768 012002000005022013 478836.075 012002002005022013
5 478836.075 012002002005022013 34.5841 012002000005021013
5 34.5841 012002000005021013 93.2108 012002000012022013
5 93.2108 012002000012022013 85.8041 012002000004022013
5 85.8041 012002000004022013 34.5841 012002000005021013
5 34.5841 012002000005021013 1309552.7549833334 007002000005022013
5 1309552.7549833334 007002000005022013 7595.27 007002000016022013
5 7595.27 007002000016022013 34.5841 012002000005021013
5 34.5841 012002000005021013 47.1285 012002000005022008
5 47.1285 012002000005022008 47.1285 012002000005022008
5 47.1285 012002000005022008 34.5841 012002000005021013
5 34.5841 012002000005021013 1603667.8636230768 012002000005022013
5 1603667.8636230768 012002000005022013 20889.5 012006000005022013
5 20889.5 012006000005022013 34.5841 012002000005021013
5 34.5841 012002000005021013 448036.0 005002000005022013
5 448036.0 005002000005022013 118.386 005002000005022009
5 118.386 005002000005022009 34.5841 012002000005021013
5 34.5841 012002000005021013 63811012.49541666 012002000005022018
5 63811012.49541666 012002000005022018 34.5841 012002000005021013
5 34.5841 012002000005021013 1603667.8636230768 012002000005022013
5 1603667.8636230768 012002000005022013 63811012.49541666 012002000005022018
5 63811012.49541666 012002000005022018 1958144.7711777778 012002001005022018
5 1958144.7711777778 012002001005022018 34.5841 012002000005021013
5 34.5841 012002000005021013 1603667.8636230768 012002000005022013
5 1603667.8636230768 012002000005022013 4654.79 012002000005022006
5 4654.79 012002000005022006 34.5841 012002000005021013
5 34.5841 012002000005021013 1603667.8636230768 012002000005022013
5 1603667.8636230768 012002000005022013 93.2108 012002000012022013
5 93.2108 012002000012022013 34.5841 012002000005021013
5 34.5841 012002000005021013 33287.2 012002000012022018
5 33287.2 012002000012022018 3379.1 012002000012022016
5 3379.1 012002000012022016 34.5841 012002000005021013
5 34.5841 012002000005021013 448036.0 005002000005022013
5 448036.0 005002000005022013 3850580.0 005002000005008013
5 3850580.0 005002000005008013 34.5841 012002000005021013
5 34.5841 012002000005021013 1603667.8636230768 012002000005022013
5 1603667.8636230768 012002000005022013 13057.3 012002000000022013
5 13057.3 012002000000022013 34.5841 012002000005021013
5 34.5841 012002000005021013 1309552.7549833334 007002000005022013
5 1309552.7549833334 007002000005022013 1824.63 013002000005022013
5 1824.63 013002000005022013 34.5841 012002000005021013
5 34.5841 012002000005021013 1309552.7549833334 007002000005022013
5 1309552.7549833334 007002000005022013 448036.0 005002000005022013
5 448036.0 005002000005022013 34.5841 012002000005021013
5 34.5841 012002000005021013 1603667.8636230768 012002000005022013
5 1603667.8636230768 012002000005022013 28.622 012002000005022011
5 28.622 012002000005022011 34.5841 012002000005021013
5 34.5841 012002000005021013 910541.8673846154 012002000024022013
5 910541.8673846154 012002000024022013 659202.0 012002000024022015
5 659202.0 012002000024022015 34.5841 012002000005021013
5 34.5841 012002000005021013 34.5841 012002000005021013
5 34.5841 012002000005021013 1341782.9907 012002000005018013
5 1341782.9907 012002000005018013 34.5841 012002000005021013
5 34.5841 012002000005021013 1341782.9907 012002000005018013
5 1341782.9907 012002000005018013 749960.0 012000000005018013
5 749960.0 012000000005018013 34.5841 012002000005021013
5 34.5841 012002000005021013 342295.8393 012000000005022013
5 342295.8393 012000000005022013 342295.8393 012000000005022013
5 342295.8393 012000000005022013 34.5841 012002000005021013
5 34.5841 012002000005021013 63811012.49541666 012002000005022018
5 63811012.49541666 012002000005022018 2076.43 012002000003022018
5 2076.43 012002000003022018 34.5841 012002000005021013
5 34.5841 012002000005021013 93.2108 012002000012022013
5 93.2108 012002000012022013 95.7664 012002000003022013
5 95.7664 012002000003022013 34.5841 012002000005021013
5 34.5841 012002000005021013 1603667.8636230768 012002000005022013
5 1603667.8636230768 012002000005022013 1557542.3764153847 012002001005022013
5 1557542.3764153847 012002001005022013 95.7664 012002000003022013
5 95.7664 012002000003022013 34.5841 012002000005021013
5 34.5841 012002000005021013 8462.38 012002000005021008
5 8462.38 012002000005021008 95.7664 012002000003022013
5 95.7664 012002000003022013 3040500.0 012002001005022008
5 3040500.0 012002001005022008 2482780.0 012002001013022008
5 2482780.0 012002001013022008 95.7664 012002000003022013
5 95.7664 012002000003022013 1603667.8636230768 012002000005022013
5 1603667.8636230768 012002000005022013 95.7664 012002000003022013
5 95.7664 012002000003022013 34.5841 012002000005021013
5 34.5841 012002000005021013 1603667.8636230768 012002000005022013
5 1603667.8636230768 012002000005022013 1995950.0 012002000010022013
5 1995950.0 012002000010022013 95.7664 012002000003022013
5 95.7664 012002000003022013 93.2108 012002000012022013
5 93.2108 012002000012022013 70275.5 012006000012022013
5 70275.5 012006000012022013 95.7664 012002000003022013
5 95.7664 012002000003022013 1603667.8636230768 012002000005022013
5 1603667.8636230768 012002000005022013 47.1285 012002000005022008
5 47.1285 012002000005022008 95.7664 012002000003022013
5 95.7664 012002000003022013 1603667.8636230768 012002000005022013
5 1603667.8636230768 012002000005022013 3247.52 012002000005002013
5 3247.52 012002000005002013 95.7664 012002000003022013
5 95.7664 012002000003022013 387588068.7927143 012002000005021018
5 387588068.7927143 012002000005021018 5339590.0 012002000008021018
5 5339590.0 012002000008021018 95.7664 012002000003022013
5 95.7664 012002000003022013 387588068.7927143 012002000005021018
5 387588068.7927143 012002000005021018 8462.38 012002000005021008
5 8462.38 012002000005021008 95.7664 012002000003022013
5 95.7664 012002000003022013 1958144.7711777778 012002001005022018
5 1958144.7711777778 012002001005022018 13426.2 025002001005022018
5 13426.2 025002001005022018 95.7664 012002000003022013
5 95.7664 012002000003022013 1603667.8636230768 012002000005022013
5 1603667.8636230768 012002000005022013 34.5841 012002000005021013
5 34.5841 012002000005021013 95.7664 012002000003022013
5 95.7664 012002000003022013 1034558.5998 005002000012022013
5 1034558.5998 005002000012022013 609768.0 005002000000022013
5 609768.0 005002000000022013 95.7664 012002000003022013
5 95.7664 012002000003022013 93.2108 012002000012022013
5 93.2108 012002000012022013 3379.1 012002000012022016
5 3379.1 012002000012022016 95.7664 012002000003022013
5 95.7664 012002000003022013 34.5841 012002000005021013
5 34.5841 012002000005021013 8249.04 012002000005003013
5 8249.04 012002000005003013 95.7664 012002000003022013
5 95.7664 012002000003022013 1603667.8636230768 012002000005022013
5 1603667.8636230768 012002000005022013 95.7664 012002000003022013
5 95.7664 012002000003022013 34.5841 012002000005021013
5 34.5841 012002000005021013 1603667.8636230768 012002000005022013
5 1603667.8636230768 012002000005022013 82.0496 012002000005023013
5 82.0496 012002000005023013 95.7664 012002000003022013
5 95.7664 012002000003022013 1603667.8636230768 012002000005022013
5 1603667.8636230768 012002000005022013 1016.74 012002000022022013
5 1016.74 012002000022022013 95.7664 012002000003022013
5 95.7664 012002000003022013 1603667.8636230768 012002000005022013
5 1603667.8636230768 012002000005022013 478836.075 012002002005022013
5 478836.075 012002002005022013 95.7664 012002000003022013
5 95.7664 012002000003022013 4209010.0 012002000012022011
5 4209010.0 012002000012022011 914406.0 012002000012010011
5 914406.0 012002000012010011 95.7664 012002000003022013
5 95.7664 012002000003022013 1641.04 012002000005021011
5 1641.04 012002000005021011 194.065 034002000005021011
5 194.065 034002000005021011 95.7664 012002000003022013
5 95.7664 012002000003022013 2076.43 012002000003022018
5 2076.43 012002000003022018 2032.63 012001000003022018
5 2032.63 012001000003022018 95.7664 012002000003022013
5 95.7664 012002000003022013 20.7768 012002001012022018
5 20.7768 012002001012022018 95.7664 012002000003022013
5 95.7664 012002000003022013 34.5841 012002000005021013
5 34.5841 012002000005021013 3293240.0 012002001003022008
5 3293240.0 012002001003022008 2897090.0 009002001003022008
5 2897090.0 009002001003022008 95.7664 012002000003022013
5 95.7664 012002000003022013 47.1285 012002000005022008
5 47.1285 012002000005022008 6849.92 012002002005022008
5 6849.92 012002002005022008 95.7664 012002000003022013
5 95.7664 012002000003022013 93.2108 012002000012022013
5 93.2108 012002000012022013 95.7664 012002000003022013
5 95.7664 012002000003022013 34.5841 012002000005021013
5 34.5841 012002000005021013 63811012.49541666 012002000005022018
5 63811012.49541666 012002000005022018 2076.43 012002000003022018
5 2076.43 012002000003022018 95.7664 012002000003022013
5 95.7664 012002000003022013 2108.96 005002000003022018
5 2108.96 005002000003022018 95.7664 012002000003022013
5 95.7664 012002000003022013 34.5841 012002000005021013
5 34.5841 012002000005021013 387588068.7927143 012002000005021018
5 387588068.7927143 012002000005021018 815.221 012001000005021018
5 815.221 012001000005021018 95.7664 012002000003022013
5 95.7664 012002000003022013 2268040.0 012001001012022013
5 2268040.0 012001001012022013 405631.0 030001001012022013
5 405631.0 030001001012022013 95.7664 012002000003022013
5 95.7664 012002000003022013 93.2108 012002000012022013
5 93.2108 012002000012022013 99303.57 012002000012022002
5 99303.57 012002000012022002 95.7664 012002000003022013
5 95.7664 012002000003022013 93.2108 012002000012022013
5 93.2108 012002000012022013 141.3288 012001000012022013
5 141.3288 012001000012022013 95.7664 012002000003022013
5 95.7664 012002000003022013 93.2108 012002000012022013
5 93.2108 012002000012022013 415862.0 012002000012024013
5 415862.0 012002000012024013 95.7664 012002000003022013
5 95.7664 012002000003022013 1557542.3764153847 012002001005022013
5 1557542.3764153847 012002001005022013 26422.2 012002001005017013
5 26422.2 012002001005017013 95.7664 012002000003022013
5 95.7664 012002000003022013 7109370.0 012002000003021008
5 7109370.0 012002000003021008 16.7911 012002000003021006
5 16.7911 012002000003021006 95.7664 012002000003022013
5 95.7664 012002000003022013 34.5841 012002000005021013
5 34.5841 012002000005021013 34.5841 012002000005021013
5 34.5841 012002000005021013 95.7664 012002000003022013
5 95.7664 012002000003022013 1603667.8636230768 012002000005022013
5 1603667.8636230768 012002000005022013 1185216.8133333332 012005000005022013
5 1185216.8133333332 012005000005022013 95.7664 012002000003022013
5 95.7664 012002000003022013 34.5841 012002000005021013
5 34.5841 012002000005021013 1708630.0 012004000005021013
5 1708630.0 012004000005021013 95.7664 012002000003022013
5 95.7664 012002000003022013 1603667.8636230768 012002000005022013
5 1603667.8636230768 012002000005022013 5014.54 012002000009022013
5 5014.54 012002000009022013 95.7664 012002000003022013
5 95.7664 012002000003022013 241686.0 012002001012022008
5 241686.0 012002001012022008 32202.0 012002001012011008
5 32202.0 012002001012011008 95.7664 012002000003022013
5 95.7664 012002000003022013 1557542.3764153847 012002001005022013
5 1557542.3764153847 012002001005022013 66053.0 012002001005022004
5 66053.0 012002001005022004 95.7664 012002000003022013
5 95.7664 012002000003022013 448036.0 005002000005022013
5 448036.0 005002000005022013 112.767 005003000005022013
5 112.767 005003000005022013 95.7664 012002000003022013
5 95.7664 012002000003022013 1603667.8636230768 012002000005022013
5 1603667.8636230768 012002000005022013 95.7664 012002000003022013
5 95.7664 012002000003022013 34.5841 012002000005021013
5 34.5841 012002000005021013 3617220.0 012002000003022008
5 3617220.0 012002000003022008 7408.35 028002000003022008
5 7408.35 028002000003022008 95.7664 012002000003022013
5 95.7664 012002000003022013 4029040.0 005002000005021013
5 4029040.0 005002000005021013 14037.1 005002000005007013
5 14037.1 005002000005007013 95.7664 012002000003022013
5 95.7664 012002000003022013 95.7664 012002000003022013
5 95.7664 012002000003022013 191.103 012002000003022003
5 191.103 012002000003022003 95.7664 012002000003022013
5 95.7664 012002000003022013 1603667.8636230768 012002000005022013
5 1603667.8636230768 012002000005022013 1457.32 012002000005022002
5 1457.32 012002000005022002 95.7664 012002000003022013
5 95.7664 012002000003022013 34.5841 012002000005021013
5 34.5841 012002000005021013 2199.5 012002000005021012
5 2199.5 012002000005021012 95.7664 012002000003022013
5 95.7664 012002000003022013 1958144.7711777778 012002001005022018
5 1958144.7711777778 012002001005022018 2784490.0 012002001006022018
5 2784490.0 012002001006022018 95.7664 012002000003022013
5 95.7664 012002000003022013 63811012.49541666 012002000005022018
5 63811012.49541666 012002000005022018 7815530.0 012002000005023018
5 7815530.0 012002000005023018 95.7664 012002000003022013
5 95.7664 012002000003022013 93.2108 012002000012022013
5 93.2108 012002000012022013 69.8853 012002000017022013
5 69.8853 012002000017022013 95.7664 012002000003022013
5 95.7664 012002000003022013 69.8853 012002000017022013
5 69.8853 012002000017022013 95.7664 012002000003022013
5 95.7664 012002000003022013 34.5841 012002000005021013
5 34.5841 012002000005021013 22403300.0 012002000012021018
5 22403300.0 012002000012021018 2078440.0 012002001012021018
5 2078440.0 012002001012021018 95.7664 012002000003022013
5 95.7664 012002000003022013 95.7664 012002000003022013
5 95.7664 012002000003022013 65.5033 012002000003018013
5 65.5033 012002000003018013 95.7664 012002000003022013
5 95.7664 012002000003022013 2275160.0 012002000003021013
5 2275160.0 012002000003021013 10666.0 012002001003021013
5 10666.0 012002001003021013 95.7664 012002000003022013
5 95.7664 012002000003022013 3617220.0 012002000003022008
5 3617220.0 012002000003022008 2457690.0 012002000003022016
5 2457690.0 012002000003022016 95.7664 012002000003022013
5 95.7664 012002000003022013 2275160.0 012002000003021013
5 2275160.0 012002000003021013 172.09 012002000003021007
5 172.09 012002000003021007 95.7664 012002000003022013
5 95.7664 012002000003022013 2076.43 012002000003022018
5 2076.43 012002000003022018 95.7664 012002000003022013
5 95.7664 012002000003022013 34.5841 012002000005021013
5 34.5841 012002000005021013 387588068.7927143 012002000005021018
5 387588068.7927143 012002000005021018 23643.2 031002000005021018
5 23643.2 031002000005021018 95.7664 012002000003022013
5 95.7664 012002000003022013 387588068.7927143 012002000005021018
5 387588068.7927143 012002000005021018 12503100.0 012004000005021018
5 12503100.0 012004000005021018 95.7664 012002000003022013
5 95.7664 012002000003022013 10363200.0 012002000012021013
5 10363200.0 012002000012021013 90.5741 012002002012021013
5 90.5741 012002002012021013 95.7664 012002000003022013
5 95.7664 012002000003022013 93.2108 012002000012022013
5 93.2108 012002000012022013 95.7664 012002000003022013
5 95.7664 012002000003022013 34.5841 012002000005021013
5 34.5841 012002000005021013 1562348.1075 012002001012022013
5 1562348.1075 012002001012022013 9208.43 012002001000022013
5 9208.43 012002001000022013 95.7664 012002000003022013
5 95.7664 012002000003022013 1034558.5998 005002000012022013
5 1034558.5998 005002000012022013 1034558.5998 005002000012022013
5 1034558.5998 005002000012022013 95.7664 012002000003022013
5 95.7664 012002000003022013 95.7664 012002000003022013
5 95.7664 012002000003022013 2175020.0 026002000003022013
5 2175020.0 026002000003022013 1034558.5998 005002000012022013
5 1034558.5998 005002000012022013 63811012.49541666 012002000005022018
5 63811012.49541666 012002000005022018 91.5633 006002000005022018
5 91.5633 006002000005022018 1034558.5998 005002000012022013
5 1034558.5998 005002000012022013 387588068.7927143 012002000005021018
5 387588068.7927143 012002000005021018 387588068.7927143 012002000005021018
5 387588068.7927143 012002000005021018 1034558.5998 005002000012022013
5 1034558.5998 005002000012022013 34.5841 012002000005021013
5 34.5841 012002000005021013 34.5841 012002000005021013
5 34.5841 012002000005021013 1034558.5998 005002000012022013
5 1034558.5998 005002000012022013 1603667.8636230768 012002000005022013
5 1603667.8636230768 012002000005022013 21983.0 012002000005011013
5 21983.0 012002000005011013 1034558.5998 005002000012022013
5 1034558.5998 005002000012022013 1958144.7711777778 012002001005022018
5 1958144.7711777778 012002001005022018 19460.0 012005001005022018
5 19460.0 012005001005022018 1034558.5998 005002000012022013
5 1034558.5998 005002000012022013 1308450.0 012002001005021013
5 1308450.0 012002001005021013 96.8982 012002001005007013
5 96.8982 012002001005007013 1034558.5998 005002000012022013
5 1034558.5998 005002000012022013 53872600.0 005002000005021018
5 53872600.0 005002000005021018 10766100.0 005002000008021018
5 10766100.0 005002000008021018 1034558.5998 005002000012022013
5 1034558.5998 005002000012022013 2076.43 012002000003022018
5 2076.43 012002000003022018 33287.2 012002000012022018
5 33287.2 012002000012022018 1034558.5998 005002000012022013
5 1034558.5998 005002000012022013 95.7664 012002000003022013
5 95.7664 012002000003022013 84.4493 034002000003022013
5 84.4493 034002000003022013 1034558.5998 005002000012022013
5 1034558.5998 005002000012022013 63811012.49541666 012002000005022018
5 63811012.49541666 012002000005022018 4352.23 003002000005022018
5 4352.23 003002000005022018 1034558.5998 005002000012022013
5 1034558.5998 005002000012022013 33287.2 012002000012022018
5 33287.2 012002000012022018 3479380.0 012000000012022018
5 3479380.0 012000000012022018 1034558.5998 005002000012022013
5 1034558.5998 005002000012022013 17376.1 012002001003022013
5 17376.1 012002001003022013 17376.1 012002001003022013
5 17376.1 012002001003022013 1034558.5998 005002000012022013
5 1034558.5998 005002000012022013 2076.43 012002000003022018
5 2076.43 012002000003022018 1275.65 012004000003022018
5 1275.65 012004000003022018 1034558.5998 005002000012022013
5 1034558.5998 005002000012022013 202284.0 005002000012021006
5 202284.0 005002000012021006 7680.92 005002000002021006
5 7680.92 005002000002021006 1034558.5998 005002000012022013
5 1034558.5998 005002000012022013 33287.2 012002000012022018
5 33287.2 012002000012022018 2849.95 012002000012008018
5 2849.95 012002000012008018 1034558.5998 005002000012022013
5 1034558.5998 005002000012022013 93.2108 012002000012022013
5 93.2108 012002000012022013 1034558.5998 005002000012022013
5 1034558.5998 005002000012022013 95.7664 012002000003022013
5 95.7664 012002000003022013 1562348.1075 012002001012022013
5 1562348.1075 012002001012022013 402758.0 028002001012022013
5 402758.0 028002001012022013 1034558.5998 005002000012022013
5 1034558.5998 005002000012022013 33287.2 012002000012022018
5 33287.2 012002000012022018 2469020.0 037002000012022018
5 2469020.0 037002000012022018 1034558.5998 005002000012022013
5 1034558.5998 005002000012022013 63811012.49541666 012002000005022018
5 63811012.49541666 012002000005022018 1958144.7711777778 012002001005022018
5 1958144.7711777778 012002001005022018 1034558.5998 005002000012022013
5 1034558.5998 005002000012022013 95.7664 012002000003022013
5 95.7664 012002000003022013 1034570.0 012002000003023013
5 1034570.0 012002000003023013 1034558.5998 005002000012022013
5 1034558.5998 005002000012022013 93.2108 012002000012022013
5 93.2108 012002000012022013 93.2108 012002000012022013
5 93.2108 012002000012022013 1034558.5998 005002000012022013
5 1034558.5998 005002000012022013 1557542.3764153847 012002001005022013
5 1557542.3764153847 012002001005022013 620173.0 012002001021022013
5 620173.0 012002001021022013 1034558.5998 005002000012022013
5 1034558.5998 005002000012022013 238.792 012002001012021013
5 238.792 012002001012021013 76.3929 022002001012021013
5 76.3929 022002001012021013 1034558.5998 005002000012022013
5 1034558.5998 005002000012022013 93.2108 012002000012022013
5 93.2108 012002000012022013 10049.3 012002000012022003
5 10049.3 012002000012022003 1034558.5998 005002000012022013
5 1034558.5998 005002000012022013 93.2108 012002000012022013
5 93.2108 012002000012022013 13496.9 012002000012008013
5 13496.9 012002000012008013 1034558.5998 005002000012022013
5 1034558.5998 005002000012022013 1603667.8636230768 012002000005022013
5 1603667.8636230768 012002000005022013 16279.1 012002000023022013
5 16279.1 012002000023022013 1034558.5998 005002000012022013
5 1034558.5998 005002000012022013 27616838.89 005002000005022018
5 27616838.89 005002000005022018 1034558.5998 005002000012022013
5 1034558.5998 005002000012022013 95.7664 012002000003022013
5 95.7664 012002000003022013 95.7664 012002000003022013
5 95.7664 012002000003022013 5519.6 012002000020022013
5 5519.6 012002000020022013 1034558.5998 005002000012022013
5 1034558.5998 005002000012022013 941818.0 012002001020022013
5 941818.0 012002001020022013 30895.2 012003001020022013
5 30895.2 012003001020022013 1034558.5998 005002000012022013
5 1034558.5998 005002000012022013 7109370.0 012002000003021008
5 7109370.0 012002000003021008 4129860.0 012005000003021008
5 4129860.0 012005000003021008 1034558.5998 005002000012022013
5 1034558.5998 005002000012022013 27616838.89 005002000005022018
5 27616838.89 005002000005022018 6961.47 005002002005022018
5 6961.47 005002002005022018 1034558.5998 005002000012022013
5 1034558.5998 005002000012022013 27616838.89 005002000005022018
5 27616838.89 005002000005022018 5564.6 005001000005022018
5 5564.6 005001000005022018 1034558.5998 005002000012022013
5 1034558.5998 005002000012022013 1557542.3764153847 012002001005022013
5 1557542.3764153847 012002001005022013 2644580.0 012003001005022013
5 2644580.0 012003001005022013 1034558.5998 005002000012022013
5 1034558.5998 005002000012022013 63811012.49541666 012002000005022018
5 63811012.49541666 012002000005022018 5482860.0 012004000005022018
5 5482860.0 012004000005022018 1034558.5998 005002000012022013
5 1034558.5998 005002000012022013 448036.0 005002000005022013
5 448036.0 005002000005022013 448036.0 005002000005022013
5 448036.0 005002000005022013 1034558.5998 005002000012022013
6 1034558.5998 005002000012022013 19838900000.0 031002002017007001
6 19838900000.0 031002002017007001 143809000.0 031001002017007001
6 143809000.0 031001002017007001 7435.07 023002002020007003
6 7435.07 023002002020007003 254748.0 001001000002017007
6 254748.0 001001000002017007 229983.0 001001000002017004
6 229983.0 001001000002017004 7435.07 023002002020007003
6 7435.07 023002002020007003 10755600.0 001003002002007018
6 10755600.0 001003002002007018 799553.0 001002002002007018
6 799553.0 001002002002007018 7435.07 023002002020007003
6 7435.07 023002002020007003 3456210.0 027003002002017014
6 3456210.0 027003002002017014 27754.0 027003002002017016
6 27754.0 027003002002017016 7435.07 023002002020007003
6 7435.07 023002002020007003 25199.033333333333 027003000002017010
6 25199.033333333333 027003000002017010 1438.01 027003000012017010
6 1438.01 027003000012017010 7435.07 023002002020007003
6 7435.07 023002002020007003 21064.4 027002000012007010
6 21064.4 027002000012007010 17714.4 027002002012007010
6 17714.4 027002002012007010 1438.01 027003000012017010
6 1438.01 027003000012017010 11567400000.0 027003000012007016
6 11567400000.0 027003000012007016 929217000.0 013003000012007016
6 929217000.0 013003000012007016 1438.01 027003000012017010
6 1438.01 027003000012017010 2402.09 001003000002007009
6 2402.09 001003000002007009 2402.09 001003000002007009
6 2402.09 001003000002007009 1438.01 027003000012017010
6 1438.01 027003000012017010 64262200.0 008003000012007010
6 64262200.0 008003000012007010 54285.1 008003000012007018
6 54285.1 008003000012007018 1438.01 027003000012017010
6 1438.01 027003000012017010 5006270000.0 023003000002007010
6 5006270000.0 023003000002007010 14995.5 023003000000007010
6 14995.5 023003000000007010 1438.01 027003000012017010
6 1438.01 027003000012017010 938420000.0 027003000002007009
6 938420000.0 027003000002007009 28361.4 039003000002007009
6 28361.4 039003000002007009 1438.01 027003000012017010
6 1438.01 027003000012017010 14719.6 027003000012007010
6 14719.6 027003000012007010 14719.6 027003000012007010
6 14719.6 027003000012007010 1438.01 027003000012017010
6 1438.01 027003000012017010 25199.033333333333 027003000002017010
6 25199.033333333333 027003000002017010 25199.033333333333 027003000002017010
6 25199.033333333333 027003000002017010 1438.01 027003000012017010
6 1438.01 027003000012017010 52.2953 001003002002007009
6 52.2953 001003002002007009 1438.01 027003000012017010
6 1438.01 027003000012017010 2402.09 001003000002007009
6 2402.09 001003000002007009 1031829.08 001003000020007010
6 1031829.08 001003000020007010 8375.03 001002000020007010
6 8375.03 001002000020007010 52.2953 001003002002007009
6 52.2953 001003002002007009 8375.03 001002000020007010
6 8375.03 001002000020007010 501022.116975 001002000020007008
6 501022.116975 001002000020007008 52.2953 001003002002007009
6 52.2953 001003002002007009 1031829.08 001003000020007010
6 1031829.08 001003000020007010 8375.03 001002000020007010
6 8375.03 001002000020007010 501022.116975 001002000020007008
6 501022.116975 001002000020007008 479778.0 001003000020007003
6 479778.0 001003000020007003 125566.0 001003000020013003
6 125566.0 001003000020013003 501022.116975 001002000020007008
6 501022.116975 001002000020007008 427773.0 001002000002013010
6 427773.0 001002000002013010 68.6228 001002000002008010
6 68.6228 001002000002008010 501022.116975 001002000020007008
6 501022.116975 001002000020007008 689567.5 001002002002007010
6 689567.5 001002002002007010 689567.5 001002002002007010
6 689567.5 001002002002007010 501022.116975 001002000020007008
6 501022.116975 001002000020007008 1547840.0 027002000002017010
6 1547840.0 027002000002017010 501022.116975 001002000020007008
6 501022.116975 001002000020007008 8375.03 001002000020007010
6 8375.03 001002000020007010 173.554 001002000002007010
6 173.554 001002000002007010 501022.116975 001002000020007008
6 501022.116975 001002000020007008 8375.03 001002000020007010
6 8375.03 001002000020007010 117116000.0 027003000002017008
6 117116000.0 027003000002017008 2615830.0 005003000002017008
6 2615830.0 005003000002017008 501022.116975 001002000020007008
6 501022.116975 001002000020007008 38530.6 001003000002017009
6 38530.6 001003000002017009 29477.6 001003000002021009
6 29477.6 001003000002021009 501022.116975 001002000020007008
6 501022.116975 001002000020007008 8375.03 001002000020007010
6 8375.03 001002000020007010 8375.03 001002000020007010
6 8375.03 001002000020007010 501022.116975 001002000020007008
6 501022.116975 001002000020007008 37769200.0 027002000002007009
6 37769200.0 027002000002007009 10102.6 033002000002007009
6 10102.6 033002000002007009 501022.116975 001002000020007008
6 501022.116975 001002000020007008 20295.6 001003002012007010
6 20295.6 001003002012007010 8059.34 001003002012009010
6 8059.34 001003002012009010 501022.116975 001002000020007008
6 501022.116975 001002000020007008 464622.43932 001002000012007010
6 464622.43932 001002000012007010 33.0623 001002000012006010
6 33.0623 001002000012006010 501022.116975 001002000020007008
6 501022.116975 001002000020007008 1151536.0 001003000012007010
6 1151536.0 001003000012007010 23562.9 001003001012007010
6 23562.9 001003001012007010 501022.116975 001002000020007008
6 501022.116975 001002000020007008 8375.03 001002000020007010
6 8375.03 001002000020007010 1031829.08 001003000020007010
6 1031829.08 001003000020007010 501022.116975 001002000020007008
6 501022.116975 001002000020007008 1151536.0 001003000012007010
6 1151536.0 001003000012007010 1389430.0 001003000015007010
6 1389430.0 001003000015007010 501022.116975 001002000020007008
6 501022.116975 001002000020007008 264696.0 001002000020007009
6 264696.0 001002000020007009 501022.116975 001002000020007008
6 501022.116975 001002000020007008 8375.03 001002000020007010
6 8375.03 001002000020007010 464622.43932 001002000012007010
6 464622.43932 001002000012007010 244515.0 001002002012007010
6 244515.0 001002002012007010 264696.0 001002000020007009
6 264696.0 001002000020007009 464622.43932 001002000012007010
6 464622.43932 001002000012007010 33.0623 001002000012006010
6 33.0623 001002000012006010 264696.0 001002000020007009
6 264696.0 001002000020007009 1501400.0 001002000002006009
6 1501400.0 001002000002006009 385620.0 001002001002006009
6 385620.0 001002001002006009 33.0623 001002000012006010
6 33.0623 001002000012006010 264696.0 001002000020007009
6 264696.0 001002000020007009 430279.3333333333 001002002020007009
6 430279.3333333333 001002002020007009 33.0623 001002000012006010
6 33.0623 001002000012006010 818858.454 001002002002007009
6 818858.454 001002002002007009 818858.454 001002002002007009
6 818858.454 001002002002007009 33.0623 001002000012006010
6 33.0623 001002000012006010 818858.454 001002002002007009
6 818858.454 001002002002007009 36268.2 025002002002007009
6 36268.2 025002002002007009 33.0623 001002000012006010
6 33.0623 001002000012006010 818858.454 001002002002007009
6 818858.454 001002002002007009 818858.454 001002002002007009
6 818858.454 001002002002007009 33.0623 001002000012006010
6 33.0623 001002000012006010 173.554 001002000002007010
6 173.554 001002000002007010 173.554 001002000002007010
6 173.554 001002000002007010 33.0623 001002000012006010
6 33.0623 001002000012006010 8375.03 001002000020007010
6 8375.03 001002000020007010 626249.0 018002000020007010
6 626249.0 018002000020007010 33.0623 001002000012006010
6 33.0623 001002000012006010 38.7903 001002000020006010
6 38.7903 001002000020006010 84.0837 001002001020006010
6 84.0837 001002001020006010 33.0623 001002000012006010
6 33.0623 001002000012006010 8375.03 001002000020007010
6 8375.03 001002000020007010 4407.47 033002000020007010
6 4407.47 033002000020007010 33.0623 001002000012006010
6 33.0623 001002000012006010 264696.0 001002000020007009
6 264696.0 001002000020007009 33.0623 001002000012006010
6 33.0623 001002000012006010 264696.0 001002000020007009
6 264696.0 001002000020007009 38.7903 001002000020006010
6 38.7903 001002000020006010 38.7903 001002000020006010
6 38.7903 001002000020006010 33.0623 001002000012006010
6 33.0623 001002000012006010 15806.4 001002000012008009
6 15806.4 001002000012008009 2174.81 001002000012008001
6 2174.81 001002000012008001 33.0623 001002000012006010
6 33.0623 001002000012006010 501022.116975 001002000020007008
6 501022.116975 001002000020007008 8375.03 001002000020007010
6 8375.03 001002000020007010 33.0623 001002000012006010
6 33.0623 001002000012006010 103240.7 001002001020007008
6 103240.7 001002001020007008 1431.3 010002001020007008
6 1431.3 010002001020007008 8375.03 001002000020007010
6 8375.03 001002000020007010 8375.03 001002000020007010
6 8375.03 001002000020007010 4171.54 001002000007007010
6 4171.54 001002000007007010 8375.03 001002000020007010
6 8375.03 001002000020007010 8375.03 001002000020007010
6 8375.03 001002000020007010 173.554 001002000002007010
6 173.554 001002000002007010 8375.03 001002000020007010
6 8375.03 001002000020007010 443439.375 001002000012007009
6 443439.375 001002000012007009 15806.4 001002000012008009
6 15806.4 001002000012008009 8375.03 001002000020007010
6 8375.03 001002000020007010 311803.0 001002002012006009
6 311803.0 001002002012006009 222107.0 001002002021006009
6 222107.0 001002002021006009 8375.03 001002000020007010
6 8375.03 001002000020007010 173.554 001002000002007010
6 173.554 001002000002007010 173.554 001002000002007010
6 173.554 001002000002007010 8375.03 001002000020007010
6 8375.03 001002000020007010 464622.43932 001002000012007010
6 464622.43932 001002000012007010 3475.78 022002000012007010
6 3475.78 022002000012007010 8375.03 001002000020007010
6 8375.03 001002000020007010 8375.03 001002000020007010
6 8375.03 001002000020007010 4867.64 001002000020002010
6 4867.64 001002000020002010 8375.03 001002000020007010
6 8375.03 001002000020007010 2044745.0 001002000002007009
6 2044745.0 001002000002007009 393037.0 001002000007007009
6 393037.0 001002000007007009 8375.03 001002000020007010
6 8375.03 001002000020007010 8375.03 001002000020007010
6 8375.03 001002000020007010 8375.03 001002000020007010
6 8375.03 001002000020007010 33.0623 001002000012006010
6 33.0623 001002000012006010 33.0623 001002000012006010
6 33.0623 001002000012006010 8375.03 001002000020007010
6 8375.03 001002000020007010 33.0623 001002000012006010
6 33.0623 001002000012006010 158658.96881666666 001002002020007010
6 158658.96881666666 001002002020007010 158658.96881666666 001002002020007010
6 158658.96881666666 001002002020007010 8375.03 001002000020007010
6 8375.03 001002000020007010 8375.03 001002000020007010
6 8375.03 001002000020007010 273.849 035002000020007010
6 273.849 035002000020007010 8375.03 001002000020007010
6 8375.03 001002000020007010 437385.0 001002000012007008
6 437385.0 001002000012007008 3594.06 001002000012007001
6 3594.06 001002000012007001 8375.03 001002000020007010
6 8375.03 001002000020007010 4867.64 001002000020002010
6 4867.64 001002000020002010 215737.0 001002001020002010
6 215737.0 001002001020002010 8375.03 001002000020007010
6 8375.03 001002000020007010 8180990000.0 001002000002002009
6 8180990000.0 001002000002002009 90920300.0 001003000002002009
6 90920300.0 001003000002002009 8375.03 001002000020007010
6 8375.03 001002000020007010 8375.03 001002000020007010
6 8375.03 001002000020007010 7000.4895 001002000020012010
6 7000.4895 001002000020012010 8375.03 001002000020007010
6 8375.03 001002000020007010 8375.03 001002000020007010
6 8375.03 001002000020007010 3964.91 016002000020007010
6 3964.91 016002000020007010 8375.03 001002000020007010
6 8375.03 001002000020007010 8375.03 001002000020007010
6 8375.03 001002000020007010 94.6542 008002000020007010
6 94.6542 008002000020007010 8375.03 001002000020007010
6 8375.03 001002000020007010 8375.03 001002000020007010
6 8375.03 001002000020007010 8375.03 001002000020007010
6 8375.03 001002000020007010 33.0623 001002000012006010
6 33.0623 001002000012006010 8375.03 001002000020007010
6 8375.03 001002000020007010 8375.03 001002000020007010
6 8375.03 001002000020007010 33.0623 001002000012006010
6 33.0623 001002000012006010 264696.0 001002000020007009
6 264696.0 001002000020007009 8375.03 001002000020007010
6 8375.03 001002000020007010 33.0623 001002000012006010
6 33.0623 001002000012006010 8375.03 001002000020007010
6 8375.03 001002000020007010 1167.6 039002000020007010
6 1167.6 039002000020007010 8375.03 001002000020007010
6 8375.03 001002000020007010 501022.116975 001002000020007008
6 501022.116975 001002000020007008 210377.0 001002000020014008
6 210377.0 001002000020014008 8375.03 001002000020007010
6 8375.03 001002000020007010 158658.96881666666 001002002020007010
6 158658.96881666666 001002002020007010 31710.7 013002002020007010
6 31710.7 013002002020007010 8375.03 001002000020007010
6 8375.03 001002000020007010 2044745.0 001002000002007009
6 2044745.0 001002000002007009 1096640.0 001002000008007009
6 1096640.0 001002000008007009 8375.03 001002000020007010
6 8375.03 001002000020007010 173.554 001002000002007010
6 173.554 001002000002007010 8375.03 001002000020007010
6 8375.03 001002000020007010 33.0623 001002000012006010
6 33.0623 001002000012006010 8375.03 001002000020007010
6 8375.03 001002000020007010 4867.64 001002000020002010
6 4867.64 001002000020002010 8375.03 001002000020007010
6 8375.03 001002000020007010 8375.03 001002000020007010
6 8375.03 001002000020007010 1804.2128500000001 001002000020010010
6 1804.2128500000001 001002000020010010 8375.03 001002000020007010
6 8375.03 001002000020007010 264696.0 001002000020007009
6 264696.0 001002000020007009 171825.18 001002000020007011
6 171825.18 001002000020007011 8375.03 001002000020007010
6 8375.03 001002000020007010 430279.3333333333 001002002020007009
6 430279.3333333333 001002002020007009 158658.96881666666 001002002020007010
6 158658.96881666666 001002002020007010 8375.03 001002000020007010
6 8375.03 001002000020007010 430279.3333333333 001002002020007009
6 430279.3333333333 001002002020007009 94.5214 001002001020007009
6 94.5214 001002001020007009 8375.03 001002000020007010
6 8375.03 001002000020007010 8375.03 001002000020007010
6 8375.03 001002000020007010 8375.03 001002000020007010
6 8375.03 001002000020007010 33.0623 001002000012006010
6 33.0623 001002000012006010 8375.03 001002000020007010
6 8375.03 001002000020007010 1031829.08 001003000020007010
6 1031829.08 001003000020007010 8375.03 001002000020007010
6 8375.03 001002000020007010 464622.43932 001002000012007010
6 464622.43932 001002000012007010 3594.06 001002000012007001
6 3594.06 001002000012007001 8375.03 001002000020007010
6 8375.03 001002000020007010 501022.116975 001002000020007008
6 501022.116975 001002000020007008 258571.0 001004000020007008
6 258571.0 001004000020007008 8375.03 001002000020007010
6 8375.03 001002000020007010 264696.0 001002000020007009
6 264696.0 001002000020007009 346806.0 001002000014007009
6 346806.0 001002000014007009 8375.03 001002000020007010
6 8375.03 001002000020007010 501022.116975 001002000020007008
6 501022.116975 001002000020007008 515222.0 001001000020007008
6 515222.0 001001000020007008 8375.03 001002000020007010
6 8375.03 001002000020007010 886054.0 001002000020006008
6 886054.0 001002000020006008 350747.0 001002000008006008
6 350747.0 001002000008006008 8375.03 001002000020007010
6 8375.03 001002000020007010 501022.116975 001002000020007008
6 501022.116975 001002000020007008 501022.116975 001002000020007008
6 501022.116975 001002000020007008 8375.03 001002000020007010
6 8375.03 001002000020007010 8375.03 001002000020007010
6 8375.03 001002000020007010 835884.0 001002000020001010
6 835884.0 001002000020001010 8375.03 001002000020007010
6 8375.03 001002000020007010 8375.03 001002000020007010
6 8375.03 001002000020007010 8375.03 001002000020007010
6 8375.03 001002000020007010 8375.03 001002000020007010
6 8375.03 001002000020007010 158658.96881666666 001002002020007010
6 158658.96881666666 001002002020007010 13057.2 001002002020007005
6 13057.2 001002002020007005 8375.03 001002000020007010
6 8375.03 001002000020007010 14317.6 001002000020006009
6 14317.6 001002000020006009 14317.6 001002000020006009
6 14317.6 001002000020006009 8375.03 001002000020007010
6 8375.03 001002000020007010 8375.03 001002000020007010
6 8375.03 001002000020007010 16689.3 001002000024007010
6 16689.3 001002000024007010 8375.03 001002000020007010
6 8375.03 001002000020007010 8375.03 001002000020007010
6 8375.03 001002000020007010 33585.8 001006000020007010
6 33585.8 001006000020007010 8375.03 001002000020007010
6 8375.03 001002000020007010 8375.03 001002000020007010
6 8375.03 001002000020007010 148517.37176666668 001002001020007010
6 148517.37176666668 001002001020007010 8375.03 001002000020007010
6 8375.03 001002000020007010 8375.03 001002000020007010
6 8375.03 001002000020007010 3064.923333333333 001000000020007010
6 3064.923333333333 001000000020007010 8375.03 001002000020007010
6 8375.03 001002000020007010 264696.0 001002000020007009
6 264696.0 001002000020007009 385789.45832142857 001002000020007002
6 385789.45832142857 001002000020007002 8375.03 001002000020007010
6 8375.03 001002000020007010 8375.03 001002000020007010
6 8375.03 001002000020007010 8375.03 001002000020007010
6 8375.03 001002000020007010 8375.03 001002000020007010
6 8375.03 001002000020007010 8375.03 001002000020007010
6 8375.03 001002000020007010 148517.37176666668 001002001020007010
6 148517.37176666668 001002001020007010 8375.03 001002000020007010
6 8375.03 001002000020007010 38.7903 001002000020006010
6 38.7903 001002000020006010 42.9665 001002000020006015
6 42.9665 001002000020006015 8375.03 001002000020007010
6 8375.03 001002000020007010 38.7903 001002000020006010
6 38.7903 001002000020006010 296014.0 001002002020006010
6 296014.0 001002002020006010 8375.03 001002000020007010
6 8375.03 001002000020007010 8375.03 001002000020007010
6 8375.03 001002000020007010 9426.03 001002000020015010
6 9426.03 001002000020015010 8375.03 001002000020007010
6 8375.03 001002000020007010 8375.03 001002000020007010
6 8375.03 001002000020007010 49.7185 001002000020007015
6 49.7185 001002000020007015 8375.03 001002000020007010
6 8375.03 001002000020007010 38.7903 001002000020006010
6 38.7903 001002000020006010 38.7903 001002000020006010
6 38.7903 001002000020006010 8375.03 001002000020007010
6 8375.03 001002000020007010 8375.03 001002000020007010
6 8375.03 001002000020007010 385789.45832142857 001002000020007002
6 385789.45832142857 001002000020007002 8375.03 001002000020007010
6 8375.03 001002000020007010 38.7903 001002000020006010
6 38.7903 001002000020006010 1804.2128500000001 001002000020010010
6 1804.2128500000001 001002000020010010 8375.03 001002000020007010
6 8375.03 001002000020007010 8375.03 001002000020007010
6 8375.03 001002000020007010 3064.923333333333 001000000020007010
6 3064.923333333333 001000000020007010 8375.03 001002000020007010
6 8375.03 001002000020007010 501022.116975 001002000020007008
6 501022.116975 001002000020007008 103240.7 001002001020007008
6 103240.7 001002001020007008 8375.03 001002000020007010
6 8375.03 001002000020007010 1648.45 001002000012006009
6 1648.45 001002000012006009 137.321 001002000000006009
6 137.321 001002000000006009 8375.03 001002000020007010
6 8375.03 001002000020007010 8375.03 001002000020007010
6 8375.03 001002000020007010 8631.977375 001002000020024010
6 8631.977375 001002000020024010 8375.03 001002000020007010
6 8375.03 001002000020007010 8631.977375 001002000020024010
6 8631.977375 001002000020024010 4867.64 001002000020002010
6 4867.64 001002000020002010 8375.03 001002000020007010
6 8375.03 001002000020007010 443439.375 001002000012007009
6 443439.375 001002000012007009 5782.72 032002000012007009
6 5782.72 032002000012007009 8375.03 001002000020007010
6 8375.03 001002000020007010 8631.977375 001002000020024010
6 8631.977375 001002000020024010 61.4012 009002000020024010
6 61.4012 009002000020024010 8375.03 001002000020007010
6 8375.03 001002000020007010 8375.03 001002000020007010
6 8375.03 001002000020007010 350391.8441 001002000020007007
6 350391.8441 001002000020007007 8375.03 001002000020007010
6 8375.03 001002000020007010 8375.03 001002000020007010
6 8375.03 001002000020007010 20531.3 001002000020007003
6 20531.3 001002000020007003 8375.03 001002000020007010
6 8375.03 001002000020007010 38.7903 001002000020006010
6 38.7903 001002000020006010 8375.03 001002000020007010
6 8375.03 001002000020007010 8375.03 001002000020007010
6 8375.03 001002000020007010 8375.03 001002000020007010
6 8375.03 001002000020007010 264696.0 001002000020007009
6 264696.0 001002000020007009 8375.03 001002000020007010
6 8375.03 001002000020007010 264696.0 001002000020007009
6 264696.0 001002000020007009 255625.0 001004000020007009
6 255625.0 001004000020007009 8375.03 001002000020007010
6 8375.03 001002000020007010 8375.03 001002000020007010
6 8375.03 001002000020007010 6142.39 001002000005007010
6 6142.39 001002000005007010 8375.03 001002000020007010
6 8375.03 001002000020007010 8375.03 001002000020007010
6 8375.03 001002000020007010 1804.2128500000001 001002000020010010
6 1804.2128500000001 001002000020010010 8375.03 001002000020007010
6 8375.03 001002000020007010 8375.03 001002000020007010
6 8375.03 001002000020007010 8375.03 001002000020007010
6 8375.03 001002000020007010 264696.0 001002000020007009
6 264696.0 001002000020007009 8375.03 001002000020007010
6 8375.03 001002000020007010 49.7185 001002000020007015
6 49.7185 001002000020007015 8375.03 001002000020007010
6 8375.03 001002000020007010 8375.03 001002000020007010
6 8375.03 001002000020007010 84214966.17 036002000020007010
6 84214966.17 036002000020007010 8375.03 001002000020007010
6 8375.03 001002000020007010 84214966.17 036002000020007010
6 84214966.17 036002000020007010 37590000.0 036002001020007010
6 37590000.0 036002001020007010 8375.03 001002000020007010
6 8375.03 001002000020007010 8375.03 001002000020007010
6 8375.03 001002000020007010 1031829.08 001003000020007010
6 1031829.08 001003000020007010 8375.03 001002000020007010
6 8375.03 001002000020007010 25402.9 001003001020007010
6 25402.9 001003001020007010 89.4398 001003001020014010
6 89.4398 001003001020014010 8375.03 001002000020007010
6 8375.03 001002000020007010 124502.0 001002000020024002
6 124502.0 001002000020024002 6490.23 001002001020024002
6 6490.23 001002001020024002 8375.03 001002000020007010
6 8375.03 001002000020007010 8631.977375 001002000020024010
6 8631.977375 001002000020024010 3872.74 001002000020011010
6 3872.74 001002000020011010 8375.03 001002000020007010
6 8375.03 001002000020007010 385789.45832142857 001002000020007002
6 385789.45832142857 001002000020007002 99.9436 001002000022007002
6 99.9436 001002000022007002 8375.03 001002000020007010
6 8375.03 001002000020007010 350391.8441 001002000020007007
6 350391.8441 001002000020007007 10428.8 001002000022007007
6 10428.8 001002000022007007 8375.03 001002000020007010
6 8375.03 001002000020007010 52.1812 001002000022007010
6 52.1812 001002000022007010 8375.03 001002000020007010
6 8375.03 001002000020007010 8375.03 001002000020007010
6 8375.03 001002000020007010 8375.03 001002000020007010
6 8375.03 001002000020007010 158658.96881666666 001002002020007010
6 158658.96881666666 001002002020007010 8375.03 001002000020007010
6 8375.03 001002000020007010 264696.0 001002000020007009
6 264696.0 001002000020007009 264696.0 001002000020007009
6 264696.0 001002000020007009 8375.03 001002000020007010
6 8375.03 001002000020007010 385789.45832142857 001002000020007002
6 385789.45832142857 001002000020007002 72.3695 001002002020007002
6 72.3695 001002002020007002 8375.03 001002000020007010
6 8375.03 001002000020007010 385789.45832142857 001002000020007002
6 385789.45832142857 001002000020007002 385789.45832142857 001002000020007002
6 385789.45832142857 001002000020007002 8375.03 001002000020007010
6 8375.03 001002000020007010 8375.03 001002000020007010
6 8375.03 001002000020007010 17160.7 031002000020007010
6 17160.7 031002000020007010 8375.03 001002000020007010
6 8375.03 001002000020007010 8375.03 001002000020007010
6 8375.03 001002000020007010 148517.37176666668 001002001020007010
6 148517.37176666668 001002001020007010 8375.03 001002000020007010
6 8375.03 001002000020007010 297410.0 001002000020024009
6 297410.0 001002000020024009 221550.0 001002002020024009
6 221550.0 001002002020024009 8375.03 001002000020007010
6 8375.03 001002000020007010 8375.03 001002000020007010
6 8375.03 001002000020007010 769608.0 001002000010007010
6 769608.0 001002000010007010 8375.03 001002000020007010
6 8375.03 001002000020007010 8375.03 001002000020007010
6 8375.03 001002000020007010 158658.96881666666 001002002020007010
6 158658.96881666666 001002002020007010 8375.03 001002000020007010
6 8375.03 001002000020007010 8375.03 001002000020007010
6 8375.03 001002000020007010 4901.04 001002000020016010
6 4901.04 001002000020016010 8375.03 001002000020007010
6 8375.03 001002000020007010 8375.03 001002000020007010
6 8375.03 001002000020007010 767.292 001002000000007010
6 767.292 001002000000007010 8375.03 001002000020007010
6 8375.03 001002000020007010 8375.03 001002000020007010
6 8375.03 001002000020007010 3064.923333333333 001000000020007010
6 3064.923333333333 001000000020007010 8375.03 001002000020007010
6 8375.03 001002000020007010 437694.0 001000000020024010
6 437694.0 001000000020024010 82.2513 001000001020024010
6 82.2513 001000001020024010 8375.03 001002000020007010
6 8375.03 001002000020007010 148517.37176666668 001002001020007010
6 148517.37176666668 001002001020007010 84245.98083333333 001004001020007010
6 84245.98083333333 001004001020007010 8375.03 001002000020007010
6 8375.03 001002000020007010 8375.03 001002000020007010
6 8375.03 001002000020007010 55.0126 001002000020004010
6 55.0126 001002000020004010 8375.03 001002000020007010
6 8375.03 001002000020007010 8375.03 001002000020007010
6 8375.03 001002000020007010 8375.03 001002000020007010
6 8375.03 001002000020007010 8375.03 001002000020007010
6 8375.03 001002000020007010 8375.03 001002000020007010
6 8375.03 001002000020007010 1167.6 039002000020007010
6 1167.6 039002000020007010 8375.03 001002000020007010
6 8375.03 001002000020007010 8375.03 001002000020007010
6 8375.03 001002000020007010 8375.03 001002000020007010
6 8375.03 001002000020007010 8375.03 001002000020007010
6 8375.03 001002000020007010 264696.0 001002000020007009
6 264696.0 001002000020007009 551208.0 001002000006007009
6 551208.0 001002000006007009 8375.03 001002000020007010
6 8375.03 001002000020007010 148517.37176666668 001002001020007010
6 148517.37176666668 001002001020007010 8375.03 001002000020007010
6 8375.03 001002000020007010 8375.03 001002000020007010
6 8375.03 001002000020007010 264696.0 001002000020007009
6 264696.0 001002000020007009 9463.39 001002000020003009
6 9463.39 001002000020003009 8375.03 001002000020007010
6 8375.03 001002000020007010 8375.03 001002000020007010
6 8375.03 001002000020007010 4317.68 001002000020007012
6 4317.68 001002000020007012 8375.03 001002000020007010
6 8375.03 001002000020007010 8375.03 001002000020007010
6 8375.03 001002000020007010 8841.48 001002000020000010
6 8841.48 001002000020000010 8375.03 001002000020007010
6 8375.03 001002000020007010 94.5214 001002001020007009
6 94.5214 001002001020007009 264696.0 001002000020007009
6 264696.0 001002000020007009 8375.03 001002000020007010
6 8375.03 001002000020007010 264696.0 001002000020007009
6 264696.0 001002000020007009 8434.07 001002000020007006
6 8434.07 001002000020007006 8375.03 001002000020007010
6 8375.03 001002000020007010 491303.0 001002001020007006
6 491303.0 001002001020007006 482137.0 001003001020007006
6 482137.0 001003001020007006 8375.03 001002000020007010
6 8375.03 001002000020007010 148517.37176666668 001002001020007010
6 148517.37176666668 001002001020007010 25402.9 001003001020007010
6 25402.9 001003001020007010 8375.03 001002000020007010
6 8375.03 001002000020007010 255625.0 001004000020007009
6 255625.0 001004000020007009 3113.66 001004000020012009
6 3113.66 001004000020012009 8375.03 001002000020007010
6 8375.03 001002000020007010 7000.4895 001002000020012010
6 7000.4895 001002000020012010 7000.4895 001002000020012010
6 7000.4895 001002000020012010 8375.03 001002000020007010
6 8375.03 001002000020007010 264696.0 001002000020007009
6 264696.0 001002000020007009 8375.03 001002000020007010
6 8375.03 001002000020007010 8375.03 001002000020007010
6 8375.03 001002000020007010 79.0003 001004000020007010
6 79.0003 001004000020007010 22258.3 001005000020007010
6 22258.3 001005000020007010 8375.03 001002000020007010
6 8375.03 001002000020007010 8375.03 001002000020007010
6 8375.03 001002000020007010 187184.2 002002000020007010
6 187184.2 002002000020007010 8375.03 001002000020007010
6 8375.03 001002000020007010 8375.03 001002000020007010
6 8375.03 001002000020007010 1168230.0 001002000020005010
6 1168230.0 001002000020005010 8375.03 001002000020007010
6 8375.03 001002000020007010 8375.03 001002000020007010
6 8375.03 001002000020007010 19719.2 001002000020007018
6 19719.2 001002000020007018 8375.03 001002000020007010
6 8375.03 001002000020007010 8375.03 001002000020007010
6 8375.03 001002000020007010 1227.02 001002000020018010
6 1227.02 001002000020018010 8375.03 001002000020007010
6 8375.03 001002000020007010 31221.3 002002000020007002
6 31221.3 002002000020007002 8375.03 001002000020007010
6 8375.03 001002000020007010 8375.03 001002000020007010
6 8375.03 001002000020007010 79.0003 001004000020007010
6 79.0003 001004000020007010 8375.03 001002000020007010
6 8375.03 001002000020007010 8375.03 001002000020007010
6 8375.03 001002000020007010 8375.03 001002000020007010
6 8375.03 001002000020007010 94.6542 008002000020007010
6 94.6542 008002000020007010 8375.03 001002000020007010
6 8375.03 001002000020007010 23356.6 008002000020007009
6 23356.6 008002000020007009 23079.8 008002000020022009
6 23079.8 008002000020022009 8375.03 001002000020007010
6 8375.03 001002000020007010 79.0003 001004000020007010
6 79.0003 001004000020007010 117.45 022004000020007010
6 117.45 022004000020007010 8375.03 001002000020007010
6 8375.03 001002000020007010 79.0003 001004000020007010
6 79.0003 001004000020007010 10264.2 001004000020007016
6 10264.2 001004000020007016 8375.03 001002000020007010
6 8375.03 001002000020007010 8375.03 001002000020007010
6 8375.03 001002000020007010 265645.0 001002000020025010
6 265645.0 001002000020025010 8375.03 001002000020007010
6 8375.03 001002000020007010 279550.2 001004000020007002
6 279550.2 001004000020007002 27700.7 001004000018007002
6 27700.7 001004000018007002 8375.03 001002000020007010
6 8375.03 001002000020007010 2724990.0 001002000018007002
6 2724990.0 001002000018007002 199331.0 001002001018007002
6 199331.0 001002001018007002 8375.03 001002000020007010
6 8375.03 001002000020007010 187184.2 002002000020007010
6 187184.2 002002000020007010 41.4714 002002000020004010
6 41.4714 002002000020004010 8375.03 001002000020007010
6 8375.03 001002000020007010 385789.45832142857 001002000020007002
6 385789.45832142857 001002000020007002 20531.3 001002000020007003
6 20531.3 001002000020007003 8375.03 001002000020007010
6 8375.03 001002000020007010 8375.03 001002000020007010
6 8375.03 001002000020007010 148517.37176666668 001002001020007010
6 148517.37176666668 001002001020007010 8375.03 001002000020007010
6 8375.03 001002000020007010 84245.98083333333 001004001020007010
6 84245.98083333333 001004001020007010 13684.4 001004001020007015
6 13684.4 001004001020007015 8375.03 001002000020007010
6 8375.03 001002000020007010 84245.98083333333 001004001020007010
6 84245.98083333333 001004001020007010 165.772 001000001020007010
6 165.772 001000001020007010 8375.03 001002000020007010
6 8375.03 001002000020007010 94.5214 001002001020007009
6 94.5214 001002001020007009 264696.0 001002000020007009
6 264696.0 001002000020007009 8375.03 001002000020007010
6 8375.03 001002000020007010 8375.03 001002000020007010
6 8375.03 001002000020007010 8375.03 001002000020007010
6 8375.03 001002000020007010 8375.03 001002000020007010
6 8375.03 001002000020007010 8375.03 001002000020007010
6 8375.03 001002000020007010 158658.96881666666 001002002020007010
6 158658.96881666666 001002002020007010 8375.03 001002000020007010
6 8375.03 001002000020007010 187184.2 002002000020007010
6 187184.2 002002000020007010 20832.3 037002000020007010
6 20832.3 037002000020007010 8375.03 001002000020007010
6 8375.03 001002000020007010 187184.2 002002000020007010
6 187184.2 002002000020007010 129859.10447 002002000021007010
6 129859.10447 002002000021007010 8375.03 001002000020007010
6 8375.03 001002000020007010 8375.03 001002000020007010
6 8375.03 001002000020007010 8375.03 001002000020007010
6 8375.03 001002000020007010 8375.03 001002000020007010
6 8375.03 001002000020007010 187184.2 002002000020007010
6 187184.2 002002000020007010 327811.0 002003000020007010
6 327811.0 002003000020007010 8375.03 001002000020007010
6 8375.03 001002000020007010 327811.0 002003000020007010
6 327811.0 002003000020007010 5580604.2 028003000020007010
6 5580604.2 028003000020007010 8375.03 001002000020007010
6 8375.03 001002000020007010 5580604.2 028003000020007010
6 5580604.2 028003000020007010 4256.92 028004000020007010
6 4256.92 028004000020007010 8375.03 001002000020007010
6 8375.03 001002000020007010 8375.03 001002000020007010
6 8375.03 001002000020007010 209986.0 001001000020007010
6 209986.0 001001000020007010 8375.03 001002000020007010
6 8375.03 001002000020007010 8375.03 001002000020007010
6 8375.03 001002000020007010 8375.03 001002000020007010
6 8375.03 001002000020007010 8375.03 001002000020007010
6 8375.03 001002000020007010 8375.03 001002000020007010
6 8375.03 001002000020007010 33585.8 001006000020007010
6 33585.8 001006000020007010 8375.03 001002000020007010
6 8375.03 001002000020007010 129859.10447 002002000021007010
6 129859.10447 002002000021007010 7019.19 002002000021007016
6 7019.19 002002000021007016 8375.03 001002000020007010
6 8375.03 001002000020007010 264696.0 001002000020007009
6 264696.0 001002000020007009 264696.0 001002000020007009
6 264696.0 001002000020007009 8375.03 001002000020007010
6 8375.03 001002000020007010 15279.9 001002000021007010
6 15279.9 001002000021007010 8375.03 001002000020007010
6 8375.03 001002000020007010 8375.03 001002000020007010
6 8375.03 001002000020007010 8375.03 001002000020007010
6 8375.03 001002000020007010 22258.3 001005000020007010
6 22258.3 001005000020007010 8375.03 001002000020007010
6 8375.03 001002000020007010 8375.03 001002000020007010
6 8375.03 001002000020007010 8375.03 001002000020007010
6 8375.03 001002000020007010 8375.03 001002000020007010
6 8375.03 001002000020007010 8375.03 001002000020007010
6 8375.03 001002000020007010 8375.03 001002000020007010
6 8375.03 001002000020007010 8375.03 001002000020007010
6 8375.03 001002000020007010 148517.37176666668 001002001020007010
6 148517.37176666668 001002001020007010 177535.0 001002001014007010
6 177535.0 001002001014007010 8375.03 001002000020007010
6 8375.03 001002000020007010 279550.2 001004000020007002
6 279550.2 001004000020007002 10264.2 001004000020007016
6 10264.2 001004000020007016 8375.03 001002000020007010
6 8375.03 001002000020007010 15279.9 001002000021007010
6 15279.9 001002000021007010 15279.9 001002000021007010
6 15279.9 001002000021007010 8375.03 001002000020007010
6 8375.03 001002000020007010 31221.3 002002000020007002
6 31221.3 002002000020007002 8375.03 001002000020007010
6 8375.03 001002000020007010 15279.9 001002000021007010
6 15279.9 001002000021007010 8375.03 001002000020007010
6 8375.03 001002000020007010 6825.87 029002000020007010
6 6825.87 029002000020007010 8375.03 001002000020007010
6 8375.03 001002000020007010 264696.0 001002000020007009
6 264696.0 001002000020007009 26824.6 001003000020007009
6 26824.6 001003000020007009 8375.03 001002000020007010
6 8375.03 001002000020007010 264696.0 001002000020007009
6 264696.0 001002000020007009 18.2191 001002000022007009
6 18.2191 001002000022007009 8375.03 001002000020007010
6 8375.03 001002000020007010 8375.03 001002000020007010
6 8375.03 001002000020007010 148517.37176666668 001002001020007010
6 148517.37176666668 001002001020007010 8375.03 001002000020007010
6 8375.03 001002000020007010 631729.6666666666 001002000021007009
6 631729.6666666666 001002000021007009 9640.28 001002000021007015
6 9640.28 001002000021007015 8375.03 001002000020007010
6 8375.03 001002000020007010 8375.03 001002000020007010
6 8375.03 001002000020007010 8375.03 001002000020007010
6 8375.03 001002000020007010 15279.9 001002000021007010
6 15279.9 001002000021007010 49.7185 001002000020007015
6 49.7185 001002000020007015 14707.7 001002002020007015
6 14707.7 001002002020007015 8375.03 001002000020007010
6 8375.03 001002000020007010 15279.9 001002000021007010
6 15279.9 001002000021007010 376254.0 001002000021017010
6 376254.0 001002000021017010 8375.03 001002000020007010
6 8375.03 001002000020007010 8375.03 001002000020007010
6 8375.03 001002000020007010 626286.0 001002000001007010
6 626286.0 001002000001007010 8375.03 001002000020007010
6 8375.03 001002000020007010 187184.2 002002000020007010
6 187184.2 002002000020007010 8461.32 002002000004007010
6 8461.32 002002000004007010 8375.03 001002000020007010
6 8375.03 001002000020007010 187184.2 002002000020007010
6 187184.2 002002000020007010 14675.5 002002002020007010
6 14675.5 002002002020007010 8375.03 001002000020007010
6 8375.03 001002000020007010 187184.2 002002000020007010
6 187184.2 002002000020007010 533360.8333333334 002002001020007010
6 533360.8333333334 002002001020007010 8375.03 001002000020007010
6 8375.03 001002000020007010 129859.10447 002002000021007010
6 129859.10447 002002000021007010 535557.0 002002000021003010
6 535557.0 002002000021003010 8375.03 001002000020007010
6 8375.03 001002000020007010 8375.03 001002000020007010
6 8375.03 001002000020007010 158658.96881666666 001002002020007010
6 158658.96881666666 001002002020007010 8375.03 001002000020007010
6 8375.03 001002000020007010 8375.03 001002000020007010
6 8375.03 001002000020007010 158658.96881666666 001002002020007010
6 158658.96881666666 001002002020007010 8375.03 001002000020007010
6 8375.03 001002000020007010 8375.03 001002000020007010
6 8375.03 001002000020007010 158658.96881666666 001002002020007010
6 158658.96881666666 001002002020007010 8375.03 001002000020007010
6 8375.03 001002000020007010 8375.03 001002000020007010
6 8375.03 001002000020007010 8375.03 001002000020007010
6 8375.03 001002000020007010 15279.9 001002000021007010
6 15279.9 001002000021007010 8375.03 001002000020007010
6 8375.03 001002000020007010 626286.0 001002000001007010
6 626286.0 001002000001007010 8375.03 001002000020007010
6 8375.03 001002000020007010 15279.9 001002000021007010
6 15279.9 001002000021007010 22405.5 034002000021007010
6 22405.5 034002000021007010 8375.03 001002000020007010
6 8375.03 001002000020007010 35542.3 002002001021007010
6 35542.3 002002001021007010 129859.10447 002002000021007010
6 129859.10447 002002000021007010 8375.03 001002000020007010
6 8375.03 001002000020007010 15279.9 001002000021007010
6 15279.9 001002000021007010 15279.9 001002000021007010
6 15279.9 001002000021007010 8375.03 001002000020007010
6 8375.03 001002000020007010 8375.03 001002000020007010
6 8375.03 001002000020007010 148517.37176666668 001002001020007010
6 148517.37176666668 001002001020007010 8375.03 001002000020007010
6 8375.03 001002000020007010 148517.37176666668 001002001020007010
6 148517.37176666668 001002001020007010 15004.0 001002001020007017
6 15004.0 001002001020007017 8375.03 001002000020007010
6 8375.03 001002000020007010 187184.2 002002000020007010
6 187184.2 002002000020007010 8.84374 002002000020011010
6 8.84374 002002000020011010 8375.03 001002000020007010
6 8375.03 001002000020007010 787622.0 002002001020011010
6 787622.0 002002001020011010 35.5022 002002001020016010
6 35.5022 002002001020016010 8375.03 001002000020007010
6 8375.03 001002000020007010 8375.03 001002000020007010
6 8375.03 001002000020007010 158658.96881666666 001002002020007010
6 158658.96881666666 001002002020007010 8375.03 001002000020007010
6 8375.03 001002000020007010 187184.2 002002000020007010
6 187184.2 002002000020007010 18196.2 002002000020007012
6 18196.2 002002000020007012 8375.03 001002000020007010
6 8375.03 001002000020007010 187184.2 002002000020007010
6 187184.2 002002000020007010 29.0777 002004000020007010
6 29.0777 002004000020007010 8375.03 001002000020007010
6 8375.03 001002000020007010 8375.03 001002000020007010
6 8375.03 001002000020007010 8375.03 001002000020007010
6 8375.03 001002000020007010 8375.03 001002000020007010
6 8375.03 001002000020007010 148517.37176666668 001002001020007010
6 148517.37176666668 001002001020007010 43.5053 001002001020007012
6 43.5053 001002001020007012 8375.03 001002000020007010
6 8375.03 001002000020007010 8375.03 001002000020007010
6 8375.03 001002000020007010 8375.03 001002000020007010
6 8375.03 001002000020007010 15279.9 001002000021007010
6 15279.9 001002000021007010 15279.9 001002000021007010
6 15279.9 001002000021007010 3931.7826250000003 001002000021024010
6 3931.7826250000003 001002000021024010 8375.03 001002000020007010
6 8375.03 001002000020007010 15279.9 001002000021007010
6 15279.9 001002000021007010 9056.68 001002001021007010
6 9056.68 001002001021007010 8375.03 001002000020007010
6 8375.03 001002000020007010 15279.9 001002000021007010
6 15279.9 001002000021007010 248724.82365 001002000008007010
6 248724.82365 001002000008007010 8375.03 001002000020007010
6 8375.03 001002000020007010 631729.6666666666 001002000021007009
6 631729.6666666666 001002000021007009 557790.0 001002002021007009
6 557790.0 001002002021007009 8375.03 001002000020007010
6 8375.03 001002000020007010 264696.0 001002000020007009
6 264696.0 001002000020007009 14317.6 001002000020006009
6 14317.6 001002000020006009 8375.03 001002000020007010
6 8375.03 001002000020007010 3931.7826250000003 001002000021024010
6 3931.7826250000003 001002000021024010 197.64 001002000021024000
6 197.64 001002000021024000 8375.03 001002000020007010
6 8375.03 001002000020007010 8375.03 001002000020007010
6 8375.03 001002000020007010 8375.03 001002000020007010
6 8375.03 001002000020007010 8375.03 001002000020007010
6 8375.03 001002000020007010 15279.9 001002000021007010
6 15279.9 001002000021007010 15279.9 001002000021007010
6 15279.9 001002000021007010 8375.03 001002000020007010
6 8375.03 001002000020007010 129859.10447 002002000021007010
6 129859.10447 002002000021007010 7019.19 002002000021007016
6 7019.19 002002000021007016 8375.03 001002000020007010
6 8375.03 001002000020007010 8375.03 001002000020007010
6 8375.03 001002000020007010 248724.82365 001002000008007010
6 248724.82365 001002000008007010 8375.03 001002000020007010
6 8375.03 001002000020007010 9056.68 001002001021007010
6 9056.68 001002001021007010 104063.0 001002001021007005
6 104063.0 001002001021007005 8375.03 001002000020007010
6 8375.03 001002000020007010 8375.03 001002000020007010
6 8375.03 001002000020007010 8375.03 001002000020007010
6 8375.03 001002000020007010 8375.03 001002000020007010
6 8375.03 001002000020007010 148517.37176666668 001002001020007010
6 148517.37176666668 001002001020007010 65.4964 001002001020000010
6 65.4964 001002001020000010 8375.03 001002000020007010
6 8375.03 001002000020007010 8375.03 001002000020007010
6 8375.03 001002000020007010 173.554 001002000002007010
6 173.554 001002000002007010 8375.03 001002000020007010
6 8375.03 001002000020007010 8375.03 001002000020007010
6 8375.03 001002000020007010 38.7903 001002000020006010
6 38.7903 001002000020006010 8375.03 001002000020007010
6 8375.03 001002000020007010 533360.8333333334 002002001020007010
6 533360.8333333334 002002001020007010 14093.0 002002001020007007
6 14093.0 002002001020007007 8375.03 001002000020007010
6 8375.03 001002000020007010 1.21513 002002000021024009
6 1.21513 002002000021024009 8375.03 001002000020007010
6 8375.03 001002000020007010 15279.9 001002000021007010
6 15279.9 001002000021007010 8375.03 001002000020007010
6 8375.03 001002000020007010 171825.18 001002000020007011
6 171825.18 001002000020007011 1.21513 002002000021024009
6 1.21513 002002000021024009 8375.03 001002000020007010
6 8375.03 001002000020007010 8375.03 001002000020007010
6 8375.03 001002000020007010 1.21513 002002000021024009
6 1.21513 002002000021024009 14117.4 001002000021024009
6 14117.4 001002000021024009 1537.48 001002000021024013
6 1537.48 001002000021024013 1.21513 002002000021024009
6 1.21513 002002000021024009 8631.977375 001002000020024010
6 8631.977375 001002000020024010 720.969 001002000020024003
6 720.969 001002000020024003 1.21513 002002000021024009
6 1.21513 002002000021024009 3931.7826250000003 001002000021024010
6 3931.7826250000003 001002000021024010 453652.0 001002001021024010
6 453652.0 001002001021024010 1.21513 002002000021024009
6 1.21513 002002000021024009 15279.9 001002000021007010
6 15279.9 001002000021007010 337653.0 001002000021021010
6 337653.0 001002000021021010 1.21513 002002000021024009
6 1.21513 002002000021024009 631729.6666666666 001002000021007009
6 631729.6666666666 001002000021007009 264696.0 001002000020007009
6 264696.0 001002000020007009 1.21513 002002000021024009
6 1.21513 002002000021024009 257253.0 001002001021024009
6 257253.0 001002001021024009 2900.11 001002001024024009
6 2900.11 001002001024024009 1.21513 002002000021024009
6 1.21513 002002000021024009 15279.9 001002000021007010
6 15279.9 001002000021007010 2876.11 001002000021007014
6 2876.11 001002000021007014 1.21513 002002000021024009
6 1.21513 002002000021024009 8375.03 001002000020007010
6 8375.03 001002000020007010 209986.0 001001000020007010
6 209986.0 001001000020007010 1.21513 002002000021024009
6 1.21513 002002000021024009 432961.0 002002000020024010
6 432961.0 002002000020024010 328041.0 002002000020006010
6 328041.0 002002000020006010 1.21513 002002000021024009
6 1.21513 002002000021024009 9056.68 001002001021007010
6 9056.68 001002001021007010 49.9676 001002001021007017
6 49.9676 001002001021007017 1.21513 002002000021024009
6 1.21513 002002000021024009 148517.37176666668 001002001020007010
6 148517.37176666668 001002001020007010 158658.96881666666 001002002020007010
6 158658.96881666666 001002002020007010 1.21513 002002000021024009
6 1.21513 002002000021024009 129859.10447 002002000021007010
6 129859.10447 002002000021007010 1.21513 002002000021024009
6 1.21513 002002000021024009 8375.03 001002000020007010
6 8375.03 001002000020007010 187184.2 002002000020007010
6 187184.2 002002000020007010 1.21513 002002000021024009
6 1.21513 002002000021024009 8375.03 001002000020007010
6 8375.03 001002000020007010 8375.03 001002000020007010
6 8375.03 001002000020007010 6700.15 001002000006007010
6 6700.15 001002000006007010 1.21513 002002000021024009
6 1.21513 002002000021024009 187184.2 002002000020007010
6 187184.2 002002000020007010 3458.42 020002000020007010
6 3458.42 020002000020007010 1.21513 002002000021024009
6 1.21513 002002000021024009 533360.8333333334 002002001020007010
6 533360.8333333334 002002001020007010 35542.3 002002001021007010
6 35542.3 002002001021007010 1.21513 002002000021024009
6 1.21513 002002000021024009 9056.68 001002001021007010
6 9056.68 001002001021007010 7068.71 001002001021012010
6 7068.71 001002001021012010 1.21513 002002000021024009
6 1.21513 002002000021024009 278673.0 002002000021007009
6 278673.0 002002000021007009 222226.0 002001000021007009
6 222226.0 002001000021007009 1.21513 002002000021024009
7 1.21513 002002000021024009 731440.0 001005000010007010
7 731440.0 001005000010007010 504888.0 001005000010024010
7 504888.0 001005000010024010 62.8251 008001001007017018
7 62.8251 008001001007017018 715774.0 001001001012007001
7 715774.0 001001001012007001 126.284 001001000012007001
7 126.284 001001000012007001 62.8251 008001001007017018
7 62.8251 008001001007017018 12296.1 001001001007007000
7 12296.1 001001001007007000 62.8251 008001001007017018
7 62.8251 008001001007017018 126.284 001001000012007001
7 126.284 001001000012007001 920867.226875 001004001012007018
7 920867.226875 001004001012007018 15443.5 040004001012007018
7 15443.5 040004001012007018 62.8251 008001001007017018
7 62.8251 008001001007017018 832242.0 001005001007000014
7 832242.0 001005001007000014 381300.0 001005001007021014
7 381300.0 001005001007021014 62.8251 008001001007017018
7 62.8251 008001001007017018 1657440.0 008004001007017018
7 1657440.0 008004001007017018 1255460.0 039004001007017018
7 1255460.0 039004001007017018 62.8251 008001001007017018
7 62.8251 008001001007017018 48903.0 020004001007007000
7 48903.0 020004001007007000 16475.5 020004000007007000
7 16475.5 020004000007007000 62.8251 008001001007017018
7 62.8251 008001001007017018 71009100.0 001004000012000000
7 71009100.0 001004000012000000 18886500.0 001000000012000000
7 18886500.0 001000000012000000 62.8251 008001001007017018
7 62.8251 008001001007017018 167928000.0 040004000007000018
7 167928000.0 040004000007000018 51750.9 040004000014000018
7 51750.9 040004000014000018 62.8251 008001001007017018
7 62.8251 008001001007017018 3614.51 001004000007007018
7 3614.51 001004000007007018 62.8251 008001001007017018
7 62.8251 008001001007017018 126.284 001001000012007001
7 126.284 001001000012007001 954778.0 001001000007007018
7 954778.0 001001000007007018 2798578.699666667 001001000021007018
7 2798578.699666667 001001000021007018 62.8251 008001001007017018
7 62.8251 008001001007017018 6839450.0 001001000012000018
7 6839450.0 001001000012000018 62170.4 001001000012000007
7 62170.4 001001000012000007 62.8251 008001001007017018
7 62.8251 008001001007017018 282731.0 001001001007007001
7 282731.0 001001001007007001 159440.0 001001001023007001
7 159440.0 001001001023007001 62.8251 008001001007017018
7 62.8251 008001001007017018 493872.06115 001001000021007001
7 493872.06115 001001000021007001 62.8251 008001001007017018
7 62.8251 008001001007017018 2798578.699666667 001001000021007018
7 2798578.699666667 001001000021007018 954778.0 001001000007007018
7 954778.0 001001000007007018 3599.4 001001000007007009
7 3599.4 001001000007007009 493872.06115 001001000021007001
7 493872.06115 001001000021007001 954778.0 001001000007007018
7 954778.0 001001000007007018 1543630.0 001001000007015018
7 1543630.0 001001000007015018 493872.06115 001001000021007001
7 493872.06115 001001000021007001 1108140.0 001001000012017001
7 1108140.0 001001000012017001 578409.0 001001000019017001
7 578409.0 001001000019017001 493872.06115 001001000021007001
7 493872.06115 001001000021007001 64.546 001001001007007018
7 64.546 001001001007007018 64.546 001001001007007018
7 64.546 001001001007007018 493872.06115 001001000021007001
7 493872.06115 001001000021007001 443147.0 001001001007007009
7 443147.0 001001001007007009 328985.0 001001001007004009
7 328985.0 001001001007004009 493872.06115 001001000021007001
7 493872.06115 001001000021007001 751469.7429190244 001001001012007018
7 751469.7429190244 001001001012007018 1211870.46075 001001001012022018
7 1211870.46075 001001001012022018 493872.06115 001001000021007001
7 493872.06115 001001000021007001 751469.7429190244 001001001012007018
7 751469.7429190244 001001001012007018 1211870.46075 001001001012022018
7 1211870.46075 001001001012022018 493872.06115 001001000021007001
7 493872.06115 001001000021007001 251519.0 001001001007017001
7 251519.0 001001001007017001 222425.0 001001001007017006
7 222425.0 001001001007017006 1211870.46075 001001001012022018
7 1211870.46075 001001001012022018 2491010.0 001001000007022018
7 2491010.0 001001000007022018 954778.0 001001000007007018
7 954778.0 001001000007007018 1211870.46075 001001001012022018
7 1211870.46075 001001001012022018 2798578.699666667 001001000021007018
7 2798578.699666667 001001000021007018 1611.98525 001001001021007018
7 1611.98525 001001001021007018 1211870.46075 001001001012022018
7 1211870.46075 001001001012022018 1211870.46075 001001001012022018
7 1211870.46075 001001001012022018 1040734.415 001001000012022018
7 1040734.415 001001000012022018 1211870.46075 001001001012022018
7 1211870.46075 001001001012022018 1205.99 001001000012007018
7 1205.99 001001000012007018 2662763.41666875 001001000012019018
7 2662763.41666875 001001000012019018 1211870.46075 001001001012022018
7 1211870.46075 001001001012022018 76.2725 001001001012017018
7 76.2725 001001001012017018 2662763.41666875 001001000012019018
7 2662763.41666875 001001000012019018 1211870.46075 001001001012022018
7 1211870.46075 001001001012022018 751469.7429190244 001001001012007018
7 751469.7429190244 001001001012007018 2662763.41666875 001001000012019018
7 2662763.41666875 001001000012019018 1211870.46075 001001001012022018
7 1211870.46075 001001001012022018 1205.99 001001000012007018
7 1205.99 001001000012007018 1205.99 001001000012007018
7 1205.99 001001000012007018 751469.7429190244 001001001012007018
7 751469.7429190244 001001001012007018 1205.99 001001000012007018
7 1205.99 001001000012007018 1205870.0 001001000020007018
7 1205870.0 001001000020007018 751469.7429190244 001001001012007018
7 751469.7429190244 001001001012007018 1155360.0 001001000021022018
7 1155360.0 001001000021022018 41.8131 001001001021022018
7 41.8131 001001001021022018 751469.7429190244 001001001012007018
7 751469.7429190244 001001001012007018 751469.7429190244 001001001012007018
7 751469.7429190244 001001001012007018 39692.6 001006001012007018
7 39692.6 001006001012007018 751469.7429190244 001001001012007018
7 751469.7429190244 001001001012007018 1611.98525 001001001021007018
7 1611.98525 001001001021007018 751469.7429190244 001001001012007018
7 751469.7429190244 001001001012007018 2662763.41666875 001001000012019018
7 2662763.41666875 001001000012019018 661112.7514692307 001001001012019018
7 661112.7514692307 001001001012019018 661112.7514692307 001001001012019018
7 661112.7514692307 001001001012019018 751469.7429190244 001001001012007018
7 751469.7429190244 001001001012007018 751469.7429190244 001001001012007018
7 751469.7429190244 001001001012007018 15468.2 001001002012007018
7 15468.2 001001002012007018 751469.7429190244 001001001012007018
7 751469.7429190244 001001001012007018 751469.7429190244 001001001012007018
7 751469.7429190244 001001001012007018 47.5209 001001001012007003
7 47.5209 001001001012007003 751469.7429190244 001001001012007018
7 751469.7429190244 001001001012007018 1205.99 001001000012007018
7 1205.99 001001000012007018 282950.0 001001000016007018
7 282950.0 001001000016007018 751469.7429190244 001001001012007018
7 751469.7429190244 001001001012007018 1040734.415 001001000012022018
7 1040734.415 001001000012022018 529.787 001001000000022018
7 529.787 001001000000022018 751469.7429190244 001001001012007018
7 751469.7429190244 001001001012007018 2798578.699666667 001001000021007018
7 2798578.699666667 001001000021007018 1296980.0 001001000010007018
7 1296980.0 001001000010007018 751469.7429190244 001001001012007018
7 751469.7429190244 001001001012007018 493872.06115 001001000021007001
7 493872.06115 001001000021007001 10563.8 001003000021007001
7 10563.8 001003000021007001 751469.7429190244 001001001012007018
7 751469.7429190244 001001001012007018 42089.6 001001001021007001
7 42089.6 001001001021007001 15860.1 013001001021007001
7 15860.1 013001001021007001 751469.7429190244 001001001012007018
7 751469.7429190244 001001001012007018 1296980.0 001001000010007018
7 1296980.0 001001000010007018 811.995 001002000010007018
7 811.995 001002000010007018 751469.7429190244 001001001012007018
7 751469.7429190244 001001001012007018 661112.7514692307 001001001012019018
7 661112.7514692307 001001001012019018 217640.325 001001001011019018
7 217640.325 001001001011019018 751469.7429190244 001001001012007018
7 751469.7429190244 001001001012007018 679191.0056666667 001001001010007018
7 679191.0056666667 001001001010007018 751469.7429190244 001001001012007018
7 751469.7429190244 001001001012007018 15468.2 001001002012007018
7 15468.2 001001002012007018 679191.0056666667 001001001010007018
7 679191.0056666667 001001001010007018 751469.7429190244 001001001012007018
7 751469.7429190244 001001001012007018 15468.2 001001002012007018
7 15468.2 001001002012007018 1205.99 001001000012007018
7 1205.99 001001000012007018 195724.0 001001000012007002
7 195724.0 001001000012007002 751469.7429190244 001001001012007018
7 751469.7429190244 001001001012007018 679191.0056666667 001001001010007018
7 679191.0056666667 001001001010007018 388244.0 001001001010022018
7 388244.0 001001001010022018 751469.7429190244 001001001012007018
7 751469.7429190244 001001001012007018 679191.0056666667 001001001010007018
7 679191.0056666667 001001001010007018 48.3844 001001001010006018
7 48.3844 001001001010006018 751469.7429190244 001001001012007018
7 751469.7429190244 001001001012007018 679191.0056666667 001001001010007018
7 679191.0056666667 001001001010007018 487646.0 001001001018007018
7 487646.0 001001001018007018 751469.7429190244 001001001012007018
7 751469.7429190244 001001001012007018 1205.99 001001000012007018
7 1205.99 001001000012007018 1740510.0 001001000022007018
7 1740510.0 001001000022007018 751469.7429190244 001001001012007018
7 751469.7429190244 001001001012007018 751469.7429190244 001001001012007018
7 751469.7429190244 001001001012007018 751469.7429190244 001001001012007018
7 751469.7429190244 001001001012007018 751469.7429190244 001001001012007018
7 751469.7429190244 001001001012007018 596144.0 001001001022007018
7 596144.0 001001001022007018 721607.0 001001002022007018
7 721607.0 001001002022007018 751469.7429190244 001001001012007018
7 751469.7429190244 001001001012007018 1205.99 001001000012007018
7 1205.99 001001000012007018 1879.57 001001000011007018
7 1879.57 001001000011007018 751469.7429190244 001001001012007018
7 751469.7429190244 001001001012007018 1645344.350625 001001002010007018
7 1645344.350625 001001002010007018 2221250.0 001002002010007018
7 2221250.0 001002002010007018 751469.7429190244 001001001012007018
7 751469.7429190244 001001001012007018 1205.99 001001000012007018
7 1205.99 001001000012007018 661345.6566333333 001000000012007018
7 661345.6566333333 001000000012007018 751469.7429190244 001001001012007018
7 751469.7429190244 001001001012007018 751469.7429190244 001001001012007018
7 751469.7429190244 001001001012007018 319.839 001001001012021018
7 319.839 001001001012021018 751469.7429190244 001001001012007018
7 751469.7429190244 001001001012007018 751469.7429190244 001001001012007018
7 751469.7429190244 001001001012007018 15468.2 001001002012007018
7 15468.2 001001002012007018 751469.7429190244 001001001012007018
7 751469.7429190244 001001001012007018 2662763.41666875 001001000012019018
7 2662763.41666875 001001000012019018 3913.09 018001000012019018
7 3913.09 018001000012019018 751469.7429190244 001001001012007018
7 751469.7429190244 001001001012007018 751469.7429190244 001001001012007018
7 751469.7429190244 001001001012007018 82.1333 001001001012013018
7 82.1333 001001001012013018 751469.7429190244 001001001012007018
7 751469.7429190244 001001001012007018 661345.6566333333 001000000012007018
7 661345.6566333333 001000000012007018 81.0682 001000000012012018
7 81.0682 001000000012012018 751469.7429190244 001001001012007018
7 751469.7429190244 001001001012007018 2252060.0 001000000010007018
7 2252060.0 001000000010007018 40.6768 001000000010016018
7 40.6768 001000000010016018 751469.7429190244 001001001012007018
7 751469.7429190244 001001001012007018 1205.99 001001000012007018
7 1205.99 001001000012007018 4190.64 008001000012007018
7 4190.64 008001000012007018 751469.7429190244 001001001012007018
7 751469.7429190244 001001001012007018 1205.99 001001000012007018
7 1205.99 001001000012007018 2191.88 006001000012007018
7 2191.88 006001000012007018 751469.7429190244 001001001012007018
7 751469.7429190244 001001001012007018 1205.99 001001000012007018
7 1205.99 001001000012007018 1205.99 001001000012007018
7 1205.99 001001000012007018 751469.7429190244 001001001012007018
7 751469.7429190244 001001001012007018 1296980.0 001001000010007018
7 1296980.0 001001000010007018 751469.7429190244 001001001012007018
7 751469.7429190244 001001001012007018 15468.2 001001002012007018
7 15468.2 001001002012007018 1740510.0 001001000022007018
7 1740510.0 001001000022007018 51.1906 001001000005007018
7 51.1906 001001000005007018 751469.7429190244 001001001012007018
7 751469.7429190244 001001001012007018 1205.99 001001000012007018
7 1205.99 001001000012007018 2170158.4675 001004000012007018
7 2170158.4675 001004000012007018 751469.7429190244 001001001012007018
7 751469.7429190244 001001001012007018 5325240.0 001001000022019018
7 5325240.0 001001000022019018 4833710.0 001002000022019018
7 4833710.0 001002000022019018 751469.7429190244 001001001012007018
7 751469.7429190244 001001001012007018 3443050.0 001000001022007018
7 3443050.0 001000001022007018 1327180.0 001000002022007018
7 1327180.0 001000002022007018 751469.7429190244 001001001012007018
7 751469.7429190244 001001001012007018 1205.99 001001000012007018
7 1205.99 001001000012007018 4300.54 001001000012011018
7 4300.54 001001000012011018 751469.7429190244 001001001012007018
7 751469.7429190244 001001001012007018 1296980.0 001001000010007018
7 1296980.0 001001000010007018 80.6565 001001000010002018
7 80.6565 001001000010002018 751469.7429190244 001001001012007018
7 751469.7429190244 001001001012007018 3253120.0 001001000012002018
7 3253120.0 001001000012002018 2894600.0 001000000012002018
7 2894600.0 001000000012002018 751469.7429190244 001001001012007018
7 751469.7429190244 001001001012007018 1205.99 001001000012007018
7 1205.99 001001000012007018 495144.0 001001000012007016
7 495144.0 001001000012007016 751469.7429190244 001001001012007018
7 751469.7429190244 001001001012007018 1205.99 001001000012007018
7 1205.99 001001000012007018 661345.6566333333 001000000012007018
7 661345.6566333333 001000000012007018 751469.7429190244 001001001012007018
7 751469.7429190244 001001001012007018 1611079.4493 001000002010007018
7 1611079.4493 001000002010007018 472151.0 001000002002007018
7 472151.0 001000002002007018 751469.7429190244 001001001012007018
7 751469.7429190244 001001001012007018 15468.2 001001002012007018
7 15468.2 001001002012007018 15468.2 001001002012007018
7 15468.2 001001002012007018 751469.7429190244 001001001012007018
7 751469.7429190244 001001001012007018 1205.99 001001000012007018
7 1205.99 001001000012007018 51.1906 001001000005007018
7 51.1906 001001000005007018 751469.7429190244 001001001012007018
7 751469.7429190244 001001001012007018 736445.6966666667 001001002012019018
7 736445.6966666667 001001002012019018 49.993 001001002012019015
7 49.993 001001002012019015 751469.7429190244 001001001012007018
7 751469.7429190244 001001001012007018 1020628.6173 001001000011019018
7 1020628.6173 001001000011019018 5264.85 001001000009019018
7 5264.85 001001000009019018 751469.7429190244 001001001012007018
7 751469.7429190244 001001001012007018 1086550.0 001000001012007018
7 1086550.0 001000001012007018 613458.0 001000001012017018
7 613458.0 001000001012017018 751469.7429190244 001001001012007018
7 751469.7429190244 001001001012007018 1692780.0 001000000011007018
7 1692780.0 001000000011007018 85.2829 001000002011007018
7 85.2829 001000002011007018 751469.7429190244 001001001012007018
7 751469.7429190244 001001001012007018 1296980.0 001001000010007018
7 1296980.0 001001000010007018 575.242 001001000010005018
7 575.242 001001000010005018 751469.7429190244 001001001012007018
7 751469.7429190244 001001001012007018 15468.2 001001002012007018
7 15468.2 001001002012007018 16242.98 001001002012007004
7 16242.98 001001002012007004 751469.7429190244 001001001012007018
7 751469.7429190244 001001001012007018 208108.0 001001000012007004
7 208108.0 001001000012007004 16242.98 001001002012007004
7 16242.98 001001002012007004 751469.7429190244 001001001012007018
7 751469.7429190244 001001001012007018 1205.99 001001000012007018
7 1205.99 001001000012007018 15468.2 001001002012007018
7 15468.2 001001002012007018 751469.7429190244 001001001012007018
7 751469.7429190244 001001001012007018 15468.2 001001002012007018
7 15468.2 001001002012007018 15468.2 001001002012007018
7 15468.2 001001002012007018 751469.7429190244 001001001012007018
7 751469.7429190244 001001001012007018 1296980.0 001001000010007018
7 1296980.0 001001000010007018 87.161 001001000010007015
7 87.161 001001000010007015 751469.7429190244 001001001012007018
7 751469.7429190244 001001001012007018 1740510.0 001001000022007018
7 1740510.0 001001000022007018 3172222.326825 001001000001007018
7 3172222.326825 001001000001007018 751469.7429190244 001001001012007018
7 751469.7429190244 001001001012007018 1205.99 001001000012007018
7 1205.99 001001000012007018 3911.9179000000004 001001000023007018
7 3911.9179000000004 001001000023007018 751469.7429190244 001001001012007018
7 751469.7429190244 001001001012007018 1296980.0 001001000010007018
7 1296980.0 001001000010007018 1645344.350625 001001002010007018
7 1645344.350625 001001002010007018 751469.7429190244 001001001012007018
7 751469.7429190244 001001001012007018 751469.7429190244 001001001012007018
7 751469.7429190244 001001001012007018 577948.59849 001001001012023018
7 577948.59849 001001001012023018 751469.7429190244 001001001012007018
7 751469.7429190244 001001001012007018 3172222.326825 001001000001007018
7 3172222.326825 001001000001007018 3172222.326825 001001000001007018
7 3172222.326825 001001000001007018 577948.59849 001001001012023018
7 577948.59849 001001001012023018 1879.57 001001000011007018
7 1879.57 001001000011007018 1296980.0 001001000010007018
7 1296980.0 001001000010007018 577948.59849 001001001012023018
7 577948.59849 001001001012023018 1205.99 001001000012007018
7 1205.99 001001000012007018 2734.48 018001000012007018
7 2734.48 018001000012007018 577948.59849 001001001012023018
7 577948.59849 001001001012023018 751469.7429190244 001001001012007018
7 751469.7429190244 001001001012007018 577948.59849 001001001012023018
7 577948.59849 001001001012023018 751469.7429190244 001001001012007018
7 751469.7429190244 001001001012007018 1879.57 001001000011007018
7 1879.57 001001000011007018 534033.5925 001001001011007018
7 534033.5925 001001001011007018 577948.59849 001001001012023018
7 577948.59849 001001001012023018 1020628.6173 001001000011019018
7 1020628.6173 001001000011019018 294.331 001001000011019015
7 294.331 001001000011019015 577948.59849 001001001012023018
7 577948.59849 001001001012023018 1879.57 001001000011007018
7 1879.57 001001000011007018 1879.57 001001000011007018
7 1879.57 001001000011007018 577948.59849 001001001012023018
7 577948.59849 001001001012023018 1205.99 001001000012007018
7 1205.99 001001000012007018 2662763.41666875 001001000012019018
7 2662763.41666875 001001000012019018 577948.59849 001001001012023018
7 577948.59849 001001001012023018 1205.99 001001000012007018
7 1205.99 001001000012007018 4771140.0 001001000015007018
7 4771140.0 001001000015007018 577948.59849 001001001012023018
7 577948.59849 001001001012023018 3172222.326825 001001000001007018
7 3172222.326825 001001000001007018 577948.59849 001001001012023018
7 577948.59849 001001001012023018 751469.7429190244 001001001012007018
7 751469.7429190244 001001001012007018 1296980.0 001001000010007018
7 1296980.0 001001000010007018 1645344.350625 001001002010007018
7 1645344.350625 001001002010007018 577948.59849 001001001012023018
7 577948.59849 001001001012023018 1645344.350625 001001002010007018
7 1645344.350625 001001002010007018 1611079.4493 001000002010007018
7 1611079.4493 001000002010007018 577948.59849 001001001012023018
7 577948.59849 001001001012023018 751469.7429190244 001001001012007018
7 751469.7429190244 001001001012007018 447.329 001003001012007018
7 447.329 001003001012007018 577948.59849 001001001012023018
7 577948.59849 001001001012023018 751469.7429190244 001001001012007018
7 751469.7429190244 001001001012007018 577948.59849 001001001012023018
7 577948.59849 001001001012023018 751469.7429190244 001001001012007018
7 751469.7429190244 001001001012007018 1205.99 001001000012007018
7 1205.99 001001000012007018 242105.085 001001000012007011
7 242105.085 001001000012007011 577948.59849 001001001012023018
7 577948.59849 001001001012023018 242105.085 001001000012007011
7 242105.085 001001000012007011 8428.6 035001000012007011
7 8428.6 035001000012007011 577948.59849 001001001012023018
7 577948.59849 001001001012023018 1740510.0 001001000022007018
7 1740510.0 001001000022007018 3440.91 001001000017007018
7 3440.91 001001000017007018 577948.59849 001001001012023018
7 577948.59849 001001001012023018 1310610.0 001001001022023018
7 1310610.0 001001001022023018 54.1092 001001001022019018
7 54.1092 001001001022019018 577948.59849 001001001012023018
7 577948.59849 001001001012023018 2662763.41666875 001001000012019018
7 2662763.41666875 001001000012019018 2662763.41666875 001001000012019018
7 2662763.41666875 001001000012019018 577948.59849 001001001012023018
7 577948.59849 001001001012023018 534033.5925 001001001011007018
7 534033.5925 001001001011007018 53.2294 001001001011007000
7 53.2294 001001001011007000 577948.59849 001001001012023018
7 577948.59849 001001001012023018 751469.7429190244 001001001012007018
7 751469.7429190244 001001001012007018 1303.42 033001001012007018
7 1303.42 033001001012007018 577948.59849 001001001012023018
7 577948.59849 001001001012023018 15468.2 001001002012007018
7 15468.2 001001002012007018 1692.04 001001002012006018
7 1692.04 001001002012006018 577948.59849 001001001012023018
7 577948.59849 001001001012023018 661112.7514692307 001001001012019018
7 661112.7514692307 001001001012019018 1403.65 016001001012019018
7 1403.65 016001001012019018 577948.59849 001001001012023018
7 577948.59849 001001001012023018 661112.7514692307 001001001012019018
7 661112.7514692307 001001001012019018 275.03 020001001012019018
7 275.03 020001001012019018 577948.59849 001001001012023018
7 577948.59849 001001001012023018 1205.99 001001000012007018
7 1205.99 001001000012007018 3911.9179000000004 001001000023007018
7 3911.9179000000004 001001000023007018 577948.59849 001001001012023018
7 577948.59849 001001001012023018 2662763.41666875 001001000012019018
7 2662763.41666875 001001000012019018 3430510.0 001001000018019018
7 3430510.0 001001000018019018 577948.59849 001001001012023018
7 577948.59849 001001001012023018 15468.2 001001002012007018
7 15468.2 001001002012007018 1114740.0 001001002015007018
7 1114740.0 001001002015007018 577948.59849 001001001012023018
7 577948.59849 001001001012023018 430988.8801333333 001001002010019018
7 430988.8801333333 001001002010019018 577948.59849 001001001012023018
7 577948.59849 001001001012023018 751469.7429190244 001001001012007018
7 751469.7429190244 001001001012007018 1436090.0 001001002011019018
7 1436090.0 001001002011019018 4777.73 001001002011023018
7 4777.73 001001002011023018 577948.59849 001001001012023018
7 577948.59849 001001001012023018 1737978.6827 001001000012023018
7 1737978.6827 001001000012023018 88.4478 001001000012023017
7 88.4478 001001000012023017 577948.59849 001001001012023018
7 577948.59849 001001001012023018 736445.6966666667 001001002012019018
7 736445.6966666667 001001002012019018 205362.0 001001002012019006
7 205362.0 001001002012019006 577948.59849 001001001012023018
7 577948.59849 001001001012023018 1205.99 001001000012007018
7 1205.99 001001000012007018 15468.2 001001002012007018
7 15468.2 001001002012007018 577948.59849 001001001012023018
7 577948.59849 001001001012023018 1020628.6173 001001000011019018
7 1020628.6173 001001000011019018 577948.59849 001001001012023018
7 577948.59849 001001001012023018 751469.7429190244 001001001012007018
7 751469.7429190244 001001001012007018 217640.325 001001001011019018
7 217640.325 001001001011019018 232046.0 001001001011012018
7 232046.0 001001001011012018 577948.59849 001001001012023018
7 577948.59849 001001001012023018 1205.99 001001000012007018
7 1205.99 001001000012007018 1958660.0 001001000014007018
7 1958660.0 001001000014007018 577948.59849 001001001012023018
7 577948.59849 001001001012023018 1879.57 001001000011007018
7 1879.57 001001000011007018 127.655 010001000011007018
7 127.655 010001000011007018 577948.59849 001001001012023018
7 577948.59849 001001001012023018 1205.99 001001000012007018
7 1205.99 001001000012007018 1205.99 001001000012007018
7 1205.99 001001000012007018 577948.59849 001001001012023018
7 577948.59849 001001001012023018 2662763.41666875 001001000012019018
7 2662763.41666875 001001000012019018 2662763.41666875 001001000012019018
7 2662763.41666875 001001000012019018 577948.59849 001001001012023018
7 577948.59849 001001001012023018 751469.7429190244 001001001012007018
7 751469.7429190244 001001001012007018 505632.5 001001001012007011
7 505632.5 001001001012007011 577948.59849 001001001012023018
7 577948.59849 001001001012023018 505632.5 001001001012007011
7 505632.5 001001001012007011 37447.3 001001001012007012
7 37447.3 001001001012007012 577948.59849 001001001012023018
7 577948.59849 001001001012023018 1524590.0 001001000012019012
7 1524590.0 001001000012019012 752179.0 001003000012019012
7 752179.0 001003000012019012 577948.59849 001001001012023018
7 577948.59849 001001001012023018 15468.2 001001002012007018
7 15468.2 001001002012007018 1062.55 001002002012007018
7 1062.55 001002002012007018 577948.59849 001001001012023018
7 577948.59849 001001001012023018 15468.2 001001002012007018
7 15468.2 001001002012007018 15468.2 001001002012007018
7 15468.2 001001002012007018 577948.59849 001001001012023018
7 577948.59849 001001001012023018 661112.7514692307 001001001012019018
7 661112.7514692307 001001001012019018 661112.7514692307 001001001012019018
7 661112.7514692307 001001001012019018 577948.59849 001001001012023018
7 577948.59849 001001001012023018 3842990.0 001001001001007018
7 3842990.0 001001001001007018 1631.01 001004001001007018
7 1631.01 001004001001007018 577948.59849 001001001012023018
7 577948.59849 001001001012023018 920867.226875 001004001012007018
7 920867.226875 001004001012007018 920867.226875 001004001012007018
7 920867.226875 001004001012007018 577948.59849 001001001012023018
7 577948.59849 001001001012023018 577948.59849 001001001012023018
7 577948.59849 001001001012023018 133.741 001001001003023018
7 133.741 001001001003023018 577948.59849 001001001012023018
7 577948.59849 001001001012023018 2784400.0 001001001003019018
7 2784400.0 001001001003019018 217640.325 001001001011019018
7 217640.325 001001001011019018 577948.59849 001001001012023018
7 577948.59849 001001001012023018 430988.8801333333 001001002010019018
7 430988.8801333333 001001002010019018 253.718 001001002018019018
7 253.718 001001002018019018 577948.59849 001001001012023018
7 577948.59849 001001001012023018 751469.7429190244 001001001012007018
7 751469.7429190244 001001001012007018 1904940.0 001002001012007018
7 1904940.0 001002001012007018 577948.59849 001001001012023018
7 577948.59849 001001001012023018 679191.0056666667 001001001010007018
7 679191.0056666667 001001001010007018 70.3555 001001001010009018
7 70.3555 001001001010009018 577948.59849 001001001012023018
7 577948.59849 001001001012023018 2662763.41666875 001001000012019018
7 2662763.41666875 001001000012019018 1227850.0 001001000012019011
7 1227850.0 001001000012019011 577948.59849 001001001012023018
7 577948.59849 001001001012023018 1205.99 001001000012007018
7 1205.99 001001000012007018 5296.72 001001000012013018
7 5296.72 001001000012013018 577948.59849 001001001012023018
7 577948.59849 001001001012023018 751469.7429190244 001001001012007018
7 751469.7429190244 001001001012007018 7791.48 015001001012007018
7 7791.48 015001001012007018 577948.59849 001001001012023018
7 577948.59849 001001001012023018 1879.57 001001000011007018
7 1879.57 001001000011007018 3911.9179000000004 001001000023007018
7 3911.9179000000004 001001000023007018 577948.59849 001001001012023018
7 577948.59849 001001001012023018 1205.99 001001000012007018
7 1205.99 001001000012007018 1241.37 001001000012006018
7 1241.37 001001000012006018 577948.59849 001001001012023018
7 577948.59849 001001001012023018 1737978.6827 001001000012023018
7 1737978.6827 001001000012023018 165665.0 001001000012023007
7 165665.0 001001000012023007 577948.59849 001001001012023018
7 577948.59849 001001001012023018 577948.59849 001001001012023018
7 577948.59849 001001001012023018 2314.36 001001001012004018
7 2314.36 001001001012004018 577948.59849 001001001012023018
7 577948.59849 001001001012023018 2662763.41666875 001001000012019018
7 2662763.41666875 001001000012019018 7200.79 001001000012019017
7 7200.79 001001000012019017 577948.59849 001001001012023018
7 577948.59849 001001001012023018 2662763.41666875 001001000012019018
7 2662763.41666875 001001000012019018 799.687 001002000012019018
7 799.687 001002000012019018 577948.59849 001001001012023018
7 577948.59849 001001001012023018 2662763.41666875 001001000012019018
7 2662763.41666875 001001000012019018 1276780.0 001001000000019018
7 1276780.0 001001000000019018 577948.59849 001001001012023018
7 577948.59849 001001001012023018 2662763.41666875 001001000012019018
7 2662763.41666875 001001000012019018 6549.76 026001000012019018
7 6549.76 026001000012019018 577948.59849 001001001012023018
7 577948.59849 001001001012023018 1342688.63125 001001002012023018
7 1342688.63125 001001002012023018 2694.63 001001002012022018
7 2694.63 001001002012022018 577948.59849 001001001012023018
7 577948.59849 001001001012023018 751469.7429190244 001001001012007018
7 751469.7429190244 001001001012007018 577948.59849 001001001012023018
7 577948.59849 001001001012023018 751469.7429190244 001001001012007018
7 751469.7429190244 001001001012007018 970151.0 001001001001019018
7 970151.0 001001001001019018 939078.0 001004001001019018
7 939078.0 001004001001019018 577948.59849 001001001012023018
7 577948.59849 001001001012023018 751469.7429190244 001001001012007018
7 751469.7429190244 001001001012007018 393.24 001001001019007018
7 393.24 001001001019007018 577948.59849 001001001012023018
7 577948.59849 001001001012023018 1205.99 001001000012007018
7 1205.99 001001000012007018 1205.99 001001000012007018
7 1205.99 001001000012007018 577948.59849 001001001012023018
7 577948.59849 001001001012023018 1737978.6827 001001000012023018
7 1737978.6827 001001000012023018 577948.59849 001001001012023018
7 577948.59849 001001001012023018 751469.7429190244 001001001012007018
7 751469.7429190244 001001001012007018 523246.33 001001002023019018
7 523246.33 001001002023019018 469.211 022001002023019018
7 469.211 022001002023019018 577948.59849 001001001012023018
7 577948.59849 001001001012023018 1205.99 001001000012007018
7 1205.99 001001000012007018 577948.59849 001001001012023018
7 577948.59849 001001001012023018 751469.7429190244 001001001012007018
7 751469.7429190244 001001001012007018 1045720.0 001001001010019018
7 1045720.0 001001001010019018 430988.8801333333 001001002010019018
7 430988.8801333333 001001002010019018 577948.59849 001001001012023018
7 577948.59849 001001001012023018 661112.7514692307 001001001012019018
7 661112.7514692307 001001001012019018 217640.325 001001001011019018
7 217640.325 001001001011019018 577948.59849 001001001012023018
7 577948.59849 001001001012023018 661112.7514692307 001001001012019018
7 661112.7514692307 001001001012019018 1103.01 001001001012014018
7 1103.01 001001001012014018 577948.59849 001001001012023018
7 577948.59849 001001001012023018 9381.71 001001000023014018
7 9381.71 001001000023014018 47.3242 001001000006014018
7 47.3242 001001000006014018 577948.59849 001001001012023018
7 577948.59849 001001001012023018 1906410.0 001001001006007018
7 1906410.0 001001001006007018 604616.0 001001001016007018
7 604616.0 001001001016007018 577948.59849 001001001012023018
7 577948.59849 001001001012023018 1737978.6827 001001000012023018
7 1737978.6827 001001000012023018 364190.0 001001000012023008
7 364190.0 001001000012023008 577948.59849 001001001012023018
7 577948.59849 001001001012023018 751469.7429190244 001001001012007018
7 751469.7429190244 001001001012007018 596144.0 001001001022007018
7 596144.0 001001001022007018 577948.59849 001001001012023018
7 577948.59849 001001001012023018 16444.7 001001000023019018
7 16444.7 001001000023019018 393977.08395 001001001023019018
7 393977.08395 001001001023019018 577948.59849 001001001012023018
7 577948.59849 001001001012023018 751469.7429190244 001001001012007018
7 751469.7429190244 001001001012007018 37447.3 001001001012007012
7 37447.3 001001001012007012 577948.59849 001001001012023018
7 577948.59849 001001001012023018 751469.7429190244 001001001012007018
7 751469.7429190244 001001001012007018 577948.59849 001001001012023018
7 577948.59849 001001001012023018 37447.3 001001001012007012
7 37447.3 001001001012007012 3911.9179000000004 001001000023007018
7 3911.9179000000004 001001000023007018 29.8753 001001000023021018
7 29.8753 001001000023021018 37447.3 001001001012007012
7 37447.3 001001001012007012 751469.7429190244 001001001012007018
7 751469.7429190244 001001001012007018 920867.226875 001004001012007018
7 920867.226875 001004001012007018 37447.3 001001001012007012
7 37447.3 001001001012007012 1205.99 001001000012007018
7 1205.99 001001000012007018 6523.45 001002000012007018
7 6523.45 001002000012007018 37447.3 001001001012007012
7 37447.3 001001001012007012 930417.0 001001002023007018
7 930417.0 001001002023007018 1546016.8894 001001001023007018
7 1546016.8894 001001001023007018 37447.3 001001001012007012
7 37447.3 001001001012007012 1045720.0 001001001010019018
7 1045720.0 001001001010019018 208745.0 001001001010019009
7 208745.0 001001001010019009 37447.3 001001001012007012
7 37447.3 001001001012007012 15468.2 001001002012007018
7 15468.2 001001002012007018 37447.3 001001001012007012
7 37447.3 001001001012007012 577948.59849 001001001012023018
7 577948.59849 001001001012023018 1546016.8894 001001001023007018
7 1546016.8894 001001001023007018 893841.0 001005001023007018
7 893841.0 001005001023007018 37447.3 001001001012007012
7 37447.3 001001001012007012 1546016.8894 001001001023007018
7 1546016.8894 001001001023007018 900.514 032001001023007018
7 900.514 032001001023007018 37447.3 001001001012007012
7 37447.3 001001001012007012 1546016.8894 001001001023007018
7 1546016.8894 001001001023007018 893841.0 001005001023007018
7 893841.0 001005001023007018 37447.3 001001001012007012
7 37447.3 001001001012007012 393977.08395 001001001023019018
7 393977.08395 001001001023019018 523246.33 001001002023019018
7 523246.33 001001002023019018 37447.3 001001001012007012
7 37447.3 001001001012007012 751469.7429190244 001001001012007018
7 751469.7429190244 001001001012007018 61.9782 001001001012018018
7 61.9782 001001001012018018 37447.3 001001001012007012
7 37447.3 001001001012007012 751469.7429190244 001001001012007018
7 751469.7429190244 001001001012007018 95.2649 001001001004007018
7 95.2649 001001001004007018 37447.3 001001001012007012
7 37447.3 001001001012007012 751469.7429190244 001001001012007018
7 751469.7429190244 001001001012007018 158.856 001001001012008018
7 158.856 001001001012008018 37447.3 001001001012007012
7 37447.3 001001001012007012 1205.99 001001000012007018
7 1205.99 001001000012007018 751469.7429190244 001001001012007018
7 751469.7429190244 001001001012007018 37447.3 001001001012007012
7 37447.3 001001001012007012 751469.7429190244 001001001012007018
7 751469.7429190244 001001001012007018 1103.01 001001001012014018
7 1103.01 001001001012014018 37447.3 001001001012007012
7 37447.3 001001001012007012 1370880.0 001001000023007012
7 1370880.0 001001000023007012 802984.0 001001000023004012
7 802984.0 001001000023004012 37447.3 001001001012007012
7 37447.3 001001001012007012 1546016.8894 001001001023007018
7 1546016.8894 001001001023007018 909716.0 001001001023020018
7 909716.0 001001001023020018 37447.3 001001001012007012
7 37447.3 001001001012007012 207312.0 001001002010007012
7 207312.0 001001002010007012 16234.2 001001002010008012
7 16234.2 001001002010008012 37447.3 001001001012007012
7 37447.3 001001001012007012 57.1754 001001001010023018
7 57.1754 001001001010023018 37447.3 001001001012007012
7 37447.3 001001001012007012 577948.59849 001001001012023018
7 577948.59849 001001001012023018 751469.7429190244 001001001012007018
7 751469.7429190244 001001001012007018 128.567 027001001012007018
7 128.567 027001001012007018 37447.3 001001001012007012
7 37447.3 001001001012007012 751469.7429190244 001001001012007018
7 751469.7429190244 001001001012007018 604616.0 001001001016007018
7 604616.0 001001001016007018 37447.3 001001001012007012
7 37447.3 001001001012007012 12758.0 001001000012023012
7 12758.0 001001000012023012 332.705 001001000012023014
7 332.705 001001000012023014 37447.3 001001001012007012
7 37447.3 001001001012007012 3911.9179000000004 001001000023007018
7 3911.9179000000004 001001000023007018 82.2286 001001000006007018
7 82.2286 001001000006007018 37447.3 001001001012007012
7 37447.3 001001001012007012 2167030.0 001001000010019018
7 2167030.0 001001000010019018 483935.0 001001000010019014
7 483935.0 001001000010019014 37447.3 001001001012007012
7 37447.3 001001001012007012 49.4363 001001002023007012
7 49.4363 001001002023007012 20243.5 031001002023007012
7 20243.5 031001002023007012 37447.3 001001001012007012
7 37447.3 001001001012007012 12123.0 001001001010007012
7 12123.0 001001001010007012 4884.07 001005001010007012
7 4884.07 001005001010007012 37447.3 001001001012007012
7 37447.3 001001001012007012 6263.11 001001000012007012
7 6263.11 001001000012007012 37447.3 001001001012007012
7 37447.3 001001001012007012 577948.59849 001001001012023018
7 577948.59849 001001001012023018 2662763.41666875 001001000012019018
7 2662763.41666875 001001000012019018 380.03 023001000012019018
7 380.03 023001000012019018 37447.3 001001001012007012
7 37447.3 001001001012007012 661112.7514692307 001001001012019018
7 661112.7514692307 001001001012019018 23.7295 001001001012019016
7 23.7295 001001001012019016 37447.3 001001001012007012
7 37447.3 001001001012007012 577948.59849 001001001012023018
7 577948.59849 001001001012023018 1737978.6827 001001000012023018
7 1737978.6827 001001000012023018 37447.3 001001001012007012
7 37447.3 001001001012007012 9916.56 001001001023007012
7 9916.56 001001001023007012 6944.58 001002001023007012
7 6944.58 001002001023007012 37447.3 001001001012007012
7 37447.3 001001001012007012 37447.3 001001001012007012
7 37447.3 001001001012007012 78.2024 001001001012007007
7 78.2024 001001001012007007 37447.3 001001001012007012
7 37447.3 001001001012007012 1737978.6827 001001000012023018
7 1737978.6827 001001000012023018 1342688.63125 001001002012023018
7 1342688.63125 001001002012023018 37447.3 001001001012007012
7 37447.3 001001001012007012 751469.7429190244 001001001012007018
7 751469.7429190244 001001001012007018 37447.3 001001001012007012
7 37447.3 001001001012007012 577948.59849 001001001012023018
7 577948.59849 001001001012023018 577948.59849 001001001012023018
7 577948.59849 001001001012023018 37447.3 001001001012007012
7 37447.3 001001001012007012 577948.59849 001001001012023018
7 577948.59849 001001001012023018 1205.99 001001000012007018
7 1205.99 001001000012007018 5065.39 017001000012007018
7 5065.39 017001000012007018 37447.3 001001001012007012
7 37447.3 001001001012007012 7116.01 017001002012007018
7 7116.01 017001002012007018 7116.01 017001002012007018
7 7116.01 017001002012007018 37447.3 001001001012007012
7 37447.3 001001001012007012 2662763.41666875 001001000012019018
7 2662763.41666875 001001000012019018 661112.7514692307 001001001012019018
7 661112.7514692307 001001001012019018 37447.3 001001001012007012
7 37447.3 001001001012007012 661112.7514692307 001001001012019018
7 661112.7514692307 001001001012019018 61.9782 001001001012018018
7 61.9782 001001001012018018 37447.3 001001001012007012
7 37447.3 001001001012007012 61.9782 001001001012018018
7 61.9782 001001001012018018 16.441 001001001000018018
7 16.441 001001001000018018 37447.3 001001001012007012
7 37447.3 001001001012007012 1296980.0 001001000010007018
7 1296980.0 001001000010007018 37447.3 001001001012007012
7 37447.3 001001001012007012 577948.59849 001001001012023018
7 577948.59849 001001001012023018 2662763.41666875 001001000012019018
7 2662763.41666875 001001000012019018 661112.7514692307 001001001012019018
7 661112.7514692307 001001001012019018 37447.3 001001001012007012
7 37447.3 001001001012007012 1045720.0 001001001010019018
7 1045720.0 001001001010019018 1685.2 001005001010019018
7 1685.2 001005001010019018 37447.3 001001001012007012
7 37447.3 001001001012007012 736445.6966666667 001001002012019018
7 736445.6966666667 001001002012019018 53.7511 001003002012019018
7 53.7511 001003002012019018 37447.3 001001001012007012
7 37447.3 001001001012007012 6263.11 001001000012007012
7 6263.11 001001000012007012 71.8184 001004000012007012
7 71.8184 001004000012007012 37447.3 001001001012007012
7 37447.3 001001001012007012 751469.7429190244 001001001012007018
7 751469.7429190244 001001001012007018 1087.41 030001001012007018
7 1087.41 030001001012007018 37447.3 001001001012007012
7 37447.3 001001001012007012 751469.7429190244 001001001012007018
7 751469.7429190244 001001001012007018 128.567 027001001012007018
7 128.567 027001001012007018 37447.3 001001001012007012
7 37447.3 001001001012007012 751469.7429190244 001001001012007018
7 751469.7429190244 001001001012007018 47.5209 001001001012007003
7 47.5209 001001001012007003 37447.3 001001001012007012
7 37447.3 001001001012007012 1342688.63125 001001002012023018
7 1342688.63125 001001002012023018 37447.3 001001001012007012
7 37447.3 001001001012007012 577948.59849 001001001012023018
7 577948.59849 001001001012023018 920867.226875 001004001012007018
7 920867.226875 001004001012007018 920867.226875 001004001012007018
7 920867.226875 001004001012007018 37447.3 001001001012007012
7 37447.3 001001001012007012 78.5654 001004001012007012
7 78.5654 001004001012007012 2.31345 001004001011007012
7 2.31345 001004001011007012 37447.3 001001001012007012
7 37447.3 001001001012007012 10403.8 001004002012007012
7 10403.8 001004002012007012 71.8184 001004000012007012
7 71.8184 001004000012007012 37447.3 001001001012007012
7 37447.3 001001001012007012 37447.3 001001001012007012
7 37447.3 001001001012007012 37447.3 001001001012007012
7 37447.3 001001001012007012 37447.3 001001001012007012
7 37447.3 001001001012007012 273119.02 001001002012007012
7 273119.02 001001002012007012 49.4363 001001002023007012
7 49.4363 001001002023007012 37447.3 001001001012007012
7 37447.3 001001001012007012 273119.02 001001002012007012
7 273119.02 001001002012007012 391642.0 001001002009007012
7 391642.0 001001002009007012 37447.3 001001001012007012
7 37447.3 001001001012007012 534033.5925 001001001011007018
7 534033.5925 001001001011007018 8.52605 001001001011007013
7 8.52605 001001001011007013 37447.3 001001001012007012
7 37447.3 001001001012007012 117.3117 001004001012023018
7 117.3117 001004001012023018 127.65 019004001012023018
7 127.65 019004001012023018 37447.3 001001001012007012
7 37447.3 001001001012007012 15468.2 001001002012007018
7 15468.2 001001002012007018 7116.01 017001002012007018
7 7116.01 017001002012007018 37447.3 001001001012007012
7 37447.3 001001001012007012 2355770.0 017001002012007013
7 2355770.0 017001002012007013 583004.0 017004002012007013
7 583004.0 017004002012007013 37447.3 001001001012007012
7 37447.3 001001001012007012 12832.4 001004000011007018
7 12832.4 001004000011007018 703.907 001004000015007018
7 703.907 001004000015007018 37447.3 001001001012007012
7 37447.3 001001001012007012 534033.5925 001001001011007018
7 534033.5925 001001001011007018 1646820.0 001001001024007018
7 1646820.0 001001001024007018 37447.3 001001001012007012
7 37447.3 001001001012007012 577948.59849 001001001012023018
7 577948.59849 001001001012023018 70.6897 038001001012023018
7 70.6897 038001001012023018 37447.3 001001001012007012
7 37447.3 001001001012007012 920867.226875 001004001012007018
7 920867.226875 001004001012007018 96.0561 001004002012007018
7 96.0561 001004002012007018 37447.3 001001001012007012
7 37447.3 001001001012007012 37447.3 001001001012007012
7 37447.3 001001001012007012 37447.3 001001001012007012
7 37447.3 001001001012007012 2.31345 001004001011007012
7 2.31345 001004001011007012 751469.7429190244 001001001012007018
7 751469.7429190244 001001001012007018 82.1333 001001001012013018
7 82.1333 001001001012013018 37447.3 001001001012007012
7 37447.3 001001001012007012 2170158.4675 001004000012007018
7 2170158.4675 001004000012007018 5600.77 035004000012007018
7 5600.77 035004000012007018 37447.3 001001001012007012
7 37447.3 001001001012007012 751469.7429190244 001001001012007018
7 751469.7429190244 001001001012007018 15468.2 001001002012007018
7 15468.2 001001002012007018 37447.3 001001001012007012
7 37447.3 001001001012007012 273119.02 001001002012007012
7 273119.02 001001002012007012 340635.0 001001002012021012
7 340635.0 001001002012021012 37447.3 001001001012007012
7 37447.3 001001001012007012 37447.3 001001001012007012
7 37447.3 001001001012007012 3207.67 001003001012007012
7 3207.67 001003001012007012 37447.3 001001001012007012
7 37447.3 001001001012007012 15468.2 001001002012007018
7 15468.2 001001002012007018 197.75 001001002012007005
7 197.75 001001002012007005 37447.3 001001001012007012
7 37447.3 001001001012007012 37447.3 001001001012007012
7 37447.3 001001001012007012 37447.3 001001001012007012
7 37447.3 001001001012007012 2.31345 001004001011007012
7 2.31345 001004001011007012 71.8184 001004000012007012
7 71.8184 001004000012007012 124.448 001004000002007012
7 124.448 001004000002007012 37447.3 001001001012007012
7 37447.3 001001001012007012 37447.3 001001001012007012
7 37447.3 001001001012007012 3207.67 001003001012007012
7 3207.67 001003001012007012 37447.3 001001001012007012
7 37447.3 001001001012007012 1112680.0 001003002011007012
7 1112680.0 001003002011007012 423629.0 001005002011007012
7 423629.0 001005002011007012 37447.3 001001001012007012
7 37447.3 001001001012007012 15468.2 001001002012007018
7 15468.2 001001002012007018 1631720.0 001000002012007018
7 1631720.0 001000002012007018 37447.3 001001001012007012
7 37447.3 001001001012007012 585752.0 001001001012023012
7 585752.0 001001001012023012 252199.0 001001001012013012
7 252199.0 001001001012013012 37447.3 001001001012007012
7 37447.3 001001001012007012 123421.47 001001002011007018
7 123421.47 001001002011007018 1879.57 001001000011007018
7 1879.57 001001000011007018 37447.3 001001001012007012
7 37447.3 001001001012007012 1138340.0 001004001011007018
7 1138340.0 001004001011007018 534033.5925 001001001011007018
7 534033.5925 001001001011007018 37447.3 001001001012007012
7 37447.3 001001001012007012 585752.0 001001001012023012
7 585752.0 001001001012023012 125.592 013001001012023012
7 125.592 013001001012023012 37447.3 001001001012007012
7 37447.3 001001001012007012 585752.0 001001001012023012
7 585752.0 001001001012023012 4866.7 001001001012019012
7 4866.7 001001001012019012 37447.3 001001001012007012
7 37447.3 001001001012007012 751469.7429190244 001001001012007018
7 751469.7429190244 001001001012007018 410.619 001001001012010018
7 410.619 001001001012010018 37447.3 001001001012007012
7 37447.3 001001001012007012 354552.0 001001001012023013
7 354552.0 001001001012023013 5100.79 001001001018023013
7 5100.79 001001001018023013 37447.3 001001001012007012
7 37447.3 001001001012007012 308378.5101 001001002018007013
7 308378.5101 001001002018007013 37447.3 001001001012007012
7 37447.3 001001001012007012 2.31345 001004001011007012
7 2.31345 001004001011007012 308378.5101 001001002018007013
7 308378.5101 001001002018007013 90.5063 001001001018007013
7 90.5063 001001001018007013 37447.3 001001001012007012
7 37447.3 001001001012007012 532937.0 001001001011023012
7 532937.0 001001001011023012 532937.0 001001001011023012
7 532937.0 001001001011023012 37447.3 001001001012007012
7 37447.3 001001001012007012 123421.47 001001002011007018
7 123421.47 001001002011007018 37447.3 001001001012007012
7 37447.3 001001001012007012 2.31345 001004001011007012
7 2.31345 001004001011007012 2170158.4675 001004000012007018
7 2170158.4675 001004000012007018 6146.53 001004000012012018
7 6146.53 001004000012012018 37447.3 001001001012007012
7 37447.3 001001001012007012 1205.99 001001000012007018
7 1205.99 001001000012007018 1740510.0 001001000022007018
7 1740510.0 001001000022007018 37447.3 001001001012007012
7 37447.3 001001001012007012 71.8184 001004000012007012
7 71.8184 001004000012007012 71.8184 001004000012007012
7 71.8184 001004000012007012 37447.3 001001001012007012
7 37447.3 001001001012007012 37447.3 001001001012007012
7 37447.3 001001001012007012 524907.0 001001001006007012
7 524907.0 001001001006007012 37447.3 001001001012007012
7 37447.3 001001001012007012 1205.99 001001000012007018
7 1205.99 001001000012007018 32774.0 001003000012007018
7 32774.0 001003000012007018 37447.3 001001001012007012
7 37447.3 001001001012007012 928.307 001001001011023018
7 928.307 001001001011023018 37447.3 001001001012007012
7 37447.3 001001001012007012 2.31345 001004001011007012
7 2.31345 001004001011007012 577948.59849 001001001012023018
7 577948.59849 001001001012023018 1209030.0 001005001012023018
7 1209030.0 001005001012023018 37447.3 001001001012007012
7 37447.3 001001001012007012 751469.7429190244 001001001012007018
7 751469.7429190244 001001001012007018 43.3071 001001001014007018
7 43.3071 001001001014007018 37447.3 001001001012007012
7 37447.3 001001001012007012 751469.7429190244 001001001012007018
7 751469.7429190244 001001001012007018 57.8197 001001001008007018
7 57.8197 001001001008007018 37447.3 001001001012007012
7 37447.3 001001001012007012 1342688.63125 001001002012023018
7 1342688.63125 001001002012023018 3.21971 001001002012016018
7 3.21971 001001002012016018 37447.3 001001001012007012
7 37447.3 001001001012007012 433263.0 001001002011007012
7 433263.0 001001002011007012 18628.5 008001002011007012
7 18628.5 008001002011007012 37447.3 001001001012007012
7 37447.3 001001001012007012 117.3117 001004001012023018
7 117.3117 001004001012023018 37447.3 001001001012007012
7 37447.3 001001001012007012 2.31345 001004001011007012
7 2.31345 001004001011007012 920867.226875 001004001012007018
7 920867.226875 001004001012007018 2170158.4675 001004000012007018
7 2170158.4675 001004000012007018 37447.3 001001001012007012
7 37447.3 001001001012007012 273119.02 001001002012007012
7 273119.02 001001002012007012 37447.3 001001001012007012
7 37447.3 001001001012007012 2.31345 001004001011007012
7 2.31345 001004001011007012 9937.44 001004002011016012
7 9937.44 001004002011016012 84.7065 001004002011016006
7 84.7065 001004002011016006 37447.3 001001001012007012
7 37447.3 001001001012007012 17488.4 001001001011007006
7 17488.4 001001001011007006 14042.8 001000001011007006
7 14042.8 001000001011007006 37447.3 001001001012007012
7 37447.3 001001001012007012 37447.3 001001001012007012
7 37447.3 001001001012007012 148.827 001001001000007012
7 148.827 001001001000007012 37447.3 001001001012007012
7 37447.3 001001001012007012 15468.2 001001002012007018
7 15468.2 001001002012007018 1085140.0 001001002001007018
7 1085140.0 001001002001007018 37447.3 001001001012007012
8 37447.3 001001001012007012 568798.0 001000000007005012
8 568798.0 001000000007005012 77.5648 001004000007005012
8 77.5648 001004000007005012 12.465625000000001 020000000012017012
8 12.465625000000001 020000000012017012 450689.0 023000000005007018
8 450689.0 023000000005007018 8865.9 023005000005007018
8 8865.9 023005000005007018 12.465625000000001 020000000012017012
8 12.465625000000001 020000000012017012 523125.0 008000000020017012
8 523125.0 008000000020017012 303541.295 008000001020017012
8 303541.295 008000001020017012 12.465625000000001 020000000012017012
8 12.465625000000001 020000000012017012 53853.1 023002000020000018
8 53853.1 023002000020000018 46878.1 023002000020000009
8 46878.1 023002000020000009 12.465625000000001 020000000012017012
8 12.465625000000001 020000000012017012 55896.1 023000001020000009
8 55896.1 023000001020000009 27304.1 016000001020000009
8 27304.1 016000001020000009 12.465625000000001 020000000012017012
8 12.465625000000001 020000000012017012 328829.0 001000001005005012
8 328829.0 001000001005005012 17282.3 031000001005005012
8 17282.3 031000001005005012 12.465625000000001 020000000012017012
8 12.465625000000001 020000000012017012 2680220.0 027002000020017009
8 2680220.0 027002000020017009 2028500.0 027002000005017009
8 2028500.0 027002000005017009 12.465625000000001 020000000012017012
8 12.465625000000001 020000000012017012 34675600.0 031004000025007012
8 34675600.0 031004000025007012 30243.4 031000000025007012
8 30243.4 031000000025007012 12.465625000000001 020000000012017012
8 12.465625000000001 020000000012017012 399659.0 001000001025007009
8 399659.0 001000001025007009 22017.9 001001001025007009
8 22017.9 001001001025007009 12.465625000000001 020000000012017012
8 12.465625000000001 020000000012017012 324464.0 008004001012000009
8 324464.0 008004001012000009 272287.0 008004001012005009
8 272287.0 008004001012005009 12.465625000000001 020000000012017012
8 12.465625000000001 020000000012017012 615331.0 001005002005007012
8 615331.0 001005002005007012 12656.9 003005002005007012
8 12656.9 003005002005007012 12.465625000000001 020000000012017012
8 12.465625000000001 020000000012017012 1779150.0 031004002012005018
8 1779150.0 031004002012005018 457930.0 003004002012005018
8 457930.0 003004002012005018 12.465625000000001 020000000012017012
8 12.465625000000001 020000000012017012 2724.95 008000001005007000
8 2724.95 008000001005007000 12.465625000000001 020000000012017012
8 12.465625000000001 020000000012017012 77.5648 001004000007005012
8 77.5648 001004000007005012 1899779.0 027000000025007009
8 1899779.0 027000000025007009 1899779.0 027000000025007009
8 1899779.0 027000000025007009 12.465625000000001 020000000012017012
8 12.465625000000001 020000000012017012 10244.9 001004001005007009
8 10244.9 001004001005007009 57.6034 001004001024007009
8 57.6034 001004001024007009 12.465625000000001 020000000012017012
8 12.465625000000001 020000000012017012 117794.95 020000001024005012
8 117794.95 020000001024005012 117794.95 020000001024005012
8 117794.95 020000001024005012 12.465625000000001 020000000012017012
8 12.465625000000001 020000000012017012 244275.0 001000000020007000
8 244275.0 001000000020007000 11171.6 001000001020007000
8 11171.6 001000001020007000 12.465625000000001 020000000012017012
8 12.465625000000001 020000000012017012 708454.0 001000000024007012
8 708454.0 001000000024007012 648055.0 001003000024007012
8 648055.0 001003000024007012 12.465625000000001 020000000012017012
8 12.465625000000001 020000000012017012 2153830.0 001004000020007000
8 2153830.0 001004000020007000 110061.0 001003000020007000
8 110061.0 001003000020007000 12.465625000000001 020000000012017012
8 12.465625000000001 020000000012017012 2333010.0 001000000020017018
8 2333010.0 001000000020017018 155101.0 001000000020017004
8 155101.0 001000000020017004 12.465625000000001 020000000012017012
8 12.465625000000001 020000000012017012 394563.0 001000000005007012
8 394563.0 001000000005007012 158804.0 001000000005007015
8 158804.0 001000000005007015 12.465625000000001 020000000012017012
8 12.465625000000001 020000000012017012 452557.0 001004001005017012
8 452557.0 001004001005017012 84.7449 001004001001017012
8 84.7449 001004001001017012 12.465625000000001 020000000012017012
8 12.465625000000001 020000000012017012 104490000.0 020000001024007009
8 104490000.0 020000001024007009 229738.0 020000001024012009
8 229738.0 020000001024012009 12.465625000000001 020000000012017012
8 12.465625000000001 020000000012017012 722150.0 001000001007007009
8 722150.0 001000001007007009 52594.0 027000001007007009
8 52594.0 027000001007007009 12.465625000000001 020000000012017012
8 12.465625000000001 020000000012017012 4591420.0 001005000007007018
8 4591420.0 001005000007007018 4194430.0 001002000007007018
8 4194430.0 001002000007007018 12.465625000000001 020000000012017012
8 12.465625000000001 020000000012017012 4863200.0 008004000020005009
8 4863200.0 008004000020005009 15230.5 008004002020005009
8 15230.5 008004002020005009 12.465625000000001 020000000012017012
8 12.465625000000001 020000000012017012 118655.0 008000001024017009
8 118655.0 008000001024017009 138.846 008000001024003009
8 138.846 008000001024003009 12.465625000000001 020000000012017012
8 12.465625000000001 020000000012017012 1635770.0 001004001020007018
8 1635770.0 001004001020007018 201948.92236666667 001004001020007014
8 201948.92236666667 001004001020007014 12.465625000000001 020000000012017012
8 12.465625000000001 020000000012017012 1413840.0 008004001005005012
8 1413840.0 008004001005005012 28754.9 008004001004005012
8 28754.9 008004001004005012 12.465625000000001 020000000012017012
8 12.465625000000001 020000000012017012 14993.6 008004001005007012
8 14993.6 008004001005007012 9481.06 008004000005007012
8 9481.06 008004000005007012 12.465625000000001 020000000012017012
8 12.465625000000001 020000000012017012 957573.0 001004001020017018
8 957573.0 001004001020017018 458133.0 001004001017017018
8 458133.0 001004001017017018 12.465625000000001 020000000012017012
8 12.465625000000001 020000000012017012 1439590.0 008004001012007018
8 1439590.0 008004001012007018 847078.0 008000001012007018
8 847078.0 008000001012007018 12.465625000000001 020000000012017012
8 12.465625000000001 020000000012017012 789664.0 008000001005007014
8 789664.0 008000001005007014 12.465625000000001 020000000012017012
8 12.465625000000001 020000000012017012 201948.92236666667 001004001020007014
8 201948.92236666667 001004001020007014 71.8184 001004000012007012
8 71.8184 001004000012007012 71.8184 001004000012007012
8 71.8184 001004000012007012 12.465625000000001 020000000012017012
8 12.465625000000001 020000000012017012 223451.90823333332 001000001020017012
8 223451.90823333332 001000001020017012 2.0249 001003001020017012
8 2.0249 001003001020017012 12.465625000000001 020000000012017012
8 12.465625000000001 020000000012017012 4457.77 008000001005007009
8 4457.77 008000001005007009 2.0249 001003001020017012
8 2.0249 001003001020017012 12.465625000000001 020000000012017012
8 12.465625000000001 020000000012017012 44.5701 008000001012003012
8 44.5701 008000001012003012 2.0249 001003001020017012
8 2.0249 001003001020017012 12.465625000000001 020000000012017012
8 12.465625000000001 020000000012017012 590413.0 001004001024017012
8 590413.0 001004001024017012 84.7449 001004001001017012
8 84.7449 001004001001017012 2.0249 001003001020017012
8 2.0249 001003001020017012 1534650.0 008004001020017012
8 1534650.0 008004001020017012 349889.0 008004001020017006
8 349889.0 008004001020017006 2.0249 001003001020017012
8 2.0249 001003001020017012 246644.66666666666 001004001020007012
8 246644.66666666666 001004001020007012 84245.98083333333 001004001020007010
8 84245.98083333333 001004001020007010 2.0249 001003001020017012
8 2.0249 001003001020017012 81.2993 020004000020017012
8 81.2993 020004000020017012 2.0249 001003001020017012
8 2.0249 001003001020017012 12.465625000000001 020000000012017012
8 12.465625000000001 020000000012017012 369958.8569333333 001004000020007014
8 369958.8569333333 001004000020007014 2.0249 001003001020017012
8 2.0249 001003001020017012 12.465625000000001 020000000012017012
8 12.465625000000001 020000000012017012 5273040.0 001003000020007012
8 5273040.0 001003000020007012 3800.67 029003000020007012
8 3800.67 029003000020007012 2.0249 001003001020017012
8 2.0249 001003001020017012 312815.0 001004001007007009
8 312815.0 001004001007007009 112566.0 001004001023007009
8 112566.0 001004001023007009 2.0249 001003001020017012
8 2.0249 001003001020017012 243120.0 008000000020007009
8 243120.0 008000000020007009 10050.8 008000000020007002
8 10050.8 008000000020007002 2.0249 001003001020017012
8 2.0249 001003001020017012 38.5842 008004000020007014
8 38.5842 008004000020007014 2.0249 001003001020017012
8 2.0249 001003001020017012 12.465625000000001 020000000012017012
8 12.465625000000001 020000000012017012 297592.0 001004001020005014
8 297592.0 001004001020005014 240348.0 001000001020005014
8 240348.0 001000001020005014 2.0249 001003001020017012
8 2.0249 001003001020017012 238028.0 008000001020017009
8 238028.0 008000001020017009 201333.0 011000001020017009
8 201333.0 011000001020017009 2.0249 001003001020017012
8 2.0249 001003001020017012 78.5654 001004001012007012
8 78.5654 001004001012007012 9608.31238 001002001012007012
8 9608.31238 001002001012007012 2.0249 001003001020017012
8 2.0249 001003001020017012 2176350.0 001002000024003012
8 2176350.0 001002000024003012 634517.0 003002000024003012
8 634517.0 003002000024003012 2.0249 001003001020017012
8 2.0249 001003001020017012 369958.8569333333 001004000020007014
8 369958.8569333333 001004000020007014 275317.0 001004000018007014
8 275317.0 001004000018007014 2.0249 001003001020017012
8 2.0249 001003001020017012 205238.55 001000001024007012
8 205238.55 001000001024007012 205238.55 001000001024007012
8 205238.55 001000001024007012 2.0249 001003001020017012
8 2.0249 001003001020017012 201948.92236666667 001004001020007014
8 201948.92236666667 001004001020007014 2.0249 001003001020017012
8 2.0249 001003001020017012 12.465625000000001 020000000012017012
8 12.465625000000001 020000000012017012 150532.0 001004001020017009
8 150532.0 001004001020017009 7561.13 034004001020017009
8 7561.13 034004001020017009 2.0249 001003001020017012
8 2.0249 001003001020017012 925369.495 008000001012017014
8 925369.495 008000001012017014 925369.495 008000001012017014
8 925369.495 008000001012017014 2.0249 001003001020017012
8 2.0249 001003001020017012 4466920.0 008004000012007014
8 4466920.0 008004000012007014 767664.0 008004000012004014
8 767664.0 008004000012004014 2.0249 001003001020017012
8 2.0249 001003001020017012 508119.0 008000001024007012
8 508119.0 008000001024007012 8629.05 008006001024007012
8 8629.05 008006001024007012 2.0249 001003001020017012
8 2.0249 001003001020017012 534921.0 001000000020007014
8 534921.0 001000000020007014 2751.01 001000000020017014
8 2751.01 001000000020017014 2.0249 001003001020017012
8 2.0249 001003001020017012 1253720.0 001002000020003012
8 1253720.0 001002000020003012 6520.24 001002000004003012
8 6520.24 001002000004003012 2.0249 001003001020017012
8 2.0249 001003001020017012 2218990.0 001002000020003014
8 2218990.0 001002000020003014 10657.2 001002000020003013
8 10657.2 001002000020003013 2.0249 001003001020017012
8 2.0249 001003001020017012 201948.92236666667 001004001020007014
8 201948.92236666667 001004001020007014 19650.3 024004001020007014
8 19650.3 024004001020007014 2.0249 001003001020017012
8 2.0249 001003001020017012 9801.44 008004001024007014
8 9801.44 008004001024007014 8326.1 008004001024007004
8 8326.1 008004001024007004 2.0249 001003001020017012
8 2.0249 001003001020017012 356355.0 001000000020007012
8 356355.0 001000000020007012 307257.0 001000000007007012
8 307257.0 001000000007007012 2.0249 001003001020017012
8 2.0249 001003001020017012 246644.66666666666 001004001020007012
8 246644.66666666666 001004001020007012 2.0249 001003001020017012
8 2.0249 001003001020017012 12.465625000000001 020000000012017012
8 12.465625000000001 020000000012017012 369958.8569333333 001004000020007014
8 369958.8569333333 001004000020007014 536032.0 001004000020007001
8 536032.0 001004000020007001 2.0249 001003001020017012
8 2.0249 001003001020017012 12.465625000000001 020000000012017012
8 12.465625000000001 020000000012017012 2.0249 001003001020017012
8 2.0249 001003001020017012 12.465625000000001 020000000012017012
8 12.465625000000001 020000000012017012 1268505.0 008000001012007012
8 1268505.0 008000001012007012 1975050.0 008000001023007012
8 1975050.0 008000001023007012 2.0249 001003001020017012
8 2.0249 001003001020017012 96.1656 020000001012017012
8 96.1656 020000001012017012 96.1656 020000001012017012
8 96.1656 020000001012017012 2.0249 001003001020017012
8 2.0249 001003001020017012 191293.00472857142 001000001012017012
8 191293.00472857142 001000001012017012 334605.20984285715 001000000012017012
8 334605.20984285715 001000000012017012 2.0249 001003001020017012
8 2.0249 001003001020017012 78.5654 001004001012007012
8 78.5654 001004001012007012 78.5654 001004001012007012
8 78.5654 001004001012007012 2.0249 001003001020017012
8 2.0249 001003001020017012 634648.0 001003001020007012
8 634648.0 001003001020007012 26161.2 001003002020007012
8 26161.2 001003002020007012 2.0249 001003001020017012
8 2.0249 001003001020017012 1858176.43435 008004000012017014
8 1858176.43435 008004000012017014 3629830.0 008004000022017014
8 3629830.0 008004000022017014 2.0249 001003001020017012
8 2.0249 001003001020017012 1823870.0 008004000012003012
8 1823870.0 008004000012003012 7646.49 008003000012003012
8 7646.49 008003000012003012 2.0249 001003001020017012
8 2.0249 001003001020017012 9056.11 020004000012017012
8 9056.11 020004000012017012 1159000.0 020004001012017012
8 1159000.0 020004001012017012 2.0249 001003001020017012
8 2.0249 001003001020017012 2321000.0 008000001020003012
8 2321000.0 008000001020003012 23547.8 008000002020003012
8 23547.8 008000002020003012 2.0249 001003001020017012
8 2.0249 001003001020017012 219294.01058 001000000012007012
8 219294.01058 001000000012007012 87.7841 004000000012007012
8 87.7841 004000000012007012 2.0249 001003001020017012
8 2.0249 001003001020017012 303541.295 008000001020017012
8 303541.295 008000001020017012 237398.0 008000001008017012
8 237398.0 008000001008017012 2.0249 001003001020017012
8 2.0249 001003001020017012 3210445.0 020004001012007012
8 3210445.0 020004001012007012 8567.84 020001001012007012
8 8567.84 020001001012007012 2.0249 001003001020017012
8 2.0249 001003001020017012 1606597.0 020000001012017014
8 1606597.0 020000001012017014 1606597.0 020000001012017014
8 1606597.0 020000001012017014 2.0249 001003001020017012
8 2.0249 001003001020017012 334605.20984285715 001000000012017012
8 334605.20984285715 001000000012017012 171132.0 001000000012017003
8 171132.0 001000000012017003 2.0249 001003001020017012
8 2.0249 001003001020017012 165594.2 001000001012007012
8 165594.2 001000001012007012 158609.0 001000001012007000
8 158609.0 001000001012007000 2.0249 001003001020017012
8 2.0249 001003001020017012 991643.248 001000000012003012
8 991643.248 001000000012003012 991643.248 001000000012003012
8 991643.248 001000000012003012 2.0249 001003001020017012
8 2.0249 001003001020017012 203956.1271225 001004001012003012
8 203956.1271225 001004001012003012 2.0249 001003001020017012
8 2.0249 001003001020017012 12.465625000000001 020000000012017012
8 12.465625000000001 020000000012017012 248119.0 001004000012017012
8 248119.0 001004000012017012 9056.11 020004000012017012
8 9056.11 020004000012017012 2.0249 001003001020017012
8 2.0249 001003001020017012 6660450.0 020004000012007014
8 6660450.0 020004000012007014 6637630.0 020001000012007014
8 6637630.0 020001000012007014 2.0249 001003001020017012
8 2.0249 001003001020017012 45.0153 001000001012007014
8 45.0153 001000001012007014 580108.0 001000000012007014
8 580108.0 001000000012007014 2.0249 001003001020017012
8 2.0249 001003001020017012 280201.0 020004001020017014
8 280201.0 020004001020017014 488.035 020003001020017014
8 488.035 020003001020017014 2.0249 001003001020017012
8 2.0249 001003001020017012 6471780.0 020002001012003014
8 6471780.0 020002001012003014 496510.0 020004001012003014
8 496510.0 020004001012003014 2.0249 001003001020017012
8 2.0249 001003001020017012 1043470.0 020004001020017012
8 1043470.0 020004001020017012 79123.2 020006001020017012
8 79123.2 020006001020017012 2.0249 001003001020017012
8 2.0249 001003001020017012 219294.01058 001000000012007012
8 219294.01058 001000000012007012 2.0249 001003001020017012
8 2.0249 001003001020017012 12.465625000000001 020000000012017012
8 12.465625000000001 020000000012017012 478485.1712975 008000000012007012
8 478485.1712975 008000000012007012 1268505.0 008000001012007012
8 1268505.0 008000001012007012 2.0249 001003001020017012
8 2.0249 001003001020017012 71.7033 020004000012007012
8 71.7033 020004000012007012 71.7033 020004000012007012
8 71.7033 020004000012007012 2.0249 001003001020017012
8 2.0249 001003001020017012 248119.0 001004000012017012
8 248119.0 001004000012017012 10776.4 001004000020017012
8 10776.4 001004000020017012 2.0249 001003001020017012
8 2.0249 001003001020017012 2981680000.0 020003000012007012
8 2981680000.0 020003000012007012 49154.3 020003000012007002
8 49154.3 020003000012007002 2.0249 001003001020017012
8 2.0249 001003001020017012 76131800.0 008003000012003014
8 76131800.0 008003000012003014 46554900.0 023003000012003014
8 46554900.0 023003000012003014 2.0249 001003001020017012
8 2.0249 001003001020017012 18651.1 001003000012017012
8 18651.1 001003000012017012 667368.31 001002000012017012
8 667368.31 001002000012017012 2.0249 001003001020017012
8 2.0249 001003001020017012 449515.0 008004000020007012
8 449515.0 008004000020007012 23334.2 008003000020007012
8 23334.2 008003000020007012 2.0249 001003001020017012
8 2.0249 001003001020017012 7619.2 008003000020007014
8 7619.2 008003000020007014 2.0249 001003001020017012
8 2.0249 001003001020017012 12.465625000000001 020000000012017012
8 12.465625000000001 020000000012017012 1114680.0 001003001012007014
8 1114680.0 001003001012007014 45.0153 001000001012007014
8 45.0153 001000001012007014 2.0249 001003001020017012
8 2.0249 001003001020017012 191293.00472857142 001000001012017012
8 191293.00472857142 001000001012017012 2.0249 001003001020017012
8 2.0249 001003001020017012 12.465625000000001 020000000012017012
8 12.465625000000001 020000000012017012 334605.20984285715 001000000012017012
8 334605.20984285715 001000000012017012 82.5026 001000000015017012
8 82.5026 001000000015017012 2.0249 001003001020017012
8 2.0249 001003001020017012 71.7033 020004000012007012
8 71.7033 020004000012007012 71.7033 020004000012007012
8 71.7033 020004000012007012 2.0249 001003001020017012
8 2.0249 001003001020017012 3210445.0 020004001012007012
8 3210445.0 020004001012007012 287916.0 020004001016007012
8 287916.0 020004001016007012 2.0249 001003001020017012
8 2.0249 001003001020017012 478485.1712975 008000000012007012
8 478485.1712975 008000000012007012 7370.43 027000000012007012
8 7370.43 027000000012007012 2.0249 001003001020017012
8 2.0249 001003001020017012 184.187 008004000012007012
8 184.187 008004000012007012 2.0249 001003001020017012
8 2.0249 001003001020017012 12.465625000000001 020000000012017012
8 12.465625000000001 020000000012017012 1415896.6666666667 008004001012007012
8 1415896.6666666667 008004001012007012 12972.9 008004001012007016
8 12972.9 008004001012007016 2.0249 001003001020017012
8 2.0249 001003001020017012 1143420.0 020000001012007014
8 1143420.0 020000001012007014 276493.0 020000001020007014
8 276493.0 020000001020007014 2.0249 001003001020017012
8 2.0249 001003001020017012 223451.90823333332 001000001020017012
8 223451.90823333332 001000001020017012 13818.4 001004001020017012
8 13818.4 001004001020017012 2.0249 001003001020017012
8 2.0249 001003001020017012 677948.0 001004000012017014
8 677948.0 001004000012017014 3488.67 001004000012005014
8 3488.67 001004000012005014 2.0249 001003001020017012
8 2.0249 001003001020017012 71.8184 001004000012007012
8 71.8184 001004000012007012 358663.0 001004000012018012
8 358663.0 001004000012018012 2.0249 001003001020017012
8 2.0249 001003001020017012 1858176.43435 008004000012017014
8 1858176.43435 008004000012017014 2.0249 001003001020017012
8 2.0249 001003001020017012 12.465625000000001 020000000012017012
8 12.465625000000001 020000000012017012 7412450.0 020004000012003012
8 7412450.0 020004000012003012 3819110.0 020004000012003009
8 3819110.0 020004000012003009 2.0249 001003001020017012
8 2.0249 001003001020017012 2458217.0 001003000012003012
8 2458217.0 001003000012003012 16743.7 001003000012003016
8 16743.7 001003000012003016 2.0249 001003001020017012
8 2.0249 001003001020017012 14306.0 020003001020017012
8 14306.0 020003001020017012 14060.2 020003001020004012
8 14060.2 020003001020004012 2.0249 001003001020017012
8 2.0249 001003001020017012 14999.3 008004001020017014
8 14999.3 008004001020017014 2915.42 008004000020017014
8 2915.42 008004000020017014 2.0249 001003001020017012
8 2.0249 001003001020017012 478485.1712975 008000000012007012
8 478485.1712975 008000000012007012 2.0249 001003001020017012
8 2.0249 001003001020017012 12.465625000000001 020000000012017012
8 12.465625000000001 020000000012017012 248119.0 001004000012017012
8 248119.0 001004000012017012 1010860.0 001004000016017012
8 1010860.0 001004000016017012 2.0249 001003001020017012
8 2.0249 001003001020017012 1361590.0 001000000012017014
8 1361590.0 001000000012017014 348913.0 001000000012017007
8 348913.0 001000000012017007 2.0249 001003001020017012
8 2.0249 001003001020017012 3522990.0 020004000012007007
8 3522990.0 020004000012007007 16275.6 020004000013007007
8 16275.6 020004000013007007 2.0249 001003001020017012
8 2.0249 001003001020017012 120330.88533333334 001003001012017012
8 120330.88533333334 001003001012017012 120330.88533333334 001003001012017012
8 120330.88533333334 001003001012017012 2.0249 001003001020017012
8 2.0249 001003001020017012 28390.3 001002000012007012
8 28390.3 001002000012007012 13802.8 001002000012009012
8 13802.8 001002000012009012 2.0249 001003001020017012
8 2.0249 001003001020017012 9056.11 020004000012017012
8 9056.11 020004000012017012 39.5289 020004000017017012
8 39.5289 020004000017017012 2.0249 001003001020017012
8 2.0249 001003001020017012 1415896.6666666667 008004001012007012
8 1415896.6666666667 008004001012007012 10601.5 008005001012007012
8 10601.5 008005001012007012 2.0249 001003001020017012
8 2.0249 001003001020017012 9056.11 020004000012017012
8 9056.11 020004000012017012 7540.35 016004000012017012
8 7540.35 016004000012017012 2.0249 001003001020017012
8 2.0249 001003001020017012 818482.17 008004000012017012
8 818482.17 008004000012017012 2394.29 008004000012017017
8 2394.29 008004000012017017 2.0249 001003001020017012
8 2.0249 001003001020017012 1823870.0 008004000012003012
8 1823870.0 008004000012003012 1823870.0 008004000012003012
8 1823870.0 008004000012003012 2.0249 001003001020017012
8 2.0249 001003001020017012 675801.0732 001000000020003014
8 675801.0732 001000000020003014 675801.0732 001000000020003014
8 675801.0732 001000000020003014 2.0249 001003001020017012
8 2.0249 001003001020017012 3765030.0 020002001012007014
8 3765030.0 020002001012007014 1526110.0 020002001012024014
8 1526110.0 020002001012024014 2.0249 001003001020017012
8 2.0249 001003001020017012 334605.20984285715 001000000012017012
8 334605.20984285715 001000000012017012 837364.0 001001000012017012
8 837364.0 001001000012017012 2.0249 001003001020017012
8 2.0249 001003001020017012 71.7033 020004000012007012
8 71.7033 020004000012007012 9056.11 020004000012017012
8 9056.11 020004000012017012 2.0249 001003001020017012
8 2.0249 001003001020017012 248119.0 001004000012017012
8 248119.0 001004000012017012 329756.0 001004000012012012
8 329756.0 001004000012012012 2.0249 001003001020017012
8 2.0249 001003001020017012 3030.1 008004001012003012
8 3030.1 008004001012003012 21147.8 008004001011003012
8 21147.8 008004001011003012 2.0249 001003001020017012
8 2.0249 001003001020017012 991643.248 001000000012003012
8 991643.248 001000000012003012 587486.39 001002000012003012
8 587486.39 001002000012003012 2.0249 001003001020017012
8 2.0249 001003001020017012 675801.0732 001000000020003014
8 675801.0732 001000000020003014 89926.7 001006000020003014
8 89926.7 001006000020003014 2.0249 001003001020017012
8 2.0249 001003001020017012 8978.16 008000000012017014
8 8978.16 008000000012017014 1042.02 008003000012017014
8 1042.02 008003000012017014 2.0249 001003001020017012
8 2.0249 001003001020017012 211645.43 008000001012017012
8 211645.43 008000001012017012 2.0249 001003001020017012
8 2.0249 001003001020017012 478485.1712975 008000000012007012
8 478485.1712975 008000000012007012 407687.0 001000001012017014
8 407687.0 001000001012017014 6043.01 001000002012017014
8 6043.01 001000002012017014 2.0249 001003001020017012
8 2.0249 001003001020017012 5575.42 001004000020017014
8 5575.42 001004000020017014 2.0249 001003001020017012
8 2.0249 001003001020017012 478485.1712975 008000000012007012
8 478485.1712975 008000000012007012 259927.598725 001004001012017012
8 259927.598725 001004001012017012 2.0249 001003001020017012
8 2.0249 001003001020017012 478485.1712975 008000000012007012
8 478485.1712975 008000000012007012 96.1656 020000001012017012
8 96.1656 020000001012017012 21704.4 018000001012017012
8 21704.4 018000001012017012 2.0249 001003001020017012
8 2.0249 001003001020017012 259927.598725 001004001012017012
8 259927.598725 001004001012017012 19.2829 001004001012017014
8 19.2829 001004001012017014 2.0249 001003001020017012
8 2.0249 001003001020017012 478485.1712975 008000000012007012
8 478485.1712975 008000000012007012 2470.8 008000000000007012
8 2470.8 008000000000007012 2.0249 001003001020017012
8 2.0249 001003001020017012 2000180.0 001003000020017014
8 2000180.0 001003000020017014 32.557 001003000008017014
8 32.557 001003000008017014 2.0249 001003001020017012
8 2.0249 001003001020017012 204956.0 001004000008017012
8 204956.0 001004000008017012 174517.0 001004000008017004
8 174517.0 001004000008017004 2.0249 001003001020017012
8 2.0249 001003001020017012 334605.20984285715 001000000012017012
8 334605.20984285715 001000000012017012 5582.64 001000000012017009
8 5582.64 001000000012017009 2.0249 001003001020017012
8 2.0249 001003001020017012 219294.01058 001000000012007012
8 219294.01058 001000000012007012 219294.01058 001000000012007012
8 219294.01058 001000000012007012 2.0249 001003001020017012
8 2.0249 001003001020017012 71.8184 001004000012007012
8 71.8184 001004000012007012 657617.7333333333 001003000012007012
8 657617.7333333333 001003000012007012 2.0249 001003001020017012
8 2.0249 001003001020017012 191293.00472857142 001000001012017012
8 191293.00472857142 001000001012017012 98.359 001000001012024012
8 98.359 001000001012024012 2.0249 001003001020017012
8 2.0249 001003001020017012 1454933.5 001002000012017014
8 1454933.5 001002000012017014 1454933.5 001002000012017014
8 1454933.5 001002000012017014 2.0249 001003001020017012
8 2.0249 001003001020017012 2135940000.0 008003000020003012
8 2135940000.0 008003000020003012 10.4903 008003001020003012
8 10.4903 008003001020003012 2.0249 001003001020017012
8 2.0249 001003001020017012 852932.0 001004001012007014
8 852932.0 001004001012007014 45.0153 001000001012007014
8 45.0153 001000001012007014 2.0249 001003001020017012
8 2.0249 001003001020017012 1013850.0 008004000012003014
8 1013850.0 008004000012003014 9208.36 005004000012003014
8 9208.36 005004000012003014 2.0249 001003001020017012
8 2.0249 001003001020017012 20130.1 008003000012017012
8 20130.1 008003000012017012 20130.1 008003000012017012
8 20130.1 008003000012017012 2.0249 001003001020017012
8 2.0249 001003001020017012 818482.17 008004000012017012
8 818482.17 008004000012017012 93.2874 008000000012017012
8 93.2874 008000000012017012 2.0249 001003001020017012
8 2.0249 001003001020017012 334605.20984285715 001000000012017012
8 334605.20984285715 001000000012017012 19.73 001005000012017012
8 19.73 001005000012017012 2.0249 001003001020017012
8 2.0249 001003001020017012 203956.1271225 001004001012003012
8 203956.1271225 001004001012003012 59430.20237866667 001004001012003005
8 59430.20237866667 001004001012003005 2.0249 001003001020017012
8 2.0249 001003001020017012 203956.1271225 001004001012003012
8 203956.1271225 001004001012003012 164948.0 001004001023003012
8 164948.0 001004001023003012 59430.20237866667 001004001012003005
8 59430.20237866667 001004001012003005 13602.3 001004001023007012
8 13602.3 001004001023007012 6967.83 001004001023017012
8 6967.83 001004001023017012 59430.20237866667 001004001012003005
8 59430.20237866667 001004001012003005 352150.9308 001002001012003012
8 352150.9308 001002001012003012 59430.20237866667 001004001012003005
8 59430.20237866667 001004001012003005 2.0249 001003001020017012
8 2.0249 001003001020017012 152725.40814 001003001012003012
8 152725.40814 001003001012003012 204174.0 001006001012003012
8 204174.0 001006001012003012 59430.20237866667 001004001012003005
8 59430.20237866667 001004001012003005 587486.39 001002000012003012
8 587486.39 001002000012003012 587486.39 001002000012003012
8 587486.39 001002000012003012 59430.20237866667 001004001012003005
8 59430.20237866667 001004001012003005 191293.00472857142 001000001012017012
8 191293.00472857142 001000001012017012 36726.9 001000001015017012
8 36726.9 001000001015017012 59430.20237866667 001004001012003005
8 59430.20237866667 001004001012003005 916062.0 001000001020007014
8 916062.0 001000001020007014 10685.3 001000001020013014
8 10685.3 001000001020013014 59430.20237866667 001004001012003005
8 59430.20237866667 001004001012003005 259927.598725 001004001012017012
8 259927.598725 001004001012017012 409028.0 003004001012017012
8 409028.0 003004001012017012 59430.20237866667 001004001012003005
8 59430.20237866667 001004001012003005 219294.01058 001000000012007012
8 219294.01058 001000000012007012 580108.0 001000000012007014
8 580108.0 001000000012007014 59430.20237866667 001004001012003005
8 59430.20237866667 001004001012003005 259927.598725 001004001012017012
8 259927.598725 001004001012017012 6622.56 001004001012005012
8 6622.56 001004001012005012 59430.20237866667 001004001012003005
8 59430.20237866667 001004001012003005 659435.0 008003001012003012
8 659435.0 008003001012003012 6142.12 008003001012003006
8 6142.12 008003001012003006 59430.20237866667 001004001012003005
8 59430.20237866667 001004001012003005 657617.7333333333 001003000012007012
8 657617.7333333333 001003000012007012 44.8647 001003000012007014
8 44.8647 001003000012007014 59430.20237866667 001004001012003005
8 59430.20237866667 001004001012003005 502047.73333333334 001004000012003012
8 502047.73333333334 001004000012003012 12.1046 001004000012003013
8 12.1046 001004000012003013 59430.20237866667 001004001012003005
8 59430.20237866667 001004001012003005 246644.66666666666 001004001020007012
8 246644.66666666666 001004001020007012 16567.0 001004001002007012
8 16567.0 001004001002007012 59430.20237866667 001004001012003005
8 59430.20237866667 001004001012003005 10776.4 001004000020017012
8 10776.4 001004000020017012 248119.0 001004000012017012
8 248119.0 001004000012017012 59430.20237866667 001004001012003005
8 59430.20237866667 001004001012003005 2677110.0 020000001020017012
8 2677110.0 020000001020017012 206392.0 020000001020005012
8 206392.0 020000001020005012 59430.20237866667 001004001012003005
8 59430.20237866667 001004001012003005 986604.0 001003001012003013
8 986604.0 001003001012003013 42399.2 012003001012003013
8 42399.2 012003001012003013 59430.20237866667 001004001012003005
8 59430.20237866667 001004001012003005 2458217.0 001003000012003012
8 2458217.0 001003000012003012 152725.40814 001003001012003012
8 152725.40814 001003001012003012 59430.20237866667 001004001012003005
8 59430.20237866667 001004001012003005 1823870.0 008004000012003012
8 1823870.0 008004000012003012 22422.5 008004000012003006
8 22422.5 008004000012003006 59430.20237866667 001004001012003005
8 59430.20237866667 001004001012003005 1683659.11 020004001012003012
8 1683659.11 020004001012003012 1683659.11 020004001012003012
8 1683659.11 020004001012003012 59430.20237866667 001004001012003005
8 59430.20237866667 001004001012003005 677192000.0 020003000012017012
8 677192000.0 020003000012017012 7004850.0 020005000012017012
8 7004850.0 020005000012017012 59430.20237866667 001004001012003005
8 59430.20237866667 001004001012003005 418760.045 001000001012003012
8 418760.045 001000001012003012 57.745 001000001012001012
8 57.745 001000001012001012 59430.20237866667 001004001012003005
8 59430.20237866667 001004001012003005 1906.44 020003001012001013
8 1906.44 020003001012001013 861.247 020003001012001016
8 861.247 020003001012001016 59430.20237866667 001004001012003005
8 59430.20237866667 001004001012003005 821861.0 001004001012017013
8 821861.0 001004001012017013 799268.0 001004001012017016
8 799268.0 001004001012017016 59430.20237866667 001004001012003005
8 59430.20237866667 001004001012003005 203956.1271225 001004001012003012
8 203956.1271225 001004001012003012 61.577 001004002012003012
8 61.577 001004002012003012 59430.20237866667 001004001012003005
8 59430.20237866667 001004001012003005 152725.40814 001003001012003012
8 152725.40814 001003001012003012 32.2755 001003001012010012
8 32.2755 001003001012010012 59430.20237866667 001004001012003005
8 59430.20237866667 001004001012003005 519510.0 001003001020003012
8 519510.0 001003001020003012 14598.9 001003001024003012
8 14598.9 001003001024003012 59430.20237866667 001004001012003005
8 59430.20237866667 001004001012003005 24228.6 020003001012003012
8 24228.6 020003001012003012 3545410.6 020000001012003012
8 3545410.6 020000001012003012 59430.20237866667 001004001012003005
8 59430.20237866667 001004001012003005 657617.7333333333 001003000012007012
8 657617.7333333333 001003000012007012 111.218 027003000012007012
8 111.218 027003000012007012 59430.20237866667 001004001012003005
8 59430.20237866667 001004001012003005 248119.0 001004000012017012
8 248119.0 001004000012017012 6400.2 022004000012017012
8 6400.2 022004000012017012 59430.20237866667 001004001012003005
8 59430.20237866667 001004001012003005 334605.20984285715 001000000012017012
8 334605.20984285715 001000000012017012 2137.88 001000000023017012
8 2137.88 001000000023017012 59430.20237866667 001004001012003005
8 59430.20237866667 001004001012003005 211645.43 008000001012017012
8 211645.43 008000001012017012 51.6583 008000001012017008
8 51.6583 008000001012017008 59430.20237866667 001004001012003005
8 59430.20237866667 001004001012003005 18900.6 008000001012007008
8 18900.6 008000001012007008 59430.20237866667 001004001012003005
8 59430.20237866667 001004001012003005 2.0249 001003001020017012
8 2.0249 001003001020017012 258482.0 008004000020017012
8 258482.0 008004000020017012 13059.7 008004000020017006
8 13059.7 008004000020017006 59430.20237866667 001004001012003005
8 59430.20237866667 001004001012003005 76029800.0 020003000012003013
8 76029800.0 020003000012003013 8368850.0 020005000012003013
8 8368850.0 020005000012003013 59430.20237866667 001004001012003005
8 59430.20237866667 001004001012003005 502047.73333333334 001004000012003012
8 502047.73333333334 001004000012003012 59430.20237866667 001004001012003005
8 59430.20237866667 001004001012003005 2.0249 001003001020017012
8 2.0249 001003001020017012 12168.9 001004000020003012
8 12168.9 001004000020003012 59430.20237866667 001004001012003005
8 59430.20237866667 001004001012003005 2.0249 001003001020017012
8 2.0249 001003001020017012 3207.67 001003001012007012
8 3207.67 001003001012007012 59430.20237866667 001004001012003005
8 59430.20237866667 001004001012003005 2.0249 001003001020017012
8 2.0249 001003001020017012 223451.90823333332 001000001020017012
8 223451.90823333332 001000001020017012 59430.20237866667 001004001012003005
8 59430.20237866667 001004001012003005 2.0249 001003001020017012
8 2.0249 001003001020017012 182785.6879 001004001020003012
8 182785.6879 001004001020003012 189418.0 001004001024003012
8 189418.0 001004001024003012 59430.20237866667 001004001012003005
8 59430.20237866667 001004001012003005 352150.9308 001002001012003012
8 352150.9308 001002001012003012 5197.34 023002001012003012
8 5197.34 023002001012003012 59430.20237866667 001004001012003005
8 59430.20237866667 001004001012003005 519510.0 001003001020003012
8 519510.0 001003001020003012 100.779 001003001014003012
8 100.779 001003001014003012 59430.20237866667 001004001012003005
8 59430.20237866667 001004001012003005 79.9344 001004000014007012
8 79.9344 001004000014007012 364583.0 001001000014007012
8 364583.0 001001000014007012 59430.20237866667 001004001012003005
8 59430.20237866667 001004001012003005 722093.0 001000000012017005
8 722093.0 001000000012017005 13.5026 001000000012017017
8 13.5026 001000000012017017 59430.20237866667 001004001012003005
8 59430.20237866667 001004001012003005 152725.40814 001003001012003012
8 152725.40814 001003001012003012 59430.20237866667 001004001012003005
8 59430.20237866667 001004001012003005 2.0249 001003001020017012
8 2.0249 001003001020017012 6036050.0 008004000020003005
8 6036050.0 008004000020003005 2044830.0 008004000022003005
8 2044830.0 008004000022003005 59430.20237866667 001004001012003005
8 59430.20237866667 001004001012003005 15052.4 001004000012003005
8 15052.4 001004000012003005 52.9593 001004000012003007
8 52.9593 001004000012003007 59430.20237866667 001004001012003005
8 59430.20237866667 001004001012003005 2084800.0 008004001020003012
8 2084800.0 008004001020003012 160.4 008001001020003012
8 160.4 008001001020003012 59430.20237866667 001004001012003005
8 59430.20237866667 001004001012003005 352150.9308 001002001012003012
8 352150.9308 001002001012003012 4.55503 001002001018003012
8 4.55503 001002001018003012 59430.20237866667 001004001012003005
8 59430.20237866667 001004001012003005 223793.0 001000001020007012
8 223793.0 001000001020007012 43.5053 001002001020007012
8 43.5053 001002001020007012 59430.20237866667 001004001012003005
8 59430.20237866667 001004001012003005 152725.40814 001003001012003012
8 152725.40814 001003001012003012 183764.0 001003001012003001
8 183764.0 001003001012003001 59430.20237866667 001004001012003005
8 59430.20237866667 001004001012003005 165594.2 001000001012007012
8 165594.2 001000001012007012 45.0153 001000001012007014
8 45.0153 001000001012007014 59430.20237866667 001004001012003005
8 59430.20237866667 001004001012003005 1138431.65 001003000018003005
8 1138431.65 001003000018003005 1138431.65 001003000018003005
8 1138431.65 001003000018003005 59430.20237866667 001004001012003005
8 59430.20237866667 001004001012003005 3639410.0 008000001020007012
8 3639410.0 008000001020007012 650547.0 008000001020007009
8 650547.0 008000001020007009 59430.20237866667 001004001012003005
8 59430.20237866667 001004001012003005 564493.5 001000001020003005
8 564493.5 001000001020003005 156856.0 001000001019003005
8 156856.0 001000001019003005 59430.20237866667 001004001012003005
8 59430.20237866667 001004001012003005 461204.0 008004001012017012
8 461204.0 008004001012017012 7.28306 008001001012017012
8 7.28306 008001001012017012 59430.20237866667 001004001012003005
8 59430.20237866667 001004001012003005 9608.31238 001002001012007012
8 9608.31238 001002001012007012 28.9199 001002002012007012
8 28.9199 001002002012007012 59430.20237866667 001004001012003005
8 59430.20237866667 001004001012003005 3545410.6 020000001012003012
8 3545410.6 020000001012003012 22547.1 020000002012003012
8 22547.1 020000002012003012 59430.20237866667 001004001012003005
8 59430.20237866667 001004001012003005 191293.00472857142 001000001012017012
8 191293.00472857142 001000001012017012 191293.00472857142 001000001012017012
8 191293.00472857142 001000001012017012 59430.20237866667 001004001012003005
8 59430.20237866667 001004001012003005 7099050.0 008002001018017005
8 7099050.0 008002001018017005 196554.0 008002000018017005
8 196554.0 008002000018017005 59430.20237866667 001004001012003005
8 59430.20237866667 001004001012003005 11891.8 001004001020007005
8 11891.8 001004001020007005 3.9316 001004001020007006
8 3.9316 001004001020007006 59430.20237866667 001004001012003005
8 59430.20237866667 001004001012003005 526556.0 001002001020003012
8 526556.0 001002001020003012 120577.25 001000001020003012
8 120577.25 001000001020003012 59430.20237866667 001004001012003005
8 59430.20237866667 001004001012003005 1708531.45 008002001012007012
8 1708531.45 008002001012007012 40340.2 008002001012011012
8 40340.2 008002001012011012 59430.20237866667 001004001012003005
8 59430.20237866667 001004001012003005 8688710.0 008002000012007012
8 8688710.0 008002000012007012 1708531.45 008002001012007012
8 1708531.45 008002001012007012 59430.20237866667 001004001012003005
8 59430.20237866667 001004001012003005 1211.65 020002001012007012
8 1211.65 020002001012007012 59430.20237866667 001004001012003005
8 59430.20237866667 001004001012003005 2.0249 001003001020017012
8 2.0249 001003001020017012 352150.9308 001002001012003012
8 352150.9308 001002001012003012 73846.6 028002001012003012
8 73846.6 028002001012003012 59430.20237866667 001004001012003005
8 59430.20237866667 001004001012003005 1999000.0 028000001020007012
8 1999000.0 028000001020007012 989351.0 028000000020007012
8 989351.0 028000000020007012 59430.20237866667 001004001012003005
8 59430.20237866667 001004001012003005 10947.7 008000000012017006
8 10947.7 008000000012017006 1.75158 009000000012017006
8 1.75158 009000000012017006 59430.20237866667 001004001012003005
8 59430.20237866667 001004001012003005 203956.1271225 001004001012003012
8 203956.1271225 001004001012003012 9778.42 001004001009003012
8 9778.42 001004001009003012 59430.20237866667 001004001012003005
8 59430.20237866667 001004001012003005 991643.248 001000000012003012
8 991643.248 001000000012003012 5951.05 001000000017003012
8 5951.05 001000000017003012 59430.20237866667 001004001012003005
8 59430.20237866667 001004001012003005 418760.045 001000001012003012
8 418760.045 001000001012003012 991643.248 001000000012003012
8 991643.248 001000000012003012 59430.20237866667 001004001012003005
8 59430.20237866667 001004001012003005 248119.0 001004000012017012
8 248119.0 001004000012017012 739608.0 001004000012017007
8 739608.0 001004000012017007 59430.20237866667 001004001012003005
8 59430.20237866667 001004001012003005 165594.2 001000001012007012
8 165594.2 001000001012007012 1968.24 024000001012007012
8 1968.24 024000001012007012 59430.20237866667 001004001012003005
8 59430.20237866667 001004001012003005 120577.25 001000001020003012
8 120577.25 001000001020003012 3291.58 030000001020003012
8 3291.58 030000001020003012 59430.20237866667 001004001012003005
8 59430.20237866667 001004001012003005 12709.2 030004000012017006
8 12709.2 030004000012017006 59430.20237866667 001004001012003005
8 59430.20237866667 001004001012003005 1.75158 009000000012017006
8 1.75158 009000000012017006 915100.0 001002001012017012
8 915100.0 001002001012017012 166576.0 001002001012017005
8 166576.0 001002001012017005 59430.20237866667 001004001012003005
8 59430.20237866667 001004001012003005 78.5654 001004001012007012
8 78.5654 001004001012007012 264278.0 001004001015007012
8 264278.0 001004001015007012 59430.20237866667 001004001012003005
8 59430.20237866667 001004001012003005 191293.00472857142 001000001012017012
8 191293.00472857142 001000001012017012 20179.0 001000002012017012
8 20179.0 001000002012017012 59430.20237866667 001004001012003005
8 59430.20237866667 001004001012003005 20591600.0 020000001018003006
8 20591600.0 020000001018003006 1829.43 020000001023003006
8 1829.43 020000001023003006 59430.20237866667 001004001012003005
8 59430.20237866667 001004001012003005 101.386 001003001012003006
8 101.386 001003001012003006 84.2299 001003001024003006
8 84.2299 001003001024003006 59430.20237866667 001004001012003005
8 59430.20237866667 001004001012003005 482137.0 001003001020007006
8 482137.0 001003001020007006 400646.0 001003000020007006
8 400646.0 001003000020007006 59430.20237866667 001004001012003005
8 59430.20237866667 001004001012003005 502047.73333333334 001004000012003012
8 502047.73333333334 001004000012003012 8317.4 001004000012005012
8 8317.4 001004000012005012 59430.20237866667 001004001012003005
8 59430.20237866667 001004001012003005 1683659.11 020004001012003012
8 1683659.11 020004001012003012 1683659.11 020004001012003012
8 1683659.11 020004001012003012 59430.20237866667 001004001012003005
8 59430.20237866667 001004001012003005 2994490.0 009004001012017006
8 2994490.0 009004001012017006 2760460.0 009004001012019006
8 2760460.0 009004001012019006 59430.20237866667 001004001012003005
8 59430.20237866667 001004001012003005 564493.5 001000001020003005
8 564493.5 001000001020003005 161537.0 001000001020014005
8 161537.0 001000001020014005 59430.20237866667 001004001012003005
8 59430.20237866667 001004001012003005 59430.20237866667 001004001012003005
8 59430.20237866667 001004001012003005 6.63378 001004001000003005
8 6.63378 001004001000003005 59430.20237866667 001004001012003005
8 59430.20237866667 001004001012003005 14467.6 001000001012017005
8 14467.6 001000001012017005 59430.20237866667 001004001012003005
8 59430.20237866667 001004001012003005 1.75158 009000000012017006
8 1.75158 009000000012017006 41123700.0 020002000012003006
8 41123700.0 020002000012003006 37907700.0 020002000012003015
8 37907700.0 020002000012003015 59430.20237866667 001004001012003005
8 59430.20237866667 001004001012003005 203956.1271225 001004001012003012
8 203956.1271225 001004001012003012 16331.1 001004001006003012
8 16331.1 001004001006003012 59430.20237866667 001004001012003005
8 59430.20237866667 001004001012003005 203956.1271225 001004001012003012
8 203956.1271225 001004001012003012 3030.1 008004001012003012
8 3030.1 008004001012003012 59430.20237866667 001004001012003005
8 59430.20237866667 001004001012003005 1877.15 009000000012017012
8 1877.15 009000000012017012 59430.20237866667 001004001012003005
8 59430.20237866667 001004001012003005 1.75158 009000000012017006
8 1.75158 009000000012017006 222209.0 001000001020003006
8 222209.0 001000001020003006 8761.96 010000001020003006
8 8761.96 010000001020003006 59430.20237866667 001004001012003005
8 59430.20237866667 001004001012003005 78.5654 001004001012007012
8 78.5654 001004001012007012 59430.20237866667 001004001012003005
8 59430.20237866667 001004001012003005 1.75158 009000000012017006
8 1.75158 009000000012017006 5836.56 001004000020007012
8 5836.56 001004000020007012 79.9344 001004000014007012
8 79.9344 001004000014007012 59430.20237866667 001004001012003005
8 59430.20237866667 001004001012003005 1415896.6666666667 008004001012007012
8 1415896.6666666667 008004001012007012 6854.66 039004001012007012
8 6854.66 039004001012007012 59430.20237866667 001004001012003005
8 59430.20237866667 001004001012003005 3030.1 008004001012003012
8 3030.1 008004001012003012 59430.20237866667 001004001012003005
8 59430.20237866667 001004001012003005 1.75158 009000000012017006
8 1.75158 009000000012017006 7516560.0 020000001012017006
8 7516560.0 020000001012017006 1105980.0 003000001012017006
8 1105980.0 003000001012017006 59430.20237866667 001004001012003005
8 59430.20237866667 001004001012003005 2994490.0 009004001012017006
8 2994490.0 009004001012017006 10719.3 009004001012017017
8 10719.3 009004001012017017 59430.20237866667 001004001012003005
8 59430.20237866667 001004001012003005 120330.88533333334 001003001012017012
8 120330.88533333334 001003001012017012 301307.0 001003001008017012
8 301307.0 001003001008017012 59430.20237866667 001004001012003005
8 59430.20237866667 001004001012003005 182785.6879 001004001020003012
8 182785.6879 001004001020003012 59430.20237866667 001004001012003005
8 59430.20237866667 001004001012003005 1.75158 009000000012017006
8 1.75158 009000000012017006 227860.0 001000001020007006
8 227860.0 001000001020007006 152627.0 006000001020007006
8 152627.0 006000001020007006 59430.20237866667 001004001012003005
8 59430.20237866667 001004001012003005 22976.3 001000001018007012
8 22976.3 001000001018007012 54.2832 001000001018023012
8 54.2832 001000001018023012 59430.20237866667 001004001012003005
8 59430.20237866667 001004001012003005 150556.0 001000001018003006
8 150556.0 001000001018003006 12208.1 001000001018003008
8 12208.1 001000001018003008 59430.20237866667 001004001012003005
8 59430.20237866667 001004001012003005 36553.6 009004001020017012
8 36553.6 009004001020017012 13818.4 001004001020017012
8 13818.4 001004001020017012 59430.20237866667 001004001012003005
8 59430.20237866667 001004001012003005 203956.1271225 001004001012003012
8 203956.1271225 001004001012003012 4493.61 001004001012003014
8 4493.61 001004001012003014 59430.20237866667 001004001012003005
8 59430.20237866667 001004001012003005 59430.20237866667 001004001012003005
8 59430.20237866667 001004001012003005 59430.20237866667 001004001012003005
8 59430.20237866667 001004001012003005 1.75158 009000000012017006
8 1.75158 009000000012017006 13818.4 001004001020017012
8 13818.4 001004001020017012 18419.3 005004001020017012
8 18419.3 005004001020017012 59430.20237866667 001004001012003005
8 59430.20237866667 001004001012003005 156350.6 005000001012017012
8 156350.6 005000001012017012 156350.6 005000001012017012
8 156350.6 005000001012017012 59430.20237866667 001004001012003005
8 59430.20237866667 001004001012003005 8237510.0 020004000020003012
8 8237510.0 020004000020003012 2794.9 020006000020003012
8 2794.9 020006000020003012 59430.20237866667 001004001012003005
8 59430.20237866667 001004001012003005 4693.36 020003000020003012
8 4693.36 020003000020003012 59430.20237866667 001004001012003005
8 59430.20237866667 001004001012003005 1.75158 009000000012017006
8 1.75158 009000000012017006 827567.875 009000000020003012
8 827567.875 009000000020003012 827567.875 009000000020003012
8 827567.875 009000000020003012 59430.20237866667 001004001012003005
8 59430.20237866667 001004001012003005 667368.31 001002000012017012
8 667368.31 001002000012017012 919930.0 001002000012018012
8 919930.0 001002000012018012 59430.20237866667 001004001012003005
8 59430.20237866667 001004001012003005 4317.68 001002000020007012
8 4317.68 001002000020007012 474322.0 001002000020007014
8 474322.0 001002000020007014 59430.20237866667 001004001012003005
9 59430.20237866667 001004001012003005 279280.0 001001000025007009
9 279280.0 001001000025007009 7162.5 001001000025007006
9 7162.5 001001000025007006 3783.1 027004000020015001
9 3783.1 027004000020015001 7199.13 016001000025020006
9 7199.13 016001000025020006 11910.8 016001000022020006
9 11910.8 016001000022020006 3783.1 027004000020015001
9 3783.1 027004000020015001 6532.14 040004000025020014
9 6532.14 040004000025020014 11910.8 016001000022020006
9 11910.8 016001000022020006 3783.1 027004000020015001
9 3783.1 027004000020015001 6987420.0 031001000025007006
9 6987420.0 031001000025007006 52218.6 031001002025007006
9 52218.6 031001002025007006 11910.8 016001000022020006
9 11910.8 016001000022020006 103561.9707885 001001000022007006
9 103561.9707885 001001000022007006 11910.8 016001000022020006
9 11910.8 016001000022020006 3783.1 027004000020015001
9 3783.1 027004000020015001 374809.0 001004000025015006
9 374809.0 001004000025015006 184322.0 001004000023015006
9 184322.0 001004000023015006 103561.9707885 001001000022007006
9 103561.9707885 001001000022007006 983840.939 040002000002020006
9 983840.939 040002000002020006 103561.9707885 001001000022007006
9 103561.9707885 001001000022007006 11910.8 016001000022020006
9 11910.8 016001000022020006 11098.8 040001000002020001
9 11098.8 040001000002020001 4009.27 040001000002020014
9 4009.27 040001000002020014 103561.9707885 001001000022007006
9 103561.9707885 001001000022007006 3714680.0 040002000025015006
9 3714680.0 040002000025015006 22789.8 040002000025015015
9 22789.8 040002000025015015 103561.9707885 001001000022007006
9 103561.9707885 001001000022007006 772554.0 016002000022020015
9 772554.0 016002000022020015 475042.0 016000000022020015
9 475042.0 016000000022020015 103561.9707885 001001000022007006
9 103561.9707885 001001000022007006 11910.8 016001000022020006
9 11910.8 016001000022020006 42440.5 016003000022020006
9 42440.5 016003000022020006 103561.9707885 001001000022007006
9 103561.9707885 001001000022007006 304390.0 040002000022000001
9 304390.0 040002000022000001 72562.6 040002000003000001
9 72562.6 040002000003000001 103561.9707885 001001000022007006
9 103561.9707885 001001000022007006 160389.0 040002000025000001
9 160389.0 040002000025000001 125404.0 028002000025000001
9 125404.0 028002000025000001 103561.9707885 001001000022007006
9 103561.9707885 001001000022007006 6429810.0 040004000002020006
9 6429810.0 040004000002020006 2888228.4675 040001000002020006
9 2888228.4675 040001000002020006 103561.9707885 001001000022007006
9 103561.9707885 001001000022007006 983840.939 040002000002020006
9 983840.939 040002000002020006 31016.3 040002000002015006
9 31016.3 040002000002015006 103561.9707885 001001000022007006
9 103561.9707885 001001000022007006 874915.6021285715 016001000002020006
9 874915.6021285715 016001000002020006 2295.15 016001000002020013
9 2295.15 016001000002020013 103561.9707885 001001000022007006
9 103561.9707885 001001000022007006 2040850.5334333333 027001000002020006
9 2040850.5334333333 027001000002020006 2040850.5334333333 027001000002020006
9 2040850.5334333333 027001000002020006 103561.9707885 001001000022007006
9 103561.9707885 001001000022007006 1449400000.0 012002000002020001
9 1449400000.0 012002000002020001 23089.9 012002000002020012
9 23089.9 012002000002020012 103561.9707885 001001000022007006
9 103561.9707885 001001000022007006 4712.37 027004000002020014
9 4712.37 027004000002020014 103561.9707885 001001000022007006
9 103561.9707885 001001000022007006 2040850.5334333333 027001000002020006
9 2040850.5334333333 027001000002020006 8310.98 016001000022020014
9 8310.98 016001000022020014 706778.0 016000000022020014
9 706778.0 016000000022020014 103561.9707885 001001000022007006
9 103561.9707885 001001000022007006 1283760.195 027001000002020014
9 1283760.195 027001000002020014 1283760.195 027001000002020014
9 1283760.195 027001000002020014 103561.9707885 001001000022007006
9 103561.9707885 001001000022007006 6532.14 040004000025020014
9 6532.14 040004000025020014 6532.14 040004000025020014
9 6532.14 040004000025020014 103561.9707885 001001000022007006
9 103561.9707885 001001000022007006 9199.88 027001000020020006
9 9199.88 027001000020020006 103561.9707885 001001000022007006
9 103561.9707885 001001000022007006 2040850.5334333333 027001000002020006
9 2040850.5334333333 027001000002020006 1283760.195 027001000002020014
9 1283760.195 027001000002020014 5999.74 035001000002020014
9 5999.74 035001000002020014 103561.9707885 001001000022007006
9 103561.9707885 001001000022007006 6336760.0 027004000002015014
9 6336760.0 027004000002015014 5757310.0 027004000011015014
9 5757310.0 027004000011015014 103561.9707885 001001000022007006
9 103561.9707885 001001000022007006 1331780.8 016001000002020014
9 1331780.8 016001000002020014 7542.89 016005000002020014
9 7542.89 016005000002020014 103561.9707885 001001000022007006
9 103561.9707885 001001000022007006 10047.7 040005001025020014
9 10047.7 040005001025020014 103561.9707885 001001000022007006
9 103561.9707885 001001000022007006 2040850.5334333333 027001000002020006
9 2040850.5334333333 027001000002020006 7542.89 016005000002020014
9 7542.89 016005000002020014 103561.9707885 001001000022007006
9 103561.9707885 001001000022007006 2040850.5334333333 027001000002020006
9 2040850.5334333333 027001000002020006 97863300.0 040002000002007006
9 97863300.0 040002000002007006 36493.7 006002000002007006
9 36493.7 006002000002007006 103561.9707885 001001000022007006
9 103561.9707885 001001000022007006 2341950366.6666665 016001000002007006
9 2341950366.6666665 016001000002007006 1779.84 016006000002007006
9 1779.84 016006000002007006 103561.9707885 001001000022007006
9 103561.9707885 001001000022007006 2473320.0 016002000002020006
9 2473320.0 016002000002020006 230256.0 016002000013020006
9 230256.0 016002000013020006 103561.9707885 001001000022007006
9 103561.9707885 001001000022007006 874915.6021285715 016001000002020006
9 874915.6021285715 016001000002020006 1433.07 016001000002012006
9 1433.07 016001000002012006 103561.9707885 001001000022007006
9 103561.9707885 001001000022007006 874915.6021285715 016001000002020006
9 874915.6021285715 016001000002020006 37260.2 016001001002020006
9 37260.2 016001001002020006 103561.9707885 001001000022007006
9 103561.9707885 001001000022007006 611045000.0 016002001022012006
9 611045000.0 016002001022012006 1221280.0 016002001022012014
9 1221280.0 016002001022012014 103561.9707885 001001000022007006
9 103561.9707885 001001000022007006 874915.6021285715 016001000002020006
9 874915.6021285715 016001000002020006 10485.0 016001000002011006
9 10485.0 016001000002011006 103561.9707885 001001000022007006
9 103561.9707885 001001000022007006 874915.6021285715 016001000002020006
9 874915.6021285715 016001000002020006 103561.9707885 001001000022007006
9 103561.9707885 001001000022007006 2040850.5334333333 027001000002020006
9 2040850.5334333333 027001000002020006 8675620.0 040001000022020013
9 8675620.0 040001000022020013 413537.0 015001000022020013
9 413537.0 015001000022020013 103561.9707885 001001000022007006
9 103561.9707885 001001000022007006 4599780000.0 015006000002020006
9 4599780000.0 015006000002020006 21200.2 015006000002020003
9 21200.2 015006000002020003 103561.9707885 001001000022007006
9 103561.9707885 001001000022007006 2888228.4675 040001000002020006
9 2888228.4675 040001000002020006 14749.775 040001001002020006
9 14749.775 040001001002020006 103561.9707885 001001000022007006
9 103561.9707885 001001000022007006 73117800.0 016002001002012006
9 73117800.0 016002001002012006 37722.9 016002001002012002
9 37722.9 016002001002012002 103561.9707885 001001000022007006
9 103561.9707885 001001000022007006 4846.049999999999 027002000002020014
9 4846.049999999999 027002000002020014 4846.049999999999 027002000002020014
9 4846.049999999999 027002000002020014 103561.9707885 001001000022007006
9 103561.9707885 001001000022007006 11910.8 016001000022020006
9 11910.8 016001000022020006 19220.1 016001002022020006
9 19220.1 016001002022020006 103561.9707885 001001000022007006
9 103561.9707885 001001000022007006 2341950366.6666665 016001000002007006
9 2341950366.6666665 016001000002007006 21380.3 016001000012007006
9 21380.3 016001000012007006 103561.9707885 001001000022007006
9 103561.9707885 001001000022007006 11910.8 016001000022020006
9 11910.8 016001000022020006 408157.6715 016001000022024006
9 408157.6715 016001000022024006 103561.9707885 001001000022007006
9 103561.9707885 001001000022007006 2341950366.6666665 016001000002007006
9 2341950366.6666665 016001000002007006 17994.8 016001000002007007
9 17994.8 016001000002007007 103561.9707885 001001000022007006
9 103561.9707885 001001000022007006 408157.6715 016001000022024006
9 408157.6715 016001000022024006 8471.69 016001000022024010
9 8471.69 016001000022024010 103561.9707885 001001000022007006
9 103561.9707885 001001000022007006 1625860.0 016001000022020010
9 1625860.0 016001000022020010 2347.0 016001000000020010
9 2347.0 016001000000020010 103561.9707885 001001000022007006
9 103561.9707885 001001000022007006 728412.0 027002000002020010
9 728412.0 027002000002020010 13644.0 027002000002018010
9 13644.0 027002000002018010 103561.9707885 001001000022007006
9 103561.9707885 001001000022007006 1331780.8 016001000002020014
9 1331780.8 016001000002020014 2705225.2183666667 016001000000020014
9 2705225.2183666667 016001000000020014 103561.9707885 001001000022007006
9 103561.9707885 001001000022007006 2705225.2183666667 016001000000020014
9 2705225.2183666667 016001000000020014 648239.0 016001002000020014
9 648239.0 016001002000020014 103561.9707885 001001000022007006
9 103561.9707885 001001000022007006 874915.6021285715 016001000002020006
9 874915.6021285715 016001000002020006 1364640.0 016001000009020006
9 1364640.0 016001000009020006 103561.9707885 001001000022007006
9 103561.9707885 001001000022007006 2040850.5334333333 027001000002020006
9 2040850.5334333333 027001000002020006 2506295.0 019001000002020006
9 2506295.0 019001000002020006 103561.9707885 001001000022007006
9 103561.9707885 001001000022007006 2506295.0 019001000002020006
9 2506295.0 019001000002020006 24643.0 019001000002009006
9 24643.0 019001000002009006 103561.9707885 001001000022007006
9 103561.9707885 001001000022007006 133586.5 001005000022024006
9 133586.5 001005000022024006 133586.5 001005000022024006
9 133586.5 001005000022024006 103561.9707885 001001000022007006
9 103561.9707885 001001000022007006 11910.8 016001000022020006
9 11910.8 016001000022020006 155922.9575 001001000022020006
9 155922.9575 001001000022020006 103561.9707885 001001000022007006
9 103561.9707885 001001000022007006 2888228.4675 040001000002020006
9 2888228.4675 040001000002020006 103561.9707885 001001000022007006
9 103561.9707885 001001000022007006 2705225.2183666667 016001000000020014
9 2705225.2183666667 016001000000020014 874915.6021285715 016001000002020006
9 874915.6021285715 016001000002020006 10251.4 029001000002020006
9 10251.4 029001000002020006 103561.9707885 001001000022007006
9 103561.9707885 001001000022007006 28292.1 040001000002007006
9 28292.1 040001000002007006 14386.1 040001000020007006
9 14386.1 040001000020007006 103561.9707885 001001000022007006
9 103561.9707885 001001000022007006 1769443.9333333333 027001000022020006
9 1769443.9333333333 027001000022020006 458968.0 027001000022020008
9 458968.0 027001000022020008 103561.9707885 001001000022007006
9 103561.9707885 001001000022007006 7139730.0 016001000022007014
9 7139730.0 016001000022007014 4919.68 016001000019007014
9 4919.68 016001000019007014 103561.9707885 001001000022007006
9 103561.9707885 001001000022007006 929099.5 016002000002020014
9 929099.5 016002000002020014 7542.89 016005000002020014
9 7542.89 016005000002020014 103561.9707885 001001000022007006
9 103561.9707885 001001000022007006 1769443.9333333333 027001000022020006
9 1769443.9333333333 027001000022020006 3067750.0 027001000019020006
9 3067750.0 027001000019020006 103561.9707885 001001000022007006
9 103561.9707885 001001000022007006 1222590.0 027001000002024006
9 1222590.0 027001000002024006 322615.0 027001000010024006
9 322615.0 027001000010024006 103561.9707885 001001000022007006
9 103561.9707885 001001000022007006 1769443.9333333333 027001000022020006
9 1769443.9333333333 027001000022020006 163.154 027001002022020006
9 163.154 027001002022020006 103561.9707885 001001000022007006
9 103561.9707885 001001000022007006 8135590.0 016001002022007006
9 8135590.0 016001002022007006 1815240.0 016001002022007012
9 1815240.0 016001002022007012 103561.9707885 001001000022007006
9 103561.9707885 001001000022007006 11910.8 016001000022020006
9 11910.8 016001000022020006 1681.03 016004000022020006
9 1681.03 016004000022020006 103561.9707885 001001000022007006
9 103561.9707885 001001000022007006 1331780.8 016001000002020014
9 1331780.8 016001000002020014 103561.9707885 001001000022007006
9 103561.9707885 001001000022007006 2705225.2183666667 016001000000020014
9 2705225.2183666667 016001000000020014 7542.89 016005000002020014
9 7542.89 016005000002020014 9945.9 016005000002006014
9 9945.9 016005000002006014 103561.9707885 001001000022007006
9 103561.9707885 001001000022007006 15180.27415 016005002000020014
9 15180.27415 016005002000020014 15180.27415 016005002000020014
9 15180.27415 016005002000020014 103561.9707885 001001000022007006
9 103561.9707885 001001000022007006 2888228.4675 040001000002020006
9 2888228.4675 040001000002020006 14749.775 040001001002020006
9 14749.775 040001001002020006 103561.9707885 001001000022007006
9 103561.9707885 001001000022007006 2729.42 001001000000020014
9 2729.42 001001000000020014 2406.64 001001000000002014
9 2406.64 001001000000002014 103561.9707885 001001000022007006
9 103561.9707885 001001000022007006 4840870.0 027001000000020006
9 4840870.0 027001000000020006 2885200.0 009001000000020006
9 2885200.0 009001000000020006 103561.9707885 001001000022007006
9 103561.9707885 001001000022007006 716117.30395 001005000000020014
9 716117.30395 001005000000020014 225412.32533333334 001005001000020014
9 225412.32533333334 001005001000020014 103561.9707885 001001000022007006
9 103561.9707885 001001000022007006 929099.5 016002000002020014
9 929099.5 016002000002020014 789983.0 016002000002020003
9 789983.0 016002000002020003 103561.9707885 001001000022007006
9 103561.9707885 001001000022007006 648239.0 016001002000020014
9 648239.0 016001002000020014 888556.0 024001002000020014
9 888556.0 024001002000020014 103561.9707885 001001000022007006
9 103561.9707885 001001000022007006 375592.6666666667 001005000022020006
9 375592.6666666667 001005000022020006 55676.44 001005001022020006
9 55676.44 001005001022020006 103561.9707885 001001000022007006
9 103561.9707885 001001000022007006 10404900.0 027001000022020014
9 10404900.0 027001000022020014 64.3423 027001000022020009
9 64.3423 027001000022020009 103561.9707885 001001000022007006
9 103561.9707885 001001000022007006 1339310.0 016001000002020009
9 1339310.0 016001000002020009 993709.0 016002000002020009
9 993709.0 016002000002020009 103561.9707885 001001000022007006
9 103561.9707885 001001000022007006 716117.30395 001005000000020014
9 716117.30395 001005000000020014 103561.9707885 001001000022007006
9 103561.9707885 001001000022007006 15180.27415 016005002000020014
9 15180.27415 016005002000020014 344363.0 001005000002020009
9 344363.0 001005000002020009 208930.43636666666 001005000021020009
9 208930.43636666666 001005000021020009 103561.9707885 001001000022007006
9 103561.9707885 001001000022007006 2705225.2183666667 016001000000020014
9 2705225.2183666667 016001000000020014 137.719 016001000000020013
9 137.719 016001000000020013 103561.9707885 001001000022007006
9 103561.9707885 001001000022007006 8310.98 016001000022020014
9 8310.98 016001000022020014 151.352 016001002022020014
9 151.352 016001002022020014 103561.9707885 001001000022007006
9 103561.9707885 001001000022007006 8310.98 016001000022020014
9 8310.98 016001000022020014 103561.9707885 001001000022007006
9 103561.9707885 001001000022007006 208930.43636666666 001005000021020009
9 208930.43636666666 001005000021020009 430096.0 001001000022020014
9 430096.0 001001000022020014 103561.9707885 001001000022007006
9 103561.9707885 001001000022007006 208930.43636666666 001005000021020009
9 208930.43636666666 001005000021020009 13133400.0 016005000000020006
9 13133400.0 016005000000020006 100001.0 003005000000020006
9 100001.0 003005000000020006 103561.9707885 001001000022007006
9 103561.9707885 001001000022007006 430096.0 001001000022020014
9 430096.0 001001000022020014 111.158 030001000022020014
9 111.158 030001000022020014 103561.9707885 001001000022007006
9 103561.9707885 001001000022007006 430096.0 001001000022020014
9 430096.0 001001000022020014 319869.9725 001000000022020014
9 319869.9725 001000000022020014 103561.9707885 001001000022007006
9 103561.9707885 001001000022007006 660621.0 016001002002020014
9 660621.0 016001002002020014 648239.0 016001002000020014
9 648239.0 016001002000020014 103561.9707885 001001000022007006
9 103561.9707885 001001000022007006 375592.6666666667 001005000022020006
9 375592.6666666667 001005000022020006 8309.41 001006000022020006
9 8309.41 001006000022020006 103561.9707885 001001000022007006
9 103561.9707885 001001000022007006 1292585.1666666667 016005000022020014
9 1292585.1666666667 016005000022020014 706778.0 016000000022020014
9 706778.0 016000000022020014 103561.9707885 001001000022007006
9 103561.9707885 001001000022007006 2705225.2183666667 016001000000020014
9 2705225.2183666667 016001000000020014 1760330.0 015001000000020014
9 1760330.0 015001000000020014 103561.9707885 001001000022007006
9 103561.9707885 001001000022007006 321609.378275 001001000022007014
9 321609.378275 001001000022007014 430096.0 001001000022020014
9 430096.0 001001000022020014 103561.9707885 001001000022007006
9 103561.9707885 001001000022007006 73.9632 016005000000020014
9 73.9632 016005000000020014 53.7747 016005000000017014
9 53.7747 016005000000017014 103561.9707885 001001000022007006
9 103561.9707885 001001000022007006 1292585.1666666667 016005000022020014
9 1292585.1666666667 016005000022020014 3592.58 016005000022020001
9 3592.58 016005000022020001 103561.9707885 001001000022007006
9 103561.9707885 001001000022007006 996.105 001001000021020009
9 996.105 001001000021020009 103561.9707885 001001000022007006
9 103561.9707885 001001000022007006 319869.9725 001000000022020014
9 319869.9725 001000000022020014 430096.0 001001000022020014
9 430096.0 001001000022020014 214654.54405 001001001022020014
9 214654.54405 001001001022020014 103561.9707885 001001000022007006
9 103561.9707885 001001000022007006 2705225.2183666667 016001000000020014
9 2705225.2183666667 016001000000020014 17857.4 016001001000020014
9 17857.4 016001001000020014 103561.9707885 001001000022007006
9 103561.9707885 001001000022007006 162236.0 001000001022020014
9 162236.0 001000001022020014 162236.0 001000001022020014
9 162236.0 001000001022020014 103561.9707885 001001000022007006
9 103561.9707885 001001000022007006 2729.42 001001000000020014
9 2729.42 001001000000020014 1128.4 001001000005020014
9 1128.4 001001000005020014 103561.9707885 001001000022007006
9 103561.9707885 001001000022007006 529981.0742307692 001005000022020014
9 529981.0742307692 001005000022020014 103561.9707885 001001000022007006
9 103561.9707885 001001000022007006 319869.9725 001000000022020014
9 319869.9725 001000000022020014 321609.378275 001001000022007014
9 321609.378275 001001000022007014 27377.1 018001000022007014
9 27377.1 018001000022007014 103561.9707885 001001000022007006
9 103561.9707885 001001000022007006 319763.80585 001001000000007014
9 319763.80585 001001000000007014 319763.80585 001001000000007014
9 319763.80585 001001000000007014 103561.9707885 001001000022007006
9 103561.9707885 001001000022007006 319869.9725 001000000022020014
9 319869.9725 001000000022020014 417571.0 001000000022021014
9 417571.0 001000000022021014 103561.9707885 001001000022007006
9 103561.9707885 001001000022007006 5219450.0 016001001022020006
9 5219450.0 016001001022020006 5354.41 030001001022020006
9 5354.41 030001001022020006 103561.9707885 001001000022007006
9 103561.9707885 001001000022007006 529981.0742307692 001005000022020014
9 529981.0742307692 001005000022020014 164268.258412 001005000022020009
9 164268.258412 001005000022020009 103561.9707885 001001000022007006
9 103561.9707885 001001000022007006 2705225.2183666667 016001000000020014
9 2705225.2183666667 016001000000020014 57.8239 016000000000020014
9 57.8239 016000000000020014 103561.9707885 001001000022007006
9 103561.9707885 001001000022007006 1292585.1666666667 016005000022020014
9 1292585.1666666667 016005000022020014 11200.6 016005000001020014
9 11200.6 016005000001020014 103561.9707885 001001000022007006
9 103561.9707885 001001000022007006 46.587575 001001000021020006
9 46.587575 001001000021020006 545177.798265 001001000021020014
9 545177.798265 001001000021020014 103561.9707885 001001000022007006
9 103561.9707885 001001000022007006 529981.0742307692 001005000022020014
9 529981.0742307692 001005000022020014 285.2352 001005000013020014
9 285.2352 001005000013020014 103561.9707885 001001000022007006
9 103561.9707885 001001000022007006 416.09 001000000013020009
9 416.09 001000000013020009 118.581 001000000013017009
9 118.581 001000000013017009 103561.9707885 001001000022007006
9 103561.9707885 001001000022007006 459831.25 001001001021020014
9 459831.25 001001001021020014 545177.798265 001001000021020014
9 545177.798265 001001000021020014 103561.9707885 001001000022007006
9 103561.9707885 001001000022007006 39.4854 001000001000020014
9 39.4854 001000001000020014 103561.9707885 001001000022007006
9 103561.9707885 001001000022007006 319869.9725 001000000022020014
9 319869.9725 001000000022020014 225412.32533333334 001005001000020014
9 225412.32533333334 001005001000020014 225412.32533333334 001005001000020014
9 225412.32533333334 001005001000020014 103561.9707885 001001000022007006
9 103561.9707885 001001000022007006 285.2352 001005000013020014
9 285.2352 001005000013020014 103561.9707885 001001000022007006
9 103561.9707885 001001000022007006 319869.9725 001000000022020014
9 319869.9725 001000000022020014 529981.0742307692 001005000022020014
9 529981.0742307692 001005000022020014 529981.0742307692 001005000022020014
9 529981.0742307692 001005000022020014 103561.9707885 001001000022007006
9 103561.9707885 001001000022007006 557091.0 016005000022020006
9 557091.0 016005000022020006 3372.68 016005002022020006
9 3372.68 016005002022020006 103561.9707885 001001000022007006
9 103561.9707885 001001000022007006 306925.0 001001002022020014
9 306925.0 001001002022020014 306925.0 001001002022020014
9 306925.0 001001002022020014 103561.9707885 001001000022007006
9 103561.9707885 001001000022007006 430096.0 001001000022020014
9 430096.0 001001000022020014 319869.9725 001000000022020014
9 319869.9725 001000000022020014 103561.9707885 001001000022007006
9 103561.9707885 001001000022007006 545177.798265 001001000021020014
9 545177.798265 001001000021020014 5528.22 001001000021009014
9 5528.22 001001000021009014 103561.9707885 001001000022007006
9 103561.9707885 001001000022007006 5061.98 001005000000009014
9 5061.98 001005000000009014 116.765 001005000000007014
9 116.765 001005000000007014 103561.9707885 001001000022007006
9 103561.9707885 001001000022007006 218150.980355 001005002022020014
9 218150.980355 001005002022020014 103561.9707885 001001000022007006
9 103561.9707885 001001000022007006 319869.9725 001000000022020014
9 319869.9725 001000000022020014 430096.0 001001000022020014
9 430096.0 001001000022020014 47.5328 010001000022020014
9 47.5328 010001000022020014 103561.9707885 001001000022007006
9 103561.9707885 001001000022007006 10052.9 001005001022020014
9 10052.9 001005001022020014 226818.5 001002001022020014
9 226818.5 001002001022020014 103561.9707885 001001000022007006
9 103561.9707885 001001000022007006 10052.9 001005001022020014
9 10052.9 001005001022020014 10052.9 001005001022020014
9 10052.9 001005001022020014 103561.9707885 001001000022007006
9 103561.9707885 001001000022007006 276424.5 001005002022020006
9 276424.5 001005002022020006 155373.0 001005002022010006
9 155373.0 001005002022010006 103561.9707885 001001000022007006
9 103561.9707885 001001000022007006 1054610.0 001001000013020014
9 1054610.0 001001000013020014 466505.0 001003000013020014
9 466505.0 001003000013020014 103561.9707885 001001000022007006
9 103561.9707885 001001000022007006 218150.980355 001005002022020014
9 218150.980355 001005002022020014 8279.53 001005002024020014
9 8279.53 001005002024020014 103561.9707885 001001000022007006
9 103561.9707885 001001000022007006 529981.0742307692 001005000022020014
9 529981.0742307692 001005000022020014 529981.0742307692 001005000022020014
9 529981.0742307692 001005000022020014 103561.9707885 001001000022007006
9 103561.9707885 001001000022007006 529981.0742307692 001005000022020014
9 529981.0742307692 001005000022020014 10052.9 001005001022020014
9 10052.9 001005001022020014 103561.9707885 001001000022007006
9 103561.9707885 001001000022007006 21876.4 001000002000020014
9 21876.4 001000002000020014 47.3141 001000002000018014
9 47.3141 001000002000018014 103561.9707885 001001000022007006
9 103561.9707885 001001000022007006 5595.28 001000000022018014
9 5595.28 001000000022018014 17.5578 001000000000018014
9 17.5578 001000000000018014 103561.9707885 001001000022007006
9 103561.9707885 001001000022007006 2729.42 001001000000020014
9 2729.42 001001000000020014 89.247 001000000000020014
9 89.247 001000000000020014 103561.9707885 001001000022007006
9 103561.9707885 001001000022007006 82.0565 001000000022007014
9 82.0565 001000000022007014 82.0565 001000000022007014
9 82.0565 001000000022007014 103561.9707885 001001000022007006
9 103561.9707885 001001000022007006 316498.7373 001005000021007014
9 316498.7373 001005000021007014 316498.7373 001005000021007014
9 316498.7373 001005000021007014 103561.9707885 001001000022007006
9 103561.9707885 001001000022007006 545177.798265 001001000021020014
9 545177.798265 001001000021020014 3121.2 012001000021020014
9 3121.2 012001000021020014 103561.9707885 001001000022007006
9 103561.9707885 001001000022007006 529981.0742307692 001005000022020014
9 529981.0742307692 001005000022020014 529981.0742307692 001005000022020014
9 529981.0742307692 001005000022020014 103561.9707885 001001000022007006
9 103561.9707885 001001000022007006 529981.0742307692 001005000022020014
9 529981.0742307692 001005000022020014 17.0326 001002000022020014
9 17.0326 001002000022020014 103561.9707885 001001000022007006
9 103561.9707885 001001000022007006 316498.7373 001005000021007014
9 316498.7373 001005000021007014 644110.0 001005001021007014
9 644110.0 001005001021007014 103561.9707885 001001000022007006
9 103561.9707885 001001000022007006 341679.0 001005000021020006
9 341679.0 001005000021020006 23325.3 009005000021020006
9 23325.3 009005000021020006 103561.9707885 001001000022007006
9 103561.9707885 001001000022007006 86622.88495 001000000021020014
9 86622.88495 001000000021020014 327302.0 001000000021010014
9 327302.0 001000000021010014 103561.9707885 001001000022007006
9 103561.9707885 001001000022007006 214654.54405 001001001022020014
9 214654.54405 001001001022020014 133880.0 001001001022020004
9 133880.0 001001001022020004 103561.9707885 001001000022007006
9 103561.9707885 001001000022007006 317947.0513 001001002022020009
9 317947.0513 001001002022020009 279587.5 001005002022020009
9 279587.5 001005002022020009 103561.9707885 001001000022007006
9 103561.9707885 001001000022007006 430096.0 001001000022020014
9 430096.0 001001000022020014 656.036 023001000022020014
9 656.036 023001000022020014 103561.9707885 001001000022007006
9 103561.9707885 001001000022007006 500730.5 001000002022020014
9 500730.5 001000002022020014 162713.0 001000002002020014
9 162713.0 001000002002020014 103561.9707885 001001000022007006
9 103561.9707885 001001000022007006 319869.9725 001000000022020014
9 319869.9725 001000000022020014 129128.0 001000000022020004
9 129128.0 001000000022020004 103561.9707885 001001000022007006
9 103561.9707885 001001000022007006 430096.0 001001000022020014
9 430096.0 001001000022020014 103561.9707885 001001000022007006
9 103561.9707885 001001000022007006 319869.9725 001000000022020014
9 319869.9725 001000000022020014 430096.0 001001000022020014
9 430096.0 001001000022020014 39.8096 001001000022020015
9 39.8096 001001000022020015 103561.9707885 001001000022007006
9 103561.9707885 001001000022007006 1084420.0 001001000022018014
9 1084420.0 001001000022018014 808585.0 001001000000018014
9 808585.0 001001000000018014 103561.9707885 001001000022007006
9 103561.9707885 001001000022007006 962771.3333333334 001005000022007014
9 962771.3333333334 001005000022007014 652066.0 035005000022007014
9 652066.0 035005000022007014 103561.9707885 001001000022007006
9 103561.9707885 001001000022007006 29634.5 001001001022020006
9 29634.5 001001001022020006 30.1313 001001001022020012
9 30.1313 001001001022020012 103561.9707885 001001000022007006
9 103561.9707885 001001000022007006 164268.258412 001005000022020009
9 164268.258412 001005000022020009 103561.9707885 001001000022007006
9 103561.9707885 001001000022007006 319869.9725 001000000022020014
9 319869.9725 001000000022020014 55676.44 001005001022020006
9 55676.44 001005001022020006 46.2795 001000001022020006
9 46.2795 001000001022020006 103561.9707885 001001000022007006
9 103561.9707885 001001000022007006 264424.0 001000001021020006
9 264424.0 001000001021020006 158354.0 013000001021020006
9 158354.0 013000001021020006 103561.9707885 001001000022007006
9 103561.9707885 001001000022007006 1259090.0 001002000022020009
9 1259090.0 001002000022020009 260522.0 001002002022020009
9 260522.0 001002002022020009 103561.9707885 001001000022007006
9 103561.9707885 001001000022007006 226818.5 001002001022020014
9 226818.5 001002001022020014 4947.28 001002001022021014
9 4947.28 001002001022021014 103561.9707885 001001000022007006
9 103561.9707885 001001000022007006 525058.14 001005000021020014
9 525058.14 001005000021020014 410398.085 001005002021020014
9 410398.085 001005002021020014 103561.9707885 001001000022007006
9 103561.9707885 001001000022007006 500730.5 001000002022020014
9 500730.5 001000002022020014 185174.15 001002002022020014
9 185174.15 001002002022020014 103561.9707885 001001000022007006
9 103561.9707885 001001000022007006 163941.174625 001001000022020009
9 163941.174625 001001000022020009 149009.18876666666 001000000022020009
9 149009.18876666666 001000000022020009 103561.9707885 001001000022007006
9 103561.9707885 001001000022007006 321609.378275 001001000022007014
9 321609.378275 001001000022007014 103561.9707885 001001000022007006
9 103561.9707885 001001000022007006 319869.9725 001000000022020014
9 319869.9725 001000000022020014 543408.0 001001001022020009
9 543408.0 001001001022020009 188731.0 001005001022020009
9 188731.0 001005001022020009 103561.9707885 001001000022007006
9 103561.9707885 001001000022007006 410398.085 001005002021020014
9 410398.085 001005002021020014 495009.0 001005002021008014
9 495009.0 001005002021008014 103561.9707885 001001000022007006
9 103561.9707885 001001000022007006 218150.980355 001005002022020014
9 218150.980355 001005002022020014 10052.9 001005001022020014
9 10052.9 001005001022020014 103561.9707885 001001000022007006
9 103561.9707885 001001000022007006 218150.980355 001005002022020014
9 218150.980355 001005002022020014 218150.980355 001005002022020014
9 218150.980355 001005002022020014 103561.9707885 001001000022007006
9 103561.9707885 001001000022007006 12937.1 001001000021007009
9 12937.1 001001000021007009 6162.7 001001000021001009
9 6162.7 001001000021001009 103561.9707885 001001000022007006
9 103561.9707885 001001000022007006 150155.5 001000000022020006
9 150155.5 001000000022020006 25.0209 013000000022020006
9 25.0209 013000000022020006 103561.9707885 001001000022007006
9 103561.9707885 001001000022007006 17.0326 001002000022020014
9 17.0326 001002000022020014 577.794 026002000022020014
9 577.794 026002000022020014 103561.9707885 001001000022007006
9 103561.9707885 001001000022007006 430096.0 001001000022020014
9 430096.0 001001000022020014 8310.98 016001000022020014
9 8310.98 016001000022020014 103561.9707885 001001000022007006
9 103561.9707885 001001000022007006 214654.54405 001001001022020014
9 214654.54405 001001001022020014 7167.0 035001001022020014
9 7167.0 035001001022020014 103561.9707885 001001000022007006
9 103561.9707885 001001000022007006 46.587575 001001000021020006
9 46.587575 001001000021020006 103561.9707885 001001000022007006
9 103561.9707885 001001000022007006 319869.9725 001000000022020014
9 319869.9725 001000000022020014 529981.0742307692 001005000022020014
9 529981.0742307692 001005000022020014 78.396 001005000023020014
9 78.396 001005000023020014 103561.9707885 001001000022007006
9 103561.9707885 001001000022007006 10052.9 001005001022020014
9 10052.9 001005001022020014 146284.0 001005001022020001
9 146284.0 001005001022020001 103561.9707885 001001000022007006
9 103561.9707885 001001000022007006 545177.798265 001001000021020014
9 545177.798265 001001000021020014 1220800.0 001001000021001014
9 1220800.0 001001000021001014 103561.9707885 001001000022007006
9 103561.9707885 001001000022007006 8858.2 001001000022001014
9 8858.2 001001000022001014 3209.17 001001000022004014
9 3209.17 001001000022004014 103561.9707885 001001000022007006
9 103561.9707885 001001000022007006 164268.258412 001005000022020009
9 164268.258412 001005000022020009 44725.6 001006000022020009
9 44725.6 001006000022020009 103561.9707885 001001000022007006
9 103561.9707885 001001000022007006 529981.0742307692 001005000022020014
9 529981.0742307692 001005000022020014 167044.0 001005000022020000
9 167044.0 001005000022020000 103561.9707885 001001000022007006
9 103561.9707885 001001000022007006 319869.9725 001000000022020014
9 319869.9725 001000000022020014 41620.6 001006000022020014
9 41620.6 001006000022020014 103561.9707885 001001000022007006
9 103561.9707885 001001000022007006 545177.798265 001001000021020014
9 545177.798265 001001000021020014 103561.9707885 001001000022007006
9 103561.9707885 001001000022007006 319869.9725 001000000022020014
9 319869.9725 001000000022020014 218150.980355 001005002022020014
9 218150.980355 001005002022020014 185174.15 001002002022020014
9 185174.15 001002002022020014 103561.9707885 001001000022007006
9 103561.9707885 001001000022007006 73732.90746666667 001001000022007009
9 73732.90746666667 001001000022007009 55.2499 001001000022001009
9 55.2499 001001000022001009 103561.9707885 001001000022007006
9 103561.9707885 001001000022007006 430096.0 001001000022020014
9 430096.0 001001000022020014 306925.0 001001002022020014
9 306925.0 001001002022020014 103561.9707885 001001000022007006
9 103561.9707885 001001000022007006 430096.0 001001000022020014
9 430096.0 001001000022020014 5200.81 001001000022014014
9 5200.81 001001000022014014 103561.9707885 001001000022007006
9 103561.9707885 001001000022007006 316498.7373 001005000021007014
9 316498.7373 001005000021007014 49.7854 027005000021007014
9 49.7854 027005000021007014 103561.9707885 001001000022007006
9 103561.9707885 001001000022007006 525058.14 001005000021020014
9 525058.14 001005000021020014 75.6608 001005000021020004
9 75.6608 001005000021020004 103561.9707885 001001000022007006
9 103561.9707885 001001000022007006 163941.174625 001001000022020009
9 163941.174625 001001000022020009 12737.7 028001000022020009
9 12737.7 028001000022020009 103561.9707885 001001000022007006
9 103561.9707885 001001000022007006 214654.54405 001001001022020014
9 214654.54405 001001001022020014 237300.0 001001001022018014
9 237300.0 001001001022018014 103561.9707885 001001000022007006
9 103561.9707885 001001000022007006 459831.25 001001001021020014
9 459831.25 001001001021020014 7781.86 001001001021020008
9 7781.86 001001001021020008 103561.9707885 001001000022007006
9 103561.9707885 001001000022007006 227852.5 001005001021020006
9 227852.5 001005001021020006 227852.5 001005001021020006
9 227852.5 001005001021020006 103561.9707885 001001000022007006
9 103561.9707885 001001000022007006 321609.378275 001001000022007014
9 321609.378275 001001000022007014 8858.2 001001000022001014
9 8858.2 001001000022001014 103561.9707885 001001000022007006
9 103561.9707885 001001000022007006 543408.0 001001001022020009
9 543408.0 001001001022020009 159895.0 001001001022020000
9 159895.0 001001001022020000 103561.9707885 001001000022007006
9 103561.9707885 001001000022007006 525058.14 001005000021020014
9 525058.14 001005000021020014 4339.94 006005000021020014
9 4339.94 006005000021020014 103561.9707885 001001000022007006
9 103561.9707885 001001000022007006 164268.258412 001005000022020009
9 164268.258412 001005000022020009 164268.258412 001005000022020009
9 164268.258412 001005000022020009 103561.9707885 001001000022007006
9 103561.9707885 001001000022007006 430096.0 001001000022020014
9 430096.0 001001000022020014 3209.17 001001000022004014
9 3209.17 001001000022004014 103561.9707885 001001000022007006
9 103561.9707885 001001000022007006 962771.3333333334 001005000022007014
9 962771.3333333334 001005000022007014 90.944 008005000022007014
9 90.944 008005000022007014 103561.9707885 001001000022007006
9 103561.9707885 001001000022007006 214654.54405 001001001022020014
9 214654.54405 001001001022020014 6308.9 001001001022020013
9 6308.9 001001001022020013 103561.9707885 001001000022007006
9 103561.9707885 001001000022007006 430096.0 001001000022020014
9 430096.0 001001000022020014 430096.0 001001000022020014
9 430096.0 001001000022020014 103561.9707885 001001000022007006
9 103561.9707885 001001000022007006 32.7014 001000000021007014
9 32.7014 001000000021007014 32.7014 001000000021007014
9 32.7014 001000000021007014 103561.9707885 001001000022007006
9 103561.9707885 001001000022007006 525058.14 001005000021020014
9 525058.14 001005000021020014 391574.0 001005000021006014
9 391574.0 001005000021006014 103561.9707885 001001000022007006
9 103561.9707885 001001000022007006 749765.0 001005002022007014
9 749765.0 001005002022007014 43495.2 012005002022007014
9 43495.2 012005002022007014 103561.9707885 001001000022007006
9 103561.9707885 001001000022007006 962771.3333333334 001005000022007014
9 962771.3333333334 001005000022007014 6343.55 001005000011007014
9 6343.55 001005000011007014 103561.9707885 001001000022007006
9 103561.9707885 001001000022007006 276424.5 001005002022020006
9 276424.5 001005002022020006 80017.9 018005002022020006
9 80017.9 018005002022020006 103561.9707885 001001000022007006
9 103561.9707885 001001000022007006 155922.9575 001001000022020006
9 155922.9575 001001000022020006 11910.8 016001000022020006
9 11910.8 016001000022020006 103561.9707885 001001000022007006
9 103561.9707885 001001000022007006 55676.44 001005001022020006
9 55676.44 001005001022020006 254.019 001005001022020017
9 254.019 001005001022020017 103561.9707885 001001000022007006
9 103561.9707885 001001000022007006 529981.0742307692 001005000022020014
9 529981.0742307692 001005000022020014 4000.23 001005000019020014
9 4000.23 001005000019020014 103561.9707885 001001000022007006
9 103561.9707885 001001000022007006 625970.6332 001001001022007014
9 625970.6332 001001001022007014 625970.6332 001001001022007014
9 625970.6332 001001001022007014 103561.9707885 001001000022007006
9 103561.9707885 001001000022007006 459831.25 001001001021020014
9 459831.25 001001001021020014 10269.8 021001001021020014
9 10269.8 021001001021020014 103561.9707885 001001000022007006
9 103561.9707885 001001000022007006 149009.18876666666 001000000022020009
9 149009.18876666666 001000000022020009 103561.9707885 001001000022007006
9 103561.9707885 001001000022007006 319869.9725 001000000022020014
9 319869.9725 001000000022020014 432084.5 001005000022007009
9 432084.5 001005000022007009 190341.0 001005000022016009
9 190341.0 001005000022016009 103561.9707885 001001000022007006
9 103561.9707885 001001000022007006 82.0565 001000000022007014
9 82.0565 001000000022007014 103561.9707885 001001000022007006
9 103561.9707885 001001000022007006 149009.18876666666 001000000022020009
9 149009.18876666666 001000000022020009 306925.0 001001002022020014
9 306925.0 001001002022020014 103561.9707885 001001000022007006
9 103561.9707885 001001000022007006 149009.18876666666 001000000022020009
9 149009.18876666666 001000000022020009 319869.9725 001000000022020014
9 319869.9725 001000000022020014 162236.0 001000001022020014
9 162236.0 001000001022020014 103561.9707885 001001000022007006
9 103561.9707885 001001000022007006 754869.0 001005002021020009
9 754869.0 001005002021020009 66028.3 031005002021020009
9 66028.3 031005002021020009 103561.9707885 001001000022007006
9 103561.9707885 001001000022007006 19536.2 001001002022007006
9 19536.2 001001002022007006 103561.9707885 001001000022007006
9 103561.9707885 001001000022007006 149009.18876666666 001000000022020009
9 149009.18876666666 001000000022020009 529981.0742307692 001005000022020014
9 529981.0742307692 001005000022020014 6743.95 001005000022020013
9 6743.95 001005000022020013 103561.9707885 001001000022007006
9 103561.9707885 001001000022007006 529981.0742307692 001005000022020014
9 529981.0742307692 001005000022020014 79.6614 001005000009020014
9 79.6614 001005000009020014 103561.9707885 001001000022007006
9 103561.9707885 001001000022007006 86622.88495 001000000021020014
9 86622.88495 001000000021020014 118.471 001000000002020014
9 118.471 001000000002020014 103561.9707885 001001000022007006
9 103561.9707885 001001000022007006 319869.9725 001000000022020014
9 319869.9725 001000000022020014 1775.0 035000000022020014
9 1775.0 035000000022020014 103561.9707885 001001000022007006
9 103561.9707885 001001000022007006 179293.585 001000002022020006
9 179293.585 001000002022020006 179293.585 001000002022020006
9 179293.585 001000002022020006 103561.9707885 001001000022007006
9 103561.9707885 001001000022007006 525058.14 001005000021020014
9 525058.14 001005000021020014 4000.23 001005000019020014
9 4000.23 001005000019020014 103561.9707885 001001000022007006
9 103561.9707885 001001000022007006 545177.798265 001001000021020014
9 545177.798265 001001000021020014 371161.0 001001000021020016
9 371161.0 001001000021020016 103561.9707885 001001000022007006
9 103561.9707885 001001000022007006 316498.7373 001005000021007014
9 316498.7373 001005000021007014 41.0873 001005000024007014
9 41.0873 001005000024007014 103561.9707885 001001000022007006
9 103561.9707885 001001000022007006 210904.0 001000002022020009
9 210904.0 001000002022020009 64569.0 032000002022020009
9 64569.0 032000002022020009 103561.9707885 001001000022007006
9 103561.9707885 001001000022007006 306925.0 001001002022020014
9 306925.0 001001002022020014 214654.54405 001001001022020014
9 214654.54405 001001001022020014 103561.9707885 001001000022007006
9 103561.9707885 001001000022007006 317452.0 001000000021007006
9 317452.0 001000000021007006 8208.11 001000000021007008
9 8208.11 001000000021007008 103561.9707885 001001000022007006
9 103561.9707885 001001000022007006 86622.88495 001000000021020014
9 86622.88495 001000000021020014 2928.16 016000000021020014
9 2928.16 016000000021020014 103561.9707885 001001000022007006
9 103561.9707885 001001000022007006 432084.5 001005000022007009
9 432084.5 001005000022007009 275.105 035005000022007009
9 275.105 035005000022007009 103561.9707885 001001000022007006
9 103561.9707885 001001000022007006 163941.174625 001001000022020009
9 163941.174625 001001000022020009 317947.0513 001001002022020009
9 317947.0513 001001002022020009 103561.9707885 001001000022007006
9 103561.9707885 001001000022007006 163941.174625 001001000022020009
9 163941.174625 001001000022020009 103561.9707885 001001000022007006
9 103561.9707885 001001000022007006 149009.18876666666 001000000022020009
9 149009.18876666666 001000000022020009 164268.258412 001005000022020009
9 164268.258412 001005000022020009 103561.9707885 001001000022007006
9 103561.9707885 001001000022007006 149009.18876666666 001000000022020009
9 149009.18876666666 001000000022020009 89.5096 001000000022007009
9 89.5096 001000000022007009 103561.9707885 001001000022007006
9 103561.9707885 001001000022007006 149009.18876666666 001000000022020009
9 149009.18876666666 001000000022020009 319869.9725 001000000022020014
9 319869.9725 001000000022020014 103561.9707885 001001000022007006
9 103561.9707885 001001000022007006 149009.18876666666 001000000022020009
9 149009.18876666666 001000000022020009 321609.378275 001001000022007014
9 321609.378275 001001000022007014 103561.9707885 001001000022007006
9 103561.9707885 001001000022007006 149009.18876666666 001000000022020009
9 149009.18876666666 001000000022020009 155922.9575 001001000022020006
9 155922.9575 001001000022020006 155922.9575 001001000022020006
9 155922.9575 001001000022020006 103561.9707885 001001000022007006
9 103561.9707885 001001000022007006 103561.9707885 001001000022007006
9 103561.9707885 001001000022007006 9127.34 001000000022007006
9 9127.34 001000000022007006 103561.9707885 001001000022007006
9 103561.9707885 001001000022007006 375592.6666666667 001005000022020006
9 375592.6666666667 001005000022020006 104814.0 001005000003020006
9 104814.0 001005000003020006 103561.9707885 001001000022007006
9 103561.9707885 001001000022007006 208930.43636666666 001005000021020009
9 208930.43636666666 001005000021020009 858.7355 001000000021020009
9 858.7355 001000000021020009 103561.9707885 001001000022007006
9 103561.9707885 001001000022007006 525058.14 001005000021020014
9 525058.14 001005000021020014 86622.88495 001000000021020014
9 86622.88495 001000000021020014 103561.9707885 001001000022007006
9 103561.9707885 001001000022007006 279587.5 001005002022020009
9 279587.5 001005002022020009 121.196 001005002022002009
9 121.196 001005002022002009 103561.9707885 001001000022007006
9 103561.9707885 001001000022007006 525058.14 001005000021020014
9 525058.14 001005000021020014 8061.28 001005000021020003
9 8061.28 001005000021020003 103561.9707885 001001000022007006
9 103561.9707885 001001000022007006 32.7014 001000000021007014
9 32.7014 001000000021007014 221.517 001000000002007014
9 221.517 001000000002007014 103561.9707885 001001000022007006
9 103561.9707885 001001000022007006 86622.88495 001000000021020014
9 86622.88495 001000000021020014 103561.9707885 001001000022007006
9 103561.9707885 001001000022007006 149009.18876666666 001000000022020009
9 149009.18876666666 001000000022020009 14727.3 001000000021020006
9 14727.3 001000000021020006 5490.48 001000000021013006
9 5490.48 001000000021013006 103561.9707885 001001000022007006
9 103561.9707885 001001000022007006 82.0565 001000000022007014
9 82.0565 001000000022007014 82.0565 001000000022007014
9 82.0565 001000000022007014 103561.9707885 001001000022007006
9 103561.9707885 001001000022007006 208930.43636666666 001005000021020009
9 208930.43636666666 001005000021020009 17963.3 009005000021020009
9 17963.3 009005000021020009 103561.9707885 001001000022007006
9 103561.9707885 001001000022007006 73732.90746666667 001001000022007009
9 73732.90746666667 001001000022007009 655427.428965 001001000015007009
9 655427.428965 001001000015007009 103561.9707885 001001000022007006
9 103561.9707885 001001000022007006 150155.5 001000000022020006
9 150155.5 001000000022020006 84.1085 008000000022020006
9 84.1085 008000000022020006 103561.9707885 001001000022007006
9 103561.9707885 001001000022007006 73732.90746666667 001001000022007009
9 73732.90746666667 001001000022007009 9263.42 001001000022005009
9 9263.42 001001000022005009 103561.9707885 001001000022007006
9 103561.9707885 001001000022007006 430096.0 001001000022020014
9 430096.0 001001000022020014 894881.0 001001000020020014
9 894881.0 001001000020020014 103561.9707885 001001000022007006
9 103561.9707885 001001000022007006 149009.18876666666 001000000022020009
9 149009.18876666666 001000000022020009 315190.0 001004000022020009
9 315190.0 001004000022020009 103561.9707885 001001000022007006
9 103561.9707885 001001000022007006 655427.428965 001001000015007009
9 655427.428965 001001000015007009 1072400.0 001001000012007009
9 1072400.0 001001000012007009 103561.9707885 001001000022007006
9 103561.9707885 001001000022007006 6.24249 001005000015007014
9 6.24249 001005000015007014 103561.9707885 001001000022007006
9 103561.9707885 001001000022007006 149009.18876666666 001000000022020009
9 149009.18876666666 001000000022020009 319869.9725 001000000022020014
9 319869.9725 001000000022020014 4333.66 022000000022020014
9 4333.66 022000000022020014 103561.9707885 001001000022007006
9 103561.9707885 001001000022007006 313952.0 022000000022007009
9 313952.0 022000000022007009 5310.95 022005000022007009
9 5310.95 022005000022007009 103561.9707885 001001000022007006
9 103561.9707885 001001000022007006 321609.378275 001001000022007014
9 321609.378275 001001000022007014 879.4 001001000022021014
9 879.4 001001000022021014 103561.9707885 001001000022007006
9 103561.9707885 001001000022007006 430096.0 001001000022020014
9 430096.0 001001000022020014 319869.9725 001000000022020014
9 319869.9725 001000000022020014 103561.9707885 001001000022007006
10 103561.9707885 001001000022007006 2319.78 040001000005012010
10 2319.78 040001000005012010 57.0364 001005001010017000
10 57.0364 001005001010017000 5681.11 012001002012020001
10 5681.11 012001002012020001 14256400000.0 008006001010015010
10 14256400000.0 008006001010015010 389017.0 008003001010015010
10 389017.0 008003001010015010 57.0364 001005001010017000
10 57.0364 001005001010017000 4359210.0 008004001000015010
10 4359210.0 008004001000015010 77345.8 008006001000015010
10 77345.8 008006001000015010 57.0364 001005001010017000
10 57.0364 001005001010017000 640572.0 004000001000020010
10 640572.0 004000001000020010 435.014 004000001000020014
10 435.014 004000001000020014 57.0364 001005001010017000
10 57.0364 001005001010017000 716378.97475 012000000010012010
10 716378.97475 012000000010012010 213247.85815 012000000010011010
10 213247.85815 012000000010011010 57.0364 001005001010017000
10 57.0364 001005001010017000 26943.6 004005001010012014
10 26943.6 004005001010012014 213247.85815 012000000010011010
10 213247.85815 012000000010011010 716378.97475 012000000010012010
10 716378.97475 012000000010012010 3645.05 012001001005020014
10 3645.05 012001001005020014 373.018 012001001003020014
10 373.018 012001001003020014 213247.85815 012000000010011010
10 213247.85815 012000000010011010 7256.42 012000001010020001
10 7256.42 012000001010020001 213247.85815 012000000010011010
10 213247.85815 012000000010011010 716378.97475 012000000010012010
10 716378.97475 012000000010012010 685197.595 012001001000011014
10 685197.595 012001001000011014 685197.595 012001001000011014
10 685197.595 012001001000011014 213247.85815 012000000010011010
10 213247.85815 012000000010011010 4955692.885 040001001010020014
10 4955692.885 040001001010020014 4955692.885 040001001010020014
10 4955692.885 040001001010020014 213247.85815 012000000010011010
10 213247.85815 012000000010011010 85.7355 012001000005020010
10 85.7355 012001000005020010 31.9929 006001000005020010
10 31.9929 006001000005020010 213247.85815 012000000010011010
10 213247.85815 012000000010011010 45959.9 012000001010017010
10 45959.9 012000001010017010 213247.85815 012000000010011010
10 213247.85815 012000000010011010 31.9929 006001000005020010
10 31.9929 006001000005020010 2661720.0 012000001010017014
10 2661720.0 012000001010017014 20223.3 035000001010017014
10 20223.3 035000001010017014 213247.85815 012000000010011010
10 213247.85815 012000000010011010 10466300.0 040001000005012014
10 10466300.0 040001000005012014 4251210.0 040001000005012007
10 4251210.0 040001000005012007 213247.85815 012000000010011010
10 213247.85815 012000000010011010 7481.57 006000000010012010
10 7481.57 006000000010012010 213247.85815 012000000010011010
10 213247.85815 012000000010011010 31.9929 006001000005020010
10 31.9929 006001000005020010 52300900.0 040000001005020010
10 52300900.0 040000001005020010 5654.04 040000001005023010
10 5654.04 040000001005023010 213247.85815 012000000010011010
10 213247.85815 012000000010011010 66.9831 040000000005012010
10 66.9831 040000000005012010 213247.85815 012000000010011010
10 213247.85815 012000000010011010 31.9929 006001000005020010
10 31.9929 006001000005020010 3335.77 006000000010020010
10 3335.77 006000000010020010 213247.85815 012000000010011010
10 213247.85815 012000000010011010 31.9929 006001000005020010
10 31.9929 006001000005020010 14237.5 004001001005012014
10 14237.5 004001001005012014 9.10881 004001001006012014
10 9.10881 004001001006012014 213247.85815 012000000010011010
10 213247.85815 012000000010011010 437202.0 004001000005017010
10 437202.0 004001000005017010 113.736 010001000005017010
10 113.736 010001000005017010 9.10881 004001001006012014
10 9.10881 004001001006012014 16743900.0 004001000010017000
10 16743900.0 004001000010017000 34286.3 004001000010024000
10 34286.3 004001000010024000 9.10881 004001001006012014
10 9.10881 004001001006012014 1377.57 001000000010012010
10 1377.57 001000000010012010 49.5672 001000000016012010
10 49.5672 001000000016012010 9.10881 004001001006012014
10 9.10881 004001001006012014 66.783 012001000016020010
10 66.783 012001000016020010 55.877 012001000016020013
10 55.877 012001000016020013 9.10881 004001001006012014
10 9.10881 004001001006012014 900474.5 012000000010020010
10 900474.5 012000000010020010 900474.5 012000000010020010
10 900474.5 012000000010020010 9.10881 004001001006012014
10 9.10881 004001001006012014 12.9856 001000000016020014
10 12.9856 001000000016020014 9.10881 004001001006012014
10 9.10881 004001001006012014 213247.85815 012000000010011010
10 213247.85815 012000000010011010 3582.46 012001000005012014
10 3582.46 012001000005012014 168.596 012001000005018014
10 168.596 012001000005018014 9.10881 004001001006012014
10 9.10881 004001001006012014 1128.4 001001000005020014
10 1128.4 001001000005020014 75.1035 029001000005020014
10 75.1035 029001000005020014 9.10881 004001001006012014
10 9.10881 004001001006012014 843953.0 006001000016020014
10 843953.0 006001000016020014 13770.8 006002000016020014
10 13770.8 006002000016020014 9.10881 004001001006012014
10 9.10881 004001001006012014 57.1508 001000000016020013
10 57.1508 001000000016020013 9.10881 004001001006012014
10 9.10881 004001001006012014 12.9856 001000000016020014
10 12.9856 001000000016020014 130.008 012000000010017010
10 130.008 012000000010017010 92.5981 012005000010017010
10 92.5981 012005000010017010 9.10881 004001001006012014
10 9.10881 004001001006012014 673658.0 012001000010011013
10 673658.0 012001000010011013 1983.88 037001000010011013
10 1983.88 037001000010011013 9.10881 004001001006012014
10 9.10881 004001001006012014 356244.0 012000000010017014
10 356244.0 012000000010017014 85.5426 012006000010017014
10 85.5426 012006000010017014 9.10881 004001001006012014
10 9.10881 004001001006012014 418185.13 012000000016011010
10 418185.13 012000000016011010 418185.13 012000000016011010
10 418185.13 012000000016011010 9.10881 004001001006012014
10 9.10881 004001001006012014 652044.0 012000000005020010
10 652044.0 012000000005020010 221300.0 012000000005020014
10 221300.0 012000000005020014 9.10881 004001001006012014
10 9.10881 004001001006012014 892195.3333333334 012000000010020014
10 892195.3333333334 012000000010020014 28834.35 012003000010020014
10 28834.35 012003000010020014 9.10881 004001001006012014
10 9.10881 004001001006012014 3195.41 004000000010017014
10 3195.41 004000000010017014 9.10881 004001001006012014
10 9.10881 004001001006012014 12.9856 001000000016020014
10 12.9856 001000000016020014 69.4158 001001001006012014
10 69.4158 001001001006012014 40.6116 001001001000012014
10 40.6116 001001001000012014 9.10881 004001001006012014
10 9.10881 004001001006012014 201860.0 001000000006017010
10 201860.0 001000000006017010 9.10881 004001001006012014
10 9.10881 004001001006012014 12.9856 001000000016020014
10 12.9856 001000000016020014 1202200.0 001001000010012010
10 1202200.0 001001000010012010 283374.0 001001000001012010
10 283374.0 001001000001012010 9.10881 004001001006012014
10 9.10881 004001001006012014 716378.97475 012000000010012010
10 716378.97475 012000000010012010 6155.8 012000000007012010
10 6155.8 012000000007012010 9.10881 004001001006012014
10 9.10881 004001001006012014 266538.0 001001000005020010
10 266538.0 001001000005020010 13268.8 001001000005004010
10 13268.8 001001000005004010 9.10881 004001001006012014
10 9.10881 004001001006012014 21444.1 012001001000004010
10 21444.1 012001001000004010 9331.95 012001001014004010
10 9331.95 012001001014004010 9.10881 004001001006012014
10 9.10881 004001001006012014 1115440.0 012001000010020010
10 1115440.0 012001000010020010 66.783 012001000016020010
10 66.783 012001000016020010 9.10881 004001001006012014
10 9.10881 004001001006012014 5558.13 001001000016020010
10 5558.13 001001000016020010 82.7578 001001000016017010
10 82.7578 001001000016017010 9.10881 004001001006012014
10 9.10881 004001001006012014 3981.22 012001001005012014
10 3981.22 012001001005012014 9.10881 004001001006012014
10 9.10881 004001001006012014 12.9856 001000000016020014
10 12.9856 001000000016020014 2232010.0 012001000010012014
10 2232010.0 012001000010012014 1783.75 012001000010012015
10 1783.75 012001000010012015 9.10881 004001001006012014
10 9.10881 004001001006012014 813974.0 012001000010020014
10 813974.0 012001000010020014 9960.73 012001000011020014
10 9960.73 012001000011020014 9.10881 004001001006012014
10 9.10881 004001001006012014 497645.01 012000000016012010
10 497645.01 012000000016012010 6155.8 012000000007012010
10 6155.8 012000000007012010 9.10881 004001001006012014
10 9.10881 004001001006012014 9019.16 004000000016020010
10 9019.16 004000000016020010 9019.16 004000000016020010
10 9019.16 004000000016020010 6155.8 012000000007012010
10 6155.8 012000000007012010 892195.3333333334 012000000010020014
10 892195.3333333334 012000000010020014 229.273 012000000001020014
10 229.273 012000000001020014 6155.8 012000000007012010
10 6155.8 012000000007012010 508858.35463944444 012000000006012010
10 508858.35463944444 012000000006012010 250928.0 012000000019012010
10 250928.0 012000000019012010 6155.8 012000000007012010
10 6155.8 012000000007012010 787256.5 012000000006012014
10 787256.5 012000000006012014 865005.0 012000000005012014
10 865005.0 012000000005012014 250928.0 012000000019012010
10 250928.0 012000000019012010 14174.2 001000000010012014
10 14174.2 001000000010012014 4318.55 001000000003012014
10 4318.55 001000000003012014 250928.0 012000000019012010
10 250928.0 012000000019012010 326013.686154 001000000003012010
10 326013.686154 001000000003012010 250928.0 012000000019012010
10 250928.0 012000000019012010 6155.8 012000000007012010
10 6155.8 012000000007012010 461815.0 006000000003012010
10 461815.0 006000000003012010 261368.0 006000000022012010
10 261368.0 006000000022012010 326013.686154 001000000003012010
10 326013.686154 001000000003012010 446035.0 004001001006012010
10 446035.0 004001001006012010 221317.0 004001001010012010
10 221317.0 004001001010012010 326013.686154 001000000003012010
10 326013.686154 001000000003012010 163781.06666666668 001000001019012010
10 163781.06666666668 001000001019012010 19091.4 001004001019012010
10 19091.4 001004001019012010 326013.686154 001000000003012010
10 326013.686154 001000000003012010 14087.0 004000000006012010
10 14087.0 004000000006012010 3541.25 004001000006012010
10 3541.25 004001000006012010 326013.686154 001000000003012010
10 326013.686154 001000000003012010 373.018 012001001003020014
10 373.018 012001001003020014 71.5575 012001001003005014
10 71.5575 012001001003005014 326013.686154 001000000003012010
10 326013.686154 001000000003012010 262163.7 012000001006012014
10 262163.7 012000001006012014 8488.8 012000001006016014
10 8488.8 012000001006016014 326013.686154 001000000003012010
10 326013.686154 001000000003012010 892195.3333333334 012000000010020014
10 892195.3333333334 012000000010020014 28834.35 012003000010020014
10 28834.35 012003000010020014 326013.686154 001000000003012010
10 326013.686154 001000000003012010 340417.0 012000000016020014
10 340417.0 012000000016020014 2367.8 029000000016020014
10 2367.8 029000000016020014 326013.686154 001000000003012010
10 326013.686154 001000000003012010 32016200.0 029001000007012010
10 32016200.0 029001000007012010 2359890.0 029002000007012010
10 2359890.0 029002000007012010 326013.686154 001000000003012010
10 326013.686154 001000000003012010 326013.686154 001000000003012010
10 326013.686154 001000000003012010 370075.0 028000000003012010
10 370075.0 028000000003012010 326013.686154 001000000003012010
10 326013.686154 001000000003012010 497645.01 012000000016012010
10 497645.01 012000000016012010 319875.0 012000000016012002
10 319875.0 012000000016012002 326013.686154 001000000003012010
10 326013.686154 001000000003012010 9774.33 006000000016012010
10 9774.33 006000000016012010 9774.33 006000000016012010
10 9774.33 006000000016012010 326013.686154 001000000003012010
10 326013.686154 001000000003012010 6114.61 006001000016012010
10 6114.61 006001000016012010 3171.6 006001001016012010
10 3171.6 006001001016012010 326013.686154 001000000003012010
10 326013.686154 001000000003012010 9964.07 004000001019012014
10 9964.07 004000001019012014 1400.53 004005001019012014
10 1400.53 004005001019012014 326013.686154 001000000003012010
10 326013.686154 001000000003012010 2090990.0 012005000007012014
10 2090990.0 012005000007012014 19000.9 012005000007012013
10 19000.9 012005000007012013 326013.686154 001000000003012010
10 326013.686154 001000000003012010 569940.0 001001000019012010
10 569940.0 001001000019012010 6343.35 001001000019012008
10 6343.35 001001000019012008 326013.686154 001000000003012010
10 326013.686154 001000000003012010 618312.0 012000000019012014
10 618312.0 012000000019012014 425027.0 004000000019012014
10 425027.0 004000000019012014 326013.686154 001000000003012010
10 326013.686154 001000000003012010 638571.0 012000000016012014
10 638571.0 012000000016012014 638571.0 012000000016012014
10 638571.0 012000000016012014 326013.686154 001000000003012010
10 326013.686154 001000000003012010 3.29997 012000000003012010
10 3.29997 012000000003012010 326013.686154 001000000003012010
10 326013.686154 001000000003012010 250928.0 012000000019012010
10 250928.0 012000000019012010 213247.85815 012000000010011010
10 213247.85815 012000000010011010 355839.0 012000000010011004
10 355839.0 012000000010011004 326013.686154 001000000003012010
10 326013.686154 001000000003012010 64759.0535 004000000007012010
10 64759.0535 004000000007012010 11.844 004005000007012010
10 11.844 004005000007012010 326013.686154 001000000003012010
10 326013.686154 001000000003012010 270579.36 004000001006012010
10 270579.36 004000001006012010 13632.7 004000001006018010
10 13632.7 004000001006018010 326013.686154 001000000003012010
10 326013.686154 001000000003012010 1259840.0 001000000010018014
10 1259840.0 001000000010018014 838457.0 001000002010018014
10 838457.0 001000002010018014 326013.686154 001000000003012010
10 326013.686154 001000000003012010 508858.35463944444 012000000006012010
10 508858.35463944444 012000000006012010 2522.34 012000000006023010
10 2522.34 012000000006023010 326013.686154 001000000003012010
10 326013.686154 001000000003012010 5920.35 001000000006012010
10 5920.35 001000000006012010 486767.764865 001003000006012010
10 486767.764865 001003000006012010 326013.686154 001000000003012010
10 326013.686154 001000000003012010 6155.8 012000000007012010
10 6155.8 012000000007012010 55.272999999999996 032000000007012010
10 55.272999999999996 032000000007012010 326013.686154 001000000003012010
10 326013.686154 001000000003012010 1202770.0 004001000007012010
10 1202770.0 004001000007012010 4325.79 004001000003012010
10 4325.79 004001000003012010 326013.686154 001000000003012010
10 326013.686154 001000000003012010 64759.0535 004000000007012010
10 64759.0535 004000000007012010 1552.95 004000000007012008
10 1552.95 004000000007012008 326013.686154 001000000003012010
10 326013.686154 001000000003012010 5920.35 001000000006012010
10 5920.35 001000000006012010 88.1763 001000000006018010
10 88.1763 001000000006018010 326013.686154 001000000003012010
10 326013.686154 001000000003012010 6155.8 012000000007012010
10 6155.8 012000000007012010 326013.686154 001000000003012010
10 326013.686154 001000000003012010 250928.0 012000000019012010
10 250928.0 012000000019012010 388548.9412 001000000019012010
10 388548.9412 001000000019012010 179.174 031000000019012010
10 179.174 031000000019012010 326013.686154 001000000003012010
10 326013.686154 001000000003012010 5920.35 001000000006012010
10 5920.35 001000000006012010 1432.04 001000000009012010
10 1432.04 001000000009012010 326013.686154 001000000003012010
10 326013.686154 001000000003012010 168994.95963333335 031000000006012010
10 168994.95963333335 031000000006012010 66.5911 031000000006021010
10 66.5911 031000000006021010 326013.686154 001000000003012010
10 326013.686154 001000000003012010 463775.71033333335 004000000019012010
10 463775.71033333335 004000000019012010 5964.06 004000000008012010
10 5964.06 004000000008012010 326013.686154 001000000003012010
10 326013.686154 001000000003012010 270579.36 004000001006012010
10 270579.36 004000001006012010 2110.09 004004001006012010
10 2110.09 004004001006012010 326013.686154 001000000003012010
10 326013.686154 001000000003012010 958.98335 012005000006012010
10 958.98335 012005000006012010 68.9126 012005000006023010
10 68.9126 012005000006023010 326013.686154 001000000003012010
10 326013.686154 001000000003012010 787256.5 012000000006012014
10 787256.5 012000000006012014 262163.7 012000001006012014
10 262163.7 012000001006012014 326013.686154 001000000003012010
10 326013.686154 001000000003012010 618312.0 012000000019012014
10 618312.0 012000000019012014 11081.3 012000001019012014
10 11081.3 012000001019012014 326013.686154 001000000003012010
10 326013.686154 001000000003012010 5920.35 001000000006012010
10 5920.35 001000000006012010 1631.78 001000000006021010
10 1631.78 001000000006021010 326013.686154 001000000003012010
10 326013.686154 001000000003012010 3.29997 012000000003012010
10 3.29997 012000000003012010 6754.6 012000000011012010
10 6754.6 012000000011012010 326013.686154 001000000003012010
10 326013.686154 001000000003012010 14087.0 004000000006012010
10 14087.0 004000000006012010 14087.0 004000000006012010
10 14087.0 004000000006012010 326013.686154 001000000003012010
10 326013.686154 001000000003012010 908108.0 004001000019012010
10 908108.0 004001000019012010 5786.49 004001000019007010
10 5786.49 004001000019007010 326013.686154 001000000003012010
10 326013.686154 001000000003012010 250928.0 012000000019012010
10 250928.0 012000000019012010 250928.0 012000000019012010
10 250928.0 012000000019012010 326013.686154 001000000003012010
10 326013.686154 001000000003012010 23050100.0 012003000003012010
10 23050100.0 012003000003012010 31111.0 012003000003017010
10 31111.0 012003000003017010 326013.686154 001000000003012010
10 326013.686154 001000000003012010 48030400.0 004003000007012010
10 48030400.0 004003000007012010 19481000.0 002003000007012010
10 19481000.0 002003000007012010 326013.686154 001000000003012010
10 326013.686154 001000000003012010 250928.0 012000000019012010
10 250928.0 012000000019012010 1232511.5 016000000019012010
10 1232511.5 016000000019012010 326013.686154 001000000003012010
10 326013.686154 001000000003012010 1232511.5 016000000019012010
10 1232511.5 016000000019012010 764535.0 016000000005012010
10 764535.0 016000000005012010 326013.686154 001000000003012010
10 326013.686154 001000000003012010 1583370.0 012005000005012010
10 1583370.0 012005000005012010 597494.0 012005000022012010
10 597494.0 012005000022012010 326013.686154 001000000003012010
10 326013.686154 001000000003012010 286125.876525 001001000006012010
10 286125.876525 001001000006012010 11684.1 026001000006012010
10 11684.1 026001000006012010 326013.686154 001000000003012010
10 326013.686154 001000000003012010 5949.56 012001001003012010
10 5949.56 012001001003012010 326013.686154 001000000003012010
10 326013.686154 001000000003012010 250928.0 012000000019012010
10 250928.0 012000000019012010 2695280.0 031005000006012014
10 2695280.0 031005000006012014 626762.0 031005000006016014
10 626762.0 031005000006016014 326013.686154 001000000003012010
10 326013.686154 001000000003012010 4258650.0 012005000003012014
10 4258650.0 012005000003012014 951214.0 012005002003012014
10 951214.0 012005002003012014 326013.686154 001000000003012010
10 326013.686154 001000000003012010 958.98335 012005000006012010
10 958.98335 012005000006012010 326013.686154 001000000003012010
10 326013.686154 001000000003012010 250928.0 012000000019012010
10 250928.0 012000000019012010 787256.5 012000000006012014
10 787256.5 012000000006012014 8409.58 012000000006012002
10 8409.58 012000000006012002 326013.686154 001000000003012010
10 326013.686154 001000000003012010 33381700.0 031005001007012010
10 33381700.0 031005001007012010 55884.0 031005001007001010
10 55884.0 031005001007001010 326013.686154 001000000003012010
10 326013.686154 001000000003012010 326013.686154 001000000003012010
10 326013.686154 001000000003012010 42.6549 001000000007012010
10 42.6549 001000000007012010 326013.686154 001000000003012010
10 326013.686154 001000000003012010 7788500.0 004003000006012014
10 7788500.0 004003000006012014 56477.5 004003002006012014
10 56477.5 004003002006012014 326013.686154 001000000003012010
10 326013.686154 001000000003012010 512697.8415 004000000003012010
10 512697.8415 004000000003012010 326013.686154 001000000003012010
10 326013.686154 001000000003012010 250928.0 012000000019012010
10 250928.0 012000000019012010 3724.02 012003000006012010
10 3724.02 012003000006012010 14590.3 035003000006012010
10 14590.3 035003000006012010 326013.686154 001000000003012010
10 326013.686154 001000000003012010 463775.71033333335 004000000019012010
10 463775.71033333335 004000000019012010 35.7645 004004000019012010
10 35.7645 004004000019012010 326013.686154 001000000003012010
10 326013.686154 001000000003012010 512697.8415 004000000003012010
10 512697.8415 004000000003012010 7262.69 030000000003012010
10 7262.69 030000000003012010 326013.686154 001000000003012010
10 326013.686154 001000000003012010 3724.02 012003000006012010
10 3724.02 012003000006012010 3724.02 012003000006012010
10 3724.02 012003000006012010 326013.686154 001000000003012010
10 326013.686154 001000000003012010 486767.764865 001003000006012010
10 486767.764865 001003000006012010 39.3045 001003000016012010
10 39.3045 001003000016012010 326013.686154 001000000003012010
10 326013.686154 001000000003012010 5972.08 012003000016012010
10 5972.08 012003000016012010 2029.73 012006000016012010
10 2029.73 012006000016012010 326013.686154 001000000003012010
10 326013.686154 001000000003012010 250928.0 012000000019012010
10 250928.0 012000000019012010 7404.01 012000000019012012
10 7404.01 012000000019012012 326013.686154 001000000003012010
10 326013.686154 001000000003012010 434990.0 012000000006012012
10 434990.0 012000000006012012 330384.0 012000000008012012
10 330384.0 012000000008012012 326013.686154 001000000003012010
10 326013.686154 001000000003012010 463775.71033333335 004000000019012010
10 463775.71033333335 004000000019012010 446670.0 004000000019002010
10 446670.0 004000000019002010 326013.686154 001000000003012010
10 326013.686154 001000000003012010 1959.06 004000001007012010
10 1959.06 004000001007012010 326013.686154 001000000003012010
10 326013.686154 001000000003012010 250928.0 012000000019012010
10 250928.0 012000000019012010 1152271.98 031000000007012010
10 1152271.98 031000000007012010 326013.686154 001000000003012010
10 326013.686154 001000000003012010 250928.0 012000000019012010
10 250928.0 012000000019012010 388548.9412 001000000019012010
10 388548.9412 001000000019012010 7257.25 009000000019012010
10 7257.25 009000000019012010 326013.686154 001000000003012010
10 326013.686154 001000000003012010 5920.35 001000000006012010
10 5920.35 001000000006012010 140646.9231675 001000001006012010
10 140646.9231675 001000001006012010 326013.686154 001000000003012010
10 326013.686154 001000000003012010 6155.8 012000000007012010
10 6155.8 012000000007012010 6155.8 012000000007012010
10 6155.8 012000000007012010 326013.686154 001000000003012010
10 326013.686154 001000000003012010 1099440.0 001000000006012014
10 1099440.0 001000000006012014 458654.0 001000000006023014
10 458654.0 001000000006023014 326013.686154 001000000003012010
10 326013.686154 001000000003012010 388548.9412 001000000019012010
10 388548.9412 001000000019012010 10753.5 005000000019012010
10 10753.5 005000000019012010 326013.686154 001000000003012010
10 326013.686154 001000000003012010 388548.9412 001000000019012010
10 388548.9412 001000000019012010 1432.04 001000000009012010
10 1432.04 001000000009012010 326013.686154 001000000003012010
10 326013.686154 001000000003012010 42.6549 001000000007012010
10 42.6549 001000000007012010 547167.0 001000000007012008
10 547167.0 001000000007012008 326013.686154 001000000003012010
10 326013.686154 001000000003012010 6155.8 012000000007012010
10 6155.8 012000000007012010 38593.0 012000002007012010
10 38593.0 012000002007012010 326013.686154 001000000003012010
10 326013.686154 001000000003012010 6155.8 012000000007012010
10 6155.8 012000000007012010 222997.0 012000000023012010
10 222997.0 012000000023012010 326013.686154 001000000003012010
10 326013.686154 001000000003012010 12844000.0 004003000003012010
10 12844000.0 004003000003012010 3642030.0 004003000006012010
10 3642030.0 004003000006012010 326013.686154 001000000003012010
10 326013.686154 001000000003012010 14087.0 004000000006012010
10 14087.0 004000000006012010 153866.0 004000000006023010
10 153866.0 004000000006023010 326013.686154 001000000003012010
10 326013.686154 001000000003012010 270579.36 004000001006012010
10 270579.36 004000001006012010 105.759 004000001006012001
10 105.759 004000001006012001 326013.686154 001000000003012010
10 326013.686154 001000000003012010 7344.86 004005000006012010
10 7344.86 004005000006012010 97.1308 004005000019012010
10 97.1308 004005000019012010 326013.686154 001000000003012010
10 326013.686154 001000000003012010 5920.35 001000000006012010
10 5920.35 001000000006012010 286125.876525 001001000006012010
10 286125.876525 001001000006012010 326013.686154 001000000003012010
10 326013.686154 001000000003012010 1473163233.22 031003000006012010
10 1473163233.22 031003000006012010 326013.686154 001000000003012010
10 326013.686154 001000000003012010 250928.0 012000000019012010
10 250928.0 012000000019012010 667708.5 031000000003012010
10 667708.5 031000000003012010 452636.0 013000000003012010
10 452636.0 013000000003012010 326013.686154 001000000003012010
10 326013.686154 001000000003012010 787256.5 012000000006012014
10 787256.5 012000000006012014 6304.54 012000000022012014
10 6304.54 012000000022012014 326013.686154 001000000003012010
10 326013.686154 001000000003012010 296191.0 001003001022012010
10 296191.0 001003001022012010 15944.9 001005001022012010
10 15944.9 001005001022012010 326013.686154 001000000003012010
10 326013.686154 001000000003012010 270579.36 004000001006012010
10 270579.36 004000001006012010 100.967 004000001006012002
10 100.967 004000001006012002 326013.686154 001000000003012010
10 326013.686154 001000000003012010 1152271.98 031000000007012010
10 1152271.98 031000000007012010 1228370.0 034000000007012010
10 1228370.0 034000000007012010 326013.686154 001000000003012010
10 326013.686154 001000000003012010 42.6549 001000000007012010
10 42.6549 001000000007012010 55.272999999999996 032000000007012010
10 55.272999999999996 032000000007012010 326013.686154 001000000003012010
10 326013.686154 001000000003012010 388548.9412 001000000019012010
10 388548.9412 001000000019012010 179.174 031000000019012010
10 179.174 031000000019012010 326013.686154 001000000003012010
10 326013.686154 001000000003012010 64759.0535 004000000007012010
10 64759.0535 004000000007012010 64759.0535 004000000007012010
10 64759.0535 004000000007012010 326013.686154 001000000003012010
10 326013.686154 001000000003012010 5920.35 001000000006012010
10 5920.35 001000000006012010 12133.1 001000000006005010
10 12133.1 001000000006005010 326013.686154 001000000003012010
10 326013.686154 001000000003012010 5920.35 001000000006012010
10 5920.35 001000000006012010 33.2361 017000000006012010
10 33.2361 017000000006012010 326013.686154 001000000003012010
10 326013.686154 001000000003012010 326013.686154 001000000003012010
10 326013.686154 001000000003012010 326013.686154 001000000003012010
10 326013.686154 001000000003012010 326013.686154 001000000003012010
10 326013.686154 001000000003012010 5920.35 001000000006012010
10 5920.35 001000000006012010 140646.9231675 001000001006012010
10 140646.9231675 001000001006012010 326013.686154 001000000003012010
10 326013.686154 001000000003012010 286125.876525 001001000006012010
10 286125.876525 001001000006012010 1153.13 001001000007012010
10 1153.13 001001000007012010 326013.686154 001000000003012010
10 326013.686154 001000000003012010 14087.0 004000000006012010
10 14087.0 004000000006012010 270579.36 004000001006012010
10 270579.36 004000001006012010 326013.686154 001000000003012010
10 326013.686154 001000000003012010 3724.02 012003000006012010
10 3724.02 012003000006012010 3724.02 012003000006012010
10 3724.02 012003000006012010 326013.686154 001000000003012010
10 326013.686154 001000000003012010 508858.35463944444 012000000006012010
10 508858.35463944444 012000000006012010 360049.065 012000000005012010
10 360049.065 012000000005012010 326013.686154 001000000003012010
10 326013.686154 001000000003012010 3761750000.0 012003000005012010
10 3761750000.0 012003000005012010 360049.065 012000000005012010
10 360049.065 012000000005012010 326013.686154 001000000003012010
10 326013.686154 001000000003012010 168994.95963333335 031000000006012010
10 168994.95963333335 031000000006012010 321259.17275 024000000006012010
10 321259.17275 024000000006012010 326013.686154 001000000003012010
10 326013.686154 001000000003012010 7.73012 001003000007012010
10 7.73012 001003000007012010 326013.686154 001000000003012010
10 326013.686154 001000000003012010 140646.9231675 001000001006012010
10 140646.9231675 001000001006012010 486767.764865 001003000006012010
10 486767.764865 001003000006012010 27532.2 030003000006012010
10 27532.2 030003000006012010 326013.686154 001000000003012010
10 326013.686154 001000000003012010 44333562.75 031003000007012010
10 44333562.75 031003000007012010 44333562.75 031003000007012010
10 44333562.75 031003000007012010 326013.686154 001000000003012010
10 326013.686154 001000000003012010 168994.95963333335 031000000006012010
10 168994.95963333335 031000000006012010 326013.686154 001000000003012010
10 326013.686154 001000000003012010 140646.9231675 001000001006012010
10 140646.9231675 001000001006012010 1473163233.22 031003000006012010
10 1473163233.22 031003000006012010 1369110000.0 031003000015012010
10 1369110000.0 031003000015012010 326013.686154 001000000003012010
10 326013.686154 001000000003012010 1047861.6 012003001006012010
10 1047861.6 012003001006012010 326013.686154 001000000003012010
10 326013.686154 001000000003012010 140646.9231675 001000001006012010
10 140646.9231675 001000001006012010 508858.35463944444 012000000006012010
10 508858.35463944444 012000000006012010 508858.35463944444 012000000006012010
10 508858.35463944444 012000000006012010 326013.686154 001000000003012010
10 326013.686154 001000000003012010 250928.0 012000000019012010
10 250928.0 012000000019012010 6.08478 024000000019012010
10 6.08478 024000000019012010 326013.686154 001000000003012010
10 326013.686154 001000000003012010 1152271.98 031000000007012010
10 1152271.98 031000000007012010 192.176 031000000007012018
10 192.176 031000000007012018 326013.686154 001000000003012010
10 326013.686154 001000000003012010 7534380000.0 031003000019012018
10 7534380000.0 031003000019012018 2270220.0 031005000019012018
10 2270220.0 031005000019012018 326013.686154 001000000003012010
10 326013.686154 001000000003012010 2541.62 012003000019012010
10 2541.62 012003000019012010 2541.62 012003000019012010
10 2541.62 012003000019012010 326013.686154 001000000003012010
10 326013.686154 001000000003012010 517120.0 001003001019012010
10 517120.0 001003001019012010 239091.0 001001001019012010
10 239091.0 001001001019012010 326013.686154 001000000003012010
10 326013.686154 001000000003012010 6155.8 012000000007012010
10 6155.8 012000000007012010 326013.686154 001000000003012010
10 326013.686154 001000000003012010 140646.9231675 001000001006012010
10 140646.9231675 001000001006012010 1152271.98 031000000007012010
10 1152271.98 031000000007012010 216787.0 031000000007022010
10 216787.0 031000000007022010 326013.686154 001000000003012010
10 326013.686154 001000000003012010 234730.0 012000000019022010
10 234730.0 012000000019022010 62230.4 012000002019022010
10 62230.4 012000002019022010 326013.686154 001000000003012010
10 326013.686154 001000000003012010 250928.0 012000000019012010
10 250928.0 012000000019012010 26020.7 012000002019012010
10 26020.7 012000002019012010 326013.686154 001000000003012010
10 326013.686154 001000000003012010 163781.06666666668 001000001019012010
10 163781.06666666668 001000001019012010 28884.0 030000001019012010
10 28884.0 030000001019012010 326013.686154 001000000003012010
10 326013.686154 001000000003012010 250928.0 012000000019012010
10 250928.0 012000000019012010 2403.86 012000000019005010
10 2403.86 012000000019005010 326013.686154 001000000003012010
10 326013.686154 001000000003012010 3021680.0 001003000006005010
10 3021680.0 001003000006005010 1714290.0 001003000006005007
10 1714290.0 001003000006005007 326013.686154 001000000003012010
10 326013.686154 001000000003012010 42.6549 001000000007012010
10 42.6549 001000000007012010 257129.0 001000000007012005
10 257129.0 001000000007012005 326013.686154 001000000003012010
10 326013.686154 001000000003012010 508858.35463944444 012000000006012010
10 508858.35463944444 012000000006012010 326013.686154 001000000003012010
10 326013.686154 001000000003012010 140646.9231675 001000001006012010
10 140646.9231675 001000001006012010 3.29997 012000000003012010
10 3.29997 012000000003012010 288.549 012000002003012010
10 288.549 012000002003012010 326013.686154 001000000003012010
10 326013.686154 001000000003012010 321259.17275 024000000006012010
10 321259.17275 024000000006012010 21262.3 024000000018012010
10 21262.3 024000000018012010 326013.686154 001000000003012010
10 326013.686154 001000000003012010 667708.5 031000000003012010
10 667708.5 031000000003012010 2380.46 031000000003012006
10 2380.46 031000000003012006 326013.686154 001000000003012010
10 326013.686154 001000000003012010 11681600.0 031000001019012010
10 11681600.0 031000001019012010 8053.76 031000001018012010
10 8053.76 031000001018012010 326013.686154 001000000003012010
10 326013.686154 001000000003012010 923004.27555 012000001019012010
10 923004.27555 012000001019012010 15162.2 012000001011012010
10 15162.2 012000001011012010 326013.686154 001000000003012010
10 326013.686154 001000000003012010 250928.0 012000000019012010
10 250928.0 012000000019012010 98.4218 012000000020012010
10 98.4218 012000000020012010 326013.686154 001000000003012010
10 326013.686154 001000000003012010 508858.35463944444 012000000006012010
10 508858.35463944444 012000000006012010 326013.686154 001000000003012010
10 326013.686154 001000000003012010 508858.35463944444 012000000006012010
10 508858.35463944444 012000000006012010 250928.0 012000000019012010
10 250928.0 012000000019012010 758536.0 012000000019015010
10 758536.0 012000000019015010 326013.686154 001000000003012010
10 326013.686154 001000000003012010 5920.35 001000000006012010
10 5920.35 001000000006012010 5920.35 001000000006012010
10 5920.35 001000000006012010 326013.686154 001000000003012010
10 326013.686154 001000000003012010 508858.35463944444 012000000006012010
10 508858.35463944444 012000000006012010 37382.1 012000002006012010
10 37382.1 012000002006012010 326013.686154 001000000003012010
10 326013.686154 001000000003012010 508858.35463944444 012000000006012010
10 508858.35463944444 012000000006012010 30139.9 012006000006012010
10 30139.9 012006000006012010 326013.686154 001000000003012010
10 326013.686154 001000000003012010 2046770000.0 001006001006012010
10 2046770000.0 001006001006012010 49176.2 008006001006012010
10 49176.2 008006001006012010 326013.686154 001000000003012010
10 326013.686154 001000000003012010 429413.0 008000000006012010
10 429413.0 008000000006012010 6089.96 008000000023012010
10 6089.96 008000000023012010 326013.686154 001000000003012010
10 326013.686154 001000000003012010 5920.35 001000000006012010
10 5920.35 001000000006012010 486767.764865 001003000006012010
10 486767.764865 001003000006012010 326013.686154 001000000003012010
10 326013.686154 001000000003012010 321259.17275 024000000006012010
10 321259.17275 024000000006012010 879.05575 005000000006012010
10 879.05575 005000000006012010 326013.686154 001000000003012010
10 326013.686154 001000000003012010 879.05575 005000000006012010
10 879.05575 005000000006012010 69.6619 005000000021012010
10 69.6619 005000000021012010 326013.686154 001000000003012010
10 326013.686154 001000000003012010 5920.35 001000000006012010
10 5920.35 001000000006012010 6776.74 007000000006012010
10 6776.74 007000000006012010 326013.686154 001000000003012010
10 326013.686154 001000000003012010 667708.5 031000000003012010
10 667708.5 031000000003012010 667708.5 031000000003012010
10 667708.5 031000000003012010 326013.686154 001000000003012010
10 326013.686154 001000000003012010 508858.35463944444 012000000006012010
10 508858.35463944444 012000000006012010 74.5895 012000000002012010
10 74.5895 012000000002012010 326013.686154 001000000003012010
10 326013.686154 001000000003012010 179.174 031000000019012010
10 179.174 031000000019012010 37.2428 002000000019012010
10 37.2428 002000000019012010 326013.686154 001000000003012010
10 326013.686154 001000000003012010 250928.0 012000000019012010
10 250928.0 012000000019012010 420918.8639033333 012000000019012001
10 420918.8639033333 012000000019012001 326013.686154 001000000003012010
10 326013.686154 001000000003012010 321259.17275 024000000006012010
10 321259.17275 024000000006012010 70.6355 024000000006012004
10 70.6355 024000000006012004 326013.686154 001000000003012010
10 326013.686154 001000000003012010 923004.27555 012000001019012010
10 923004.27555 012000001019012010 16868.2 012003001019012010
10 16868.2 012003001019012010 326013.686154 001000000003012010
10 326013.686154 001000000003012010 508858.35463944444 012000000006012010
10 508858.35463944444 012000000006012010 1513.49 012000000006012015
10 1513.49 012000000006012015 326013.686154 001000000003012010
10 326013.686154 001000000003012010 5920.35 001000000006012010
10 5920.35 001000000006012010 622402.0 001000000006024010
10 622402.0 001000000006024010 326013.686154 001000000003012010
10 326013.686154 001000000003012010 508858.35463944444 012000000006012010
10 508858.35463944444 012000000006012010 35.4602 012000000006012007
10 35.4602 012000000006012007 326013.686154 001000000003012010
10 326013.686154 001000000003012010 250928.0 012000000019012010
10 250928.0 012000000019012010 278049.0 012002000019012010
10 278049.0 012002000019012010 326013.686154 001000000003012010
10 326013.686154 001000000003012010 179.174 031000000019012010
10 179.174 031000000019012010 326013.686154 001000000003012010
10 326013.686154 001000000003012010 508858.35463944444 012000000006012010
10 508858.35463944444 012000000006012010 250928.0 012000000019012010
10 250928.0 012000000019012010 260084.0 010000000019012010
10 260084.0 010000000019012010 326013.686154 001000000003012010
10 326013.686154 001000000003012010 79.1933 024000000007012010
10 79.1933 024000000007012010 54.6831 024002000007012010
10 54.6831 024002000007012010 326013.686154 001000000003012010
10 326013.686154 001000000003012010 179.174 031000000019012010
10 179.174 031000000019012010 4253.46 031000000019002010
10 4253.46 031000000019002010 326013.686154 001000000003012010
10 326013.686154 001000000003012010 6292.94 001000001007012010
10 6292.94 001000001007012010 7.34547 001000001007012016
10 7.34547 001000001007012016 326013.686154 001000000003012010
10 326013.686154 001000000003012010 237503.7 012000001007012010
10 237503.7 012000001007012010 237503.7 012000001007012010
10 237503.7 012000001007012010 326013.686154 001000000003012010
10 326013.686154 001000000003012010 508858.35463944444 012000000006012010
10 508858.35463944444 012000000006012010 3724.02 012003000006012010
10 3724.02 012003000006012010 326013.686154 001000000003012010
10 326013.686154 001000000003012010 163781.06666666668 001000001019012010
10 163781.06666666668 001000001019012010 44.5048 001002001019012010
10 44.5048 001002001019012010 326013.686154 001000000003012010
10 326013.686154 001000000003012010 1152271.98 031000000007012010
10 1152271.98 031000000007012010 500974.0 031000000007019010
10 500974.0 031000000007019010 326013.686154 001000000003012010
10 326013.686154 001000000003012010 321259.17275 024000000006012010
10 321259.17275 024000000006012010 6524.03 024000000006015010
10 6524.03 024000000006015010 326013.686154 001000000003012010
10 326013.686154 001000000003012010 388548.9412 001000000019012010
10 388548.9412 001000000019012010 42.6549 001000000007012010
10 42.6549 001000000007012010 326013.686154 001000000003012010
10 326013.686154 001000000003012010 250928.0 012000000019012010
10 250928.0 012000000019012010 250928.0 012000000019012010
10 250928.0 012000000019012010 326013.686154 001000000003012010
10 326013.686154 001000000003012010 179.174 031000000019012010
10 179.174 031000000019012010 65.6941 031000000020012010
10 65.6941 031000000020012010 326013.686154 001000000003012010
10 326013.686154 001000000003012010 3.29997 012000000003012010
10 3.29997 012000000003012010 684267.0 039000000003012010
10 684267.0 039000000003012010 326013.686154 001000000003012010
10 326013.686154 001000000003012010 250928.0 012000000019012010
10 250928.0 012000000019012010 326013.686154 001000000003012010
10 326013.686154 001000000003012010 508858.35463944444 012000000006012010
10 508858.35463944444 012000000006012010 250928.0 012000000019012010
10 250928.0 012000000019012010 74.5895 012000000002012010
10 74.5895 012000000002012010 326013.686154 001000000003012010
10 326013.686154 001000000003012010 5920.35 001000000006012010
10 5920.35 001000000006012010 294548.0 001000000006012009
10 294548.0 001000000006012009 326013.686154 001000000003012010
10 326013.686154 001000000003012010 388548.9412 001000000019012010
10 388548.9412 001000000019012010 38.7205 038000000019012010
10 38.7205 038000000019012010 326013.686154 001000000003012010
10 326013.686154 001000000003012010 923004.27555 012000001019012010
10 923004.27555 012000001019012010 326013.686154 001000000003012010
10 326013.686154 001000000003012010 250928.0 012000000019012010
10 250928.0 012000000019012010 286023.0 024000000003012010
10 286023.0 024000000003012010 6.08478 024000000019012010
10 6.08478 024000000019012010 326013.686154 001000000003012010
10 326013.686154 001000000003012010 6155.8 012000000007012010
10 6155.8 012000000007012010 237503.7 012000001007012010
10 237503.7 012000001007012010 326013.686154 001000000003012010
10 326013.686154 001000000003012010 5920.35 001000000006012010
10 5920.35 001000000006012010 1098.677 001005000006012010
10 1098.677 001005000006012010 326013.686154 001000000003012010
10 326013.686154 001000000003012010 388548.9412 001000000019012010
10 388548.9412 001000000019012010 5920.35 001000000006012010
10 5920.35 001000000006012010 326013.686154 001000000003012010
10 326013.686154 001000000003012010 3.29997 012000000003012010
10 3.29997 012000000003012010 449482.0 014000000003012010
10 449482.0 014000000003012010 326013.686154 001000000003012010
10 326013.686154 001000000003012010 14938.2 012000001003012010
10 14938.2 012000001003012010 3.29997 012000000003012010
10 3.29997 012000000003012010 326013.686154 001000000003012010
10 326013.686154 001000000003012010 508858.35463944444 012000000006012010
10 508858.35463944444 012000000006012010 120652.97935 012000000006012004
10 120652.97935 012000000006012004 326013.686154 001000000003012010
10 326013.686154 001000000003012010 120652.97935 012000000006012004
10 120652.97935 012000000006012004 1054.94 012000000007012004
10 1054.94 012000000007012004 326013.686154 001000000003012010
10 326013.686154 001000000003012010 5920.35 001000000006012010
10 5920.35 001000000006012010 286125.876525 001001000006012010
10 286125.876525 001001000006012010 326013.686154 001000000003012010
10 326013.686154 001000000003012010 250928.0 012000000019012010
10 250928.0 012000000019012010 250928.0 012000000019012010
10 250928.0 012000000019012010 326013.686154 001000000003012010
10 326013.686154 001000000003012010 140646.9231675 001000001006012010
10 140646.9231675 001000001006012010 306129.0 001000001008012010
10 306129.0 001000001008012010 326013.686154 001000000003012010
10 326013.686154 001000000003012010 5920.35 001000000006012010
10 5920.35 001000000006012010 326013.686154 001000000003012010
10 326013.686154 001000000003012010 250928.0 012000000019012010
10 250928.0 012000000019012010 508858.35463944444 012000000006012010
10 508858.35463944444 012000000006012010 43.4237 012000000006012001
10 43.4237 012000000006012001 326013.686154 001000000003012010
10 326013.686154 001000000003012010 250928.0 012000000019012010
10 250928.0 012000000019012010 70.1674 012000000019014010
10 70.1674 012000000019014010 326013.686154 001000000003012010
10 326013.686154 001000000003012010 472775.0 012000000003014010
10 472775.0 012000000003014010 60.8841 012000000003011010
10 60.8841 012000000003011010 326013.686154 001000000003012010
10 326013.686154 001000000003012010 2441000.0 012000000019011010
10 2441000.0 012000000019011010 1002680.0 027000000019011010
10 1002680.0 027000000019011010 326013.686154 001000000003012010
10 326013.686154 001000000003012010 220147.0 001000000019011010
10 220147.0 001000000019011010 9108.85 001000000019007010
10 9108.85 001000000019007010 326013.686154 001000000003012010
10 326013.686154 001000000003012010 250928.0 012000000019012010
10 250928.0 012000000019012010 420918.8639033333 012000000019012001
10 420918.8639033333 012000000019012001 326013.686154 001000000003012010
10 326013.686154 001000000003012010 508858.35463944444 012000000006012010
10 508858.35463944444 012000000006012010 299466.0 012000000006021010
10 299466.0 012000000006021010 326013.686154 001000000003012010
10 326013.686154 001000000003012010 237503.7 012000001007012010
10 237503.7 012000001007012010 9858.57 009000001007012010
10 9858.57 009000001007012010 326013.686154 001000000003012010
10 326013.686154 001000000003012010 250928.0 012000000019012010
10 250928.0 012000000019012010 3.29997 012000000003012010
10 3.29997 012000000003012010 326013.686154 001000000003012010
10 326013.686154 001000000003012010 388548.9412 001000000019012010
10 388548.9412 001000000019012010 690547.0 001000000017012010
10 690547.0 001000000017012010 326013.686154 001000000003012010
10 326013.686154 001000000003012010 612061.0 001000000019012001
10 612061.0 001000000019012001 11599.8 001000000019012013
10 11599.8 001000000019012013 326013.686154 001000000003012010
10 326013.686154 001000000003012010 326013.686154 001000000003012010
10 326013.686154 001000000003012010 4021.77 001000000003016010
10 4021.77 001000000003016010 326013.686154 001000000003012010
10 326013.686154 001000000003012010 431.863 012000001006016010
10 431.863 012000001006016010 326013.686154 001000000003012010
10 326013.686154 001000000003012010 3.29997 012000000003012010
10 3.29997 012000000003012010 140646.9231675 001000001006012010
10 140646.9231675 001000001006012010 326013.686154 001000000003012010
10 326013.686154 001000000003012010 3.29997 012000000003012010
10 3.29997 012000000003012010 7682.807966666666 012000000003012001
10 7682.807966666666 012000000003012001 33.3975 012000000003022001
10 33.3975 012000000003022001 326013.686154 001000000003012010
10 326013.686154 001000000003012010 902304.0 012000000019022001
10 902304.0 012000000019022001 75.8447 003000000019022001
10 75.8447 003000000019022001 326013.686154 001000000003012010
10 326013.686154 001000000003012010 508858.35463944444 012000000006012010
10 508858.35463944444 012000000006012010 168.186 012004000006012010
10 168.186 012004000006012010 326013.686154 001000000003012010
10 326013.686154 001000000003012010 326013.686154 001000000003012010
10 326013.686154 001000000003012010 245554.0 001000000022012010
10 245554.0 001000000022012010 326013.686154 001000000003012010
10 326013.686154 001000000003012010 326013.686154 001000000003012010
10 326013.686154 001000000003012010 64.0863 001000002003012010
10 64.0863 001000002003012010 326013.686154 001000000003012010
10 326013.686154 001000000003012010 271555.0 001000002006012010
10 271555.0 001000002006012010 117.455 001003002006012010
10 117.455 001003002006012010 326013.686154 001000000003012010
10 326013.686154 001000000003012010 250928.0 012000000019012010
10 250928.0 012000000019012010 3876.3 012001000019012010
10 3876.3 012001000019012010 326013.686154 001000000003012010
10 326013.686154 001000000003012010 6155.8 012000000007012010
10 6155.8 012000000007012010 326013.686154 001000000003012010
10 326013.686154 001000000003012010 3.29997 012000000003012010
10 3.29997 012000000003012010 250928.0 012000000019012010
10 250928.0 012000000019012010 91.1415 012000000019008010
10 91.1415 012000000019008010 326013.686154 001000000003012010
10 326013.686154 001000000003012010 508858.35463944444 012000000006012010
10 508858.35463944444 012000000006012010 316689.0 012000000006013010
10 316689.0 012000000006013010 326013.686154 001000000003012010
10 326013.686154 001000000003012010 7682.807966666666 012000000003012001
10 7682.807966666666 012000000003012001 7682.807966666666 012000000003012001
10 7682.807966666666 012000000003012001 326013.686154 001000000003012010
10 326013.686154 001000000003012010 388548.9412 001000000019012010
10 388548.9412 001000000019012010 60.3612 001000000019012009
10 60.3612 001000000019012009 326013.686154 001000000003012010
10 326013.686154 001000000003012010 199207.0 012000000019012009
10 199207.0 012000000019012009 20015.4 012000001019012009
10 20015.4 012000001019012009 326013.686154 001000000003012010
10 326013.686154 001000000003012010 923004.27555 012000001019012010
10 923004.27555 012000001019012010 20418.2 019000001019012010
10 20418.2 019000001019012010 326013.686154 001000000003012010
10 326013.686154 001000000003012010 4099280.0 012000001006012010
10 4099280.0 012000001006012010 1047861.6 012003001006012010
10 1047861.6 012003001006012010 326013.686154 001000000003012010
10 326013.686154 001000000003012010 5920.35 001000000006012010
10 5920.35 001000000006012010 1098.677 001005000006012010
10 1098.677 001005000006012010 326013.686154 001000000003012010
10 326013.686154 001000000003012010 388548.9412 001000000019012010
10 388548.9412 001000000019012010 326013.686154 001000000003012010
10 326013.686154 001000000003012010 3.29997 012000000003012010
10 3.29997 012000000003012010 14938.2 012000001003012010
10 14938.2 012000001003012010 7876.62 012004001003012010
10 7876.62 012004001003012010 326013.686154 001000000003012010
10 326013.686154 001000000003012010 499.466 001004000003012010
10 499.466 001004000003012010 49.6034 001004000003012008
10 49.6034 001004000003012008 326013.686154 001000000003012010
10 326013.686154 001000000003012010 893462.0 001000000006012008
10 893462.0 001000000006012008 2335.34 001000000010012008
10 2335.34 001000000010012008 326013.686154 001000000003012010
10 326013.686154 001000000003012010 310952.0 012000000007012008
10 310952.0 012000000007012008 198850.0 012000000017012008
10 198850.0 012000000017012008 326013.686154 001000000003012010
10 326013.686154 001000000003012010 420918.8639033333 012000000019012001
10 420918.8639033333 012000000019012001 4305.47 012002000019012001
10 4305.47 012002000019012001 326013.686154 001000000003012010
10 326013.686154 001000000003012010 136829.0 001000001019012001
10 136829.0 001000001019012001 9.24994 001000001019012017
10 9.24994 001000001019012017 326013.686154 001000000003012010
