Run Fitness1 Solution1 Fitness2 Solution2
1 2492600.0 019004000012025013 758928.0 019004000012016013
1 758928.0 019004000012016013 530.205 002005000000006018
1 530.205 002005000000006018 6435890.0 019001001010019010
1 6435890.0 019001001010019010 15211.4 020001001010019010
1 15211.4 020001001010019010 530.205 002005000000006018
1 530.205 002005000000006018 86409800.0 013003000010010009
1 86409800.0 013003000010010009 22198100.0 013003000010013009
1 22198100.0 013003000010013009 530.205 002005000000006018
1 530.205 002005000000006018 2175140.0 040000000014019004
1 2175140.0 040000000014019004 2175140.0 040000000014019004
1 2175140.0 040000000014019004 530.205 002005000000006018
1 530.205 002005000000006018 4406900.0 019002000020009014
1 4406900.0 019002000020009014 858.631 017002000020009014
1 858.631 017002000020009014 530.205 002005000000006018
1 530.205 002005000000006018 7576180.0 019005002004019013
1 7576180.0 019005002004019013 137.571 026005002004019013
1 137.571 026005002004019013 530.205 002005000000006018
1 530.205 002005000000006018 917073.0 019001002018010018
1 917073.0 019001002018010018 15555.1 019001002018008018
1 15555.1 019001002018008018 137.571 026005002004019013
1 137.571 026005002004019013 927455.0 004004000012006013
1 927455.0 004004000012006013 551400.0 004004000013006013
1 551400.0 004004000013006013 137.571 026005002004019013
1 137.571 026005002004019013 444939.0 004005001006010010
1 444939.0 004005001006010010 444939.0 004005001006010010
1 444939.0 004005001006010010 137.571 026005002004019013
1 137.571 026005002004019013 75958900.0 026002002015006013
1 75958900.0 026002002015006013 9579220.0 026002001015006013
1 9579220.0 026002001015006013 137.571 026005002004019013
1 137.571 026005002004019013 104386.0 008002000014000003
1 104386.0 008002000014000003 75409.7 008002000024000003
1 75409.7 008002000024000003 137.571 026005002004019013
1 137.571 026005002004019013 26185.9 026002002000019018
1 26185.9 026002002000019018 9047.74 026002002000017018
1 9047.74 026002002000017018 137.571 026005002004019013
1 137.571 026005002004019013 1149230000.0 040002000004000006
1 1149230000.0 040002000004000006 216726.0 040002000004000017
1 216726.0 040002000004000017 137.571 026005002004019013
1 137.571 026005002004019013 55387.6 040002002000003014
1 55387.6 040002002000003014 17347.8 040002002024003014
1 17347.8 040002002024003014 137.571 026005002004019013
1 137.571 026005002004019013 30475500000.0 015002002002006002
1 30475500000.0 015002002002006002 314384000.0 029002002002006002
1 314384000.0 029002002002006002 137.571 026005002004019013
1 137.571 026005002004019013 96561700.0 026006001010008014
1 96561700.0 026006001010008014 5376320.0 026001001010008014
1 5376320.0 026001001010008014 137.571 026005002004019013
1 137.571 026005002004019013 6186880.0 019005001001009013
1 6186880.0 019005001001009013 1330910.0 008005001001009013
1 1330910.0 008005001001009013 137.571 026005002004019013
1 137.571 026005002004019013 5281340.0 015002001000017018
1 5281340.0 015002001000017018 107.756 015002002000017018
1 107.756 015002002000017018 137.571 026005002004019013
1 137.571 026005002004019013 14.1391 002002002015009010
1 14.1391 002002002015009010 14.1391 002002002015009010
1 14.1391 002002002015009010 107.756 015002002000017018
1 107.756 015002002000017018 1020.15 026005000010019010
1 1020.15 026005000010019010 68.3887 026005000011019010
1 68.3887 026005000011019010 14.1391 002002002015009010
1 14.1391 002002002015009010 36838800.0 019005002004008010
1 36838800.0 019005002004008010 21624.8 019000002004008010
1 21624.8 019000002004008010 14.1391 002002002015009010
1 14.1391 002002002015009010 627711000.0 026006002002003010
1 627711000.0 026006002002003010 3948.58 020006002002003010
1 3948.58 020006002002003010 14.1391 002002002015009010
1 14.1391 002002002015009010 92948100.0 020002000011003002
1 92948100.0 020002000011003002 24198.9 020002000011020002
1 24198.9 020002000011020002 14.1391 002002002015009010
1 14.1391 002002002015009010 6913130000.0 019005002004002010
1 6913130000.0 019005002004002010 6138810000.0 015005002004002010
1 6138810000.0 015005002004002010 14.1391 002002002015009010
1 14.1391 002002002015009010 1977930000.0 015005002025006010
1 1977930000.0 015005002025006010 9849330.0 015006002025006010
1 9849330.0 015006002025006010 14.1391 002002002015009010
1 14.1391 002002002015009010 3317550.0 002002002018003010
1 3317550.0 002002002018003010 1765030.0 002002002018003006
1 1765030.0 002002002018003006 14.1391 002002002015009010
1 14.1391 002002002015009010 27528.6 002002002018000005
1 27528.6 002002002018000005 17753.6 019002002018000005
1 17753.6 019002002018000005 14.1391 002002002015009010
1 14.1391 002002002015009010 32401300.0 015002002000007018
1 32401300.0 015002002000007018 32894.6 015002002000007010
1 32894.6 015002002000007010 14.1391 002002002015009010
1 14.1391 002002002015009010 108955000.0 015002000002002010
1 108955000.0 015002000002002010 26014.9 027002000002002010
1 26014.9 027002000002002010 14.1391 002002002015009010
1 14.1391 002002002015009010 1060670000.0 026002002004017014
1 1060670000.0 026002002004017014 5130.57 026003002004017014
1 5130.57 026003002004017014 14.1391 002002002015009010
1 14.1391 002002002015009010 6156.38 026001002001017018
1 6156.38 026001002001017018 14.1391 002002002015009010
1 14.1391 002002002015009010 68.3887 026005000011019010
1 68.3887 026005000011019010 72.1141 015005002000009014
1 72.1141 015005002000009014 14.1391 002002002015009010
1 14.1391 002002002015009010 68.3887 026005000011019010
1 68.3887 026005000011019010 300560200.0 011005000000009018
1 300560200.0 011005000000009018 300560200.0 011005000000009018
1 300560200.0 011005000000009018 14.1391 002002002015009010
1 14.1391 002002002015009010 77.2473 002003000025006013
1 77.2473 002003000025006013 77.2473 002003000025006013
1 77.2473 002003000025006013 14.1391 002002002015009010
1 14.1391 002002002015009010 22954.0 026002001018009010
1 22954.0 026002001018009010 14.1391 002002002015009010
1 14.1391 002002002015009010 68.3887 026005000011019010
1 68.3887 026005000011019010 958353.0 002005001025017014
1 958353.0 002005001025017014 17521.6 002005001007017014
1 17521.6 002005001007017014 14.1391 002002002015009010
1 14.1391 002002002015009010 14209100.0 026001002010009013
1 14209100.0 026001002010009013 571926.0 026004002010009013
1 571926.0 026004002010009013 14.1391 002002002015009010
1 14.1391 002002002015009010 8720.39 026003000004003018
1 8720.39 026003000004003018 1385.31 026003000019003018
1 1385.31 026003000019003018 14.1391 002002002015009010
1 14.1391 002002002015009010 1262745.0 026001002025017013
1 1262745.0 026001002025017013 1262745.0 026001002025017013
1 1262745.0 026001002025017013 14.1391 002002002015009010
1 14.1391 002002002015009010 567730000.0 020001002001006014
1 567730000.0 020001002001006014 2833.74 020001002001007014
1 2833.74 020001002001007014 14.1391 002002002015009010
1 14.1391 002002002015009010 13842.2 020002000018006014
1 13842.2 020002000018006014 5347.91 020002000018019014
1 5347.91 020002000018019014 14.1391 002002002015009010
1 14.1391 002002002015009010 1246.67 015001000004017014
1 1246.67 015001000004017014 1246.67 015001000004017014
1 1246.67 015001000004017014 14.1391 002002002015009010
1 14.1391 002002002015009010 18972600.0 026001001000019010
1 18972600.0 026001001000019010 7054.36 026000001000019010
1 7054.36 026000001000019010 14.1391 002002002015009010
1 14.1391 002002002015009010 5636650.0 020001002004009013
1 5636650.0 020001002004009013 3305670.0 021001002004009013
1 3305670.0 021001002004009013 14.1391 002002002015009010
1 14.1391 002002002015009010 228249000.0 026003000000009006
1 228249000.0 026003000000009006 212299000.0 026003000011009006
1 212299000.0 026003000011009006 14.1391 002002002015009010
1 14.1391 002002002015009010 57189.1 015003002004009010
1 57189.1 015003002004009010 24914.6 015003002004009015
1 24914.6 015003002004009015 14.1391 002002002015009010
1 14.1391 002002002015009010 4450510.0 026005000018009014
1 4450510.0 026005000018009014 9658.91 026005000000009014
1 9658.91 026005000000009014 14.1391 002002002015009010
1 14.1391 002002002015009010 855448.0 017002000004019014
1 855448.0 017002000004019014 8465.76 017002000020019014
1 8465.76 017002000020019014 14.1391 002002002015009010
1 14.1391 002002002015009010 4476380000.0 017005000004006006
1 4476380000.0 017005000004006006 108757000.0 017005000001006006
1 108757000.0 017005000001006006 14.1391 002002002015009010
1 14.1391 002002002015009010 119352000.0 020001000000003010
1 119352000.0 020001000000003010 84501200.0 020001000024003010
1 84501200.0 020001000024003010 14.1391 002002002015009010
1 14.1391 002002002015009010 7798.42 020001002000009010
1 7798.42 020001002000009010 5565.35 020001002000009002
1 5565.35 020001002000009002 14.1391 002002002015009010
1 14.1391 002002002015009010 7294140000.0 002002000000009006
1 7294140000.0 002002000000009006 57005.7 010002000000009006
1 57005.7 010002000000009006 14.1391 002002002015009010
1 14.1391 002002002015009010 6707.62 020005002025017014
1 6707.62 020005002025017014 92.517 020005002025017013
1 92.517 020005002025017013 14.1391 002002002015009010
1 14.1391 002002002015009010 545144.0 015005000004017010
1 545144.0 015005000004017010 40479.2 015005000004000010
1 40479.2 015005000004000010 14.1391 002002002015009010
1 14.1391 002002002015009010 1638260.0 017001000001006014
1 1638260.0 017001000001006014 177.455 017001001001006014
1 177.455 017001001001006014 14.1391 002002002015009010
1 14.1391 002002002015009010 144354000.0 020001000019003010
1 144354000.0 020001000019003010 18358.3 018001000019003010
1 18358.3 018001000019003010 14.1391 002002002015009010
1 14.1391 002002002015009010 30276500000.0 020002000000003010
1 30276500000.0 020002000000003010 55794.1 012002000000003010
1 55794.1 012002000000003010 14.1391 002002002015009010
1 14.1391 002002002015009010 888375.0 002002002011000010
1 888375.0 002002002011000010 888375.0 002002002011000010
1 888375.0 002002002011000010 14.1391 002002002015009010
1 14.1391 002002002015009010 755816.0 001001002001017014
1 755816.0 001001002001017014 13366.7 021001002001017014
1 13366.7 021001002001017014 14.1391 002002002015009010
1 14.1391 002002002015009010 1411710.0 006005002004017006
1 1411710.0 006005002004017006 1353830.0 006005002004017015
1 1353830.0 006005002004017015 14.1391 002002002015009010
1 14.1391 002002002015009010 6491770.0 017005002025003013
1 6491770.0 017005002025003013 36386.9 017005002014003013
1 36386.9 017005002014003013 14.1391 002002002015009010
1 14.1391 002002002015009010 798966.0 006005002025002014
1 798966.0 006005002025002014 30424.8 038005002025002014
1 30424.8 038005002025002014 14.1391 002002002015009010
1 14.1391 002002002015009010 13961.3 020005002025009013
1 13961.3 020005002025009013 12849.1 020005002025009006
1 12849.1 020005002025009006 14.1391 002002002015009010
1 14.1391 002002002015009010 5350860.0 026001002019006014
1 5350860.0 026001002019006014 2279180.0 026001002019006016
1 2279180.0 026001002019006016 14.1391 002002002015009010
1 14.1391 002002002015009010 940982000.0 026002002015017014
1 940982000.0 026002002015017014 5660.83 026005002015017014
1 5660.83 026005002015017014 14.1391 002002002015009010
1 14.1391 002002002015009010 197407000.0 011005002004003013
1 197407000.0 011005002004003013 36103.1 011006002004003013
1 36103.1 011006002004003013 14.1391 002002002015009010
1 14.1391 002002002015009010 1040775.5 017005002025009014
1 1040775.5 017005002025009014 1040775.5 017005002025009014
1 1040775.5 017005002025009014 14.1391 002002002015009010
1 14.1391 002002002015009010 3539430.0 020001000001019010
1 3539430.0 020001000001019010 3234240.0 020001000001023010
1 3234240.0 020001000001023010 14.1391 002002002015009010
1 14.1391 002002002015009010 29612.6 020005002004009018
1 29612.6 020005002004009018 14588.7 020005002004009005
1 14588.7 020005002004009005 14.1391 002002002015009010
1 14.1391 002002002015009010 2928000.0 002005000000007010
1 2928000.0 002005000000007010 2710520.0 002005000000007014
1 2710520.0 002005000000007014 14.1391 002002002015009010
1 14.1391 002002002015009010 8028160.0 026005000002006013
1 8028160.0 026005000002006013 893550.0 002005000002006013
1 893550.0 002005000002006013 14.1391 002002002015009010
1 14.1391 002002002015009010 15555396.5 020002002001003018
1 15555396.5 020002002001003018 15555396.5 020002002001003018
1 15555396.5 020002002001003018 14.1391 002002002015009010
1 14.1391 002002002015009010 25236.4 015002002001017013
1 25236.4 015002002001017013 101.755 009002002001017013
1 101.755 009002002001017013 14.1391 002002002015009010
1 14.1391 002002002015009010 1557800.0 020001002004017013
1 1557800.0 020001002004017013 881213.0 021001002004017013
1 881213.0 021001002004017013 14.1391 002002002015009010
1 14.1391 002002002015009010 17167.6 015005000019002010
1 17167.6 015005000019002010 101.496 015005000019015010
1 101.496 015005000019015010 14.1391 002002002015009010
1 14.1391 002002002015009010 38564100.0 026003002010006014
1 38564100.0 026003002010006014 30149.3 026003002010006011
1 30149.3 026003002010006011 14.1391 002002002015009010
1 14.1391 002002002015009010 8723470.0 026001002011006013
1 8723470.0 026001002011006013 20564.2 026001002011012013
1 20564.2 026001002011012013 14.1391 002002002015009010
1 14.1391 002002002015009010 21538900.0 017005000025007018
1 21538900.0 017005000025007018 6210020.0 017005000025013018
1 6210020.0 017005000025013018 14.1391 002002002015009010
1 14.1391 002002002015009010 20805.6 026002002025017010
1 20805.6 026002002025017010 4056.55 018002002025017010
1 4056.55 018002002025017010 14.1391 002002002015009010
1 14.1391 002002002015009010 41322.2 026006002002006018
1 41322.2 026006002002006018 3306.43 026006002019006018
1 3306.43 026006002019006018 14.1391 002002002015009010
1 14.1391 002002002015009010 6584170.0 026003001010009018
1 6584170.0 026003001010009018 3851.31 026003001010014018
1 3851.31 026003001010014018 14.1391 002002002015009010
1 14.1391 002002002015009010 22195600.0 017002000004006018
1 22195600.0 017002000004006018 908.724 007002000004006018
1 908.724 007002000004006018 14.1391 002002002015009010
1 14.1391 002002002015009010 4396230000.0 026006000020009010
1 4396230000.0 026006000020009010 272600000.0 026006000020009003
1 272600000.0 026006000020009003 14.1391 002002002015009010
1 14.1391 002002002015009010 105628.0 015006002020009003
1 105628.0 015006002020009003 46269.6 015000002020009003
1 46269.6 015000002020009003 14.1391 002002002015009010
1 14.1391 002002002015009010 198930000.0 026002002000019010
1 198930000.0 026002002000019010 2682.8 026002002000019000
1 2682.8 026002002000019000 14.1391 002002002015009010
1 14.1391 002002002015009010 2311420.0 026005000011006013
1 2311420.0 026005000011006013 10043.6 026005000011006003
1 10043.6 026005000011006003 14.1391 002002002015009010
1 14.1391 002002002015009010 8190.3 026001000019006018
1 8190.3 026001000019006018 6195.59 026001000020006018
1 6195.59 026001000020006018 14.1391 002002002015009010
1 14.1391 002002002015009010 5306320.0 007001002001007013
1 5306320.0 007001002001007013 12125.8 007001002001001013
1 12125.8 007001002001001013 14.1391 002002002015009010
1 14.1391 002002002015009010 2688.36 015001002025019018
1 2688.36 015001002025019018 239.044 015001002004019018
1 239.044 015001002004019018 14.1391 002002002015009010
1 14.1391 002002002015009010 5602.15 015002000004009013
1 5602.15 015002000004009013 14.1391 002002002015009010
1 14.1391 002002002015009010 68.3887 026005000011019010
1 68.3887 026005000011019010 8732.5 015005000019003018
1 8732.5 015005000019003018 14.1391 002002002015009010
1 14.1391 002002002015009010 68.3887 026005000011019010
1 68.3887 026005000011019010 750567.0 002005002019009013
1 750567.0 002005002019009013 397803.0 002005002018009013
1 397803.0 002005002018009013 14.1391 002002002015009010
1 14.1391 002002002015009010 1377170.0 007005000004019014
1 1377170.0 007005000004019014 810793.0 007002000004019014
1 810793.0 007002000004019014 14.1391 002002002015009010
1 14.1391 002002002015009010 22195600.0 017002000004006018
1 22195600.0 017002000004006018 4959.35 017002000004024018
1 4959.35 017002000004024018 14.1391 002002002015009010
1 14.1391 002002002015009010 1304480.0 002005002004019014
1 1304480.0 002005002004019014 102.002 002005002004007014
1 102.002 002005002004007014 14.1391 002002002015009010
1 14.1391 002002002015009010 25065.9 026005000001017000
1 25065.9 026005000001017000 18496.4 020005000001017000
1 18496.4 020005000001017000 14.1391 002002002015009010
1 14.1391 002002002015009010 109.424 009002000019015013
1 109.424 009002000019015013 39.2678 019002000019015013
1 39.2678 019002000019015013 14.1391 002002002015009010
1 14.1391 002002002015009010 941798.08 002005000001015010
1 941798.08 002005000001015010 941798.08 002005000001015010
1 941798.08 002005000001015010 14.1391 002002002015009010
1 14.1391 002002002015009010 2466.2409 017005001019015013
1 2466.2409 017005001019015013 28.9428 017005001019015011
1 28.9428 017005001019015011 14.1391 002002002015009010
1 14.1391 002002002015009010 480855.0 015001002004015013
1 480855.0 015001002004015013 6157.6 015001002009015013
1 6157.6 015001002009015013 14.1391 002002002015009010
1 14.1391 002002002015009010 1324920.0 002005000025015013
1 1324920.0 002005000025015013 425659.0 002005000025010013
1 425659.0 002005000025010013 14.1391 002002002015009010
1 14.1391 002002002015009010 727.161 017005000015017018
1 727.161 017005000015017018 14.1391 002002002015009010
1 14.1391 002002002015009010 28.9428 017005001019015011
1 28.9428 017005001019015011 7348.02 017005002000015013
1 7348.02 017005002000015013 6037.9 032005002000015013
1 6037.9 032005002000015013 14.1391 002002002015009010
1 14.1391 002002002015009010 5735370.0 017005002025017014
1 5735370.0 017005002025017014 9693.98 017005002025017002
1 9693.98 017005002025017002 14.1391 002002002015009010
1 14.1391 002002002015009010 5511430.0 017005002015019018
1 5511430.0 017005002015019018 744.945 017003002015019018
1 744.945 017003002015019018 14.1391 002002002015009010
1 14.1391 002002002015009010 771425.49265 002005002004006013
1 771425.49265 002005002004006013 771425.49265 002005002004006013
1 771425.49265 002005002004006013 14.1391 002002002015009010
1 14.1391 002002002015009010 5494910.0 020001000019017018
1 5494910.0 020001000019017018 2281050.0 020000000019017018
1 2281050.0 020000000019017018 14.1391 002002002015009010
1 14.1391 002002002015009010 9552400.0 009005000004017018
1 9552400.0 009005000004017018 3479110.0 009005000014017018
1 3479110.0 009005000014017018 14.1391 002002002015009010
1 14.1391 002002002015009010 10742200.0 017001000001017013
1 10742200.0 017001000001017013 2905050.0 017001000011017013
1 2905050.0 017001000011017013 14.1391 002002002015009010
1 14.1391 002002002015009010 27563.4 020001002019015014
1 27563.4 020001002019015014 6522.03 020001002019015017
1 6522.03 020001002019015017 14.1391 002002002015009010
1 14.1391 002002002015009010 1126560.0 015001001000019014
1 1126560.0 015001001000019014 233.186 015001001015019014
1 233.186 015001001015019014 14.1391 002002002015009010
1 14.1391 002002002015009010 2802920.0 002002001004006018
1 2802920.0 002002001004006018 1510920.0 002002002004006018
1 1510920.0 002002002004006018 14.1391 002002002015009010
1 14.1391 002002002015009010 3679.02 017005002000015014
1 3679.02 017005002000015014 14.1391 002002002015009010
1 14.1391 002002002015009010 28.9428 017005001019015011
1 28.9428 017005001019015011 7736900.0 026005001000006018
1 7736900.0 026005001000006018 4595690.0 026005001011006018
1 4595690.0 026005001011006018 14.1391 002002002015009010
1 14.1391 002002002015009010 1234873.3 019005002004015013
1 1234873.3 019005002004015013 1234873.3 019005002004015013
1 1234873.3 019005002004015013 14.1391 002002002015009010
1 14.1391 002002002015009010 16425600.0 026005002004015014
1 16425600.0 026005002004015014 23493.7 026005002004015003
1 23493.7 026005002004015003 14.1391 002002002015009010
1 14.1391 002002002015009010 14717900.0 002003000000009013
1 14717900.0 002003000000009013 14717900.0 002003000000009013
1 14717900.0 002003000000009013 14.1391 002002002015009010
1 14.1391 002002002015009010 160641000.0 002003000000015018
1 160641000.0 002003000000015018 15538.1 002003000009015018
1 15538.1 002003000009015018 14.1391 002002002015009010
1 14.1391 002002002015009010 6190.27 002002000011017014
1 6190.27 002002000011017014 80.346 002002000011022014
1 80.346 002002000011022014 14.1391 002002002015009010
1 14.1391 002002002015009010 2376570.0 002001000015022010
1 2376570.0 002001000015022010 11887.4 002001000015012010
1 11887.4 002001000015012010 14.1391 002002002015009010
1 14.1391 002002002015009010 73472000.0 015003000025012010
1 73472000.0 015003000025012010 64989200.0 015003000025012009
1 64989200.0 015003000025012009 14.1391 002002002015009010
1 14.1391 002002002015009010 4204980000.0 015002002019006010
1 4204980000.0 015002002019006010 308659000.0 009002002019006010
1 308659000.0 009002002019006010 14.1391 002002002015009010
1 14.1391 002002002015009010 469693.0 020002000019017013
1 469693.0 020002000019017013 11677.1 020002000019017011
1 11677.1 020002000019017011 14.1391 002002002015009010
1 14.1391 002002002015009010 725924.0 017003001011006013
1 725924.0 017003001011006013 5589.59 017003001011010013
1 5589.59 017003001011010013 14.1391 002002002015009010
1 14.1391 002002002015009010 193799000.0 017005001004015011
1 193799000.0 017005001004015011 3152830.0 017005001008015011
1 3152830.0 017005001008015011 14.1391 002002002015009010
1 14.1391 002002002015009010 3049900.0 017002000015015014
1 3049900.0 017002000015015014 68.8407 017000000015015014
1 68.8407 017000000015015014 14.1391 002002002015009010
1 14.1391 002002002015009010 1428380.0 009005002025022018
1 1428380.0 009005002025022018 7780.97 009005002025019018
1 7780.97 009005002025019018 14.1391 002002002015009010
1 14.1391 002002002015009010 2108760.0 009005001004007010
1 2108760.0 009005001004007010 10778.6 013005001004007010
1 10778.6 013005001004007010 14.1391 002002002015009010
1 14.1391 002002002015009010 3245080.0 017005001004017014
1 3245080.0 017005001004017014 2599760.0 017005001004017011
1 2599760.0 017005001004017011 14.1391 002002002015009010
1 14.1391 002002002015009010 826734.0 017005000004015013
1 826734.0 017005000004015013 541110.0 017005000011015013
1 541110.0 017005000011015013 14.1391 002002002015009010
1 14.1391 002002002015009010 915333.0 015000001025015010
1 915333.0 015000001025015010 1165.99 034000001025015010
1 1165.99 034000001025015010 14.1391 002002002015009010
1 14.1391 002002002015009010 606966.0 015002000019015014
1 606966.0 015002000019015014 10237.2 015002000023015014
1 10237.2 015002000023015014 14.1391 002002002015009010
1 14.1391 002002002015009010 9360.6995 002005002001019014
1 9360.6995 002005002001019014 9360.6995 002005002001019014
1 9360.6995 002005002001019014 14.1391 002002002015009010
1 14.1391 002002002015009010 9330.29 009003002000015013
1 9330.29 009003002000015013 2516.46 008003002000015013
1 2516.46 008003002000015013 14.1391 002002002015009010
1 14.1391 002002002015009010 24579.8 017005002011009010
1 24579.8 017005002011009010 95.6125 011005002011009010
1 95.6125 011005002011009010 14.1391 002002002015009010
1 14.1391 002002002015009010 606833.0 009005001019009013
1 606833.0 009005001019009013 303061.0 002005001019009013
1 303061.0 002005001019009013 14.1391 002002002015009010
1 14.1391 002002002015009010 600028.0 015005002025009013
1 600028.0 015005002025009013 31322.4 012005002025009013
1 31322.4 012005002025009013 14.1391 002002002015009010
1 14.1391 002002002015009010 1402690.0 015005000000015013
1 1402690.0 015005000000015013 7600.5 015005001000015013
1 7600.5 015005001000015013 14.1391 002002002015009010
1 14.1391 002002002015009010 920.245 002005000015015018
1 920.245 002005000015015018 146.712 002005000015021018
1 146.712 002005000015021018 14.1391 002002002015009010
1 14.1391 002002002015009010 6241630.0 026005000019009014
1 6241630.0 026005000019009014 1020310.0 026000000019009014
1 1020310.0 026000000019009014 14.1391 002002002015009010
1 14.1391 002002002015009010 7095250.0 017000002019022014
1 7095250.0 017000002019022014 2033830.0 017000002019016014
1 2033830.0 017000002019016014 14.1391 002002002015009010
1 14.1391 002002002015009010 3373330.0 015000002011016010
1 3373330.0 015000002011016010 98203.4 015000002011016001
1 98203.4 015000002011016001 14.1391 002002002015009010
1 14.1391 002002002015009010 1500.16 026005002015009013
1 1500.16 026005002015009013 14.1391 002002002015009010
1 14.1391 002002002015009010 28.9428 017005001019015011
1 28.9428 017005001019015011 1139.98 015002001004015013
1 1139.98 015002001004015013 77.4268 015002001012015013
1 77.4268 015002001012015013 14.1391 002002002015009010
1 14.1391 002002002015009010 279086.0 011005001019015014
1 279086.0 011005001019015014 224773.0 011005001019015007
1 224773.0 011005001019015007 14.1391 002002002015009010
1 14.1391 002002002015009010 3686630.0 011002000004015010
1 3686630.0 011002000004015010 11280.1 011001000004015010
1 11280.1 011001000004015010 14.1391 002002002015009010
1 14.1391 002002002015009010 1939420.0 015002002025009018
1 1939420.0 015002002025009018 18376.7 015002002025002018
1 18376.7 015002002025002018 14.1391 002002002015009010
1 14.1391 002002002015009010 36099.8 020002002019017014
1 36099.8 020002002019017014 28512.7 020002002019017003
1 28512.7 020002002019017003 14.1391 002002002015009010
1 14.1391 002002002015009010 13458300.0 017005002025009011
1 13458300.0 017005002025009011 5763710.0 017005000025009011
1 5763710.0 017005000025009011 14.1391 002002002015009010
1 14.1391 002002002015009010 971960.0 011005002015017011
1 971960.0 011005002015017011 427526.0 011005002015018011
1 427526.0 011005002015018011 14.1391 002002002015009010
1 14.1391 002002002015009010 1155520.0 002005000004017014
1 1155520.0 002005000004017014 350453.0 002005000004017007
1 350453.0 002005000004017007 14.1391 002002002015009010
1 14.1391 002002002015009010 892207.0 017000000011015011
1 892207.0 017000000011015011 14.1391 002002002015009010
1 14.1391 002002002015009010 28.9428 017005001019015011
1 28.9428 017005001019015011 23875.2 015005001025015013
1 23875.2 015005001025015013 1975.52 015005001025015006
1 1975.52 015005001025015006 14.1391 002002002015009010
1 14.1391 002002002015009010 6728680.0 002002000025015014
1 6728680.0 002002000025015014 318.353 002002001025015014
1 318.353 002002001025015014 14.1391 002002002015009010
1 14.1391 002002002015009010 1632180.0 002002000025017014
1 1632180.0 002002000025017014 1591490.0 002002000018017014
1 1591490.0 002002000018017014 14.1391 002002002015009010
1 14.1391 002002002015009010 8041170.0 017005002015015010
1 8041170.0 017005002015015010 12125.7 017005002015015001
1 12125.7 017005002015015001 14.1391 002002002015009010
1 14.1391 002002002015009010 803620.0 002005000011015013
1 803620.0 002005000011015013 286578.0 002005000011015012
1 286578.0 002005000011015012 14.1391 002002002015009010
1 14.1391 002002002015009010 7896.93 017005000019015013
1 7896.93 017005000019015013 4468.65 017004000019015013
1 4468.65 017004000019015013 14.1391 002002002015009010
1 14.1391 002002002015009010 56527.6 017005002001019013
1 56527.6 017005002001019013 10650.6 017004002001019013
1 10650.6 017004002001019013 14.1391 002002002015009010
1 14.1391 002002002015009010 25951.4 011002000019015013
1 25951.4 011002000019015013 7267.69 011004000019015013
1 7267.69 011004000019015013 14.1391 002002002015009010
1 14.1391 002002002015009010 5.27383 002002002019015014
1 5.27383 002002002019015014 14.1391 002002002015009010
1 14.1391 002002002015009010 28.9428 017005001019015011
1 28.9428 017005001019015011 1348379.86 002005000019017013
1 1348379.86 002005000019017013 47.6369 011005000019017013
1 47.6369 011005000019017013 5.27383 002002002019015014
1 5.27383 002002002019015014 9276150.0 015005002011017013
1 9276150.0 015005002011017013 36640.6 039005002011017013
1 36640.6 039005002011017013 5.27383 002002002019015014
1 5.27383 002002002019015014 301459.67 039005001011015014
1 301459.67 039005001011015014 301459.67 039005001011015014
1 301459.67 039005001011015014 5.27383 002002002019015014
1 5.27383 002002002019015014 13781.1 002005001019015013
1 13781.1 002005001019015013 13781.1 002005001019015013
1 13781.1 002005001019015013 5.27383 002002002019015014
1 5.27383 002002002019015014 5301510.0 011005001019009013
1 5301510.0 011005001019009013 16959.4 011005002019009013
1 16959.4 011005002019009013 5.27383 002002002019015014
1 5.27383 002002002019015014 568154.0 002005001019006014
1 568154.0 002005001019006014 364616.0 006005001019006014
1 364616.0 006005001019006014 5.27383 002002002019015014
1 5.27383 002002002019015014 8783880.0 015005002019017013
1 8783880.0 015005002019017013 666007.0 015005002019017012
1 666007.0 015005002019017012 5.27383 002002002019015014
1 5.27383 002002002019015014 427739.0 002005002001009010
1 427739.0 002005002001009010 77716.1 026005002001009010
1 77716.1 026005002001009010 5.27383 002002002019015014
1 5.27383 002002002019015014 605600.0 002002002004009013
1 605600.0 002002002004009013 10428.7 002002002004009008
1 10428.7 002002002004009008 5.27383 002002002019015014
1 5.27383 002002002019015014 32212900.0 011003000012015010
1 32212900.0 011003000012015010 21905900.0 011003000012019010
1 21905900.0 011003000012019010 5.27383 002002002019015014
1 5.27383 002002002019015014 137.436 019005002011015013
1 137.436 019005002011015013 5.27383 002002002019015014
1 5.27383 002002002019015014 14.1391 002002002015009010
1 14.1391 002002002015009010 2228640.0 011002000025007010
1 2228640.0 011002000025007010 776001.0 011002000006007010
1 776001.0 011002000006007010 5.27383 002002002019015014
1 5.27383 002002002019015014 3885520.0 017002000011009013
1 3885520.0 017002000011009013 3401830.0 017002000011019013
1 3401830.0 017002000011019013 5.27383 002002002019015014
1 5.27383 002002002019015014 42276.3 011005002015006014
1 42276.3 011005002015006014 19080.5 011005000015006014
1 19080.5 011005000015006014 5.27383 002002002019015014
1 5.27383 002002002019015014 2060300.0 020005002019015013
1 2060300.0 020005002019015013 359282.0 020005001019015013
1 359282.0 020005001019015013 5.27383 002002002019015014
1 5.27383 002002002019015014 2300480.0 002002002019019013
1 2300480.0 002002002019019013 1003070.0 002002002003019013
1 1003070.0 002002002003019013 5.27383 002002002019015014
1 5.27383 002002002019015014 2599850.0 011002000011015014
1 2599850.0 011002000011015014 99962.1 011002001011015014
1 99962.1 011002001011015014 5.27383 002002002019015014
1 5.27383 002002002019015014 2466.2409 017005001019015013
1 2466.2409 017005001019015013 1674.58 017005001003015013
1 1674.58 017005001003015013 5.27383 002002002019015014
1 5.27383 002002002019015014 2638880.325 015003002000015013
1 2638880.325 015003002000015013 2638880.325 015003002000015013
1 2638880.325 015003002000015013 5.27383 002002002019015014
1 5.27383 002002002019015014 1421620.0 011005002019006010
1 1421620.0 011005002019006010 102.304 011005002015006010
1 102.304 011005002015006010 5.27383 002002002019015014
1 5.27383 002002002019015014 605864.0 002002001015015014
1 605864.0 002002001015015014 74696.2 023002001015015014
1 74696.2 023002001015015014 5.27383 002002002019015014
1 5.27383 002002002019015014 1578470.0 015005001019009013
1 1578470.0 015005001019009013 33.5916 015005001019009014
1 33.5916 015005001019009014 5.27383 002002002019015014
1 5.27383 002002002019015014 9877030.0 015005002015015010
1 9877030.0 015005002015015010 1829.86 015005002015015016
1 1829.86 015005002015015016 5.27383 002002002019015014
1 5.27383 002002002019015014 987204.0 020005001012015013
1 987204.0 020005001012015013 726.136 020005001012017013
1 726.136 020005001012017013 5.27383 002002002019015014
1 5.27383 002002002019015014 30650000.0 017005002001006013
1 30650000.0 017005002001006013 44760.1 017002002001006013
1 44760.1 017002002001006013 5.27383 002002002019015014
1 5.27383 002002002019015014 4252720.0 015005001011015014
1 4252720.0 015005001011015014 4209720.0 015005001011015010
1 4209720.0 015005001011015010 5.27383 002002002019015014
1 5.27383 002002002019015014 10836.6 017005001001017010
1 10836.6 017005001001017010 5768.76 017005001001017011
1 5768.76 017005001001017011 5.27383 002002002019015014
1 5.27383 002002002019015014 21246.4 019005001011015013
1 21246.4 019005001011015013 47.5653 005005001011015013
1 47.5653 005005001011015013 5.27383 002002002019015014
1 5.27383 002002002019015014 359.179 017002000019015014
1 359.179 017002000019015014 359.179 017002000019015014
1 359.179 017002000019015014 5.27383 002002002019015014
1 5.27383 002002002019015014 25951.4 011002000019015013
1 25951.4 011002000019015013 25951.4 011002000019015013
1 25951.4 011002000019015013 5.27383 002002002019015014
1 5.27383 002002002019015014 19449.4 015005001019019010
1 19449.4 015005001019019010 17072.6 009005001019019010
1 17072.6 009005001019019010 5.27383 002002002019015014
1 5.27383 002002002019015014 750567.0 002005002019009013
1 750567.0 002005002019009013 1166.76 002003002019009013
1 1166.76 002003002019009013 5.27383 002002002019015014
1 5.27383 002002002019015014 5102.08 026002000011022013
1 5102.08 026002000011022013 66.839 005002000011022013
1 66.839 005002000011022013 5.27383 002002002019015014
1 5.27383 002002002019015014 465002.0 009002002025009013
1 465002.0 009002002025009013 40050.8 009002002004009013
1 40050.8 009002002004009013 5.27383 002002002019015014
1 5.27383 002002002019015014 17757.8 020005002011009013
1 17757.8 020005002011009013 895.91 020005002011010013
1 895.91 020005002011010013 5.27383 002002002019015014
1 5.27383 002002002019015014 976629.0 019005001015009014
1 976629.0 019005001015009014 13668.2 019005000015009014
1 13668.2 019005000015009014 5.27383 002002002019015014
1 5.27383 002002002019015014 7101080.0 019005000019009010
1 7101080.0 019005000019009010 4155930.0 019005000019009017
1 4155930.0 019005000019009017 5.27383 002002002019015014
1 5.27383 002002002019015014 55.973 002002000011009013
1 55.973 002002000011009013 5.27383 002002002019015014
1 5.27383 002002002019015014 14.1391 002002002015009010
1 14.1391 002002002015009010 295475.0 002005001011022013
1 295475.0 002005001011022013 13427.2 002005001011013013
1 13427.2 002005001011013013 5.27383 002002002019015014
1 5.27383 002002002019015014 491787.0 017005001011015013
1 491787.0 017005001011015013 10356.4 017005001006015013
1 10356.4 017005001006015013 5.27383 002002002019015014
1 5.27383 002002002019015014 1065950.0 002005000006015010
1 1065950.0 002005000006015010 12610.1 018005000006015010
1 12610.1 018005000006015010 5.27383 002002002019015014
1 5.27383 002002002019015014 9441.89 002005001019015014
1 9441.89 002005001019015014 48.4908 002005001012015014
1 48.4908 002005001012015014 5.27383 002002002019015014
1 5.27383 002002002019015014 39.2415 026000000015015014
1 39.2415 026000000015015014 5.27383 002002002019015014
1 5.27383 002002002019015014 14.1391 002002002015009010
1 14.1391 002002002015009010 43.572 002005000015015013
1 43.572 002005000015015013 24.9943 002005000015009013
1 24.9943 002005000015009013 5.27383 002002002019015014
1 5.27383 002002002019015014 10817.7 017005000019015014
1 10817.7 017005000019015014 617.877 017005000019015017
1 617.877 017005000019015017 5.27383 002002002019015014
1 5.27383 002002002019015014 33.5916 015005001019009014
1 33.5916 015005001019009014 5.27383 002002002019015014
1 5.27383 002002002019015014 14.1391 002002002015009010
1 14.1391 002002002015009010 951900.0 002005002012009013
1 951900.0 002005002012009013 29012.8 002005002012006013
1 29012.8 002005002012006013 5.27383 002002002019015014
1 5.27383 002002002019015014 53437.4 019005002015009014
1 53437.4 019005002015009014 2898.33 019000002015009014
1 2898.33 019000002015009014 5.27383 002002002019015014
1 5.27383 002002002019015014 1899.92 026000000015019014
1 1899.92 026000000015019014 22.4416 026000000019019014
1 22.4416 026000000019019014 5.27383 002002002019015014
1 5.27383 002002002019015014 41.3363 002005001015009013
1 41.3363 002005001015009013 5.27383 002002002019015014
1 5.27383 002002002019015014 14.1391 002002002015009010
1 14.1391 002002002015009010 746900.0 002005001015015014
1 746900.0 002005001015015014 11422.0 002000001015015014
1 11422.0 002000001015015014 5.27383 002002002019015014
1 5.27383 002002002019015014 4638810.0 017005000015009014
1 4638810.0 017005000015009014 1262300.0 017000000015009014
1 1262300.0 017000000015009014 5.27383 002002002019015014
1 5.27383 002002002019015014 328570.0 002005001015009010
1 328570.0 002005001015009010 8580.11 002005001015019010
1 8580.11 002005001015019010 5.27383 002002002019015014
1 5.27383 002002002019015014 8423.58 002005002019015013
1 8423.58 002005002019015013 5.27383 002002002019015014
1 5.27383 002002002019015014 14.1391 002002002015009010
1 14.1391 002002002015009010 97655600.0 017005001011015010
1 97655600.0 017005001011015010 17763300.0 017005001011015007
1 17763300.0 017005001011015007 5.27383 002002002019015014
1 5.27383 002002002019015014 85.3621 026002001011015014
1 85.3621 026002001011015014 85.0179 002002001011015014
1 85.0179 002002001011015014 5.27383 002002002019015014
1 5.27383 002002002019015014 3533470.0 026005000015009013
1 3533470.0 026005000015009013 434448.0 026005000015017013
1 434448.0 026005000015017013 5.27383 002002002019015014
1 5.27383 002002002019015014 49.5277 017005001019019013
1 49.5277 017005001019019013 5.27383 002002002019015014
1 5.27383 002002002019015014 14.1391 002002002015009010
1 14.1391 002002002015009010 48.3634 015002000015015013
1 48.3634 015002000015015013 5.27383 002002002019015014
1 5.27383 002002002019015014 14.1391 002002002015009010
1 14.1391 002002002015009010 11464.6 002002001019009010
1 11464.6 002002001019009010 5127.22 013002001019009010
1 5127.22 013002001019009010 5.27383 002002002019015014
1 5.27383 002002002019015014 13781.1 002005001019015013
1 13781.1 002005001019015013 581688.0 002005001015015013
1 581688.0 002005001015015013 5.27383 002002002019015014
1 5.27383 002002002019015014 1249530.0 017005000015017013
1 1249530.0 017005000015017013 30423.8 017002000015017013
1 30423.8 017002000015017013 5.27383 002002002019015014
1 5.27383 002002002019015014 1153020.0 017000000015015013
1 1153020.0 017000000015015013 27774.2 017003000015015013
1 27774.2 017003000015015013 5.27383 002002002019015014
1 5.27383 002002002019015014 2961380.0 005002001019015013
1 2961380.0 005002001019015013 588805.0 005002001019015004
1 588805.0 005002001019015004 5.27383 002002002019015014
1 5.27383 002002002019015014 483991.0 002002000019019013
1 483991.0 002002000019019013 7976.79 013002000019019013
1 7976.79 013002000019019013 5.27383 002002002019015014
1 5.27383 002002002019015014 3739.24 017002000019019014
1 3739.24 017002000019019014 5.27383 002002002019015014
1 5.27383 002002002019015014 14.1391 002002002015009010
1 14.1391 002002002015009010 8023.77 017002000019009013
1 8023.77 017002000019009013 8023.77 017002000019009013
1 8023.77 017002000019009013 5.27383 002002002019015014
1 5.27383 002002002019015014 12751500.0 017002002015015014
1 12751500.0 017002002015015014 16177.6 017002002015012014
1 16177.6 017002002015012014 5.27383 002002002019015014
1 5.27383 002002002019015014 1348379.86 002005000019017013
1 1348379.86 002005000019017013 176705.0 002005000019017006
1 176705.0 002005000019017006 5.27383 002002002019015014
2 5.27383 002002002019015014 4514930.0 033004001012002014
2 4514930.0 033004001012002014 84.9209 033004001022002014
2 84.9209 033004001022002014 4418.6 008004001010003009
2 4418.6 008004001010003009 4183.89 015000000012008004
2 4183.89 015000000012008004 1338.05 015000000012019004
2 1338.05 015000000012019004 84.9209 033004001022002014
2 84.9209 033004001022002014 14897400.0 015002000012002014
2 14897400.0 015002000012002014 7058.7 006002000012002014
2 7058.7 006002000012002014 84.9209 033004001022002014
2 84.9209 033004001022002014 6093.53 029002001002008014
2 6093.53 029002001002008014 84.9209 033004001022002014
2 84.9209 033004001022002014 1338.05 015000000012019004
2 1338.05 015000000012019004 36531.2 004004002002008014
2 36531.2 004004002002008014 9287.73 019004002002008014
2 9287.73 019004002002008014 84.9209 033004001022002014
2 84.9209 033004001022002014 32720.4 004004000006002004
2 32720.4 004004000006002004 16159.0 014004000006002004
2 16159.0 014004000006002004 84.9209 033004001022002014
2 84.9209 033004001022002014 7375.49 020004000001008012
2 7375.49 020004000001008012 2659.21 020004000001008015
2 2659.21 020004000001008015 84.9209 033004001022002014
2 84.9209 033004001022002014 55525700.0 020004002008003014
2 55525700.0 020004002008003014 113.788 020004002008020014
2 113.788 020004002008020014 84.9209 033004001022002014
2 84.9209 033004001022002014 63698.735 020000000002020012
2 63698.735 020000000002020012 84.9209 033004001022002014
2 84.9209 033004001022002014 113.788 020004002008020014
2 113.788 020004002008020014 8775.12 033000000008008012
2 8775.12 033000000008008012 11.9775 033000000002008012
2 11.9775 033000000002008012 63698.735 020000000002020012
2 63698.735 020000000002020012 2315340.0 033004000008008014
2 2315340.0 033004000008008014 3508.76 033002000008008014
2 3508.76 033002000008008014 11.9775 033000000002008012
2 11.9775 033000000002008012 864.186 033000000002008015
2 864.186 033000000002008015 11.9775 033000000002008012
2 11.9775 033000000002008012 63698.735 020000000002020012
2 63698.735 020000000002020012 25.825 040000000001016015
2 25.825 040000000001016015 11.9775 033000000002008012
2 11.9775 033000000002008012 63698.735 020000000002020012
2 63698.735 020000000002020012 12766100.0 040004000008002015
2 12766100.0 040004000008002015 1648660.0 004004000008002015
2 1648660.0 004004000008002015 11.9775 033000000002008012
2 11.9775 033000000002008012 23803400.0 020004001008008004
2 23803400.0 020004001008008004 8573.0 020004001008008006
2 8573.0 020004001008008006 11.9775 033000000002008012
2 11.9775 033000000002008012 25433300.0 040002000008008015
2 25433300.0 040002000008008015 1863010.0 032002000008008015
2 1863010.0 032002000008008015 11.9775 033000000002008012
2 11.9775 033000000002008012 15714.9 020004000012025009
2 15714.9 020004000012025009 8069.11 018004000012025009
2 8069.11 018004000012025009 11.9775 033000000002008012
2 11.9775 033000000002008012 4630.03 033004000002025015
2 4630.03 033004000002025015 11.9775 033000000002008012
2 11.9775 033000000002008012 25.825 040000000001016015
2 25.825 040000000001016015 423252.0 015000002002020014
2 423252.0 015000002002020014 296.625 015000002010020014
2 296.625 015000002010020014 11.9775 033000000002008012
2 11.9775 033000000002008012 10307900.0 033004000002016004
2 10307900.0 033004000002016004 302279.0 033000000002016004
2 302279.0 033000000002016004 11.9775 033000000002008012
2 11.9775 033000000002008012 3071120.0 033004000010019014
2 3071120.0 033004000010019014 805363.0 033004000020019014
2 805363.0 033004000020019014 11.9775 033000000002008012
2 11.9775 033000000002008012 1635680.0 015000000012008009
2 1635680.0 015000000012008009 56.9729 015002000012008009
2 56.9729 015002000012008009 11.9775 033000000002008012
2 11.9775 033000000002008012 956155.0 018000000001020012
2 956155.0 018000000001020012 208037.0 005000000001020012
2 208037.0 005000000001020012 11.9775 033000000002008012
2 11.9775 033000000002008012 68335700.0 015002002010020004
2 68335700.0 015002002010020004 56285400.0 015002002010017004
2 56285400.0 015002002010017004 11.9775 033000000002008012
2 11.9775 033000000002008012 1028.9 015000000010002014
2 1028.9 015000000010002014 68.903 015000000010023014
2 68.903 015000000010023014 11.9775 033000000002008012
2 11.9775 033000000002008012 3123538.55 020000000008002014
2 3123538.55 020000000008002014 3123538.55 020000000008002014
2 3123538.55 020000000008002014 11.9775 033000000002008012
2 11.9775 033000000002008012 15724.4 020000000008002012
2 15724.4 020000000008002012 11.9775 033000000002008012
2 11.9775 033000000002008012 25.825 040000000001016015
2 25.825 040000000001016015 1417210.0 015000000002019004
2 1417210.0 015000000002019004 132.241 015000000002019012
2 132.241 015000000002019012 11.9775 033000000002008012
2 11.9775 033000000002008012 4088.65 020004000008020014
2 4088.65 020004000008020014 684.007 020004000008000014
2 684.007 020004000008000014 11.9775 033000000002008012
2 11.9775 033000000002008012 869914.0 015004000008008014
2 869914.0 015004000008008014 5569.87 015004000011008014
2 5569.87 015004000011008014 11.9775 033000000002008012
2 11.9775 033000000002008012 2365880.0 020004000010008014
2 2365880.0 020004000010008014 140.669 020004000010009014
2 140.669 020004000010009014 11.9775 033000000002008012
2 11.9775 033000000002008012 4363600.0 020004000010020015
2 4363600.0 020004000010020015 13153.5 020004000010020005
2 13153.5 020004000010020005 11.9775 033000000002008012
2 11.9775 033000000002008012 3678.41 015004002008023005
2 3678.41 015004002008023005 11.9775 033000000002008012
2 11.9775 033000000002008012 25.825 040000000001016015
2 25.825 040000000001016015 433631.3218 020000000002009014
2 433631.3218 020000000002009014 433631.3218 020000000002009014
2 433631.3218 020000000002009014 11.9775 033000000002008012
2 11.9775 033000000002008012 188.43 020002002002008014
2 188.43 020002002002008014 11.9775 033000000002008012
2 11.9775 033000000002008012 25.825 040000000001016015
2 25.825 040000000001016015 300493.25 015000000022008014
2 300493.25 015000000022008014 23776.2 015000002022008014
2 23776.2 015000002022008014 11.9775 033000000002008012
2 11.9775 033000000002008012 366766000.0 033002002001008014
2 366766000.0 033002002001008014 59716100.0 033002002001016014
2 59716100.0 033002002001016014 11.9775 033000000002008012
2 11.9775 033000000002008012 137.474 020000000002008014
2 137.474 020000000002008014 115.299 001000000002008014
2 115.299 001000000002008014 11.9775 033000000002008012
2 11.9775 033000000002008012 1849020.0 020000000022008014
2 1849020.0 020000000022008014 1683730.0 020000000011008014
2 1683730.0 020000000011008014 11.9775 033000000002008012
2 11.9775 033000000002008012 526759.0 020000000011008012
2 526759.0 020000000011008012 11.9775 033000000002008012
2 11.9775 033000000002008012 25.825 040000000001016015
2 25.825 040000000001016015 40418.6 015000002002000012
2 40418.6 015000002002000012 105.359 015000000002000012
2 105.359 015000000002000012 11.9775 033000000002008012
2 11.9775 033000000002008012 67109.5 020000002001019012
2 67109.5 020000002001019012 147.624 020005002001019012
2 147.624 020005002001019012 11.9775 033000000002008012
2 11.9775 033000000002008012 85.8172 020000000002023014
2 85.8172 020000000002023014 1230.46 020000000002021014
2 1230.46 020000000002021014 11.9775 033000000002008012
2 11.9775 033000000002008012 1530980.0 001000001010008012
2 1530980.0 001000001010008012 681363.0 001000001010014012
2 681363.0 001000001010014012 11.9775 033000000002008012
2 11.9775 033000000002008012 21233.7 020002000002020014
2 21233.7 020002000002020014 5992.93 020002000004020014
2 5992.93 020002000004020014 11.9775 033000000002008012
2 11.9775 033000000002008012 55910.6 020002000001000012
2 55910.6 020002000001000012 7322.08 020002000001010012
2 7322.08 020002000001010012 11.9775 033000000002008012
2 11.9775 033000000002008012 151.49 020002000010016012
2 151.49 020002000010016012 93.4468 020002000010022012
2 93.4468 020002000010022012 11.9775 033000000002008012
2 11.9775 033000000002008012 2977.79 020000000002002014
2 2977.79 020000000002002014 137.474 020000000002008014
2 137.474 020000000002008014 11.9775 033000000002008012
2 11.9775 033000000002008012 6487880.0 033004000002023014
2 6487880.0 033004000002023014 378.002 033004000009023014
2 378.002 033004000009023014 137.474 020000000002008014
2 137.474 020000000002008014 924702.0 020004000001023014
2 924702.0 020004000001023014 1948.78 020004001001023014
2 1948.78 020004001001023014 137.474 020000000002008014
2 137.474 020000000002008014 7934.58 033002000010002014
2 7934.58 033002000010002014 137.474 020000000002008014
2 137.474 020000000002008014 11.9775 033000000002008012
2 11.9775 033000000002008012 175117000.0 020002000001002012
2 175117000.0 020002000001002012 8956.41 020000000001002012
2 8956.41 020000000001002012 137.474 020000000002008014
2 137.474 020000000002008014 856753.0 015000000010008015
2 856753.0 015000000010008015 854484.0 036000000010008015
2 854484.0 036000000010008015 137.474 020000000002008014
2 137.474 020000000002008014 346913.0 015000000002023012
2 346913.0 015000000002023012 5861.55 015000000020023012
2 5861.55 015000000020023012 137.474 020000000002008014
2 137.474 020000000002008014 4651560.0 015005000002009009
2 4651560.0 015005000002009009 1187550.0 015005000002018009
2 1187550.0 015005000002018009 137.474 020000000002008014
2 137.474 020000000002008014 1879580.0 020002000002020009
2 1879580.0 020002000002020009 38107.4 020002002002020009
2 38107.4 020002002002020009 137.474 020000000002008014
2 137.474 020000000002008014 35.5645 015000000008009014
2 35.5645 015000000008009014 137.474 020000000002008014
2 137.474 020000000002008014 11.9775 033000000002008012
2 11.9775 033000000002008012 2556100000.0 020000002008008012
2 2556100000.0 020000002008008012 88552200.0 020000002008008005
2 88552200.0 020000002008008005 137.474 020000000002008014
2 137.474 020000000002008014 420065.0 020000000002008012
2 420065.0 020000000002008012 12670.5 020000001002008012
2 12670.5 020000001002008012 137.474 020000000002008014
2 137.474 020000000002008014 5759.41 040004000010020014
2 5759.41 040004000010020014 536.112 040004000015020014
2 536.112 040004000015020014 137.474 020000000002008014
2 137.474 020000000002008014 6699150.0 033002000001009012
2 6699150.0 033002000001009012 70634.6 033002000001003012
2 70634.6 033002000001003012 137.474 020000000002008014
2 137.474 020000000002008014 63698.735 020000000002020012
2 63698.735 020000000002020012 63698.735 020000000002020012
2 63698.735 020000000002020012 137.474 020000000002008014
2 137.474 020000000002008014 362726.0 015000000002020014
2 362726.0 015000000002020014 383086.8456666667 040000000002020014
2 383086.8456666667 040000000002020014 137.474 020000000002008014
2 137.474 020000000002008014 336926.315325 020000000002016014
2 336926.315325 020000000002016014 460497.28555 020000000002016013
2 460497.28555 020000000002016013 137.474 020000000002008014
2 137.474 020000000002008014 6937.75 015000000012008012
2 6937.75 015000000012008012 460497.28555 020000000002016013
2 460497.28555 020000000002016013 137.474 020000000002008014
2 137.474 020000000002008014 331.231 020000000008016015
2 331.231 020000000008016015 189.367 020002000008016015
2 189.367 020002000008016015 460497.28555 020000000002016013
2 460497.28555 020000000002016013 3808.09 033000000002008014
2 3808.09 033000000002008014 71.1884 033005000002008014
2 71.1884 033005000002008014 460497.28555 020000000002016013
2 460497.28555 020000000002016013 709682.0 020002000008008012
2 709682.0 020002000008008012 375382.0 020002000008024012
2 375382.0 020002000008024012 460497.28555 020000000002016013
2 460497.28555 020000000002016013 461038.0 040002000002020012
2 461038.0 040002000002020012 6586.1 040003000002020012
2 6586.1 040003000002020012 460497.28555 020000000002016013
2 460497.28555 020000000002016013 2216500.0 015000000001009012
2 2216500.0 015000000001009012 1030740.0 015000000008009012
2 1030740.0 015000000008009012 460497.28555 020000000002016013
2 460497.28555 020000000002016013 433631.3218 020000000002009014
2 433631.3218 020000000002009014 433631.3218 020000000002009014
2 433631.3218 020000000002009014 460497.28555 020000000002016013
2 460497.28555 020000000002016013 1592060.0 033002000002009014
2 1592060.0 033002000002009014 11720.1 011002000002009014
2 11720.1 011002000002009014 460497.28555 020000000002016013
2 460497.28555 020000000002016013 3079660.0 040000000002002014
2 3079660.0 040000000002002014 23998.4 040001000002002014
2 23998.4 040001000002002014 460497.28555 020000000002016013
2 460497.28555 020000000002016013 12607400.0 020001000010002014
2 12607400.0 020001000010002014 509.6 020001000020002014
2 509.6 020001000020002014 460497.28555 020000000002016013
2 460497.28555 020000000002016013 1946660.0 020002000002016014
2 1946660.0 020002000002016014 5251.77 020002002002016014
2 5251.77 020002002002016014 460497.28555 020000000002016013
2 460497.28555 020000000002016013 597953.0 020000000002009015
2 597953.0 020000000002009015 270.823 020000000002011015
2 270.823 020000000002011015 460497.28555 020000000002016013
2 460497.28555 020000000002016013 769301.0 020000000002011014
2 769301.0 020000000002011014 733838.0 020000000020011014
2 733838.0 020000000020011014 460497.28555 020000000002016013
2 460497.28555 020000000002016013 1855.6 015000000002008014
2 1855.6 015000000002008014 544377.0 015000000002008008
2 544377.0 015000000002008008 460497.28555 020000000002016013
2 460497.28555 020000000002016013 11872300.0 040002000008008014
2 11872300.0 040002000008008014 42600.1 040002000008008007
2 42600.1 040002000008008007 460497.28555 020000000002016013
2 460497.28555 020000000002016013 29371800.0 020000000002000007
2 29371800.0 020000000002000007 20153.3 020000000002000013
2 20153.3 020000000002000013 460497.28555 020000000002016013
2 460497.28555 020000000002016013 9886.28 015002000008002014
2 9886.28 015002000008002014 460497.28555 020000000002016013
2 460497.28555 020000000002016013 137.474 020000000002008014
2 137.474 020000000002008014 12031300000.0 020002000002000012
2 12031300000.0 020002000002000012 183603000.0 011002000002000012
2 183603000.0 011002000002000012 460497.28555 020000000002016013
2 460497.28555 020000000002016013 800954.6666666666 020000000002020014
2 800954.6666666666 020000000002020014 800954.6666666666 020000000002020014
2 800954.6666666666 020000000002020014 460497.28555 020000000002016013
2 460497.28555 020000000002016013 61.9963 015000000008008014
2 61.9963 015000000008008014 460497.28555 020000000002016013
2 460497.28555 020000000002016013 137.474 020000000002008014
2 137.474 020000000002008014 367630.0 033000000022008014
2 367630.0 033000000022008014 1834.8781 033000000022016014
2 1834.8781 033000000022016014 460497.28555 020000000002016013
2 460497.28555 020000000002016013 77.7497 033000000022002014
2 77.7497 033000000022002014 705026.0 015000000022002014
2 705026.0 015000000022002014 460497.28555 020000000002016013
2 460497.28555 020000000002016013 1754.51 020000002022016013
2 1754.51 020000002022016013 460497.28555 020000000002016013
2 460497.28555 020000000002016013 137.474 020000000002008014
2 137.474 020000000002008014 2412200.0 015004001002008014
2 2412200.0 015004001002008014 4858.56 015002001002008014
2 4858.56 015002001002008014 460497.28555 020000000002016013
2 460497.28555 020000000002016013 656842.0 040000000002020012
2 656842.0 040000000002020012 43011.6 040000002002020012
2 43011.6 040000002002020012 460497.28555 020000000002016013
2 460497.28555 020000000002016013 319144.0 033000000008016012
2 319144.0 033000000008016012 254583.0 033000000008023012
2 254583.0 033000000008023012 460497.28555 020000000002016013
2 460497.28555 020000000002016013 633.774 020000000001020012
2 633.774 020000000001020012 79.7107 020000000001018012
2 79.7107 020000000001018012 460497.28555 020000000002016013
2 460497.28555 020000000002016013 762511.9879 020000000022020014
2 762511.9879 020000000022020014 238399.33395 010000000022020014
2 238399.33395 010000000022020014 460497.28555 020000000002016013
2 460497.28555 020000000002016013 275375.0 020000000008016013
2 275375.0 020000000008016013 460497.28555 020000000002016013
2 460497.28555 020000000002016013 137.474 020000000002008014
2 137.474 020000000002008014 10163200.0 020000000002000014
2 10163200.0 020000000002000014 6875270.0 020000000015000014
2 6875270.0 020000000015000014 460497.28555 020000000002016013
2 460497.28555 020000000002016013 462848.0 020000000010016014
2 462848.0 020000000010016014 40.8615 001000000010016014
2 40.8615 001000000010016014 460497.28555 020000000002016013
2 460497.28555 020000000002016013 274394.0 001005000008008012
2 274394.0 001005000008008012 6035.03 001005000008014012
2 6035.03 001005000008014012 460497.28555 020000000002016013
2 460497.28555 020000000002016013 1281030.0 010000000022008012
2 1281030.0 010000000022008012 32.99 010000000022024012
2 32.99 010000000022024012 460497.28555 020000000002016013
2 460497.28555 020000000002016013 855292.0 015002000002020014
2 855292.0 015002000002020014 47.5797 016002000002020014
2 47.5797 016002000002020014 460497.28555 020000000002016013
2 460497.28555 020000000002016013 1807910.0 020000000002020015
2 1807910.0 020000000002020015 1197290.0 003000000002020015
2 1197290.0 003000000002020015 460497.28555 020000000002016013
2 460497.28555 020000000002016013 294969.0 033000000001016012
2 294969.0 033000000001016012 267594.0 033000000020016012
2 267594.0 033000000020016012 460497.28555 020000000002016013
2 460497.28555 020000000002016013 1205310.0 020000000001008014
2 1205310.0 020000000001008014 4983.98 020000001001008014
2 4983.98 020000001001008014 460497.28555 020000000002016013
2 460497.28555 020000000002016013 1078400.0 020000001012008014
2 1078400.0 020000001012008014 2725.3 020000001012008012
2 2725.3 020000001012008012 460497.28555 020000000002016013
2 460497.28555 020000000002016013 631685.6666666666 020000000008008014
2 631685.6666666666 020000000008008014 393165.0 020000000008016014
2 393165.0 020000000008016014 460497.28555 020000000002016013
2 460497.28555 020000000002016013 616090.8135 010000000002008014
2 616090.8135 010000000002008014 616090.8135 010000000002008014
2 616090.8135 010000000002008014 460497.28555 020000000002016013
2 460497.28555 020000000002016013 1275810.0 033000000002020012
2 1275810.0 033000000002020012 2861.64 016000000002020012
2 2861.64 016000000002020012 460497.28555 020000000002016013
2 460497.28555 020000000002016013 1055587.0 010000000002016014
2 1055587.0 010000000002016014 460497.28555 020000000002016013
2 460497.28555 020000000002016013 137.474 020000000002008014
2 137.474 020000000002008014 539968.0 016000000002008009
2 539968.0 016000000002008009 410655.0 012000000002008009
2 410655.0 012000000002008009 460497.28555 020000000002016013
2 460497.28555 020000000002016013 433631.3218 020000000002009014
2 433631.3218 020000000002009014 351292.0 026000000002009014
2 351292.0 026000000002009014 460497.28555 020000000002016013
2 460497.28555 020000000002016013 1410.36 040000000010016014
2 1410.36 040000000010016014 460497.28555 020000000002016013
2 460497.28555 020000000002016013 137.474 020000000002008014
2 137.474 020000000002008014 1055587.0 010000000002016014
2 1055587.0 010000000002016014 39.8442 036000000002016014
2 39.8442 036000000002016014 460497.28555 020000000002016013
2 460497.28555 020000000002016013 762511.9879 020000000022020014
2 762511.9879 020000000022020014 12946.2 020000000022005014
2 12946.2 020000000022005014 460497.28555 020000000002016013
2 460497.28555 020000000002016013 615286.5 015000000022020014
2 615286.5 015000000022020014 615286.5 015000000022020014
2 615286.5 015000000022020014 460497.28555 020000000002016013
2 460497.28555 020000000002016013 842373.0 010000000022024014
2 842373.0 010000000022024014 659162.0 010000000022024000
2 659162.0 010000000022024000 460497.28555 020000000002016013
2 460497.28555 020000000002016013 292521.0 033000000002020009
2 292521.0 033000000002020009 292521.0 033000000002020009
2 292521.0 033000000002020009 460497.28555 020000000002016013
2 460497.28555 020000000002016013 714232.0 036000000022016014
2 714232.0 036000000022016014 444667.0 019000000022016014
2 444667.0 019000000022016014 460497.28555 020000000002016013
2 460497.28555 020000000002016013 929.997 020000000008020014
2 929.997 020000000008020014 1855511.3946 020000000008006014
2 1855511.3946 020000000008006014 460497.28555 020000000002016013
2 460497.28555 020000000002016013 336926.315325 020000000002016014
2 336926.315325 020000000002016014 249445.43585 020000001002016014
2 249445.43585 020000001002016014 460497.28555 020000000002016013
2 460497.28555 020000000002016013 245503.0 033000000008009014
2 245503.0 033000000008009014 20811.2 033000000023009014
2 20811.2 033000000023009014 460497.28555 020000000002016013
2 460497.28555 020000000002016013 5221340.0 020000001008020012
2 5221340.0 020000001008020012 4109.95 020000001008020016
2 4109.95 020000001008020016 460497.28555 020000000002016013
2 460497.28555 020000000002016013 616304.0 010000000002008015
2 616304.0 010000000002008015 63.0814 010000000011008015
2 63.0814 010000000011008015 460497.28555 020000000002016013
2 460497.28555 020000000002016013 592970.0 020000000002008009
2 592970.0 020000000002008009 25598.5 020000000002008003
2 25598.5 020000000002008003 460497.28555 020000000002016013
2 460497.28555 020000000002016013 472382.0 015000000008016014
2 472382.0 015000000008016014 169248.0 015000000008016011
2 169248.0 015000000008016011 460497.28555 020000000002016013
2 460497.28555 020000000002016013 313710.0 033000000022016013
2 313710.0 033000000022016013 68.111 033000001022016013
2 68.111 033000001022016013 460497.28555 020000000002016013
2 460497.28555 020000000002016013 706354.0 001000000022008014
2 706354.0 001000000022008014 516688.0 001000000018008014
2 516688.0 001000000018008014 460497.28555 020000000002016013
2 460497.28555 020000000002016013 22.7508 015002000002008014
2 22.7508 015002000002008014 460497.28555 020000000002016013
2 460497.28555 020000000002016013 137.474 020000000002008014
2 137.474 020000000002008014 192004.0 015000000002020009
2 192004.0 015000000002020009 2.38873 015000000002020010
2 2.38873 015000000002020010 460497.28555 020000000002016013
2 460497.28555 020000000002016013 97.4337 033000000002016012
2 97.4337 033000000002016012 36.7583 033000000000016012
2 36.7583 033000000000016012 2.38873 015000000002020010
2 2.38873 015000000002020010 4188.93 015000001010008014
2 4188.93 015000001010008014 351.194 015000001010013014
2 351.194 015000001010013014 2.38873 015000000002020010
2 2.38873 015000000002020010 743781.0 015000000022016012
2 743781.0 015000000022016012 301548.0 015002000022016012
2 301548.0 015002000022016012 2.38873 015000000002020010
2 2.38873 015000000002020010 137.474 020000000002008014
2 137.474 020000000002008014 1864.38 016000000002008014
2 1864.38 016000000002008014 2.38873 015000000002020010
2 2.38873 015000000002020010 383086.8456666667 040000000002020014
2 383086.8456666667 040000000002020014 383086.8456666667 040000000002020014
2 383086.8456666667 040000000002020014 2.38873 015000000002020010
2 2.38873 015000000002020010 336926.315325 020000000002016014
2 336926.315325 020000000002016014 63.7885 007000000002016014
2 63.7885 007000000002016014 2.38873 015000000002020010
2 2.38873 015000000002020010 336926.315325 020000000002016014
2 336926.315325 020000000002016014 249445.43585 020000001002016014
2 249445.43585 020000001002016014 2.38873 015000000002020010
2 2.38873 015000000002020010 9.52752 020000000022008015
2 9.52752 020000000022008015 2.38873 015000000002020010
2 2.38873 015000000002020010 460497.28555 020000000002016013
2 460497.28555 020000000002016013 1170097.225 036002000002020012
2 1170097.225 036002000002020012 1170097.225 036002000002020012
2 1170097.225 036002000002020012 2.38873 015000000002020010
2 2.38873 015000000002020010 137.474 020000000002008014
2 137.474 020000000002008014 137.474 020000000002008014
2 137.474 020000000002008014 2.38873 015000000002020010
2 2.38873 015000000002020010 336926.315325 020000000002016014
2 336926.315325 020000000002016014 336926.315325 020000000002016014
2 336926.315325 020000000002016014 2.38873 015000000002020010
2 2.38873 015000000002020010 826938.0 020000000002024015
2 826938.0 020000000002024015 23.1961 015000000002024015
2 23.1961 015000000002024015 2.38873 015000000002020010
2 2.38873 015000000002020010 258824.0 015000000002016012
2 258824.0 015000000002016012 524.493 015001000002016012
2 524.493 015001000002016012 2.38873 015000000002020010
2 2.38873 015000000002020010 982.349 033000000022024014
2 982.349 033000000022024014 77.7497 033000000022002014
2 77.7497 033000000022002014 2.38873 015000000002020010
2 2.38873 015000000002020010 12767.5 033000000022016010
2 12767.5 033000000022016010 12767.5 033000000022016010
2 12767.5 033000000022016010 2.38873 015000000002020010
2 2.38873 015000000002020010 24319.8 033000000022016012
2 24319.8 033000000022016012 36.1571 033000000021016012
2 36.1571 033000000021016012 2.38873 015000000002020010
2 2.38873 015000000002020010 800954.6666666666 020000000002020014
2 800954.6666666666 020000000002020014 11995.1 020000001002020014
2 11995.1 020000001002020014 2.38873 015000000002020010
2 2.38873 015000000002020010 25077.1 015000001001008012
2 25077.1 015000001001008012 25077.1 015000001001008012
2 25077.1 015000001001008012 2.38873 015000000002020010
2 2.38873 015000000002020010 631685.6666666666 020000000008008014
2 631685.6666666666 020000000008008014 29053.4 020000002008008014
2 29053.4 020000002008008014 2.38873 015000000002020010
2 2.38873 015000000002020010 1855.6 015000000002008014
2 1855.6 015000000002008014 35.9793 015000000021008014
2 35.9793 015000000021008014 2.38873 015000000002020010
2 2.38873 015000000002020010 482840.0 010000000008009014
2 482840.0 010000000008009014 482840.0 010000000008009014
2 482840.0 010000000008009014 2.38873 015000000002020010
2 2.38873 015000000002020010 631685.6666666666 020000000008008014
2 631685.6666666666 020000000008008014 557888.0 020000000020008014
2 557888.0 020000000020008014 2.38873 015000000002020010
2 2.38873 015000000002020010 3808.09 033000000002008014
2 3808.09 033000000002008014 49.9701 033000000002008016
2 49.9701 033000000002008016 2.38873 015000000002020010
2 2.38873 015000000002020010 714698.0 010002000008008014
2 714698.0 010002000008008014 532266.0 010002000008017014
2 532266.0 010002000008017014 2.38873 015000000002020010
2 2.38873 015000000002020010 334912.0 020000000002016012
2 334912.0 020000000002016012 2911.15 020000000002002012
2 2911.15 020000000002002012 2.38873 015000000002020010
2 2.38873 015000000002020010 7498320.0 015000000002002015
2 7498320.0 015000000002002015 324019.0 015000000002017015
2 324019.0 015000000002017015 2.38873 015000000002020010
2 2.38873 015000000002020010 3808.09 033000000002008014
2 3808.09 033000000002008014 2747.99 033000000002009014
2 2747.99 033000000002009014 2.38873 015000000002020010
2 2.38873 015000000002020010 336926.315325 020000000002016014
2 336926.315325 020000000002016014 2.38873 015000000002020010
2 2.38873 015000000002020010 460497.28555 020000000002016013
2 460497.28555 020000000002016013 440637.0 015000000002024014
2 440637.0 015000000002024014 59.4276 022000000002024014
2 59.4276 022000000002024014 2.38873 015000000002020010
2 2.38873 015000000002020010 1855511.3946 020000000008006014
2 1855511.3946 020000000008006014 614048.0 020000000008013014
2 614048.0 020000000008013014 2.38873 015000000002020010
2 2.38873 015000000002020010 1901560.0 015000000002006014
2 1901560.0 015000000002006014 350054.0 015000000002006016
2 350054.0 015000000002006016 2.38873 015000000002020010
2 2.38873 015000000002020010 532450.0 020000000002024014
2 532450.0 020000000002024014 7216.07 020000000002024008
2 7216.07 020000000002024008 2.38873 015000000002020010
2 2.38873 015000000002020010 336926.315325 020000000002016014
2 336926.315325 020000000002016014 85.8172 020000000002023014
2 85.8172 020000000002023014 2.38873 015000000002020010
2 2.38873 015000000002020010 12080400.0 033000001002008014
2 12080400.0 033000001002008014 8.18028 033000001002021014
2 8.18028 033000001002021014 2.38873 015000000002020010
2 2.38873 015000000002020010 460497.28555 020000000002016013
2 460497.28555 020000000002016013 21075.5 020003000002016013
2 21075.5 020003000002016013 2.38873 015000000002020010
2 2.38873 015000000002020010 336926.315325 020000000002016014
2 336926.315325 020000000002016014 447288.0 020000000009016014
2 447288.0 020000000009016014 2.38873 015000000002020010
2 2.38873 015000000002020010 2.97148 020000000022020010
2 2.97148 020000000022020010 405271.9341 030000000022020010
2 405271.9341 030000000022020010 2.38873 015000000002020010
2 2.38873 015000000002020010 300493.25 015000000022008014
2 300493.25 015000000022008014 21.8774 015002000022008014
2 21.8774 015002000022008014 2.38873 015000000002020010
2 2.38873 015000000002020010 2411330.0 033000000022020015
2 2411330.0 033000000022020015 1004150.0 032000000022020015
2 1004150.0 032000000022020015 2.38873 015000000002020010
2 2.38873 015000000002020010 758065.0 030000000022008015
2 758065.0 030000000022008015 741518.0 030000000017008015
2 741518.0 030000000017008015 2.38873 015000000002020010
2 2.38873 015000000002020010 420065.0 020000000002008012
2 420065.0 020000000002008012 420065.0 020000000002008012
2 420065.0 020000000002008012 2.38873 015000000002020010
2 2.38873 015000000002020010 252608.0 040000000002021014
2 252608.0 040000000002021014 3880.53 040000000015021014
2 3880.53 040000000015021014 2.38873 015000000002020010
2 2.38873 015000000002020010 416455.0 020000000022020012
2 416455.0 020000000022020012 120.883 001000000022020012
2 120.883 001000000022020012 2.38873 015000000002020010
2 2.38873 015000000002020010 192.0157 015000000002016015
2 192.0157 015000000002016015 192.0157 015000000002016015
2 192.0157 015000000002016015 2.38873 015000000002020010
2 2.38873 015000000002020010 249445.43585 020000001002016014
2 249445.43585 020000001002016014 57183.4 020000002002016014
2 57183.4 020000002002016014 2.38873 015000000002020010
2 2.38873 015000000002020010 137.474 020000000002008014
2 137.474 020000000002008014 137.474 020000000002008014
2 137.474 020000000002008014 2.38873 015000000002020010
2 2.38873 015000000002020010 63698.735 020000000002020012
2 63698.735 020000000002020012 502744.0 020000000010020012
2 502744.0 020000000010020012 2.38873 015000000002020010
2 2.38873 015000000002020010 762511.9879 020000000022020014
2 762511.9879 020000000022020014 330321.0 020000000022022014
2 330321.0 020000000022022014 2.38873 015000000002020010
2 2.38873 015000000002020010 3808.09 033000000002008014
2 3808.09 033000000002008014 6046.55 033000000020008014
2 6046.55 033000000020008014 2.38873 015000000002020010
2 2.38873 015000000002020010 385624.0 020000000022016014
2 385624.0 020000000022016014 1442.15 020006000022016014
2 1442.15 020006000022016014 2.38873 015000000002020010
2 2.38873 015000000002020010 10426.3 010000001022016013
2 10426.3 010000001022016013 42.35 010000001018016013
2 42.35 010000001018016013 2.38873 015000000002020010
2 2.38873 015000000002020010 5824.95 020000000022016013
2 5824.95 020000000022016013 50.7719 038000000022016013
2 50.7719 038000000022016013 2.38873 015000000002020010
2 2.38873 015000000002020010 6159.8 015000000002008012
2 6159.8 015000000002008012 6.31813 015000000016008012
2 6.31813 015000000016008012 2.38873 015000000002020010
2 2.38873 015000000002020010 1855.6 015000000002008014
2 1855.6 015000000002008014 2.38873 015000000002020010
2 2.38873 015000000002020010 460497.28555 020000000002016013
2 460497.28555 020000000002016013 23.1961 015000000002024015
2 23.1961 015000000002024015 22.1959 015000000000024015
2 22.1959 015000000000024015 2.38873 015000000002020010
2 2.38873 015000000002020010 245547.0 010002000016024012
2 245547.0 010002000016024012 2.38873 015000000002020010
2 2.38873 015000000002020010 460497.28555 020000000002016013
2 460497.28555 020000000002016013 407925.0 015000000022016014
2 407925.0 015000000022016014 62.018 015000000022007014
2 62.018 015000000022007014 2.38873 015000000002020010
2 2.38873 015000000002020010 1609844.5 015000000002020015
2 1609844.5 015000000002020015 1609844.5 015000000002020015
2 1609844.5 015000000002020015 2.38873 015000000002020010
2 2.38873 015000000002020010 1834.8781 033000000022016014
2 1834.8781 033000000022016014 2184.04 033006000022016014
2 2184.04 033006000022016014 2.38873 015000000002020010
2 2.38873 015000000002020010 4594.77 020006000022008014
2 4594.77 020006000022008014 4512.23 020006000022007014
2 4512.23 020006000022007014 2.38873 015000000002020010
2 2.38873 015000000002020010 8.63003 030000000022020014
2 8.63003 030000000022020014 2.38873 015000000002020010
2 2.38873 015000000002020010 460497.28555 020000000002016013
2 460497.28555 020000000002016013 512185.0 015000000001016014
2 512185.0 015000000001016014 4483.39 015000002001016014
2 4483.39 015000002001016014 2.38873 015000000002020010
2 2.38873 015000000002020010 3959350.0 010002000002021012
2 3959350.0 010002000002021012 518467.0 010002000002021005
2 518467.0 010002000002021005 2.38873 015000000002020010
2 2.38873 015000000002020010 151.613 015000000002016014
2 151.613 015000000002016014 2.38873 015000000002020010
2 2.38873 015000000002020010 460497.28555 020000000002016013
2 460497.28555 020000000002016013 25270.6 030000001022016014
2 25270.6 030000001022016014 4182.91 030000001022016002
2 4182.91 030000001022016002 2.38873 015000000002020010
2 2.38873 015000000002020010 7665.49 033000000022016015
2 7665.49 033000000022016015 58.1263 033000000022016016
2 58.1263 033000000022016016 2.38873 015000000002020010
2 2.38873 015000000002020010 709763.0 015000001002016014
2 709763.0 015000001002016014 4454.64 015000001002016011
2 4454.64 015000001002016011 2.38873 015000000002020010
2 2.38873 015000000002020010 27464400.0 040000001000016014
2 27464400.0 040000001000016014 5487.58 040000001005016014
2 5487.58 040000001005016014 2.38873 015000000002020010
2 2.38873 015000000002020010 1020650.0 033000000001016015
2 1020650.0 033000000001016015 6220.69 033000000001016001
2 6220.69 033000000001016001 2.38873 015000000002020010
2 2.38873 015000000002020010 553123.0 033000001001016015
2 553123.0 033000001001016015 27510.9 033000001001016008
2 27510.9 033000001001016008 2.38873 015000000002020010
2 2.38873 015000000002020010 2261580.0 015000001022020014
2 2261580.0 015000001022020014 1843970.0 009000001022020014
2 1843970.0 009000001022020014 2.38873 015000000002020010
2 2.38873 015000000002020010 28094.0 020002001002024013
2 28094.0 020002001002024013 27528.0 020002001002016013
2 27528.0 020002001002016013 2.38873 015000000002020010
2 2.38873 015000000002020010 66.7435 015002000002016012
2 66.7435 015002000002016012 45.9342 039002000002016012
2 45.9342 039002000002016012 2.38873 015000000002020010
2 2.38873 015000000002020010 440637.0 015000000002024014
2 440637.0 015000000002024014 30284.2 015000002002024014
2 30284.2 015000002002024014 2.38873 015000000002020010
2 2.38873 015000000002020010 789227.5 033000000022021014
2 789227.5 033000000022021014 789227.5 033000000022021014
2 789227.5 033000000022021014 2.38873 015000000002020010
2 2.38873 015000000002020010 300493.25 015000000022008014
2 300493.25 015000000022008014 496637.0 002000000022008014
2 496637.0 002000000022008014 2.38873 015000000002020010
2 2.38873 015000000002020010 423386.0 010000001001021014
2 423386.0 010000001001021014 3087.31 010002001001021014
2 3087.31 010002001001021014 2.38873 015000000002020010
2 2.38873 015000000002020010 450802.0 010000000002021012
2 450802.0 010000000002021012 7914.92 010000000020021012
2 7914.92 010000000020021012 2.38873 015000000002020010
2 2.38873 015000000002020010 676105.0 033000000002020015
2 676105.0 033000000002020015 453152.0 033000000002020007
2 453152.0 033000000002020007 2.38873 015000000002020010
2 2.38873 015000000002020010 620698.0 030000000000024014
2 620698.0 030000000000024014 73.9426 038000000000024014
2 73.9426 038000000000024014 2.38873 015000000002020010
2 2.38873 015000000002020010 405271.9341 030000000022020010
2 405271.9341 030000000022020010 14923.7 030000000022020011
2 14923.7 030000000022020011 2.38873 015000000002020010
2 2.38873 015000000002020010 1834.8781 033000000022016014
2 1834.8781 033000000022016014 513458.0 033000000010016014
2 513458.0 033000000010016014 2.38873 015000000002020010
2 2.38873 015000000002020010 132.715 033000000002016015
2 132.715 033000000002016015 46.3102 011000000002016015
2 46.3102 011000000002016015 2.38873 015000000002020010
2 2.38873 015000000002020010 331165.72 033000000022008015
2 331165.72 033000000022008015 331165.72 033000000022008015
2 331165.72 033000000022008015 2.38873 015000000002020010
2 2.38873 015000000002020010 1707.57 015000000022016015
2 1707.57 015000000022016015 237467.0 015000000000016015
2 237467.0 015000000000016015 2.38873 015000000002020010
2 2.38873 015000000002020010 381611.0 010000000001016015
2 381611.0 010000000001016015 68.1358 010000000001015015
2 68.1358 010000000001015015 2.38873 015000000002020010
2 2.38873 015000000002020010 732105.0 010000001002024014
2 732105.0 010000001002024014 11849.5 010001001002024014
2 11849.5 010001001002024014 2.38873 015000000002020010
2 2.38873 015000000002020010 1707.57 015000000022016015
2 1707.57 015000000022016015 60.2284 015000000006016015
2 60.2284 015000000006016015 2.38873 015000000002020010
2 2.38873 015000000002020010 992884785.0 020000001006008010
2 992884785.0 020000001006008010 992884785.0 020000001006008010
2 992884785.0 020000001006008010 2.38873 015000000002020010
2 2.38873 015000000002020010 223200.0 015000000022020012
2 223200.0 015000000022020012 142107.0 015000000022020001
2 142107.0 015000000022020001 2.38873 015000000002020010
2 2.38873 015000000002020010 151.613 015000000002016014
2 151.613 015000000002016014 21418.5 015006000002016014
2 21418.5 015006000002016014 2.38873 015000000002020010
2 2.38873 015000000002020010 898651.0 015000000000016014
2 898651.0 015000000000016014 102.31 015000000000002014
2 102.31 015000000000002014 2.38873 015000000002020010
2 2.38873 015000000002020010 1048090.0 020000000000016010
2 1048090.0 020000000000016010 619531.0 020000000000020010
2 619531.0 020000000000020010 2.38873 015000000002020010
2 2.38873 015000000002020010 1059002.5 020000000001008015
2 1059002.5 020000000001008015 1059002.5 020000000001008015
2 1059002.5 020000000001008015 2.38873 015000000002020010
2 2.38873 015000000002020010 11.9775 033000000002008012
2 11.9775 033000000002008012 2.38873 015000000002020010
2 2.38873 015000000002020010 460497.28555 020000000002016013
2 460497.28555 020000000002016013 238399.33395 010000000022020014
2 238399.33395 010000000022020014 2779.43 010006000022020014
2 2779.43 010006000022020014 2.38873 015000000002020010
2 2.38873 015000000002020010 319630.0 020000000022024010
2 319630.0 020000000022024010 2.97148 020000000022020010
2 2.97148 020000000022020010 2.38873 015000000002020010
2 2.38873 015000000002020010 110.624 033000000002020010
2 110.624 033000000002020010 39.8664 033000000002020003
2 39.8664 033000000002020003 2.38873 015000000002020010
2 2.38873 015000000002020010 762511.9879 020000000022020014
2 762511.9879 020000000022020014 31.9903 020000000022010014
2 31.9903 020000000022010014 2.38873 015000000002020010
3 2.38873 015000000002020010 989511000.0 040001000004008010
3 989511000.0 040001000004008010 761645.0 040000000004008010
3 761645.0 040000000004008010 266.091 006005000007003018
3 266.091 006005000007003018 3184040.0 008001001016010000
3 3184040.0 008001001016010000 42265.9 008000001016010000
3 42265.9 008000001016010000 266.091 006005000007003018
3 266.091 006005000007003018 6775950.0 015006000009020012
3 6775950.0 015006000009020012 266.091 006005000007003018
3 266.091 006005000007003018 8796.37 024005000020018011
3 8796.37 024005000020018011 16004300000.0 004006000016018000
3 16004300000.0 004006000016018000 32523900.0 004006000016018015
3 32523900.0 004006000016018015 266.091 006005000007003018
3 266.091 006005000007003018 221554.0 004002001015018010
3 221554.0 004002001015018010 48340.9 016002001015018010
3 48340.9 016002001015018010 266.091 006005000007003018
3 266.091 006005000007003018 72560300.0 028002001010010010
3 72560300.0 028002001010010010 9175650.0 028004001010010010
3 9175650.0 028004001010010010 266.091 006005000007003018
3 266.091 006005000007003018 44715.3 028004002015016000
3 44715.3 028004002015016000 35617.0 028001002015016000
3 35617.0 028001002015016000 266.091 006005000007003018
3 266.091 006005000007003018 8994.93 008000000016020006
3 8994.93 008000000016020006 7122.45 008003000016020006
3 7122.45 008003000016020006 266.091 006005000007003018
3 266.091 006005000007003018 6997.2 008004002016018010
3 6997.2 008004002016018010 2256.5 008004002014018010
3 2256.5 008004002014018010 266.091 006005000007003018
3 266.091 006005000007003018 1676350.0 008000001007009005
3 1676350.0 008000001007009005 1043910.0 008000002007009005
3 1043910.0 008000002007009005 266.091 006005000007003018
3 266.091 006005000007003018 59313.8 008002002016013000
3 59313.8 008002002016013000 29399.0 008002002016019000
3 29399.0 008002002016019000 266.091 006005000007003018
3 266.091 006005000007003018 561246.0 004004002014018000
3 561246.0 004004002014018000 39455.4 004004002017018000
3 39455.4 004004002017018000 266.091 006005000007003018
3 266.091 006005000007003018 33995.6 008005002015013000
3 33995.6 008005002015013000 21353.8 008003002015013000
3 21353.8 008003002015013000 266.091 006005000007003018
3 266.091 006005000007003018 2352820.0 006005001008019006
3 2352820.0 006005001008019006 857232.0 002005001008019006
3 857232.0 002005001008019006 266.091 006005000007003018
3 266.091 006005000007003018 4501.57 008004001016013000
3 4501.57 008004001016013000 2217.68 007004001016013000
3 2217.68 007004001016013000 266.091 006005000007003018
3 266.091 006005000007003018 3046790.0 007004002016013000
3 3046790.0 007004002016013000 24079.7 013004002016013000
3 24079.7 013004002016013000 266.091 006005000007003018
3 266.091 006005000007003018 5987.13 007004000020020000
3 5987.13 007004000020020000 77.1023 007004000005020000
3 77.1023 007004000005020000 266.091 006005000007003018
3 266.091 006005000007003018 27937.1 008004001020018000
3 27937.1 008004001020018000 77.1023 007004000005020000
3 77.1023 007004000005020000 266.091 006005000007003018
3 266.091 006005000007003018 1226250000.0 007005000007020000
3 1226250000.0 007005000007020000 3702030.0 007005000007020002
3 3702030.0 007005000007020002 77.1023 007004000005020000
3 77.1023 007004000005020000 683922.0 006004002016019000
3 683922.0 006004002016019000 18929.8 006004002016003000
3 18929.8 006004002016003000 77.1023 007004000005020000
3 77.1023 007004000005020000 479984000.0 008004000014013000
3 479984000.0 008004000014013000 18663100.0 008004000007013000
3 18663100.0 008004000007013000 77.1023 007004000005020000
3 77.1023 007004000005020000 2064780.0 008002001016020010
3 2064780.0 008002001016020010 2715.76 026002001016020010
3 2715.76 026002001016020010 77.1023 007004000005020000
3 77.1023 007004000005020000 35561.3 008004002016013000
3 35561.3 008004002016013000 27607.2 030004002016013000
3 27607.2 030004002016013000 77.1023 007004000005020000
3 77.1023 007004000005020000 6554440.0 026003002016020018
3 6554440.0 026003002016020018 13124.9 035003002016020018
3 13124.9 035003002016020018 77.1023 007004000005020000
3 77.1023 007004000005020000 1796125.0 006002001016020010
3 1796125.0 006002001016020010 1796125.0 006002001016020010
3 1796125.0 006002001016020010 77.1023 007004000005020000
3 77.1023 007004000005020000 18580.912 007004002016020000
3 18580.912 007004002016020000 72414.11005 007004002023020000
3 72414.11005 007004002023020000 77.1023 007004000005020000
3 77.1023 007004000005020000 197601.0 008001000016020000
3 197601.0 008001000016020000 52417.1 008006000016020000
3 52417.1 008006000016020000 77.1023 007004000005020000
3 77.1023 007004000005020000 1607133.6666666667 007004001016020000
3 1607133.6666666667 007004001016020000 467.14 007004001016016000
3 467.14 007004001016016000 77.1023 007004000005020000
3 77.1023 007004000005020000 888601.0 007000002016020000
3 888601.0 007000002016020000 787312.0 007000000016020000
3 787312.0 007000000016020000 77.1023 007004000005020000
3 77.1023 007004000005020000 181997.0 007004000014020000
3 181997.0 007004000014020000 7096.98 007004000014020001
3 7096.98 007004000014020001 77.1023 007004000005020000
3 77.1023 007004000005020000 20455.4 007003002014020000
3 20455.4 007003002014020000 13643.6 026003002014020000
3 13643.6 026003002014020000 77.1023 007004000005020000
3 77.1023 007004000005020000 182.506 008002002019018000
3 182.506 008002002019018000 182.506 008002002019018000
3 182.506 008002002019018000 77.1023 007004000005020000
3 77.1023 007004000005020000 4197230.0 007002002019020000
3 4197230.0 007002002019020000 30905.5 002002002019020000
3 30905.5 002002002019020000 77.1023 007004000005020000
3 77.1023 007004000005020000 425028.5 008004000020020000
3 425028.5 008004000020020000 93.0804 008004000020020011
3 93.0804 008004000020020011 77.1023 007004000005020000
3 77.1023 007004000005020000 673333.0 008004002019020010
3 673333.0 008004002019020010 620586.965 008004000019020010
3 620586.965 008004000019020010 77.1023 007004000005020000
3 77.1023 007004000005020000 18580.912 007004002016020000
3 18580.912 007004002016020000 1607133.6666666667 007004001016020000
3 1607133.6666666667 007004001016020000 77.1023 007004000005020000
3 77.1023 007004000005020000 2106470.0 006004002014003010
3 2106470.0 006004002014003010 889168.0 006004002014003016
3 889168.0 006004002014003016 77.1023 007004000005020000
3 77.1023 007004000005020000 1061200.0 007004000020020010
3 1061200.0 007004000020020010 341660.0 007000000020020010
3 341660.0 007000000020020010 77.1023 007004000005020000
3 77.1023 007004000005020000 1438120.0 008002000023020000
3 1438120.0 008002000023020000 1438120.0 008002000023020000
3 1438120.0 008002000023020000 77.1023 007004000005020000
3 77.1023 007004000005020000 1888600.0 008002000016018006
3 1888600.0 008002000016018006 1525910.0 004002000016018006
3 1525910.0 004002000016018006 77.1023 007004000005020000
3 77.1023 007004000005020000 11970.635 004004002016013000
3 11970.635 004004002016013000 11970.635 004004002016013000
3 11970.635 004004002016013000 77.1023 007004000005020000
3 77.1023 007004000005020000 310180.0 007004000020018000
3 310180.0 007004000020018000 286668.0 001004000020018000
3 286668.0 001004000020018000 77.1023 007004000005020000
3 77.1023 007004000005020000 2968390.0 008004000016020011
3 2968390.0 008004000016020011 2912970.0 008004000016002011
3 2912970.0 008004000016002011 77.1023 007004000005020000
3 77.1023 007004000005020000 9955.39 008004000020018010
3 9955.39 008004000020018010 9955.39 008004000020018010
3 9955.39 008004000020018010 77.1023 007004000005020000
3 77.1023 007004000005020000 425028.5 008004000020020000
3 425028.5 008004000020020000 11414.9 008004000012020000
3 11414.9 008004000012020000 77.1023 007004000005020000
3 77.1023 007004000005020000 11586.37505 008004001019018006
3 11586.37505 008004001019018006 11586.37505 008004001019018006
3 11586.37505 008004001019018006 77.1023 007004000005020000
3 77.1023 007004000005020000 33822.65 008004002005003000
3 33822.65 008004002005003000 33822.65 008004002005003000
3 33822.65 008004002005003000 11586.37505 008004001019018006
3 11586.37505 008004001019018006 2635640.0 008005001016013006
3 2635640.0 008005001016013006 2057980.0 008005001016013014
3 2057980.0 008005001016013014 11586.37505 008004001019018006
3 11586.37505 008004001019018006 1347710.0 004004000016020006
3 1347710.0 004004000016020006 12646.8 004005000016020006
3 12646.8 004005000016020006 11586.37505 008004001019018006
3 11586.37505 008004001019018006 15095.8 008004002016020010
3 15095.8 008004002016020010 12275.4 008004002016020014
3 12275.4 008004002016020014 11586.37505 008004001019018006
3 11586.37505 008004001019018006 2491520.0 008002001023018000
3 2491520.0 008002001023018000 149286.0 008002001023018002
3 149286.0 008002001023018002 11586.37505 008004001019018006
3 11586.37505 008004001019018006 676219.0 007004002014020000
3 676219.0 007004002014020000 154341.0 007004002007020000
3 154341.0 007004002007020000 11586.37505 008004001019018006
3 11586.37505 008004001019018006 500340.73 008004001016018006
3 500340.73 008004001016018006 500340.73 008004001016018006
3 500340.73 008004001016018006 11586.37505 008004001019018006
3 11586.37505 008004001019018006 3395000.0 007002001016020018
3 3395000.0 007002001016020018 1009690.0 007002001016023018
3 1009690.0 007002001016023018 11586.37505 008004001019018006
3 11586.37505 008004001019018006 488229.0 006004001023020000
3 488229.0 006004001023020000 22210.6 035004001023020000
3 22210.6 035004001023020000 11586.37505 008004001019018006
3 11586.37505 008004001019018006 458762.0 007004000016020000
3 458762.0 007004000016020000 15026.6 007004000016009000
3 15026.6 007004000016009000 11586.37505 008004001019018006
3 11586.37505 008004001019018006 2064780.0 008002001016020010
3 2064780.0 008002001016020010 4644.44 011002001016020010
3 4644.44 011002001016020010 11586.37505 008004001019018006
3 11586.37505 008004001019018006 173620.0 011004002023020010
3 173620.0 011004002023020010 2035.37 011004001023020010
3 2035.37 011004001023020010 11586.37505 008004001019018006
3 11586.37505 008004001019018006 143386.0 008004002007020000
3 143386.0 008004002007020000 29208.0 025004002007020000
3 29208.0 025004002007020000 11586.37505 008004001019018006
3 11586.37505 008004001019018006 320942.0 008004002019016000
3 320942.0 008004002019016000 8059.23 008004002019016004
3 8059.23 008004002019016004 11586.37505 008004001019018006
3 11586.37505 008004001019018006 620586.965 008004000019020010
3 620586.965 008004000019020010 946465.0 008004000019001010
3 946465.0 008004000019001010 11586.37505 008004001019018006
3 11586.37505 008004001019018006 2030220.0 007005001016020000
3 2030220.0 007005001016020000 41688.9 026005001016020000
3 41688.9 026005001016020000 11586.37505 008004001019018006
3 11586.37505 008004001019018006 3263010.0 007004002016013011
3 3263010.0 007004002016013011 214915.0 007004001016013011
3 214915.0 007004001016013011 11586.37505 008004001019018006
3 11586.37505 008004001019018006 175158.0 007002000020020000
3 175158.0 007002000020020000 12620.1 010002000020020000
3 12620.1 010002000020020000 11586.37505 008004001019018006
3 11586.37505 008004001019018006 52051.0 007004001014016000
3 52051.0 007004001014016000 16193.0 007004001014013000
3 16193.0 007004001014013000 11586.37505 008004001019018006
3 11586.37505 008004001019018006 5131810.0 011004001016020000
3 5131810.0 011004001016020000 29259.2 011004000016020000
3 29259.2 011004000016020000 11586.37505 008004001019018006
3 11586.37505 008004001019018006 4290.37 008004000005018006
3 4290.37 008004000005018006 11586.37505 008004001019018006
3 11586.37505 008004001019018006 77.1023 007004000005020000
3 77.1023 007004000005020000 6840.41 004004000023020006
3 6840.41 004004000023020006 86.4136 004004001023020006
3 86.4136 004004001023020006 11586.37505 008004001019018006
3 11586.37505 008004001019018006 16193.0 007004001014013000
3 16193.0 007004001014013000 11586.37505 008004001019018006
3 11586.37505 008004001019018006 77.1023 007004000005020000
3 77.1023 007004000005020000 148733.0 008004001023020000
3 148733.0 008004001023020000 89.0978 008004001023008000
3 89.0978 008004001023008000 11586.37505 008004001019018006
3 11586.37505 008004001019018006 148733.0 008004001023020000
3 148733.0 008004001023020000 2580818.4244 008004001017020000
3 2580818.4244 008004001017020000 11586.37505 008004001019018006
3 11586.37505 008004001019018006 26453.7 004005001020018000
3 26453.7 004005001020018000 11664.8 038005001020018000
3 11664.8 038005001020018000 2580818.4244 008004001017020000
3 2580818.4244 008004001017020000 429.907 004004001014020011
3 429.907 004004001014020011 52.4548 023004001014020011
3 52.4548 023004001014020011 2580818.4244 008004001017020000
3 2580818.4244 008004001017020000 2118710.0 008004001014020000
3 2118710.0 008004001014020000 148733.0 008004001023020000
3 148733.0 008004001023020000 2580818.4244 008004001017020000
3 2580818.4244 008004001017020000 2574410.0 007004001014018010
3 2574410.0 007004001014018010 26375.6 017004001014018010
3 26375.6 017004001014018010 2580818.4244 008004001017020000
3 2580818.4244 008004001017020000 5318580.0 008004002016003010
3 5318580.0 008004002016003010 601305.0 008000002016003010
3 601305.0 008000002016003010 2580818.4244 008004001017020000
3 2580818.4244 008004001017020000 488304.0 006004002016003011
3 488304.0 006004002016003011 14846.9 036004002016003011
3 14846.9 036004002016003011 2580818.4244 008004001017020000
3 2580818.4244 008004001017020000 885549.2713 007004001023020010
3 885549.2713 007004001023020010 2580818.4244 008004001017020000
3 2580818.4244 008004001017020000 52.4548 023004001014020011
3 52.4548 023004001014020011 20621.1 008004001023018000
3 20621.1 008004001023018000 16217.2 008004001023018004
3 16217.2 008004001023018004 2580818.4244 008004001017020000
3 2580818.4244 008004001017020000 19091.2 011004001016020006
3 19091.2 011004001016020006 13977.8 033004001016020006
3 13977.8 033004001016020006 2580818.4244 008004001017020000
3 2580818.4244 008004001017020000 148870.14366666667 007004001014020000
3 148870.14366666667 007004001014020000 13893.1 002004001014020000
3 13893.1 002004001014020000 2580818.4244 008004001017020000
3 2580818.4244 008004001017020000 11838.5 008004000023018010
3 11838.5 008004000023018010 4076.8 008004000023015010
3 4076.8 008004000023015010 2580818.4244 008004001017020000
3 2580818.4244 008004001017020000 1678790.0 004004000014018010
3 1678790.0 004004000014018010 7919.47 004004000014011010
3 7919.47 004004000014011010 2580818.4244 008004001017020000
3 2580818.4244 008004001017020000 882.195 004004001023020018
3 882.195 004004001023020018 100.215 003004001023020018
3 100.215 003004001023020018 2580818.4244 008004001017020000
3 2580818.4244 008004001017020000 166185.0 006005001023018000
3 166185.0 006005001023018000 1178.05 006005001023018016
3 1178.05 006005001023018016 2580818.4244 008004001017020000
3 2580818.4244 008004001017020000 203616.0 008005002023020000
3 203616.0 008005002023020000 14197.1 008006002023020000
3 14197.1 008006002023020000 2580818.4244 008004001017020000
3 2580818.4244 008004001017020000 1084.13 004004001023018011
3 1084.13 004004001023018011 1084.13 004004001023018011
3 1084.13 004004001023018011 2580818.4244 008004001017020000
3 2580818.4244 008004001017020000 1032400.0 006004001023018010
3 1032400.0 006004001023018010 82.357 035004001023018010
3 82.357 035004001023018010 2580818.4244 008004001017020000
3 2580818.4244 008004001017020000 68910.265 007004001019020006
3 68910.265 007004001019020006 85.1635 007004002019020006
3 85.1635 007004002019020006 2580818.4244 008004001017020000
3 2580818.4244 008004001017020000 3665.55 004004001019020018
3 3665.55 004004001019020018 14.2867 004004001019022018
3 14.2867 004004001019022018 2580818.4244 008004001017020000
3 2580818.4244 008004001017020000 8087.95 008004000014020011
3 8087.95 008004000014020011 480.482 031004000014020011
3 480.482 031004000014020011 14.2867 004004001019022018
3 14.2867 004004001019022018 29736.7 008004001014020011
3 29736.7 008004001014020011 85.8952 008004001014019011
3 85.8952 008004001014019011 14.2867 004004001019022018
3 14.2867 004004001019022018 2806450.0 007005001007018010
3 2806450.0 007005001007018010 2096760.0 007005001019018010
3 2096760.0 007005001019018010 14.2867 004004001019022018
3 14.2867 004004001019022018 1486150.0 023004001017020018
3 1486150.0 023004001017020018 1105640.0 023004001017020010
3 1105640.0 023004001017020010 14.2867 004004001019022018
3 14.2867 004004001019022018 91818200.0 023004001019020006
3 91818200.0 023004001019020006 830863.0 005004001019020006
3 830863.0 005004001019020006 14.2867 004004001019022018
3 14.2867 004004001019022018 1090740.0 004004002023018011
3 1090740.0 004004002023018011 25191.6 004003002023018011
3 25191.6 004003002023018011 14.2867 004004001019022018
3 14.2867 004004001019022018 4336.8533333333335 008004001023020011
3 4336.8533333333335 008004001023020011 54.1174 008004001023015011
3 54.1174 008004001023015011 14.2867 004004001019022018
3 14.2867 004004001019022018 268.229 007004000023018018
3 268.229 007004000023018018 121.343 007004000023018017
3 121.343 007004000023018017 14.2867 004004001019022018
3 14.2867 004004001019022018 7565.68 008004000023020010
3 7565.68 008004000023020010 4830.75 008004000001020010
3 4830.75 008004000001020010 14.2867 004004001019022018
3 14.2867 004004001019022018 148733.0 008004001023020000
3 148733.0 008004001023020000 37.9046 008004000023020000
3 37.9046 008004000023020000 14.2867 004004001019022018
3 14.2867 004004001019022018 555310.0 007004000016015000
3 555310.0 007004000016015000 43.3606 007004000016015008
3 43.3606 007004000016015008 14.2867 004004001019022018
3 14.2867 004004001019022018 55270.5 007004001016018006
3 55270.5 007004001016018006 3371.79 007001001016018006
3 3371.79 007001001016018006 14.2867 004004001019022018
3 14.2867 004004001019022018 2014680.0 008004002023020018
3 2014680.0 008004002023020018 12288.9 008004002023020016
3 12288.9 008004002023020016 14.2867 004004001019022018
3 14.2867 004004001019022018 13407.8 003004000023020011
3 13407.8 003004000023020011 5298.45 030004000023020011
3 5298.45 030004000023020011 14.2867 004004001019022018
3 14.2867 004004001019022018 19496.6 008004000023018000
3 19496.6 008004000023018000 13576.7 031004000023018000
3 13576.7 031004000023018000 14.2867 004004001019022018
3 14.2867 004004001019022018 5.16582 003004001016020000
3 5.16582 003004001016020000 14.2867 004004001019022018
3 14.2867 004004001019022018 2580818.4244 008004001017020000
3 2580818.4244 008004001017020000 374954.0 007004001017018008
3 374954.0 007004001017018008 374954.0 007004001017018008
3 374954.0 007004001017018008 5.16582 003004001016020000
3 5.16582 003004001016020000 6844.41 008004001023022010
3 6844.41 008004001023022010 44.6371 008004001004022010
3 44.6371 008004001004022010 5.16582 003004001016020000
3 5.16582 003004001016020000 500340.73 008004001016018006
3 500340.73 008004001016018006 13987.9 008004001016015006
3 13987.9 008004001016015006 5.16582 003004001016020000
3 5.16582 003004001016020000 30862.7 007004001016020010
3 30862.7 007004001016020010 3293.06 007004001016020008
3 3293.06 007004001016020008 5.16582 003004001016020000
3 5.16582 003004001016020000 438022.0 008004001014022006
3 438022.0 008004001014022006 5.16582 003004001016020000
3 5.16582 003004001016020000 14.2867 004004001019022018
3 14.2867 004004001019022018 2243270.0 008004002019015006
3 2243270.0 008004002019015006 19526.3 006004002019015006
3 19526.3 006004002019015006 5.16582 003004001016020000
3 5.16582 003004001016020000 31918.9 008004002016020000
3 31918.9 008004002016020000 4058.6 008004002003020000
3 4058.6 008004002003020000 5.16582 003004001016020000
3 5.16582 003004001016020000 4336.8533333333335 008004001023020011
3 4336.8533333333335 008004001023020011 5.16582 003004001016020000
3 5.16582 003004001016020000 14.2867 004004001019022018
3 14.2867 004004001019022018 148733.0 008004001023020000
3 148733.0 008004001023020000 19792.3 008004001023004000
3 19792.3 008004001023004000 5.16582 003004001016020000
3 5.16582 003004001016020000 2260610.0 007004001023004011
3 2260610.0 007004001023004011 902268.0 007004001015004011
3 902268.0 007004001015004011 5.16582 003004001016020000
3 5.16582 003004001016020000 1500500.0 007004001014022006
3 1500500.0 007004001014022006 883168.0 007004001019022006
3 883168.0 007004001019022006 5.16582 003004001016020000
3 5.16582 003004001016020000 3026840.0 007004001014020008
3 3026840.0 007004001014020008 1628440.0 007004001014015008
3 1628440.0 007004001014015008 5.16582 003004001016020000
3 5.16582 003004001016020000 10133.7 008004001019008011
3 10133.7 008004001019008011 59.8236 008004001019008010
3 59.8236 008004001019008010 5.16582 003004001016020000
3 5.16582 003004001016020000 1607133.6666666667 007004001016020000
3 1607133.6666666667 007004001016020000 993795.5 007004001016020002
3 993795.5 007004001016020002 5.16582 003004001016020000
3 5.16582 003004001016020000 621528.0 007004000016020011
3 621528.0 007004000016020011 197278.0 007000000016020011
3 197278.0 007000000016020011 5.16582 003004001016020000
3 5.16582 003004001016020000 23411.7 007004002019020000
3 23411.7 007004002019020000 1892.88 007003002019020000
3 1892.88 007003002019020000 5.16582 003004001016020000
3 5.16582 003004001016020000 834643.0 008004001019020011
3 834643.0 008004001019020011 7323.04 037004001019020011
3 7323.04 037004001019020011 5.16582 003004001016020000
3 5.16582 003004001016020000 14586.5 035004001019020006
3 14586.5 035004001019020006 14586.5 035004001019020006
3 14586.5 035004001019020006 5.16582 003004001016020000
3 5.16582 003004001016020000 241136.97933333332 007004001023020000
3 241136.97933333332 007004001023020000 5159.38 007004001007020000
3 5159.38 007004001007020000 5.16582 003004001016020000
3 5.16582 003004001016020000 425861.0 003004001023020000
3 425861.0 003004001023020000 41171.7 003004001023014000
3 41171.7 003004001023014000 5.16582 003004001016020000
3 5.16582 003004001016020000 774227.0 008004002023020010
3 774227.0 008004002023020010 84.7184 008004002023024010
3 84.7184 008004002023024010 5.16582 003004001016020000
3 5.16582 003004001016020000 2226470.0 007004001019008006
3 2226470.0 007004001019008006 68910.265 007004001019020006
3 68910.265 007004001019020006 5.16582 003004001016020000
3 5.16582 003004001016020000 6122550000.0 035004001017020006
3 6122550000.0 035004001017020006 14586.5 035004001019020006
3 14586.5 035004001019020006 5.16582 003004001016020000
3 5.16582 003004001016020000 411971.91 008004001023020006
3 411971.91 008004001023020006 411971.91 008004001023020006
3 411971.91 008004001023020006 5.16582 003004001016020000
3 5.16582 003004001016020000 41.0078 008004001016020018
3 41.0078 008004001016020018 5.16582 003004001016020000
3 5.16582 003004001016020000 14.2867 004004001019022018
3 14.2867 004004001019022018 593256.0 003004001019020011
3 593256.0 003004001019020011 13623.2 003004001001020011
3 13623.2 003004001001020011 5.16582 003004001016020000
3 5.16582 003004001016020000 22341000.0 023004001019020000
3 22341000.0 023004001019020000 21847.6 023002001019020000
3 21847.6 023002001019020000 5.16582 003004001016020000
3 5.16582 003004001016020000 16139.6 003004001023020008
3 16139.6 003004001023020008 842.982 003004001023019008
3 842.982 003004001023019008 5.16582 003004001016020000
3 5.16582 003004001016020000 759629.0 007004001004020006
3 759629.0 007004001004020006 155398.0 007004002004020006
3 155398.0 007004002004020006 5.16582 003004001016020000
3 5.16582 003004001016020000 5790.1 023004002023020011
3 5790.1 023004002023020011 5790.1 023004002023020011
3 5790.1 023004002023020011 5.16582 003004001016020000
3 5.16582 003004001016020000 6996.83 008004000019024018
3 6996.83 008004000019024018 746.031 008004001019024018
3 746.031 008004001019024018 5.16582 003004001016020000
3 5.16582 003004001016020000 969.465 007004001019022018
3 969.465 007004001019022018 52.3699 007004001013022018
3 52.3699 007004001013022018 5.16582 003004001016020000
3 5.16582 003004001016020000 258654.0 035004001019020010
3 258654.0 035004001019020010 258654.0 035004001019020010
3 258654.0 035004001019020010 5.16582 003004001016020000
3 5.16582 003004001016020000 2289.22 007004001013020010
3 2289.22 007004001013020010 87.0521 007004001004020010
3 87.0521 007004001004020010 5.16582 003004001016020000
3 5.16582 003004001016020000 9771.34 008004001019015000
3 9771.34 008004001019015000 7000.88 008004001019015014
3 7000.88 008004001019015014 5.16582 003004001016020000
3 5.16582 003004001016020000 161438.625 008004001019015010
3 161438.625 008004001019015010 69.9016 008004001019015017
3 69.9016 008004001019015017 5.16582 003004001016020000
3 5.16582 003004001016020000 14586.5 035004001019020006
3 14586.5 035004001019020006 22924.7 035004001019020004
3 22924.7 035004001019020004 5.16582 003004001016020000
3 5.16582 003004001016020000 3579310.0 023004001019018018
3 3579310.0 023004001019018018 3579310.0 023004001019018018
3 3579310.0 023004001019018018 5.16582 003004001016020000
3 5.16582 003004001016020000 3660490.0 008004001014022000
3 3660490.0 008004001014022000 426934.0 008004001014022014
3 426934.0 008004001014022014 5.16582 003004001016020000
3 5.16582 003004001016020000 5631600.0 008004002005008006
3 5631600.0 008004002005008006 5343.41 008004002010008006
3 5343.41 008004002010008006 5.16582 003004001016020000
3 5.16582 003004001016020000 389786.0 023004001023022011
3 389786.0 023004001023022011 10187.9 023004001023022000
3 10187.9 023004001023022000 5.16582 003004001016020000
3 5.16582 003004001016020000 4570.63 007004002023022008
3 4570.63 007004002023022008 5.16582 003004001016020000
3 5.16582 003004001016020000 14.2867 004004001019022018
3 14.2867 004004001019022018 2172.04 008004001019020018
3 2172.04 008004001019020018 849587.0 008004001019022018
3 849587.0 008004001019022018 5.16582 003004001016020000
3 5.16582 003004001016020000 148733.0 008004001023020000
3 148733.0 008004001023020000 5.16582 003004001016020000
3 5.16582 003004001016020000 14.2867 004004001019022018
3 14.2867 004004001019022018 302007.5 008004001005020010
3 302007.5 008004001005020010 302007.5 008004001005020010
3 302007.5 008004001005020010 5.16582 003004001016020000
3 5.16582 003004001016020000 885549.2713 007004001023020010
3 885549.2713 007004001023020010 1304310.0 007005001023020010
3 1304310.0 007005001023020010 5.16582 003004001016020000
3 5.16582 003004001016020000 3220270.0 008004000013020017
3 3220270.0 008004000013020017 139.207 001004000013020017
3 139.207 001004000013020017 5.16582 003004001016020000
3 5.16582 003004001016020000 851091.0 008004001023015018
3 851091.0 008004001023015018 3769.1 036004001023015018
3 3769.1 036004001023015018 5.16582 003004001016020000
3 5.16582 003004001016020000 10191.0 008004001013015010
3 10191.0 008004001013015010 6469.52 029004001013015010
3 6469.52 029004001013015010 5.16582 003004001016020000
3 5.16582 003004001016020000 1172400.0 023004001014020010
3 1172400.0 023004001014020010 235.004 023004001014020016
3 235.004 023004001014020016 5.16582 003004001016020000
3 5.16582 003004001016020000 2393190.0 023004001023020016
3 2393190.0 023004001023020016 2377630.0 023004001023020008
3 2377630.0 023004001023020008 5.16582 003004001016020000
3 5.16582 003004001016020000 760338.58 007004001016020018
3 760338.58 007004001016020018 6221.74 003004001016020018
3 6221.74 003004001016020018 5.16582 003004001016020000
3 5.16582 003004001016020000 1057330000.0 035004001019018008
3 1057330000.0 035004001019018008 163390000.0 035004001019018000
3 163390000.0 035004001019018000 5.16582 003004001016020000
3 5.16582 003004001016020000 7249560.0 008004000013020018
3 7249560.0 008004000013020018 1363.65 008004000013013018
3 1363.65 008004000013013018 5.16582 003004001016020000
3 5.16582 003004001016020000 14.5191 004004001016024018
3 14.5191 004004001016024018 5.16582 003004001016020000
3 5.16582 003004001016020000 14.2867 004004001019022018
3 14.2867 004004001019022018 148733.0 008004001023020000
3 148733.0 008004001023020000 124515.0 008006001023020000
3 124515.0 008006001023020000 5.16582 003004001016020000
3 5.16582 003004001016020000 34.0834 007004001023020018
3 34.0834 007004001023020018 34.0834 007004001023020018
3 34.0834 007004001023020018 5.16582 003004001016020000
3 5.16582 003004001016020000 25322.7 023004000016020008
3 25322.7 023004000016020008 25322.7 023004000016020008
3 25322.7 023004000016020008 5.16582 003004001016020000
3 5.16582 003004001016020000 17603.0 007004001023015010
3 17603.0 007004001023015010 6914.41 007004001023000010
3 6914.41 007004001023000010 5.16582 003004001016020000
3 5.16582 003004001016020000 148870.14366666667 007004001014020000
3 148870.14366666667 007004001014020000 148870.14366666667 007004001014020000
3 148870.14366666667 007004001014020000 5.16582 003004001016020000
3 5.16582 003004001016020000 526960.5 008004001016015011
3 526960.5 008004001016015011 526960.5 008004001016015011
3 526960.5 008004001016015011 5.16582 003004001016020000
3 5.16582 003004001016020000 500726.0 008004001017015011
3 500726.0 008004001017015011 314789.0 008002001017015011
3 314789.0 008002001017015011 5.16582 003004001016020000
3 5.16582 003004001016020000 4336.8533333333335 008004001023020011
3 4336.8533333333335 008004001023020011 6725.43 008004001023006011
3 6725.43 008004001023006011 5.16582 003004001016020000
3 5.16582 003004001016020000 760338.58 007004001016020018
3 760338.58 007004001016020018 4433.99 007004001015020018
3 4433.99 007004001015020018 5.16582 003004001016020000
3 5.16582 003004001016020000 564213.0 008004001013020011
3 564213.0 008004001013020011 300845.0 008004001013006011
3 300845.0 008004001013006011 5.16582 003004001016020000
3 5.16582 003004001016020000 6525.21 007004001013018010
3 6525.21 007004001013018010 14.2134 007004001013011010
3 14.2134 007004001013011010 5.16582 003004001016020000
3 5.16582 003004001016020000 1007870.0 007004001005015010
3 1007870.0 007004001005015010 24674.5 033004001005015010
3 24674.5 033004001005015010 5.16582 003004001016020000
3 5.16582 003004001016020000 7086900.0 033004000017015010
3 7086900.0 033004000017015010 354294.0 033004000017024010
3 354294.0 033004000017024010 5.16582 003004001016020000
3 5.16582 003004001016020000 790971.0 008004001019008000
3 790971.0 008004001019008000 11718.1 012004001019008000
3 11718.1 012004001019008000 5.16582 003004001016020000
3 5.16582 003004001016020000 337635.75 023004000023015000
3 337635.75 023004000023015000 337635.75 023004000023015000
3 337635.75 023004000023015000 5.16582 003004001016020000
3 5.16582 003004001016020000 2806430.0 023004000016015008
3 2806430.0 023004000016015008 424252.0 005004000016015008
3 424252.0 005004000016015008 5.16582 003004001016020000
3 5.16582 003004001016020000 15959.9 005004001023020011
3 15959.9 005004001023020011 2703.01 005002001023020011
3 2703.01 005002001023020011 5.16582 003004001016020000
3 5.16582 003004001016020000 7053.6 008004000016011010
3 7053.6 008004000016011010 1431.22 028004000016011010
3 1431.22 028004000016011010 5.16582 003004001016020000
3 5.16582 003004001016020000 1168470.0 008004001019011000
3 1168470.0 008004001019011000 1002380.0 008004002019011000
3 1002380.0 008004002019011000 5.16582 003004001016020000
3 5.16582 003004001016020000 2580818.4244 008004001017020000
3 2580818.4244 008004001017020000 35269.6 026004001017020000
3 35269.6 026004001017020000 5.16582 003004001016020000
3 5.16582 003004001016020000 2081120.0 008004001013020000
3 2081120.0 008004001013020000 479550.0 008004001013020006
3 479550.0 008004001013020006 5.16582 003004001016020000
3 5.16582 003004001016020000 8106.56 023004000016020010
3 8106.56 023004000016020010 614.891 023004000016007010
3 614.891 023004000016007010 5.16582 003004001016020000
3 5.16582 003004001016020000 34.0834 007004001023020018
3 34.0834 007004001023020018 34.0834 007004001023020018
3 34.0834 007004001023020018 5.16582 003004001016020000
3 5.16582 003004001016020000 12904.4 008004001023024010
3 12904.4 008004001023024010 9761.59 008004001004024010
3 9761.59 008004001004024010 5.16582 003004001016020000
3 5.16582 003004001016020000 1486509.1666666667 008004001004020018
3 1486509.1666666667 008004001004020018 2172.04 008004001019020018
3 2172.04 008004001019020018 5.16582 003004001016020000
3 5.16582 003004001016020000 760338.58 007004001016020018
3 760338.58 007004001016020018 11149.2 007004001016020006
3 11149.2 007004001016020006 5.16582 003004001016020000
3 5.16582 003004001016020000 1469100.0 008004001017020011
3 1469100.0 008004001017020011 174642.0 008004001017020012
3 174642.0 008004001017020012 5.16582 003004001016020000
3 5.16582 003004001016020000 161438.625 008004001019015010
3 161438.625 008004001019015010 20971.2 008003001019015010
3 20971.2 008003001019015010 5.16582 003004001016020000
3 5.16582 003004001016020000 241136.97933333332 007004001023020000
3 241136.97933333332 007004001023020000 72414.11005 007004002023020000
3 72414.11005 007004002023020000 5.16582 003004001016020000
3 5.16582 003004001016020000 13843.9 007004001023018006
3 13843.9 007004001023018006 4446.71 033004001023018006
3 4446.71 033004001023018006 5.16582 003004001016020000
3 5.16582 003004001016020000 616191.0 008004001019020010
3 616191.0 008004001019020010 188757.0 008001001019020010
3 188757.0 008001001019020010 5.16582 003004001016020000
3 5.16582 003004001016020000 1403620.0 007004001019020008
3 1403620.0 007004001019020008 12746.1 007004001019020010
3 12746.1 007004001019020010 5.16582 003004001016020000
3 5.16582 003004001016020000 538449.0 003004001013020000
3 538449.0 003004001013020000 2184.6 003004001013020001
3 2184.6 003004001013020001 5.16582 003004001016020000
3 5.16582 003004001016020000 302406.0 007004001004022010
3 302406.0 007004001004022010 10221.0 007004001004022006
3 10221.0 007004001004022006 5.16582 003004001016020000
3 5.16582 003004001016020000 201653.0 008004001016015008
3 201653.0 008004001016015008 44.3417 008004001016015007
3 44.3417 008004001016015007 5.16582 003004001016020000
3 5.16582 003004001016020000 241136.97933333332 007004001023020000
3 241136.97933333332 007004001023020000 8995.13 028004001023020000
3 8995.13 028004001023020000 5.16582 003004001016020000
3 5.16582 003004001016020000 148087.0 008004001023024000
3 148087.0 008004001023024000 132494.0 008005001023024000
3 132494.0 008005001023024000 5.16582 003004001016020000
3 5.16582 003004001016020000 1669380.0 007004001013020018
3 1669380.0 007004001013020018 1335360.0 007004001013020014
3 1335360.0 007004001013020014 5.16582 003004001016020000
3 5.16582 003004001016020000 241136.97933333332 007004001023020000
3 241136.97933333332 007004001023020000 241136.97933333332 007004001023020000
3 241136.97933333332 007004001023020000 5.16582 003004001016020000
3 5.16582 003004001016020000 3952320.0 008004001016015000
3 3952320.0 008004001016015000 18731.6 008005001016015000
3 18731.6 008005001016015000 5.16582 003004001016020000
3 5.16582 003004001016020000 2364010.0 008004001023015000
3 2364010.0 008004001023015000 26520.9 021004001023015000
3 26520.9 021004001023015000 5.16582 003004001016020000
3 5.16582 003004001016020000 760338.58 007004001016020018
3 760338.58 007004001016020018 4559.22 007004001016023018
3 4559.22 007004001016023018 5.16582 003004001016020000
3 5.16582 003004001016020000 281882.3 008004001016020010
3 281882.3 008004001016020010 2637.72 008000001016020010
3 2637.72 008000001016020010 5.16582 003004001016020000
3 5.16582 003004001016020000 41.3834 004000001019008018
3 41.3834 004000001019008018 5.16582 003004001016020000
3 5.16582 003004001016020000 14.2134 007004001013011010
3 14.2134 007004001013011010 1697770.0 007004001023020011
3 1697770.0 007004001023020011 1210960.0 007004001011020011
3 1210960.0 007004001011020011 5.16582 003004001016020000
3 5.16582 003004001016020000 157459.0 008004001016020000
3 157459.0 008004001016020000 11026.3 008004001002020000
3 11026.3 008004001002020000 5.16582 003004001016020000
3 5.16582 003004001016020000 3317710.0 008004001017022018
3 3317710.0 008004001017022018 7536.18 008004001017022016
3 7536.18 008004001017022016 5.16582 003004001016020000
3 5.16582 003004001016020000 420852.0 007004000017022010
3 420852.0 007004000017022010 4360.69 007004000021022010
3 4360.69 007004000021022010 5.16582 003004001016020000
3 5.16582 003004001016020000 315194.0 004004001013020000
3 315194.0 004004001013020000 9176.11 004001001013020000
3 9176.11 004001001013020000 5.16582 003004001016020000
3 5.16582 003004001016020000 177947.0 004004001013020011
3 177947.0 004004001013020011 177947.0 004004001013020011
3 177947.0 004004001013020011 5.16582 003004001016020000
3 5.16582 003004001016020000 303535.0 007004001016020011
3 303535.0 007004001016020011 10682.9 007004001010020011
3 10682.9 007004001010020011 5.16582 003004001016020000
3 5.16582 003004001016020000 1486509.1666666667 008004001004020018
3 1486509.1666666667 008004001004020018 5.16582 003004001016020000
3 5.16582 003004001016020000 14.2134 007004001013011010
3 14.2134 007004001013011010 760338.58 007004001016020018
3 760338.58 007004001016020018 993795.5 007004001016020002
3 993795.5 007004001016020002 5.16582 003004001016020000
3 5.16582 003004001016020000 2031130.0 023004001023011018
3 2031130.0 023004001023011018 24396.9 023004001001011018
3 24396.9 023004001001011018 5.16582 003004001016020000
3 5.16582 003004001016020000 2331190.0 004000000023024018
3 2331190.0 004000000023024018 1073930.0 004000002023024018
3 1073930.0 004000002023024018 5.16582 003004001016020000
3 5.16582 003004001016020000 34366300.0 023004001016020000
3 34366300.0 023004001016020000 29595000.0 032004001016020000
3 29595000.0 032004001016020000 5.16582 003004001016020000
3 5.16582 003004001016020000 1476490.0 007004001016022018
3 1476490.0 007004001016022018 1329300.0 007004001016019018
3 1329300.0 007004001016019018 5.16582 003004001016020000
3 5.16582 003004001016020000 80.167 007000001013020000
3 80.167 007000001013020000 5.16582 003004001016020000
3 5.16582 003004001016020000 14.2134 007004001013011010
3 14.2134 007004001013011010 27524.4 004004001016020000
3 27524.4 004004001016020000 2798.33 004004001008020000
3 2798.33 004004001008020000 5.16582 003004001016020000
3 5.16582 003004001016020000 241136.97933333332 007004001023020000
3 241136.97933333332 007004001023020000 5.16582 003004001016020000
3 5.16582 003004001016020000 14.2134 007004001013011010
3 14.2134 007004001013011010 281882.3 008004001016020010
3 281882.3 008004001016020010 5.16582 003004001016020000
3 5.16582 003004001016020000 14.2134 007004001013011010
3 14.2134 007004001013011010 18.892850000000003 008004001023020018
3 18.892850000000003 008004001023020018 18.892850000000003 008004001023020018
3 18.892850000000003 008004001023020018 5.16582 003004001016020000
3 5.16582 003004001016020000 691.6501499999999 008004001023011018
3 691.6501499999999 008004001023011018 691.6501499999999 008004001023011018
3 691.6501499999999 008004001023011018 5.16582 003004001016020000
3 5.16582 003004001016020000 16509.2 007004001023015000
3 16509.2 007004001023015000 11847.1 007004001023000000
3 11847.1 007004001023000000 5.16582 003004001016020000
3 5.16582 003004001016020000 456982.0 008004001023020007
3 456982.0 008004001023020007 17123.4 008000001023020007
3 17123.4 008000001023020007 5.16582 003004001016020000
3 5.16582 003004001016020000 600033.0 008004001019020000
3 600033.0 008004001019020000 22613.7 019004001019020000
3 22613.7 019004001019020000 5.16582 003004001016020000
3 5.16582 003004001016020000 1486509.1666666667 008004001004020018
3 1486509.1666666667 008004001004020018 12995.0 008004001004003018
3 12995.0 008004001004003018 5.16582 003004001016020000
3 5.16582 003004001016020000 760338.58 007004001016020018
3 760338.58 007004001016020018 7.80655 007004001016020013
3 7.80655 007004001016020013 5.16582 003004001016020000
3 5.16582 003004001016020000 87.0521 007004001004020010
3 87.0521 007004001004020010 374826.0 007004001001020010
3 374826.0 007004001001020010 5.16582 003004001016020000
3 5.16582 003004001016020000 3146.09 007004001023020007
3 3146.09 007004001023020007 249.624 012004001023020007
3 249.624 012004001023020007 5.16582 003004001016020000
3 5.16582 003004001016020000 1273010.0 007004001023022000
3 1273010.0 007004001023022000 144534.0 007004001014022000
3 144534.0 007004001014022000 5.16582 003004001016020000
3 5.16582 003004001016020000 6221.74 003004001016020018
3 6221.74 003004001016020018 18.3029 003004002016020018
3 18.3029 003004002016020018 5.16582 003004001016020000
3 5.16582 003004001016020000 1725540.0 003004001004020018
3 1725540.0 003004001004020018 6221.74 003004001016020018
3 6221.74 003004001016020018 5.16582 003004001016020000
4 5.16582 003004001016020000 15483.8 004000001001015011
4 15483.8 004000001001015011 6216.63 036000001001015011
4 6216.63 036000001001015011 61.994 024004001001019012
4 61.994 024004001001019012 16201.3 004000001009015014
4 16201.3 004000001009015014 73.458 004000001022015014
4 73.458 004000001022015014 61.994 024004001001019012
4 61.994 024004001001019012 44505600.0 036001002009025000
4 44505600.0 036001002009025000 316.666 036001000009025000
4 316.666 036001000009025000 61.994 024004001001019012
4 61.994 024004001001019012 555861.0 004000001001025002
4 555861.0 004000001001025002 140876.0 004000001020025002
4 140876.0 004000001020025002 61.994 024004001001019012
4 61.994 024004001001019012 92055400.0 015000001001015000
4 92055400.0 015000001001015000 1619.21 015000001001015011
4 1619.21 015000001001015011 61.994 024004001001019012
4 61.994 024004001001019012 993770.0 002005001001006011
4 993770.0 002005001001006011 285714.0 002005001020006011
4 285714.0 002005001020006011 61.994 024004001001019012
4 61.994 024004001001019012 13742.2 036005000001015000
4 13742.2 036005000001015000 13726.8 036005000019015000
4 13726.8 036005000019015000 61.994 024004001001019012
4 61.994 024004001001019012 282642.0 002000001020015002
4 282642.0 002000001020015002 69.8454 002000001020016002
4 69.8454 002000001020016002 61.994 024004001001019012
4 61.994 024004001001019012 1338370.0 004001001001015000
4 1338370.0 004001001001015000 1035340.0 004001001001015013
4 1035340.0 004001001001015013 61.994 024004001001019012
4 61.994 024004001001019012 211256.0 010000002020019011
4 211256.0 010000002020019011 25417.7 010002002020019011
4 25417.7 010002002020019011 61.994 024004001001019012
4 61.994 024004001001019012 3834.66 011000001009015002
4 3834.66 011000001009015002 3476.96 011000001009005002
4 3476.96 011000001009005002 61.994 024004001001019012
4 61.994 024004001001019012 9813220000.0 036000001001015007
4 9813220000.0 036000001001015007 55095.2 036000001001015000
4 55095.2 036000001001015000 61.994 024004001001019012
4 61.994 024004001001019012 23480.5 010005000009015007
4 23480.5 010005000009015007 22.8414 011005000009015007
4 22.8414 011005000009015007 61.994 024004001001019012
4 61.994 024004001001019012 44.9703 004001000020015012
4 44.9703 004001000020015012 22.8414 011005000009015007
4 22.8414 011005000009015007 61.994 024004001001019012
4 61.994 024004001001019012 1692380.0 036000000020025002
4 1692380.0 036000000020025002 1336150.0 036000000020025001
4 1336150.0 036000000020025001 22.8414 011005000009015007
4 22.8414 011005000009015007 2552870.0 015000001009015014
4 2552870.0 015000001009015014 95.3184 024000001009015014
4 95.3184 024000001009015014 22.8414 011005000009015007
4 22.8414 011005000009015007 9951950000.0 024001000001004011
4 9951950000.0 024001000001004011 2481.6 024001000001004018
4 2481.6 024001000001004018 22.8414 011005000009015007
4 22.8414 011005000009015007 13700.5 036001001001025014
4 13700.5 036001001001025014 9529.09 036001001001001014
4 9529.09 036001001001001014 22.8414 011005000009015007
4 22.8414 011005000009015007 2184.67 024001001020015007
4 2184.67 024001001020015007 2184.67 024001001020015007
4 2184.67 024001001020015007 22.8414 011005000009015007
4 22.8414 011005000009015007 9788180.0 036000001001016013
4 9788180.0 036000001001016013 22.8414 011005000009015007
4 22.8414 011005000009015007 44.9703 004001000020015012
4 44.9703 004001000020015012 12053.1 002005001009025011
4 12053.1 002005001009025011 22.8414 011005000009015007
4 22.8414 011005000009015007 44.9703 004001000020015012
4 44.9703 004001000020015012 756174.0 004001000020015002
4 756174.0 004001000020015002 237372.0 004002000020015002
4 237372.0 004002000020015002 22.8414 011005000009015007
4 22.8414 011005000009015007 522796.0 002000001020005014
4 522796.0 002000001020005014 42.9669 002000001020023014
4 42.9669 002000001020023014 22.8414 011005000009015007
4 22.8414 011005000009015007 15175.5 036000001020016002
4 15175.5 036000001020016002 13948.7 036002001020016002
4 13948.7 036002001020016002 22.8414 011005000009015007
4 22.8414 011005000009015007 8884970.0 015001000020025002
4 8884970.0 015001000020025002 1216750.0 015001000020017002
4 1216750.0 015001000020017002 22.8414 011005000009015007
4 22.8414 011005000009015007 1797250.0 036001000022015000
4 1797250.0 036001000022015000 33272.3 030001000022015000
4 33272.3 030001000022015000 22.8414 011005000009015007
4 22.8414 011005000009015007 748374.0 002001000020019007
4 748374.0 002001000020019007 748374.0 002001000020019007
4 748374.0 002001000020019007 22.8414 011005000009015007
4 22.8414 011005000009015007 748646.0 002000001001019007
4 748646.0 002000001001019007 60.4281 002000001001008007
4 60.4281 002000001001008007 22.8414 011005000009015007
4 22.8414 011005000009015007 4.97773 004001001020015002
4 4.97773 004001001020015002 22.8414 011005000009015007
4 22.8414 011005000009015007 42.9669 002000001020023014
4 42.9669 002000001020023014 173.127 002005001020008012
4 173.127 002005001020008012 4.97773 004001001020015002
4 4.97773 004001001020015002 22.8414 011005000009015007
4 22.8414 011005000009015007 3246950.0 011004000009015014
4 3246950.0 011004000009015014 421802.0 011004002009015014
4 421802.0 011004002009015014 4.97773 004001001020015002
4 4.97773 004001001020015002 358027000.0 036000001001015002
4 358027000.0 036000001001015002 1349560.0 036000000001015002
4 1349560.0 036000000001015002 4.97773 004001001020015002
4 4.97773 004001001020015002 37.1343 004000001022015012
4 37.1343 004000001022015012 4.97773 004001001020015002
4 4.97773 004001001020015002 22.8414 011005000009015007
4 22.8414 011005000009015007 461135.0 015000001009018012
4 461135.0 015000001009018012 17244.2 015000001009018014
4 17244.2 015000001009018014 4.97773 004001001020015002
4 4.97773 004001001020015002 145.113 024001001009016002
4 145.113 024001001009016002 4.97773 004001001020015002
4 4.97773 004001001020015002 22.8414 011005000009015007
4 22.8414 011005000009015007 2136570.0 004001000009015012
4 2136570.0 004001000009015012 295914.0 004001000024015012
4 295914.0 004001000024015012 4.97773 004001001020015002
4 4.97773 004001001020015002 9086.47 004000000001005002
4 9086.47 004000000001005002 4.97773 004001001020015002
4 4.97773 004001001020015002 22.8414 011005000009015007
4 22.8414 011005000009015007 144.218 002000001009018002
4 144.218 002000001009018002 4.97773 004001001020015002
4 4.97773 004001001020015002 22.8414 011005000009015007
4 22.8414 011005000009015007 1046020.0 024000001020015011
4 1046020.0 024000001020015011 10230.2 024000001020016011
4 10230.2 024000001020016011 4.97773 004001001020015002
4 4.97773 004001001020015002 6883150.0 024000001001019014
4 6883150.0 024000001001019014 995527.0 024000001012019014
4 995527.0 024000001012019014 4.97773 004001001020015002
4 4.97773 004001001020015002 47.0885 002001001001019018
4 47.0885 002001001001019018 4.97773 004001001020015002
4 4.97773 004001001020015002 22.8414 011005000009015007
4 22.8414 011005000009015007 509923.0 002000001001015014
4 509923.0 002000001001015014 139.924 002000001012015014
4 139.924 002000001012015014 4.97773 004001001020015002
4 4.97773 004001001020015002 528579.0 002000001022016002
4 528579.0 002000001022016002 26082.3 024000001022016002
4 26082.3 024000001022016002 4.97773 004001001020015002
4 4.97773 004001001020015002 319862.0 002005001001016002
4 319862.0 002005001001016002 140963.0 002005001009016002
4 140963.0 002005001009016002 4.97773 004001001020015002
4 4.97773 004001001020015002 215048.4 002004001009015012
4 215048.4 002004001009015012 40.5275 002004001009024012
4 40.5275 002004001009024012 4.97773 004001001020015002
4 4.97773 004001001020015002 183108.0 004000001012025012
4 183108.0 004000001012025012 179939.0 004000001019025012
4 179939.0 004000001019025012 4.97773 004001001020015002
4 4.97773 004001001020015002 227563.0 002000001020015014
4 227563.0 002000001020015014 18207.4 002005001020015014
4 18207.4 002005001020015014 4.97773 004001001020015002
4 4.97773 004001001020015002 89.796 004001001009015007
4 89.796 004001001009015007 55.4903 004001001012015007
4 55.4903 004001001012015007 4.97773 004001001020015002
4 4.97773 004001001020015002 977749000.0 024000001001015012
4 977749000.0 024000001001015012 54344200.0 024000001001015006
4 54344200.0 024000001001015006 4.97773 004001001020015002
4 4.97773 004001001020015002 615109.0 002000001022015002
4 615109.0 002000001022015002 503380.0 002001001022015002
4 503380.0 002001001022015002 4.97773 004001001020015002
4 4.97773 004001001020015002 336024.0 004000000009008002
4 336024.0 004000000009008002 297235.0 004000000009008008
4 297235.0 004000000009008008 4.97773 004001001020015002
4 4.97773 004001001020015002 215048.4 002004001009015012
4 215048.4 002004001009015012 281884.0 002002001009015012
4 281884.0 002002001009015012 4.97773 004001001020015002
4 4.97773 004001001020015002 1314140.0 004004001022023012
4 1314140.0 004004001022023012 952504.0 004004001022014012
4 952504.0 004004001022014012 4.97773 004001001020015002
4 4.97773 004001001020015002 445209.0 004000001020019002
4 445209.0 004000001020019002 17905.3 004001001020019002
4 17905.3 004001001020019002 4.97773 004001001020015002
4 4.97773 004001001020015002 47292.1 024001001001015002
4 47292.1 024001001001015002 42764.6 024002001001015002
4 42764.6 024002001001015002 4.97773 004001001020015002
4 4.97773 004001001020015002 93792400.0 024001000001008014
4 93792400.0 024001000001008014 2852.96 024002000001008014
4 2852.96 024002000001008014 4.97773 004001001020015002
4 4.97773 004001001020015002 293591.0 002004001001008002
4 293591.0 002004001001008002 252242.0 002004001001025002
4 252242.0 002004001001025002 4.97773 004001001020015002
4 4.97773 004001001020015002 47933.1 004000001020015002
4 47933.1 004000001020015002 31305.7 004002001020015002
4 31305.7 004002001020015002 4.97773 004001001020015002
4 4.97773 004001001020015002 475860.2 002004001001015007
4 475860.2 002004001001015007 114554.11666666667 002000001001015007
4 114554.11666666667 002000001001015007 4.97773 004001001020015002
4 4.97773 004001001020015002 4.97773 004001001020015002
4 4.97773 004001001020015002 1.29308 004001001020015012
4 1.29308 004001001020015012 4.97773 004001001020015002
4 4.97773 004001001020015002 655297.0 002000001020024002
4 655297.0 002000001020024002 149764.0 002000000020024002
4 149764.0 002000000020024002 1.29308 004001001020015012
4 1.29308 004001001020015012 50.9127 002001001020015007
4 50.9127 002001001020015007 1.29308 004001001020015012
4 1.29308 004001001020015012 4.97773 004001001020015002
4 4.97773 004001001020015002 1525.02 002001001009015007
4 1525.02 002001001009015007 95.3308 002001001009002007
4 95.3308 002001001009002007 1.29308 004001001020015012
4 1.29308 004001001020015012 908308.0 002001001001015007
4 908308.0 002001001001015007 722367.0 002001001001007007
4 722367.0 002001001001007007 1.29308 004001001020015012
4 1.29308 004001001020015012 805467.0 002000001012015012
4 805467.0 002000001012015012 139.924 002000001012015014
4 139.924 002000001012015014 1.29308 004001001020015012
4 1.29308 004001001020015012 280134.0 002001001012015007
4 280134.0 002001001012015007 104.152 006001001012015007
4 104.152 006001001012015007 1.29308 004001001020015012
4 1.29308 004001001020015012 13418.8 002001001001002012
4 13418.8 002001001001002012 98.9084 002005001001002012
4 98.9084 002005001001002012 1.29308 004001001020015012
4 1.29308 004001001020015012 114554.11666666667 002000001001015007
4 114554.11666666667 002000001001015007 12434.8 002000001025015007
4 12434.8 002000001025015007 1.29308 004001001020015012
4 1.29308 004001001020015012 3150100.0 004001001001015014
4 3150100.0 004001001001015014 427460.0 004001001013015014
4 427460.0 004001001013015014 1.29308 004001001020015012
4 1.29308 004001001020015012 538447.0 011000001020015007
4 538447.0 011000001020015007 175416.0 011000001020002007
4 175416.0 011000001020002007 1.29308 004001001020015012
4 1.29308 004001001020015012 114554.11666666667 002000001001015007
4 114554.11666666667 002000001001015007 226995.0 002000001001015005
4 226995.0 002000001001015005 1.29308 004001001020015012
4 1.29308 004001001020015012 577762.0 004004000022015012
4 577762.0 004004000022015012 502235.0 004004000022018012
4 502235.0 004004000022018012 1.29308 004001001020015012
4 1.29308 004001001020015012 17870.0 002001001001015002
4 17870.0 002001001001015002 17870.0 002001001001015002
4 17870.0 002001001001015002 1.29308 004001001020015012
4 1.29308 004001001020015012 761523.2 004001001009015014
4 761523.2 004001001009015014 1.29308 004001001020015012
4 1.29308 004001001020015012 4.97773 004001001020015002
4 4.97773 004001001020015002 154556.0 024000001022015012
4 154556.0 024000001022015012 54.6462 024005001022015012
4 54.6462 024005001022015012 1.29308 004001001020015012
4 1.29308 004001001020015012 1154340.0 002000001022024012
4 1154340.0 002000001022024012 298502.0 002000001022024000
4 298502.0 002000001022024000 1.29308 004001001020015012
4 1.29308 004001001020015012 65.9342 002004001020015014
4 65.9342 002004001020015014 40.167 002002001020015014
4 40.167 002002001020015014 1.29308 004001001020015012
4 1.29308 004001001020015012 272701.1 004005001020015012
4 272701.1 004005001020015012 82.3301 004005001016015012
4 82.3301 004005001016015012 1.29308 004001001020015012
4 1.29308 004001001020015012 571996.0 002005001020015007
4 571996.0 002005001020015007 319041.0 002005001020015009
4 319041.0 002005001020015009 1.29308 004001001020015012
4 1.29308 004001001020015012 1029470.0 002001001016023012
4 1029470.0 002001001016023012 5359.36 002001000016023012
4 5359.36 002001000016023012 1.29308 004001001020015012
4 1.29308 004001001020015012 272701.1 004005001020015012
4 272701.1 004005001020015012 272701.1 004005001020015012
4 272701.1 004005001020015012 1.29308 004001001020015012
4 1.29308 004001001020015012 17703.0 004001001020015007
4 17703.0 004001001020015007 14577.8 004006001020015007
4 14577.8 004006001020015007 1.29308 004001001020015012
4 1.29308 004001001020015012 234931.0 002004001001015002
4 234931.0 002004001001015002 11886.2 002004001001000002
4 11886.2 002004001001000002 1.29308 004001001020015012
4 1.29308 004001001020015012 11832.9 004004001020015012
4 11832.9 004004001020015012 5866.13 022004001020015012
4 5866.13 022004001020015012 1.29308 004001001020015012
4 1.29308 004001001020015012 399250.0 004004001009015012
4 399250.0 004004001009015012 90.8305 004003001009015012
4 90.8305 004003001009015012 1.29308 004001001020015012
4 1.29308 004001001020015012 616732.0 002000001022015014
4 616732.0 002000001022015014 595528.0 002000000022015014
4 595528.0 002000000022015014 1.29308 004001001020015012
4 1.29308 004001001020015012 494342.0 004000001020015018
4 494342.0 004000001020015018 52053.4 004006001020015018
4 52053.4 004006001020015018 1.29308 004001001020015012
4 1.29308 004001001020015012 22464.0 004004000012015002
4 22464.0 004004000012015002 19134.5 004006000012015002
4 19134.5 004006000012015002 1.29308 004001001020015012
4 1.29308 004001001020015012 9692.87 002005001022015014
4 9692.87 002005001022015014 1.29308 004001001020015012
4 1.29308 004001001020015012 4.97773 004001001020015002
4 4.97773 004001001020015002 300725.0 002004001016015002
4 300725.0 002004001016015002 11480.3 022004001016015002
4 11480.3 022004001016015002 1.29308 004001001020015012
4 1.29308 004001001020015012 533698.55 004005001001015002
4 533698.55 004005001001015002 533698.55 004005001001015002
4 533698.55 004005001001015002 1.29308 004001001020015012
4 1.29308 004001001020015012 91.7499 002004001009015014
4 91.7499 002004001009015014 1.29308 004001001020015012
4 1.29308 004001001020015012 4.97773 004001001020015002
4 4.97773 004001001020015002 1351.53475 002000001022015018
4 1351.53475 002000001022015018 1.29308 004001001020015012
4 1.29308 004001001020015012 4.97773 004001001020015002
4 4.97773 004001001020015002 34.482 002000001020024012
4 34.482 002000001020024012 34.482 002000001020024012
4 34.482 002000001020024012 1.29308 004001001020015012
4 1.29308 004001001020015012 534318.5 002005001009024012
4 534318.5 002005001009024012 414244.0 002005001009024016
4 414244.0 002005001009024016 1.29308 004001001020015012
4 1.29308 004001001020015012 397835.0 002005001001023012
4 397835.0 002005001001023012 3.68356 002005001001023013
4 3.68356 002005001001023013 1.29308 004001001020015012
4 1.29308 004001001020015012 2739215.0 024001001020015012
4 2739215.0 024001001020015012 5895.63 024001001016015012
4 5895.63 024001001016015012 1.29308 004001001020015012
4 1.29308 004001001020015012 2858250.0 002002001016015018
4 2858250.0 002002001016015018 1316370.0 034002001016015018
4 1316370.0 034002001016015018 1.29308 004001001020015012
4 1.29308 004001001020015012 2739215.0 024001001020015012
4 2739215.0 024001001020015012 1160840.0 024005001020015012
4 1160840.0 024005001020015012 1.29308 004001001020015012
4 1.29308 004001001020015012 330288.0 002002001020024012
4 330288.0 002002001020024012 743.918 002002001020020012
4 743.918 002002001020020012 1.29308 004001001020015012
4 1.29308 004001001020015012 1131490.0 002000001009008012
4 1131490.0 002000001009008012 137396.0 002000001009008005
4 137396.0 002000001009008005 1.29308 004001001020015012
4 1.29308 004001001020015012 501656.0 002005001022015012
4 501656.0 002005001022015012 336749.0 002005000022015012
4 336749.0 002005000022015012 1.29308 004001001020015012
4 1.29308 004001001020015012 5283.045115000001 002001001020015012
4 5283.045115000001 002001001020015012 8726.07 002001001020003012
4 8726.07 002001001020003012 1.29308 004001001020015012
4 1.29308 004001001020015012 294104.0 004001001020023007
4 294104.0 004001001020023007 274547.0 004003001020023007
4 274547.0 004003001020023007 1.29308 004001001020015012
4 1.29308 004001001020015012 431793.0 002005001020024012
4 431793.0 002005001020024012 13188.5 002003001020024012
4 13188.5 002003001020024012 1.29308 004001001020015012
4 1.29308 004001001020015012 997222.0 004001001020019012
4 997222.0 004001001020019012 494353.0 019001001020019012
4 494353.0 019001001020019012 1.29308 004001001020015012
4 1.29308 004001001020015012 1672480.0 002001000001023014
4 1672480.0 002001000001023014 13882.2 002001001001023014
4 13882.2 002001001001023014 1.29308 004001001020015012
4 1.29308 004001001020015012 301114.5 002005001020024014
4 301114.5 002005001020024014 241814.0 002005001017024014
4 241814.0 002005001017024014 1.29308 004001001020015012
4 1.29308 004001001020015012 269018.0 002004001012015007
4 269018.0 002004001012015007 178438.0 002004000012015007
4 178438.0 002004000012015007 1.29308 004001001020015012
4 1.29308 004001001020015012 745301.0 002001001020024012
4 745301.0 002001001020024012 266470.0 002001001013024012
4 266470.0 002001001013024012 1.29308 004001001020015012
4 1.29308 004001001020015012 804160.0 004004001020008007
4 804160.0 004004001020008007 457469.0 004004001008008007
4 457469.0 004004001008008007 1.29308 004001001020015012
4 1.29308 004001001020015012 495396.5 002001001020015014
4 495396.5 002001001020015014 495396.5 002001001020015014
4 495396.5 002001001020015014 1.29308 004001001020015012
4 1.29308 004001001020015012 111.117 004002001020024012
4 111.117 004002001020024012 89.6266 004002001020005012
4 89.6266 004002001020005012 1.29308 004001001020015012
4 1.29308 004001001020015012 1388190.0 004000001020015013
4 1388190.0 004000001020015013 327636.0 004003001020015013
4 327636.0 004003001020015013 1.29308 004001001020015012
4 1.29308 004001001020015012 475860.2 002004001001015007
4 475860.2 002004001001015007 26948.3 026004001001015007
4 26948.3 026004001001015007 1.29308 004001001020015012
4 1.29308 004001001020015012 142.545 026000000001015012
4 142.545 026000000001015012 19.4168 026000000005015012
4 19.4168 026000000005015012 1.29308 004001001020015012
4 1.29308 004001001020015012 662789.0 004001001001015012
4 662789.0 004001001001015012 6703.06 004001001001004012
4 6703.06 004001001001004012 1.29308 004001001020015012
4 1.29308 004001001020015012 745528.0 002001001012024018
4 745528.0 002001001012024018 5118.99 021001001012024018
4 5118.99 021001001012024018 1.29308 004001001020015012
4 1.29308 004001001020015012 2184.67 024001001020015007
4 2184.67 024001001020015007 794140000.0 024000001020015007
4 794140000.0 024000001020015007 1.29308 004001001020015012
4 1.29308 004001001020015012 8429.25 004001001022015012
4 8429.25 004001001022015012 9355.2 004001001022015003
4 9355.2 004001001022015003 1.29308 004001001020015012
4 1.29308 004001001020015012 8097.46 002001001001008003
4 8097.46 002001001001008003 1961.01 002001001019008003
4 1961.01 002001001019008003 1.29308 004001001020015012
4 1.29308 004001001020015012 496224.0 002000001009024007
4 496224.0 002000001009024007 26354.1 020000001009024007
4 26354.1 020000001009024007 1.29308 004001001020015012
4 1.29308 004001001020015012 3238400.0 026000001009015014
4 3238400.0 026000001009015014 915570.0 026000001020015014
4 915570.0 026000001020015014 1.29308 004001001020015012
4 1.29308 004001001020015012 174394.5 004005001012023007
4 174394.5 004005001012023007 174394.5 004005001012023007
4 174394.5 004005001012023007 1.29308 004001001020015012
4 1.29308 004001001020015012 339644.0 004001001012019012
4 339644.0 004001001012019012 1768.96 004001001012018012
4 1768.96 004001001012018012 1.29308 004001001020015012
4 1.29308 004001001020015012 229130.0 002000001012023012
4 229130.0 002000001012023012 224184.0 002000001012022012
4 224184.0 002000001012022012 1.29308 004001001020015012
4 1.29308 004001001020015012 395795.0 002002001005015012
4 395795.0 002002001005015012 110.536 002002000005015012
4 110.536 002002000005015012 1.29308 004001001020015012
4 1.29308 004001001020015012 349877.715 002001001005019012
4 349877.715 002001001005019012 349877.715 002001001005019012
4 349877.715 002001001005019012 1.29308 004001001020015012
4 1.29308 004001001020015012 219039.0 002005001005015007
4 219039.0 002005001005015007 5904.8505 002005000005015007
4 5904.8505 002005000005015007 1.29308 004001001020015012
4 1.29308 004001001020015012 805467.0 002000001012015012
4 805467.0 002000001012015012 13497.3 006000001012015012
4 13497.3 006000001012015012 1.29308 004001001020015012
4 1.29308 004001001020015012 12147.0 002000001022023012
4 12147.0 002000001022023012 160.934 002000000022023012
4 160.934 002000000022023012 1.29308 004001001020015012
4 1.29308 004001001020015012 70441.458375 002005001020015002
4 70441.458375 002005001020015002 70441.458375 002005001020015002
4 70441.458375 002005001020015002 1.29308 004001001020015012
4 1.29308 004001001020015012 15606.623500000002 026001001020015002
4 15606.623500000002 026001001020015002 15606.623500000002 026001001020015002
4 15606.623500000002 026001001020015002 1.29308 004001001020015012
4 1.29308 004001001020015012 1308160.0 004000000020015014
4 1308160.0 004000000020015014 649926.0 038000000020015014
4 649926.0 038000000020015014 1.29308 004001001020015012
4 1.29308 004001001020015012 17703.0 004001001020015007
4 17703.0 004001001020015007 1.29308 004001001020015012
4 1.29308 004001001020015012 3.68356 002005001001023013
4 3.68356 002005001001023013 1038210.0 002000000022015018
4 1038210.0 002000000022015018 1351.53475 002000001022015018
4 1351.53475 002000001022015018 1.29308 004001001020015012
4 1.29308 004001001020015012 195.291 002000000020015018
4 195.291 002000000020015018 51.4372 002000000012015018
4 51.4372 002000000012015018 1.29308 004001001020015012
4 1.29308 004001001020015012 221075.0 004000001012019012
4 221075.0 004000001012019012 42.0822 004002001012019012
4 42.0822 004002001012019012 1.29308 004001001020015012
4 1.29308 004001001020015012 5.56253 004005001012024002
4 5.56253 004005001012024002 1.29308 004001001020015012
4 1.29308 004001001020015012 3.68356 002005001001023013
4 3.68356 002005001001023013 234931.0 002004001001015002
4 234931.0 002004001001015002 8639.93 002004001001021002
4 8639.93 002004001001021002 1.29308 004001001020015012
4 1.29308 004001001020015012 143706.0 002000000012019002
4 143706.0 002000000012019002 1.29308 004001001020015012
4 1.29308 004001001020015012 3.68356 002005001001023013
4 3.68356 002005001001023013 234931.0 002004001001015002
4 234931.0 002004001001015002 234931.0 002004001001015002
4 234931.0 002004001001015002 1.29308 004001001020015012
4 1.29308 004001001020015012 1049337.95945 002000001005015018
4 1049337.95945 002000001005015018 1049337.95945 002000001005015018
4 1049337.95945 002000001005015018 1.29308 004001001020015012
4 1.29308 004001001020015012 705937.0 004001001012024018
4 705937.0 004001001012024018 8298.66 004004001012024018
4 8298.66 004004001012024018 1.29308 004001001020015012
4 1.29308 004001001020015012 270150.0 002001001020015002
4 270150.0 002001001020015002 31830.9 002001001020015009
4 31830.9 002001001020015009 1.29308 004001001020015012
4 1.29308 004001001020015012 986346.0 004000001005015009
4 986346.0 004000001005015009 83.9262 004000001005015011
4 83.9262 004000001005015011 1.29308 004001001020015012
4 1.29308 004001001020015012 575812.0 004001000005023013
4 575812.0 004001000005023013 350290.0 004001000005024013
4 350290.0 004001000005024013 1.29308 004001001020015012
4 1.29308 004001001020015012 534318.5 002005001009024012
4 534318.5 002005001009024012 534318.5 002005001009024012
4 534318.5 002005001009024012 1.29308 004001001020015012
4 1.29308 004001001020015012 288454.0 002001001020023012
4 288454.0 002001001020023012 13076.9 002001001020011012
4 13076.9 002001001020011012 1.29308 004001001020015012
4 1.29308 004001001020015012 17905.3 004001001020019002
4 17905.3 004001001020019002 22534.0 004001001009019002
4 22534.0 004001001009019002 1.29308 004001001020015012
4 1.29308 004001001020015012 595854.0 002000000001019007
4 595854.0 002000000001019007 1125.01 002000002001019007
4 1125.01 002000002001019007 1.29308 004001001020015012
4 1.29308 004001001020015012 245431.0 002001001020024013
4 245431.0 002001001020024013 27875.3 002000001020024013
4 27875.3 002000001020024013 1.29308 004001001020015012
4 1.29308 004001001020015012 9997.863285 002005001020015012
4 9997.863285 002005001020015012 1.29308 004001001020015012
4 1.29308 004001001020015012 3.68356 002005001001023013
4 3.68356 002005001001023013 1139960.0 002004000020024012
4 1139960.0 002004000020024012 568802.0 002004000020024006
4 568802.0 002004000020024006 1.29308 004001001020015012
4 1.29308 004001001020015012 1052870.0 002001001009023018
4 1052870.0 002001001009023018 2636.83 002001001009018018
4 2636.83 002001001009018018 1.29308 004001001020015012
4 1.29308 004001001020015012 311728.0 004000001001015014
4 311728.0 004000001001015014 1.29308 004001001020015012
4 1.29308 004001001020015012 3.68356 002005001001023013
4 3.68356 002005001001023013 905355.0 002000001020018012
4 905355.0 002000001020018012 333533.0 002000001020008012
4 333533.0 002000001020008012 1.29308 004001001020015012
4 1.29308 004001001020015012 734688.0 004001001009008012
4 734688.0 004001001009008012 51.6902 004001001009008013
4 51.6902 004001001009008013 1.29308 004001001020015012
4 1.29308 004001001020015012 890570.0 004001001009023014
4 890570.0 004001001009023014 849940.0 004001001009023012
4 849940.0 004001001009023012 1.29308 004001001020015012
4 1.29308 004001001020015012 272701.1 004005001020015012
4 272701.1 004005001020015012 44.9988 004005001009015012
4 44.9988 004005001009015012 1.29308 004001001020015012
4 1.29308 004001001020015012 1388190.0 004000001020015013
4 1388190.0 004000001020015013 16261.5 004000001008015013
4 16261.5 004000001008015013 1.29308 004001001020015012
4 1.29308 004001001020015012 177371.0 002000001012024002
4 177371.0 002000001012024002 155674.0 002000001012011002
4 155674.0 002000001012011002 1.29308 004001001020015012
4 1.29308 004001001020015012 358238.0 026000000020024007
4 358238.0 026000000020024007 1.29308 004001001020015012
4 1.29308 004001001020015012 3.68356 002005001001023013
4 3.68356 002005001001023013 1159857.0 002001000020015007
4 1159857.0 002001000020015007 1159857.0 002001000020015007
4 1159857.0 002001000020015007 1.29308 004001001020015012
4 1.29308 004001001020015012 280804.0 002005001009015012
4 280804.0 002005001009015012 321.467 002005001009015014
4 321.467 002005001009015014 1.29308 004001001020015012
4 1.29308 004001001020015012 5283.045115000001 002001001020015012
4 5283.045115000001 002001001020015012 1.29308 004001001020015012
4 1.29308 004001001020015012 3.68356 002005001001023013
4 3.68356 002005001001023013 409139.0 004001001020024012
4 409139.0 004001001020024012 240975.0 006001001020024012
4 240975.0 006001001020024012 1.29308 004001001020015012
4 1.29308 004001001020015012 495017.0 002001001001015012
4 495017.0 002001001001015012 88295.4 002006001001015012
4 88295.4 002006001001015012 1.29308 004001001020015012
4 1.29308 004001001020015012 18728.4 002002001012024014
4 18728.4 002002001012024014 16513.2 002003001012024014
4 16513.2 002003001012024014 1.29308 004001001020015012
4 1.29308 004001001020015012 1.29308 004001001020015012
4 1.29308 004001001020015012 14357.4 004001001007015012
4 14357.4 004001001007015012 1.29308 004001001020015012
4 1.29308 004001001020015012 9997.863285 002005001020015012
4 9997.863285 002005001020015012 1.29308 004001001020015012
4 1.29308 004001001020015012 3.68356 002005001001023013
4 3.68356 002005001001023013 301114.5 002005001020024014
4 301114.5 002005001020024014 9070.6 034005001020024014
4 9070.6 034005001020024014 1.29308 004001001020015012
4 1.29308 004001001020015012 761523.2 004001001009015014
4 761523.2 004001001009015014 14385.7 004001000009015014
4 14385.7 004001000009015014 1.29308 004001001020015012
4 1.29308 004001001020015012 4710.04155 002000000020015012
4 4710.04155 002000000020015012 29.097 002000000020006012
4 29.097 002000000020006012 1.29308 004001001020015012
4 1.29308 004001001020015012 495017.0 002001001001015012
4 495017.0 002001001001015012 51.2163 002001001001015014
4 51.2163 002001001001015014 1.29308 004001001020015012
4 1.29308 004001001020015012 139.924 002000001012015014
4 139.924 002000001012015014 288833.0 032000001012015014
4 288833.0 032000001012015014 1.29308 004001001020015012
4 1.29308 004001001020015012 19484.6 002005001020006002
4 19484.6 002005001020006002 8297.17 012005001020006002
4 8297.17 012005001020006002 1.29308 004001001020015012
4 1.29308 004001001020015012 4710.04155 002000000020015012
4 4710.04155 002000000020015012 1561.58 002000000020015017
4 1561.58 002000000020015017 1.29308 004001001020015012
4 1.29308 004001001020015012 495791.0 002002000009015012
4 495791.0 002002000009015012 1540.57 002001000009015012
4 1540.57 002001000009015012 1.29308 004001001020015012
4 1.29308 004001001020015012 383954.0 004005001001024012
4 383954.0 004005001001024012 2738.8 004005002001024012
4 2738.8 004005002001024012 1.29308 004001001020015012
4 1.29308 004001001020015012 13899.0 002000001001024012
4 13899.0 002000001001024012 47.9513 014000001001024012
4 47.9513 014000001001024012 1.29308 004001001020015012
4 1.29308 004001001020015012 1089250.0 002000001001015012
4 1089250.0 002000001001015012 9982.58 002000001001015015
4 9982.58 002000001001015015 1.29308 004001001020015012
4 1.29308 004001001020015012 444985.0 002000000001023012
4 444985.0 002000000001023012 204740.0 002000000001025012
4 204740.0 002000000001025012 1.29308 004001001020015012
4 1.29308 004001001020015012 288454.0 002001001020023012
4 288454.0 002001001020023012 243538.0 002001002020023012
4 243538.0 002001002020023012 1.29308 004001001020015012
4 1.29308 004001001020015012 793920.0 004001001005015002
4 793920.0 004001001005015002 13824.6 004001001005015008
4 13824.6 004001001005015008 1.29308 004001001020015012
4 1.29308 004001001020015012 2194580.0 002001000022015014
4 2194580.0 002001000022015014 5491.1 024001000022015014
4 5491.1 024001000022015014 1.29308 004001001020015012
4 1.29308 004001001020015012 586980.0 002001001005015012
4 586980.0 002001001005015012 216654.0 001001001005015012
4 216654.0 001001001005015012 1.29308 004001001020015012
4 1.29308 004001001020015012 607262.0 002000000012006012
4 607262.0 002000000012006012 470689.0 002000000012019012
4 470689.0 002000000012019012 1.29308 004001001020015012
4 1.29308 004001001020015012 29423.6 002001001020024002
4 29423.6 002001001020024002 1.92884 002001001020024010
4 1.92884 002001001020024010 1.29308 004001001020015012
4 1.29308 004001001020015012 171197.0 004000001020015012
4 171197.0 004000001020015012 18429.7 004003001020015012
4 18429.7 004003001020015012 1.29308 004001001020015012
4 1.29308 004001001020015012 39.0932 002005001005024012
4 39.0932 002005001005024012 36.6479 002005001005024017
4 36.6479 002005001005024017 1.29308 004001001020015012
4 1.29308 004001001020015012 188945.0 002000001020023002
4 188945.0 002000001020023002 16867.6 002000001020023001
4 16867.6 002000001020023001 1.29308 004001001020015012
4 1.29308 004001001020015012 70441.458375 002005001020015002
4 70441.458375 002005001020015002 36756.3 024005001020015002
4 36756.3 024005001020015002 1.29308 004001001020015012
4 1.29308 004001001020015012 282980.0 002000001009015007
4 282980.0 002000001009015007 253243.0 002000001018015007
4 253243.0 002000001018015007 1.29308 004001001020015012
4 1.29308 004001001020015012 1287460.0 004001001020024014
4 1287460.0 004001001020024014 79.7048 004001001022024014
4 79.7048 004001001022024014 1.29308 004001001020015012
4 1.29308 004001001020015012 39.0932 002005001005024012
4 39.0932 002005001005024012 9795.26 002005001005019012
4 9795.26 002005001005019012 1.29308 004001001020015012
4 1.29308 004001001020015012 13558.8 002001001009024012
4 13558.8 002001001009024012 5068.45 009001001009024012
4 5068.45 009001001009024012 1.29308 004001001020015012
4 1.29308 004001001020015012 1035530.0 011000000005015012
4 1035530.0 011000000005015012 49.0675 011004000005015012
4 49.0675 011004000005015012 1.29308 004001001020015012
4 1.29308 004001001020015012 978784.0 002000001005015010
4 978784.0 002000001005015010 251140.0 002000002005015010
4 251140.0 002000002005015010 1.29308 004001001020015012
4 1.29308 004001001020015012 270150.0 002001001020015002
4 270150.0 002001001020015002 21846.0 024001001020015002
4 21846.0 024001001020015002 1.29308 004001001020015012
4 1.29308 004001001020015012 820586.0 002005001005015012
4 820586.0 002005001005015012 779422.0 002005002005015012
4 779422.0 002005002005015012 1.29308 004001001020015012
4 1.29308 004001001020015012 979444.0 002001001009015012
4 979444.0 002001001009015012 15215.2 002001001023015012
4 15215.2 002001001023015012 1.29308 004001001020015012
4 1.29308 004001001020015012 68.7444 011005001020015012
4 68.7444 011005001020015012 1.29308 004001001020015012
4 1.29308 004001001020015012 1.92884 002001001020024010
4 1.92884 002001001020024010 2320560.0 002005000020015018
4 2320560.0 002005000020015018 62.1537 002005000002015018
4 62.1537 002005000002015018 1.29308 004001001020015012
4 1.29308 004001001020015012 877089.0 004000001009015017
4 877089.0 004000001009015017 181.952 004000000009015017
4 181.952 004000000009015017 1.29308 004001001020015012
4 1.29308 004001001020015012 181776.0 004000001020024012
4 181776.0 004000001020024012 20499.5 004000001013024012
4 20499.5 004000001013024012 1.29308 004001001020015012
4 1.29308 004001001020015012 343780.0 002005001013015012
4 343780.0 002005001013015012 14326.3 002005001013015008
4 14326.3 002005001013015008 1.29308 004001001020015012
4 1.29308 004001001020015012 275341.0 026004001020024012
4 275341.0 026004001020024012 162574.0 026004001020024010
4 162574.0 026004001020024010 1.29308 004001001020015012
4 1.29308 004001001020015012 1838820.0 002000001020015018
4 1838820.0 002000001020015018 325.052 002000001020015012
4 325.052 002000001020015012 1.29308 004001001020015012
4 1.29308 004001001020015012 66.9582 002000000005015012
4 66.9582 002000000005015012 38.4933 002000000005018012
4 38.4933 002000000005018012 1.29308 004001001020015012
4 1.29308 004001001020015012 2155800.0 004005001009018012
4 2155800.0 004005001009018012 491183.0 004000001009018012
4 491183.0 004000001009018012 1.29308 004001001020015012
4 1.29308 004001001020015012 34.482 002000001020024012
4 34.482 002000001020024012 515.042 002000001020005012
4 515.042 002000001020005012 1.29308 004001001020015012
4 1.29308 004001001020015012 607285.0 011000001020015012
4 607285.0 011000001020015012 153.684 011003001020015012
4 153.684 011003001020015012 1.29308 004001001020015012
4 1.29308 004001001020015012 2107010.0 004005001020006013
4 2107010.0 004005001020006013 769172.0 004005001004006013
4 769172.0 004005001004006013 1.29308 004001001020015012
4 1.29308 004001001020015012 3061.05 004005000005015013
4 3061.05 004005000005015013 14.3535 004005000005015015
4 14.3535 004005000005015015 1.29308 004001001020015012
4 1.29308 004001001020015012 5904.8505 002005000005015007
4 5904.8505 002005000005015007 6.50932 007005000005015007
4 6.50932 007005000005015007 1.29308 004001001020015012
4 1.29308 004001001020015012 666836.0 011005001005024013
4 666836.0 011005001005024013 58319.0 011005001017024013
4 58319.0 011005001017024013 1.29308 004001001020015012
4 1.29308 004001001020015012 1341290.0 002005001005015013
4 1341290.0 002005001005015013 457304.0 002001001005015013
4 457304.0 002001001005015013 1.29308 004001001020015012
4 1.29308 004001001020015012 605299.0 004000001005015012
4 605299.0 004000001005015012 12226.4 010000001005015012
4 12226.4 010000001005015012 1.29308 004001001020015012
4 1.29308 004001001020015012 8429.25 004001001022015012
4 8429.25 004001001022015012 1.29308 004001001020015012
4 1.29308 004001001020015012 1.92884 002001001020024010
4 1.92884 002001001020024010 632383.0 002000001020006012
4 632383.0 002000001020006012 396.736 002000001013006012
4 396.736 002000001013006012 1.29308 004001001020015012
4 1.29308 004001001020015012 7373050.0 026005001020015010
4 7373050.0 026005001020015010 56884.9 026002001020015010
4 56884.9 026002001020015010 1.29308 004001001020015012
4 1.29308 004001001020015012 300335.0 002000001020024007
4 300335.0 002000001020024007 52040.5 002006001020024007
4 52040.5 002006001020024007 1.29308 004001001020015012
4 1.29308 004001001020015012 439464.0 007005001022015010
4 439464.0 007005001022015010 33378.7 007005001006015010
4 33378.7 007005001006015010 1.29308 004001001020015012
5 1.29308 004001001020015012 7799.97 001002002003013005
5 7799.97 001002002003013005 52.9758 001002002003013010
5 52.9758 001002002003013010 13947.7 015000001025019000
5 13947.7 015000001025019000 4782.306666666667 024004000014012004
5 4782.306666666667 024004000014012004 4782.306666666667 024004000014012004
5 4782.306666666667 024004000014012004 52.9758 001002002003013010
5 52.9758 001002002003013010 331185.0 006001001009007004
5 331185.0 006001001009007004 5866.69 006001000009007004
5 5866.69 006001000009007004 52.9758 001002002003013010
5 52.9758 001002002003013010 698119.0 001002002019007004
5 698119.0 001002002019007004 76227.0 027002002019007004
5 76227.0 027002002019007004 52.9758 001002002003013010
5 52.9758 001002002003013010 7659830000.0 024001001009002004
5 7659830000.0 024001001009002004 5798410000.0 024001001018002004
5 5798410000.0 024001001018002004 52.9758 001002002003013010
5 52.9758 001002002003013010 16143.0 029001000019012004
5 16143.0 029001000019012004 11423.4 029001000019012017
5 11423.4 029001000019012017 52.9758 001002002003013010
5 52.9758 001002002003013010 4845400.0 006002002003020004
5 4845400.0 006002002003020004 2469230.0 006002002003020013
5 2469230.0 006002002003020013 52.9758 001002002003013010
5 52.9758 001002002003013010 3758210.0 015001002019013005
5 3758210.0 015001002019013005 47822.7 014001002019013005
5 47822.7 014001002019013005 52.9758 001002002003013010
5 52.9758 001002002003013010 149816000.0 024006002009013004
5 149816000.0 024006002009013004 52.9758 001002002003013010
5 52.9758 001002002003013010 4782.306666666667 024004000014012004
5 4782.306666666667 024004000014012004 126299.0 001001002009007004
5 126299.0 001001002009007004 1481.07 001001002000007004
5 1481.07 001001002000007004 52.9758 001002002003013010
5 52.9758 001002002003013010 18994500.0 028002002009007014
5 18994500.0 028002002009007014 21373.8 028002002009010014
5 21373.8 028002002009010014 52.9758 001002002003013010
5 52.9758 001002002003013010 934184.0 024000000009012014
5 934184.0 024000000009012014 487280.0 024000000014012014
5 487280.0 024000000014012014 52.9758 001002002003013010
5 52.9758 001002002003013010 11058.6 024004000019013010
5 11058.6 024004000019013010 95.5325 024004000019019010
5 95.5325 024004000019019010 52.9758 001002002003013010
5 52.9758 001002002003013010 353960.0 001001002014007011
5 353960.0 001001002014007011 3767.76 001001002024007011
5 3767.76 001001002024007011 52.9758 001002002003013010
5 52.9758 001002002003013010 29499.9 024001002009013004
5 29499.9 024001002009013004 16592.3 024001002009006004
5 16592.3 024001002009006004 52.9758 001002002003013010
5 52.9758 001002002003013010 41.4594 001000000025012011
5 41.4594 001000000025012011 52.9758 001002002003013010
5 52.9758 001002002003013010 95.5325 024004000019019010
5 95.5325 024004000019019010 34585.4 001001002019007010
5 34585.4 001001002019007010 31140.4 001001002012007010
5 31140.4 001001002012007010 41.4594 001000000025012011
5 41.4594 001000000025012011 448566.0 006004002014007004
5 448566.0 006004002014007004 14320.4 006004000014007004
5 14320.4 006004000014007004 41.4594 001000000025012011
5 41.4594 001000000025012011 769469000.0 029005002014007004
5 769469000.0 029005002014007004 6722750.0 009005002014007004
5 6722750.0 009005002014007004 41.4594 001000000025012011
5 41.4594 001000000025012011 756097.0 015000000014012010
5 756097.0 015000000014012010 675530.0 015000000014012013
5 675530.0 015000000014012013 41.4594 001000000025012011
5 41.4594 001000000025012011 83.9392 001004000009012004
5 83.9392 001004000009012004 51.8914 001004000009015004
5 51.8914 001004000009015004 41.4594 001000000025012011
5 41.4594 001000000025012011 541192.0 001004000019012010
5 541192.0 001004000019012010 460022.0 001004000020012010
5 460022.0 001004000020012010 41.4594 001000000025012011
5 41.4594 001000000025012011 17356.1 029001002019012004
5 17356.1 029001002019012004 8166.11 004001002019012004
5 8166.11 004001002019012004 41.4594 001000000025012011
5 41.4594 001000000025012011 2661290000.0 024004000014007004
5 2661290000.0 024004000014007004 15702.0 024001000014007004
5 15702.0 024001000014007004 41.4594 001000000025012011
5 41.4594 001000000025012011 2411212.0246666665 001001000003012004
5 2411212.0246666665 001001000003012004 3586.85 028001000003012004
5 3586.85 028001000003012004 41.4594 001000000025012011
5 41.4594 001000000025012011 11756.2 024001000014012004
5 11756.2 024001000014012004 82.9743 024001000014022004
5 82.9743 024001000014022004 41.4594 001000000025012011
5 41.4594 001000000025012011 9613.09 001000002003012004
5 9613.09 001000002003012004 1095.35 001002002003012004
5 1095.35 001002002003012004 41.4594 001000000025012011
5 41.4594 001000000025012011 5095496.5825 024002000014012004
5 5095496.5825 024002000014012004 41.4594 001000000025012011
5 41.4594 001000000025012011 51.8914 001004000009015004
5 51.8914 001004000009015004 568752.0 001002000014013004
5 568752.0 001002000014013004 506494.0 001002000014013009
5 506494.0 001002000014013009 41.4594 001000000025012011
5 41.4594 001000000025012011 1358280.0 001002002009007004
5 1358280.0 001002002009007004 6522.95 001002000009007004
5 6522.95 001002000009007004 41.4594 001000000025012011
5 41.4594 001000000025012011 706707.5 006002000009022011
5 706707.5 006002000009022011 706707.5 006002000009022011
5 706707.5 006002000009022011 41.4594 001000000025012011
5 41.4594 001000000025012011 14231.9 001001002003007004
5 14231.9 001001002003007004 12160.5 036001002003007004
5 12160.5 036001002003007004 41.4594 001000000025012011
5 41.4594 001000000025012011 527997.0 001004000014012004
5 527997.0 001004000014012004 1.72516 001004000014012010
5 1.72516 001004000014012010 41.4594 001000000025012011
5 41.4594 001000000025012011 53.1978 001001000014015004
5 53.1978 001001000014015004 1.72516 001004000014012010
5 1.72516 001004000014012010 41.4594 001000000025012011
5 41.4594 001000000025012011 7170.39 001001000025012010
5 7170.39 001001000025012010 4170.79 039001000025012010
5 4170.79 039001000025012010 1.72516 001004000014012010
5 1.72516 001004000014012010 631040.5 001001000003019004
5 631040.5 001001000003019004 854.931 001004000003019004
5 854.931 001004000003019004 1.72516 001004000014012010
5 1.72516 001004000014012010 244.004 006001000019015004
5 244.004 006001000019015004 12.0142 003001000019015004
5 12.0142 003001000019015004 1.72516 001004000014012010
5 1.72516 001004000014012010 2102380.0 024004000014015004
5 2102380.0 024004000014015004 4782.306666666667 024004000014012004
5 4782.306666666667 024004000014012004 1.72516 001004000014012010
5 1.72516 001004000014012010 4373760.0 024004000009019004
5 4373760.0 024004000009019004 1.72516 001004000014012010
5 1.72516 001004000014012010 12.0142 003001000019015004
5 12.0142 003001000019015004 18603200.0 024001000000012004
5 18603200.0 024001000000012004 62756.9 024006000000012004
5 62756.9 024006000000012004 1.72516 001004000014012010
5 1.72516 001004000014012010 208512.0 001004000025012004
5 208512.0 001004000025012004 147017.0 001004000025012002
5 147017.0 001004000025012002 1.72516 001004000014012010
5 1.72516 001004000014012010 5095496.5825 024002000014012004
5 5095496.5825 024002000014012004 36327.9 024002000001012004
5 36327.9 024002000001012004 1.72516 001004000014012010
5 1.72516 001004000014012010 318736.0 001001000009015011
5 318736.0 001001000009015011 43.8055 030001000009015011
5 43.8055 030001000009015011 1.72516 001004000014012010
5 1.72516 001004000014012010 1842730.0 003001000009012004
5 1842730.0 003001000009012004 368755.0 003001000009012010
5 368755.0 003001000009012010 1.72516 001004000014012010
5 1.72516 001004000014012010 41.9499 003001000014012004
5 41.9499 003001000014012004 1.72516 001004000014012010
5 1.72516 001004000014012010 12.0142 003001000019015004
5 12.0142 003001000019015004 238813.0 001001002019012010
5 238813.0 001001002019012010 1.72516 001004000014012010
5 1.72516 001004000014012010 12.0142 003001000019015004
5 12.0142 003001000019015004 248365.0 001001000019019004
5 248365.0 001001000019019004 207665.0 001001000005019004
5 207665.0 001001000005019004 1.72516 001004000014012010
5 1.72516 001004000014012010 3208.43945 001001000003012011
5 3208.43945 001001000003012011 3208.43945 001001000003012011
5 3208.43945 001001000003012011 1.72516 001004000014012010
5 1.72516 001004000014012010 37.5547 003004000014012004
5 37.5547 003004000014012004 37.5547 003004000014012004
5 37.5547 003004000014012004 1.72516 001004000014012010
5 1.72516 001004000014012010 85.182 006001002019012010
5 85.182 006001002019012010 1.72516 001004000014012010
5 1.72516 001004000014012010 37.5547 003004000014012004
5 37.5547 003004000014012004 1679808550.0 030002000000015004
5 1679808550.0 030002000000015004 1679808550.0 030002000000015004
5 1679808550.0 030002000000015004 1.72516 001004000014012010
5 1.72516 001004000014012010 12138.3 030002000009012011
5 12138.3 030002000009012011 3141.17 030002000001012011
5 3141.17 030002000001012011 1.72516 001004000014012010
5 1.72516 001004000014012010 2232380.0 024001000014019011
5 2232380.0 024001000014019011 15660.3 024001000014023011
5 15660.3 024001000014023011 1.72516 001004000014012010
5 1.72516 001004000014012010 4782.306666666667 024004000014012004
5 4782.306666666667 024004000014012004 3967.9 015004000014012004
5 3967.9 015004000014012004 1.72516 001004000014012010
5 1.72516 001004000014012010 2310160.0 006001000014015011
5 2310160.0 006001000014015011 4263.39 006001000014015018
5 4263.39 006001000014015018 1.72516 001004000014012010
5 1.72516 001004000014012010 3621130.0 006001000019012004
5 3621130.0 006001000019012004 208189.0 006004000019012004
5 208189.0 006004000019012004 1.72516 001004000014012010
5 1.72516 001004000014012010 2420720.0 006002002014012004
5 2420720.0 006002002014012004 1622900.0 006003002014012004
5 1622900.0 006003002014012004 1.72516 001004000014012010
5 1.72516 001004000014012010 11883.6 006001000003015004
5 11883.6 006001000003015004 2373.49 006002000003015004
5 2373.49 006002000003015004 1.72516 001004000014012010
5 1.72516 001004000014012010 869308.0 006004000019015004
5 869308.0 006004000019015004 7007.97 006004000019020004
5 7007.97 006004000019020004 1.72516 001004000014012010
5 1.72516 001004000014012010 392428.20178 001004000019013011
5 392428.20178 001004000019013011 1.72516 001004000014012010
5 1.72516 001004000014012010 37.5547 003004000014012004
5 37.5547 003004000014012004 2411212.0246666665 001001000003012004
5 2411212.0246666665 001001000003012004 1246.57 001001000003012001
5 1246.57 001001000003012001 1.72516 001004000014012010
5 1.72516 001004000014012010 3993.47 003001000003015010
5 3993.47 003001000003015010 1.72516 001004000014012010
5 1.72516 001004000014012010 392428.20178 001004000019013011
5 392428.20178 001004000019013011 631040.5 001001000003019004
5 631040.5 001001000003019004 1219.74 001001000003009004
5 1219.74 001001000003009004 1.72516 001004000014012010
5 1.72516 001004000014012010 21034400.0 024001002003012010
5 21034400.0 024001002003012010 16431100.0 024001002003012009
5 16431100.0 024001002003012009 1.72516 001004000014012010
5 1.72516 001004000014012010 230.89 024001000019013011
5 230.89 024001000019013011 184.903 024001000007013011
5 184.903 024001000007013011 1.72516 001004000014012010
5 1.72516 001004000014012010 479775.0 001004000009015011
5 479775.0 001004000009015011 1008.8 001004000009015012
5 1008.8 001004000009015012 1.72516 001004000014012010
5 1.72516 001004000014012010 362515.683 001001000009012010
5 362515.683 001001000009012010 362515.683 001001000009012010
5 362515.683 001001000009012010 1.72516 001004000014012010
5 1.72516 001004000014012010 11566208.345 024001000003013010
5 11566208.345 024001000003013010 11566208.345 024001000003013010
5 11566208.345 024001000003013010 1.72516 001004000014012010
5 1.72516 001004000014012010 1075630.0 001002000009012011
5 1075630.0 001002000009012011 596746.0 001002000009012007
5 596746.0 001002000009012007 1.72516 001004000014012010
5 1.72516 001004000014012010 7688.61 024001000009022011
5 7688.61 024001000009022011 7628.85 003001000009022011
5 7628.85 003001000009022011 1.72516 001004000014012010
5 1.72516 001004000014012010 384800.05337 003004000019015004
5 384800.05337 003004000019015004 1.72516 001004000014012010
5 1.72516 001004000014012010 392428.20178 001004000019013011
5 392428.20178 001004000019013011 37.5547 003004000014012004
5 37.5547 003004000014012004 65733.8 003006000014012004
5 65733.8 003006000014012004 1.72516 001004000014012010
5 1.72516 001004000014012010 4051.19195 001001000019015011
5 4051.19195 001001000019015011 7110.39 013001000019015011
5 7110.39 013001000019015011 1.72516 001004000014012010
5 1.72516 001004000014012010 2800.96 030001000009012004
5 2800.96 030001000009012004 1114.93 030001000014012004
5 1114.93 030001000014012004 1.72516 001004000014012010
5 1.72516 001004000014012010 2411212.0246666665 001001000003012004
5 2411212.0246666665 001001000003012004 1.72516 001004000014012010
5 1.72516 001004000014012010 392428.20178 001004000019013011
5 392428.20178 001004000019013011 205619.0 001001002014015004
5 205619.0 001001002014015004 145184.0 001001002018015004
5 145184.0 001001002018015004 1.72516 001004000014012010
5 1.72516 001004000014012010 16489.2 003004000025012010
5 16489.2 003004000025012010 11293.2 003004001025012010
5 11293.2 003004001025012010 1.72516 001004000014012010
5 1.72516 001004000014012010 6303.52 003001000019012010
5 6303.52 003001000019012010 594364.0 003001000005012010
5 594364.0 003001000005012010 1.72516 001004000014012010
5 1.72516 001004000014012010 31141.4 001002000019012011
5 31141.4 001002000019012011 7.15262 036002000019012011
5 7.15262 036002000019012011 1.72516 001004000014012010
5 1.72516 001004000014012010 98914.9766085 001000000019015004
5 98914.9766085 001000000019015004 1.72516 001004000014012010
5 1.72516 001004000014012010 392428.20178 001004000019013011
5 392428.20178 001004000019013011 273735.0 001004000019013010
5 273735.0 001004000019013010 217288.0 001004000006013010
5 217288.0 001004000006013010 98914.9766085 001000000019015004
5 98914.9766085 001000000019015004 21.1856 003000000014013011
5 21.1856 003000000014013011 98914.9766085 001000000019015004
5 98914.9766085 001000000019015004 1.72516 001004000014012010
5 1.72516 001004000014012010 156490.0 001001000019013004
5 156490.0 001001000019013004 119.978 001001002019013004
5 119.978 001001002019013004 98914.9766085 001000000019015004
5 98914.9766085 001000000019015004 1172710.0 003001000009015004
5 1172710.0 003001000009015004 851688.0 003001001009015004
5 851688.0 003001001009015004 98914.9766085 001000000019015004
5 98914.9766085 001000000019015004 203.782 001004000003012011
5 203.782 001004000003012011 14626.6 001004001003012011
5 14626.6 001004001003012011 98914.9766085 001000000019015004
5 98914.9766085 001000000019015004 1.72516 001004000014012010
5 1.72516 001004000014012010 508572.0 001004000014008010
5 508572.0 001004000014008010 98914.9766085 001000000019015004
5 98914.9766085 001000000019015004 3374.64 036001000019015004
5 3374.64 036001000019015004 2084.61 036001000016015004
5 2084.61 036001000016015004 98914.9766085 001000000019015004
5 98914.9766085 001000000019015004 162796.0 001000000025015004
5 162796.0 001000000025015004 14.2599 001000000025015006
5 14.2599 001000000025015006 98914.9766085 001000000019015004
5 98914.9766085 001000000019015004 6352.03 001000000009013011
5 6352.03 001000000009013011 65.5547 001000000010013011
5 65.5547 001000000010013011 98914.9766085 001000000019015004
5 98914.9766085 001000000019015004 11024.0 001004000003012004
5 11024.0 001004000003012004 203.782 001004000003012011
5 203.782 001004000003012011 98914.9766085 001000000019015004
5 98914.9766085 001000000019015004 539171.0 001001000019012004
5 539171.0 001001000019012004 25628.5 001001000021012004
5 25628.5 001001000021012004 98914.9766085 001000000019015004
5 98914.9766085 001000000019015004 516072.0 001004000009012010
5 516072.0 001004000009012010 6145.72 001003000009012010
5 6145.72 001003000009012010 98914.9766085 001000000019015004
5 98914.9766085 001000000019015004 164721.17626666668 003000000019015004
5 164721.17626666668 003000000019015004 98914.9766085 001000000019015004
5 98914.9766085 001000000019015004 1.72516 001004000014012010
5 1.72516 001004000014012010 272677.0131 003000000019012011
5 272677.0131 003000000019012011 5422.08 003000000019005011
5 5422.08 003000000019005011 98914.9766085 001000000019015004
5 98914.9766085 001000000019015004 392428.20178 001004000019013011
5 392428.20178 001004000019013011 392428.20178 001004000019013011
5 392428.20178 001004000019013011 98914.9766085 001000000019015004
5 98914.9766085 001000000019015004 762449.0 001001000019013011
5 762449.0 001001000019013011 762449.0 001001000019013011
5 762449.0 001001000019013011 98914.9766085 001000000019015004
5 98914.9766085 001000000019015004 873020.0 001000000014015011
5 873020.0 001000000014015011 1.39174 005000000014015011
5 1.39174 005000000014015011 98914.9766085 001000000019015004
5 98914.9766085 001000000019015004 298873.0 003000000014012011
5 298873.0 003000000014012011 45.7547 003000000014012008
5 45.7547 003000000014012008 98914.9766085 001000000019015004
5 98914.9766085 001000000019015004 2128.86 001001000014013006
5 2128.86 001001000014013006 102.537 001004000014013006
5 102.537 001004000014013006 98914.9766085 001000000019015004
5 98914.9766085 001000000019015004 1722250.0 030000000019012011
5 1722250.0 030000000019012011 1497590.0 030000000019012007
5 1497590.0 030000000019012007 98914.9766085 001000000019015004
5 98914.9766085 001000000019015004 18878.9 005004000003012004
5 18878.9 005004000003012004 197.431 005004000010012004
5 197.431 005004000010012004 98914.9766085 001000000019015004
5 98914.9766085 001000000019015004 4537.3 001000000019012004
5 4537.3 001000000019012004 98914.9766085 001000000019015004
5 98914.9766085 001000000019015004 1.39174 005000000014015011
5 1.39174 005000000014015011 873020.0 001000000014015011
5 873020.0 001000000014015011 815546.0 001000000014015006
5 815546.0 001000000014015006 98914.9766085 001000000019015004
5 98914.9766085 001000000019015004 8489.85 036004000003015004
5 8489.85 036004000003015004 5823.99 036004000003023004
5 5823.99 036004000003023004 98914.9766085 001000000019015004
5 98914.9766085 001000000019015004 737726.5 003004000014012011
5 737726.5 003004000014012011 338245.0 006004000014012011
5 338245.0 006004000014012011 98914.9766085 001000000019015004
5 98914.9766085 001000000019015004 740394.0 001000000014012008
5 740394.0 001000000014012008 45.7454 001000001014012008
5 45.7454 001000001014012008 98914.9766085 001000000019015004
5 98914.9766085 001000000019015004 272677.0131 003000000019012011
5 272677.0131 003000000019012011 2.1542 003000000019019011
5 2.1542 003000000019019011 98914.9766085 001000000019015004
5 98914.9766085 001000000019015004 40310.7 001000000014015004
5 40310.7 001000000014015004 88.4858 001000000014006004
5 88.4858 001000000014006004 98914.9766085 001000000019015004
5 98914.9766085 001000000019015004 479.049 001000000014012011
5 479.049 001000000014012011 77.7999 001000000017012011
5 77.7999 001000000017012011 98914.9766085 001000000019015004
5 98914.9766085 001000000019015004 173575.0 001002000025013004
5 173575.0 001002000025013004 97.665 004002000025013004
5 97.665 004002000025013004 98914.9766085 001000000019015004
5 98914.9766085 001000000019015004 527997.0 001004000014012004
5 527997.0 001004000014012004 105.681 001004000021012004
5 105.681 001004000021012004 98914.9766085 001000000019015004
5 98914.9766085 001000000019015004 272677.0131 003000000019012011
5 272677.0131 003000000019012011 191602.0 003000001019012011
5 191602.0 003000001019012011 98914.9766085 001000000019015004
5 98914.9766085 001000000019015004 208876.0 003000000019012008
5 208876.0 003000000019012008 46.786 003005000019012008
5 46.786 003005000019012008 98914.9766085 001000000019015004
5 98914.9766085 001000000019015004 272677.0131 003000000019012011
5 272677.0131 003000000019012011 98914.9766085 001000000019015004
5 98914.9766085 001000000019015004 1.39174 005000000014015011
5 1.39174 005000000014015011 595823.5 001000000019013011
5 595823.5 001000000019013011 595823.5 001000000019013011
5 595823.5 001000000019013011 98914.9766085 001000000019015004
5 98914.9766085 001000000019015004 4757210.0 030005000014015011
5 4757210.0 030005000014015011 568351.0 030005000014022011
5 568351.0 030005000014022011 98914.9766085 001000000019015004
5 98914.9766085 001000000019015004 234977.0 003002000014012004
5 234977.0 003002000014012004 184.522 003002002014012004
5 184.522 003002002014012004 98914.9766085 001000000019015004
5 98914.9766085 001000000019015004 456823.0 003000000025012010
5 456823.0 003000000025012010 183806.0 003000000025012006
5 183806.0 003000000025012006 98914.9766085 001000000019015004
5 98914.9766085 001000000019015004 344798.0 001004000019019011
5 344798.0 001004000019019011 1246.05 001004000019008011
5 1246.05 001004000019008011 98914.9766085 001000000019015004
5 98914.9766085 001000000019015004 38.887 003000000019012004
5 38.887 003000000019012004 5.80085 007000000019012004
5 5.80085 007000000019012004 98914.9766085 001000000019015004
5 98914.9766085 001000000019015004 384800.05337 003004000019015004
5 384800.05337 003004000019015004 7282.29 003004000011015004
5 7282.29 003004000011015004 98914.9766085 001000000019015004
5 98914.9766085 001000000019015004 14287.78 005001000025012004
5 14287.78 005001000025012004 14287.78 005001000025012004
5 14287.78 005001000025012004 98914.9766085 001000000019015004
5 98914.9766085 001000000019015004 139089.8 003000000014015004
5 139089.8 003000000014015004 108661.0 003003000014015004
5 108661.0 003003000014015004 98914.9766085 001000000019015004
5 98914.9766085 001000000019015004 81.9797 001000000014013008
5 81.9797 001000000014013008 98914.9766085 001000000019015004
5 98914.9766085 001000000019015004 1.39174 005000000014015011
5 1.39174 005000000014015011 345504.0 003000000009013011
5 345504.0 003000000009013011 9162.31 003004000009013011
5 9162.31 003004000009013011 98914.9766085 001000000019015004
5 98914.9766085 001000000019015004 950.654 003004000019012004
5 950.654 003004000019012004 37.5547 003004000014012004
5 37.5547 003004000014012004 98914.9766085 001000000019015004
5 98914.9766085 001000000019015004 1893270.0 030004000014015011
5 1893270.0 030004000014015011 6197.2673 030000000014015011
5 6197.2673 030000000014015011 98914.9766085 001000000019015004
5 98914.9766085 001000000019015004 247686.0 003004000019015011
5 247686.0 003004000019015011 14489.7 006004000019015011
5 14489.7 006004000019015011 98914.9766085 001000000019015004
5 98914.9766085 001000000019015004 384800.05337 003004000019015004
5 384800.05337 003004000019015004 86.844 003004000004015004
5 86.844 003004000004015004 98914.9766085 001000000019015004
5 98914.9766085 001000000019015004 16732.6 030000000019015006
5 16732.6 030000000019015006 3.6842 011000000019015006
5 3.6842 011000000019015006 98914.9766085 001000000019015004
5 98914.9766085 001000000019015004 307397.0 001000000019015006
5 307397.0 001000000019015006 307397.0 001000000019015006
5 307397.0 001000000019015006 98914.9766085 001000000019015004
5 98914.9766085 001000000019015004 272677.0131 003000000019012011
5 272677.0131 003000000019012011 98914.9766085 001000000019015004
5 98914.9766085 001000000019015004 1.39174 005000000014015011
5 1.39174 005000000014015011 2092700.6666666667 036000000019015004
5 2092700.6666666667 036000000019015004 2092700.6666666667 036000000019015004
5 2092700.6666666667 036000000019015004 98914.9766085 001000000019015004
5 98914.9766085 001000000019015004 10111.8 003000000025015004
5 10111.8 003000000025015004 79.194 012000000025015004
5 79.194 012000000025015004 98914.9766085 001000000019015004
5 98914.9766085 001000000019015004 541192.0 001004000019012010
5 541192.0 001004000019012010 202425.0 001006000019012010
5 202425.0 001006000019012010 98914.9766085 001000000019015004
5 98914.9766085 001000000019015004 143218.04083333333 003000000019015011
5 143218.04083333333 003000000019015011 6.74722 003000000019015010
5 6.74722 003000000019015010 98914.9766085 001000000019015004
5 98914.9766085 001000000019015004 710164.0 007004000025015004
5 710164.0 007004000025015004 15074.2 007004000025015006
5 15074.2 007004000025015006 98914.9766085 001000000019015004
5 98914.9766085 001000000019015004 143218.04083333333 003000000019015011
5 143218.04083333333 003000000019015011 14.0675 003000000019017011
5 14.0675 003000000019017011 98914.9766085 001000000019015004
5 98914.9766085 001000000019015004 6303.52 003001000019012010
5 6303.52 003001000019012010 2353.71 003001000003012010
5 2353.71 003001000003012010 98914.9766085 001000000019015004
5 98914.9766085 001000000019015004 4089680.0 011004000019012011
5 4089680.0 011004000019012011 987518.0 011000000019012011
5 987518.0 011000000019012011 98914.9766085 001000000019015004
5 98914.9766085 001000000019015004 331962.0 011004000014015010
5 331962.0 011004000014015010 11117.9 037004000014015010
5 11117.9 037004000014015010 98914.9766085 001000000019015004
5 98914.9766085 001000000019015004 235259.5 001000000025015010
5 235259.5 001000000025015010 235259.5 001000000025015010
5 235259.5 001000000025015010 98914.9766085 001000000019015004
5 98914.9766085 001000000019015004 410793.0 003004000025012011
5 410793.0 003004000025012011 293379.0 006004000025012011
5 293379.0 006004000025012011 98914.9766085 001000000019015004
5 98914.9766085 001000000019015004 139089.8 003000000014015004
5 139089.8 003000000014015004 98914.9766085 001000000019015004
5 98914.9766085 001000000019015004 1.39174 005000000014015011
5 1.39174 005000000014015011 164721.17626666668 003000000019015004
5 164721.17626666668 003000000019015004 15597.4 003000002019015004
5 15597.4 003000002019015004 98914.9766085 001000000019015004
5 98914.9766085 001000000019015004 136947.815 003000000019017004
5 136947.815 003000000019017004 98914.9766085 001000000019015004
5 98914.9766085 001000000019015004 1.39174 005000000014015011
5 1.39174 005000000014015011 6197.2673 030000000014015011
5 6197.2673 030000000014015011 4224.3 030000000000015011
5 4224.3 030000000000015011 98914.9766085 001000000019015004
5 98914.9766085 001000000019015004 1371190.0 003004000014015011
5 1371190.0 003004000014015011 38.938 003002000014015011
5 38.938 003002000014015011 98914.9766085 001000000019015004
5 98914.9766085 001000000019015004 13504.5 001000000019015011
5 13504.5 001000000019015011 59.4991 001000000019010011
5 59.4991 001000000019010011 98914.9766085 001000000019015004
5 98914.9766085 001000000019015004 1336740.0 003000000019017006
5 1336740.0 003000000019017006 116599.0 003000000019014006
5 116599.0 003000000019014006 98914.9766085 001000000019015004
5 98914.9766085 001000000019015004 204444.0 001004000014015011
5 204444.0 001004000014015011 12429.8 001003000014015011
5 12429.8 001003000014015011 98914.9766085 001000000019015004
5 98914.9766085 001000000019015004 3107040.0 036004000019015011
5 3107040.0 036004000019015011 1194180.0 036004000019009011
5 1194180.0 036004000019009011 98914.9766085 001000000019015004
5 98914.9766085 001000000019015004 267383.0 005000000019015011
5 267383.0 005000000019015011 49.365 005000000019015013
5 49.365 005000000019015013 98914.9766085 001000000019015004
5 98914.9766085 001000000019015004 787341.0 011000000014013004
5 787341.0 011000000014013004 10230.9 011000000014004004
5 10230.9 011000000014004004 98914.9766085 001000000019015004
5 98914.9766085 001000000019015004 1225540.0 011001000014015011
5 1225540.0 011001000014015011 899723.0 011002000014015011
5 899723.0 011002000014015011 98914.9766085 001000000019015004
5 98914.9766085 001000000019015004 3792.0276 005000000019019011
5 3792.0276 005000000019019011 3792.0276 005000000019019011
5 3792.0276 005000000019019011 98914.9766085 001000000019015004
5 98914.9766085 001000000019015004 5432.25 011000000014015004
5 5432.25 011000000014015004 81.1633 011000000014015001
5 81.1633 011000000014015001 98914.9766085 001000000019015004
5 98914.9766085 001000000019015004 264.338 030001000019013011
5 264.338 030001000019013011 98914.9766085 001000000019015004
5 98914.9766085 001000000019015004 1.39174 005000000014015011
5 1.39174 005000000014015011 2517840.0 003002000019013011
5 2517840.0 003002000019013011 1118240.0 003005000019013011
5 1118240.0 003005000019013011 98914.9766085 001000000019015004
5 98914.9766085 001000000019015004 103.513 005002000019012011
5 103.513 005002000019012011 11.3086 016002000019012011
5 11.3086 016002000019012011 98914.9766085 001000000019015004
5 98914.9766085 001000000019015004 9311.99 003002000019015006
5 9311.99 003002000019015006 88.2896 003002000021015006
5 88.2896 003002000021015006 98914.9766085 001000000019015004
5 98914.9766085 001000000019015004 286528.0 003001000019015011
5 286528.0 003001000019015011 279069.0 003001000019024011
5 279069.0 003001000019024011 98914.9766085 001000000019015004
5 98914.9766085 001000000019015004 743962.0 007002000014015010
5 743962.0 007002000014015010 13737.4 007002000014015007
5 13737.4 007002000014015007 98914.9766085 001000000019015004
5 98914.9766085 001000000019015004 2035.93 003000000014015011
5 2035.93 003000000014015011 98914.9766085 001000000019015004
5 98914.9766085 001000000019015004 1.39174 005000000014015011
5 1.39174 005000000014015011 4051.19195 001001000019015011
5 4051.19195 001001000019015011 30.049905 001001000019015006
5 30.049905 001001000019015006 98914.9766085 001000000019015004
5 98914.9766085 001000000019015004 2075610.0 036002000014012006
5 2075610.0 036002000014012006 12829.6 036005000014012006
5 12829.6 036005000014012006 30.049905 001001000019015006
5 30.049905 001001000019015006 2092700.6666666667 036000000019015004
5 2092700.6666666667 036000000019015004 236349.0 036000000003015004
5 236349.0 036000000003015004 30.049905 001001000019015006
5 30.049905 001001000019015006 257481.0 001000000014019011
5 257481.0 001000000014019011 30.049905 001001000019015006
5 30.049905 001001000019015006 98914.9766085 001000000019015004
5 98914.9766085 001000000019015004 76.2645 001000000019019006
5 76.2645 001000000019019006 76.2645 001000000019019006
5 76.2645 001000000019019006 30.049905 001001000019015006
5 30.049905 001001000019015006 1522740.0 016004000014012011
5 1522740.0 016004000014012011 991959.0 009004000014012011
5 991959.0 009004000014012011 30.049905 001001000019015006
5 30.049905 001001000019015006 404646.0 003000000019015006
5 404646.0 003000000019015006 197142.0 003004000019015006
5 197142.0 003004000019015006 30.049905 001001000019015006
5 30.049905 001001000019015006 152217.0 003000000019019010
5 152217.0 003000000019019010 9960.41 003000001019019010
5 9960.41 003000001019019010 30.049905 001001000019015006
5 30.049905 001001000019015006 2903880.0 005001000019012011
5 2903880.0 005001000019012011 1019360.0 007001000019012011
5 1019360.0 007001000019012011 30.049905 001001000019015006
5 30.049905 001001000019015006 1471740.0 030000000019012010
5 1471740.0 030000000019012010 757.09 030000000019012017
5 757.09 030000000019012017 30.049905 001001000019015006
5 30.049905 001001000019015006 98914.9766085 001000000019015004
5 98914.9766085 001000000019015004 168851.0 001000000019014004
5 168851.0 001000000019014004 30.049905 001001000019015006
5 30.049905 001001000019015006 108.197 030000000014017004
5 108.197 030000000014017004 30.049905 001001000019015006
5 30.049905 001001000019015006 98914.9766085 001000000019015004
5 98914.9766085 001000000019015004 3423830.0 005001000019015011
5 3423830.0 005001000019015011 4512.21 005001000019016011
5 4512.21 005001000019016011 30.049905 001001000019015006
5 30.049905 001001000019015006 1517570.0 003004000019015010
5 1517570.0 003004000019015010 84.1735 003004000021015010
5 84.1735 003004000021015010 30.049905 001001000019015006
5 30.049905 001001000019015006 1491290.0 001002000019019011
5 1491290.0 001002000019019011 419857.0 001002002019019011
5 419857.0 001002002019019011 30.049905 001001000019015006
5 30.049905 001001000019015006 143218.04083333333 003000000019015011
5 143218.04083333333 003000000019015011 40.8207 021000000019015011
5 40.8207 021000000019015011 30.049905 001001000019015006
5 30.049905 001001000019015006 737726.5 003004000014012011
5 737726.5 003004000014012011 2153.83 003004000014000011
5 2153.83 003004000014000011 30.049905 001001000019015006
5 30.049905 001001000019015006 372459.0 003000000014015010
5 372459.0 003000000014015010 303417.0 003000000014021010
5 303417.0 003000000014021010 30.049905 001001000019015006
5 30.049905 001001000019015006 30.049905 001001000019015006
5 30.049905 001001000019015006 31.4303 009001000019015006
5 31.4303 009001000019015006 30.049905 001001000019015006
5 30.049905 001001000019015006 50.4136 001002000019012004
5 50.4136 001002000019012004 30.049905 001001000019015006
5 30.049905 001001000019015006 98914.9766085 001000000019015004
5 98914.9766085 001000000019015004 215444.0 001000000019015010
5 215444.0 001000000019015010 10379.1 001000000019000010
5 10379.1 001000000019000010 30.049905 001001000019015006
5 30.049905 001001000019015006 2209.03 001000000014013004
5 2209.03 001000000014013004 43.6346 001000000015013004
5 43.6346 001000000015013004 30.049905 001001000019015006
5 30.049905 001001000019015006 9290590.0 036004000014012011
5 9290590.0 036004000014012011 6470040.0 035004000014012011
5 6470040.0 035004000014012011 30.049905 001001000019015006
5 30.049905 001001000019015006 418804.0 007004000025015011
5 418804.0 007004000025015011 12621.9 007002000025015011
5 12621.9 007002000025015011 30.049905 001001000019015006
5 30.049905 001001000019015006 9369.786706666668 036000000019015011
5 9369.786706666668 036000000019015011 30.049905 001001000019015006
5 30.049905 001001000019015006 98914.9766085 001000000019015004
5 98914.9766085 001000000019015004 9369.786706666668 036000000019015011
5 9369.786706666668 036000000019015011 43.7572 036000000019015007
5 43.7572 036000000019015007 30.049905 001001000019015006
5 30.049905 001001000019015006 7.0392 001004000019017004
5 7.0392 001004000019017004 30.049905 001001000019015006
5 30.049905 001001000019015006 98914.9766085 001000000019015004
5 98914.9766085 001000000019015004 92.335 036002000019015011
5 92.335 036002000019015011 30.049905 001001000019015006
5 30.049905 001001000019015006 98914.9766085 001000000019015004
5 98914.9766085 001000000019015004 164721.17626666668 003000000019015004
5 164721.17626666668 003000000019015004 6340.73 003000000019024004
5 6340.73 003000000019024004 30.049905 001001000019015006
5 30.049905 001001000019015006 9369.786706666668 036000000019015011
5 9369.786706666668 036000000019015011 28.0694 037000000019015011
5 28.0694 037000000019015011 30.049905 001001000019015006
5 30.049905 001001000019015006 306555.0 005000000014019011
5 306555.0 005000000014019011 1634.01 005000000014019013
5 1634.01 005000000014019013 30.049905 001001000019015006
5 30.049905 001001000019015006 267490.0 001004000019015004
5 267490.0 001004000019015004 267490.0 001004000019015004
5 267490.0 001004000019015004 30.049905 001001000019015006
5 30.049905 001001000019015006 1493860.0 003002000019015011
5 1493860.0 003002000019015011 1196950.0 003002000012015011
5 1196950.0 003002000012015011 30.049905 001001000019015006
5 30.049905 001001000019015006 219225.0 007001000019013004
5 219225.0 007001000019013004 7252.26 033001000019013004
5 7252.26 033001000019013004 30.049905 001001000019015006
5 30.049905 001001000019015006 136947.815 003000000019017004
5 136947.815 003000000019017004 58214.1 003000001019017004
5 58214.1 003000001019017004 30.049905 001001000019015006
5 30.049905 001001000019015006 24671.9 036001001014015004
5 24671.9 036001001014015004 12494.6 036001001015015004
5 12494.6 036001001015015004 30.049905 001001000019015006
5 30.049905 001001000019015006 29008.3 011004000019015004
5 29008.3 011004000019015004 7650.83 011004000019015009
5 7650.83 011004000019015009 30.049905 001001000019015006
5 30.049905 001001000019015006 687195.0 016004000019015004
5 687195.0 016004000019015004 32321.6 016006000019015004
5 32321.6 016006000019015004 30.049905 001001000019015006
5 30.049905 001001000019015006 1568.13 016000000019015004
5 1568.13 016000000019015004 1568.13 016000000019015004
5 1568.13 016000000019015004 30.049905 001001000019015006
5 30.049905 001001000019015006 1623410.0 005000000019012004
5 1623410.0 005000000019012004 442.306 005000002019012004
5 442.306 005000002019012004 30.049905 001001000019015006
5 30.049905 001001000019015006 37.33185 001000000019013006
5 37.33185 001000000019013006 37.33185 001000000019013006
5 37.33185 001000000019013006 30.049905 001001000019015006
5 30.049905 001001000019015006 307397.0 001000000019015006
5 307397.0 001000000019015006 117.957 001000000003015006
5 117.957 001000000003015006 30.049905 001001000019015006
6 30.049905 001001000019015006 563239.0 022000002018016013
6 563239.0 022000002018016013 2239.46 022000002019016013
6 2239.46 022000002019016013 13272.1 024003001009008000
6 13272.1 024003001009008000 4828880000.0 015004002018004000
6 4828880000.0 015004002018004000 148567000.0 040004002018004000
6 148567000.0 040004002018004000 2239.46 022000002019016013
6 2239.46 022000002019016013 15479.7 002000002014008010
6 15479.7 002000002014008010 58.5514 002000002014008002
6 58.5514 002000002014008002 2239.46 022000002019016013
6 2239.46 022000002019016013 22095.5 022002002014003013
6 22095.5 022002002014003013 173.637 022002002000003013
6 173.637 022002002000003013 58.5514 002000002014008002
6 58.5514 002000002014008002 5705890.0 020002000015018009
6 5705890.0 020002000015018009 261780.0 017002000015018009
6 261780.0 017002000015018009 58.5514 002000002014008002
6 58.5514 002000002014008002 3510030.0 002002002018008013
6 3510030.0 002002002018008013 70491.2 002006002018008013
6 70491.2 002006002018008013 58.5514 002000002014008002
6 58.5514 002000002014008002 5817590000.0 024002002016018010
6 5817590000.0 024002002016018010 100433000.0 024002002016018007
6 100433000.0 024002002016018007 58.5514 002000002014008002
6 58.5514 002000002014008002 40935523.3645 017003000016016004
6 40935523.3645 017003000016016004 40935523.3645 017003000016016004
6 40935523.3645 017003000016016004 58.5514 002000002014008002
6 58.5514 002000002014008002 3914750.0 022001000014004014
6 3914750.0 022001000014004014 2412.64 022001000023004014
6 2412.64 022001000023004014 58.5514 002000002014008002
6 58.5514 002000002014008002 215152.6 002003002014025013
6 215152.6 002003002014025013 215152.6 002003002014025013
6 215152.6 002003002014025013 58.5514 002000002014008002
6 58.5514 002000002014008002 11012.2 022000000018019013
6 11012.2 022000000018019013 10192.1 022000000018023013
6 10192.1 022000000018023013 58.5514 002000002014008002
6 58.5514 002000002014008002 520367.44033 022000000014019013
6 520367.44033 022000000014019013 58.5514 002000002014008002
6 58.5514 002000002014008002 40935523.3645 017003000016016004
6 40935523.3645 017003000016016004 1851050.0 004003001014016013
6 1851050.0 004003001014016013 1168490.0 004003001014016000
6 1168490.0 004003001014016000 520367.44033 022000000014019013
6 520367.44033 022000000014019013 41.0642 001000002018025004
6 41.0642 001000002018025004 520367.44033 022000000014019013
6 520367.44033 022000000014019013 58.5514 002000002014008002
6 58.5514 002000002014008002 395033.0 001003001014008003
6 395033.0 001003001014008003 11020.7 001003001014016003
6 11020.7 001003001014016003 520367.44033 022000000014019013
6 520367.44033 022000000014019013 29913.7 022002000008008002
6 29913.7 022002000008008002 520367.44033 022000000014019013
6 520367.44033 022000000014019013 41.0642 001000002018025004
6 41.0642 001000002018025004 707316.0 001000000014003004
6 707316.0 001000000014003004 309470.0 001000000012003004
6 309470.0 001000000012003004 520367.44033 022000000014019013
6 520367.44033 022000000014019013 1415.8 017003000018008013
6 1415.8 017003000018008013 520367.44033 022000000014019013
6 520367.44033 022000000014019013 41.0642 001000002018025004
6 41.0642 001000002018025004 146670.0 002001001014008002
6 146670.0 002001001014008002 16632.5 002001001014008010
6 16632.5 002001001014008010 520367.44033 022000000014019013
6 520367.44033 022000000014019013 231219.0 002000001014016013
6 231219.0 002000001014016013 33308.9 027000001014016013
6 33308.9 027000001014016013 520367.44033 022000000014019013
6 520367.44033 022000000014019013 436123.0 002003001016019002
6 436123.0 002003001016019002 32125.2 017003001016019002
6 32125.2 017003001016019002 520367.44033 022000000014019013
6 520367.44033 022000000014019013 189150000.0 017000002014008003
6 189150000.0 017000002014008003 29449400.0 017000002014015003
6 29449400.0 017000002014015003 520367.44033 022000000014019013
6 520367.44033 022000000014019013 183478.0 002000002014008000
6 183478.0 002000002014008000 48636.4 002000002024008000
6 48636.4 002000002024008000 520367.44033 022000000014019013
6 520367.44033 022000000014019013 62437.6 022000002018025013
6 62437.6 022000002018025013 18010.1 022000002015025013
6 18010.1 022000002015025013 520367.44033 022000000014019013
6 520367.44033 022000000014019013 694832.87 022002000014019013
6 694832.87 022002000014019013 694832.87 022002000014019013
6 694832.87 022002000014019013 520367.44033 022000000014019013
6 520367.44033 022000000014019013 16738900.0 022002002014019013
6 16738900.0 022002002014019013 28.0943 001002002014019013
6 28.0943 001002002014019013 520367.44033 022000000014019013
6 520367.44033 022000000014019013 3664735.0 022001000014016013
6 3664735.0 022001000014016013 3664735.0 022001000014016013
6 3664735.0 022001000014016013 520367.44033 022000000014019013
6 520367.44033 022000000014019013 114908000.0 022003002018025004
6 114908000.0 022003002018025004 46758.0 022003002018009004
6 46758.0 022003002018009004 520367.44033 022000000014019013
6 520367.44033 022000000014019013 185705.5675 001001001018008004
6 185705.5675 001001001018008004 185705.5675 001001001018008004
6 185705.5675 001001001018008004 520367.44033 022000000014019013
6 520367.44033 022000000014019013 11812.9 001001002014008013
6 11812.9 001001002014008013 5562.09 001001000014008013
6 5562.09 001001000014008013 520367.44033 022000000014019013
6 520367.44033 022000000014019013 313102.0 001000000014019004
6 313102.0 001000000014019004 8220.6 001000000014020004
6 8220.6 001000000014020004 520367.44033 022000000014019013
6 520367.44033 022000000014019013 4379630.0 022001002023019013
6 4379630.0 022001002023019013 36325.9 022001002023015013
6 36325.9 022001002023015013 520367.44033 022000000014019013
6 520367.44033 022000000014019013 293460.0 017000000014025013
6 293460.0 017000000014025013 96227.0 028000000014025013
6 96227.0 028000000014025013 520367.44033 022000000014019013
6 520367.44033 022000000014019013 85.0239 001000001018003013
6 85.0239 001000001018003013 520367.44033 022000000014019013
6 520367.44033 022000000014019013 28.0943 001002002014019013
6 28.0943 001002002014019013 797178.5 002002000000016013
6 797178.5 002002000000016013 797178.5 002002000000016013
6 797178.5 002002000000016013 520367.44033 022000000014019013
6 520367.44033 022000000014019013 680902.0 001000000018019013
6 680902.0 001000000018019013 368886.0 001000000018019002
6 368886.0 001000000018019002 520367.44033 022000000014019013
6 520367.44033 022000000014019013 203278.1205 022001002014019013
6 203278.1205 022001002014019013 203278.1205 022001002014019013
6 203278.1205 022001002014019013 520367.44033 022000000014019013
6 520367.44033 022000000014019013 520367.44033 022000000014019013
6 520367.44033 022000000014019013 4147.7 022005000014019013
6 4147.7 022005000014019013 520367.44033 022000000014019013
6 520367.44033 022000000014019013 4867213.0 022000002014019013
6 4867213.0 022000002014019013 4867213.0 022000002014019013
6 4867213.0 022000002014019013 520367.44033 022000000014019013
6 520367.44033 022000000014019013 10691640.7 022001002018008013
6 10691640.7 022001002018008013 10691640.7 022001002018008013
6 10691640.7 022001002018008013 520367.44033 022000000014019013
6 520367.44033 022000000014019013 502688.0 022000000019004013
6 502688.0 022000000019004013 12345.5 019000000019004013
6 12345.5 019000000019004013 520367.44033 022000000014019013
6 520367.44033 022000000014019013 366741.0 001000000019020014
6 366741.0 001000000019020014 1119.89 007000000019020014
6 1119.89 007000000019020014 520367.44033 022000000014019013
6 520367.44033 022000000014019013 2640350.0 022000000014003004
6 2640350.0 022000000014003004 4183.84 022000000005003004
6 4183.84 022000000005003004 520367.44033 022000000014019013
6 520367.44033 022000000014019013 4744.03 017001000014008004
6 4744.03 017001000014008004 2198.85 017001000014019004
6 2198.85 017001000014019004 520367.44033 022000000014019013
6 520367.44033 022000000014019013 409408.0 022000000016003004
6 409408.0 022000000016003004 165256.0 022000000016019004
6 165256.0 022000000016019004 520367.44033 022000000014019013
6 520367.44033 022000000014019013 1247.45 017000000005016004
6 1247.45 017000000005016004 63.3197 017000000005012004
6 63.3197 017000000005012004 520367.44033 022000000014019013
6 520367.44033 022000000014019013 577463.0 001000002018016013
6 577463.0 001000002018016013 2959.56 001000000018016013
6 2959.56 001000000018016013 520367.44033 022000000014019013
6 520367.44033 022000000014019013 33326.077 017003002014003014
6 33326.077 017003002014003014 33326.077 017003002014003014
6 33326.077 017003002014003014 520367.44033 022000000014019013
6 520367.44033 022000000014019013 146002000.0 022000002018016002
6 146002000.0 022000002018016002 15277.3 022000002018005002
6 15277.3 022000002018005002 520367.44033 022000000014019013
6 520367.44033 022000000014019013 4293530.0 017001000019016002
6 4293530.0 017001000019016002 3290.19 017005000019016002
6 3290.19 017005000019016002 520367.44033 022000000014019013
6 520367.44033 022000000014019013 2249.02 001000001005016013
6 2249.02 001000001005016013 38.7632 001000001012016013
6 38.7632 001000001012016013 520367.44033 022000000014019013
6 520367.44033 022000000014019013 13157.2 001000002014016013
6 13157.2 001000002014016013 520367.44033 022000000014019013
6 520367.44033 022000000014019013 203278.1205 022001002014019013
6 203278.1205 022001002014019013 399015.0 017000000018016013
6 399015.0 017000000018016013 11708.3 017000000018008013
6 11708.3 017000000018008013 520367.44033 022000000014019013
6 520367.44033 022000000014019013 25711800.0 017000002018019004
6 25711800.0 017000002018019004 3139570.0 017000001018019004
6 3139570.0 017000001018019004 520367.44033 022000000014019013
6 520367.44033 022000000014019013 394920.0 001000000014019013
6 394920.0 001000000014019013 61.0683 001003000014019013
6 61.0683 001003000014019013 520367.44033 022000000014019013
6 520367.44033 022000000014019013 21352.3 017002001014019014
6 21352.3 017002001014019014 272.548 017002001014019015
6 272.548 017002001014019015 520367.44033 022000000014019013
6 520367.44033 022000000014019013 20399.8 001003002014003004
6 20399.8 001003002014003004 520367.44033 022000000014019013
6 520367.44033 022000000014019013 203278.1205 022001002014019013
6 203278.1205 022001002014019013 423184.0 017003001019016013
6 423184.0 017003001019016013 31855.1 017003001019005013
6 31855.1 017003001019005013 520367.44033 022000000014019013
6 520367.44033 022000000014019013 205506000.0 022002002014016004
6 205506000.0 022002002014016004 176708000.0 038002002014016004
6 176708000.0 038002002014016004 520367.44033 022000000014019013
6 520367.44033 022000000014019013 57463.5 022000001018019013
6 57463.5 022000001018019013 46.3687 016000001018019013
6 46.3687 016000001018019013 520367.44033 022000000014019013
6 520367.44033 022000000014019013 17624.7 022003001019019014
6 17624.7 022003001019019014 520367.44033 022000000014019013
6 520367.44033 022000000014019013 203278.1205 022001002014019013
6 203278.1205 022001002014019013 21635600.0 022002000018003004
6 21635600.0 022002000018003004 36509.9 022002001018003004
6 36509.9 022002001018003004 520367.44033 022000000014019013
6 520367.44033 022000000014019013 44.1487 017002001018012014
6 44.1487 017002001018012014 520367.44033 022000000014019013
6 520367.44033 022000000014019013 203278.1205 022001002014019013
6 203278.1205 022001002014019013 295921.0 017000001014008014
6 295921.0 017000001014008014 213.773 017000002014008014
6 213.773 017000002014008014 520367.44033 022000000014019013
6 520367.44033 022000000014019013 4448.72 017002002014012013
6 4448.72 017002002014012013 4448.72 017002002014012013
6 4448.72 017002002014012013 520367.44033 022000000014019013
6 520367.44033 022000000014019013 43120.9 022000002014008014
6 43120.9 022000002014008014 29082.6 022000002014008015
6 29082.6 022000002014008015 520367.44033 022000000014019013
6 520367.44033 022000000014019013 1106633.45 002002002014008013
6 1106633.45 002002002014008013 1106633.45 002002002014008013
6 1106633.45 002002002014008013 520367.44033 022000000014019013
6 520367.44033 022000000014019013 10722300000.0 017003002014019004
6 10722300000.0 017003002014019004 88113500.0 025003002014019004
6 88113500.0 025003002014019004 520367.44033 022000000014019013
6 520367.44033 022000000014019013 16225.8 017000002016008013
6 16225.8 017000002016008013 105.831 007000002016008013
6 105.831 007000002016008013 520367.44033 022000000014019013
6 520367.44033 022000000014019013 634455.0 017003002014019013
6 634455.0 017003002014019013 43.9329 017003002017019013
6 43.9329 017003002017019013 520367.44033 022000000014019013
6 520367.44033 022000000014019013 6065960.0 017002002016008014
6 6065960.0 017002002016008014 16619.5 017000002016008014
6 16619.5 017000002016008014 520367.44033 022000000014019013
6 520367.44033 022000000014019013 36800500.0 017000002016003004
6 36800500.0 017000002016003004 56020.4 017000002005003004
6 56020.4 017000002005003004 520367.44033 022000000014019013
6 520367.44033 022000000014019013 237204.5 001000001018008013
6 237204.5 001000001018008013 237204.5 001000001018008013
6 237204.5 001000001018008013 520367.44033 022000000014019013
6 520367.44033 022000000014019013 170337.8916 001003001018012013
6 170337.8916 001003001018012013 170337.8916 001003001018012013
6 170337.8916 001003001018012013 520367.44033 022000000014019013
6 520367.44033 022000000014019013 250139.0 001000002017003004
6 250139.0 001000002017003004 24.401 001000002017006004
6 24.401 001000002017006004 520367.44033 022000000014019013
6 520367.44033 022000000014019013 937178.0 001000002018003013
6 937178.0 001000002018003013 497933.0 001000002017003013
6 497933.0 001000002017003013 520367.44033 022000000014019013
6 520367.44033 022000000014019013 30364200.0 007002001000006004
6 30364200.0 007002001000006004 10457.3 007002002000006004
6 10457.3 007002002000006004 520367.44033 022000000014019013
6 520367.44033 022000000014019013 90.298 007000002018019013
6 90.298 007000002018019013 60.8899 007001002018019013
6 60.8899 007001002018019013 520367.44033 022000000014019013
6 520367.44033 022000000014019013 17675500.0 022003001018019013
6 17675500.0 022003001018019013 15838.1 022003001018019014
6 15838.1 022003001018019014 520367.44033 022000000014019013
6 520367.44033 022000000014019013 423597.0 001003001014008014
6 423597.0 001003001014008014 366835.0 001005001014008014
6 366835.0 001005001014008014 520367.44033 022000000014019013
6 520367.44033 022000000014019013 945177.0 001001002018006013
6 945177.0 001001002018006013 323910.0 001001001018006013
6 323910.0 001001001018006013 520367.44033 022000000014019013
6 520367.44033 022000000014019013 685693000.0 022000002012012004
6 685693000.0 022000002012012004 10197.5 022000002024012004
6 10197.5 022000002024012004 520367.44033 022000000014019013
6 520367.44033 022000000014019013 4134060.0 022003001024019013
6 4134060.0 022003001024019013 2965820.0 022003001003019013
6 2965820.0 022003001003019013 520367.44033 022000000014019013
6 520367.44033 022000000014019013 566354.0 007000002017019004
6 566354.0 007000002017019004 51494.6 004000002017019004
6 51494.6 004000002017019004 520367.44033 022000000014019013
6 520367.44033 022000000014019013 333132.0 001002001018008013
6 333132.0 001002001018008013 49.9649 001002001018011013
6 49.9649 001002001018011013 520367.44033 022000000014019013
6 520367.44033 022000000014019013 855238.0 001003002012003013
6 855238.0 001003002012003013 43.0733 001003002012010013
6 43.0733 001003002012010013 520367.44033 022000000014019013
6 520367.44033 022000000014019013 198313.6365 001000001018019013
6 198313.6365 001000001018019013 520367.44033 022000000014019013
6 520367.44033 022000000014019013 203278.1205 022001002014019013
6 203278.1205 022001002014019013 42738500.0 022003001017012004
6 42738500.0 022003001017012004 18568300.0 022002001017012004
6 18568300.0 022002001017012004 520367.44033 022000000014019013
6 520367.44033 022000000014019013 53.3841 022002001017019013
6 53.3841 022002001017019013 520367.44033 022000000014019013
6 520367.44033 022000000014019013 203278.1205 022001002014019013
6 203278.1205 022001002014019013 1035260.0 017003001014012013
6 1035260.0 017003001014012013 95437.9 017006001014012013
6 95437.9 017006001014012013 520367.44033 022000000014019013
6 520367.44033 022000000014019013 58.4884 022000000012019013
6 58.4884 022000000012019013 520367.44033 022000000014019013
6 520367.44033 022000000014019013 203278.1205 022001002014019013
6 203278.1205 022001002014019013 261822.0 001000002012019013
6 261822.0 001000002012019013 5761.87 001003002012019013
6 5761.87 001003002012019013 520367.44033 022000000014019013
6 520367.44033 022000000014019013 346142.0 001000001018025013
6 346142.0 001000001018025013 204860.0 001000001017025013
6 204860.0 001000001017025013 520367.44033 022000000014019013
6 520367.44033 022000000014019013 415801.0 001000000017008013
6 415801.0 001000000017008013 520367.44033 022000000014019013
6 520367.44033 022000000014019013 203278.1205 022001002014019013
6 203278.1205 022001002014019013 24002.6 022002000012011013
6 24002.6 022002000012011013 7701.73 022002000012022013
6 7701.73 022002000012022013 520367.44033 022000000014019013
6 520367.44033 022000000014019013 245876.0 002000001012019013
6 245876.0 002000001012019013 33960.6 002006001012019013
6 33960.6 002006001012019013 520367.44033 022000000014019013
6 520367.44033 022000000014019013 73.4691 001002002012012013
6 73.4691 001002002012012013 55.2396 001002002012012000
6 55.2396 001002002012012000 520367.44033 022000000014019013
6 520367.44033 022000000014019013 601374.0 016000001018025013
6 601374.0 016000001018025013 61764.7 016000001018025003
6 61764.7 016000001018025003 520367.44033 022000000014019013
6 520367.44033 022000000014019013 1113570.0 022002001018019013
6 1113570.0 022002001018019013 371515.0 022005001018019013
6 371515.0 022005001018019013 520367.44033 022000000014019013
6 520367.44033 022000000014019013 18181.0 017003002018019013
6 18181.0 017003002018019013 276.792 017001002018019013
6 276.792 017001002018019013 520367.44033 022000000014019013
6 520367.44033 022000000014019013 1211280.0 001000000012006002
6 1211280.0 001000000012006002 450.759 001000001012006002
6 450.759 001000001012006002 520367.44033 022000000014019013
6 520367.44033 022000000014019013 1080100.0 001003002012006013
6 1080100.0 001003002012006013 444371.0 001003002004006013
6 444371.0 001003002004006013 520367.44033 022000000014019013
6 520367.44033 022000000014019013 518832.0 001002000017011013
6 518832.0 001002000017011013 363714.0 001002002017011013
6 363714.0 001002002017011013 520367.44033 022000000014019013
6 520367.44033 022000000014019013 2046450000.0 016000001017011000
6 2046450000.0 016000001017011000 34582800.0 016001001017011000
6 34582800.0 016001001017011000 520367.44033 022000000014019013
6 520367.44033 022000000014019013 27653.2 016002002012019000
6 27653.2 016002002012019000 13440.5 016004002012019000
6 13440.5 016004002012019000 520367.44033 022000000014019013
6 520367.44033 022000000014019013 338645.0 001002002018019013
6 338645.0 001002002018019013 10367.0 001002002018019004
6 10367.0 001002002018019004 520367.44033 022000000014019013
6 520367.44033 022000000014019013 500839.0 007003001012010013
6 500839.0 007003001012010013 13515.6 007003001012010014
6 13515.6 007003001012010014 520367.44033 022000000014019013
6 520367.44033 022000000014019013 4579680.0 001003000017008013
6 4579680.0 001003000017008013 5498.0 030003000017008013
6 5498.0 030003000017008013 520367.44033 022000000014019013
6 520367.44033 022000000014019013 7769380.0 007002002012008013
6 7769380.0 007002002012008013 3988560.0 007002002012021013
6 3988560.0 007002002012021013 520367.44033 022000000014019013
6 520367.44033 022000000014019013 545326.0 001000002018019014
6 545326.0 001000002018019014 18879.4 001000002018019013
6 18879.4 001000002018019013 520367.44033 022000000014019013
6 520367.44033 022000000014019013 394920.0 001000000014019013
6 394920.0 001000000014019013 8971.97 001000002014019013
6 8971.97 001000002014019013 520367.44033 022000000014019013
6 520367.44033 022000000014019013 128.773 007002002018019013
6 128.773 007002002018019013 38.8883 007002001018019013
6 38.8883 007002001018019013 520367.44033 022000000014019013
6 520367.44033 022000000014019013 292729.0 001000001018012013
6 292729.0 001000001018012013 232043.0 001000001024012013
6 232043.0 001000001024012013 520367.44033 022000000014019013
6 520367.44033 022000000014019013 32356.1 001003002018019013
6 32356.1 001003002018019013 28154.8 023003002018019013
6 28154.8 023003002018019013 520367.44033 022000000014019013
6 520367.44033 022000000014019013 396895.5 016002001014019013
6 396895.5 016002001014019013 396895.5 016002001014019013
6 396895.5 016002001014019013 520367.44033 022000000014019013
6 520367.44033 022000000014019013 1617650.0 007001002017012013
6 1617650.0 007001002017012013 130.452 007001001017012013
6 130.452 007001001017012013 520367.44033 022000000014019013
6 520367.44033 022000000014019013 14668.02 001000001014019004
6 14668.02 001000001014019004 142844.0 001000001014019007
6 142844.0 001000001014019007 520367.44033 022000000014019013
6 520367.44033 022000000014019013 1031477.0 002003001012019013
6 1031477.0 002003001012019013 1031477.0 002003001012019013
6 1031477.0 002003001012019013 520367.44033 022000000014019013
6 520367.44033 022000000014019013 501.909 022000002014010013
6 501.909 022000002014010013 520367.44033 022000000014019013
6 520367.44033 022000000014019013 203278.1205 022001002014019013
6 203278.1205 022001002014019013 455602.0 001002001017019013
6 455602.0 001002001017019013 455602.0 001002001017019013
6 455602.0 001002001017019013 520367.44033 022000000014019013
6 520367.44033 022000000014019013 483561.0 001001001014006013
6 483561.0 001001001014006013 92.6026 016001001014006013
6 92.6026 016001001014006013 520367.44033 022000000014019013
6 520367.44033 022000000014019013 1179220.0 001003002018012002
6 1179220.0 001003002018012002 68825.0 001003000018012002
6 68825.0 001003000018012002 520367.44033 022000000014019013
6 520367.44033 022000000014019013 4719760.0 016002000018012013
6 4719760.0 016002000018012013 65.0308 016001000018012013
6 65.0308 016001000018012013 520367.44033 022000000014019013
6 520367.44033 022000000014019013 5591040.0 017002002018019013
6 5591040.0 017002002018019013 293.788 017002002024019013
6 293.788 017002002024019013 520367.44033 022000000014019013
6 520367.44033 022000000014019013 263837.0 001000001014025013
6 263837.0 001000001014025013 90.7487 001005001014025013
6 90.7487 001005001014025013 520367.44033 022000000014019013
6 520367.44033 022000000014019013 8289.51 001000001017010013
6 8289.51 001000001017010013 37.1587 001000001017010001
6 37.1587 001000001017010001 520367.44033 022000000014019013
6 520367.44033 022000000014019013 804448.0 001002002018012013
6 804448.0 001002002018012013 24343.7 039002002018012013
6 24343.7 039002002018012013 520367.44033 022000000014019013
6 520367.44033 022000000014019013 44342.8 001000002018012013
6 44342.8 001000002018012013 13090.9 003000002018012013
6 13090.9 003000002018012013 520367.44033 022000000014019013
6 520367.44033 022000000014019013 675929000.0 022002002018019013
6 675929000.0 022002002018019013 9243160.0 022002002018020013
6 9243160.0 022002002018020013 520367.44033 022000000014019013
6 520367.44033 022000000014019013 16.5296 001000001018012004
6 16.5296 001000001018012004 520367.44033 022000000014019013
6 520367.44033 022000000014019013 203278.1205 022001002014019013
6 203278.1205 022001002014019013 5690940000.0 022001001012019004
6 5690940000.0 022001001012019004 19912.8 005001001012019004
6 19912.8 005001001012019004 520367.44033 022000000014019013
6 520367.44033 022000000014019013 442141.0 017000000018010013
6 442141.0 017000000018010013 520367.44033 022000000014019013
6 520367.44033 022000000014019013 203278.1205 022001002014019013
6 203278.1205 022001002014019013 198313.6365 001000001018019013
6 198313.6365 001000001018019013 520367.44033 022000000014019013
6 520367.44033 022000000014019013 203278.1205 022001002014019013
6 203278.1205 022001002014019013 121794000.0 022003001018012001
6 121794000.0 022003001018012001 25565.3 002003001018012001
6 25565.3 002003001018012001 520367.44033 022000000014019013
6 520367.44033 022000000014019013 213513.0 001002002012019004
6 213513.0 001002002012019004 46517.3 039002002012019004
6 46517.3 039002002012019004 520367.44033 022000000014019013
6 520367.44033 022000000014019013 30786.7 017000002017019013
6 30786.7 017000002017019013 8137.38 017000002017001013
6 8137.38 017000002017001013 520367.44033 022000000014019013
6 520367.44033 022000000014019013 22460100.0 016002001012019000
6 22460100.0 016002001012019000 36116.6 016002001012019008
6 36116.6 016002001012019008 520367.44033 022000000014019013
6 520367.44033 022000000014019013 4448.72 017002002014012013
6 4448.72 017002002014012013 1663730.0 017002000014012013
6 1663730.0 017002000014012013 520367.44033 022000000014019013
6 520367.44033 022000000014019013 2085800.0 017000000017012013
6 2085800.0 017000000017012013 57292.8 017000002017012013
6 57292.8 017000002017012013 520367.44033 022000000014019013
6 520367.44033 022000000014019013 406996.0 001000001012012000
6 406996.0 001000001012012000 108.412 001003001012012000
6 108.412 001003001012012000 520367.44033 022000000014019013
6 520367.44033 022000000014019013 15651.4 016002002017012001
6 15651.4 016002002017012001 15083.3 016001002017012001
6 15083.3 016001002017012001 520367.44033 022000000014019013
6 520367.44033 022000000014019013 16634.5 001002002014025004
6 16634.5 001002002014025004 7.93001 001002001014025004
6 7.93001 001002001014025004 520367.44033 022000000014019013
6 520367.44033 022000000014019013 46.5444 001002002012019001
6 46.5444 001002002012019001 520367.44033 022000000014019013
6 520367.44033 022000000014019013 7.93001 001002001014025004
6 7.93001 001002001014025004 721204.0 001000000018025013
6 721204.0 001000000018025013 7903.1 012000000018025013
6 7903.1 012000000018025013 520367.44033 022000000014019013
6 520367.44033 022000000014019013 133227.0 001000000014019001
6 133227.0 001000000014019001 15.996 001000000014019017
6 15.996 001000000014019017 520367.44033 022000000014019013
6 520367.44033 022000000014019013 7186760.0 007003002014016013
6 7186760.0 007003002014016013 19126.2 007003002014016006
6 19126.2 007003002014016006 520367.44033 022000000014019013
6 520367.44033 022000000014019013 622836.0 007001000018019001
6 622836.0 007001000018019001 560142.0 007001001018019001
6 560142.0 007001001018019001 520367.44033 022000000014019013
6 520367.44033 022000000014019013 402438.0 017000001018019017
6 402438.0 017000001018019017 8729.21 017000001002019017
6 8729.21 017000001002019017 520367.44033 022000000014019013
6 520367.44033 022000000014019013 401243.0 001003002014025014
6 401243.0 001003002014025014 30898.3 001003002012025014
6 30898.3 001003002012025014 520367.44033 022000000014019013
6 520367.44033 022000000014019013 103506.8485 001002001017016004
6 103506.8485 001002001017016004 103506.8485 001002001017016004
6 103506.8485 001002001017016004 520367.44033 022000000014019013
6 520367.44033 022000000014019013 55.4456 001000001017019013
6 55.4456 001000001017019013 218749.0 028000001017019013
6 218749.0 028000001017019013 520367.44033 022000000014019013
6 520367.44033 022000000014019013 130863.35 001000001012019013
6 130863.35 001000001012019013 130863.35 001000001012019013
6 130863.35 001000001012019013 520367.44033 022000000014019013
6 520367.44033 022000000014019013 2521.63 001000000012012004
6 2521.63 001000000012012004 18.1834 001000000012020004
6 18.1834 001000000012020004 520367.44033 022000000014019013
6 520367.44033 022000000014019013 4.18023 001000001014019013
6 4.18023 001000001014019013 520367.44033 022000000014019013
6 520367.44033 022000000014019013 7.93001 001002001014025004
6 7.93001 001002001014025004 6277.55 001000001014012013
6 6277.55 001000001014012013 55.8052 001000001014012005
6 55.8052 001000001014012005 4.18023 001000001014019013
6 4.18023 001000001014019013 27564.6 001000002012025013
6 27564.6 001000002012025013 20.3988 001000001012025013
6 20.3988 001000001012025013 4.18023 001000001014019013
6 4.18023 001000001014019013 141506.0 001000002017019004
6 141506.0 001000002017019004 130603.0 001000002016019004
6 130603.0 001000002016019004 4.18023 001000001014019013
6 4.18023 001000001014019013 126413.0 001002001014019004
6 126413.0 001002001014019004 121477.0 001002001014016004
6 121477.0 001002001014016004 4.18023 001000001014019013
6 4.18023 001000001014019013 50.99265 001000001017020013
6 50.99265 001000001017020013 39.2519 001000001017017013
6 39.2519 001000001017017013 4.18023 001000001014019013
6 4.18023 001000001014019013 585597.0 001000001012006013
6 585597.0 001000001012006013 166425.0 001000001012006006
6 166425.0 001000001012006006 4.18023 001000001014019013
6 4.18023 001000001014019013 11830.8 007000001014019013
6 11830.8 007000001014019013 90.4032 007000001014009013
6 90.4032 007000001014009013 4.18023 001000001014019013
6 4.18023 001000001014019013 795826.0 001000001014020013
6 795826.0 001000001014020013 136864.54685 001000001014020002
6 136864.54685 001000001014020002 4.18023 001000001014019013
6 4.18023 001000001014019013 10275.3 001001001012019013
6 10275.3 001001001012019013 9216.51 001001001012019009
6 9216.51 001001001012019009 4.18023 001000001014019013
6 4.18023 001000001014019013 2711.7495 001000000017019013
6 2711.7495 001000000017019013 1.06603 001000000017019002
6 1.06603 001000000017019002 4.18023 001000001014019013
6 4.18023 001000001014019013 226114.0 001000000014025004
6 226114.0 001000000014025004 211928.0 001000000014025009
6 211928.0 001000000014025009 1.06603 001000000017019002
6 1.06603 001000000017019002 30739.1 001002001017020013
6 30739.1 001002001017020013 11469.8 001002001017020010
6 11469.8 001002001017020010 1.06603 001000000017019002
6 1.06603 001000000017019002 50.99265 001000001017020013
6 50.99265 001000001017020013 34.8144 008000001017020013
6 34.8144 008000001017020013 1.06603 001000000017019002
6 1.06603 001000000017019002 15.996 001000000014019017
6 15.996 001000000014019017 15.996 001000000014019017
6 15.996 001000000014019017 1.06603 001000000017019002
6 1.06603 001000000017019002 4073.81 001000002014020013
6 4073.81 001000002014020013 3917.35 022000002014020013
6 3917.35 022000002014020013 1.06603 001000000017019002
6 1.06603 001000000017019002 133227.0 001000000014019001
6 133227.0 001000000014019001 133227.0 001000000014019001
6 133227.0 001000000014019001 1.06603 001000000017019002
6 1.06603 001000000017019002 9441.07 001001001014020001
6 9441.07 001001001014020001 2351.48 003001001014020001
6 2351.48 003001001014020001 1.06603 001000000017019002
6 1.06603 001000000017019002 33086.5 001000002017019002
6 33086.5 001000002017019002 31495.4 026000002017019002
6 31495.4 026000002017019002 1.06603 001000000017019002
6 1.06603 001000000017019002 586064.0 001000000012025013
6 586064.0 001000000012025013 413317.0 001000000008025013
6 413317.0 001000000008025013 1.06603 001000000017019002
6 1.06603 001000000017019002 136864.54685 001000001014020002
6 136864.54685 001000001014020002 1.06603 001000000017019002
6 1.06603 001000000017019002 4.18023 001000001014019013
6 4.18023 001000001014019013 1050100.0 022000000017020013
6 1050100.0 022000000017020013 42.6821 022000000007020013
6 42.6821 022000000007020013 1.06603 001000000017019002
6 1.06603 001000000017019002 394920.0 001000000014019013
6 394920.0 001000000014019013 444883.0 001000000014019000
6 444883.0 001000000014019000 1.06603 001000000017019002
6 1.06603 001000000017019002 42.0101 001000001017010017
6 42.0101 001000001017010017 41.7887 001000001017020017
6 41.7887 001000001017020017 1.06603 001000000017019002
6 1.06603 001000000017019002 152025.0 001000001014025004
6 152025.0 001000001014025004 93107.9 001000001002025004
6 93107.9 001000001002025004 1.06603 001000000017019002
6 1.06603 001000000017019002 261375.0 001000001014019002
6 261375.0 001000001014019002 207002.0 003000001014019002
6 207002.0 003000001014019002 1.06603 001000000017019002
6 1.06603 001000000017019002 7990.05 001002001014019013
6 7990.05 001002001014019013 90.8892 001005001014019013
6 90.8892 001005001014019013 1.06603 001000000017019002
6 1.06603 001000000017019002 4.51215 001000000012019004
6 4.51215 001000000012019004 30.4191 001001000012019004
6 30.4191 001001000012019004 1.06603 001000000017019002
6 1.06603 001000000017019002 55.4456 001000001017019013
6 55.4456 001000001017019013 55.4456 001000001017019013
6 55.4456 001000001017019013 1.06603 001000000017019002
6 1.06603 001000000017019002 456037.0 022000001014020013
6 456037.0 022000001014020013 10216.6 022000001008020013
6 10216.6 022000001008020013 1.06603 001000000017019002
6 1.06603 001000000017019002 487773.0 001001001018019013
6 487773.0 001001001018019013 2796.1 001001000018019013
6 2796.1 001001000018019013 1.06603 001000000017019002
6 1.06603 001000000017019002 1542.47 001000001018017017
6 1542.47 001000001018017017 6.15907 011000001018017017
6 6.15907 011000001018017017 1.06603 001000000017019002
6 1.06603 001000000017019002 37330.4 001000001012017004
6 37330.4 001000001012017004 15527.2 001000001010017004
6 15527.2 001000001010017004 1.06603 001000000017019002
6 1.06603 001000000017019002 282797.0 001000001018019002
6 282797.0 001000001018019002 10893.1 001000001018003002
6 10893.1 001000001018003002 1.06603 001000000017019002
6 1.06603 001000000017019002 404028.0 022000001018020013
6 404028.0 022000001018020013 36214.3 022000001011020013
6 36214.3 022000001011020013 1.06603 001000000017019002
6 1.06603 001000000017019002 44805400.0 022002001014012004
6 44805400.0 022002001014012004 73290.9 022002001010012004
6 73290.9 022002001010012004 1.06603 001000000017019002
6 1.06603 001000000017019002 14668.02 001000001014019004
6 14668.02 001000001014019004 14668.02 001000001014019004
6 14668.02 001000001014019004 1.06603 001000000017019002
6 1.06603 001000000017019002 89.7632 008000001014012004
6 89.7632 008000001014012004 1.06603 001000000017019002
6 1.06603 001000000017019002 4.18023 001000001014019013
6 4.18023 001000001014019013 198313.6365 001000001018019013
6 198313.6365 001000001018019013 292729.0 001000001018012013
6 292729.0 001000001018012013 1.06603 001000000017019002
6 1.06603 001000000017019002 11830.8 007000001014019013
6 11830.8 007000001014019013 11006.0 007000001012019013
6 11006.0 007000001012019013 1.06603 001000000017019002
6 1.06603 001000000017019002 30295.0 001000001014017013
6 30295.0 001000001014017013 53.7945 001003001014017013
6 53.7945 001003001014017013 1.06603 001000000017019002
6 1.06603 001000000017019002 4536.04 001000000018010013
6 4536.04 001000000018010013 22.2066 001000000018008013
6 22.2066 001000000018008013 1.06603 001000000017019002
6 1.06603 001000000017019002 1446650.0 001002000012020013
6 1446650.0 001002000012020013 429150.0 001002000009020013
6 429150.0 001002000009020013 1.06603 001000000017019002
6 1.06603 001000000017019002 50147.4 007000002017019013
6 50147.4 007000002017019013 11787.5 007000002017010013
6 11787.5 007000002017010013 1.06603 001000000017019002
6 1.06603 001000000017019002 154613.0 001000001012019004
6 154613.0 001000001012019004 4.51215 001000000012019004
6 4.51215 001000000012019004 1.06603 001000000017019002
6 1.06603 001000000017019002 26361.9 001002001012006013
6 26361.9 001002001012006013 12184.0 037002001012006013
6 12184.0 037002001012006013 1.06603 001000000017019002
6 1.06603 001000000017019002 4430.03 001001001017010017
6 4430.03 001001001017010017 51.7115 001001002017010017
6 51.7115 001001002017010017 1.06603 001000000017019002
6 1.06603 001000000017019002 1714020.0 001001001014025017
6 1714020.0 001001001014025017 3693.08 026001001014025017
6 3693.08 026001001014025017 1.06603 001000000017019002
6 1.06603 001000000017019002 18213.4 001001000012006013
6 18213.4 001001000012006013 85.8434 001001000003006013
6 85.8434 001001000003006013 1.06603 001000000017019002
6 1.06603 001000000017019002 55.4456 001000001017019013
6 55.4456 001000001017019013 4.79274 001000001017014013
6 4.79274 001000001017014013 1.06603 001000000017019002
6 1.06603 001000000017019002 55.4456 001000001017019013
6 55.4456 001000001017019013 1.06603 001000000017019002
6 1.06603 001000000017019002 4.18023 001000001014019013
6 4.18023 001000001014019013 591847.0 011000000014025013
6 591847.0 011000000014025013 7268.87 011000001014025013
6 7268.87 011000001014025013 1.06603 001000000017019002
6 1.06603 001000000017019002 261822.0 001000002012019013
6 261822.0 001000002012019013 261822.0 001000002012019013
6 261822.0 001000002012019013 1.06603 001000000017019002
6 1.06603 001000000017019002 28692700.0 022000002012019004
6 28692700.0 022000002012019004 32320.2 022000002012010004
6 32320.2 022000002012010004 1.06603 001000000017019002
6 1.06603 001000000017019002 1.72527 001001002014010013
6 1.72527 001001002014010013 1.06603 001000000017019002
6 1.06603 001000000017019002 4.18023 001000001014019013
6 4.18023 001000001014019013 858291.0 001001000017014013
6 858291.0 001001000017014013 185.07 001001000017014016
6 185.07 001001000017014016 1.06603 001000000017019002
6 1.06603 001000000017019002 323210.0 001000001017019004
6 323210.0 001000001017019004 147898.0 001000001010019004
6 147898.0 001000001010019004 1.06603 001000000017019002
6 1.06603 001000000017019002 314167.5 001002001018012004
6 314167.5 001002001018012004 314167.5 001002001018012004
6 314167.5 001002001018012004 1.06603 001000000017019002
6 1.06603 001000000017019002 199169.0 001000002014006004
6 199169.0 001000002014006004 54.7676 001000002009006004
6 54.7676 001000002009006004 1.06603 001000000017019002
6 1.06603 001000000017019002 2711.7495 001000000017019013
6 2711.7495 001000000017019013 11.7218 001001000017019013
6 11.7218 001001000017019013 1.06603 001000000017019002
6 1.06603 001000000017019002 4855.91 001000000014012004
6 4855.91 001000000014012004 79.9119 001001000014012004
6 79.9119 001001000014012004 1.06603 001000000017019002
6 1.06603 001000000017019002 98.6706 001000000014010004
6 98.6706 001000000014010004 85.5408 001004000014010004
6 85.5408 001004000014010004 1.06603 001000000017019002
6 1.06603 001000000017019002 778882.0 001000002012012013
6 778882.0 001000002012012013 10943.3 001001002012012013
6 10943.3 001001002012012013 1.06603 001000000017019002
6 1.06603 001000000017019002 48.53465 001000000012020013
6 48.53465 001000000012020013 48.53465 001000000012020013
6 48.53465 001000000012020013 1.06603 001000000017019002
6 1.06603 001000000017019002 261822.0 001000002012019013
6 261822.0 001000002012019013 155967.0 001000002012019008
6 155967.0 001000002012019008 1.06603 001000000017019002
6 1.06603 001000000017019002 1522820.0 011000001014025004
6 1522820.0 011000001014025004 20645.8 011000001011025004
6 20645.8 011000001011025004 1.06603 001000000017019002
6 1.06603 001000000017019002 47.9818 001000002012025004
6 47.9818 001000002012025004 1.06603 001000000017019002
6 1.06603 001000000017019002 1.72527 001001002014010013
6 1.72527 001001002014010013 522394.0 001000002012010004
6 522394.0 001000002012010004 53.4119 001000002012010000
6 53.4119 001000002012010000 1.06603 001000000017019002
6 1.06603 001000000017019002 18095.9 001001000017019002
6 18095.9 001001000017019002 1.06603 001000000017019002
6 1.06603 001000000017019002 1.72527 001001002014010013
6 1.72527 001001002014010013 48.3158 001002001014020004
6 48.3158 001002001014020004 2.16642 001002001015020004
6 2.16642 001002001015020004 1.06603 001000000017019002
6 1.06603 001000000017019002 424650.0 001000001014006004
6 424650.0 001000001014006004 120426.0 001000001014024004
6 120426.0 001000001014024004 1.06603 001000000017019002
6 1.06603 001000000017019002 15.2234 001000001014008013
6 15.2234 001000001014008013 15.2234 001000001014008013
6 15.2234 001000001014008013 1.06603 001000000017019002
6 1.06603 001000000017019002 262039.0 001001001017025013
6 262039.0 001001001017025013 126639.0 001001001017025000
6 126639.0 001001001017025000 1.06603 001000000017019002
6 1.06603 001000000017019002 405373.25 001000001014008017
6 405373.25 001000001014008017 405373.25 001000001014008017
6 405373.25 001000001014008017 1.06603 001000000017019002
7 1.06603 001000000017019002 6554117.015 006005000010000014
7 6554117.015 006005000010000014 6554117.015 006005000010000014
7 6554117.015 006005000010000014 1599.28 040001000008002018
7 1599.28 040001000008002018 990935.0 004002002004025006
7 990935.0 004002002004025006 8271.6 004002002004005006
7 8271.6 004002002004005006 6554117.015 006005000010000014
7 6554117.015 006005000010000014 531595.0 004002002014000013
7 531595.0 004002002014000013 20383.4 004002002025000013
7 20383.4 004002002025000013 6554117.015 006005000010000014
7 6554117.015 006005000010000014 14153.0 004004001012003014
7 14153.0 004004001012003014 42.7604 004004001013003014
7 42.7604 004004001013003014 6554117.015 006005000010000014
7 6554117.015 006005000010000014 139506000.0 013002000009003009
7 139506000.0 013002000009003009 7776210.0 021002000009003009
7 7776210.0 021002000009003009 42.7604 004004001013003014
7 42.7604 004004001013003014 1792030.0 002004001004020013
7 1792030.0 002004001004020013 989060.0 029004001004020013
7 989060.0 029004001004020013 42.7604 004004001013003014
7 42.7604 004004001013003014 1070880.0 004004002009009014
7 1070880.0 004004002009009014 456728.0 004000002009009014
7 456728.0 004000002009009014 42.7604 004004001013003014
7 42.7604 004004001013003014 1637070.0 004004001010003013
7 1637070.0 004004001010003013 673606.0 004004002010003013
7 673606.0 004004002010003013 42.7604 004004001013003014
7 42.7604 004004001013003014 679875.0 002002001014002018
7 679875.0 002002001014002018 376753.0 002002001014002005
7 376753.0 002002001014002005 42.7604 004004001013003014
7 42.7604 004004001013003014 1522620.0 026001001012009013
7 1522620.0 026001001012009013 8255.71 026004001012009013
7 8255.71 026004001012009013 42.7604 004004001013003014
7 42.7604 004004001013003014 1561930.0 004002000004003013
7 1561930.0 004002000004003013 890156.0 004000000004003013
7 890156.0 004000000004003013 42.7604 004004001013003014
7 42.7604 004004001013003014 38461500.0 015006001025007012
7 38461500.0 015006001025007012 3329040.0 015006000025007012
7 3329040.0 015006000025007012 42.7604 004004001013003014
7 42.7604 004004001013003014 7235430.0 026002001014014013
7 7235430.0 026002001014014013 4180720.0 026005001014014013
7 4180720.0 026005001014014013 42.7604 004004001013003014
7 42.7604 004004001013003014 1166210.0 004000000012007014
7 1166210.0 004000000012007014 8086.79 004000000006007014
7 8086.79 004000000006007014 42.7604 004004001013003014
7 42.7604 004004001013003014 5389880000.0 026001001009020002
7 5389880000.0 026001001009020002 10484.2 026001001009021002
7 10484.2 026001001009021002 42.7604 004004001013003014
7 42.7604 004004001013003014 1635950.0 006001001009003004
7 1635950.0 006001001009003004 1295750.0 002001001009003004
7 1295750.0 002001001009003004 42.7604 004004001013003014
7 42.7604 004004001013003014 7622770000.0 026001001014002005
7 7622770000.0 026001001014002005 4934920000.0 026000001014002005
7 4934920000.0 026000001014002005 42.7604 004004001013003014
7 42.7604 004004001013003014 41.2995 004002001025009012
7 41.2995 004002001025009012 42.7604 004004001013003014
7 42.7604 004004001013003014 6554117.015 006005000010000014
7 6554117.015 006005000010000014 169.914 026002001025002013
7 169.914 026002001025002013 41.2995 004002001025009012
7 41.2995 004002001025009012 42.7604 004004001013003014
7 42.7604 004004001013003014 10077.9 004002001006009014
7 10077.9 004002001006009014 10077.9 004002001006009014
7 10077.9 004002001006009014 41.2995 004002001025009012
7 41.2995 004002001025009012 88.2821 006004000010005014
7 88.2821 006004000010005014 88.2821 006004000010005014
7 88.2821 006004000010005014 41.2995 004002001025009012
7 41.2995 004002001025009012 86654500.0 004002000004005004
7 86654500.0 004002000004005004 23727800.0 004002000005005004
7 23727800.0 004002000005005004 41.2995 004002001025009012
7 41.2995 004002001025009012 42298.6 004002001025002004
7 42298.6 004002001025002004 18596.2 015002001025002004
7 18596.2 015002001025002004 41.2995 004002001025009012
7 41.2995 004002001025009012 770805.0 006001001006000014
7 770805.0 006001001006000014 3990.77 006001001006000011
7 3990.77 006001001006000011 41.2995 004002001025009012
7 41.2995 004002001025009012 933364.0 004005001025003014
7 933364.0 004005001025003014 761334.0 004004001025003014
7 761334.0 004004001025003014 41.2995 004002001025009012
7 41.2995 004002001025009012 14195.1 040004001025016000
7 14195.1 040004001025016000 54.8105 007004001025016000
7 54.8105 007004001025016000 41.2995 004002001025009012
7 41.2995 004002001025009012 680328.64 004004000010003014
7 680328.64 004004000010003014 680328.64 004004000010003014
7 680328.64 004004000010003014 41.2995 004002001025009012
7 41.2995 004002001025009012 657349.045 004001001004005013
7 657349.045 004001001004005013 9.2603 004001001004024013
7 9.2603 004001001004024013 41.2995 004002001025009012
7 41.2995 004002001025009012 24861300.0 006001000012009000
7 24861300.0 006001000012009000 51328.1 006005000012009000
7 51328.1 006005000012009000 9.2603 004001001004024013
7 9.2603 004001001004024013 280985000.0 026004000004003018
7 280985000.0 026004000004003018 49256600.0 026004000004003005
7 49256600.0 026004000004003005 9.2603 004001001004024013
7 9.2603 004001001004024013 16816.7 004004001012005011
7 16816.7 004004001012005011 9.2603 004001001004024013
7 9.2603 004001001004024013 41.2995 004002001025009012
7 41.2995 004002001025009012 435103.864005 004002001008024014
7 435103.864005 004002001008024014 9.2603 004001001004024013
7 9.2603 004001001004024013 41.2995 004002001025009012
7 41.2995 004002001025009012 2626250000.0 004001000025003000
7 2626250000.0 004001000025003000 25462600.0 005001000025003000
7 25462600.0 005001000025003000 9.2603 004001001004024013
7 9.2603 004001001004024013 16567.2 040004001025005013
7 16567.2 040004001025005013 3859.41 020004001025005013
7 3859.41 020004001025005013 9.2603 004001001004024013
7 9.2603 004001001004024013 9996900.0 004002000009005018
7 9996900.0 004002000009005018 10.3463 004004000009005018
7 10.3463 004004000009005018 9.2603 004001001004024013
7 9.2603 004001001004024013 119322000.0 004004000004005000
7 119322000.0 004004000004005000 42489.7 004004000004018000
7 42489.7 004004000004018000 9.2603 004001001004024013
7 9.2603 004001001004024013 1798430.0 006001001025002012
7 1798430.0 006001001025002012 266704.0 006001001025006012
7 266704.0 006001001025006012 9.2603 004001001004024013
7 9.2603 004001001004024013 27875.006599999997 006002001025005014
7 27875.006599999997 006002001025005014 27875.006599999997 006002001025005014
7 27875.006599999997 006002001025005014 9.2603 004001001004024013
7 9.2603 004001001004024013 3237190.0 006005001010005018
7 3237190.0 006005001010005018 1050800.0 006005001010005008
7 1050800.0 006005001010005008 9.2603 004001001004024013
7 9.2603 004001001004024013 504322.0 006004001010005014
7 504322.0 006004001010005014 14144.1 006004001020005014
7 14144.1 006004001020005014 9.2603 004001001004024013
7 9.2603 004001001004024013 731429.0 004002000010005013
7 731429.0 004002000010005013 651407.0 004002000023005013
7 651407.0 004002000023005013 9.2603 004001001004024013
7 9.2603 004001001004024013 8680.18 026004001012002014
7 8680.18 026004001012002014 9.2603 004001001004024013
7 9.2603 004001001004024013 435103.864005 004002001008024014
7 435103.864005 004002001008024014 2503800.0 004001001004002014
7 2503800.0 004001001004002014 1791680.0 004005001004002014
7 1791680.0 004005001004002014 9.2603 004001001004024013
7 9.2603 004001001004024013 10602400000.0 020001000025002000
7 10602400000.0 020001000025002000 602743000.0 020001000025002011
7 602743000.0 020001000025002011 9.2603 004001001004024013
7 9.2603 004001001004024013 1219120.0 004004001006002013
7 1219120.0 004004001006002013 23915.7 037004001006002013
7 23915.7 037004001006002013 9.2603 004001001004024013
7 9.2603 004001001004024013 3295960.0 006002001025005013
7 3295960.0 006002001025005013 488261.0 006002001025012013
7 488261.0 006002001025012013 9.2603 004001001004024013
7 9.2603 004001001004024013 9914790000.0 040001000010009000
7 9914790000.0 040001000010009000 27899.8 040001000000009000
7 27899.8 040001000000009000 9.2603 004001001004024013
7 9.2603 004001001004024013 657349.045 004001001004005013
7 657349.045 004001001004005013 387454.0 004001001004022013
7 387454.0 004001001004022013 9.2603 004001001004024013
7 9.2603 004001001004024013 2567580000.0 020002001004009012
7 2567580000.0 020002001004009012 40906000.0 020002001001009012
7 40906000.0 020002001001009012 9.2603 004001001004024013
7 9.2603 004001001004024013 42.2341 007000000025009014
7 42.2341 007000000025009014 34.3643 019000000025009014
7 34.3643 019000000025009014 9.2603 004001001004024013
7 9.2603 004001001004024013 16145.7 006004001025024014
7 16145.7 006004001025024014 269.785 027004001025024014
7 269.785 027004001025024014 9.2603 004001001004024013
7 9.2603 004001001004024013 16607.7 006000001013005013
7 16607.7 006000001013005013 9.2603 004001001004024013
7 9.2603 004001001004024013 435103.864005 004002001008024014
7 435103.864005 004002001008024014 322285.25 004001001004005014
7 322285.25 004001001004005014 169.523 004001001004005010
7 169.523 004001001004005010 9.2603 004001001004024013
7 9.2603 004001001004024013 1262880.0 006002001025005012
7 1262880.0 006002001025005012 60276.0 031002001025005012
7 60276.0 031002001025005012 9.2603 004001001004024013
7 9.2603 004001001004024013 11846.7 006002001004005018
7 11846.7 006002001004005018 3316.86 006002000004005018
7 3316.86 006002000004005018 9.2603 004001001004024013
7 9.2603 004001001004024013 625510.0 006004000010009014
7 625510.0 006004000010009014 1677.39 001004000010009014
7 1677.39 001004000010009014 9.2603 004001001004024013
7 9.2603 004001001004024013 706935.0 027002001004024014
7 706935.0 027002001004024014 16175.5 027002001004024009
7 16175.5 027002001004024009 9.2603 004001001004024013
7 9.2603 004001001004024013 33.975 019001001008024018
7 33.975 019001001008024018 9.2603 004001001004024013
7 9.2603 004001001004024013 435103.864005 004002001008024014
7 435103.864005 004002001008024014 996872.0 007002001025009014
7 996872.0 007002001025009014 996872.0 007002001025009014
7 996872.0 007002001025009014 9.2603 004001001004024013
7 9.2603 004001001004024013 14867200.0 007001000008024018
7 14867200.0 007001000008024018 339.222 007001000021024018
7 339.222 007001000021024018 9.2603 004001001004024013
7 9.2603 004001001004024013 3803.34 004002000008024014
7 3803.34 004002000008024014 56.5801 004005000008024014
7 56.5801 004005000008024014 9.2603 004001001004024013
7 9.2603 004001001004024013 16101.3 004001000025009014
7 16101.3 004001000025009014 40.9672 004001000025014014
7 40.9672 004001000025014014 9.2603 004001001004024013
7 9.2603 004001001004024013 1541760.0 004002001025002018
7 1541760.0 004002001025002018 951463.0 004005001025002018
7 951463.0 004005001025002018 9.2603 004001001004024013
7 9.2603 004001001004024013 3914.08 006002000008005018
7 3914.08 006002000008005018 3872.72 006002000008018018
7 3872.72 006002000008018018 9.2603 004001001004024013
7 9.2603 004001001004024013 4399680.0 027001001025009014
7 4399680.0 027001001025009014 2343540.0 027001001025009016
7 2343540.0 027001001025009016 9.2603 004001001004024013
7 9.2603 004001001004024013 7556880.0 006001001010005018
7 7556880.0 006001001010005018 1572870.0 006001001010000018
7 1572870.0 006001001010000018 9.2603 004001001004024013
7 9.2603 004001001004024013 21932.0 027001000008003014
7 21932.0 027001000008003014 9.2603 004001001004024013
7 9.2603 004001001004024013 435103.864005 004002001008024014
7 435103.864005 004002001008024014 48.4 004001001025009012
7 48.4 004001001025009012 9.2603 004001001004024013
7 9.2603 004001001004024013 435103.864005 004002001008024014
7 435103.864005 004002001008024014 12613.6 019001001013016014
7 12613.6 019001001013016014 62.1167 019001001013016016
7 62.1167 019001001013016016 9.2603 004001001004024013
7 9.2603 004001001004024013 2852680.0 019001000008014013
7 2852680.0 019001000008014013 5098.33 019001000008014009
7 5098.33 019001000008014009 9.2603 004001001004024013
7 9.2603 004001001004024013 73.9715 027000001008016014
7 73.9715 027000001008016014 9.2603 004001001004024013
7 9.2603 004001001004024013 435103.864005 004002001008024014
7 435103.864005 004002001008024014 123290.19785 004004001008024014
7 123290.19785 004004001008024014 9.2603 004001001004024013
7 9.2603 004001001004024013 435103.864005 004002001008024014
7 435103.864005 004002001008024014 906459.0 027000001008009016
7 906459.0 027000001008009016 6084.26 027000002008009016
7 6084.26 027000002008009016 9.2603 004001001004024013
7 9.2603 004001001004024013 316803.0 006004001025003014
7 316803.0 006004001025003014 30997.7 006004002025003014
7 30997.7 006004002025003014 9.2603 004001001004024013
7 9.2603 004001001004024013 2145800.0 004004001008024018
7 2145800.0 004004001008024018 304350.0 004004001008024003
7 304350.0 004004001008024003 9.2603 004001001004024013
7 9.2603 004001001004024013 28.1951 004001000009024012
7 28.1951 004001000009024012 9.2603 004001001004024013
7 9.2603 004001001004024013 435103.864005 004002001008024014
7 435103.864005 004002001008024014 859658.5 019004001008024014
7 859658.5 019004001008024014 379205.0 001004001008024014
7 379205.0 001004001008024014 9.2603 004001001004024013
7 9.2603 004001001004024013 662700.0 019001001025024014
7 662700.0 019001001025024014 11815.9 019001001025024008
7 11815.9 019001001025024008 9.2603 004001001004024013
7 9.2603 004001001004024013 9282170.0 019002001025024018
7 9282170.0 019002001025024018 29098.9 019006001025024018
7 29098.9 019006001025024018 9.2603 004001001004024013
7 9.2603 004001001004024013 16245.0 004004001025016014
7 16245.0 004004001025016014 3.65363 004004001009016014
7 3.65363 004004001009016014 9.2603 004001001004024013
7 9.2603 004001001004024013 6980700.0 007004000008016018
7 6980700.0 007004000008016018 3984980.0 005004000008016018
7 3984980.0 005004000008016018 3.65363 004004001009016014
7 3.65363 004004001009016014 2785050.0 019005001008024014
7 2785050.0 019005001008024014 67.0369 019005001008017014
7 67.0369 019005001008017014 3.65363 004004001009016014
7 3.65363 004004001009016014 35.2097 004000001004014014
7 35.2097 004000001004014014 3.65363 004004001009016014
7 3.65363 004004001009016014 9.2603 004001001004024013
7 9.2603 004001001004024013 16.9535 004002001004016014
7 16.9535 004002001004016014 42.7148 004002001004019014
7 42.7148 004002001004019014 3.65363 004004001009016014
7 3.65363 004004001009016014 5778.345 004000001004009014
7 5778.345 004000001004009014 408.526 027000001004009014
7 408.526 027000001004009014 3.65363 004004001009016014
7 3.65363 004004001009016014 626729.0 004004001025005012
7 626729.0 004004001025005012 470355.0 004005001025005012
7 470355.0 004005001025005012 3.65363 004004001009016014
7 3.65363 004004001009016014 23710.2 019002001025024014
7 23710.2 019002001025024014 2160.49 019003001025024014
7 2160.49 019003001025024014 3.65363 004004001009016014
7 3.65363 004004001009016014 7018.95 007004001009009014
7 7018.95 007004001009009014 4547.68 007004000009009014
7 4547.68 007004000009009014 3.65363 004004001009016014
7 3.65363 004004001009016014 123290.19785 004004001008024014
7 123290.19785 004004001008024014 27086.2 004004001008024004
7 27086.2 004004001008024004 3.65363 004004001009016014
7 3.65363 004004001009016014 8.15145 004005001004016014
7 8.15145 004005001004016014 3.65363 004004001009016014
7 3.65363 004004001009016014 9.2603 004001001004024013
7 9.2603 004001001004024013 508091.0 004000001008024014
7 508091.0 004000001008024014 10358.4 004006001008024014
7 10358.4 004006001008024014 3.65363 004004001009016014
7 3.65363 004004001009016014 722.801 004000001004024012
7 722.801 004000001004024012 3.65363 004004001009016014
7 3.65363 004004001009016014 8.15145 004005001004016014
7 8.15145 004005001004016014 437425.0 004000001025024014
7 437425.0 004000001025024014 39031.5 004005001025024014
7 39031.5 004005001025024014 3.65363 004004001009016014
7 3.65363 004004001009016014 851.428 019004001025024018
7 851.428 019004001025024018 52.3732 001004001025024018
7 52.3732 001004001025024018 3.65363 004004001009016014
7 3.65363 004004001009016014 1593510.0 004001001013003014
7 1593510.0 004001001013003014 583363.0 004001001009003014
7 583363.0 004001001009003014 3.65363 004004001009016014
7 3.65363 004004001009016014 1186110.0 004004001009019012
7 1186110.0 004004001009019012 28444.8 004004001004019012
7 28444.8 004004001004019012 3.65363 004004001009016014
7 3.65363 004004001009016014 4175820.0 019002001004019014
7 4175820.0 019002001004019014 52819.6 019002001004019002
7 52819.6 019002001004019002 3.65363 004004001009016014
7 3.65363 004004001009016014 10271.5 004004001009014013
7 10271.5 004004001009014013 85.2022 004002001009014013
7 85.2022 004002001009014013 3.65363 004004001009016014
7 3.65363 004004001009016014 1908360.0 004004001025016012
7 1908360.0 004004001025016012 1908360.0 004004001025016012
7 1908360.0 004004001025016012 3.65363 004004001009016014
7 3.65363 004004001009016014 2493900.0 004001001025024018
7 2493900.0 004001001025024018 1347120.0 004001001011024018
7 1347120.0 004001001011024018 3.65363 004004001009016014
7 3.65363 004004001009016014 1521890.0 019001000025009014
7 1521890.0 019001000025009014 8737.71 007001000025009014
7 8737.71 007001000025009014 3.65363 004004001009016014
7 3.65363 004004001009016014 2733.72 007000001025009012
7 2733.72 007000001025009012 1781.69 034000001025009012
7 1781.69 034000001025009012 3.65363 004004001009016014
7 3.65363 004004001009016014 322795.0 004004000025016012
7 322795.0 004004000025016012 8686.04 004006000025016012
7 8686.04 004006000025016012 3.65363 004004001009016014
7 3.65363 004004001009016014 1410.15 004002001025016014
7 1410.15 004002001025016014 16.9535 004002001004016014
7 16.9535 004002001004016014 3.65363 004004001009016014
7 3.65363 004004001009016014 24.2006 001000001004009014
7 24.2006 001000001004009014 3.65363 004004001009016014
7 3.65363 004004001009016014 8.15145 004005001004016014
7 8.15145 004005001004016014 563265.0 004000001004005012
7 563265.0 004000001004005012 409599.0 004000001004007012
7 409599.0 004000001004007012 3.65363 004004001009016014
7 3.65363 004004001009016014 9183.49 004000001009024014
7 9183.49 004000001009024014 7295.48 004000001009021014
7 7295.48 004000001009021014 3.65363 004004001009016014
7 3.65363 004004001009016014 100713.9933 004000001025024013
7 100713.9933 004000001025024013 472139.6138 004000001025016013
7 472139.6138 004000001025016013 3.65363 004004001009016014
7 3.65363 004004001009016014 16.9535 004002001004016014
7 16.9535 004002001004016014 16.9535 004002001004016014
7 16.9535 004002001004016014 3.65363 004004001009016014
7 3.65363 004004001009016014 13191.9 004004001004024012
7 13191.9 004004001004024012 532280.0 033004001004024012
7 532280.0 033004001004024012 3.65363 004004001009016014
7 3.65363 004004001009016014 554780.0 001004000025024012
7 554780.0 001004000025024012 120858.0 001004000025024003
7 120858.0 001004000025024003 3.65363 004004001009016014
7 3.65363 004004001009016014 371078.5 004000000025016014
7 371078.5 004000000025016014 78.9488 013000000025016014
7 78.9488 013000000025016014 3.65363 004004001009016014
7 3.65363 004004001009016014 7008.06 001004001009016014
7 7008.06 001004001009016014 4186.88 001004001024016014
7 4186.88 001004001024016014 3.65363 004004001009016014
7 3.65363 004004001009016014 2639.18 004002000008009014
7 2639.18 004002000008009014 40.1964 004002000008010014
7 40.1964 004002000008010014 3.65363 004004001009016014
7 3.65363 004004001009016014 17487.4 004002000009014014
7 17487.4 004002000009014014 11087.8 004002000009014005
7 11087.8 004002000009014005 3.65363 004004001009016014
7 3.65363 004004001009016014 1793595.0 004001001009024014
7 1793595.0 004001001009024014 9007.85 004001001018024014
7 9007.85 004001001018024014 3.65363 004004001009016014
7 3.65363 004004001009016014 3635980.0 004001001004009014
7 3635980.0 004001001004009014 4517.41 004001001004009001
7 4517.41 004001001004009001 3.65363 004004001009016014
7 3.65363 004004001009016014 995680.0 004002001025005014
7 995680.0 004002001025005014 523648.0 004002001013005014
7 523648.0 004002001013005014 3.65363 004004001009016014
7 3.65363 004004001009016014 437425.0 004000001025024014
7 437425.0 004000001025024014 131662.0 004000001025024000
7 131662.0 004000001025024000 3.65363 004004001009016014
7 3.65363 004004001009016014 5778.345 004000001004009014
7 5778.345 004000001004009014 4729.47 024000001004009014
7 4729.47 024000001004009014 3.65363 004004001009016014
7 3.65363 004004001009016014 652035.0 004004001004024014
7 652035.0 004004001004024014 537682.0 004004001004024001
7 537682.0 004004001004024001 3.65363 004004001009016014
7 3.65363 004004001009016014 52.0091 004001001004009012
7 52.0091 004001001004009012 3.65363 004004001009016014
7 3.65363 004004001009016014 8.15145 004005001004016014
7 8.15145 004005001004016014 797475.0 004005000004024013
7 797475.0 004005000004024013 84.1757 004005000004024003
7 84.1757 004005000004024003 3.65363 004004001009016014
7 3.65363 004004001009016014 436448.0 019002001025009014
7 436448.0 019002001025009014 214520.0 019000001025009014
7 214520.0 019000001025009014 3.65363 004004001009016014
7 3.65363 004004001009016014 100713.9933 004000001025024013
7 100713.9933 004000001025024013 194069.0 004000001018024013
7 194069.0 004000001018024013 3.65363 004004001009016014
7 3.65363 004004001009016014 4077700.0 004001000008024014
7 4077700.0 004001000008024014 176293.0 004001000008024001
7 176293.0 004001000008024001 3.65363 004004001009016014
7 3.65363 004004001009016014 4496640.0 004005000025024014
7 4496640.0 004005000025024014 47.4364 036005000025024014
7 47.4364 036005000025024014 3.65363 004004001009016014
7 3.65363 004004001009016014 437425.0 004000001025024014
7 437425.0 004000001025024014 99737.65 004000001025016014
7 99737.65 004000001025016014 3.65363 004004001009016014
7 3.65363 004004001009016014 472139.6138 004000001025016013
7 472139.6138 004000001025016013 8.69359 009000001025016013
7 8.69359 009000001025016013 3.65363 004004001009016014
7 3.65363 004004001009016014 2028020.0 004004001004010014
7 2028020.0 004004001004010014 24692.9 030004001004010014
7 24692.9 030004001004010014 3.65363 004004001009016014
7 3.65363 004004001009016014 1230635.0 004004001025024014
7 1230635.0 004004001025024014 845742.6375 004001001025024014
7 845742.6375 004001001025024014 3.65363 004004001009016014
7 3.65363 004004001009016014 433976.0 004002001025024012
7 433976.0 004002001025024012 41063.5 004005001025024012
7 41063.5 004005001025024012 3.65363 004004001009016014
7 3.65363 004004001009016014 8633.7 004002000009009012
7 8633.7 004002000009009012 6914.15 004005000009009012
7 6914.15 004005000009009012 3.65363 004004001009016014
7 3.65363 004004001009016014 6008420.0 019004000008014014
7 6008420.0 019004000008014014 4257880.0 019004000008017014
7 4257880.0 019004000008017014 3.65363 004004001009016014
7 3.65363 004004001009016014 472853.61625 004004000008016014
7 472853.61625 004004000008016014 3.65363 004004001009016014
7 3.65363 004004001009016014 8.15145 004005001004016014
7 8.15145 004005001004016014 10565.1 019004001009010014
7 10565.1 019004001009010014 5736.36 019004001009019014
7 5736.36 019004001009019014 3.65363 004004001009016014
7 3.65363 004004001009016014 1698490.0 004001001004024014
7 1698490.0 004001001004024014 3.65363 004004001009016014
7 3.65363 004004001009016014 8.15145 004005001004016014
7 8.15145 004005001004016014 4692280.0 019001001004009014
7 4692280.0 019001001004009014 1843.86 019005001004009014
7 1843.86 019005001004009014 3.65363 004004001009016014
7 3.65363 004004001009016014 1382900.0 004000001025009014
7 1382900.0 004000001025009014 140944.0 004000001025009009
7 140944.0 004000001025009009 3.65363 004004001009016014
7 3.65363 004004001009016014 10142800.0 004004000025024018
7 10142800.0 004004000025024018 7956790.0 013004000025024018
7 7956790.0 013004000025024018 3.65363 004004001009016014
7 3.65363 004004001009016014 142223.43417666666 004004000008024013
7 142223.43417666666 004004000008024013 4.59108 004004000008024006
7 4.59108 004004000008024006 3.65363 004004001009016014
7 3.65363 004004001009016014 22025.1 009004001008024006
7 22025.1 009004001008024006 58.4629 009004001008014006
7 58.4629 009004001008014006 3.65363 004004001009016014
7 3.65363 004004001009016014 255.38 004000000008016013
7 255.38 004000000008016013 3.65363 004004001009016014
7 3.65363 004004001009016014 4.59108 004004000008024006
7 4.59108 004004000008024006 13191.9 004004001004024012
7 13191.9 004004001004024012 3.65363 004004001009016014
7 3.65363 004004001009016014 4.59108 004004000008024006
7 4.59108 004004000008024006 570036.0 004004000004024014
7 570036.0 004004000004024014 2232.45 004001000004024014
7 2232.45 004001000004024014 3.65363 004004001009016014
7 3.65363 004004001009016014 1172140.0 004004000004014014
7 1172140.0 004004000004014014 667048.0 004004000004017014
7 667048.0 004004000004017014 3.65363 004004001009016014
7 3.65363 004004001009016014 897.4185 004004001004016014
7 897.4185 004004001004016014 43.7126 004004001004011014
7 43.7126 004004001004011014 3.65363 004004001009016014
7 3.65363 004004001009016014 1793595.0 004001001009024014
7 1793595.0 004001001009024014 15112.5 001001001009024014
7 15112.5 001001001009024014 3.65363 004004001009016014
7 3.65363 004004001009016014 327.345 004004001025016018
7 327.345 004004001025016018 12.0302 023004001025016018
7 12.0302 023004001025016018 3.65363 004004001009016014
7 3.65363 004004001009016014 652035.0 004004001004024014
7 652035.0 004004001004024014 53.6286 004004002004024014
7 53.6286 004004002004024014 3.65363 004004001009016014
7 3.65363 004004001009016014 99737.65 004000001025016014
7 99737.65 004000001025016014 78.3018 004000001025004014
7 78.3018 004000001025004014 3.65363 004004001009016014
7 3.65363 004004001009016014 16245.0 004004001025016014
7 16245.0 004004001025016014 3.65363 004004001009016014
7 3.65363 004004001009016014 4.59108 004004000008024006
7 4.59108 004004000008024006 431413.0 004000000008016014
7 431413.0 004000000008016014 2323.31 004001000008016014
7 2323.31 004001000008016014 3.65363 004004001009016014
7 3.65363 004004001009016014 1054930.0 004001000008014014
7 1054930.0 004001000008014014 3895.88 011001000008014014
7 3895.88 011001000008014014 3.65363 004004001009016014
7 3.65363 004004001009016014 293484.0 004001000025024013
7 293484.0 004001000025024013 37.7415 004001000025024004
7 37.7415 004001000025024004 3.65363 004004001009016014
7 3.65363 004004001009016014 2666480.0 004004001025014014
7 2666480.0 004004001025014014 15977.8 004004001025014005
7 15977.8 004004001025014005 3.65363 004004001009016014
7 3.65363 004004001009016014 793206.135 004001001009016005
7 793206.135 004001001009016005 793206.135 004001001009016005
7 793206.135 004001001009016005 3.65363 004004001009016014
7 3.65363 004004001009016014 560209.0 001005001008009018
7 560209.0 001005001008009018 3368.22 001005000008009018
7 3368.22 001005000008009018 3.65363 004004001009016014
7 3.65363 004004001009016014 260351.6473 004004000025024014
7 260351.6473 004004000025024014 260351.6473 004004000025024014
7 260351.6473 004004000025024014 3.65363 004004001009016014
7 3.65363 004004001009016014 1193640.0 004004001004016018
7 1193640.0 004004001004016018 764173.0 004004001004006018
7 764173.0 004004001004006018 3.65363 004004001009016014
7 3.65363 004004001009016014 859658.5 019004001008024014
7 859658.5 019004001008024014 27216.4 019004001007024014
7 27216.4 019004001007024014 3.65363 004004001009016014
7 3.65363 004004001009016014 1817160.0 004001001004016004
7 1817160.0 004001001004016004 286316.0 004001001004016006
7 286316.0 004001001004016006 3.65363 004004001009016014
7 3.65363 004004001009016014 818693.0 004001001009024013
7 818693.0 004001001009024013 568886.0 004001001009024009
7 568886.0 004001001009024009 3.65363 004004001009016014
7 3.65363 004004001009016014 486661.0 004002001004024013
7 486661.0 004002001004024013 481.902 024002001004024013
7 481.902 024002001004024013 3.65363 004004001009016014
7 3.65363 004004001009016014 19597.5 004000001025005018
7 19597.5 004000001025005018 70.3906 004000000025005018
7 70.3906 004000000025005018 3.65363 004004001009016014
7 3.65363 004004001009016014 1047430.0 004001001025016014
7 1047430.0 004001001025016014 368183.0 004001001020016014
7 368183.0 004001001020016014 3.65363 004004001009016014
7 3.65363 004004001009016014 437425.0 004000001025024014
7 437425.0 004000001025024014 175081.0 004000001025024010
7 175081.0 004000001025024010 3.65363 004004001009016014
7 3.65363 004004001009016014 9865910.0 019002000008024014
7 9865910.0 019002000008024014 2089890.0 028002000008024014
7 2089890.0 028002000008024014 3.65363 004004001009016014
7 3.65363 004004001009016014 845742.6375 004001001025024014
7 845742.6375 004001001025024014 845742.6375 004001001025024014
7 845742.6375 004001001025024014 3.65363 004004001009016014
7 3.65363 004004001009016014 3840070.0 019004001008016013
7 3840070.0 019004001008016013 13927.7 019004001008016016
7 13927.7 019004001008016016 3.65363 004004001009016014
7 3.65363 004004001009016014 99737.65 004000001025016014
7 99737.65 004000001025016014 99737.65 004000001025016014
7 99737.65 004000001025016014 3.65363 004004001009016014
7 3.65363 004004001009016014 1905060.0 004004001025005013
7 1905060.0 004004001025005013 2334.35 004004002025005013
7 2334.35 004004002025005013 3.65363 004004001009016014
7 3.65363 004004001009016014 1039514.5 004005001008016006
7 1039514.5 004005001008016006 222965.0 004005001015016006
7 222965.0 004005001015016006 3.65363 004004001009016014
7 3.65363 004004001009016014 992530.0 004000001004014018
7 992530.0 004000001004014018 28837.3 040000001004014018
7 28837.3 040000001004014018 3.65363 004004001009016014
7 3.65363 004004001009016014 236894.0 004002001025024013
7 236894.0 004002001025024013 3468.6 004002001025024000
7 3468.6 004002001025024000 3.65363 004004001009016014
7 3.65363 004004001009016014 737896.0 019000001009016018
7 737896.0 019000001009016018 3546.16 019000001009014018
7 3546.16 019000001009014018 3.65363 004004001009016014
7 3.65363 004004001009016014 1698490.0 004001001004024014
7 1698490.0 004001001004024014 239785.0 001001001004024014
7 239785.0 001001001004024014 3.65363 004004001009016014
7 3.65363 004004001009016014 99737.65 004000001025016014
7 99737.65 004000001025016014 35.9823 002000001025016014
7 35.9823 002000001025016014 3.65363 004004001009016014
7 3.65363 004004001009016014 8287.82 004001001008016012
7 8287.82 004001001008016012 41.9719 004001001022016012
7 41.9719 004001001022016012 3.65363 004004001009016014
7 3.65363 004004001009016014 142223.43417666666 004004000008024013
7 142223.43417666666 004004000008024013 45.3922 004004000008024011
7 45.3922 004004000008024011 3.65363 004004001009016014
7 3.65363 004004001009016014 49.1251 004004001025014013
7 49.1251 004004001025014013 3.65363 004004001009016014
7 3.65363 004004001009016014 4.59108 004004000008024006
7 4.59108 004004000008024006 1176150.0 004004001009024018
7 1176150.0 004004001009024018 309.72 004004001020024018
7 309.72 004004001020024018 3.65363 004004001009016014
7 3.65363 004004001009016014 322285.25 004001001004005014
7 322285.25 004001001004005014 609978.0 004000001004005014
7 609978.0 004000001004005014 3.65363 004004001009016014
7 3.65363 004004001009016014 792964.6 004000001004016014
7 792964.6 004000001004016014 792964.6 004000001004016014
7 792964.6 004000001004016014 3.65363 004004001009016014
7 3.65363 004004001009016014 1039514.5 004005001008016006
7 1039514.5 004005001008016006 364908.0 004004001008016006
7 364908.0 004004001008016006 3.65363 004004001009016014
7 3.65363 004004001009016014 1230635.0 004004001025024014
7 1230635.0 004004001025024014 16245.0 004004001025016014
7 16245.0 004004001025016014 3.65363 004004001009016014
7 3.65363 004004001009016014 472139.6138 004000001025016013
7 472139.6138 004000001025016013 844155.0 020000001025016013
7 844155.0 020000001025016013 3.65363 004004001009016014
7 3.65363 004004001009016014 522527.0 023000001025016014
7 522527.0 023000001025016014 443384.0 034000001025016014
7 443384.0 034000001025016014 3.65363 004004001009016014
7 3.65363 004004001009016014 145.443 004000000025016018
7 145.443 004000000025016018 30.5139 004000000025022018
7 30.5139 004000000025022018 3.65363 004004001009016014
7 3.65363 004004001009016014 435103.864005 004002001008024014
7 435103.864005 004002001008024014 449569.0 004002001008024007
7 449569.0 004002001008024007 3.65363 004004001009016014
7 3.65363 004004001009016014 1279240.0 004002001009024018
7 1279240.0 004002001009024018 10175.1 004003001009024018
7 10175.1 004003001009024018 3.65363 004004001009016014
7 3.65363 004004001009016014 2264930.0 004004001008009018
7 2264930.0 004004001008009018 1176990.0 004004002008009018
7 1176990.0 004004002008009018 3.65363 004004001009016014
7 3.65363 004004001009016014 348780.0 004004000025024013
7 348780.0 004004000025024013 2322.9 021004000025024013
7 2322.9 021004000025024013 3.65363 004004001009016014
7 3.65363 004004001009016014 99737.65 004000001025016014
7 99737.65 004000001025016014 99737.65 004000001025016014
7 99737.65 004000001025016014 3.65363 004004001009016014
7 3.65363 004004001009016014 1070340.0 004000001025016012
7 1070340.0 004000001025016012 14373.4 004003001025016012
7 14373.4 004003001025016012 3.65363 004004001009016014
7 3.65363 004004001009016014 16245.0 004004001025016014
7 16245.0 004004001025016014 765162.0 004004001013016014
7 765162.0 004004001013016014 3.65363 004004001009016014
7 3.65363 004004001009016014 102.044 004004001025016013
7 102.044 004004001025016013 3.65363 004004001009016014
7 3.65363 004004001009016014 4.59108 004004000008024006
7 4.59108 004004000008024006 635695.0 004000000004024012
7 635695.0 004000000004024012 38.8057 004000000004024009
7 38.8057 004000000004024009 3.65363 004004001009016014
7 3.65363 004004001009016014 1113770.0 004000000009016018
7 1113770.0 004000000009016018 71.8402 004000000009009018
7 71.8402 004000000009009018 3.65363 004004001009016014
7 3.65363 004004001009016014 26.4476 004001001004024018
7 26.4476 004001001004024018 3.65363 004004001009016014
7 3.65363 004004001009016014 4.59108 004004000008024006
7 4.59108 004004000008024006 398050.0 023000001025014014
7 398050.0 023000001025014014 18626.7 023000001025007014
7 18626.7 023000001025007014 3.65363 004004001009016014
7 3.65363 004004001009016014 897.4185 004004001004016014
7 897.4185 004004001004016014 9.16262 004004001004001014
7 9.16262 004004001004001014 3.65363 004004001009016014
7 3.65363 004004001009016014 1195950.0 004004000025016014
7 1195950.0 004004000025016014 2443.56 004005000025016014
7 2443.56 004005000025016014 3.65363 004004001009016014
7 3.65363 004004001009016014 4641.84 001004000004016014
7 4641.84 001004000004016014 3481.73 019004000004016014
7 3481.73 019004000004016014 3.65363 004004001009016014
7 3.65363 004004001009016014 3893315.0 019000001025024018
7 3893315.0 019000001025024018 3893315.0 019000001025024018
7 3893315.0 019000001025024018 3.65363 004004001009016014
7 3.65363 004004001009016014 3937385.05 019000001004005013
7 3937385.05 019000001004005013 3937385.05 019000001004005013
7 3937385.05 019000001004005013 3.65363 004004001009016014
7 3.65363 004004001009016014 142223.43417666666 004004000008024013
7 142223.43417666666 004004000008024013 3.65363 004004001009016014
7 3.65363 004004001009016014 4.59108 004004000008024006
7 4.59108 004004000008024006 314293.525 004004000009024014
7 314293.525 004004000009024014 314293.525 004004000009024014
7 314293.525 004004000009024014 3.65363 004004001009016014
7 3.65363 004004001009016014 6111710.0 009005000004016013
7 6111710.0 009005000004016013 1508740.0 036005000004016013
7 1508740.0 036005000004016013 3.65363 004004001009016014
7 3.65363 004004001009016014 526120.0 009001001008016014
7 526120.0 009001001008016014 10246.4 004001001008016014
7 10246.4 004001001008016014 3.65363 004004001009016014
7 3.65363 004004001009016014 845742.6375 004001001025024014
7 845742.6375 004001001025024014 262134.0 015001001025024014
7 262134.0 015001001025024014 3.65363 004004001009016014
7 3.65363 004004001009016014 280376.0 004001000025005006
7 280376.0 004001000025005006 15.3146 004001000014005006
7 15.3146 004001000014005006 3.65363 004004001009016014
7 3.65363 004004001009016014 1244970.0 004002000025016014
7 1244970.0 004002000025016014 1244970.0 004002000025016014
7 1244970.0 004002000025016014 3.65363 004004001009016014
7 3.65363 004004001009016014 1864740.0 004004000008016018
7 1864740.0 004004000008016018 767.864 015004000008016018
7 767.864 015004000008016018 3.65363 004004001009016014
7 3.65363 004004001009016014 456188.0 004001000025016014
7 456188.0 004001000025016014 371078.5 004000000025016014
7 371078.5 004000000025016014 3.65363 004004001009016014
7 3.65363 004004001009016014 46.428 004004001008016014
7 46.428 004004001008016014 3.65363 004004001009016014
7 3.65363 004004001009016014 4.59108 004004000008024006
7 4.59108 004004000008024006 7285.27 009001001009016018
7 7285.27 009001001009016018 5007.73 009001001009017018
7 5007.73 009001001009017018 3.65363 004004001009016014
7 3.65363 004004001009016014 472853.61625 004004000008016014
7 472853.61625 004004000008016014 347369.0 004004002008016014
7 347369.0 004004002008016014 3.65363 004004001009016014
7 3.65363 004004001009016014 2662.06 004004001025009018
7 2662.06 004004001025009018 270.828 004004001025018018
7 270.828 004004001025018018 3.65363 004004001009016014
7 3.65363 004004001009016014 1605070.0 004002000025009014
7 1605070.0 004002000025009014 582743.0 004005000025009014
7 582743.0 004005000025009014 3.65363 004004001009016014
7 3.65363 004004001009016014 1031390.0 004000000004016013
7 1031390.0 004000000004016013 496222.0 004000000003016013
7 496222.0 004000000003016013 3.65363 004004001009016014
7 3.65363 004004001009016014 8207000.0 004002000014005018
7 8207000.0 004002000014005018 13.0018 004001000014005018
7 13.0018 004001000014005018 3.65363 004004001009016014
7 3.65363 004004001009016014 683093.0 004005001004024018
7 683093.0 004005001004024018 3031.47 004005001007024018
7 3031.47 004005001007024018 3.65363 004004001009016014
7 3.65363 004004001009016014 1597360.0 004005001014024018
7 1597360.0 004005001014024018 23150.7 004005001014024012
7 23150.7 004005001014024012 3.65363 004004001009016014
7 3.65363 004004001009016014 3769200.0 004002000008024018
7 3769200.0 004002000008024018 9622.28 022002000008024018
7 9622.28 022002000008024018 3.65363 004004001009016014
7 3.65363 004004001009016014 1001180.0 004001000008024013
7 1001180.0 004001000008024013 980392.0 011001000008024013
7 980392.0 011001000008024013 3.65363 004004001009016014
7 3.65363 004004001009016014 414.183 009001000004009018
7 414.183 009001000004009018 394.254 009001000004002018
7 394.254 009001000004002018 3.65363 004004001009016014
7 3.65363 004004001009016014 6571030.0 023001001008005013
7 6571030.0 023001001008005013 12901.0 031001001008005013
7 12901.0 031001001008005013 3.65363 004004001009016014
7 3.65363 004004001009016014 1176150.0 004004001009024018
7 1176150.0 004004001009024018 399.515 040004001009024018
7 399.515 040004001009024018 3.65363 004004001009016014
7 3.65363 004004001009016014 8819180.0 004004000004024018
7 8819180.0 004004000004024018 770.951 004004000004007018
7 770.951 004004000004007018 3.65363 004004001009016014
7 3.65363 004004001009016014 260351.6473 004004000025024014
7 260351.6473 004004000025024014 3.65363 004004001009016014
7 3.65363 004004001009016014 4.59108 004004000008024006
7 4.59108 004004000008024006 14264.9 004002000004005012
7 14264.9 004002000004005012 123.959 004002000006005012
7 123.959 004002000006005012 3.65363 004004001009016014
7 3.65363 004004001009016014 4398.69 004002001006005013
7 4398.69 004002001006005013 93.3657 004004001006005013
7 93.3657 004004001006005013 3.65363 004004001009016014
7 3.65363 004004001009016014 2504290.0 004004000025016018
7 2504290.0 004004000025016018 3343.55 004004000025016000
7 3343.55 004004000025016000 3.65363 004004001009016014
7 3.65363 004004001009016014 138964.0 004004001009016000
7 138964.0 004004001009016000 22.481 004001001009016000
7 22.481 004001001009016000 3.65363 004004001009016014
7 3.65363 004004001009016014 7447310.0 009002000004005013
7 7447310.0 009002000004005013 9138.08 009002000004015013
7 9138.08 009002000004015013 3.65363 004004001009016014
7 3.65363 004004001009016014 5127.47 023004001004016013
7 5127.47 023004001004016013 3443.48 023003001004016013
7 3443.48 023003001004016013 3.65363 004004001009016014
8 3.65363 004004001009016014 4954910000.0 004005000012009000
8 4954910000.0 004005000012009000 891733000.0 004003000012009000
8 891733000.0 004003000012009000 66.4456 011000000010013009
8 66.4456 011000000010013009 4672.38 006001002008019004
8 4672.38 006001002008019004 81.2963 006001002008019016
8 81.2963 006001002008019016 66.4456 011000000010013009
8 66.4456 011000000010013009 8756510.0 010003000002025008
8 8756510.0 010003000002025008 21453.4 010003000001025008
8 21453.4 010003000001025008 66.4456 011000000010013009
8 66.4456 011000000010013009 132933.0 001001001025020000
8 132933.0 001001001025020000 17603.1 029001001025020000
8 17603.1 029001001025020000 66.4456 011000000010013009
8 66.4456 011000000010013009 20774.5 001004002010019007
8 20774.5 001004002010019007 9721.5 026004002010019007
8 9721.5 026004002010019007 66.4456 011000000010013009
8 66.4456 011000000010013009 4565060000.0 026002000016010000
8 4565060000.0 026002000016010000 7672120.0 026002000016010011
8 7672120.0 026002000016010011 66.4456 011000000010013009
8 66.4456 011000000010013009 1112370.0 006003002009002011
8 1112370.0 006003002009002011 22210.7 022003002009002011
8 22210.7 022003002009002011 66.4456 011000000010013009
8 66.4456 011000000010013009 2866.0249999999996 040001000010019011
8 2866.0249999999996 040001000010019011 72.325 025001000010019011
8 72.325 025001000010019011 66.4456 011000000010013009
8 66.4456 011000000010013009 23571.4 026003002025019013
8 23571.4 026003002025019013 10574.6 026003002025019016
8 10574.6 026003002025019016 66.4456 011000000010013009
8 66.4456 011000000010013009 54560200.0 025001002025002007
8 54560200.0 025001002025002007 20513.1 016001002025002007
8 20513.1 016001002025002007 66.4456 011000000010013009
8 66.4456 011000000010013009 1255190.0 001003000010019012
8 1255190.0 001003000010019012 106.412 001003000014019012
8 106.412 001003000014019012 66.4456 011000000010013009
8 66.4456 011000000010013009 396463.0 001005000025019013
8 396463.0 001005000025019013 261061.0 001000000025019013
8 261061.0 001000000025019013 66.4456 011000000010013009
8 66.4456 011000000010013009 38320.2 026001002007002012
8 38320.2 026001002007002012 9496.27 026001002007011012
8 9496.27 026001002007011012 66.4456 011000000010013009
8 66.4456 011000000010013009 59455700.0 040003001015002011
8 59455700.0 040003001015002011 7852.1 040003001010002011
8 7852.1 040003001010002011 66.4456 011000000010013009
8 66.4456 011000000010013009 2556060.0 006001001010019000
8 2556060.0 006001001010019000 44527.7 006004001010019000
8 44527.7 006004001010019000 66.4456 011000000010013009
8 66.4456 011000000010013009 24078.1 011001001007011011
8 24078.1 011001001007011011 18987.3 011005001007011011
8 18987.3 011005001007011011 66.4456 011000000010013009
8 66.4456 011000000010013009 227789.0 006004002007019011
8 227789.0 006004002007019011 42.1481 006004002007019018
8 42.1481 006004002007019018 66.4456 011000000010013009
8 66.4456 011000000010013009 3335.97 006001000008013006
8 3335.97 006001000008013006 265.363 006001000002013006
8 265.363 006001000002013006 42.1481 006004002007019018
8 42.1481 006004002007019018 10308.2 001004000010019011
8 10308.2 001004000010019011 59.4869 001004000018019011
8 59.4869 001004000018019011 42.1481 006004002007019018
8 42.1481 006004002007019018 4007.7 026004002010013006
8 4007.7 026004002010013006 683.086 026004002010002006
8 683.086 026004002010002006 42.1481 006004002007019018
8 42.1481 006004002007019018 4820.51 025004000010019012
8 4820.51 025004000010019012 45.7882 025004000005019012
8 45.7882 025004000005019012 42.1481 006004002007019018
8 42.1481 006004002007019018 1767.13 025001000008013009
8 1767.13 025001000008013009 181.223 025001000006013009
8 181.223 025001000006013009 42.1481 006004002007019018
8 42.1481 006004002007019018 74895900.0 026004000010019018
8 74895900.0 026004000010019018 15385500.0 026004000024019018
8 15385500.0 026004000024019018 42.1481 006004002007019018
8 42.1481 006004002007019018 556620.0 006001000002019004
8 556620.0 006001000002019004 2411.27 006001000002019009
8 2411.27 006001000002019009 42.1481 006004002007019018
8 42.1481 006004002007019018 12599.8 011001002010019006
8 12599.8 011001002010019006 413.528 011001002021019006
8 413.528 011001002021019006 42.1481 006004002007019018
8 42.1481 006004002007019018 3785010.0 006001000008019009
8 3785010.0 006001000008019009 6860.89 006001000005019009
8 6860.89 006001000005019009 42.1481 006004002007019018
8 42.1481 006004002007019018 3463350.0 025004000010013006
8 3463350.0 025004000010013006 2127650.0 020004000010013006
8 2127650.0 020004000010013006 42.1481 006004002007019018
8 42.1481 006004002007019018 32039400.0 025001002014013006
8 32039400.0 025001002014013006 2927090.0 025001002014013012
8 2927090.0 025001002014013012 42.1481 006004002007019018
8 42.1481 006004002007019018 599314.0 040004000010019006
8 599314.0 040004000010019006 9935.3 040004000010021006
8 9935.3 040004000010021006 42.1481 006004002007019018
8 42.1481 006004002007019018 3721.96 026004000010019011
8 3721.96 026004000010019011 3157.47 026004000009019011
8 3157.47 026004000009019011 42.1481 006004002007019018
8 42.1481 006004002007019018 4155070.0 040001000008019004
8 4155070.0 040001000008019004 43634.5 040001000008003004
8 43634.5 040001000008003004 42.1481 006004002007019018
8 42.1481 006004002007019018 6423980.0 006001000002013016
8 6423980.0 006001000002013016 4693.22 006001000002024016
8 4693.22 006001000002024016 42.1481 006004002007019018
8 42.1481 006004002007019018 229503.0 006001002008019006
8 229503.0 006001002008019006 412.234 002001002008019006
8 412.234 002001002008019006 42.1481 006004002007019018
8 42.1481 006004002007019018 701569.335 026001000010019011
8 701569.335 026001000010019011 701569.335 026001000010019011
8 701569.335 026001000010019011 42.1481 006004002007019018
8 42.1481 006004002007019018 127939.945 011004002007019011
8 127939.945 011004002007019011 1672910.0 011005002007019011
8 1672910.0 011005002007019011 42.1481 006004002007019018
8 42.1481 006004002007019018 194504.0 001001000006019006
8 194504.0 001001000006019006 16669.4 001001000006002006
8 16669.4 001001000006002006 42.1481 006004002007019018
8 42.1481 006004002007019018 10018100000.0 025001002010013006
8 10018100000.0 025001002010013006 1372500.0 025001002010013017
8 1372500.0 025001002010013017 42.1481 006004002007019018
8 42.1481 006004002007019018 2814585.0 025004002005019009
8 2814585.0 025004002005019009 2814585.0 025004002005019009
8 2814585.0 025004002005019009 42.1481 006004002007019018
8 42.1481 006004002007019018 1025053.0 002001000002013006
8 1025053.0 002001000002013006 1025053.0 002001000002013006
8 1025053.0 002001000002013006 42.1481 006004002007019018
8 42.1481 006004002007019018 4451760.0 026001000009019016
8 4451760.0 026001000009019016 2877690.0 026004000009019016
8 2877690.0 026004000009019016 42.1481 006004002007019018
8 42.1481 006004002007019018 1999230.0 006004000002002016
8 1999230.0 006004000002002016 21098.7 006006000002002016
8 21098.7 006006000002002016 42.1481 006004002007019018
8 42.1481 006004002007019018 2417210.0 011004000008019009
8 2417210.0 011004000008019009 359436.0 011004000008014009
8 359436.0 011004000008014009 42.1481 006004002007019018
8 42.1481 006004002007019018 329314000.0 026001000010014006
8 329314000.0 026001000010014006 4959490.0 026001000024014006
8 4959490.0 026001000024014006 42.1481 006004002007019018
8 42.1481 006004002007019018 6256.98 025001000008019012
8 6256.98 025001000008019012 6256.98 025001000008019012
8 6256.98 025001000008019012 42.1481 006004002007019018
8 42.1481 006004002007019018 8645190.0 025004000018013011
8 8645190.0 025004000018013011 157.358 011004000018013011
8 157.358 011004000018013011 42.1481 006004002007019018
8 42.1481 006004002007019018 9987530.0 026001002014013016
8 9987530.0 026001002014013016 6843430.0 026001002014005016
8 6843430.0 026001002014005016 42.1481 006004002007019018
8 42.1481 006004002007019018 78.5154 026004000008013012
8 78.5154 026004000008013012 42.1481 006004002007019018
8 42.1481 006004002007019018 45.7882 025004000005019012
8 45.7882 025004000005019012 77146269.45 026003000006013018
8 77146269.45 026003000006013018 77146269.45 026003000006013018
8 77146269.45 026003000006013018 42.1481 006004002007019018
8 42.1481 006004002007019018 363385.0 006001002006019012
8 363385.0 006001002006019012 10167.0 006001000006019012
8 10167.0 006001000006019012 42.1481 006004002007019018
8 42.1481 006004002007019018 192562.0 011000000010013006
8 192562.0 011000000010013006 1152.92 011000000007013006
8 1152.92 011000000007013006 42.1481 006004002007019018
8 42.1481 006004002007019018 9047.18 001004000007013011
8 9047.18 001004000007013011 133.965 011004000007013011
8 133.965 011004000007013011 42.1481 006004002007019018
8 42.1481 006004002007019018 1184170.0 011001000008013006
8 1184170.0 011001000008013006 5370.27 011001000008013012
8 5370.27 011001000008013012 42.1481 006004002007019018
8 42.1481 006004002007019018 709228.13775 011001000007019011
8 709228.13775 011001000007019011 42.1481 006004002007019018
8 42.1481 006004002007019018 45.7882 025004000005019012
8 45.7882 025004000005019012 15260.6 026001000002019011
8 15260.6 026001000002019011 42.1481 006004002007019018
8 42.1481 006004002007019018 45.7882 025004000005019012
8 45.7882 025004000005019012 16929616.0 040001002002013012
8 16929616.0 040001002002013012 16929616.0 040001002002013012
8 16929616.0 040001002002013012 42.1481 006004002007019018
8 42.1481 006004002007019018 861541.0 001001002006013018
8 861541.0 001001002006013018 42.1481 006004002007019018
8 42.1481 006004002007019018 45.7882 025004000005019012
8 45.7882 025004000005019012 2866.0249999999996 040001000010019011
8 2866.0249999999996 040001000010019011 42.1481 006004002007019018
8 42.1481 006004002007019018 45.7882 025004000005019012
8 45.7882 025004000005019012 1310000.0 040004002005019009
8 1310000.0 040004002005019009 7906.73 040004002005019010
8 7906.73 040004002005019010 42.1481 006004002007019018
8 42.1481 006004002007019018 3114090.0 001003000005013006
8 3114090.0 001003000005013006 882.055 001000000005013006
8 882.055 001000000005013006 42.1481 006004002007019018
8 42.1481 006004002007019018 7519.2 002004000008019011
8 7519.2 002004000008019011 5283.88 002004000008012011
8 5283.88 002004000008012011 42.1481 006004002007019018
8 42.1481 006004002007019018 2825130.0 001001000010002011
8 2825130.0 001001000010002011 3395.24 001001000010009011
8 3395.24 001001000010009011 42.1481 006004002007019018
8 42.1481 006004002007019018 1805850.0 006001000010013006
8 1805850.0 006001000010013006 254.552 024001000010013006
8 254.552 024001000010013006 42.1481 006004002007019018
8 42.1481 006004002007019018 2874335.0 006004000007013018
8 2874335.0 006004000007013018 2405170.0 006004000002013018
8 2405170.0 006004000002013018 42.1481 006004002007019018
8 42.1481 006004002007019018 3234635.5 024004000018013009
8 3234635.5 024004000018013009 3234635.5 024004000018013009
8 3234635.5 024004000018013009 42.1481 006004002007019018
8 42.1481 006004002007019018 2069.03 006001000005013016
8 2069.03 006001000005013016 1372.86 006001000005022016
8 1372.86 006001000005022016 42.1481 006004002007019018
8 42.1481 006004002007019018 13203400.0 006003002018013006
8 13203400.0 006003002018013006 416418.0 006003002022013006
8 416418.0 006003002022013006 42.1481 006004002007019018
8 42.1481 006004002007019018 514836.5 001004000010019012
8 514836.5 001004000010019012 514836.5 001004000010019012
8 514836.5 001004000010019012 42.1481 006004002007019018
8 42.1481 006004002007019018 2185120.0 024004000010019012
8 2185120.0 024004000010019012 10277.0 039004000010019012
8 10277.0 039004000010019012 42.1481 006004002007019018
8 42.1481 006004002007019018 210450.0 001001000010019009
8 210450.0 001001000010019009 6225.6 001001000010019011
8 6225.6 001001000010019011 42.1481 006004002007019018
8 42.1481 006004002007019018 159496000.0 011001002007002012
8 159496000.0 011001002007002012 7890950.0 011001002005002012
8 7890950.0 011001002005002012 42.1481 006004002007019018
8 42.1481 006004002007019018 314753.0 001004002005019006
8 314753.0 001004002005019006 7579.58 001004002005019012
8 7579.58 001004002005019012 42.1481 006004002007019018
8 42.1481 006004002007019018 262775.0 011001000007019006
8 262775.0 011001000007019006 42.1481 006004002007019018
8 42.1481 006004002007019018 45.7882 025004000005019012
8 45.7882 025004000005019012 1007810.0 025000000010013011
8 1007810.0 025000000010013011 9193.86 025000000010013010
8 9193.86 025000000010013010 42.1481 006004002007019018
8 42.1481 006004002007019018 2874335.0 006004000007013018
8 2874335.0 006004000007013018 1090390.0 006004002007013018
8 1090390.0 006004002007013018 42.1481 006004002007019018
8 42.1481 006004002007019018 4169470.0 011001000008019006
8 4169470.0 011001000008019006 4053660.0 011001000008019017
8 4053660.0 011001000008019017 42.1481 006004002007019018
8 42.1481 006004002007019018 2043990.0 026001000005013011
8 2043990.0 026001000005013011 586051.0 011001000005013011
8 586051.0 011001000005013011 42.1481 006004002007019018
8 42.1481 006004002007019018 10128200000.0 025004000005002006
8 10128200000.0 025004000005002006 19356700.0 025004000005012006
8 19356700.0 025004000005012006 42.1481 006004002007019018
8 42.1481 006004002007019018 16417.1 024004000007013006
8 16417.1 024004000007013006 2049.03 024004000007013003
8 2049.03 024004000007013003 42.1481 006004002007019018
8 42.1481 006004002007019018 6314.2 006001002010013009
8 6314.2 006001002010013009 4130.83 006001002010004009
8 4130.83 006001002010004009 42.1481 006004002007019018
8 42.1481 006004002007019018 6.86505 002004002007013006
8 6.86505 002004002007013006 42.1481 006004002007019018
8 42.1481 006004002007019018 45.7882 025004000005019012
8 45.7882 025004000005019012 6407.48 001004000005013006
8 6407.48 001004000005013006 6.86505 002004002007013006
8 6.86505 002004002007013006 42.1481 006004002007019018
8 42.1481 006004002007019018 7589.81 006004000021019009
8 7589.81 006004000021019009 82.4338 006004000021019018
8 82.4338 006004000021019018 6.86505 002004002007013006
8 6.86505 002004002007013006 30100.6 024003002021013006
8 30100.6 024003002021013006 133.06 024003002017013006
8 133.06 024003002017013006 6.86505 002004002007013006
8 6.86505 002004002007013006 12626.6 024004000007013012
8 12626.6 024004000007013012 3008.88 024004000007022012
8 3008.88 024004000007022012 6.86505 002004002007013006
8 6.86505 002004002007013006 6278330.0 024001000017019011
8 6278330.0 024001000017019011 1798490.0 024001001017019011
8 1798490.0 024001001017019011 6.86505 002004002007013006
8 6.86505 002004002007013006 401505.0 001001002007019006
8 401505.0 001001002007019006 2.09621 001001002007019012
8 2.09621 001001002007019012 6.86505 002004002007013006
8 6.86505 002004002007013006 14210.8 025001002006019011
8 14210.8 025001002006019011 9900.68 025001002006018011
8 9900.68 025001002006018011 2.09621 001001002007019012
8 2.09621 001001002007019012 3220.49 025004000010013016
8 3220.49 025004000010013016 2.09621 001001002007019012
8 2.09621 001001002007019012 6.86505 002004002007013006
8 6.86505 002004002007013006 2708250000.0 025001002018019006
8 2708250000.0 025001002018019006 94886900.0 025002002018019006
8 94886900.0 025002002018019006 2.09621 001001002007019012
8 2.09621 001001002007019012 13329.5 025004000018019006
8 13329.5 025004000018019006 7814.89 025004001018019006
8 7814.89 025004001018019006 2.09621 001001002007019012
8 2.09621 001001002007019012 9753200.0 024001000018019011
8 9753200.0 024001000018019011 2906950.0 024001000009019011
8 2906950.0 024001000009019011 2.09621 001001002007019012
8 2.09621 001001002007019012 6773.657 011004000018019006
8 6773.657 011004000018019006 20.5349 011004000018016006
8 20.5349 011004000018016006 2.09621 001001002007019012
8 2.09621 001001002007019012 686296.0 006004002007013012
8 686296.0 006004002007013012 13348.7 006004002020013012
8 13348.7 006004002020013012 2.09621 001001002007019012
8 2.09621 001001002007019012 3285030.0 011004000008013011
8 3285030.0 011004000008013011 836405.0 011004001008013011
8 836405.0 011004001008013011 2.09621 001001002007019012
8 2.09621 001001002007019012 2378830.0 011001000018013011
8 2378830.0 011001000018013011 909054.0 011001000018013016
8 909054.0 011001000018013016 2.09621 001001002007019012
8 2.09621 001001002007019012 9906.365 002001002018013012
8 9906.365 002001002018013012 9906.365 002001002018013012
8 9906.365 002001002018013012 2.09621 001001002007019012
8 2.09621 001001002007019012 13346.4 001003000007019011
8 13346.4 001003000007019011 92.7806 001003000007015011
8 92.7806 001003000007015011 2.09621 001001002007019012
8 2.09621 001001002007019012 6401140.0 006001000008013011
8 6401140.0 006001000008013011 340226.0 006001001008013011
8 340226.0 006001001008013011 2.09621 001001002007019012
8 2.09621 001001002007019012 3872.45 026001000007019011
8 3872.45 026001000007019011 2593.33 026001000007015011
8 2593.33 026001000007015011 2.09621 001001002007019012
8 2.09621 001001002007019012 269036.0 006004000010013006
8 269036.0 006004000010013006 207371.0 006004000010014006
8 207371.0 006004000010014006 2.09621 001001002007019012
8 2.09621 001001002007019012 136.958 024004000007013016
8 136.958 024004000007013016 63.6651 003004000007013016
8 63.6651 003004000007013016 2.09621 001001002007019012
8 2.09621 001001002007019012 1068020.0 002004002007019016
8 1068020.0 002004002007019016 361205.0 002004002007015016
8 361205.0 002004002007015016 2.09621 001001002007019012
8 2.09621 001001002007019012 236879.0 025004002008016011
8 236879.0 025004002008016011 17417.7 025004002022016011
8 17417.7 025004002022016011 2.09621 001001002007019012
8 2.09621 001001002007019012 187129.0 002004002007019011
8 187129.0 002004002007019011 14849.1 002004002007019009
8 14849.1 002004002007019009 2.09621 001001002007019012
8 2.09621 001001002007019012 1821220.0 011004002008013012
8 1821220.0 011004002008013012 25238.7 011004002008013005
8 25238.7 011004002008013005 2.09621 001001002007019012
8 2.09621 001001002007019012 2807600.0 011004000007013005
8 2807600.0 011004000007013005 1438590.0 011005000007013005
8 1438590.0 011005000007013005 2.09621 001001002007019012
8 2.09621 001001002007019012 4332980.0 024004000007015011
8 4332980.0 024004000007015011 3110.62 024004000007017011
8 3110.62 024004000007017011 2.09621 001001002007019012
8 2.09621 001001002007019012 8508990000.0 024003002017019006
8 8508990000.0 024003002017019006 8132.39 026003002017019006
8 8132.39 026003002017019006 2.09621 001001002007019012
8 2.09621 001001002007019012 6876.33 011001002005013006
8 6876.33 011001002005013006 75.8055 011001002005000006
8 75.8055 011001002005000006 2.09621 001001002007019012
8 2.09621 001001002007019012 18172300.0 011003000007019016
8 18172300.0 011003000007019016 12862.3 011003000007019011
8 12862.3 011003000007019011 2.09621 001001002007019012
8 2.09621 001001002007019012 454576.0 006004002021019011
8 454576.0 006004002021019011 16.638 006004002021000011
8 16.638 006004002021000011 2.09621 001001002007019012
8 2.09621 001001002007019012 1596130.0 006004000021013006
8 1596130.0 006004000021013006 3385.19 006004000021013014
8 3385.19 006004000021013014 2.09621 001001002007019012
8 2.09621 001001002007019012 598055.0 001004002021019016
8 598055.0 001004002021019016 274580.0 001004002019019016
8 274580.0 001004002019019016 2.09621 001001002007019012
8 2.09621 001001002007019012 2489010.0 006001002019019006
8 2489010.0 006001002019019006 820490.0 006003002019019006
8 820490.0 006003002019019006 2.09621 001001002007019012
8 2.09621 001001002007019012 6728.37 025001002007013012
8 6728.37 025001002007013012 2166.47 025000002007013012
8 2166.47 025000002007013012 2.09621 001001002007019012
8 2.09621 001001002007019012 2746.95 002004002017016006
8 2746.95 002004002017016006 60.8366 011004002017016006
8 60.8366 011004002017016006 2.09621 001001002007019012
8 2.09621 001001002007019012 4344790.0 001003000007000012
8 4344790.0 001003000007000012 1109490.0 001003000014000012
8 1109490.0 001003000014000012 2.09621 001001002007019012
8 2.09621 001001002007019012 489913.0995 011004000021019016
8 489913.0995 011004000021019016 572.094 011004000010019016
8 572.094 011004000010019016 2.09621 001001002007019012
8 2.09621 001001002007019012 19758.7 011004002005019016
8 19758.7 011004002005019016 37.7661 011004000005019016
8 37.7661 011004000005019016 2.09621 001001002007019012
8 2.09621 001001002007019012 592165.0 006004002005019016
8 592165.0 006004002005019016 16878.1 006004002005010016
8 16878.1 006004002005010016 2.09621 001001002007019012
8 2.09621 001001002007019012 3250.51 001004002017019018
8 3250.51 001004002017019018 2427.62 022004002017019018
8 2427.62 022004002017019018 2.09621 001001002007019012
8 2.09621 001001002007019012 182272.0 011004000021019006
8 182272.0 011004000021019006 55.8762 011004000021014006
8 55.8762 011004000021014006 2.09621 001001002007019012
8 2.09621 001001002007019012 342950.0 001004000021019006
8 342950.0 001004000021019006 165797.0 001004000024019006
8 165797.0 001004000024019006 2.09621 001001002007019012
8 2.09621 001001002007019012 1005720.0 006004000018000011
8 1005720.0 006004000018000011 1270.56 006001000018000011
8 1270.56 006001000018000011 2.09621 001001002007019012
8 2.09621 001001002007019012 602.288 006004000005013016
8 602.288 006004000005013016 10.111 006004000005014016
8 10.111 006004000005014016 2.09621 001001002007019012
8 2.09621 001001002007019012 4237440.0 025004002005019016
8 4237440.0 025004002005019016 2409370.0 025004002005011016
8 2409370.0 025004002005011016 2.09621 001001002007019012
8 2.09621 001001002007019012 39554476.15 025000002005019006
8 39554476.15 025000002005019006 39554476.15 025000002005019006
8 39554476.15 025000002005019006 2.09621 001001002007019012
8 2.09621 001001002007019012 232450.0 011004002008019011
8 232450.0 011004002008019011 4548.46 011004002008019005
8 4548.46 011004002008019005 2.09621 001001002007019012
8 2.09621 001001002007019012 55.9164 006004000007013011
8 55.9164 006004000007013011 33.2615 006004000013013011
8 33.2615 006004000013013011 2.09621 001001002007019012
8 2.09621 001001002007019012 480514.0 011004002005019006
8 480514.0 011004002005019006 102.777 028004002005019006
8 102.777 028004002005019006 2.09621 001001002007019012
8 2.09621 001001002007019012 2027270.0 028004002005019011
8 2027270.0 028004002005019011 710286.0 028004002022019011
8 710286.0 028004002022019011 2.09621 001001002007019012
8 2.09621 001001002007019012 594767.0 011004002010019006
8 594767.0 011004002010019006 207111.0 011004002010019007
8 207111.0 011004002010019007 2.09621 001001002007019012
8 2.09621 001001002007019012 753190.0 006004000021014011
8 753190.0 006004000021014011 753190.0 006004000021014011
8 753190.0 006004000021014011 2.09621 001001002007019012
8 2.09621 001001002007019012 370899.0 001001000018019012
8 370899.0 001001000018019012 24484.1 015001000018019012
8 24484.1 015001000018019012 2.09621 001001002007019012
8 2.09621 001001002007019012 501270.0 006004002013019011
8 501270.0 006004002013019011 304692.0 006004000013019011
8 304692.0 006004000013019011 2.09621 001001002007019012
8 2.09621 001001002007019012 23695211.05 011004000005000006
8 23695211.05 011004000005000006 23695211.05 011004000005000006
8 23695211.05 011004000005000006 2.09621 001001002007019012
8 2.09621 001001002007019012 29819400.0 011004002005013006
8 29819400.0 011004002005013006 1681190.0 011004002005013015
8 1681190.0 011004002005013015 2.09621 001001002007019012
8 2.09621 001001002007019012 6689940.0 025004002010013016
8 6689940.0 025004002010013016 580530.0 032004002010013016
8 580530.0 032004002010013016 2.09621 001001002007019012
8 2.09621 001001002007019012 3024.23 011004002021014011
8 3024.23 011004002021014011 98.611 011004002021000011
8 98.611 011004002021000011 2.09621 001001002007019012
8 2.09621 001001002007019012 1367480.0 002004000005000011
8 1367480.0 002004000005000011 62.5316 002004000005024011
8 62.5316 002004000005024011 2.09621 001001002007019012
8 2.09621 001001002007019012 3431620.0 011004000010014006
8 3431620.0 011004000010014006 18400.6 011005000010014006
8 18400.6 011005000010014006 2.09621 001001002007019012
8 2.09621 001001002007019012 980366.5 025004000010016006
8 980366.5 025004000010016006 980366.5 025004000010016006
8 980366.5 025004000010016006 2.09621 001001002007019012
8 2.09621 001001002007019012 2053820.0 006001000010016011
8 2053820.0 006001000010016011 312971.0 006001000014016011
8 312971.0 006001000014016011 2.09621 001001002007019012
8 2.09621 001001002007019012 1227960.0 001001000007019011
8 1227960.0 001001000007019011 8260.28 001001000021019011
8 8260.28 001001000021019011 2.09621 001001002007019012
8 2.09621 001001002007019012 575726.0 006004000007019011
8 575726.0 006004000007019011 575726.0 006004000007019011
8 575726.0 006004000007019011 2.09621 001001002007019012
8 2.09621 001001002007019012 1794550.0 006004000007013006
8 1794550.0 006004000007013006 12177.9 006005000007013006
8 12177.9 006005000007013006 2.09621 001001002007019012
8 2.09621 001001002007019012 3145.31 002004000007016011
8 3145.31 002004000007016011 35.913 002001000007016011
8 35.913 002001000007016011 2.09621 001001002007019012
8 2.09621 001001002007019012 5.72344 002004000007013012
8 5.72344 002004000007013012 2.09621 001001002007019012
8 2.09621 001001002007019012 6.86505 002004002007013006
8 6.86505 002004002007013006 1596692.2164 011004002013019011
8 1596692.2164 011004002013019011 2.09621 001001002007019012
8 2.09621 001001002007019012 5.72344 002004000007013012
8 5.72344 002004000007013012 78.7811 002001000005013011
8 78.7811 002001000005013011 2.09621 001001002007019012
8 2.09621 001001002007019012 5.72344 002004000007013012
8 5.72344 002004000007013012 856438.0 011001000007019012
8 856438.0 011001000007019012 9480.77 011001000009019012
8 9480.77 011001000009019012 2.09621 001001002007019012
8 2.09621 001001002007019012 286592.0 001004000013019012
8 286592.0 001004000013019012 60.425 001004002013019012
8 60.425 001004002013019012 2.09621 001001002007019012
8 2.09621 001001002007019012 8416.03 003004000007013011
8 8416.03 003004000007013011 1393.19 003003000007013011
8 1393.19 003003000007013011 2.09621 001001002007019012
8 2.09621 001001002007019012 697627.0 001004000005016011
8 697627.0 001004000005016011 1886.32 001004000005010011
8 1886.32 001004000005010011 2.09621 001001002007019012
8 2.09621 001001002007019012 1467998.5 002001002013024016
8 1467998.5 002001002013024016 1467998.5 002001002013024016
8 1467998.5 002001002013024016 2.09621 001001002007019012
8 2.09621 001001002007019012 183947.0 011004002018016006
8 183947.0 011004002018016006 7050.97 011004002018014006
8 7050.97 011004002018014006 2.09621 001001002007019012
8 2.09621 001001002007019012 127939.945 011004002007019011
8 127939.945 011004002007019011 127939.945 011004002007019011
8 127939.945 011004002007019011 2.09621 001001002007019012
8 2.09621 001001002007019012 315576.0 002004000007019011
8 315576.0 002004000007019011 2768.92785 002004000017019011
8 2768.92785 002004000017019011 2.09621 001001002007019012
8 2.09621 001001002007019012 2140290.0 011004000021019011
8 2140290.0 011004000021019011 8964.6 013004000021019011
8 8964.6 013004000021019011 2.09621 001001002007019012
8 2.09621 001001002007019012 4445.68 011004000007019011
8 4445.68 011004000007019011 632930.0 011004000024019011
8 632930.0 011004000024019011 2.09621 001001002007019012
8 2.09621 001001002007019012 1824560.0 006004000007016011
8 1824560.0 006004000007016011 298518.0 010004000007016011
8 298518.0 010004000007016011 2.09621 001001002007019012
8 2.09621 001001002007019012 2140290.0 011004000021019011
8 2140290.0 011004000021019011 1136650.0 011004000021019014
8 1136650.0 011004000021019014 2.09621 001001002007019012
8 2.09621 001001002007019012 1093496.5 002004000021019011
8 1093496.5 002004000021019011 9913.7 007004000021019011
8 9913.7 007004000021019011 2.09621 001001002007019012
8 2.09621 001001002007019012 20277.1 001004002018019011
8 20277.1 001004002018019011 7452.77 001004002018019015
8 7452.77 001004002018019015 2.09621 001001002007019012
8 2.09621 001001002007019012 8357.35 025004000021013015
8 8357.35 025004000021013015 7228.08 015004000021013015
8 7228.08 015004000021013015 2.09621 001001002007019012
8 2.09621 001001002007019012 4359050.0 001004000007014018
8 4359050.0 001004000007014018 1301.11 028004000007014018
8 1301.11 028004000007014018 2.09621 001001002007019012
8 2.09621 001001002007019012 256445.0 001004002007019006
8 256445.0 001004002007019006 22519.9 021004002007019006
8 22519.9 021004002007019006 2.09621 001001002007019012
8 2.09621 001001002007019012 35.8483 011004000007019016
8 35.8483 011004000007019016 2.09621 001001002007019012
8 2.09621 001001002007019012 5.72344 002004000007013012
8 5.72344 002004000007013012 901871.0 006004000005019012
8 901871.0 006004000005019012 54.401 006004000007019012
8 54.401 006004000007019012 2.09621 001001002007019012
8 2.09621 001001002007019012 6808700.0 011004000018019012
8 6808700.0 011004000018019012 282979.0 003004000018019012
8 282979.0 003004000018019012 2.09621 001001002007019012
8 2.09621 001001002007019012 2006.1622499999999 002004000005019011
8 2006.1622499999999 002004000005019011 39.7673 002001000005019011
8 39.7673 002001000005019011 2.09621 001001002007019012
8 2.09621 001001002007019012 4363560.0 011001002018000016
8 4363560.0 011001002018000016 20363.0 011001002018000006
8 20363.0 011001002018000006 2.09621 001001002007019012
8 2.09621 001001002007019012 23695211.05 011004000005000006
8 23695211.05 011004000005000006 21857.6 011004000005000017
8 21857.6 011004000005000017 2.09621 001001002007019012
8 2.09621 001001002007019012 98.4227 006004000005019006
8 98.4227 006004000005019006 2.09621 001001002007019012
8 2.09621 001001002007019012 5.72344 002004000007013012
8 5.72344 002004000007013012 2006.1622499999999 002004000005019011
8 2006.1622499999999 002004000005019011 4.90597 010004000005019011
8 4.90597 010004000005019011 2.09621 001001002007019012
8 2.09621 001001002007019012 887.629 025004000021013011
8 887.629 025004000021013011 19.8864 025004002021013011
8 19.8864 025004002021013011 2.09621 001001002007019012
8 2.09621 001001002007019012 6773.657 011004000018019006
8 6773.657 011004000018019006 5319.91 011004000000019006
8 5319.91 011004000000019006 2.09621 001001002007019012
8 2.09621 001001002007019012 21312.0 010001000013014011
8 21312.0 010001000013014011 7780.39 010001000013014010
8 7780.39 010001000013014010 2.09621 001001002007019012
8 2.09621 001001002007019012 4507570.0 025001000013019006
8 4507570.0 025001000013019006 397248.0 005001000013019006
8 397248.0 005001000013019006 2.09621 001001002007019012
8 2.09621 001001002007019012 2387810.0 006001000007014011
8 2387810.0 006001000007014011 497180.0 006001000007011011
8 497180.0 006001000007011011 2.09621 001001002007019012
8 2.09621 001001002007019012 186009.0 006004002005019011
8 186009.0 006004002005019011 29782.0 006002002005019011
8 29782.0 006002002005019011 2.09621 001001002007019012
8 2.09621 001001002007019012 1596692.2164 011004002013019011
8 1596692.2164 011004002013019011 1352780.0 011004002013019015
8 1352780.0 011004002013019015 2.09621 001001002007019012
8 2.09621 001001002007019012 3098590.0 011004002013013018
8 3098590.0 011004002013013018 60.7516 011002002013013018
8 60.7516 011002002013013018 2.09621 001001002007019012
8 2.09621 001001002007019012 2768.92785 002004000017019011
8 2768.92785 002004000017019011 4828.37 029004000017019011
8 4828.37 029004000017019011 2.09621 001001002007019012
8 2.09621 001001002007019012 228052.0 006004002021014011
8 228052.0 006004002021014011 7392.46 006006002021014011
8 7392.46 006006002021014011 2.09621 001001002007019012
8 2.09621 001001002007019012 485650.0 006004000021019012
8 485650.0 006004000021019012 6751.67 006004001021019012
8 6751.67 006004001021019012 2.09621 001001002007019012
8 2.09621 001001002007019012 315576.0 002004000007019011
8 315576.0 002004000007019011 37.4889 002000000007019011
8 37.4889 002000000007019011 2.09621 001001002007019012
8 2.09621 001001002007019012 341621.0 001004002005019011
8 341621.0 001004002005019011 209327.0 001004002005020011
8 209327.0 001004002005020011 2.09621 001001002007019012
8 2.09621 001001002007019012 1148.69 011004000021019018
8 1148.69 011004000021019018 151.523 011004000021019015
8 151.523 011004000021019015 2.09621 001001002007019012
8 2.09621 001001002007019012 613775.0 006004000007019006
8 613775.0 006004000007019006 39.2892 006004000015019006
8 39.2892 006004000015019006 2.09621 001001002007019012
8 2.09621 001001002007019012 16966.5 006001002013019012
8 16966.5 006001002013019012 55.1219 006001002005019012
8 55.1219 006001002005019012 2.09621 001001002007019012
8 2.09621 001001002007019012 832883.0 002004000018019011
8 832883.0 002004000018019011 509805.0 002004000018001011
8 509805.0 002004000018001011 2.09621 001001002007019012
8 2.09621 001001002007019012 55.9164 006004000007013011
8 55.9164 006004000007013011 2.09621 001001002007019012
8 2.09621 001001002007019012 4.90597 010004000005019011
8 4.90597 010004000005019011 19465.6 006001000018019006
8 19465.6 006001000018019006 4269.56 006001000018019000
8 4269.56 006001000018019000 2.09621 001001002007019012
8 2.09621 001001002007019012 74.32 011004000017019006
8 74.32 011004000017019006 2.09621 001001002007019012
8 2.09621 001001002007019012 4.90597 010004000005019011
8 4.90597 010004000005019011 66762.3 002001000005014006
8 66762.3 002001000005014006 66762.3 002001000005014006
8 66762.3 002001000005014006 2.09621 001001002007019012
8 2.09621 001001002007019012 351232.0 006001000007019011
8 351232.0 006001000007019011 2.0583 006001000007019008
8 2.0583 006001000007019008 2.09621 001001002007019012
8 2.09621 001001002007019012 1362740.0 001000002015019016
8 1362740.0 001000002015019016 585926.0 001000002008019016
8 585926.0 001000002008019016 2.0583 006001000007019008
8 2.0583 006001000007019008 257346.0 006004002015019011
8 257346.0 006004002015019011 86.4851 002004002015019011
8 86.4851 002004002015019011 2.0583 006001000007019008
8 2.0583 006001000007019008 4445.68 011004000007019011
8 4445.68 011004000007019011 4445.68 011004000007019011
8 4445.68 011004000007019011 2.0583 006001000007019008
8 2.0583 006001000007019008 39.0967 001001000021019012
8 39.0967 001001000021019012 264136.0 001000000021019012
8 264136.0 001000000021019012 2.0583 006001000007019008
8 2.0583 006001000007019008 7383.85 011004002007014011
8 7383.85 011004002007014011 2.0583 006001000007019008
8 2.0583 006001000007019008 2.09621 001001002007019012
8 2.09621 001001002007019012 489913.0995 011004000021019016
8 489913.0995 011004000021019016 2808.9 011004000023019016
8 2808.9 011004000023019016 2.0583 006001000007019008
8 2.0583 006001000007019008 15246.6 011001000015014011
8 15246.6 011001000015014011 10992.8 011001001015014011
8 10992.8 011001001015014011 2.0583 006001000007019008
8 2.0583 006001000007019008 784019.0 010001000007013008
8 784019.0 010001000007013008 311.983 010004000007013008
8 311.983 010004000007013008 2.0583 006001000007019008
8 2.0583 006001000007019008 568646.0 001004000005019011
8 568646.0 001004000005019011 341621.0 001004002005019011
8 341621.0 001004002005019011 2.0583 006001000007019008
8 2.0583 006001000007019008 711201.0 001001002021019012
8 711201.0 001001002021019012 39.0967 001001000021019012
8 39.0967 001001000021019012 2.0583 006001000007019008
8 2.0583 006001000007019008 114.799 010001002015019016
8 114.799 010001002015019016 2.0583 006001000007019008
8 2.0583 006001000007019008 2.09621 001001002007019012
8 2.09621 001001002007019012 50.6942 002004000007019012
8 50.6942 002004000007019012 2.0583 006001000007019008
8 2.0583 006001000007019008 2.09621 001001002007019012
8 2.09621 001001002007019012 1482900.0 002004002007013011
8 1482900.0 002004002007013011 228145.0 002004002007013009
8 228145.0 002004002007013009 2.0583 006001000007019008
8 2.0583 006001000007019008 1093496.5 002004000021019011
8 1093496.5 002004000021019011 13167.6 002003000021019011
8 13167.6 002003000021019011 2.0583 006001000007019008
8 2.0583 006001000007019008 431955.0 002004000007019008
8 431955.0 002004000007019008 429266.0 032004000007019008
8 429266.0 032004000007019008 2.0583 006001000007019008
8 2.0583 006001000007019008 2744620.0 006004000007019016
8 2744620.0 006004000007019016 2744620.0 006004000007019016
8 2744620.0 006004000007019016 2.0583 006001000007019008
8 2.0583 006001000007019008 1754740.0 025004000007014006
8 1754740.0 025004000007014006 11206.0 025004000007014008
8 11206.0 025004000007014008 2.0583 006001000007019008
8 2.0583 006001000007019008 175.426 006004000007000011
8 175.426 006004000007000011 2.0583 006001000007019008
8 2.0583 006001000007019008 2.09621 001001002007019012
8 2.09621 001001002007019012 3016830.0 002001000021014016
8 3016830.0 002001000021014016 6870.49 036001000021014016
8 6870.49 036001000021014016 2.0583 006001000007019008
8 2.0583 006001000007019008 709228.13775 011001000007019011
8 709228.13775 011001000007019011 4445.68 011004000007019011
8 4445.68 011004000007019011 2.0583 006001000007019008
8 2.0583 006001000007019008 5329580.0 011004000021013011
8 5329580.0 011004000021013011 1847510.0 011002000021013011
8 1847510.0 011002000021013011 2.0583 006001000007019008
9 2.0583 006001000007019008 341272.0 008000000012019012
9 341272.0 008000000012019012 37.0871 008000000012019013
9 37.0871 008000000012019013 68.3574 015000001020025007
9 68.3574 015000001020025007 69907100.0 022000002013019003
9 69907100.0 022000002013019003 46514800.0 022000001013019003
9 46514800.0 022000001013019003 37.0871 008000000012019013
9 37.0871 008000000012019013 4159640.0 017001000013019005
9 4159640.0 017001000013019005 184967.0 017001000020019005
9 184967.0 017001000020019005 37.0871 008000000012019013
9 37.0871 008000000012019013 27552.2 028001001000019003
9 27552.2 028001001000019003 27552.2 028001001000019003
9 27552.2 028001001000019003 37.0871 008000000012019013
9 37.0871 008000000012019013 60692.6 031002002000002010
9 60692.6 031002002000002010 49280.6 031002002000020010
9 49280.6 031002002000020010 37.0871 008000000012019013
9 37.0871 008000000012019013 154340000.0 028002001000010008
9 154340000.0 028002001000010008 84841600.0 028003001000010008
9 84841600.0 028003001000010008 37.0871 008000000012019013
9 37.0871 008000000012019013 6790.26 022000001000002010
9 6790.26 022000001000002010 37.0871 008000000012019013
9 37.0871 008000000012019013 68.3574 015000001020025007
9 68.3574 015000001020025007 6757620.0 008000002002019008
9 6757620.0 008000002002019008 51715.8 018000002002019008
9 51715.8 018000002002019008 37.0871 008000000012019013
9 37.0871 008000000012019013 3137080.0 018003001025020011
9 3137080.0 018003001025020011 11007.3 018003001025020001
9 11007.3 018003001025020001 37.0871 008000000012019013
9 37.0871 008000000012019013 238688000.0 031002002000007011
9 238688000.0 031002002000007011 107215000.0 031002002000007017
9 107215000.0 031002002000007017 37.0871 008000000012019013
9 37.0871 008000000012019013 9036740.0 028003001025018008
9 9036740.0 028003001025018008 35505.6 034003001025018008
9 35505.6 034003001025018008 37.0871 008000000012019013
9 37.0871 008000000012019013 98142.1 011000002012020008
9 98142.1 011000002012020008 47777.2 011000002012020010
9 47777.2 011000002012020010 37.0871 008000000012019013
9 37.0871 008000000012019013 8747450.0 011000000020002003
9 8747450.0 011000000020002003 30797.6 032000000020002003
9 30797.6 032000000020002003 37.0871 008000000012019013
9 37.0871 008000000012019013 131323000.0 018002002002019009
9 131323000.0 018002002002019009 14696200.0 018002002002019016
9 14696200.0 018002002002019016 37.0871 008000000012019013
9 37.0871 008000000012019013 644998.0 001000002016018010
9 644998.0 001000002016018010 146299.0 001004002016018010
9 146299.0 001004002016018010 37.0871 008000000012019013
9 37.0871 008000000012019013 25067.2 028002001000014013
9 25067.2 028002001000014013 24172.0 028002001002014013
9 24172.0 028002001002014013 37.0871 008000000012019013
9 37.0871 008000000012019013 36860.4 028002001025010000
9 36860.4 028002001025010000 13414.6 028002001021010000
9 13414.6 028002001021010000 37.0871 008000000012019013
9 37.0871 008000000012019013 8958810000.0 034002001021014003
9 8958810000.0 034002001021014003 148872000.0 034002001013014003
9 148872000.0 034002001013014003 37.0871 008000000012019013
9 37.0871 008000000012019013 21449.5 034002000025014008
9 21449.5 034002000025014008 185.501 034002000025014017
9 185.501 034002000025014017 37.0871 008000000012019013
9 37.0871 008000000012019013 1305150.0 028000000015014000
9 1305150.0 028000000015014000 86150.0 028000002015014000
9 86150.0 028000002015014000 37.0871 008000000012019013
9 37.0871 008000000012019013 3105840.0 022000001021014009
9 3105840.0 022000001021014009 2259.56 022000001021016009
9 2259.56 022000001021016009 37.0871 008000000012019013
9 37.0871 008000000012019013 2375360.0 032002001003025017
9 2375360.0 032002001003025017 2064320.0 008002001003025017
9 2064320.0 008002001003025017 37.0871 008000000012019013
9 37.0871 008000000012019013 20536200.0 028002000021016018
9 20536200.0 028002000021016018 12588.9 028002000021010018
9 12588.9 028002000021010018 37.0871 008000000012019013
9 37.0871 008000000012019013 24586.5 034002001012006018
9 24586.5 034002001012006018 281.689 034002001011006018
9 281.689 034002001011006018 37.0871 008000000012019013
9 37.0871 008000000012019013 3792070.0 015004000012019013
9 3792070.0 015004000012019013 2039840.0 015004000012019009
9 2039840.0 015004000012019009 37.0871 008000000012019013
9 37.0871 008000000012019013 178847.0 008000001012019000
9 178847.0 008000001012019000 22711.1 008000001012004000
9 22711.1 008000001012004000 37.0871 008000000012019013
9 37.0871 008000000012019013 401.751 022002000011014009
9 401.751 022002000011014009 256.281 022004000011014009
9 256.281 022004000011014009 37.0871 008000000012019013
9 37.0871 008000000012019013 185317000.0 022000001000020000
9 185317000.0 022000001000020000 35290.2 022000001000012000
9 35290.2 022000001000012000 37.0871 008000000012019013
9 37.0871 008000000012019013 32261.6 022002001011010003
9 32261.6 022002001011010003 10377.5 022001001011010003
9 10377.5 022001001011010003 37.0871 008000000012019013
9 37.0871 008000000012019013 56805.5 022002000011014003
9 56805.5 022002000011014003 56805.5 022002000011014003
9 56805.5 022002000011014003 37.0871 008000000012019013
9 37.0871 008000000012019013 2246.93 022005001025020018
9 2246.93 022005001025020018 79.3271 022005001025020013
9 79.3271 022005001025020013 37.0871 008000000012019013
9 37.0871 008000000012019013 15925400.0 015004000011010001
9 15925400.0 015004000011010001 856159.0 015004000011024001
9 856159.0 015004000011024001 37.0871 008000000012019013
9 37.0871 008000000012019013 15342.8 028005001000014017
9 15342.8 028005001000014017 15342.8 028005001000014017
9 15342.8 028005001000014017 37.0871 008000000012019013
9 37.0871 008000000012019013 265939.0 015000001025020010
9 265939.0 015000001025020010 178559.0 021000001025020010
9 178559.0 021000001025020010 37.0871 008000000012019013
9 37.0871 008000000012019013 2337600.0 028000001025020018
9 2337600.0 028000001025020018 545662.0 028000001003020018
9 545662.0 028000001003020018 37.0871 008000000012019013
9 37.0871 008000000012019013 19667.7 028005001015014003
9 19667.7 028005001015014003 6058.74 028005001015025003
9 6058.74 028005001015025003 37.0871 008000000012019013
9 37.0871 008000000012019013 5576.21 008005001016002000
9 5576.21 008005001016002000 2251.95 008005001016007000
9 2251.95 008005001016007000 37.0871 008000000012019013
9 37.0871 008000000012019013 34239.5 008002001020020018
9 34239.5 008002001020020018 8366.3 008000001020020018
9 8366.3 008000001020020018 37.0871 008000000012019013
9 37.0871 008000000012019013 37397.7 001005001020020009
9 37397.7 001005001020020009 19607.8 001005001020020006
9 19607.8 001005001020020006 37.0871 008000000012019013
9 37.0871 008000000012019013 5517270000.0 022005001016007003
9 5517270000.0 022005001016007003 66892400.0 029005001016007003
9 66892400.0 029005001016007003 37.0871 008000000012019013
9 37.0871 008000000012019013 2940299291.45 022000001000007013
9 2940299291.45 022000001000007013 2940299291.45 022000001000007013
9 2940299291.45 022000001000007013 37.0871 008000000012019013
9 37.0871 008000000012019013 152523.7 008002001020014013
9 152523.7 008002001020014013 152523.7 008002001020014013
9 152523.7 008002001020014013 37.0871 008000000012019013
9 37.0871 008000000012019013 47934300.0 022002001025020001
9 47934300.0 022002001025020001 14897800.0 022003001025020001
9 14897800.0 022003001025020001 37.0871 008000000012019013
9 37.0871 008000000012019013 2877720.0 022000001025014018
9 2877720.0 022000001025014018 5970.39 022000001025018018
9 5970.39 022000001025018018 37.0871 008000000012019013
9 37.0871 008000000012019013 878275.0 022000000016007009
9 878275.0 022000000016007009 4743.79 031000000016007009
9 4743.79 031000000016007009 37.0871 008000000012019013
9 37.0871 008000000012019013 6886850000.0 031001001011020000
9 6886850000.0 031001001011020000 224044000.0 031001001011011000
9 224044000.0 031001001011011000 37.0871 008000000012019013
9 37.0871 008000000012019013 5095820.0 022000001011019010
9 5095820.0 022000001011019010 555805.0 022000000011019010
9 555805.0 022000000011019010 37.0871 008000000012019013
9 37.0871 008000000012019013 7195.47 034000000025002013
9 7195.47 034000000025002013 864.39 017000000025002013
9 864.39 017000000025002013 37.0871 008000000012019013
9 37.0871 008000000012019013 1494.32 022002000025016018
9 1494.32 022002000025016018 417.075 008002000025016018
9 417.075 008002000025016018 37.0871 008000000012019013
9 37.0871 008000000012019013 672713.0 008000001025014009
9 672713.0 008000001025014009 15784.8 033000001025014009
9 15784.8 033000001025014009 37.0871 008000000012019013
9 37.0871 008000000012019013 14444100.0 022002001016014009
9 14444100.0 022002001016014009 25945.5 022002001002014009
9 25945.5 022002001002014009 37.0871 008000000012019013
9 37.0871 008000000012019013 2750680.0 022002001025016013
9 2750680.0 022002001025016013 22942.7 022006001025016013
9 22942.7 022006001025016013 37.0871 008000000012019013
9 37.0871 008000000012019013 49227.6 022005001025014007
9 49227.6 022005001025014007 37.0871 008000000012019013
9 37.0871 008000000012019013 68.3574 015000001020025007
9 68.3574 015000001020025007 4871540.0 015005001011025009
9 4871540.0 015005001011025009 18993.7 015002001011025009
9 18993.7 015002001011025009 37.0871 008000000012019013
9 37.0871 008000000012019013 1475410.0 031004000011020011
9 1475410.0 031004000011020011 1085.59 028004000011020011
9 1085.59 028004000011020011 37.0871 008000000012019013
9 37.0871 008000000012019013 60140.2 008002001025018011
9 60140.2 008002001025018011 12728.4 007002001025018011
9 12728.4 007002001025018011 37.0871 008000000012019013
9 37.0871 008000000012019013 50679.1 028000001011007009
9 50679.1 028000001011007009 8497.61 001000001011007009
9 8497.61 001000001011007009 37.0871 008000000012019013
9 37.0871 008000000012019013 14591.9 034005000012020009
9 14591.9 034005000012020009 351.197 034005000020020009
9 351.197 034005000020020009 37.0871 008000000012019013
9 37.0871 008000000012019013 1592725.0 015000000016016018
9 1592725.0 015000000016016018 1592725.0 015000000016016018
9 1592725.0 015000000016016018 37.0871 008000000012019013
9 37.0871 008000000012019013 13986.5 022005000025007017
9 13986.5 022005000025007017 367.593 022005000003007017
9 367.593 022005000003007017 37.0871 008000000012019013
9 37.0871 008000000012019013 5189890.0 028005000011025018
9 5189890.0 028005000011025018 2979740.0 028005000011025005
9 2979740.0 028005000011025005 37.0871 008000000012019013
9 37.0871 008000000012019013 2499520.0 028004001011007018
9 2499520.0 028004001011007018 148.876 028002001011007018
9 148.876 028002001011007018 37.0871 008000000012019013
9 37.0871 008000000012019013 672219.0 008005000025016013
9 672219.0 008005000025016013 6762.7 008005000025007013
9 6762.7 008005000025007013 37.0871 008000000012019013
9 37.0871 008000000012019013 2900760.0 015002000011016013
9 2900760.0 015002000011016013 1420620.0 015002001011016013
9 1420620.0 015002001011016013 37.0871 008000000012019013
9 37.0871 008000000012019013 3576710.0 034000001025016013
9 3576710.0 034000001025016013 10055.3 034005001025016013
9 10055.3 034005001025016013 37.0871 008000000012019013
9 37.0871 008000000012019013 16857.4 008005001025014007
9 16857.4 008005001025014007 37.0871 008000000012019013
9 37.0871 008000000012019013 68.3574 015000001020025007
9 68.3574 015000001020025007 7220.24 008002000011007013
9 7220.24 008002000011007013 231.7015 008004000011007013
9 231.7015 008004000011007013 37.0871 008000000012019013
9 37.0871 008000000012019013 124048000.0 034004000025020018
9 124048000.0 034004000025020018 11977400.0 034004000021020018
9 11977400.0 034004000021020018 37.0871 008000000012019013
9 37.0871 008000000012019013 995888.0 015000000011014009
9 995888.0 015000000011014009 933.66 015000000011014010
9 933.66 015000000011014010 37.0871 008000000012019013
9 37.0871 008000000012019013 3067.74645 008000001011014018
9 3067.74645 008000001011014018 37.0871 008000000012019013
9 37.0871 008000000012019013 68.3574 015000001020025007
9 68.3574 015000001020025007 10634.8 015005001025014013
9 10634.8 015005001025014013 105.483 015005001015014013
9 105.483 015005001015014013 3067.74645 008000001011014018
9 3067.74645 008000001011014018 4005600.0 022000001015014018
9 4005600.0 022000001015014018 4182.46 029000001015014018
9 4182.46 029000001015014018 3067.74645 008000001011014018
9 3067.74645 008000001011014018 53465100.0 022002000011019018
9 53465100.0 022002000011019018 25380000.0 022005000011019018
9 25380000.0 022005000011019018 3067.74645 008000001011014018
9 3067.74645 008000001011014018 6627830.0 034004000011014013
9 6627830.0 034004000011014013 2013970.0 035004000011014013
9 2013970.0 035004000011014013 3067.74645 008000001011014018
9 3067.74645 008000001011014018 3105230.0 034000000020002009
9 3105230.0 034000000020002009 455.525 034000000000002009
9 455.525 034000000000002009 3067.74645 008000001011014018
9 3067.74645 008000001011014018 7320460.0 022002000011002018
9 7320460.0 022002000011002018 20138.3 022002000011002002
9 20138.3 022002000011002002 3067.74645 008000001011014018
9 3067.74645 008000001011014018 972601.0 022000000011014013
9 972601.0 022000000011014013 47.2524 022002000011014013
9 47.2524 022002000011014013 3067.74645 008000001011014018
9 3067.74645 008000001011014018 24159.3 034000001003014013
9 24159.3 034000001003014013 14395.3 034000001003002013
9 14395.3 034000001003002013 3067.74645 008000001011014018
9 3067.74645 008000001011014018 4528730.0 022000001020002013
9 4528730.0 022000001020002013 16418.0 022000001002002013
9 16418.0 022000001002002013 3067.74645 008000001011014018
9 3067.74645 008000001011014018 574153.0 022000000025002013
9 574153.0 022000000025002013 391419.0 022000000025007013
9 391419.0 022000000025007013 3067.74645 008000001011014018
9 3067.74645 008000001011014018 741114.0 017004001011014018
9 741114.0 017004001011014018 83.3859 017004001011014010
9 83.3859 017004001011014010 3067.74645 008000001011014018
9 3067.74645 008000001011014018 23676.3 017002001003007017
9 23676.3 017002001003007017 89.0654 017002001003012017
9 89.0654 017002001003012017 3067.74645 008000001011014018
9 3067.74645 008000001011014018 3358770.0 034004000020014013
9 3358770.0 034004000020014013 17124.2 022004000020014013
9 17124.2 022004000020014013 3067.74645 008000001011014018
9 3067.74645 008000001011014018 2153530.0 022004000020007013
9 2153530.0 022004000020007013 15573.4 037004000020007013
9 15573.4 037004000020007013 3067.74645 008000001011014018
9 3067.74645 008000001011014018 100367.0 022002000020014018
9 100367.0 022002000020014018 6106.42 022002000020019018
9 6106.42 022002000020019018 3067.74645 008000001011014018
9 3067.74645 008000001011014018 2455070.0 022002000012019013
9 2455070.0 022002000012019013 7740.18 022002002012019013
9 7740.18 022002002012019013 3067.74645 008000001011014018
9 3067.74645 008000001011014018 524.991 022002000025007018
9 524.991 022002000025007018 424.98 022002000025007006
9 424.98 022002000025007006 3067.74645 008000001011014018
9 3067.74645 008000001011014018 23094500.0 022005001020014009
9 23094500.0 022005001020014009 20727000.0 020005001020014009
9 20727000.0 020005001020014009 3067.74645 008000001011014018
9 3067.74645 008000001011014018 2586030.0 017005001025012010
9 2586030.0 017005001025012010 132867.0 017005001025012006
9 132867.0 017005001025012006 3067.74645 008000001011014018
9 3067.74645 008000001011014018 1577640.0 034000000025007010
9 1577640.0 034000000025007010 1066380.0 030000000025007010
9 1066380.0 030000000025007010 3067.74645 008000001011014018
9 3067.74645 008000001011014018 128.244 017002000011025013
9 128.244 017002000011025013 49.5431 006002000011025013
9 49.5431 006002000011025013 3067.74645 008000001011014018
9 3067.74645 008000001011014018 2993.43 006002000011014013
9 2993.43 006002000011014013 3067.74645 008000001011014018
9 3067.74645 008000001011014018 37.0871 008000000012019013
9 37.0871 008000000012019013 12.8429 008005000011020013
9 12.8429 008005000011020013 3067.74645 008000001011014018
9 3067.74645 008000001011014018 37.0871 008000000012019013
9 37.0871 008000000012019013 2350636.97 017002001011014013
9 2350636.97 017002001011014013 4458.77 017001001011014013
9 4458.77 017001001011014013 12.8429 008005000011020013
9 12.8429 008005000011020013 7444.92 015005000011014017
9 7444.92 015005000011014017 12.8429 008005000011020013
9 12.8429 008005000011020013 3067.74645 008000001011014018
9 3067.74645 008000001011014018 3174.17 022002001003014018
9 3174.17 022002001003014018 911.299 022001001003014018
9 911.299 022001001003014018 12.8429 008005000011020013
9 12.8429 008005000011020013 2868430.0 008002001011014010
9 2868430.0 008002001011014010 6184.65 024002001011014010
9 6184.65 024002001011014010 12.8429 008005000011020013
9 12.8429 008005000011020013 384404.0 034000001025007013
9 384404.0 034000001025007013 9206.58 034003001025007013
9 9206.58 034003001025007013 12.8429 008005000011020013
9 12.8429 008005000011020013 464975.0 017005000011020013
9 464975.0 017005000011020013 16421.7 017005000011020004
9 16421.7 017005000011020004 12.8429 008005000011020013
9 12.8429 008005000011020013 2350636.97 017002001011014013
9 2350636.97 017002001011014013 12.8429 008005000011020013
9 12.8429 008005000011020013 3067.74645 008000001011014018
9 3067.74645 008000001011014018 1417270.0 006002001025014009
9 1417270.0 006002001025014009 931103.0 006002001025017009
9 931103.0 006002001025017009 12.8429 008005000011020013
9 12.8429 008005000011020013 12752910.0 015002000011014017
9 12752910.0 015002000011014017 12752910.0 015002000011014017
9 12752910.0 015002000011014017 12.8429 008005000011020013
9 12.8429 008005000011020013 23185.8 015002001011007009
9 23185.8 015002001011007009 53.7424 002002001011007009
9 53.7424 002002001011007009 12.8429 008005000011020013
9 12.8429 008005000011020013 71627400.0 022004000025020018
9 71627400.0 022004000025020018 5948260.0 002004000025020018
9 5948260.0 002004000025020018 12.8429 008005000011020013
9 12.8429 008005000011020013 378651.675 008002001011014013
9 378651.675 008002001011014013 370287.0248633333 008002001011012013
9 370287.0248633333 008002001011012013 12.8429 008005000011020013
9 12.8429 008005000011020013 705451.57572 008002000011014013
9 705451.57572 008002000011014013 705451.57572 008002000011014013
9 705451.57572 008002000011014013 370287.0248633333 008002001011012013
9 370287.0248633333 008002001011012013 20366.75 028004001025014007
9 20366.75 028004001025014007 20366.75 028004001025014007
9 20366.75 028004001025014007 370287.0248633333 008002001011012013
9 370287.0248633333 008002001011012013 1146980.0 008005000003020013
9 1146980.0 008005000003020013 167.144 008005000003010013
9 167.144 008005000003010013 370287.0248633333 008002001011012013
9 370287.0248633333 008002001011012013 1246710.0 017004000011007013
9 1246710.0 017004000011007013 7886.97 018004000011007013
9 7886.97 018004000011007013 370287.0248633333 008002001011012013
9 370287.0248633333 008002001011012013 11729.4 034004001011012018
9 11729.4 034004001011012018 250.401 020004001011012018
9 250.401 020004001011012018 370287.0248633333 008002001011012013
9 370287.0248633333 008002001011012013 1539154.6666666667 008002001011007013
9 1539154.6666666667 008002001011007013 2867110.0 008002001011022013
9 2867110.0 008002001011022013 370287.0248633333 008002001011012013
9 370287.0248633333 008002001011012013 40527.2 034000001003020013
9 40527.2 034000001003020013 28309.8 034000001003005013
9 28309.8 034000001003005013 370287.0248633333 008002001011012013
9 370287.0248633333 008002001011012013 6243.6 017000000025007013
9 6243.6 017000000025007013 43.0037 017000000025005013
9 43.0037 017000000025005013 370287.0248633333 008002001011012013
9 370287.0248633333 008002001011012013 2147380.0 017000001011020009
9 2147380.0 017000001011020009 19551.7 017000001011020010
9 19551.7 017000001011020010 370287.0248633333 008002001011012013
9 370287.0248633333 008002001011012013 15844.4 015002000011025018
9 15844.4 015002000011025018 14389.8 022002000011025018
9 14389.8 022002000011025018 370287.0248633333 008002001011012013
9 370287.0248633333 008002001011012013 7926510.0 017002000015007013
9 7926510.0 017002000015007013 17503.7 035002000015007013
9 17503.7 035002000015007013 370287.0248633333 008002001011012013
9 370287.0248633333 008002001011012013 1539154.6666666667 008002001011007013
9 1539154.6666666667 008002001011007013 12863.1 008002001011003013
9 12863.1 008002001011003013 370287.0248633333 008002001011012013
9 370287.0248633333 008002001011012013 378651.675 008002001011014013
9 378651.675 008002001011014013 15.4276 008001001011014013
9 15.4276 008001001011014013 370287.0248633333 008002001011012013
9 370287.0248633333 008002001011012013 7611720.0 008002001003005013
9 7611720.0 008002001003005013 14639.3 008002001003014013
9 14639.3 008002001003014013 370287.0248633333 008002001011012013
9 370287.0248633333 008002001011012013 6592.82 008005001011025010
9 6592.82 008005001011025010 103.962 008005001011015010
9 103.962 008005001011015010 370287.0248633333 008002001011012013
9 370287.0248633333 008002001011012013 37.0968 006000000011007013
9 37.0968 006000000011007013 370287.0248633333 008002001011012013
9 370287.0248633333 008002001011012013 705451.57572 008002000011014013
9 705451.57572 008002000011014013 34.3933 008005000011014013
9 34.3933 008005000011014013 370287.0248633333 008002001011012013
9 370287.0248633333 008002001011012013 705451.57572 008002000011014013
9 705451.57572 008002000011014013 9369840.246666666 022005000011007013
9 9369840.246666666 022005000011007013 9369840.246666666 022005000011007013
9 9369840.246666666 022005000011007013 370287.0248633333 008002001011012013
9 370287.0248633333 008002001011012013 239290.0 008001001011014007
9 239290.0 008001001011014007 172905.0 008001001021014007
9 172905.0 008001001021014007 370287.0248633333 008002001011012013
9 370287.0248633333 008002001011012013 754708.0 008005001011025013
9 754708.0 008005001011025013 506587.0 008005001011001013
9 506587.0 008005001011001013 370287.0248633333 008002001011012013
9 370287.0248633333 008002001011012013 2915670.0 008002001015005010
9 2915670.0 008002001015005010 23771.8 008002001015022010
9 23771.8 008002001015022010 370287.0248633333 008002001011012013
9 370287.0248633333 008002001011012013 14662.3 006005000025015013
9 14662.3 006005000025015013 275.908 007005000025015013
9 275.908 007005000025015013 370287.0248633333 008002001011012013
9 370287.0248633333 008002001011012013 25359.8 007000001025019013
9 25359.8 007000001025019013 47.6157 007000001025019000
9 47.6157 007000001025019000 370287.0248633333 008002001011012013
9 370287.0248633333 008002001011012013 13067.2 002004001011014013
9 13067.2 002004001011014013 95.9915 002004002011014013
9 95.9915 002004002011014013 370287.0248633333 008002001011012013
9 370287.0248633333 008002001011012013 8746.25 008000002011007013
9 8746.25 008000002011007013 370287.0248633333 008002001011012013
9 370287.0248633333 008002001011012013 705451.57572 008002000011014013
9 705451.57572 008002000011014013 2827053.3333333335 017000001011014013
9 2827053.3333333335 017000001011014013 61716.4 017006001011014013
9 61716.4 017006001011014013 370287.0248633333 008002001011012013
9 370287.0248633333 008002001011012013 2350636.97 017002001011014013
9 2350636.97 017002001011014013 2717460.0 017004001011014013
9 2717460.0 017004001011014013 370287.0248633333 008002001011012013
9 370287.0248633333 008002001011012013 5108.72 017004001011007013
9 5108.72 017004001011007013 1391.32 017005001011007013
9 1391.32 017005001011007013 370287.0248633333 008002001011012013
9 370287.0248633333 008002001011012013 15810.9 008002001011019013
9 15810.9 008002001011019013 92.6814 008002001011015013
9 92.6814 008002001011015013 370287.0248633333 008002001011012013
9 370287.0248633333 008002001011012013 392805.0 008002000011025013
9 392805.0 008002000011025013 44.2005 008002000007025013
9 44.2005 008002000007025013 370287.0248633333 008002001011012013
9 370287.0248633333 008002001011012013 6122.74 017002000011007013
9 6122.74 017002000011007013 351.968 012002000011007013
9 351.968 012002000011007013 370287.0248633333 008002001011012013
9 370287.0248633333 008002001011012013 50.5943 008004001011014010
9 50.5943 008004001011014010 370287.0248633333 008002001011012013
9 370287.0248633333 008002001011012013 705451.57572 008002000011014013
9 705451.57572 008002000011014013 9014500.0 008004000011025018
9 9014500.0 008004000011025018 2324520.0 008004000011025016
9 2324520.0 008004000011025016 370287.0248633333 008002001011012013
9 370287.0248633333 008002001011012013 2827053.3333333335 017000001011014013
9 2827053.3333333335 017000001011014013 35627.7 017000001011014004
9 35627.7 017000001011014004 370287.0248633333 008002001011012013
9 370287.0248633333 008002001011012013 1767760.0 008005001025007010
9 1767760.0 008005001025007010 534782.0 008005001025010010
9 534782.0 008005001025010010 370287.0248633333 008002001011012013
9 370287.0248633333 008002001011012013 10786.8 006002001011007013
9 10786.8 006002001011007013 361410.0 006001001011007013
9 361410.0 006001001011007013 370287.0248633333 008002001011012013
9 370287.0248633333 008002001011012013 12081100.0 008002000025012013
9 12081100.0 008002000025012013 473991.0 023002000025012013
9 473991.0 023002000025012013 370287.0248633333 008002001011012013
9 370287.0248633333 008002001011012013 231.7015 008004000011007013
9 231.7015 008004000011007013 370287.0248633333 008002001011012013
9 370287.0248633333 008002001011012013 705451.57572 008002000011014013
9 705451.57572 008002000011014013 2744060.0 008000001012020013
9 2744060.0 008000001012020013 188572.0 008000001020020013
9 188572.0 008000001020020013 370287.0248633333 008002001011012013
9 370287.0248633333 008002001011012013 532649000.0 022000001007007013
9 532649000.0 022000001007007013 3164230.0 022000001020007013
9 3164230.0 022000001020007013 370287.0248633333 008002001011012013
9 370287.0248633333 008002001011012013 1970480.0 008002000011012013
9 1970480.0 008002000011012013 370287.0248633333 008002001011012013
9 370287.0248633333 008002001011012013 370287.0248633333 008002001011012013
9 370287.0248633333 008002001011012013 5364740.0 022002000011019009
9 5364740.0 022002000011019009 4784850.0 022002000006019009
9 4784850.0 022002000006019009 370287.0248633333 008002001011012013
9 370287.0248633333 008002001011012013 391778.0 008000000011019013
9 391778.0 008000000011019013 295262.0 008000000011019006
9 295262.0 008000000011019006 370287.0248633333 008002001011012013
9 370287.0248633333 008002001011012013 1144420.0 008002001011020018
9 1144420.0 008002001011020018 749781.0 008002002011020018
9 749781.0 008002002011020018 370287.0248633333 008002001011012013
9 370287.0248633333 008002001011012013 640540.0 007002001011014013
9 640540.0 007002001011014013 608216.0 007002001011014010
9 608216.0 007002001011014010 370287.0248633333 008002001011012013
9 370287.0248633333 008002001011012013 6344.04 022001001011025010
9 6344.04 022001001011025010 370287.0248633333 008002001011012013
9 370287.0248633333 008002001011012013 705451.57572 008002000011014013
9 705451.57572 008002000011014013 8431.29 022000001011025013
9 8431.29 022000001011025013 37.0881 022000001024025013
9 37.0881 022000001024025013 370287.0248633333 008002001011012013
9 370287.0248633333 008002001011012013 1818110.0 022002001011019013
9 1818110.0 022002001011019013 32851.1 022002001011019010
9 32851.1 022002001011019010 370287.0248633333 008002001011012013
9 370287.0248633333 008002001011012013 907968.0 008001001011020013
9 907968.0 008001001011020013 302156.0 008001001013020013
9 302156.0 008001001013020013 370287.0248633333 008002001011012013
9 370287.0248633333 008002001011012013 378651.675 008002001011014013
9 378651.675 008002001011014013 705451.57572 008002000011014013
9 705451.57572 008002000011014013 370287.0248633333 008002001011012013
9 370287.0248633333 008002001011012013 10634.8 015005001025014013
9 10634.8 015005001025014013 10634.8 015005001025014013
9 10634.8 015005001025014013 370287.0248633333 008002001011012013
9 370287.0248633333 008002001011012013 226715.0 006002001025014013
9 226715.0 006002001025014013 36326.4 006002001025023013
9 36326.4 006002001025023013 370287.0248633333 008002001011012013
9 370287.0248633333 008002001011012013 233692.0 006000000025020010
9 233692.0 006000000025020010 69.721 006004000025020010
9 69.721 006004000025020010 370287.0248633333 008002001011012013
9 370287.0248633333 008002001011012013 705451.57572 008002000011014013
9 705451.57572 008002000011014013 372581.0 008002000022014013
9 372581.0 008002000022014013 370287.0248633333 008002001011012013
9 370287.0248633333 008002001011012013 413654.0 008000000011020000
9 413654.0 008000000011020000 155735.0 017000000011020000
9 155735.0 017000000011020000 370287.0248633333 008002001011012013
9 370287.0248633333 008002001011012013 730168.5333333333 008000001011007013
9 730168.5333333333 008000001011007013 201751.0 008000001011019013
9 201751.0 008000001011019013 370287.0248633333 008002001011012013
9 370287.0248633333 008002001011012013 3067.74645 008000001011014018
9 3067.74645 008000001011014018 3787.2 008000001011018018
9 3787.2 008000001011018018 370287.0248633333 008002001011012013
9 370287.0248633333 008002001011012013 101143000.0 017001000011007009
9 101143000.0 017001000011007009 2540560.0 017001000011016009
9 2540560.0 017001000011016009 370287.0248633333 008002001011012013
9 370287.0248633333 008002001011012013 46739.4 008002001011020013
9 46739.4 008002001011020013 370287.0248633333 008002001011012013
9 370287.0248633333 008002001011012013 705451.57572 008002000011014013
9 705451.57572 008002000011014013 8.98925 006000001011019013
9 8.98925 006000001011019013 8.61643 006000001011019010
9 8.61643 006000001011019010 370287.0248633333 008002001011012013
9 370287.0248633333 008002001011012013 4626.65 008004000025012013
9 4626.65 008004000025012013 101.908 008004000003012013
9 101.908 008004000003012013 370287.0248633333 008002001011012013
9 370287.0248633333 008002001011012013 439472.0 002002001011014010
9 439472.0 002002001011014010 12790.3 002002001011010010
9 12790.3 002002001011010010 370287.0248633333 008002001011012013
9 370287.0248633333 008002001011012013 4356480.0 008005001011014013
9 4356480.0 008005001011014013 5329.52 038005001011014013
9 5329.52 038005001011014013 370287.0248633333 008002001011012013
9 370287.0248633333 008002001011012013 705451.57572 008002000011014013
9 705451.57572 008002000011014013 4533.91 008002000011014018
9 4533.91 008002000011014018 370287.0248633333 008002001011012013
9 370287.0248633333 008002001011012013 6117580.0 022002000011020013
9 6117580.0 022002000011020013 98.2772 022002000011020015
9 98.2772 022002000011020015 370287.0248633333 008002001011012013
9 370287.0248633333 008002001011012013 1532980.0 006004001007020013
9 1532980.0 006004001007020013 19479.5 006005001007020013
9 19479.5 006005001007020013 370287.0248633333 008002001011012013
9 370287.0248633333 008002001011012013 1217890.0 007000001011019009
9 1217890.0 007000001011019009 379687.0 007000001011019016
9 379687.0 007000001011019016 370287.0248633333 008002001011012013
9 370287.0248633333 008002001011012013 2059780.0 008002000011020013
9 2059780.0 008002000011020013 18108.3 008002000012020013
9 18108.3 008002000012020013 370287.0248633333 008002001011012013
9 370287.0248633333 008002001011012013 474541.64 008000000011014013
9 474541.64 008000000011014013 675081.814325 008001000011014013
9 675081.814325 008001000011014013 370287.0248633333 008002001011012013
9 370287.0248633333 008002001011012013 1539154.6666666667 008002001011007013
9 1539154.6666666667 008002001011007013 10786.8 006002001011007013
9 10786.8 006002001011007013 370287.0248633333 008002001011012013
9 370287.0248633333 008002001011012013 234594.0 008001001025014013
9 234594.0 008001001025014013 11778.7 008001002025014013
9 11778.7 008001002025014013 370287.0248633333 008002001011012013
9 370287.0248633333 008002001011012013 1439490.0 008000001024025013
9 1439490.0 008000001024025013 927170.0 008000001002025013
9 927170.0 008000001002025013 370287.0248633333 008002001011012013
9 370287.0248633333 008002001011012013 27078.1 006001001011005010
9 27078.1 006001001011005010 370287.0248633333 008002001011012013
9 370287.0248633333 008002001011012013 8.61643 006000001011019010
9 8.61643 006000001011019010 14644.7 008000001011007010
9 14644.7 008000001011007010 11564.9 008000001011018010
9 11564.9 008000001011018010 370287.0248633333 008002001011012013
9 370287.0248633333 008002001011012013 8153730.0 017002000011014013
9 8153730.0 017002000011014013 3110.87 017002000011003013
9 3110.87 017002000011003013 370287.0248633333 008002001011012013
9 370287.0248633333 008002001011012013 941317.58505 008005000011019013
9 941317.58505 008005000011019013 46.9268 008005000023019013
9 46.9268 008005000023019013 370287.0248633333 008002001011012013
9 370287.0248633333 008002001011012013 370287.0248633333 008002001011012013
9 370287.0248633333 008002001011012013 327685.0 008002001011012012
9 327685.0 008002001011012012 370287.0248633333 008002001011012013
9 370287.0248633333 008002001011012013 10510200.0 017001000025014013
9 10510200.0 017001000025014013 5436160.0 017001000001014013
9 5436160.0 017001000001014013 370287.0248633333 008002001011012013
9 370287.0248633333 008002001011012013 2015120.0 008005001007014013
9 2015120.0 008005001007014013 21523.6 008005001005014013
9 21523.6 008005001005014013 370287.0248633333 008002001011012013
9 370287.0248633333 008002001011012013 9326.46 008005000011007013
9 9326.46 008005000011007013 7233.43 008005000011007014
9 7233.43 008005000011007014 370287.0248633333 008002001011012013
9 370287.0248633333 008002001011012013 1070450.0 006000000007014013
9 1070450.0 006000000007014013 5500.81 022000000007014013
9 5500.81 022000000007014013 370287.0248633333 008002001011012013
9 370287.0248633333 008002001011012013 2827053.3333333335 017000001011014013
9 2827053.3333333335 017000001011014013 3729.59 012000001011014013
9 3729.59 012000001011014013 370287.0248633333 008002001011012013
9 370287.0248633333 008002001011012013 8072450.0 017001000011014013
9 8072450.0 017001000011014013 115.204 017001000011014015
9 115.204 017001000011014015 370287.0248633333 008002001011012013
9 370287.0248633333 008002001011012013 1339040.0 022000000011007013
9 1339040.0 022000000011007013 9369840.246666666 022005000011007013
9 9369840.246666666 022005000011007013 370287.0248633333 008002001011012013
9 370287.0248633333 008002001011012013 1887670.0 017000000023025013
9 1887670.0 017000000023025013 1881980.0 017005000023025013
9 1881980.0 017005000023025013 370287.0248633333 008002001011012013
9 370287.0248633333 008002001011012013 675081.814325 008001000011014013
9 675081.814325 008001000011014013 1699270.0 001001000011014013
9 1699270.0 001001000011014013 370287.0248633333 008002001011012013
9 370287.0248633333 008002001011012013 132172.0 008000001011020000
9 132172.0 008000001011020000 20514.5 008000001011019000
9 20514.5 008000001011019000 370287.0248633333 008002001011012013
9 370287.0248633333 008002001011012013 516716.47 008000000025014013
9 516716.47 008000000025014013 16752.5 008000000025014001
9 16752.5 008000000025014001 370287.0248633333 008002001011012013
9 370287.0248633333 008002001011012013 321727.047325 008000001011014013
9 321727.047325 008000001011014013 17.934 008000001011020013
9 17.934 008000001011020013 370287.0248633333 008002001011012013
9 370287.0248633333 008002001011012013 391778.0 008000000011019013
9 391778.0 008000000011019013 393054.5715 008001000011019013
9 393054.5715 008001000011019013 370287.0248633333 008002001011012013
9 370287.0248633333 008002001011012013 1364900.0 006000001011007013
9 1364900.0 006000001011007013 10024.6 006000001011014013
9 10024.6 006000001011014013 370287.0248633333 008002001011012013
9 370287.0248633333 008002001011012013 338814.0 017000000011014013
9 338814.0 017000000011014013 91.7463 015000000011014013
9 91.7463 015000000011014013 370287.0248633333 008002001011012013
9 370287.0248633333 008002001011012013 16950.1 008000001011025013
9 16950.1 008000001011025013 12861.3 008000001013025013
9 12861.3 008000001013025013 370287.0248633333 008002001011012013
9 370287.0248633333 008002001011012013 321727.047325 008000001011014013
9 321727.047325 008000001011014013 321727.047325 008000001011014013
9 321727.047325 008000001011014013 370287.0248633333 008002001011012013
9 370287.0248633333 008002001011012013 675081.814325 008001000011014013
9 675081.814325 008001000011014013 675081.814325 008001000011014013
9 675081.814325 008001000011014013 370287.0248633333 008002001011012013
9 370287.0248633333 008002001011012013 45.533049999999996 008000000011014018
9 45.533049999999996 008000000011014018 47.6317 008000000013014018
9 47.6317 008000000013014018 370287.0248633333 008002001011012013
9 370287.0248633333 008002001011012013 730168.5333333333 008000001011007013
9 730168.5333333333 008000001011007013 730168.5333333333 008000001011007013
9 730168.5333333333 008000001011007013 370287.0248633333 008002001011012013
9 370287.0248633333 008002001011012013 36557.2 022000001007014013
9 36557.2 022000001007014013 7169.8 022001001007014013
9 7169.8 022001001007014013 370287.0248633333 008002001011012013
9 370287.0248633333 008002001011012013 45.533049999999996 008000000011014018
9 45.533049999999996 008000000011014018 370287.0248633333 008002001011012013
9 370287.0248633333 008002001011012013 8.61643 006000001011019010
9 8.61643 006000001011019010 1191130.0 008000000023007013
9 1191130.0 008000000023007013 1149860.0 008000000023007008
9 1149860.0 008000000023007008 370287.0248633333 008002001011012013
9 370287.0248633333 008002001011012013 4060540.0 008002000007014013
9 4060540.0 008002000007014013 1563880.0 008002000000014013
9 1563880.0 008002000000014013 370287.0248633333 008002001011012013
9 370287.0248633333 008002001011012013 395331.0 008002001012019013
9 395331.0 008002001012019013 370287.0248633333 008002001011012013
9 370287.0248633333 008002001011012013 8.61643 006000001011019010
9 8.61643 006000001011019010 393054.5715 008001000011019013
9 393054.5715 008001000011019013 71.305 003001000011019013
9 71.305 003001000011019013 370287.0248633333 008002001011012013
9 370287.0248633333 008002001011012013 429251.0 017000001011005013
9 429251.0 017000001011005013 25956.0 017002001011005013
9 25956.0 017002001011005013 370287.0248633333 008002001011012013
9 370287.0248633333 008002001011012013 17.934 008000001011020013
9 17.934 008000001011020013 28603.3 008000002011020013
9 28603.3 008000002011020013 370287.0248633333 008002001011012013
9 370287.0248633333 008002001011012013 236239.0 017000000011020013
9 236239.0 017000000011020013 6283.32 017000000008020013
9 6283.32 017000000008020013 370287.0248633333 008002001011012013
9 370287.0248633333 008002001011012013 3685960.0 017002001011019013
9 3685960.0 017002001011019013 58267.5 017002001011019007
9 58267.5 017002001011019007 370287.0248633333 008002001011012013
9 370287.0248633333 008002001011012013 6592.82 008005001011025010
9 6592.82 008005001011025010 13922.3 008005001011013010
9 13922.3 008005001011013010 370287.0248633333 008002001011012013
9 370287.0248633333 008002001011012013 941317.58505 008005000011019013
9 941317.58505 008005000011019013 941317.58505 008005000011019013
9 941317.58505 008005000011019013 370287.0248633333 008002001011012013
9 370287.0248633333 008002001011012013 201751.0 008000001011019013
9 201751.0 008000001011019013 370287.0248633333 008002001011012013
9 370287.0248633333 008002001011012013 8.61643 006000001011019010
9 8.61643 006000001011019010 476431.13333333336 008000000011007013
9 476431.13333333336 008000000011007013 289657.0 008000000011020013
9 289657.0 008000000011020013 370287.0248633333 008002001011012013
9 370287.0248633333 008002001011012013 787944.0 006000001011014018
9 787944.0 006000001011014018 7403.57 006005001011014018
9 7403.57 006005001011014018 370287.0248633333 008002001011012013
9 370287.0248633333 008002001011012013 22503.0 008000001007014013
9 22503.0 008000001007014013 53.6433 008000001007014015
9 53.6433 008000001007014015 370287.0248633333 008002001011012013
9 370287.0248633333 008002001011012013 201751.0 008000001011019013
9 201751.0 008000001011019013 13210.0 008000002011019013
9 13210.0 008000002011019013 370287.0248633333 008002001011012013
9 370287.0248633333 008002001011012013 5429880.0 008002002011014013
9 5429880.0 008002002011014013 152.95 008002002011015013
9 152.95 008002002011015013 370287.0248633333 008002001011012013
9 370287.0248633333 008002001011012013 2580610.0 008001000007019013
9 2580610.0 008001000007019013 3441.69 008001000007019001
9 3441.69 008001000007019001 370287.0248633333 008002001011012013
9 370287.0248633333 008002001011012013 941317.58505 008005000011019013
9 941317.58505 008005000011019013 865431.0 003005000011019013
9 865431.0 003005000011019013 370287.0248633333 008002001011012013
9 370287.0248633333 008002001011012013 3475620.0 008000000011025018
9 3475620.0 008000000011025018 70.3207 008000000011025012
9 70.3207 008000000011025012 370287.0248633333 008002001011012013
9 370287.0248633333 008002001011012013 1261400.0 006000001024019013
9 1261400.0 006000001024019013 1337.15 006000001023019013
9 1337.15 006000001023019013 370287.0248633333 008002001011012013
9 370287.0248633333 008002001011012013 474541.64 008000000011014013
9 474541.64 008000000011014013 17558.4 008006000011014013
9 17558.4 008006000011014013 370287.0248633333 008002001011012013
9 370287.0248633333 008002001011012013 397072.0 022000000011019013
9 397072.0 022000000011019013 8785.29 022000000011009013
9 8785.29 022000000011009013 370287.0248633333 008002001011012013
9 370287.0248633333 008002001011012013 237168.0 006000000012019013
9 237168.0 006000000012019013 237168.0 006000000012019013
9 237168.0 006000000012019013 370287.0248633333 008002001011012013
9 370287.0248633333 008002001011012013 1364900.0 006000001011007013
9 1364900.0 006000001011007013 10786.8 006002001011007013
9 10786.8 006002001011007013 370287.0248633333 008002001011012013
9 370287.0248633333 008002001011012013 15810.9 008002001011019013
9 15810.9 008002001011019013 4527.73 008002002011019013
9 4527.73 008002002011019013 370287.0248633333 008002001011012013
9 370287.0248633333 008002001011012013 4114.35 022002000011012018
9 4114.35 022002000011012018 3180.23 022002000011017018
9 3180.23 022002000011017018 370287.0248633333 008002001011012013
9 370287.0248633333 008002001011012013 2585740.0 008005001012012013
9 2585740.0 008005001012012013 1957330.0 008005001025012013
9 1957330.0 008005001025012013 370287.0248633333 008002001011012013
9 370287.0248633333 008002001011012013 476431.13333333336 008000000011007013
9 476431.13333333336 008000000011007013 15918.4 008000000011002013
9 15918.4 008000000011002013 370287.0248633333 008002001011012013
9 370287.0248633333 008002001011012013 18238.3 008005000011012013
9 18238.3 008005000011012013 370287.0248633333 008002001011012013
9 370287.0248633333 008002001011012013 8.61643 006000001011019010
9 8.61643 006000001011019010 474541.64 008000000011014013
9 474541.64 008000000011014013 705451.57572 008002000011014013
9 705451.57572 008002000011014013 370287.0248633333 008002001011012013
9 370287.0248633333 008002001011012013 321727.047325 008000001011014013
9 321727.047325 008000001011014013 18410.0 008000001000014013
9 18410.0 008000001000014013 370287.0248633333 008002001011012013
9 370287.0248633333 008002001011012013 474541.64 008000000011014013
9 474541.64 008000000011014013 582338.0 008000000014014013
9 582338.0 008000000014014013 370287.0248633333 008002001011012013
9 370287.0248633333 008002001011012013 321727.047325 008000001011014013
9 321727.047325 008000001011014013 2725.74 008000001019014013
9 2725.74 008000001019014013 370287.0248633333 008002001011012013
9 370287.0248633333 008002001011012013 321727.047325 008000001011014013
9 321727.047325 008000001011014013 2652.9 008000001020014013
9 2652.9 008000001020014013 370287.0248633333 008002001011012013
9 370287.0248633333 008002001011012013 967168.0 006005001007014013
9 967168.0 006005001007014013 271121.0 006005001007014007
9 271121.0 006005001007014007 370287.0248633333 008002001011012013
9 370287.0248633333 008002001011012013 5965.53 006000000025012013
9 5965.53 006000000025012013 2331.62 006000000005012013
9 2331.62 006000000005012013 370287.0248633333 008002001011012013
9 370287.0248633333 008002001011012013 378651.675 008002001011014013
9 378651.675 008002001011014013 321727.047325 008000001011014013
9 321727.047325 008000001011014013 370287.0248633333 008002001011012013
9 370287.0248633333 008002001011012013 321727.047325 008000001011014013
9 321727.047325 008000001011014013 119.808 008000001011014015
9 119.808 008000001011014015 370287.0248633333 008002001011012013
9 370287.0248633333 008002001011012013 476431.13333333336 008000000011007013
9 476431.13333333336 008000000011007013 12106.9 008000000011007008
9 12106.9 008000000011007008 370287.0248633333 008002001011012013
9 370287.0248633333 008002001011012013 516716.47 008000000025014013
9 516716.47 008000000025014013 61.722 016000000025014013
9 61.722 016000000025014013 370287.0248633333 008002001011012013
9 370287.0248633333 008002001011012013 91.6056 008000001011012013
9 91.6056 008000001011012013 370287.0248633333 008002001011012013
9 370287.0248633333 008002001011012013 8.61643 006000001011019010
9 8.61643 006000001011019010 614641.0 008001001007014010
9 614641.0 008001001007014010 27025.5 008001001007023010
9 27025.5 008001001007023010 370287.0248633333 008002001011012013
9 370287.0248633333 008002001011012013 394345.0 008002001007014010
9 394345.0 008002001007014010 19900.4 008002001007016010
9 19900.4 008002001007016010 370287.0248633333 008002001011012013
9 370287.0248633333 008002001011012013 46739.4 008002001011020013
9 46739.4 008002001011020013 483553.0 008002002011020013
9 483553.0 008002002011020013 370287.0248633333 008002001011012013
10 370287.0248633333 008002001011012013 5527730000.0 019006002015013006
10 5527730000.0 019006002015013006 22283.2 019006002015016006
10 22283.2 019006002015016006 5028.99 022001000019019014
10 5028.99 022001000019019014 12677100000.0 019003002015007000
10 12677100000.0 019003002015007000 302275000.0 019003000015007000
10 302275000.0 019003000015007000 5028.99 022001000019019014
10 5028.99 022001000019019014 152200.65 002004002009025006
10 152200.65 002004002009025006 773.401 002000002009025006
10 773.401 002000002009025006 5028.99 022001000019019014
10 5028.99 022001000019019014 4243260000.0 033004001010003009
10 4243260000.0 033004001010003009 215717000.0 033006001010003009
10 215717000.0 033006001010003009 773.401 002000002009025006
10 773.401 002000002009025006 9771040.0 026004001021012008
10 9771040.0 026004001021012008 5183160.0 026004001021012007
10 5183160.0 026004001021012007 773.401 002000002009025006
10 773.401 002000002009025006 929406.0 026004002009020011
10 929406.0 026004002009020011 14602.3 014004002009020011
10 14602.3 014004002009020011 773.401 002000002009025006
10 773.401 002000002009025006 1695850.0 008004001009019013
10 1695850.0 008004001009019013 7502.05 008004001009007013
10 7502.05 008004001009007013 773.401 002000002009025006
10 773.401 002000002009025006 96.2843 008004002015025013
10 96.2843 008004002015025013 96.2843 008004002015025013
10 96.2843 008004002015025013 773.401 002000002009025006
10 773.401 002000002009025006 1007600.0 002000002019025013
10 1007600.0 002000002019025013 124413.0 002000002019025006
10 124413.0 002000002019025006 96.2843 008004002015025013
10 96.2843 008004002015025013 23213000.0 014003002009020013
10 23213000.0 014003002009020013 7463270.0 014003002002020013
10 7463270.0 014003002002020013 96.2843 008004002015025013
10 96.2843 008004002015025013 30905.5 002002002019020000
10 30905.5 002002002019020000 12830.7 002002000019020000
10 12830.7 002002000019020000 96.2843 008004002015025013
10 96.2843 008004002015025013 1252010.0 002004002015025013
10 1252010.0 002004002015025013 1172280.0 002003002015025013
10 1172280.0 002003002015025013 96.2843 008004002015025013
10 96.2843 008004002015025013 29012.6 002004002009020013
10 29012.6 002004002009020013 22968.7 002004002022020013
10 22968.7 002004002022020013 96.2843 008004002015025013
10 96.2843 008004002015025013 6115010.0 008005001001020006
10 6115010.0 008005001001020006 2852.99 008005002001020006
10 2852.99 008005002001020006 96.2843 008004002015025013
10 96.2843 008004002015025013 1830575.0 008004002021020006
10 1830575.0 008004002021020006 1830575.0 008004002021020006
10 1830575.0 008004002021020006 96.2843 008004002015025013
10 96.2843 008004002015025013 395905.0 008003002009020006
10 395905.0 008003002009020006 3999.87 020003002009020006
10 3999.87 020003002009020006 96.2843 008004002015025013
10 96.2843 008004002015025013 1932.42 020004000001007010
10 1932.42 020004000001007010 96.2843 008004002015025013
10 96.2843 008004002015025013 773.401 002000002009025006
10 773.401 002000002009025006 1018.54 026004002022025006
10 1018.54 026004002022025006 986142.4488 026004002022025010
10 986142.4488 026004002022025010 96.2843 008004002015025013
10 96.2843 008004002015025013 2389810.0 008005001001025011
10 2389810.0 008005001001025011 391830.0 008001001001025011
10 391830.0 008001001001025011 986142.4488 026004002022025010
10 986142.4488 026004002022025010 814686.0 002004000009010006
10 814686.0 002004000009010006 465089.0 002004000009015006
10 465089.0 002004000009015006 986142.4488 026004002022025010
10 986142.4488 026004002022025010 38081.4 026003001018019000
10 38081.4 026003001018019000 37525.6 026003000018019000
10 37525.6 026003000018019000 986142.4488 026004002022025010
10 986142.4488 026004002022025010 50412400.0 022004002009007006
10 50412400.0 022004002009007006 1501.0 022004002009007013
10 1501.0 022004002009007013 986142.4488 026004002022025010
10 986142.4488 026004002022025010 5150.38 022004002018025010
10 5150.38 022004002018025010 816.792 013004002018025010
10 816.792 013004002018025010 986142.4488 026004002022025010
10 986142.4488 026004002022025010 89.6482 002003002019019010
10 89.6482 002003002019019010 28.4127 002003002014019010
10 28.4127 002003002014019010 986142.4488 026004002022025010
10 986142.4488 026004002022025010 7509160.0 031004002019020010
10 7509160.0 031004002019020010 70.7962 031004002019020012
10 70.7962 031004002019020012 28.4127 002003002014019010
10 28.4127 002003002014019010 24454.6 026003000009020011
10 24454.6 026003000009020011 4524.62 026003002009020011
10 4524.62 026003002009020011 28.4127 002003002014019010
10 28.4127 002003002014019010 43.8133 002005002022020013
10 43.8133 002005002022020013 28.4127 002003002014019010
10 28.4127 002003002014019010 70.7962 031004002019020012
10 70.7962 031004002019020012 331192.4 008001002009019006
10 331192.4 008001002009019006 331192.4 008001002009019006
10 331192.4 008001002009019006 28.4127 002003002014019010
10 28.4127 002003002014019010 2108160.0 008004002015020006
10 2108160.0 008004002015020006 12329.8 008004002015020001
10 12329.8 008004002015020001 28.4127 002003002014019010
10 28.4127 002003002014019010 94025800.0 031004002018007013
10 94025800.0 031004002018007013 3033080.0 029004002018007013
10 3033080.0 029004002018007013 28.4127 002003002014019010
10 28.4127 002003002014019010 1583830.0 008004002022025014
10 1583830.0 008004002022025014 514856.0 008004002022025013
10 514856.0 008004002022025013 28.4127 002003002014019010
10 28.4127 002003002014019010 10673.2 002004000022007006
10 10673.2 002004000022007006 1455.94 002004000012007006
10 1455.94 002004000012007006 28.4127 002003002014019010
10 28.4127 002003002014019010 25826100.0 026004002019007010
10 25826100.0 026004002019007010 15945600.0 030004002019007010
10 15945600.0 030004002019007010 28.4127 002003002014019010
10 28.4127 002003002014019010 9604.6 030004000009025006
10 9604.6 030004000009025006 937.329 030004000009025003
10 937.329 030004000009025003 28.4127 002003002014019010
10 28.4127 002003002014019010 8423830.0 020003002015019010
10 8423830.0 020003002015019010 2544480.0 020004002015019010
10 2544480.0 020004002015019010 28.4127 002003002014019010
10 28.4127 002003002014019010 1492070.0 008003002009019010
10 1492070.0 008003002009019010 853216.0 008003002011019010
10 853216.0 008003002011019010 28.4127 002003002014019010
10 28.4127 002003002014019010 4107780.0 008004002022007011
10 4107780.0 008004002022007011 2299380.0 018004002022007011
10 2299380.0 018004002022007011 28.4127 002003002014019010
10 28.4127 002003002014019010 231766.0 022000000022025011
10 231766.0 022000000022025011 6510.97 022000000022025008
10 6510.97 022000000022025008 28.4127 002003002014019010
10 28.4127 002003002014019010 12211500.0 026004000009007003
10 12211500.0 026004000009007003 13473.6 026004001009007003
10 13473.6 026004001009007003 28.4127 002003002014019010
10 28.4127 002003002014019010 19688.8 002003002001020010
10 19688.8 002003002001020010 28.4127 002003002014019010
10 28.4127 002003002014019010 43.8133 002005002022020013
10 43.8133 002005002022020013 153047.0 002004002015020010
10 153047.0 002004002015020010 867.673 002001002015020010
10 867.673 002001002015020010 28.4127 002003002014019010
10 28.4127 002003002014019010 465730.3916 002004002022025010
10 465730.3916 002004002022025010 183244.0 014004002022025010
10 183244.0 014004002022025010 28.4127 002003002014019010
10 28.4127 002003002014019010 687786.0 008003002009020010
10 687786.0 008003002009020010 28.4127 002003002014019010
10 28.4127 002003002014019010 43.8133 002005002022020013
10 43.8133 002005002022020013 11478.4 002003000015020013
10 11478.4 002003000015020013 3627.9 007003000015020013
10 3627.9 007003000015020013 28.4127 002003002014019010
10 28.4127 002003002014019010 242866.0 013004002015020010
10 242866.0 013004002015020010 71820.9 013005002015020010
10 71820.9 013005002015020010 28.4127 002003002014019010
10 28.4127 002003002014019010 869838.0 002004000015020010
10 869838.0 002004000015020010 265350.0 002000000015020010
10 265350.0 002000000015020010 28.4127 002003002014019010
10 28.4127 002003002014019010 4555490.0 013005002015025013
10 4555490.0 013005002015025013 666940.0 013005002015007013
10 666940.0 013005002015007013 28.4127 002003002014019010
10 28.4127 002003002014019010 970059.0 026001002022025010
10 970059.0 026001002022025010 11201.3 026001002006025010
10 11201.3 026001002006025010 28.4127 002003002014019010
10 28.4127 002003002014019010 1112980.0 002001002009019010
10 1112980.0 002001002009019010 31025.2 002001001009019010
10 31025.2 002001001009019010 28.4127 002003002014019010
10 28.4127 002003002014019010 572063.0 008003002009020013
10 572063.0 008003002009020013 16826.8 008003002009020003
10 16826.8 008003002009020003 28.4127 002003002014019010
10 28.4127 002003002014019010 4883840000.0 020000002009020003
10 4883840000.0 020000002009020003 24608.0 034000002009020003
10 24608.0 034000002009020003 28.4127 002003002014019010
10 28.4127 002003002014019010 11958.4 034004002015020010
10 11958.4 034004002015020010 11019.1 034001002015020010
10 11019.1 034001002015020010 28.4127 002003002014019010
10 28.4127 002003002014019010 421518.0 026001002001025013
10 421518.0 026001002001025013 19520.6 026001002001011013
10 19520.6 026001002001011013 28.4127 002003002014019010
10 28.4127 002003002014019010 5896010.0 008003000022020006
10 5896010.0 008003000022020006 61934.2 008003000022014006
10 61934.2 008003000022014006 28.4127 002003002014019010
10 28.4127 002003002014019010 236085.0 002004002001025010
10 236085.0 002004002001025010 11835.3 020004002001025010
10 11835.3 020004002001025010 28.4127 002003002014019010
10 28.4127 002003002014019010 26332.8 002004002001025012
10 26332.8 002004002001025012 22306.2 002004001001025012
10 22306.2 002004001001025012 28.4127 002003002014019010
10 28.4127 002003002014019010 90174300.0 031005002001007013
10 90174300.0 031005002001007013 34431.5 031005002009007013
10 34431.5 031005002009007013 28.4127 002003002014019010
10 28.4127 002003002014019010 15927.7 002004002009025013
10 15927.7 002004002009025013 14611.1 002004002009018013
10 14611.1 002004002009018013 28.4127 002003002014019010
10 28.4127 002003002014019010 444294.0 002003002014019013
10 444294.0 002003002014019013 9682.42 031003002014019013
10 9682.42 031003002014019013 28.4127 002003002014019010
10 28.4127 002003002014019010 1051450.0 013004002009019013
10 1051450.0 013004002009019013 7700.29 013004001009019013
10 7700.29 013004001009019013 28.4127 002003002014019010
10 28.4127 002003002014019010 3377170000.0 020004002018007006
10 3377170000.0 020004002018007006 10460.4 012004002018007006
10 10460.4 012004002018007006 28.4127 002003002014019010
10 28.4127 002003002014019010 25308900.0 020004002001007006
10 25308900.0 020004002001007006 25098.5 035004002001007006
10 25098.5 035004002001007006 28.4127 002003002014019010
10 28.4127 002003002014019010 15595.1 008004000001019006
10 15595.1 008004000001019006 73.5369 008004000014019006
10 73.5369 008004000014019006 28.4127 002003002014019010
10 28.4127 002003002014019010 24434.2 002003002009025010
10 24434.2 002003002009025010 2063.86 002003002009025006
10 2063.86 002003002009025006 28.4127 002003002014019010
10 28.4127 002003002014019010 11636400000.0 022003002018025003
10 11636400000.0 022003002018025003 161860000.0 022003002021025003
10 161860000.0 022003002021025003 28.4127 002003002014019010
10 28.4127 002003002014019010 142225.0 002004002021025006
10 142225.0 002004002021025006 11252.6 002004002003025006
10 11252.6 002004002003025006 28.4127 002003002014019010
10 28.4127 002003002014019010 360502000.0 020004002009020006
10 360502000.0 020004002009020006 2678.9 020004002009020017
10 2678.9 020004002009020017 28.4127 002003002014019010
10 28.4127 002003002014019010 465403.0 008005000015025013
10 465403.0 008005000015025013 7969.06 008005000015025007
10 7969.06 008005000015025007 28.4127 002003002014019010
10 28.4127 002003002014019010 341780.0 002004002009007006
10 341780.0 002004002009007006 211552.0 003004002009007006
10 211552.0 003004002009007006 28.4127 002003002014019010
10 28.4127 002003002014019010 912443.0 002004002015019010
10 912443.0 002004002015019010 1950.68 019004002015019010
10 1950.68 019004002015019010 28.4127 002003002014019010
10 28.4127 002003002014019010 16053.9 026003002015020006
10 16053.9 026003002015020006 28.4127 002003002014019010
10 28.4127 002003002014019010 43.8133 002005002022020013
10 43.8133 002005002022020013 7484.35 019000000012020006
10 7484.35 019000000012020006 28.4127 002003002014019010
10 28.4127 002003002014019010 43.8133 002005002022020013
10 43.8133 002005002022020013 24370.7 008004002014020013
10 24370.7 008004002014020013 22554.2 008006002014020013
10 22554.2 008006002014020013 28.4127 002003002014019010
10 28.4127 002003002014019010 15145.311833333333 002003002022025010
10 15145.311833333333 002003002022025010 15145.311833333333 002003002022025010
10 15145.311833333333 002003002022025010 28.4127 002003002014019010
10 28.4127 002003002014019010 22989.3 019001002009025006
10 22989.3 019001002009025006 17965.5 019001002009025007
10 17965.5 019001002009025007 28.4127 002003002014019010
10 28.4127 002003002014019010 1917710.0 008004002009025006
10 1917710.0 008004002009025006 1514780.0 008004002004025006
10 1514780.0 008004002004025006 28.4127 002003002014019010
10 28.4127 002003002014019010 2561.44 002004002022007006
10 2561.44 002004002022007006 1799.78 002004002022007009
10 1799.78 002004002022007009 28.4127 002003002014019010
10 28.4127 002003002014019010 48700.4 002003002019020009
10 48700.4 002003002019020009 12103.2 002004002019020009
10 12103.2 002004002019020009 28.4127 002003002014019010
10 28.4127 002003002014019010 13150800.0 013005002009007010
10 13150800.0 013005002009007010 8687.17 013005002009007000
10 8687.17 013005002009007000 28.4127 002003002014019010
10 28.4127 002003002014019010 31406100.0 020003000022020006
10 31406100.0 020003000022020006 10291.7 020003000022020003
10 10291.7 020003000022020003 28.4127 002003002014019010
10 28.4127 002003002014019010 51929600.0 031000002019025006
10 51929600.0 031000002019025006 1062050.0 006000002019025006
10 1062050.0 006000002019025006 28.4127 002003002014019010
10 28.4127 002003002014019010 16206.0 002004002022007010
10 16206.0 002004002022007010 16206.0 002004002022007010
10 16206.0 002004002022007010 28.4127 002003002014019010
10 28.4127 002003002014019010 1173000.0 008000002022025010
10 1173000.0 008000002022025010 199327.0 008000002011025010
10 199327.0 008000002011025010 28.4127 002003002014019010
10 28.4127 002003002014019010 7227320.0 026001002022025006
10 7227320.0 026001002022025006 7227320.0 026001002022025006
10 7227320.0 026001002022025006 28.4127 002003002014019010
10 28.4127 002003002014019010 857898.0 002003002009007013
10 857898.0 002003002009007013 1390.73 007003002009007013
10 1390.73 007003002009007013 28.4127 002003002014019010
10 28.4127 002003002014019010 5955.42 007004000012019010
10 5955.42 007004000012019010 28.4127 002003002014019010
10 28.4127 002003002014019010 15145.311833333333 002003002022025010
10 15145.311833333333 002003002022025010 279782.5 002000002001019013
10 279782.5 002000002001019013 279782.5 002000002001019013
10 279782.5 002000002001019013 28.4127 002003002014019010
10 28.4127 002003002014019010 5896.49 030005000009007013
10 5896.49 030005000009007013 105.059 030005000009007016
10 105.059 030005000009007016 28.4127 002003002014019010
10 28.4127 002003002014019010 5725670.0 002003000018007010
10 5725670.0 002003000018007010 38064.4 038003000018007010
10 38064.4 038003000018007010 28.4127 002003002014019010
10 28.4127 002003002014019010 7124940000.0 026003002019007010
10 7124940000.0 026003002019007010 25298.4 026003002017007010
10 25298.4 026003002017007010 28.4127 002003002014019010
10 28.4127 002003002014019010 39566.45 026004002009020003
10 39566.45 026004002009020003 39566.45 026004002009020003
10 39566.45 026004002009020003 28.4127 002003002014019010
10 28.4127 002003002014019010 49.2239 002004002014019010
10 49.2239 002004002014019010 49.2239 002004002014019010
10 49.2239 002004002014019010 28.4127 002003002014019010
10 28.4127 002003002014019010 97316.6777 002004002014025010
10 97316.6777 002004002014025010 328012.0 016004002014025010
10 328012.0 016004002014025010 28.4127 002003002014019010
10 28.4127 002003002014019010 383599.0 008003002022019013
10 383599.0 008003002022019013 12151.7 029003002022019013
10 12151.7 029003002022019013 28.4127 002003002014019010
10 28.4127 002003002014019010 1612000.0 002003002014007010
10 1612000.0 002003002014007010 536967.0 002003002013007010
10 536967.0 002003002013007010 28.4127 002003002014019010
10 28.4127 002003002014019010 230595.0 002004000012020010
10 230595.0 002004000012020010 8720.22 002004000012020017
10 8720.22 002004000012020017 28.4127 002003002014019010
10 28.4127 002003002014019010 1279430.0 002004000014025016
10 1279430.0 002004000014025016 668331.0 002000000014025016
10 668331.0 002000000014025016 28.4127 002003002014019010
10 28.4127 002003002014019010 119758.6 002004002019019006
10 119758.6 002004002019019006 139.661 002004002019019004
10 139.661 002004002019019004 28.4127 002003002014019010
10 28.4127 002003002014019010 211160.0 002004000022025006
10 211160.0 002004000022025006 102.367 002004000022001006
10 102.367 002004000022001006 28.4127 002003002014019010
10 28.4127 002003002014019010 336481.0 002004002009025012
10 336481.0 002004002009025012 10651.4 002002002009025012
10 10651.4 002002002009025012 28.4127 002003002014019010
10 28.4127 002003002014019010 305751.0 026004000022025012
10 305751.0 026004000022025012 10682.7 026004000022025004
10 10682.7 026004000022025004 28.4127 002003002014019010
10 28.4127 002003002014019010 813379.0 002001002015019010
10 813379.0 002001002015019010 25554.2 002001002015014010
10 25554.2 002001002015014010 28.4127 002003002014019010
10 28.4127 002003002014019010 305449.0 031004000018025010
10 305449.0 031004000018025010 9495.15 031004000018025007
10 9495.15 031004000018025007 28.4127 002003002014019010
10 28.4127 002003002014019010 97316.6777 002004002014025010
10 97316.6777 002004002014025010 31202.9 001004002014025010
10 31202.9 001004002014025010 28.4127 002003002014019010
10 28.4127 002003002014019010 2483940.0 008003002022019010
10 2483940.0 008003002022019010 10397.3 008003002022021010
10 10397.3 008003002022021010 28.4127 002003002014019010
10 28.4127 002003002014019010 97316.6777 002004002014025010
10 97316.6777 002004002014025010 28.4127 002003002014019010
10 28.4127 002003002014019010 15145.311833333333 002003002022025010
10 15145.311833333333 002003002022025010 152200.65 002004002009025006
10 152200.65 002004002009025006 16659.2 002004002022025006
10 16659.2 002004002022025006 28.4127 002003002014019010
10 28.4127 002003002014019010 24588.9 002003002018019016
10 24588.9 002003002018019016 577.096 019003002018019016
10 577.096 019003002018019016 28.4127 002003002014019010
10 28.4127 002003002014019010 11798.3 002004002014025013
10 11798.3 002004002014025013 11798.3 002004002014025013
10 11798.3 002004002014025013 28.4127 002003002014019010
10 28.4127 002003002014019010 97316.6777 002004002014025010
10 97316.6777 002004002014025010 44235.7 002003002014025010
10 44235.7 002003002014025010 28.4127 002003002014019010
10 28.4127 002003002014019010 15145.311833333333 002003002022025010
10 15145.311833333333 002003002022025010 50.7978 002003002022025009
10 50.7978 002003002022025009 28.4127 002003002014019010
10 28.4127 002003002014019010 7374.38 002004000015019013
10 7374.38 002004000015019013 28.4127 002003002014019010
10 28.4127 002003002014019010 97316.6777 002004002014025010
10 97316.6777 002004002014025010 2749800000.0 026003000019020016
10 2749800000.0 026003000019020016 33675500.0 026001000019020016
10 33675500.0 026001000019020016 28.4127 002003002014019010
10 28.4127 002003002014019010 230973.0 002004002018025004
10 230973.0 002004002018025004 40.0714 002004002014025004
10 40.0714 002004002014025004 28.4127 002003002014019010
10 28.4127 002003002014019010 24729.8 002003002019025010
10 24729.8 002003002019025010 11059.3 002003002024025010
10 11059.3 002003002024025010 28.4127 002003002014019010
10 28.4127 002003002014019010 39668.7 002004002014007013
10 39668.7 002004002014007013 739145.0 023004002014007013
10 739145.0 023004002014007013 28.4127 002003002014019010
10 28.4127 002003002014019010 97316.6777 002004002014025010
10 97316.6777 002004002014025010 9098.3 002004000014025010
10 9098.3 002004000014025010 28.4127 002003002014019010
10 28.4127 002003002014019010 117984.0 030000002022020006
10 117984.0 030000002022020006 38661.7 030000002014020006
10 38661.7 030000002014020006 28.4127 002003002014019010
10 28.4127 002003002014019010 140461.0 002005002022025010
10 140461.0 002005002022025010 63824.4 002005002022025014
10 63824.4 002005002022025014 28.4127 002003002014019010
10 28.4127 002003002014019010 457058.6666666667 002004002022019009
10 457058.6666666667 002004002022019009 198723.0 036004002022019009
10 198723.0 036004002022019009 28.4127 002003002014019010
10 28.4127 002003002014019010 352010.0 002004000022025013
10 352010.0 002004000022025013 47.566 002001000022025013
10 47.566 002001000022025013 28.4127 002003002014019010
10 28.4127 002003002014019010 616446.5 002004002015020006
10 616446.5 002004002015020006 616446.5 002004002015020006
10 616446.5 002004002015020006 28.4127 002003002014019010
10 28.4127 002003002014019010 365342.0 008000002019019010
10 365342.0 008000002019019010 3709.0 006000002019019010
10 3709.0 006000002019019010 28.4127 002003002014019010
10 28.4127 002003002014019010 986142.4488 026004002022025010
10 986142.4488 026004002022025010 986142.4488 026004002022025010
10 986142.4488 026004002022025010 28.4127 002003002014019010
10 28.4127 002003002014019010 239.9246 002004002019019010
10 239.9246 002004002019019010 40.831 002004002019020010
10 40.831 002004002019020010 28.4127 002003002014019010
10 28.4127 002003002014019010 7028.42 002004000014025006
10 7028.42 002004000014025006 50.3242 002004000014001006
10 50.3242 002004000014001006 28.4127 002003002014019010
10 28.4127 002003002014019010 207598.0 002001002022025012
10 207598.0 002001002022025012 164349.0 002001002022025002
10 164349.0 002001002022025002 28.4127 002003002014019010
10 28.4127 002003002014019010 343941.0 002004002022025013
10 343941.0 002004002022025013 81.3395 002004002022018013
10 81.3395 002004002022018013 28.4127 002003002014019010
10 28.4127 002003002014019010 158817.6 002004002019007006
10 158817.6 002004002019007006 158817.6 002004002019007006
10 158817.6 002004002019007006 28.4127 002003002014019010
10 28.4127 002003002014019010 1114760.0 002005002014025016
10 1114760.0 002005002014025016 15568.6 002005002014015016
10 15568.6 002005002014015016 28.4127 002003002014019010
10 28.4127 002003002014019010 14951100.0 002003000014001013
10 14951100.0 002003000014001013 25229.9 002003000014024013
10 25229.9 002003000014024013 28.4127 002003002014019010
10 28.4127 002003002014019010 1834.52 002003002022019013
10 1834.52 002003002022019013 6.4309 002000002022019013
10 6.4309 002000002022019013 28.4127 002003002014019010
10 28.4127 002003002014019010 181236.0 008005002014025006
10 181236.0 008005002014025006 53117.5 008003002014025006
10 53117.5 008003002014025006 6.4309 002000002022019013
10 6.4309 002000002022019013 530257.0 002004000022020012
10 530257.0 002004000022020012 6.4309 002000002022019013
10 6.4309 002000002022019013 28.4127 002003002014019010
10 28.4127 002003002014019010 457058.6666666667 002004002022019009
10 457058.6666666667 002004002022019009 457058.6666666667 002004002022019009
10 457058.6666666667 002004002022019009 6.4309 002000002022019013
10 6.4309 002000002022019013 5775070.0 002003000022019013
10 5775070.0 002003000022019013 372819.0 002002000022019013
10 372819.0 002002000022019013 6.4309 002000002022019013
10 6.4309 002000002022019013 46228300.0 002003000014001006
10 46228300.0 002003000014001006 1996530.0 002005000014001006
10 1996530.0 002005000014001006 6.4309 002000002022019013
10 6.4309 002000002022019013 684895.0 002003002014020013
10 684895.0 002003002014020013 370849.0 002003001014020013
10 370849.0 002003001014020013 6.4309 002000002022019013
10 6.4309 002000002022019013 17796.7 002004002014019006
10 17796.7 002004002014019006 17796.7 002004002014019006
10 17796.7 002004002014019006 6.4309 002000002022019013
10 6.4309 002000002022019013 513369.0 002001002014025010
10 513369.0 002001002014025010 4.43695 002001002021025010
10 4.43695 002001002021025010 6.4309 002000002022019013
10 6.4309 002000002022019013 562284.0 002003002019020013
10 562284.0 002003002019020013 763.246 002003002002020013
10 763.246 002003002002020013 4.43695 002001002021025010
10 4.43695 002001002021025010 683906.0 002003002002025013
10 683906.0 002003002002025013 431468.0 005003002002025013
10 431468.0 005003002002025013 4.43695 002001002021025010
10 4.43695 002001002021025010 65.7308 002004000019019013
10 65.7308 002004000019019013 1.57386 002004000019023013
10 1.57386 002004000019023013 4.43695 002001002021025010
10 4.43695 002001002021025010 482741.0 002001002019025004
10 482741.0 002001002019025004 285049.0 002000002019025004
10 285049.0 002000002019025004 1.57386 002004000019023013
10 1.57386 002004000019023013 112004.4 002004002019025010
10 112004.4 002004002019025010 762.77 023004002019025010
10 762.77 023004002019025010 1.57386 002004000019023013
10 1.57386 002004000019023013 133218.4 002004000022019010
10 133218.4 002004000022019010 1.57386 002004000019023013
10 1.57386 002004000019023013 4.43695 002001002021025010
10 4.43695 002001002021025010 484295.0 002004002019025012
10 484295.0 002004002019025012 40740.1 002005002019025012
10 40740.1 002005002019025012 1.57386 002004000019023013
10 1.57386 002004000019023013 265433.25 002003000019025013
10 265433.25 002003000019025013 265433.25 002003000019025013
10 265433.25 002003000019025013 1.57386 002004000019023013
10 1.57386 002004000019023013 65.7308 002004000019019013
10 65.7308 002004000019019013 65.7308 002004000019019013
10 65.7308 002004000019019013 1.57386 002004000019023013
10 1.57386 002004000019023013 465730.3916 002004002022025010
10 465730.3916 002004002022025010 223137.0 002002002022025010
10 223137.0 002002002022025010 1.57386 002004000019023013
10 1.57386 002004000019023013 16659.2 002004002022025006
10 16659.2 002004002022025006 638.422 002004002022025007
10 638.422 002004002022025007 1.57386 002004000019023013
10 1.57386 002004000019023013 444294.0 002003002014019013
10 444294.0 002003002014019013 376053.0 002003002020019013
10 376053.0 002003002020019013 1.57386 002004000019023013
10 1.57386 002004000019023013 17089500.0 002003000022001013
10 17089500.0 002003000022001013 4448780.0 002003000022001006
10 4448780.0 002003000022001006 1.57386 002004000019023013
10 1.57386 002004000019023013 260086.0 002003002022025006
10 260086.0 002003002022025006 9814.76 002003002022025017
10 9814.76 002003002022025017 1.57386 002004000019023013
10 1.57386 002004000019023013 2518730.0 008001000014020013
10 2518730.0 008001000014020013 6970.77 008001002014020013
10 6970.77 008001002014020013 1.57386 002004000019023013
10 1.57386 002004000019023013 39347.4 002004002022019004
10 39347.4 002004002022019004 52.1397 002003002022019004
10 52.1397 002003002022019004 1.57386 002004000019023013
10 1.57386 002004000019023013 162742.1 002003000022018010
10 162742.1 002003000022018010 162742.1 002003000022018010
10 162742.1 002003000022018010 1.57386 002004000019023013
10 1.57386 002004000019023013 664654.0 002005002022018013
10 664654.0 002005002022018013 664654.0 002005002022018013
10 664654.0 002005002022018013 1.57386 002004000019023013
10 1.57386 002004000019023013 1920390.0 002003000014025010
10 1920390.0 002003000014025010 21602.0 002003000014025004
10 21602.0 002003000014025004 1.57386 002004000019023013
10 1.57386 002004000019023013 587214.0 002004000014001012
10 587214.0 002004000014001012 52385.2 002004000014001003
10 52385.2 002004000014001003 1.57386 002004000019023013
10 1.57386 002004000019023013 108.884 002005000022025010
10 108.884 002005000022025010 76.2683 019005000022025010
10 76.2683 019005000022025010 1.57386 002004000019023013
10 1.57386 002004000019023013 322909.0 002004000014025013
10 322909.0 002004000014025013 2724.17 002001000014025013
10 2724.17 002001000014025013 1.57386 002004000019023013
10 1.57386 002004000019023013 498342.0 002005000022025006
10 498342.0 002005000022025006 108.884 002005000022025010
10 108.884 002005000022025010 1.57386 002004000019023013
10 1.57386 002004000019023013 498858.5 002005002014020013
10 498858.5 002005002014020013 498858.5 002005002014020013
10 498858.5 002005002014020013 1.57386 002004000019023013
10 1.57386 002004000019023013 1483940.0 019004000022019006
10 1483940.0 019004000022019006 1240910.0 019000000022019006
10 1240910.0 019000000022019006 1.57386 002004000019023013
10 1.57386 002004000019023013 2450510.0 002004000022001010
10 2450510.0 002004000022001010 12174.33 002004002022001010
10 12174.33 002004002022001010 1.57386 002004000019023013
10 1.57386 002004000019023013 3671680.0 019004000022019013
10 3671680.0 019004000022019013 963750.0 019004000000019013
10 963750.0 019004000000019013 1.57386 002004000019023013
10 1.57386 002004000019023013 15459.2 002005000022019013
10 15459.2 002005000022019013 8988.79 002005000013019013
10 8988.79 002005000013019013 1.57386 002004000019023013
10 1.57386 002004000019023013 28352.2 002003002022019006
10 28352.2 002003002022019006 1331.46 002003002022019008
10 1331.46 002003002022019008 1.57386 002004000019023013
10 1.57386 002004000019023013 49.2239 002004002014019010
10 49.2239 002004002014019010 1.57386 002004000019023013
10 1.57386 002004000019023013 4.43695 002001002021025010
10 4.43695 002001002021025010 187777.385 002003002019019013
10 187777.385 002003002019019013 355436.0 002003002019019012
10 355436.0 002003002019019012 1.57386 002004000019023013
10 1.57386 002004000019023013 1568410.0 002004002014019009
10 1568410.0 002004002014019009 689648.0 002004000014019009
10 689648.0 002004000014019009 1.57386 002004000019023013
10 1.57386 002004000019023013 1374440.0 002003002019025004
10 1374440.0 002003002019025004 2857.75 020003002019025004
10 2857.75 020003002019025004 1.57386 002004000019023013
10 1.57386 002004000019023013 55322.7 008003002019020004
10 55322.7 008003002019020004 42978.4 008003002007020004
10 42978.4 008003002007020004 1.57386 002004000019023013
10 1.57386 002004000019023013 11798.3 002004002014025013
10 11798.3 002004002014025013 26.7998 002004001014025013
10 26.7998 002004001014025013 1.57386 002004000019023013
10 1.57386 002004000019023013 336983.0 002004002019025013
10 336983.0 002004002019025013 317220.0 002004002001025013
10 317220.0 002004002001025013 1.57386 002004000019023013
10 1.57386 002004000019023013 12009.7 002004002022019013
10 12009.7 002004002022019013 1774.18 033004002022019013
10 1774.18 033004002022019013 1.57386 002004000019023013
10 1.57386 002004000019023013 243456.0 002004002014019013
10 243456.0 002004002014019013 39668.7 002004002014007013
10 39668.7 002004002014007013 1.57386 002004000019023013
10 1.57386 002004000019023013 22968.7 002004002022020013
10 22968.7 002004002022020013 663831.0 002000002022020013
10 663831.0 002000002022020013 1.57386 002004000019023013
10 1.57386 002004000019023013 327112.0 002005000014019013
10 327112.0 002005000014019013 69274.3 002006000014019013
10 69274.3 002006000014019013 1.57386 002004000019023013
10 1.57386 002004000019023013 2428480.0 002003000014025013
10 2428480.0 002003000014025013 362095.0 002003000014025012
10 362095.0 002003000014025012 1.57386 002004000019023013
10 1.57386 002004000019023013 97316.6777 002004002014025010
10 97316.6777 002004002014025010 1.57386 002004000019023013
10 1.57386 002004000019023013 4.43695 002001002021025010
10 4.43695 002001002021025010 182453.0 002004002022020010
10 182453.0 002004002022020010 267.928 002004002022020012
10 267.928 002004002022020012 1.57386 002004000019023013
10 1.57386 002004000019023013 292524.0 002005000014019009
10 292524.0 002005000014019009 237088.0 002005000015019009
10 237088.0 002005000015019009 1.57386 002004000019023013
10 1.57386 002004000019023013 119758.6 002004002019019006
10 119758.6 002004002019019006 1.0618 002005002019019006
10 1.0618 002005002019019006 1.57386 002004000019023013
10 1.57386 002004000019023013 517221.0 002004002022023010
10 517221.0 002004002022023010 165718.0 002005002022023010
10 165718.0 002005002022023010 1.0618 002005002019019006
10 1.0618 002005002019019006 576433.0 002005002021020013
10 576433.0 002005002021020013 23821.7 002005002017020013
10 23821.7 002005002017020013 1.0618 002005002019019006
10 1.0618 002005002019019006 1341100.0 002001002014019010
10 1341100.0 002001002014019010 28300.7 002001002014024010
10 28300.7 002001002014024010 1.0618 002005002019019006
10 1.0618 002005002019019006 11798.3 002004002014025013
10 11798.3 002004002014025013 159.829 002001002014025013
10 159.829 002001002014025013 1.0618 002005002019019006
10 1.0618 002005002019019006 312554.0 002003002014020010
10 312554.0 002003002014020010 19190.8 002003002014000010
10 19190.8 002003002014000010 1.0618 002005002019019006
10 1.0618 002005002019019006 12009.7 002004002022019013
10 12009.7 002004002022019013 7831.18 002004001022019013
10 7831.18 002004001022019013 1.0618 002005002019019006
10 1.0618 002005002019019006 4782.22355 002004002014020013
10 4782.22355 002004002014020013 824944.0 030004002014020013
10 824944.0 030004002014020013 1.0618 002005002019019006
10 1.0618 002005002019019006 12174.33 002004002022001010
10 12174.33 002004002022001010 3.54942 002004002022021010
10 3.54942 002004002022021010 1.0618 002005002019019006
10 1.0618 002005002019019006 258414.0 002004000014021010
10 258414.0 002004000014021010 4715.1 014004000014021010
10 4715.1 014004000014021010 1.0618 002005002019019006
10 1.0618 002005002019019006 465730.3916 002004002022025010
10 465730.3916 002004002022025010 1.0618 002005002019019006
10 1.0618 002005002019019006 1.57386 002004000019023013
10 1.57386 002004000019023013 399399.0 002005002019025010
10 399399.0 002005002019025010 285607.0 002001002019025010
10 285607.0 002001002019025010 1.0618 002005002019019006
10 1.0618 002005002019019006 292819.0 002001002014019004
10 292819.0 002001002014019004 14373.3 002001002014019012
10 14373.3 002001002014019012 1.0618 002005002019019006
10 1.0618 002005002019019006 49.2239 002004002014019010
10 49.2239 002004002014019010 1191.18 037004002014019010
10 1191.18 037004002014019010 1.0618 002005002019019006
10 1.0618 002005002019019006 87485.6786 002000002014020010
10 87485.6786 002000002014020010 87485.6786 002000002014020010
10 87485.6786 002000002014020010 1.0618 002005002019019006
10 1.0618 002005002019019006 19063.1 002005002022001010
10 19063.1 002005002022001010 74.7663 002003002022001010
10 74.7663 002003002022001010 1.0618 002005002019019006
10 1.0618 002005002019019006 318.553 002003000022020010
10 318.553 002003000022020010 132.734 002003000017020010
10 132.734 002003000017020010 1.0618 002005002019019006
10 1.0618 002005002019019006 875228.0 002000002019019010
10 875228.0 002000002019019010 1341.1 002000000019019010
10 1341.1 002000000019019010 1.0618 002005002019019006
10 1.0618 002005002019019006 1469.5 002003002021019010
10 1469.5 002003002021019010 1151.68 002005002021019010
10 1151.68 002005002021019010 1.0618 002005002019019006
10 1.0618 002005002019019006 465730.3916 002004002022025010
10 465730.3916 002004002022025010 411996.0 002004001022025010
10 411996.0 002004001022025010 1.0618 002005002019019006
10 1.0618 002005002019019006 11798.3 002004002014025013
10 11798.3 002004002014025013 12193.0 035004002014025013
10 12193.0 035004002014025013 1.0618 002005002019019006
10 1.0618 002005002019019006 11798.3 002004002014025013
10 11798.3 002004002014025013 5558.62 039004002014025013
10 5558.62 039004002014025013 1.0618 002005002019019006
10 1.0618 002005002019019006 272425.0 002004002019025006
10 272425.0 002004002019025006 11847.3 002004002019021006
10 11847.3 002004002019021006 1.0618 002005002019019006
10 1.0618 002005002019019006 516042.0 002004002022019010
10 516042.0 002004002022019010 179424.0 002004002020019010
10 179424.0 002004002020019010 1.0618 002005002019019006
10 1.0618 002005002019019006 239.9246 002004002019019010
10 239.9246 002004002019019010 1.0618 002005002019019006
10 1.0618 002005002019019006 1.57386 002004000019023013
10 1.57386 002004000019023013 13492.3 002005002014019010
10 13492.3 002005002014019010 2621.71 002005002014012010
10 2621.71 002005002014012010 1.0618 002005002019019006
10 1.0618 002005002019019006 112004.4 002004002019025010
10 112004.4 002004002019025010 81.2438 002004001019025010
10 81.2438 002004001019025010 1.0618 002005002019019006
10 1.0618 002005002019019006 558189.0 002004002014023010
10 558189.0 002004002014023010 362742.0 002004002018023010
10 362742.0 002004002018023010 1.0618 002005002019019006
10 1.0618 002005002019019006 4782.22355 002004002014020013
10 4782.22355 002004002014020013 4782.22355 002004002014020013
10 4782.22355 002004002014020013 1.0618 002005002019019006
10 1.0618 002005002019019006 23327.8 002004002014021013
10 23327.8 002004002014021013 16832.2 002005002014021013
10 16832.2 002005002014021013 1.0618 002005002019019006
10 1.0618 002005002019019006 49.2239 002004002014019010
10 49.2239 002004002014019010 38135.5 002004002014019003
10 38135.5 002004002014019003 1.0618 002005002019019006
10 1.0618 002005002019019006 211243.0 002004002014025006
10 211243.0 002004002014025006 20916.9 002004001014025006
10 20916.9 002004001014025006 1.0618 002005002019019006
10 1.0618 002005002019019006 97316.6777 002004002014025010
10 97316.6777 002004002014025010 97316.6777 002004002014025010
10 97316.6777 002004002014025010 1.0618 002005002019019006
10 1.0618 002005002019019006 11798.3 002004002014025013
10 11798.3 002004002014025013 11621.1 002004002014013013
10 11621.1 002004002014013013 1.0618 002005002019019006
10 1.0618 002005002019019006 465730.3916 002004002022025010
10 465730.3916 002004002022025010 378838.0 002004002012025010
10 378838.0 002004002012025010 1.0618 002005002019019006
10 1.0618 002005002019019006 49.2239 002004002014019010
10 49.2239 002004002014019010 1.0618 002005002019019006
10 1.0618 002005002019019006 1.57386 002004000019023013
10 1.57386 002004000019023013 57.8812 002004001022019010
10 57.8812 002004001022019010 6.35021 024004001022019010
10 6.35021 024004001022019010 1.0618 002005002019019006
10 1.0618 002005002019019006 465730.3916 002004002022025010
10 465730.3916 002004002022025010 62.7331 037004002022025010
10 62.7331 037004002022025010 1.0618 002005002019019006
10 1.0618 002005002019019006 856052.0 002000002014019010
10 856052.0 002000002014019010 304188.0 002002002014019010
10 304188.0 002002002014019010 1.0618 002005002019019006
10 1.0618 002005002019019006 436445.0 002003002022019010
10 436445.0 002003002022019010 295067.0 002003002022019001
10 295067.0 002003002022019001 1.0618 002005002019019006
10 1.0618 002005002019019006 187777.385 002003002019019013
10 187777.385 002003002019019013 53.1791 002003002019001013
10 53.1791 002003002019001013 1.0618 002005002019019006
10 1.0618 002005002019019006 214121.0 024005000022025004
10 214121.0 024005000022025004 1.0618 002005002019019006
10 1.0618 002005002019019006 1.57386 002004000019023013
10 1.57386 002004000019023013 97316.6777 002004002014025010
10 97316.6777 002004002014025010 4.1397 002004002014014010
10 4.1397 002004002014014010 1.0618 002005002019019006
10 1.0618 002005002019019006 112004.4 002004002019025010
10 112004.4 002004002019025010 44.5273 002004002019010010
10 44.5273 002004002019010010 1.0618 002005002019019006
10 1.0618 002005002019019006 644.533 002000002014025013
10 644.533 002000002014025013 1.0618 002005002019019006
10 1.0618 002005002019019006 1.57386 002004000019023013
10 1.57386 002004000019023013 685102.0 002005002019019010
10 685102.0 002005002019019010 681214.0 002002002019019010
10 681214.0 002002002019019010 1.0618 002005002019019006
10 1.0618 002005002019019006 444294.0 002003002014019013
10 444294.0 002003002014019013 770.597 002001002014019013
10 770.597 002001002014019013 1.0618 002005002019019006
10 1.0618 002005002019019006 489.144 002003002022020013
10 489.144 002003002022020013 1.0618 002005002019019006
10 1.0618 002005002019019006 1.57386 002004000019023013
10 1.57386 002004000019023013 133218.4 002004000022019010
10 133218.4 002004000022019010 1780.5 002004000022019015
10 1780.5 002004000022019015 1.0618 002005002019019006
10 1.0618 002005002019019006 582034.0 002004002022010004
10 582034.0 002004002022010004 253440.0 002004002008010004
10 253440.0 002004002008010004 1.0618 002005002019019006
10 1.0618 002005002019019006 383233.0 002004000019025010
10 383233.0 002004000019025010 76.3137 002004000019006010
10 76.3137 002004000019006010 1.0618 002005002019019006
10 1.0618 002005002019019006 265433.25 002003000019025013
10 265433.25 002003000019025013 4976.76 002003000019003013
10 4976.76 002003000019003013 1.0618 002005002019019006
10 1.0618 002005002019019006 2173950.0 002003002021019013
10 2173950.0 002003002021019013 203618.0 002003002021019005
10 203618.0 002003002021019005 1.0618 002005002019019006
10 1.0618 002005002019019006 4148460.0 024004001014023010
10 4148460.0 024004001014023010 4116160.0 024004000014023010
10 4116160.0 024004000014023010 1.0618 002005002019019006
10 1.0618 002005002019019006 689297.0 002004002014023013
10 689297.0 002004002014023013 488497.0 013004002014023013
10 488497.0 013004002014023013 1.0618 002005002019019006
10 1.0618 002005002019019006 6916500.0 024001002021023006
10 6916500.0 024001002021023006 13069.9 024001000021023006
10 13069.9 024001000021023006 1.0618 002005002019019006
10 1.0618 002005002019019006 3203950.0 024004002021023010
10 3203950.0 024004002021023010 171362.0 024004002011023010
10 171362.0 024004002011023010 1.0618 002005002019019006
10 1.0618 002005002019019006 677687.0 002004001021025013
10 677687.0 002004001021025013 233507.0 033004001021025013
10 233507.0 033004001021025013 1.0618 002005002019019006
10 1.0618 002005002019019006 89.4254 002004002014020004
10 89.4254 002004002014020004 1.0618 002005002019019006
10 1.0618 002005002019019006 1.57386 002004000019023013
10 1.57386 002004000019023013 4782.22355 002004002014020013
10 4782.22355 002004002014020013 29012.6 002004002009020013
10 29012.6 002004002009020013 1.0618 002005002019019006
10 1.0618 002005002019019006 243456.0 002004002014019013
10 243456.0 002004002014019013 251613.0 002004002010019013
10 251613.0 002004002010019013 1.0618 002005002019019006
10 1.0618 002005002019019006 4480540.0 024004002021014010
10 4480540.0 024004002021014010 141.349 022004002021014010
10 141.349 022004002021014010 1.0618 002005002019019006
10 1.0618 002005002019019006 23273.6 002000002022019010
10 23273.6 002000002022019010 78.802 002000002022000010
10 78.802 002000002022000010 1.0618 002005002019019006
10 1.0618 002005002019019006 9799.77 002004002019014013
10 9799.77 002004002019014013 936.128 005004002019014013
10 936.128 005004002019014013 1.0618 002005002019019006
10 1.0618 002005002019019006 867408.6 005004002022025013
10 867408.6 005004002022025013 867408.6 005004002022025013
10 867408.6 005004002022025013 1.0618 002005002019019006
10 1.0618 002005002019019006 5109.8142 005004002014010010
10 5109.8142 005004002014010010 5109.8142 005004002014010010
10 5109.8142 005004002014010010 1.0618 002005002019019006
10 1.0618 002005002019019006 252065.75 002004001014025010
10 252065.75 002004001014025010 252065.75 002004001014025010
10 252065.75 002004001014025010 1.0618 002005002019019006
10 1.0618 002005002019019006 11798.3 002004002014025013
10 11798.3 002004002014025013 1201.95 002004002014025000
10 1201.95 002004002014025000 1.0618 002005002019019006
10 1.0618 002005002019019006 1151.68 002005002021019010
10 1151.68 002005002021019010 47224.3 002005002021019001
10 47224.3 002005002021019001 1.0618 002005002019019006
