Run Fitness1 Solution1 Fitness2 Solution2
1 4487460.0 028004000020019009 2685400.0 028001000020019009
1 2685400.0 028001000020019009 95.6993 003000001018004006
1 95.6993 003000001018004006 32101100.0 028006001022022000
1 32101100.0 028006001022022000 32101100.0 028006001022022000
1 32101100.0 028006001022022000 95.6993 003000001018004006
1 95.6993 003000001018004006 16236.4 028004002000011003
1 16236.4 028004002000011003 16.9602 028004002000011016
1 16.9602 028004002000011016 95.6993 003000001018004006
1 95.6993 003000001018004006 32386.6 006001001013020001
1 32386.6 006001001013020001 168.49 006001001015020001
1 168.49 006001001015020001 16.9602 028004002000011016
1 16.9602 028004002000011016 1368.38 018001000019011009
1 1368.38 018001000019011009 80.0664 018001000011011009
1 80.0664 018001000011011009 16.9602 028004002000011016
1 16.9602 028004002000011016 37683800.0 008002000002014003
1 37683800.0 008002000002014003 6105.44 008000000002014003
1 6105.44 008000000002014003 16.9602 028004002000011016
1 16.9602 028004002000011016 855514.0 003004000007014007
1 855514.0 003004000007014007 523845.0 004004000007014007
1 523845.0 004004000007014007 16.9602 028004002000011016
1 16.9602 028004002000011016 242336.0 001002002009007000
1 242336.0 001002002009007000 17443.8 001002002020007000
1 17443.8 001002002020007000 16.9602 028004002000011016
1 16.9602 028004002000011016 268949.0 018000000021008009
1 268949.0 018000000021008009 641.589 011000000021008009
1 641.589 011000000021008009 16.9602 028004002000011016
1 16.9602 028004002000011016 310221.0 004005001005022016
1 310221.0 004005001005022016 30287.6 004005001005022001
1 30287.6 004005001005022001 16.9602 028004002000011016
1 16.9602 028004002000011016 917544.0 004001002012022002
1 917544.0 004001002012022002 914430.0 004001002012022007
1 914430.0 004001002012022007 16.9602 028004002000011016
1 16.9602 028004002000011016 7325350.0 016002001007012009
1 7325350.0 016002001007012009 957419.0 016002000007012009
1 957419.0 016002000007012009 16.9602 028004002000011016
1 16.9602 028004002000011016 71045200.0 006006000005020007
1 71045200.0 006006000005020007 9312.19 006006000005020010
1 9312.19 006006000005020010 16.9602 028004002000011016
1 16.9602 028004002000011016 15848.2 006004002020017009
1 15848.2 006004002020017009 16.9602 028004002000011016
1 16.9602 028004002000011016 80.0664 018001000011011009
1 80.0664 018001000011011009 82.1574 001001002012002005
1 82.1574 001001002012002005 16.9602 028004002000011016
1 16.9602 028004002000011016 80.0664 018001000011011009
1 80.0664 018001000011011009 140765.05 004000002003019010
1 140765.05 004000002003019010 140765.05 004000002003019010
1 140765.05 004000002003019010 16.9602 028004002000011016
1 16.9602 028004002000011016 671.028 025006002012020009
1 671.028 025006002012020009 16.9602 028004002000011016
1 16.9602 028004002000011016 80.0664 018001000011011009
1 80.0664 018001000011011009 16996.4 005006001012013007
1 16996.4 005006001012013007 16996.4 005006001012013007
1 16996.4 005006001012013007 16.9602 028004002000011016
1 16.9602 028004002000011016 1445650000.0 028006001001017007
1 1445650000.0 028006001001017007 123907000.0 028006001001017015
1 123907000.0 028006001001017015 16.9602 028004002000011016
1 16.9602 028004002000011016 6476870.25 024004001021022000
1 6476870.25 024004001021022000 6476870.25 024004001021022000
1 6476870.25 024004001021022000 16.9602 028004002000011016
1 16.9602 028004002000011016 2769590.0 004006002004022004
1 2769590.0 004006002004022004 28756.7 004006002003022004
1 28756.7 004006002003022004 16.9602 028004002000011016
1 16.9602 028004002000011016 14099300000.0 018006000002014007
1 14099300000.0 018006000002014007 85409.2 010006000002014007
1 85409.2 010006000002014007 16.9602 028004002000011016
1 16.9602 028004002000011016 13176.8 014003001010008007
1 13176.8 014003001010008007 95.7811 014003001010008013
1 95.7811 014003001010008013 16.9602 028004002000011016
1 16.9602 028004002000011016 1975550.0 005002000003013005
1 1975550.0 005002000003013005 55213.4 005002000003000005
1 55213.4 005002000003000005 16.9602 028004002000011016
1 16.9602 028004002000011016 110542.135 001005001012011009
1 110542.135 001005001012011009 110542.135 001005001012011009
1 110542.135 001005001012011009 16.9602 028004002000011016
1 16.9602 028004002000011016 2457040000.0 010003002003012009
1 2457040000.0 010003002003012009 37101.1 018003002003012009
1 37101.1 018003002003012009 16.9602 028004002000011016
1 16.9602 028004002000011016 456396.0 010004002012013007
1 456396.0 010004002012013007 22408.7 012004002012013007
1 22408.7 012004002012013007 16.9602 028004002000011016
1 16.9602 028004002000011016 6345470.0 011004001012009003
1 6345470.0 011004001012009003 24172.0 011004002012009003
1 24172.0 011004002012009003 16.9602 028004002000011016
1 16.9602 028004002000011016 657086000.0 004006002003022001
1 657086000.0 004006002003022001 583616000.0 031006002003022001
1 583616000.0 031006002003022001 16.9602 028004002000011016
1 16.9602 028004002000011016 30104.3 025006000005019008
1 30104.3 025006000005019008 24285.5 021006000005019008
1 24285.5 021006000005019008 16.9602 028004002000011016
1 16.9602 028004002000011016 854207.0 004000002021024004
1 854207.0 004000002021024004 642548.0 004000002021024001
1 642548.0 004000002021024001 16.9602 028004002000011016
1 16.9602 028004002000011016 1397770000.0 011002001002011009
1 1397770000.0 011002001002011009 4264340.0 008002001002011009
1 4264340.0 008002001002011009 16.9602 028004002000011016
1 16.9602 028004002000011016 16858.6 010006001024014003
1 16858.6 010006001024014003 16858.6 010006001024014003
1 16858.6 010006001024014003 16.9602 028004002000011016
1 16.9602 028004002000011016 58601.7 005006000003011000
1 58601.7 005006000003011000 53652.4 005006000003011001
1 53652.4 005006000003011001 16.9602 028004002000011016
1 16.9602 028004002000011016 74298.7 024006001010008004
1 74298.7 024006001010008004 16.9602 028004002000011016
1 16.9602 028004002000011016 80.0664 018001000011011009
1 80.0664 018001000011011009 3891600000.0 025004002024011003
1 3891600000.0 025004002024011003 101877000.0 025004002019011003
1 101877000.0 025004002019011003 16.9602 028004002000011016
1 16.9602 028004002000011016 248941000.0 020006002010009001
1 248941000.0 020006002010009001 89662600.0 020006002010009018
1 89662600.0 020006002010009018 16.9602 028004002000011016
1 16.9602 028004002000011016 18018.1 001006001012013009
1 18018.1 001006001012013009 16.9602 028004002000011016
1 16.9602 028004002000011016 80.0664 018001000011011009
1 80.0664 018001000011011009 41445800.0 024001001012020000
1 41445800.0 024001001012020000 1290900.0 024001001012020016
1 1290900.0 024001001012020016 16.9602 028004002000011016
1 16.9602 028004002000011016 184151.0 001005001012012009
1 184151.0 001005001012012009 184151.0 001005001012012009
1 184151.0 001005001012012009 16.9602 028004002000011016
1 16.9602 028004002000011016 37744300.0 026001000012009003
1 37744300.0 026001000012009003 7877090.0 008001000012009003
1 7877090.0 008001000012009003 16.9602 028004002000011016
1 16.9602 028004002000011016 75098300.0 018002001003007003
1 75098300.0 018002001003007003 66939.5 018006001003007003
1 66939.5 018006001003007003 16.9602 028004002000011016
1 16.9602 028004002000011016 37044.6 006006000005017009
1 37044.6 006006000005017009 21777.5 026006000005017009
1 21777.5 026006000005017009 16.9602 028004002000011016
1 16.9602 028004002000011016 20982500.0 024006002021013009
1 20982500.0 024006002021013009 21204.0 024006002021013010
1 21204.0 024006002021013010 16.9602 028004002000011016
1 16.9602 028004002000011016 56.6121 008004002020013004
1 56.6121 008004002020013004 16.9602 028004002000011016
1 16.9602 028004002000011016 80.0664 018001000011011009
1 80.0664 018001000011011009 18656.6 006004002011017001
1 18656.6 006004002011017001 50.8973 006004002013017001
1 50.8973 006004002013017001 16.9602 028004002000011016
1 16.9602 028004002000011016 1669005.0 006001001012008005
1 1669005.0 006001001012008005 1669005.0 006001001012008005
1 1669005.0 006001001012008005 16.9602 028004002000011016
1 16.9602 028004002000011016 98342800.0 014005000000012006
1 98342800.0 014005000000012006 14631800.0 014005000000012005
1 14631800.0 014005000000012005 16.9602 028004002000011016
1 16.9602 028004002000011016 46013.3 025002002020012006
1 46013.3 025002002020012006 7171.19 025002002020011006
1 7171.19 025002002020011006 16.9602 028004002000011016
1 16.9602 028004002000011016 28653.4 025006000024005009
1 28653.4 025006000024005009 13600.8 025006000019005009
1 13600.8 025006000019005009 16.9602 028004002000011016
1 16.9602 028004002000011016 1298220.0 001001001004002001
1 1298220.0 001001001004002001 16615.6 001001001004014001
1 16615.6 001001001004014001 16.9602 028004002000011016
1 16.9602 028004002000011016 44794000.0 028004002004014007
1 44794000.0 028004002004014007 3144.54 007004002004014007
1 3144.54 007004002004014007 16.9602 028004002000011016
1 16.9602 028004002000011016 6958190000.0 016006000020013005
1 6958190000.0 016006000020013005 71160400.0 016006000020013003
1 71160400.0 016006000020013003 16.9602 028004002000011016
1 16.9602 028004002000011016 112382.0 016006002020008001
1 112382.0 016006002020008001 42980.1 016000002020008001
1 42980.1 016000002020008001 16.9602 028004002000011016
1 16.9602 028004002000011016 706669000.0 004006001000008009
1 706669000.0 004006001000008009 18939.6 004006001000008000
1 18939.6 004006001000008000 16.9602 028004002000011016
1 16.9602 028004002000011016 657450000.0 004006001012014001
1 657450000.0 004006001012014001 740890.0 004006001012014003
1 740890.0 004006001012014003 16.9602 028004002000011016
1 16.9602 028004002000011016 41791.1 025006000012020002
1 41791.1 025006000012020002 41580.2 025006000020020002
1 41580.2 025006000020020002 16.9602 028004002000011016
1 16.9602 028004002000011016 44483000.0 005004000002019001
1 44483000.0 005004000002019001 40242.6 005004000002001001
1 40242.6 005004000002001001 16.9602 028004002000011016
1 16.9602 028004002000011016 21718.1 003005001019005000
1 21718.1 003005001019005000 7944.77 003005001004005000
1 7944.77 003005001004005000 16.9602 028004002000011016
1 16.9602 028004002000011016 8061.58 003001001021004010
1 8061.58 003001001021004010 21.9763 001001001021004010
1 21.9763 001001001021004010 16.9602 028004002000011016
1 16.9602 028004002000011016 404863.0 003005000019020006
1 404863.0 003005000019020006 218909.0 015005000019020006
1 218909.0 015005000019020006 16.9602 028004002000011016
1 16.9602 028004002000011016 24559900.0 040001001018019007
1 24559900.0 040001001018019007 7513.06 040001001024019007
1 7513.06 040001001024019007 16.9602 028004002000011016
1 16.9602 028004002000011016 3823900.0 028004000012017000
1 3823900.0 028004000012017000 8146.19 028004000012007000
1 8146.19 028004000012007000 16.9602 028004002000011016
1 16.9602 028004002000011016 41735.3 011002001020019009
1 41735.3 011002001020019009 20565.9 020002001020019009
1 20565.9 020002001020019009 16.9602 028004002000011016
1 16.9602 028004002000011016 63.4309 007001002012008013
1 63.4309 007001002012008013 60.8789 019001002012008013
1 60.8789 019001002012008013 16.9602 028004002000011016
1 16.9602 028004002000011016 930591.0 001001002012005001
1 930591.0 001001002012005001 15063.2 001005002012005001
1 15063.2 001005002012005001 16.9602 028004002000011016
1 16.9602 028004002000011016 12994079.895 006001002000008000
1 12994079.895 006001002000008000 16.343 006001002000008011
1 16.343 006001002000008011 16.9602 028004002000011016
1 16.9602 028004002000011016 10151400000.0 040004001004004004
1 10151400000.0 040004001004004004 29045.6 040004001009004004
1 29045.6 040004001009004004 16.343 006001002000008011
1 16.343 006001002000008011 629192.0 001002002002017005
1 629192.0 001002002002017005 275632.0 001002002002010005
1 275632.0 001002002002010005 16.343 006001002000008011
1 16.343 006001002000008011 104.683 001001001000014007
1 104.683 001001001000014007 55.5276 001001001000014002
1 55.5276 001001001000014002 16.343 006001002000008011
1 16.343 006001002000008011 354033000.0 028006001000011007
1 354033000.0 028006001000011007 42089.1 028003001000011007
1 42089.1 028003001000011007 16.343 006001002000008011
1 16.343 006001002000008011 7617810237.2 011006002021001007
1 7617810237.2 011006002021001007 7617810237.2 011006002021001007
1 7617810237.2 011006002021001007 16.343 006001002000008011
1 16.343 006001002000008011 19819200.0 025004000020007000
1 19819200.0 025004000020007000 12270600.0 025000000020007000
1 12270600.0 025000000020007000 16.343 006001002000008011
1 16.343 006001002000008011 112816000.0 006006002009014009
1 112816000.0 006006002009014009 38268100.0 006006002020014009
1 38268100.0 006006002020014009 16.343 006001002000008011
1 16.343 006001002000008011 7662.97 026001001015008010
1 7662.97 026001001015008010 16.343 006001002000008011
1 16.343 006001002000008011 16.9602 028004002000011016
1 16.9602 028004002000011016 13497.3 001004000010014000
1 13497.3 001004000010014000 6949.56 025004000010014000
1 6949.56 025004000010014000 16.343 006001002000008011
1 16.343 006001002000008011 3203410000.0 018004000012008003
1 3203410000.0 018004000012008003 52161000.0 018004002012008003
1 52161000.0 018004002012008003 16.343 006001002000008011
1 16.343 006001002000008011 4552150.0 018003002012020016
1 4552150.0 018003002012020016 1233340.0 018003002023020016
1 1233340.0 018003002023020016 16.343 006001002000008011
1 16.343 006001002000008011 5452730000.0 025006001012008013
1 5452730000.0 025006001012008013 5362600.0 025005001012008013
1 5362600.0 025005001012008013 16.343 006001002000008011
1 16.343 006001002000008011 66919500.0 011000002010014000
1 66919500.0 011000002010014000 30815200.0 011000002011014000
1 30815200.0 011000002011014000 16.343 006001002000008011
1 16.343 006001002000008011 149107000.0 018001001000014000
1 149107000.0 018001001000014000 17692.2 018001002000014000
1 17692.2 018001002000014000 16.343 006001002000008011
1 16.343 006001002000008011 8004980.0 006004002012013000
1 8004980.0 006004002012013000 18496.0 006004002012013003
1 18496.0 006004002012013003 16.343 006001002000008011
1 16.343 006001002000008011 809255.0 007001001019011006
1 809255.0 007001001019011006 8165.33 007001001019011007
1 8165.33 007001001019011007 16.343 006001002000008011
1 16.343 006001002000008011 3736.11 014004000012020003
1 3736.11 014004000012020003 401.173 014004000012022003
1 401.173 014004000012022003 16.343 006001002000008011
1 16.343 006001002000008011 19362100.0 014006000005011009
1 19362100.0 014006000005011009 19118.0 014006000005012009
1 19118.0 014006000005012009 16.343 006001002000008011
1 16.343 006001002000008011 3309240.0 005001002004014011
1 3309240.0 005001002004014011 2133080.0 005001002004014009
1 2133080.0 005001002004014009 16.343 006001002000008011
1 16.343 006001002000008011 758384.0 003005001013014003
1 758384.0 003005001013014003 47128.3 025005001013014003
1 47128.3 025005001013014003 16.343 006001002000008011
1 16.343 006001002000008011 155527.0 006004002012014000
1 155527.0 006004002012014000 4944.92 006004002012010000
1 4944.92 006004002012010000 16.343 006001002000008011
1 16.343 006001002000008011 321097.0 005005002012013010
1 321097.0 005005002012013010 184.418 005005002001013010
1 184.418 005005002001013010 16.343 006001002000008011
1 16.343 006001002000008011 5679120000.0 028004002020014000
1 5679120000.0 028004002020014000 51592400.0 028004002020022000
1 51592400.0 028004002020022000 16.343 006001002000008011
1 16.343 006001002000008011 14069.9 025001001000020009
1 14069.9 025001001000020009 9020.53 025001001000020005
1 9020.53 025001001000020005 16.343 006001002000008011
1 16.343 006001002000008011 229185.0 001004001021019010
1 229185.0 001004001021019010 223835.0 001004001021019011
1 223835.0 001004001021019011 16.343 006001002000008011
1 16.343 006001002000008011 388066.0 001001001000013006
1 388066.0 001001001000013006 160740.0 001001001011013006
1 160740.0 001001001011013006 16.343 006001002000008011
1 16.343 006001002000008011 1846060.0 014000002020022010
1 1846060.0 014000002020022010 16959.7 034000002020022010
1 16959.7 034000002020022010 16.343 006001002000008011
1 16.343 006001002000008011 251557.0 001001001000011004
1 251557.0 001001001000011004 21037.2 001001001023011004
1 21037.2 001001001023011004 16.343 006001002000008011
1 16.343 006001002000008011 13230.8 025001001021020003
1 13230.8 025001001021020003 10426.5 025004001021020003
1 10426.5 025004001021020003 16.343 006001002000008011
1 16.343 006001002000008011 85.4676 001001002000013011
1 85.4676 001001002000013011 8.50313 001001002000013004
1 8.50313 001001002000013004 16.343 006001002000008011
1 16.343 006001002000008011 2370020.0 028001000012014004
1 2370020.0 028001000012014004 2148930.0 023001000012014004
1 2148930.0 023001000012014004 8.50313 001001002000013004
1 8.50313 001001002000013004 17391.7 006001000012008013
1 17391.7 006001000012008013 8431.79 012001000012008013
1 8431.79 012001000012008013 8.50313 001001002000013004
1 8.50313 001001002000013004 12634158.055 026004001000020007
1 12634158.055 026004001000020007 12634158.055 026004001000020007
1 12634158.055 026004001000020007 8.50313 001001002000013004
1 8.50313 001001002000013004 2049.74 001001000000008010
1 2049.74 001001000000008010 54.1291 001001000000011010
1 54.1291 001001000000011010 8.50313 001001002000013004
1 8.50313 001001002000013004 13162900000.0 028004001000002004
1 13162900000.0 028004001000002004 11784100000.0 028004002000002004
1 11784100000.0 028004002000002004 8.50313 001001002000013004
1 8.50313 001001002000013004 388777000.0 040006001000008009
1 388777000.0 040006001000008009 194056000.0 040006001007008009
1 194056000.0 040006001007008009 8.50313 001001002000013004
1 8.50313 001001002000013004 12994079.895 006001002000008000
1 12994079.895 006001002000008000 67038.2 006001000000008000
1 67038.2 006001000000008000 8.50313 001001002000013004
1 8.50313 001001002000013004 73.6593 014004002000013011
1 73.6593 014004002000013011 58.2216 014004002000013017
1 58.2216 014004002000013017 8.50313 001001002000013004
1 8.50313 001001002000013004 635153.0 005004001011011011
1 635153.0 005004001011011011 41523.7 005004001011011006
1 41523.7 005004001011011006 8.50313 001001002000013004
1 8.50313 001001002000013004 6652450.0 014001001019013000
1 6652450.0 014001001019013000 6046000.0 014001001019021000
1 6046000.0 014001001019021000 8.50313 001001002000013004
1 8.50313 001001002000013004 23799.8 014002002010013002
1 23799.8 014002002010013002 9379.42 014002002010009002
1 9379.42 014002002010009002 8.50313 001001002000013004
1 8.50313 001001002000013004 41.1067 001004000012020010
1 41.1067 001004000012020010 41.1067 001004000012020010
1 41.1067 001004000012020010 8.50313 001001002000013004
1 8.50313 001001002000013004 463646.0 005004000012004010
1 463646.0 005004000012004010 452319.0 005004000012004007
1 452319.0 005004000012004007 8.50313 001001002000013004
1 8.50313 001001002000013004 830088423.2 025001000012004009
1 830088423.2 025001000012004009 830088423.2 025001000012004009
1 830088423.2 025001000012004009 8.50313 001001002000013004
1 8.50313 001001002000013004 12144000000.0 025006002000011013
1 12144000000.0 025006002000011013 404874000.0 025006002000001013
1 404874000.0 025006002000001013 8.50313 001001002000013004
1 8.50313 001001002000013004 81806300.0 040004002000019004
1 81806300.0 040004002000019004 24342.9 005004002000019004
1 24342.9 005004002000019004 8.50313 001001002000013004
1 8.50313 001001002000013004 34686.3 006002002000017009
1 34686.3 006002002000017009 12297.4 006002002000017005
1 12297.4 006002002000017005 8.50313 001001002000013004
1 8.50313 001001002000013004 9744630.0 014004002012014006
1 9744630.0 014004002012014006 7202130.0 014004002014014006
1 7202130.0 014004002014014006 8.50313 001001002000013004
1 8.50313 001001002000013004 18308.2 008001001018008010
1 18308.2 008001001018008010 8.50313 001001002000013004
1 8.50313 001001002000013004 16.343 006001002000008011
1 16.343 006001002000008011 13399.0 001004002013020007
1 13399.0 001004002013020007 101.98 001004002013020006
1 101.98 001004002013020006 8.50313 001001002000013004
1 8.50313 001001002000013004 9519660000.0 018002002002008009
1 9519660000.0 018002002002008009 118231000.0 018002002002012009
1 118231000.0 018002002002012009 8.50313 001001002000013004
1 8.50313 001001002000013004 1293180.0 001005000000020013
1 1293180.0 001005000000020013 3325.21 001005000000010013
1 3325.21 001005000000010013 8.50313 001001002000013004
1 8.50313 001001002000013004 151584000.0 026001001000020006
1 151584000.0 026001001000020006 72646700.0 019001001000020006
1 72646700.0 019001001000020006 8.50313 001001002000013004
1 8.50313 001001002000013004 7618880.0 007001000013014017
1 7618880.0 007001000013014017 3450110.0 007001000013022017
1 3450110.0 007001000013022017 8.50313 001001002000013004
1 8.50313 001001002000013004 29208600.0 040003000012011016
1 29208600.0 040003000012011016 10370.2 015003000012011016
1 10370.2 015003000012011016 8.50313 001001002000013004
1 8.50313 001001002000013004 3245670.0 005004000012008010
1 3245670.0 005004000012008010 2723.85 005004001012008010
1 2723.85 005004001012008010 8.50313 001001002000013004
1 8.50313 001001002000013004 5832420000.0 014002002021007006
1 5832420000.0 014002002021007006 23376300.0 014002002018007006
1 23376300.0 014002002018007006 8.50313 001001002000013004
1 8.50313 001001002000013004 357659.0 001001001000013004
1 357659.0 001001001000013004 678.709 001001001000013001
1 678.709 001001001000013001 8.50313 001001002000013004
1 8.50313 001001002000013004 40200500.0 040002002004013007
1 40200500.0 040002002004013007 34437.3 040002002004013002
1 34437.3 040002002004013002 8.50313 001001002000013004
1 8.50313 001001002000013004 1162420.0 001001000012020011
1 1162420.0 001001000012020011 7379.03 001004000012020011
1 7379.03 001004000012020011 8.50313 001001002000013004
1 8.50313 001001002000013004 16264.2 006001002012002017
1 16264.2 006001002012002017 12456.5 006004002012002017
1 12456.5 006004002012002017 8.50313 001001002000013004
1 8.50313 001001002000013004 8090.07 001001002012011000
1 8090.07 001001002012011000 8.50313 001001002000013004
1 8.50313 001001002000013004 16.343 006001002000008011
1 16.343 006001002000008011 6490.99 040002000002020004
1 6490.99 040002000002020004 1872.74 040005000002020004
1 1872.74 040005000002020004 8.50313 001001002000013004
1 8.50313 001001002000013004 4785890.0 014001000000013013
1 4785890.0 014001000000013013 7044.63 014001000007013013
1 7044.63 014001000007013013 8.50313 001001002000013004
1 8.50313 001001002000013004 5991040.0 007005002000017001
1 5991040.0 007005002000017001 1875500.0 007005002000022001
1 1875500.0 007005002000022001 8.50313 001001002000013004
1 8.50313 001001002000013004 22222.6 006004002010014010
1 22222.6 006004002010014010 65.9666 006004000010014010
1 65.9666 006004000010014010 8.50313 001001002000013004
1 8.50313 001001002000013004 7043590.0 006001002000005010
1 7043590.0 006001002000005010 27990.4 039001002000005010
1 27990.4 039001002000005010 8.50313 001001002000013004
1 8.50313 001001002000013004 103263850.0 039001000000014007
1 103263850.0 039001000000014007 103263850.0 039001000000014007
1 103263850.0 039001000000014007 8.50313 001001002000013004
1 8.50313 001001002000013004 21115.0 018001002000020001
1 21115.0 018001002000020001 8.50313 001001002000013004
1 8.50313 001001002000013004 16.343 006001002000008011
1 16.343 006001002000008011 594622.0 001004002002014010
1 594622.0 001004002002014010 552297.0 002004002002014010
1 552297.0 002004002002014010 8.50313 001001002000013004
1 8.50313 001001002000013004 347256.0 001004002012008000
1 347256.0 001004002012008000 271008.0 001004002012001000
1 271008.0 001004002012001000 8.50313 001001002000013004
1 8.50313 001001002000013004 9791820.0 014004002002014004
1 9791820.0 014004002002014004 1979650.0 014004002002016004
1 1979650.0 014004002002016004 8.50313 001001002000013004
1 8.50313 001001002000013004 64556200.0 028004001012008004
1 64556200.0 028004001012008004 20314.3 028004001012008008
1 20314.3 028004001012008008 8.50313 001001002000013004
1 8.50313 001001002000013004 13757100000.0 006006000000011016
1 13757100000.0 006006000000011016 7671380000.0 006006000000015016
1 7671380000.0 006006000000015016 8.50313 001001002000013004
1 8.50313 001001002000013004 4140290.0 014005000000020005
1 4140290.0 014005000000020005 402.724 014005000000020004
1 402.724 014005000000020004 8.50313 001001002000013004
1 8.50313 001001002000013004 7181.33 008001000015008009
1 7181.33 008001000015008009 8.50313 001001002000013004
1 8.50313 001001002000013004 16.343 006001002000008011
1 16.343 006001002000008011 398559000.0 028000002012013001
1 398559000.0 028000002012013001 151840.0 005000002012013001
1 151840.0 005000002012013001 8.50313 001001002000013004
1 8.50313 001001002000013004 3111160.0 014001000021020010
1 3111160.0 014001000021020010 460460.0 014001000006020010
1 460460.0 014001000006020010 8.50313 001001002000013004
1 8.50313 001001002000013004 1412890.0 006001001012010009
1 1412890.0 006001001012010009 13059.4 006001001012007009
1 13059.4 006001001012007009 8.50313 001001002000013004
1 8.50313 001001002000013004 6611289.0 007001000012017001
1 6611289.0 007001000012017001 6611289.0 007001000012017001
1 6611289.0 007001000012017001 8.50313 001001002000013004
1 8.50313 001001002000013004 3160080.0 001003000000020017
1 3160080.0 001003000000020017 2755420.0 001003001000020017
1 2755420.0 001003001000020017 8.50313 001001002000013004
1 8.50313 001001002000013004 57151900.0 025002000010008005
1 57151900.0 025002000010008005 10391.1 025002000019008005
1 10391.1 025002000019008005 8.50313 001001002000013004
1 8.50313 001001002000013004 18510.4 001002000012020006
1 18510.4 001002000012020006 62.7252 001002000022020006
1 62.7252 001002000022020006 8.50313 001001002000013004
1 8.50313 001001002000013004 1249090.0 014001002015013017
1 1249090.0 014001002015013017 49507.9 014006002015013017
1 49507.9 014006002015013017 8.50313 001001002000013004
1 8.50313 001001002000013004 5572280.0 026004000000010013
1 5572280.0 026004000000010013 65.4034 026000000000010013
1 65.4034 026000000000010013 8.50313 001001002000013004
1 8.50313 001001002000013004 632210.0 006000000001013013
1 632210.0 006000000001013013 7428.81 006000002001013013
1 7428.81 006000002001013013 8.50313 001001002000013004
1 8.50313 001001002000013004 1550120.0 026001000000020010
1 1550120.0 026001000000020010 624594.0 026001000008020010
1 624594.0 026001000008020010 8.50313 001001002000013004
1 8.50313 001001002000013004 106.046 014001000012010011
1 106.046 014001000012010011 8.50313 001001002000013004
1 8.50313 001001002000013004 16.343 006001002000008011
1 16.343 006001002000008011 1478590.0 006005000022010009
1 1478590.0 006005000022010009 272369.0 006005000022010008
1 272369.0 006005000022010008 8.50313 001001002000013004
1 8.50313 001001002000013004 584849.0 001001001019011009
1 584849.0 001001001019011009 17616.5 037001001019011009
1 17616.5 037001001019011009 8.50313 001001002000013004
1 8.50313 001001002000013004 758013.0 040004002012008017
1 758013.0 040004002012008017 203.708 040004002012017017
1 203.708 040004002012017017 8.50313 001001002000013004
1 8.50313 001001002000013004 2329430.0 014004000002022006
1 2329430.0 014004000002022006 9933.49 014002000002022006
1 9933.49 014002000002022006 8.50313 001001002000013004
1 8.50313 001001002000013004 10466000.0 014001000012013009
1 10466000.0 014001000012013009 2833920.0 014001000012013008
1 2833920.0 014001000012013008 8.50313 001001002000013004
1 8.50313 001001002000013004 42428200.0 014001000012008007
1 42428200.0 014001000012008007 1317.69 014001000012022007
1 1317.69 014001000012022007 8.50313 001001002000013004
1 8.50313 001001002000013004 415362.0 001004000000013006
1 415362.0 001004000000013006 224853.0 001004000015013006
1 224853.0 001004000015013006 8.50313 001001002000013004
1 8.50313 001001002000013004 6974640.0 006004002012008003
1 6974640.0 006004002012008003 41043.0 006004002012010003
1 41043.0 006004002012010003 8.50313 001001002000013004
1 8.50313 001001002000013004 7049900.0 014004001012008007
1 7049900.0 014004001012008007 6848500.0 014004002012008007
1 6848500.0 014004002012008007 8.50313 001001002000013004
1 8.50313 001001002000013004 7561.63 018001001018008006
1 7561.63 018001001018008006 8.50313 001001002000013004
1 8.50313 001001002000013004 16.343 006001002000008011
1 16.343 006001002000008011 17381.8 001000002000020006
1 17381.8 001000002000020006 40.9017 001000002000019006
1 40.9017 001000002000019006 8.50313 001001002000013004
1 8.50313 001001002000013004 2742125.0 026000000000014006
1 2742125.0 026000000000014006 2742125.0 026000000000014006
1 2742125.0 026000000000014006 8.50313 001001002000013004
1 8.50313 001001002000013004 10553.7 011001001020020013
1 10553.7 011001001020020013 6104.97 009001001020020013
1 6104.97 009001001020020013 8.50313 001001002000013004
1 8.50313 001001002000013004 175505.0 001004000000019005
1 175505.0 001004000000019005 12147.9 001003000000019005
1 12147.9 001003000000019005 8.50313 001001002000013004
1 8.50313 001001002000013004 10460.2 003001002013011010
1 10460.2 003001002013011010 3216.86 005001002013011010
1 3216.86 005001002013011010 8.50313 001001002000013004
1 8.50313 001001002000013004 213538.0 006001002012013004
1 213538.0 006001002012013004 17682.5 006001002004013004
1 17682.5 006001002004013004 8.50313 001001002000013004
1 8.50313 001001002000013004 99.6635 005001000000019010
1 99.6635 005001000000019010 11.6442 005001000000010010
1 11.6442 005001000000010010 8.50313 001001002000013004
1 8.50313 001001002000013004 124038.0 001000002000022007
1 124038.0 001000002000022007 19162.3 001000000000022007
1 19162.3 001000000000022007 8.50313 001001002000013004
1 8.50313 001001002000013004 1806230.0 019004002012022007
1 1806230.0 019004002012022007 1523820.0 019004002012022017
1 1523820.0 019004002012022017 8.50313 001001002000013004
1 8.50313 001001002000013004 24.4102 005004000019017010
1 24.4102 005004000019017010 8.50313 001001002000013004
1 8.50313 001001002000013004 11.6442 005001000000010010
1 11.6442 005001000000010010 196859.0 018004000010019002
1 196859.0 018004000010019002 19846.8 018004000010013002
1 19846.8 018004000010013002 8.50313 001001002000013004
1 8.50313 001001002000013004 291496000.0 001002000002014002
1 291496000.0 001002000002014002 4794180.0 001002000006014002
1 4794180.0 001002000006014002 8.50313 001001002000013004
1 8.50313 001001002000013004 12976.185 040001001000020011
1 12976.185 040001001000020011 12976.185 040001001000020011
1 12976.185 040001001000020011 8.50313 001001002000013004
1 8.50313 001001002000013004 43.7348 006005002012020013
1 43.7348 006005002012020013 43.7348 006005002012020013
1 43.7348 006005002012020013 8.50313 001001002000013004
1 8.50313 001001002000013004 40.6863 001005001021017011
1 40.6863 001005001021017011 8.50313 001001002000013004
1 8.50313 001001002000013004 11.6442 005001000000010010
1 11.6442 005001000000010010 518.58 006001002019008007
1 518.58 006001002019008007 137.729 006001002019024007
1 137.729 006001002019024007 8.50313 001001002000013004
1 8.50313 001001002000013004 28.5845 011005000011008003
1 28.5845 011005000011008003 8.50313 001001002000013004
1 8.50313 001001002000013004 11.6442 005001000000010010
1 11.6442 005001000000010010 2753230.0 019001000000020007
1 2753230.0 019001000000020007 12104.2 019001000000001007
1 12104.2 019001000000001007 8.50313 001001002000013004
1 8.50313 001001002000013004 799777.0 001001000000013006
1 799777.0 001001000000013006 4066.57 001000000000013006
1 4066.57 001000000000013006 8.50313 001001002000013004
1 8.50313 001001002000013004 2186460.0 014001000021020011
1 2186460.0 014001000021020011 383170.0 014000000021020011
1 383170.0 014000000021020011 8.50313 001001002000013004
1 8.50313 001001002000013004 440810.0 001004000000019010
1 440810.0 001004000000019010 438678.0 001004000000014010
1 438678.0 001004000000014010 8.50313 001001002000013004
1 8.50313 001001002000013004 1578880.0 014001001012014010
1 1578880.0 014001001012014010 10178.3 014001002012014010
1 10178.3 014001002012014010 8.50313 001001002000013004
1 8.50313 001001002000013004 14289800.0 006001002000011002
1 14289800.0 006001002000011002 268330.0 006001002010011002
1 268330.0 006001002010011002 8.50313 001001002000013004
1 8.50313 001001002000013004 168073.0 001005002019011001
1 168073.0 001005002019011001 49452.6 026005002019011001
1 49452.6 026005002019011001 8.50313 001001002000013004
1 8.50313 001001002000013004 144880.0 001001001021020007
1 144880.0 001001001021020007 8.50313 001001002000013004
1 8.50313 001001002000013004 11.6442 005001000000010010
1 11.6442 005001000000010010 40613.3 001005002010013001
1 40613.3 001005002010013001 14248.1 001005002012013001
1 14248.1 001005002012013001 8.50313 001001002000013004
1 8.50313 001001002000013004 745984.0 001001001004011011
1 745984.0 001001001004011011 7665.06 016001001004011011
1 7665.06 016001001004011011 8.50313 001001002000013004
1 8.50313 001001002000013004 7098470000.0 026004001000010007
1 7098470000.0 026004001000010007 165934000.0 026004001000009007
1 165934000.0 026004001000009007 8.50313 001001002000013004
1 8.50313 001001002000013004 43.6641 005005001012020011
1 43.6641 005005001012020011 8.50313 001001002000013004
1 8.50313 001001002000013004 11.6442 005001000000010010
1 11.6442 005001000000010010 8642300.0 014001001011020006
1 8642300.0 014001001011020006 8037.46 014001001011020017
1 8037.46 014001001011020017 8.50313 001001002000013004
1 8.50313 001001002000013004 25149.4 014001002010020006
1 25149.4 014001002010020006 136.884 014001000010020006
1 136.884 014001000010020006 8.50313 001001002000013004
1 8.50313 001001002000013004 3316210.0 005001002021020001
1 3316210.0 005001002021020001 2054180.0 005001002015020001
1 2054180.0 005001002015020001 8.50313 001001002000013004
1 8.50313 001001002000013004 655934.0 014004000000020004
1 655934.0 014004000000020004 37912.0 014002000000020004
1 37912.0 014002000000020004 8.50313 001001002000013004
1 8.50313 001001002000013004 316459.0 001005002018017004
1 316459.0 001005002018017004 12509.4 001003002018017004
1 12509.4 001003002018017004 8.50313 001001002000013004
1 8.50313 001001002000013004 1334700.0 001001000010020011
1 1334700.0 001001000010020011 316843.0 001001000010020004
1 316843.0 001001000010020004 8.50313 001001002000013004
1 8.50313 001001002000013004 57283400.0 040001001010017007
1 57283400.0 040001001010017007 10420.8 013001001010017007
1 10420.8 013001001010017007 8.50313 001001002000013004
1 8.50313 001001002000013004 11733.5 014001002012017011
1 11733.5 014001002012017011 8.50313 001001002000013004
1 8.50313 001001002000013004 11.6442 005001000000010010
1 11.6442 005001000000010010 592664.0 006001000000022009
1 592664.0 006001000000022009 324476.0 002001000000022009
1 324476.0 002001000000022009 8.50313 001001002000013004
1 8.50313 001001002000013004 15017900000.0 018006002000013007
1 15017900000.0 018006002000013007 448455000.0 018006002009013007
1 448455000.0 018006002009013007 8.50313 001001002000013004
2 8.50313 001001002000013004 35339.0 028006001019024001
2 35339.0 028006001019024001 10216.7 028006001019024005
2 10216.7 028006001019024005 71.5991 002004000012018007
2 71.5991 002004000012018007 135024.9185 026002000010018007
2 135024.9185 026002000010018007 135024.9185 026002000010018007
2 135024.9185 026002000010018007 71.5991 002004000012018007
2 71.5991 002004000012018007 6781.64 001005002010007000
2 6781.64 001005002010007000 93.4575 001005002010020000
2 93.4575 001005002010020000 71.5991 002004000012018007
2 71.5991 002004000012018007 97350200.0 028004002004004008
2 97350200.0 028004002004004008 7893.72 002004002004004008
2 7893.72 002004002004004008 71.5991 002004000012018007
2 71.5991 002004000012018007 745450.0 004002001015025002
2 745450.0 004002001015025002 41474.2 027002001015025002
2 41474.2 027002001015025002 71.5991 002004000012018007
2 71.5991 002004000012018007 11950.6 001001001004005005
2 11950.6 001001001004005005 9.2438 001001001002005005
2 9.2438 001001001002005005 71.5991 002004000012018007
2 71.5991 002004000012018007 312638000.0 001003000006005005
2 312638000.0 001003000006005005 17108.0 001002000006005005
2 17108.0 001002000006005005 9.2438 001001001002005005
2 9.2438 001001001002005005 10582.2 004001002010025008
2 10582.2 004001002010025008 9.2438 001001001002005005
2 9.2438 001001001002005005 71.5991 002004000012018007
2 71.5991 002004000012018007 24995.7 010001001013003008
2 24995.7 010001001013003008 9.2438 001001001002005005
2 9.2438 001001001002005005 71.5991 002004000012018007
2 71.5991 002004000012018007 3883730.0 024001000011024006
2 3883730.0 024001000011024006 224049.0 004001000011024006
2 224049.0 004001000011024006 9.2438 001001001002005005
2 9.2438 001001001002005005 17397000.0 029005000008010000
2 17397000.0 029005000008010000 1542.84 029005000008010006
2 1542.84 029005000008010006 9.2438 001001001002005005
2 9.2438 001001001002005005 722271.0 001001001010014005
2 722271.0 001001001010014005 18309.6 010001001010014005
2 18309.6 010001001010014005 9.2438 001001001002005005
2 9.2438 001001001002005005 802693.0 002001002023009007
2 802693.0 002001002023009007 293244.0 002004002023009007
2 293244.0 002004002023009007 9.2438 001001001002005005
2 9.2438 001001001002005005 568176.0 001001001019001008
2 568176.0 001001001019001008 407623.0 001001001019001011
2 407623.0 001001001019001011 9.2438 001001001002005005
2 9.2438 001001001002005005 12818300000.0 026003002011004002
2 12818300000.0 026003002011004002 38508.8 026003002011004008
2 38508.8 026003002011004008 9.2438 001001001002005005
2 9.2438 001001001002005005 10632.6 002004001010001006
2 10632.6 002004001010001006 9.2438 001001001002005005
2 9.2438 001001001002005005 71.5991 002004000012018007
2 71.5991 002004000012018007 5273890000.0 023000002010021002
2 5273890000.0 023000002010021002 62169000.0 023000002011021002
2 62169000.0 023000002011021002 9.2438 001001001002005005
2 9.2438 001001001002005005 23241400.0 028002000011001009
2 23241400.0 028002000011001009 15097.9 028002000008001009
2 15097.9 028002000008001009 9.2438 001001001002005005
2 9.2438 001001001002005005 1943880.0 001001000013001011
2 1943880.0 001001000013001011 1438850.0 005001000013001011
2 1438850.0 005001000013001011 9.2438 001001001002005005
2 9.2438 001001001002005005 251777.0 001001001018010008
2 251777.0 001001001018010008 22795.6 001001001018011008
2 22795.6 001001001018011008 9.2438 001001001002005005
2 9.2438 001001001002005005 310254.0 004001001018020002
2 310254.0 004001001018020002 43512.9 025001001018020002
2 43512.9 025001001018020002 9.2438 001001001002005005
2 9.2438 001001001002005005 76.9698 001001000004011005
2 76.9698 001001000004011005 76.9698 001001000004011005
2 76.9698 001001000004011005 9.2438 001001001002005005
2 9.2438 001001001002005005 18252.2 010001001011010007
2 18252.2 010001001011010007 9.2438 001001001002005005
2 9.2438 001001001002005005 76.9698 001001000004011005
2 76.9698 001001000004011005 12393000.0 010001000011020007
2 12393000.0 010001000011020007 4120270.0 010001000011020017
2 4120270.0 010001000011020017 9.2438 001001001002005005
2 9.2438 001001001002005005 213196000.0 040002002023001007
2 213196000.0 040002002023001007 18250.9 040000002023001007
2 18250.9 040000002023001007 9.2438 001001001002005005
2 9.2438 001001001002005005 260485.0 001001001016010005
2 260485.0 001001001016010005 260485.0 001001001016010005
2 260485.0 001001001016010005 9.2438 001001001002005005
2 9.2438 001001001002005005 33993100.0 022002001022000005
2 33993100.0 022002001022000005 38698.9 022002001011000005
2 38698.9 022002001011000005 9.2438 001001001002005005
2 9.2438 001001001002005005 8527520000.0 026004000012005002
2 8527520000.0 026004000012005002 13642.2 026004000012009002
2 13642.2 026004000012009002 9.2438 001001001002005005
2 9.2438 001001001002005005 20947.0 009001000012005005
2 20947.0 009001000012005005 20947.0 009001000012005005
2 20947.0 009001000012005005 9.2438 001001001002005005
2 9.2438 001001001002005005 114.847 001000001013004006
2 114.847 001000001013004006 9.2438 001001001002005005
2 9.2438 001001001002005005 76.9698 001001000004011005
2 76.9698 001001000004011005 1817610.0 008002001018010005
2 1817610.0 008002001018010005 988115.0 008002001018016005
2 988115.0 008002001018016005 9.2438 001001001002005005
2 9.2438 001001001002005005 82694.2 009002002010004005
2 82694.2 009002002010004005 2679.44 001002002010004005
2 2679.44 001002002010004005 9.2438 001001001002005005
2 9.2438 001001001002005005 364462.0 001001002019009008
2 364462.0 001001002019009008 220422.0 001001002020009008
2 220422.0 001001002020009008 9.2438 001001001002005005
2 9.2438 001001001002005005 919004000.0 013002002019022008
2 919004000.0 013002002019022008 1244820.0 013002001019022008
2 1244820.0 013002001019022008 9.2438 001001001002005005
2 9.2438 001001001002005005 184897000.0 028002002016000005
2 184897000.0 028002002016000005 194.434 028002002006000005
2 194.434 028002002006000005 9.2438 001001001002005005
2 9.2438 001001001002005005 32829.3 007001001010005005
2 32829.3 007001001010005005 166.792 007005001010005005
2 166.792 007005001010005005 9.2438 001001001002005005
2 9.2438 001001001002005005 9202750000.0 040001002022000009
2 9202750000.0 040001002022000009 8597.92 040001002022021009
2 8597.92 040001002022021009 9.2438 001001001002005005
2 9.2438 001001001002005005 905246.0 001001002010025005
2 905246.0 001001002010025005 477711.0 001001002010014005
2 477711.0 001001002010014005 9.2438 001001001002005005
2 9.2438 001001001002005005 46141.6 010005001012024000
2 46141.6 010005001012024000 37923.2 010005001004024000
2 37923.2 010005001004024000 9.2438 001001001002005005
2 9.2438 001001001002005005 39626.9 026001001012016000
2 39626.9 026001001012016000 32129.4 026001001012010000
2 32129.4 026001001012010000 9.2438 001001001002005005
2 9.2438 001001001002005005 6633.88 007002002010018005
2 6633.88 007002002010018005 3600.69 007002002010022005
2 3600.69 007002002010022005 9.2438 001001001002005005
2 9.2438 001001001002005005 14386.4 001004002002025009
2 14386.4 001004002002025009 2.71241 001004002002008009
2 2.71241 001004002002008009 9.2438 001001001002005005
2 9.2438 001001001002005005 535570.0 001005002012018008
2 535570.0 001005002012018008 61.8831 001005002009018008
2 61.8831 001005002009018008 2.71241 001004002002008009
2 2.71241 001004002002008009 14322039.8 010002001013016007
2 14322039.8 010002001013016007 14322039.8 010002001013016007
2 14322039.8 010002001013016007 2.71241 001004002002008009
2 2.71241 001004002002008009 29654.6 002001000010001005
2 29654.6 002001000010001005 2.71241 001004002002008009
2 2.71241 001004002002008009 9.2438 001001001002005005
2 9.2438 001001001002005005 154086000.0 026002001012010000
2 154086000.0 026002001012010000 41062.0 026000001012010000
2 41062.0 026000001012010000 2.71241 001004002002008009
2 2.71241 001004002002008009 10092300000.0 029002002022018005
2 10092300000.0 029002002022018005 131228000.0 031002002022018005
2 131228000.0 031002002022018005 2.71241 001004002002008009
2 2.71241 001004002002008009 176137000.0 026005001002010009
2 176137000.0 026005001002010009 26338.4 033005001002010009
2 26338.4 033005001002010009 2.71241 001004002002008009
2 2.71241 001004002002008009 144312000.0 040001000011001005
2 144312000.0 040001000011001005 2175180.0 040001000011018005
2 2175180.0 040001000011018005 2.71241 001004002002008009
2 2.71241 001004002002008009 81604500.0 028002000004001006
2 81604500.0 028002000004001006 29783.9 028002002004001006
2 29783.9 028002002004001006 2.71241 001004002002008009
2 2.71241 001004002002008009 5277.62 021005000008005006
2 5277.62 021005000008005006 1008.89 021005000008005016
2 1008.89 021005000008005016 2.71241 001004002002008009
2 2.71241 001004002002008009 4561010.0 010001000008008005
2 4561010.0 010001000008008005 4561010.0 010001000008008005
2 4561010.0 010001000008008005 2.71241 001004002002008009
2 2.71241 001004002002008009 7639180000.0 004001000006008000
2 7639180000.0 004001000006008000 5646.94 004001001006008000
2 5646.94 004001001006008000 2.71241 001004002002008009
2 2.71241 001004002002008009 13329.0 001001002012001001
2 13329.0 001001002012001001 1801.28 001001002015001001
2 1801.28 001001002015001001 2.71241 001004002002008009
2 2.71241 001004002002008009 199433.0 001002001012021008
2 199433.0 001002001012021008 17206.7 001002001012003008
2 17206.7 001002001012003008 2.71241 001004002002008009
2 2.71241 001004002002008009 267679.0 004004002002025008
2 267679.0 004004002002025008 6454.93 004004000002025008
2 6454.93 004004000002025008 2.71241 001004002002008009
2 2.71241 001004002002008009 458376.0 001001000002016005
2 458376.0 001001000002016005 7725.98 040001000002016005
2 7725.98 040001000002016005 2.71241 001004002002008009
2 2.71241 001004002002008009 4614.14 028001001008008006
2 4614.14 028001001008008006 4244.31 028001001008008013
2 4244.31 028001001008008013 2.71241 001004002002008009
2 2.71241 001004002002008009 181098.5 001001001002025007
2 181098.5 001001001002025007 181098.5 001001001002025007
2 181098.5 001001001002025007 2.71241 001004002002008009
2 2.71241 001004002002008009 638414.0 001005000002010006
2 638414.0 001005000002010006 48.4896 001005000002010010
2 48.4896 001005000002010010 2.71241 001004002002008009
2 2.71241 001004002002008009 111.388 001001001012008005
2 111.388 001001001012008005 1.22932 001001001012007005
2 1.22932 001001001012007005 2.71241 001004002002008009
2 2.71241 001004002002008009 382901000.0 021002002006010005
2 382901000.0 021002002006010005 39924700.0 021001002006010005
2 39924700.0 021001002006010005 1.22932 001001001012007005
2 1.22932 001001001012007005 160344066.56 040001002022000005
2 160344066.56 040001002022000005 160344066.56 040001002022000005
2 160344066.56 040001002022000005 1.22932 001001001012007005
2 1.22932 001001001012007005 239968.0 001002000010011007
2 239968.0 001002000010011007 195950.0 001002000010024007
2 195950.0 001002000010024007 1.22932 001001001012007005
2 1.22932 001001001012007005 4225640000.0 028005002008021007
2 4225640000.0 028005002008021007 23176.3 028003002008021007
2 23176.3 028003002008021007 1.22932 001001001012007005
2 1.22932 001001001012007005 8548400000.0 021002000013000008
2 8548400000.0 021002000013000008 13066500.0 021002000023000008
2 13066500.0 021002000023000008 1.22932 001001001012007005
2 1.22932 001001001012007005 265746000.0 040001001002009005
2 265746000.0 040001001002009005 34434.7 040001001005009005
2 34434.7 040001001005009005 1.22932 001001001012007005
2 1.22932 001001001012007005 360566.0 002002002001011005
2 360566.0 002002002001011005 25545.7 011002002001011005
2 25545.7 011002002001011005 1.22932 001001001012007005
2 1.22932 001001001012007005 4397261375.35 028001002004005001
2 4397261375.35 028001002004005001 4397261375.35 028001002004005001
2 4397261375.35 028001002004005001 1.22932 001001001012007005
2 1.22932 001001001012007005 1646390.0 002001001009005000
2 1646390.0 002001001009005000 2175.6 002001001020005000
2 2175.6 002001001020005000 1.22932 001001001012007005
2 1.22932 001001001012007005 76642900.0 029002001022004006
2 76642900.0 029002001022004006 24446.4 029002002022004006
2 24446.4 029002002022004006 1.22932 001001001012007005
2 1.22932 001001001012007005 202678000.0 022004002009000006
2 202678000.0 022004002009000006 56683.2 022004002009011006
2 56683.2 022004002009011006 1.22932 001001001012007005
2 1.22932 001001001012007005 242943.0 001004000008011006
2 242943.0 001004000008011006 181294.0 001004000010011006
2 181294.0 001004000010011006 1.22932 001001001012007005
2 1.22932 001001001012007005 13298.0 007004001004005008
2 13298.0 007004001004005008 59.1117 007004001004005013
2 59.1117 007004001004005013 1.22932 001001001012007005
2 1.22932 001001001012007005 12945500000.0 021005001002009008
2 12945500000.0 021005001002009008 8090810000.0 021005001002009005
2 8090810000.0 021005001002009005 1.22932 001001001012007005
2 1.22932 001001001012007005 24393.4 001004001010005005
2 24393.4 001004001010005005 1.22932 001001001012007005
2 1.22932 001001001012007005 2.71241 001004002002008009
2 2.71241 001004002002008009 203359000.0 007002002004001006
2 203359000.0 007002002004001006 2682500.0 007002002004017006
2 2682500.0 007002002004017006 1.22932 001001001012007005
2 1.22932 001001001012007005 6571820000.0 040004001010020005
2 6571820000.0 040004001010020005 12752.7 040004001010020012
2 12752.7 040004001010020012 1.22932 001001001012007005
2 1.22932 001001001012007005 12597.175 001001001012018009
2 12597.175 001001001012018009 12597.175 001001001012018009
2 12597.175 001001001012018009 1.22932 001001001012007005
2 1.22932 001001001012007005 120886.0 001002001006011006
2 120886.0 001002001006011006 93.8897 001002001006005006
2 93.8897 001002001006005006 1.22932 001001001012007005
2 1.22932 001001001012007005 1391760.0 004001002010018000
2 1391760.0 004001002010018000 150890.0 004001002020018000
2 150890.0 004001002020018000 1.22932 001001001012007005
2 1.22932 001001001012007005 854246.0 011004001020007008
2 854246.0 011004001020007008 176.307 011004001009007008
2 176.307 011004001009007008 1.22932 001001001012007005
2 1.22932 001001001012007005 9.2438 001001001002005005
2 9.2438 001001001002005005 1.22932 001001001012007005
2 1.22932 001001001012007005 2.71241 001004002002008009
2 2.71241 001004002002008009 226841.0 001001001002025008
2 226841.0 001001001002025008 47619.0 030001001002025008
2 47619.0 030001001002025008 1.22932 001001001012007005
2 1.22932 001001001012007005 13897000.0 007001000008005006
2 13897000.0 007001000008005006 7970840.0 007004000008005006
2 7970840.0 007004000008005006 1.22932 001001001012007005
2 1.22932 001001001012007005 55.3324 001002002004004006
2 55.3324 001002002004004006 55.3324 001002002004004006
2 55.3324 001002002004004006 1.22932 001001001012007005
2 1.22932 001001001012007005 217668.0 001005001022018012
2 217668.0 001005001022018012 11681.1 001005001022014012
2 11681.1 001005001022014012 1.22932 001001001012007005
2 1.22932 001001001012007005 975627.0 001005002008005007
2 975627.0 001005002008005007 40.7166 001005002008024007
2 40.7166 001005002008024007 1.22932 001001001012007005
2 1.22932 001001001012007005 10377400000.0 021002001002008006
2 10377400000.0 021002001002008006 137077000.0 036002001002008006
2 137077000.0 036002001002008006 1.22932 001001001012007005
2 1.22932 001001001012007005 56.8758 026001000010008007
2 56.8758 026001000010008007 1.22932 001001001012007005
2 1.22932 001001001012007005 2.71241 001004002002008009
2 2.71241 001004002002008009 710963.0 002002001009000000
2 710963.0 002002001009000000 487.129 002002001004000000
2 487.129 002002001004000000 1.22932 001001001012007005
2 1.22932 001001001012007005 3682900000.0 028001001008018007
2 3682900000.0 028001001008018007 2784930000.0 028001001008018009
2 2784930000.0 028001001008018009 1.22932 001001001012007005
2 1.22932 001001001012007005 874718.0 001001001010005005
2 874718.0 001001001010005005 167542.0 001001001010020005
2 167542.0 001001001010020005 1.22932 001001001012007005
2 1.22932 001001001012007005 694976000.0 029006002006008005
2 694976000.0 029006002006008005 110482.0 002006002006008005
2 110482.0 002006002006008005 1.22932 001001001012007005
2 1.22932 001001001012007005 1238070.0 001001001002018005
2 1238070.0 001001001002018005 247944.0 001001001021018005
2 247944.0 001001001021018005 1.22932 001001001012007005
2 1.22932 001001001012007005 942899.0 001005002004018005
2 942899.0 001005002004018005 8215.26 010005002004018005
2 8215.26 010005002004018005 1.22932 001001001012007005
2 1.22932 001001001012007005 54262150.0 029001001008008007
2 54262150.0 029001001008008007 54262150.0 029001001008008007
2 54262150.0 029001001008008007 1.22932 001001001012007005
2 1.22932 001001001012007005 4001850.0 011005000012007006
2 4001850.0 011005000012007006 2781290.0 011005000012017006
2 2781290.0 011005000012017006 1.22932 001001001012007005
2 1.22932 001001001012007005 139588.0 002004001012017000
2 139588.0 002004001012017000 35600.6 002004001023017000
2 35600.6 002004001023017000 1.22932 001001001012007005
2 1.22932 001001001012007005 706446.0 001001002006011001
2 706446.0 001001002006011001 41.3706 001001002006011016
2 41.3706 001001002006011016 1.22932 001001001012007005
2 1.22932 001001001012007005 922135.0 001005001002018013
2 922135.0 001005001002018013 75.4313 001005001011018013
2 75.4313 001005001011018013 1.22932 001001001012007005
2 1.22932 001001001012007005 218962.0 001005000008016000
2 218962.0 001005000008016000 182992.0 001005000008016002
2 182992.0 001005000008016002 1.22932 001001001012007005
2 1.22932 001001001012007005 2526570.0 007001001008024005
2 2526570.0 007001001008024005 203151.0 007001001008015005
2 203151.0 007001001008015005 1.22932 001001001012007005
2 1.22932 001001001012007005 2753.3 021004001008018009
2 2753.3 021004001008018009 50.937 007004001008018009
2 50.937 007004001008018009 1.22932 001001001012007005
2 1.22932 001001001012007005 76063800.0 011002000012007005
2 76063800.0 011002000012007005 3363970.0 011002000012016005
2 3363970.0 011002000012016005 1.22932 001001001012007005
2 1.22932 001001001012007005 831934000.0 021001002015016008
2 831934000.0 021001002015016008 4630960.0 021001002015016016
2 4630960.0 021001002015016016 1.22932 001001001012007005
2 1.22932 001001001012007005 304126000.0 029001000004000007
2 304126000.0 029001000004000007 304126000.0 029001000004000007
2 304126000.0 029001000004000007 1.22932 001001001012007005
2 1.22932 001001001012007005 3253590.0 001001000006004008
2 3253590.0 001001000006004008 2210380.0 001004000006004008
2 2210380.0 001004000006004008 1.22932 001001001012007005
2 1.22932 001001001012007005 419271.0 001001001010011013
2 419271.0 001001001010011013 186438.0 001001001010011009
2 186438.0 001001001010011009 1.22932 001001001012007005
2 1.22932 001001001012007005 1036220.0 007002000008010006
2 1036220.0 007002000008010006 21942.1 007002000008001006
2 21942.1 007002000008001006 1.22932 001001001012007005
2 1.22932 001001001012007005 61321900.0 026001001010018005
2 61321900.0 026001001010018005 61318900.0 026001001010018002
2 61318900.0 026001001010018002 1.22932 001001001012007005
2 1.22932 001001001012007005 16444400000.0 028004002004005001
2 16444400000.0 028004002004005001 57062400.0 028004002004015001
2 57062400.0 028004002004015001 1.22932 001001001012007005
2 1.22932 001001001012007005 2919640.0 028002001002011016
2 2919640.0 028002001002011016 714.137 028004001002011016
2 714.137 028004001002011016 1.22932 001001001012007005
2 1.22932 001001001012007005 40.5351 001001000013016006
2 40.5351 001001000013016006 40.5351 001001000013016006
2 40.5351 001001000013016006 1.22932 001001001012007005
2 1.22932 001001001012007005 1.08412 001004001008007005
2 1.08412 001004001008007005 1.22932 001001001012007005
2 1.22932 001001001012007005 2.71241 001004002002008009
2 2.71241 001004002002008009 12967.1 010001000012001006
2 12967.1 010001000012001006 1.08412 001004001008007005
2 1.08412 001004001008007005 1.22932 001001001012007005
2 1.22932 001001001012007005 464666.0 001002000008008005
2 464666.0 001002000008008005 8868.46 001002000005008005
2 8868.46 001002000005008005 1.08412 001004001008007005
2 1.08412 001004001008007005 20071.1 010004002002005006
2 20071.1 010004002002005006 12312.4 010004002002013006
2 12312.4 010004002002013006 1.08412 001004001008007005
2 1.08412 001004001008007005 196812000.0 007005001010000005
2 196812000.0 007005001010000005 17421900.0 007005001010000002
2 17421900.0 007005001010000002 1.08412 001004001008007005
2 1.08412 001004001008007005 78.4622 001002002009016007
2 78.4622 001002002009016007 1.08412 001004001008007005
2 1.08412 001004001008007005 1.22932 001001001012007005
2 1.22932 001001001012007005 63506.8 010002002002018005
2 63506.8 010002002002018005 25097.1 010002000002018005
2 25097.1 010002000002018005 1.08412 001004001008007005
2 1.08412 001004001008007005 51480.4 007004002002008005
2 51480.4 007004002002008005 403.396 007004002021008005
2 403.396 007004002021008005 1.08412 001004001008007005
2 1.08412 001004001008007005 6300550000.0 001002000002007005
2 6300550000.0 001002000002007005 1358700.0 001002001002007005
2 1358700.0 001002001002007005 1.08412 001004001008007005
2 1.08412 001004001008007005 25104.1 001004001010010007
2 25104.1 001004001010010007 22446.7 015004001010010007
2 22446.7 015004001010010007 1.08412 001004001008007005
2 1.08412 001004001008007005 283787.0 001002000008018007
2 283787.0 001002000008018007 13260.2 001002002008018007
2 13260.2 001002002008018007 1.08412 001004001008007005
2 1.08412 001004001008007005 9122.25 001005002012008005
2 9122.25 001005002012008005 6043.39 001005002002008005
2 6043.39 001005002002008005 1.08412 001004001008007005
2 1.08412 001004001008007005 14108.2 001001001002010000
2 14108.2 001001001002010000 9612.24 001004001002010000
2 9612.24 001004001002010000 1.08412 001004001008007005
2 1.08412 001004001008007005 56803400.0 021004001006005008
2 56803400.0 021004001006005008 45019.6 021003001006005008
2 45019.6 021003001006005008 1.08412 001004001008007005
2 1.08412 001004001008007005 428949.0 004004001009008013
2 428949.0 004004001009008013 12286.2 002004001009008013
2 12286.2 002004001009008013 1.08412 001004001008007005
2 1.08412 001004001008007005 35820600.0 040001001013018007
2 35820600.0 040001001013018007 4151580.0 040001001013018016
2 4151580.0 040001001013018016 1.08412 001004001008007005
2 1.08412 001004001008007005 1774480.0 029005002009008016
2 1774480.0 029005002009008016 27062.9 029005002009008001
2 27062.9 029005002009008001 1.08412 001004001008007005
2 1.08412 001004001008007005 704605.0 001000001009008006
2 704605.0 001000001009008006 168504.0 001000001009017006
2 168504.0 001000001009017006 1.08412 001004001008007005
2 1.08412 001004001008007005 7709160.0 010001002012018006
2 7709160.0 010001002012018006 24573.9 010001002012009006
2 24573.9 010001002012009006 1.08412 001004001008007005
2 1.08412 001004001008007005 7459.19 001001001002011006
2 7459.19 001001001002011006 98.4068 001003001002011006
2 98.4068 001003001002011006 1.08412 001004001008007005
2 1.08412 001004001008007005 194044.0 001001001012018008
2 194044.0 001001001012018008 37258.4 022001001012018008
2 37258.4 022001001012018008 1.08412 001004001008007005
2 1.08412 001004001008007005 3190630.0 002001001002011006
2 3190630.0 002001001002011006 412480.0 002001001002013006
2 412480.0 002001001002013006 1.08412 001004001008007005
2 1.08412 001004001008007005 570630.0 001001001002011009
2 570630.0 001001001002011009 458353.0 001001001002011016
2 458353.0 001001001002011016 1.08412 001004001008007005
2 1.08412 001004001008007005 228391.0 001000002012005005
2 228391.0 001000002012005005 20583.5 001000002012005008
2 20583.5 001000002012005008 1.08412 001004001008007005
2 1.08412 001004001008007005 367450.225 001001001002000000
2 367450.225 001001001002000000 6.73319 001001001002021000
2 6.73319 001001001002021000 1.08412 001004001008007005
2 1.08412 001004001008007005 6709880000.0 028001001009008005
2 6709880000.0 028001001009008005 51527.9 028003001009008005
2 51527.9 028003001009008005 1.08412 001004001008007005
2 1.08412 001004001008007005 2511640000.0 040001000009010005
2 2511640000.0 040001000009010005 5596.61 040001000004010005
2 5596.61 040001000004010005 1.08412 001004001008007005
2 1.08412 001004001008007005 342737.0 001001000013008009
2 342737.0 001001000013008009 35.4115 001001000013018009
2 35.4115 001001000013018009 1.08412 001004001008007005
2 1.08412 001004001008007005 23632.2 001004001015018013
2 23632.2 001004001015018013 2.55712 001002001015018013
2 2.55712 001002001015018013 1.08412 001004001008007005
2 1.08412 001004001008007005 9746190.0 007005001008000007
2 9746190.0 007005001008000007 131.245 002005001008000007
2 131.245 002005001008000007 1.08412 001004001008007005
2 1.08412 001004001008007005 227341.0 001002001008016009
2 227341.0 001002001008016009 1.08412 001004001008007005
2 1.08412 001004001008007005 1.22932 001001001012007005
2 1.22932 001001001012007005 287936.0 001005001008005006
2 287936.0 001005001008005006 214955.0 001005001008005010
2 214955.0 001005001008005010 1.08412 001004001008007005
2 1.08412 001004001008007005 3566780000.0 021005001006024005
2 3566780000.0 021005001006024005 22025800.0 021004001006024005
2 22025800.0 021004001006024005 1.08412 001004001008007005
2 1.08412 001004001008007005 2956.87 001001002002010009
2 2956.87 001001002002010009 68.0193 001004002002010009
2 68.0193 001004002002010009 1.08412 001004001008007005
2 1.08412 001004001008007005 31742.3 001002000012020000
2 31742.3 001002000012020000 1251.69 001002001012020000
2 1251.69 001002001012020000 1.08412 001004001008007005
2 1.08412 001004001008007005 481435.0 001004001013010006
2 481435.0 001004001013010006 481435.0 001004001013010006
2 481435.0 001004001013010006 1.08412 001004001008007005
2 1.08412 001004001008007005 757866.0 001003002004018007
2 757866.0 001003002004018007 26493.6 001003002016018007
2 26493.6 001003002016018007 1.08412 001004001008007005
2 1.08412 001004001008007005 2171090.0 007005001013011008
2 2171090.0 007005001013011008 151.555 007005001013019008
2 151.555 007005001013019008 1.08412 001004001008007005
2 1.08412 001004001008007005 225067.0 001001001006018006
2 225067.0 001001001006018006 53.8058 001001001024018006
2 53.8058 001001001024018006 1.08412 001004001008007005
2 1.08412 001004001008007005 2151700.0 001004002002000000
2 2151700.0 001004002002000000 649161.0 001004002005000000
2 649161.0 001004002005000000 1.08412 001004001008007005
2 1.08412 001004001008007005 26219.8 002001001010004006
2 26219.8 002001001010004006 8421.64 002005001010004006
2 8421.64 002005001010004006 1.08412 001004001008007005
2 1.08412 001004001008007005 129546.0 001004002006016008
2 129546.0 001004002006016008 78314.9 001006002006016008
2 78314.9 001006002006016008 1.08412 001004001008007005
2 1.08412 001004001008007005 13122.2 011002001004005007
2 13122.2 011002001004005007 7499.58 038002001004005007
2 7499.58 038002001004005007 1.08412 001004001008007005
2 1.08412 001004001008007005 9406.54 001002001010018016
2 9406.54 001002001010018016 7.97304 001002001016018016
2 7.97304 001002001016018016 1.08412 001004001008007005
2 1.08412 001004001008007005 10189.3 001005001011018005
2 10189.3 001005001011018005 1.08412 001004001008007005
2 1.08412 001004001008007005 1.22932 001001001012007005
2 1.22932 001001001012007005 16366.0 001002001012005006
2 16366.0 001002001012005006 720.065 001002001000005006
2 720.065 001002001000005006 1.08412 001004001008007005
2 1.08412 001004001008007005 920828.0 021001002004011013
2 920828.0 021001002004011013 1.08412 001004001008007005
2 1.08412 001004001008007005 1.22932 001001001012007005
2 1.22932 001001001012007005 938976.0 001005001002000005
2 938976.0 001005001002000005 435792.0 001005001002021005
2 435792.0 001005001002021005 1.08412 001004001008007005
2 1.08412 001004001008007005 155.743 001001001013000006
2 155.743 001001001013000006 28.5611 001001001013000005
2 28.5611 001001001013000005 1.08412 001004001008007005
2 1.08412 001004001008007005 25153.2 001001002002000005
2 25153.2 001001002002000005 66.9378 001001002002023005
2 66.9378 001001002002023005 1.08412 001004001008007005
2 1.08412 001004001008007005 2305.11 001005000010004005
2 2305.11 001005000010004005 85.1681 001005000010007005
2 85.1681 001005000010007005 1.08412 001004001008007005
2 1.08412 001004001008007005 885.083 011001000006007009
2 885.083 011001000006007009 53.0518 011001000006011009
2 53.0518 011001000006011009 1.08412 001004001008007005
2 1.08412 001004001008007005 18101.1 001003002012010006
2 18101.1 001003002012010006 1238.76 001003002012010005
2 1238.76 001003002012010005 1.08412 001004001008007005
2 1.08412 001004001008007005 1014510.0 002001001002011009
2 1014510.0 002001001002011009 7354.83 002000001002011009
2 7354.83 002000001002011009 1.08412 001004001008007005
2 1.08412 001004001008007005 8833.17 001002002002008005
2 8833.17 001002002002008005 214.215 001002002023008005
2 214.215 001002002023008005 1.08412 001004001008007005
2 1.08412 001004001008007005 3319608.0 007004001006018005
2 3319608.0 007004001006018005 3319608.0 007004001006018005
2 3319608.0 007004001006018005 1.08412 001004001008007005
2 1.08412 001004001008007005 630.104 001004000013018006
2 630.104 001004000013018006 20.3333 001001000013018006
2 20.3333 001001000013018006 1.08412 001004001008007005
2 1.08412 001004001008007005 701245.0 001001000010005007
2 701245.0 001001000010005007 24495.3 001001000010005002
2 24495.3 001001000010005002 1.08412 001004001008007005
2 1.08412 001004001008007005 2421940000.0 026002002012018013
2 2421940000.0 026002002012018013 18470.9 015002002012018013
2 18470.9 015002002012018013 1.08412 001004001008007005
2 1.08412 001004001008007005 155063.0 001001002010018000
2 155063.0 001001002010018000 136.656 001001002010018002
2 136.656 001001002010018002 1.08412 001004001008007005
2 1.08412 001004001008007005 72023.9 007001000006000006
2 72023.9 007001000006000006 102.586 007001000006000016
2 102.586 007001000006000016 1.08412 001004001008007005
2 1.08412 001004001008007005 426195.0 001001000015004006
2 426195.0 001001000015004006 130.404 001001000015004011
2 130.404 001001000015004011 1.08412 001004001008007005
2 1.08412 001004001008007005 2948330.0 001005000009018000
2 2948330.0 001005000009018000 892.224 001005000005018000
2 892.224 001005000005018000 1.08412 001004001008007005
2 1.08412 001004001008007005 184269.0 001005000013008005
2 184269.0 001005000013008005 2448.13 001005000013008001
2 2448.13 001005000013008001 1.08412 001004001008007005
2 1.08412 001004001008007005 5284440000.0 026004002013008005
2 5284440000.0 026004002013008005 16146.8 026004002013008008
2 16146.8 026004002013008008 1.08412 001004001008007005
2 1.08412 001004001008007005 664023.0 001001002002007007
2 664023.0 001001002002007007 24133.3 032001002002007007
2 24133.3 032001002002007007 1.08412 001004001008007005
2 1.08412 001004001008007005 408968.0 001001002012011006
2 408968.0 001001002012011006 8090.07 001001002012011000
2 8090.07 001001002012011000 1.08412 001004001008007005
2 1.08412 001004001008007005 2327720.0 007004000012018016
2 2327720.0 007004000012018016 1630.33 007004000012018017
2 1630.33 007004000012018017 1.08412 001004001008007005
2 1.08412 001004001008007005 6499830.0 007001000002011006
2 6499830.0 007001000002011006 2630.77 005001000002011006
2 2630.77 005001000002011006 1.08412 001004001008007005
2 1.08412 001004001008007005 740921.0 001004002010004009
2 740921.0 001004002010004009 333579.0 001004002007004009
2 333579.0 001004002007004009 1.08412 001004001008007005
2 1.08412 001004001008007005 1074040000.0 026002001023021008
2 1074040000.0 026002001023021008 7095660.0 026003001023021008
2 7095660.0 026003001023021008 1.08412 001004001008007005
2 1.08412 001004001008007005 580286.0 001002001013018005
2 580286.0 001002001013018005 252841.0 001003001013018005
2 252841.0 001003001013018005 1.08412 001004001008007005
2 1.08412 001004001008007005 367450.225 001001001002000000
2 367450.225 001001001002000000 195540.0 001001001002016000
2 195540.0 001001001002016000 1.08412 001004001008007005
2 1.08412 001004001008007005 6817200.0 007004000002008009
2 6817200.0 007004000002008009 104.775 007004000002023009
2 104.775 007004000002023009 1.08412 001004001008007005
2 1.08412 001004001008007005 1001583.5 001002000009023009
2 1001583.5 001002000009023009 1001583.5 001002000009023009
2 1001583.5 001002000009023009 1.08412 001004001008007005
2 1.08412 001004001008007005 231756.0 001004000012018005
2 231756.0 001004000012018005 18.1419 001002000012018005
2 18.1419 001002000012018005 1.08412 001004001008007005
2 1.08412 001004001008007005 992756.0 001001002004000005
2 992756.0 001001002004000005 376263.0 001001002021000005
2 376263.0 001001002021000005 1.08412 001004001008007005
2 1.08412 001004001008007005 248725.0 001001000012005005
2 248725.0 001001000012005005 189087.0 001001000022005005
2 189087.0 001001000022005005 1.08412 001004001008007005
2 1.08412 001004001008007005 4413660000.0 026001001012005008
2 4413660000.0 026001001012005008 23770.5 026001001023005008
2 23770.5 026001001023005008 1.08412 001004001008007005
2 1.08412 001004001008007005 971528.0 007005001009018008
2 971528.0 007005001009018008 30334.9 007005001009018011
2 30334.9 007005001009018011 1.08412 001004001008007005
2 1.08412 001004001008007005 222230.0 002002001009021005
2 222230.0 002002001009021005 182028.0 002002001010021005
2 182028.0 002002001010021005 1.08412 001004001008007005
2 1.08412 001004001008007005 6741.82 001004000013008007
2 6741.82 001004000013008007 93.7642 024004000013008007
2 93.7642 024004000013008007 1.08412 001004001008007005
2 1.08412 001004001008007005 6009390000.0 028003001010016007
2 6009390000.0 028003001010016007 4794590000.0 028001001010016007
2 4794590000.0 028001001010016007 1.08412 001004001008007005
2 1.08412 001004001008007005 34957300.0 001002000010000007
2 34957300.0 001002000010000007 66145.8 001001000010000007
2 66145.8 001001000010000007 1.08412 001004001008007005
2 1.08412 001004001008007005 8178.57 001005000013018013
2 8178.57 001005000013018013 82.6075 001005000006018013
2 82.6075 001005000006018013 1.08412 001004001008007005
2 1.08412 001004001008007005 478508.0 001001000010018005
2 478508.0 001001000010018005 213261.0 001001001010018005
2 213261.0 001001001010018005 1.08412 001004001008007005
2 1.08412 001004001008007005 292235.0 001001002004010005
2 292235.0 001001002004010005 246277.0 001001002004010001
2 246277.0 001001002004010001 1.08412 001004001008007005
2 1.08412 001004001008007005 437970.0 001004002010024006
2 437970.0 001004002010024006 368723.0 001006002010024006
2 368723.0 001006002010024006 1.08412 001004001008007005
2 1.08412 001004001008007005 549595.0 001005001012000009
2 549595.0 001005001012000009 83.2216 001005001012002009
2 83.2216 001005001012002009 1.08412 001004001008007005
2 1.08412 001004001008007005 414353.0 001005002011016005
2 414353.0 001005002011016005 252042.0 001005002011020005
2 252042.0 001005002011020005 1.08412 001004001008007005
2 1.08412 001004001008007005 201828.0 001002001002018000
2 201828.0 001002001002018000 185243.0 001000001002018000
2 185243.0 001000001002018000 1.08412 001004001008007005
2 1.08412 001004001008007005 22.4746 001004002015011013
2 22.4746 001004002015011013 1.08412 001004001008007005
2 1.08412 001004001008007005 1.22932 001001001012007005
2 1.22932 001001001012007005 112637000.0 001001000002000009
2 112637000.0 001001000002000009 100042.0 001006000002000009
2 100042.0 001006000002000009 1.08412 001004001008007005
2 1.08412 001004001008007005 92152900.0 011004000002002006
2 92152900.0 011004000002002006 587960.0 011004000002022006
2 587960.0 011004000002022006 1.08412 001004001008007005
2 1.08412 001004001008007005 4089350.0 007004000012000009
2 4089350.0 007004000012000009 438876.0 001004000012000009
2 438876.0 001004000012000009 1.08412 001004001008007005
3 1.08412 001004001008007005 4548150.0 016000002003025018
3 4548150.0 016000002003025018 1866810.0 016000002003008018
3 1866810.0 016000002003008018 6084.46 014003002019003001
3 6084.46 014003002019003001 84340100.0 026004001013015001
3 84340100.0 026004001013015001 12379.3 026005001013015001
3 12379.3 026005001013015001 6084.46 014003002019003001
3 6084.46 014003002019003001 124210.0 010006001013015003
3 124210.0 010006001013015003 72286.3 010006001013012003
3 72286.3 010006001013012003 6084.46 014003002019003001
3 6084.46 014003002019003001 24207.7 016001002009009000
3 24207.7 016001002009009000 17930.6 016001002018009000
3 17930.6 016001002018009000 6084.46 014003002019003001
3 6084.46 014003002019003001 307919000.0 026006001015007006
3 307919000.0 026006001015007006 8108.15 026006001015003006
3 8108.15 026006001015003006 6084.46 014003002019003001
3 6084.46 014003002019003001 1800990.0 004001000018011005
3 1800990.0 004001000018011005 11545.7 013001000018011005
3 11545.7 013001000018011005 6084.46 014003002019003001
3 6084.46 014003002019003001 14491.6 013003002018004002
3 14491.6 013003002018004002 10560.2 013003002005004002
3 10560.2 013003002005004002 6084.46 014003002019003001
3 6084.46 014003002019003001 48469.1 016002002000015009
3 48469.1 016002002000015009 6084.46 014003002019003001
3 6084.46 014003002019003001 8108.15 026006001015003006
3 8108.15 026006001015003006 1326520000.0 026005000005008003
3 1326520000.0 026005000005008003 36815700.0 026005000005008002
3 36815700.0 026005000005008002 6084.46 014003002019003001
3 6084.46 014003002019003001 120219000.0 013003001006007001
3 120219000.0 013003001006007001 42251.0 013003001006003001
3 42251.0 013003001006003001 6084.46 014003002019003001
3 6084.46 014003002019003001 1851550000.0 016000001016017000
3 1851550000.0 016000001016017000 27223400.0 016000001007017000
3 27223400.0 016000001007017000 6084.46 014003002019003001
3 6084.46 014003002019003001 1406650.0 004003001018003008
3 1406650.0 004003001018003008 3274.94 026003001018003008
3 3274.94 026003001018003008 6084.46 014003002019003001
3 6084.46 014003002019003001 59951.4 017003001000016006
3 59951.4 017003001000016006 29820.2 030003001000016006
3 29820.2 030003001000016006 3274.94 026003001018003008
3 3274.94 026003001018003008 1196870.0 002002000018015008
3 1196870.0 002002000018015008 21695.5 035002000018015008
3 21695.5 035002000018015008 3274.94 026003001018003008
3 3274.94 026003001018003008 59094300.0 004003000000016009
3 59094300.0 004003000000016009 1950620.0 004002000000016009
3 1950620.0 004002000000016009 3274.94 026003001018003008
3 3274.94 026003001018003008 1031.57 013003001000004018
3 1031.57 013003001000004018 27.0975 013003001023004018
3 27.0975 013003001023004018 3274.94 026003001018003008
3 3274.94 026003001018003008 15450000000.0 016006001000011004
3 15450000000.0 016006001000011004 10471800000.0 016002001000011004
3 10471800000.0 016002001000011004 27.0975 013003001023004018
3 27.0975 013003001023004018 1148890000.0 016003000017001000
3 1148890000.0 016003000017001000 29621.6 016003002017001000
3 29621.6 016003002017001000 27.0975 013003001023004018
3 27.0975 013003001023004018 1237440.0 004000002018022006
3 1237440.0 004000002018022006 172507.0 004005002018022006
3 172507.0 004005002018022006 27.0975 013003001023004018
3 27.0975 013003001023004018 2638590.0 004003001000009007
3 2638590.0 004003001000009007 853.119 004003001000016007
3 853.119 004003001000016007 27.0975 013003001023004018
3 27.0975 013003001023004018 45211900.0 022006001013002006
3 45211900.0 022006001013002006 46947.6 022006000013002006
3 46947.6 022006000013002006 27.0975 013003001023004018
3 27.0975 013003001023004018 66554600.0 025006001018025009
3 66554600.0 025006001018025009 42483.5 025006001018025001
3 42483.5 025006001018025001 27.0975 013003001023004018
3 27.0975 013003001023004018 50065.5 025002002018015001
3 50065.5 025002002018015001 42921.5 021002002018015001
3 42921.5 021002002018015001 27.0975 013003001023004018
3 27.0975 013003001023004018 146296000.0 004001000000009001
3 146296000.0 004001000000009001 10513100.0 004001000019009001
3 10513100.0 004001000019009001 27.0975 013003001023004018
3 27.0975 013003001023004018 3782916.4 016004001018011000
3 3782916.4 016004001018011000 3782916.4 016004001018011000
3 3782916.4 016004001018011000 27.0975 013003001023004018
3 27.0975 013003001023004018 5580661.9 025000000000004001
3 5580661.9 025000000000004001 5580661.9 025000000000004001
3 5580661.9 025000000000004001 27.0975 013003001023004018
3 27.0975 013003001023004018 6949624000.0 020006000000012006
3 6949624000.0 020006000000012006 6949624000.0 020006000000012006
3 6949624000.0 020006000000012006 27.0975 013003001023004018
3 27.0975 013003001023004018 218724000.0 025006002013016006
3 218724000.0 025006002013016006 29558.5 025006002015016006
3 29558.5 025006002015016006 27.0975 013003001023004018
3 27.0975 013003001023004018 24726300000.0 025002002000011001
3 24726300000.0 025002002000011001 34739.3 025002000000011001
3 34739.3 025002000000011001 27.0975 013003001023004018
3 27.0975 013003001023004018 39103.2 013002000003001000
3 39103.2 013002000003001000 29673.7 013002001003001000
3 29673.7 013002001003001000 27.0975 013003001023004018
3 27.0975 013003001023004018 15750000.0 013001001018008001
3 15750000.0 013001001018008001 508684.0 013001001018008016
3 508684.0 013001001018008016 27.0975 013003001023004018
3 27.0975 013003001023004018 19479700000.0 013001000009001001
3 19479700000.0 013001000009001001 359448000.0 013005000009001001
3 359448000.0 013005000009001001 27.0975 013003001023004018
3 27.0975 013003001023004018 13612500.0 016003001005016006
3 13612500.0 016003001005016006 1283970.0 016003001005016013
3 1283970.0 016003001005016013 27.0975 013003001023004018
3 27.0975 013003001023004018 45599400.0 022002001005016006
3 45599400.0 022002001005016006 12954400.0 022002000005016006
3 12954400.0 022002000005016006 27.0975 013003001023004018
3 27.0975 013003001023004018 53050.7 022006001018016001
3 53050.7 022006001018016001 44113.2 022006002018016001
3 44113.2 022006002018016001 27.0975 013003001023004018
3 27.0975 013003001023004018 34512400000.0 014006001005004002
3 34512400000.0 014006001005004002 728584000.0 036006001005004002
3 728584000.0 036006001005004002 27.0975 013003001023004018
3 27.0975 013003001023004018 738476.0 004001002018016003
3 738476.0 004001002018016003 738476.0 004001002018016003
3 738476.0 004001002018016003 27.0975 013003001023004018
3 27.0975 013003001023004018 52459100.0 013003001017011003
3 52459100.0 013003001017011003 48426.5 013003001017011010
3 48426.5 013003001017011010 27.0975 013003001023004018
3 27.0975 013003001023004018 11194300000.0 016002001007004000
3 11194300000.0 016002001007004000 41806.1 016002001012004000
3 41806.1 016002001012004000 27.0975 013003001023004018
3 27.0975 013003001023004018 13937.8 016000000018020010
3 13937.8 016000000018020010 32.7063 016004000018020010
3 32.7063 016004000018020010 27.0975 013003001023004018
3 27.0975 013003001023004018 47881.9 026002001000004006
3 47881.9 026002001000004006 27.0975 013003001023004018
3 27.0975 013003001023004018 32.7063 016004000018020010
3 32.7063 016004000018020010 2332130000.0 013001000005017001
3 2332130000.0 013001000005017001 6889570.0 013001000005017014
3 6889570.0 013001000005017014 27.0975 013003001023004018
3 27.0975 013003001023004018 10565745.0 025003002018015014
3 10565745.0 025003002018015014 10565745.0 025003002018015014
3 10565745.0 025003002018015014 27.0975 013003001023004018
3 27.0975 013003001023004018 9339.08 013000002018025001
3 9339.08 013000002018025001 27.0975 013003001023004018
3 27.0975 013003001023004018 32.7063 016004000018020010
3 32.7063 016004000018020010 73663.4 026000002000009006
3 73663.4 026000002000009006 38893.2 022000002000009006
3 38893.2 022000002000009006 27.0975 013003001023004018
3 27.0975 013003001023004018 204435000.0 025003001018016001
3 204435000.0 025003001018016001 101419.0 025003000018016001
3 101419.0 025003000018016001 27.0975 013003001023004018
3 27.0975 013003001023004018 18716.6 016005001018020004
3 18716.6 016005001018020004 9865.63 016005001018003004
3 9865.63 016005001018003004 27.0975 013003001023004018
3 27.0975 013003001023004018 11201200.0 020004001018004004
3 11201200.0 020004001018004004 4898080.0 020004001018018004
3 4898080.0 020004001018018004 27.0975 013003001023004018
3 27.0975 013003001023004018 7586420000.0 013002002015009001
3 7586420000.0 013002002015009001 360057000.0 022002002015009001
3 360057000.0 022002002015009001 27.0975 013003001023004018
3 27.0975 013003001023004018 13097500000.0 026006002000009001
3 13097500000.0 026006002000009001 331517000.0 026006000000009001
3 331517000.0 026006000000009001 27.0975 013003001023004018
3 27.0975 013003001023004018 1032620000.0 016001000015020000
3 1032620000.0 016001000015020000 10492.8 016001000015020003
3 10492.8 016001000015020003 27.0975 013003001023004018
3 27.0975 013003001023004018 38620900000.0 004002000000003001
3 38620900000.0 004002000000003001 63027.4 004002000000003010
3 63027.4 004002000000003010 27.0975 013003001023004018
3 27.0975 013003001023004018 1083130.0 013000000019015004
3 1083130.0 013000000019015004 21244.4 013000000012015004
3 21244.4 013000000012015004 27.0975 013003001023004018
3 27.0975 013003001023004018 23277.0 025004002018016001
3 23277.0 025004002018016001 7658.73 025004001018016001
3 7658.73 025004001018016001 27.0975 013003001023004018
3 27.0975 013003001023004018 28574.2 022005001018006003
3 28574.2 022005001018006003 27.0975 013003001023004018
3 27.0975 013003001023004018 32.7063 016004000018020010
3 32.7063 016004000018020010 7709.64 016003000019020003
3 7709.64 016003000019020003 5382.1 016003000019014003
3 5382.1 016003000019014003 27.0975 013003001023004018
3 27.0975 013003001023004018 28212300.0 016001002000014004
3 28212300.0 016001002000014004 8159990.0 016001002020014004
3 8159990.0 016001002020014004 27.0975 013003001023004018
3 27.0975 013003001023004018 10162200000.0 025003001018014001
3 10162200000.0 025003001018014001 49658.7 025003001018014007
3 49658.7 025003001018014007 27.0975 013003001023004018
3 27.0975 013003001023004018 424700000.0 016003002012015000
3 424700000.0 016003002012015000 7256860.0 016004002012015000
3 7256860.0 016004002012015000 27.0975 013003001023004018
3 27.0975 013003001023004018 15446900000.0 025006000007009007
3 15446900000.0 025006000007009007 13063400000.0 025006000007008007
3 13063400000.0 025006000007008007 27.0975 013003001023004018
3 27.0975 013003001023004018 115851000.0 014003002018001005
3 115851000.0 014003002018001005 25745700.0 014001002018001005
3 25745700.0 014001002018001005 27.0975 013003001023004018
3 27.0975 013003001023004018 32054.2 013003000018004000
3 32054.2 013003000018004000 1418.62 013003000018020000
3 1418.62 013003000018020000 27.0975 013003001023004018
3 27.0975 013003001023004018 285639000.0 016003001018011001
3 285639000.0 016003001018011001 44238.9 023003001018011001
3 44238.9 023003001018011001 27.0975 013003001023004018
3 27.0975 013003001023004018 84403009.95 025003000018014003
3 84403009.95 025003000018014003 84403009.95 025003000018014003
3 84403009.95 025003000018014003 27.0975 013003001023004018
3 27.0975 013003001023004018 24130.6 002001000023015003
3 24130.6 002001000023015003 641.158 002001000023015004
3 641.158 002001000023015004 27.0975 013003001023004018
3 27.0975 013003001023004018 508262.0 016004001018017010
3 508262.0 016004001018017010 18510.8 016003001018017010
3 18510.8 016003001018017010 27.0975 013003001023004018
3 27.0975 013003001023004018 863414867.01 013003000016016006
3 863414867.01 013003000016016006 863414867.01 013003000016016006
3 863414867.01 013003000016016006 27.0975 013003001023004018
3 27.0975 013003001023004018 28837000.0 022003001000020008
3 28837000.0 022003001000020008 28132.0 035003001000020008
3 28132.0 035003001000020008 27.0975 013003001023004018
3 27.0975 013003001023004018 48820.0 016003000018004000
3 48820.0 016003000018004000 40303.0 016003001018004000
3 40303.0 016003001018004000 27.0975 013003001023004018
3 27.0975 013003001023004018 57.4132 016004000020014003
3 57.4132 016004000020014003 27.0975 013003001023004018
3 27.0975 013003001023004018 32.7063 016004000018020010
3 32.7063 016004000018020010 42.4414 025000000017025006
3 42.4414 025000000017025006 27.0975 013003001023004018
3 27.0975 013003001023004018 32.7063 016004000018020010
3 32.7063 016004000018020010 7218960.0 016004002018014000
3 7218960.0 016004002018014000 14731.2 016004002001014000
3 14731.2 016004002001014000 27.0975 013003001023004018
3 27.0975 013003001023004018 15337.7 035005000019025006
3 15337.7 035005000019025006 31.5295 003005000019025006
3 31.5295 003005000019025006 27.0975 013003001023004018
3 27.0975 013003001023004018 16562800000.0 013006000000004003
3 16562800000.0 013006000000004003 92805.1 013006001000004003
3 92805.1 013006001000004003 27.0975 013003001023004018
3 27.0975 013003001023004018 97750900.0 016005001005020001
3 97750900.0 016005001005020001 17820200.0 016005002005020001
3 17820200.0 016005002005020001 27.0975 013003001023004018
3 27.0975 013003001023004018 105.748 016005001018020000
3 105.748 016005001018020000 27.0975 013003001023004018
3 27.0975 013003001023004018 31.5295 003005000019025006
3 31.5295 003005000019025006 1076580000.0 021005000013015001
3 1076580000.0 021005000013015001 37184000.0 021005001013015001
3 37184000.0 021005001013015001 27.0975 013003001023004018
3 27.0975 013003001023004018 265287000.0 026003001018017008
3 265287000.0 026003001018017008 11814.7 026003001018014008
3 11814.7 026003001018014008 27.0975 013003001023004018
3 27.0975 013003001023004018 110.175 016004000023020008
3 110.175 016004000023020008 27.0975 013003001023004018
3 27.0975 013003001023004018 31.5295 003005000019025006
3 31.5295 003005000019025006 9771.12 013005000023025006
3 9771.12 013005000023025006 32.2725 013005000004025006
3 32.2725 013005000004025006 27.0975 013003001023004018
3 27.0975 013003001023004018 33795.2 026004001023016004
3 33795.2 026004001023016004 24811.0 026004001023015004
3 24811.0 026004001023015004 27.0975 013003001023004018
3 27.0975 013003001023004018 38172.5 013003001023018007
3 38172.5 013003001023018007 8179.09 013003001023018008
3 8179.09 013003001023018008 27.0975 013003001023004018
3 27.0975 013003001023004018 621984.0 016004000019020005
3 621984.0 016004000019020005 27.0975 013003001023004018
3 27.0975 013003001023004018 31.5295 003005000019025006
3 31.5295 003005000019025006 964284.0 002005002023018006
3 964284.0 002005002023018006 47550.0 006005002023018006
3 47550.0 006005002023018006 27.0975 013003001023004018
3 27.0975 013003001023004018 44798.3 013003000004016004
3 44798.3 013003000004016004 9192.33 013003000003016004
3 9192.33 013003000003016004 27.0975 013003001023004018
3 27.0975 013003001023004018 4762.77 013003001023014010
3 4762.77 013003001023014010 27.0975 013003001023004018
3 27.0975 013003001023004018 31.5295 003005000019025006
3 31.5295 003005000019025006 982701000.0 025003000005015001
3 982701000.0 025003000005015001 83709.6 025003000005004001
3 83709.6 025003000005004001 27.0975 013003001023004018
3 27.0975 013003001023004018 9177690000.0 026000001023004004
3 9177690000.0 026000001023004004 72129700.0 026000001015004004
3 72129700.0 026000001015004004 27.0975 013003001023004018
3 27.0975 013003001023004018 9290200.0 013003000016014008
3 9290200.0 013003000016014008 52128.4 013003000004014008
3 52128.4 013003000004014008 27.0975 013003001023004018
3 27.0975 013003001023004018 202068.81755 002004001006014009
3 202068.81755 002004001006014009 202068.81755 002004001006014009
3 202068.81755 002004001006014009 27.0975 013003001023004018
3 27.0975 013003001023004018 128431000.0 016003002000017008
3 128431000.0 016003002000017008 56456800.0 016003002000017002
3 56456800.0 016003002000017002 27.0975 013003001023004018
3 27.0975 013003001023004018 10795500000.0 013004000004003006
3 10795500000.0 013004000004003006 43566800.0 013005000004003006
3 43566800.0 013005000004003006 27.0975 013003001023004018
3 27.0975 013003001023004018 58809400.0 016005000023020018
3 58809400.0 016005000023020018 10985.8 016005000023020002
3 10985.8 016005000023020002 27.0975 013003001023004018
3 27.0975 013003001023004018 156882000.0 035003002019003000
3 156882000.0 035003002019003000 57390.1 035003000019003000
3 57390.1 035003000019003000 27.0975 013003001023004018
3 27.0975 013003001023004018 15176.400000000001 025003002020006003
3 15176.400000000001 025003002020006003 15176.400000000001 025003002020006003
3 15176.400000000001 025003002020006003 27.0975 013003001023004018
3 27.0975 013003001023004018 3195020.0 026000001003016018
3 3195020.0 026000001003016018 7858.1 037000001003016018
3 7858.1 037000001003016018 27.0975 013003001023004018
3 27.0975 013003001023004018 3652067500.0 026004001003025001
3 3652067500.0 026004001003025001 3652067500.0 026004001003025001
3 3652067500.0 026004001003025001 27.0975 013003001023004018
3 27.0975 013003001023004018 12950500000.0 026003001005020001
3 12950500000.0 026003001005020001 16080.9 026003001007020001
3 16080.9 026003001007020001 27.0975 013003001023004018
3 27.0975 013003001023004018 561613.0 003001001018004003
3 561613.0 003001001018004003 27400.2 003001001018014003
3 27400.2 003001001018014003 27.0975 013003001023004018
3 27.0975 013003001023004018 4607990000.0 022003000023003008
3 4607990000.0 022003000023003008 24565100.0 022003000023014008
3 24565100.0 022003000023014008 27.0975 013003001023004018
3 27.0975 013003001023004018 81.9512 004005000019022006
3 81.9512 004005000019022006 51.7722 017005000019022006
3 51.7722 017005000019022006 27.0975 013003001023004018
3 27.0975 013003001023004018 7916.72 013005000016020003
3 7916.72 013005000016020003 1012.63 013005000016019003
3 1012.63 013005000016019003 27.0975 013003001023004018
3 27.0975 013003001023004018 40119100.0 014005000018003000
3 40119100.0 014005000018003000 27.0975 013003001023004018
3 27.0975 013003001023004018 31.5295 003005000019025006
3 31.5295 003005000019025006 3959840.0 013001000023020003
3 3959840.0 013001000023020003 7252.87 013005000023020003
3 7252.87 013005000023020003 27.0975 013003001023004018
3 27.0975 013003001023004018 4558.69 026004000015011006
3 4558.69 026004000015011006 27.0975 013003001023004018
3 27.0975 013003001023004018 31.5295 003005000019025006
3 31.5295 003005000019025006 53706.7 004003000023025002
3 53706.7 004003000023025002 10641.2 004003000013025002
3 10641.2 004003000013025002 27.0975 013003001023004018
3 27.0975 013003001023004018 91413900.0 016003000018014018
3 91413900.0 016003000018014018 12230.0 026003000018014018
3 12230.0 026003000018014018 27.0975 013003001023004018
3 27.0975 013003001023004018 16163.6 002005001018025006
3 16163.6 002005001018025006 1449.59 002002001018025006
3 1449.59 002002001018025006 27.0975 013003001023004018
3 27.0975 013003001023004018 380616.5 002005001018020001
3 380616.5 002005001018020001 380616.5 002005001018020001
3 380616.5 002005001018020001 27.0975 013003001023004018
3 27.0975 013003001023004018 25049.4 017004000018014002
3 25049.4 017004000018014002 13121.2 017005000018014002
3 13121.2 017005000018014002 27.0975 013003001023004018
3 27.0975 013003001023004018 1489.17 017000000019014008
3 1489.17 017000000019014008 32.511 017000000019014017
3 32.511 017000000019014017 27.0975 013003001023004018
3 27.0975 013003001023004018 12319.4 025000000018020004
3 12319.4 025000000018020004 12319.4 025000000018020004
3 12319.4 025000000018020004 27.0975 013003001023004018
3 27.0975 013003001023004018 54094200.0 016003000023020004
3 54094200.0 016003000023020004 53901900.0 017003000023020004
3 53901900.0 017003000023020004 27.0975 013003001023004018
3 27.0975 013003001023004018 863414867.01 013003000016016006
3 863414867.01 013003000016016006 434498000.0 013003000016016002
3 434498000.0 013003000016016002 27.0975 013003001023004018
3 27.0975 013003001023004018 3177781.06 026001000019025001
3 3177781.06 026001000019025001 3177781.06 026001000019025001
3 3177781.06 026001000019025001 27.0975 013003001023004018
3 27.0975 013003001023004018 2885.74 013005000019015007
3 2885.74 013005000019015007 27.0975 013003001023004018
3 27.0975 013003001023004018 31.5295 003005000019025006
3 31.5295 003005000019025006 1025460.0 017004001019025006
3 1025460.0 017004001019025006 695908.0 017004001019022006
3 695908.0 017004001019022006 27.0975 013003001023004018
3 27.0975 013003001023004018 48.3093 004004001020020006
3 48.3093 004004001020020006 40.0293 004004001020020013
3 40.0293 004004001020020013 27.0975 013003001023004018
3 27.0975 013003001023004018 675212.0 013004000016014006
3 675212.0 013004000016014006 59.9327 013004000016014016
3 59.9327 013004000016014016 27.0975 013003001023004018
3 27.0975 013003001023004018 83912000.0 026003000019004005
3 83912000.0 026003000019004005 66826.8 026003000019004001
3 66826.8 026003000019004001 27.0975 013003001023004018
3 27.0975 013003001023004018 93.0996 017004000006018008
3 93.0996 017004000006018008 27.0975 013003001023004018
3 27.0975 013003001023004018 31.5295 003005000019025006
3 31.5295 003005000019025006 2925970.0 013005001018003006
3 2925970.0 013005001018003006 25416.1 013005001017003006
3 25416.1 013005001017003006 27.0975 013003001023004018
3 27.0975 013003001023004018 2126690.0 004005001003020006
3 2126690.0 004005001003020006 183.664 029005001003020006
3 183.664 029005001003020006 27.0975 013003001023004018
3 27.0975 013003001023004018 17060.2 013001001023016007
3 17060.2 013001001023016007 10712.3 013001001023002007
3 10712.3 013001001023002007 27.0975 013003001023004018
3 27.0975 013003001023004018 3885300.0 013004001020016007
3 3885300.0 013004001020016007 637705.0 013001001020016007
3 637705.0 013001001020016007 27.0975 013003001023004018
3 27.0975 013003001023004018 16629.2 013004001000019007
3 16629.2 013004001000019007 27.0975 013003001023004018
3 27.0975 013003001023004018 31.5295 003005000019025006
3 31.5295 003005000019025006 4845860000.0 017004000017004003
3 4845860000.0 017004000017004003 4283170000.0 017004001017004003
3 4283170000.0 017004001017004003 27.0975 013003001023004018
3 27.0975 013003001023004018 31432.4 013004000003015000
3 31432.4 013004000003015000 27.0975 013003001023004018
3 27.0975 013003001023004018 31.5295 003005000019025006
3 31.5295 003005000019025006 1777450.0 017003001000014018
3 1777450.0 017003001000014018 23820.2 017003000000014018
3 23820.2 017003000000014018 27.0975 013003001023004018
3 27.0975 013003001023004018 9335.99 013005000019025008
3 9335.99 013005000019025008 50.4047 013004000019025008
3 50.4047 013004000019025008 27.0975 013003001023004018
3 27.0975 013003001023004018 394644.0 017000000019015003
3 394644.0 017000000019015003 27.0975 013003001023004018
3 27.0975 013003001023004018 31.5295 003005000019025006
3 31.5295 003005000019025006 12704600.0 017002001020016003
3 12704600.0 017002001020016003 20116.6 017000001020016003
3 20116.6 017000001020016003 27.0975 013003001023004018
3 27.0975 013003001023004018 5288.69 013004000019003003
3 5288.69 013004000019003003 31.6209 013004000019011003
3 31.6209 013004000019011003 27.0975 013003001023004018
3 27.0975 013003001023004018 124037000.0 016003001019022000
3 124037000.0 016003001019022000 83902000.0 025003001019022000
3 83902000.0 025003001019022000 27.0975 013003001023004018
3 27.0975 013003001023004018 1598350.0 013004000018020003
3 1598350.0 013004000018020003 7039.32 033004000018020003
3 7039.32 033004000018020003 27.0975 013003001023004018
3 27.0975 013003001023004018 4080860.0 016001000016019006
3 4080860.0 016001000016019006 239655.0 016001000016024006
3 239655.0 016001000016024006 27.0975 013003001023004018
3 27.0975 013003001023004018 2461950.0 013004000003020000
3 2461950.0 013004000003020000 5547.99 012004000003020000
3 5547.99 012004000003020000 27.0975 013003001023004018
3 27.0975 013003001023004018 1995828.6 012005000020016008
3 1995828.6 012005000020016008 1995828.6 012005000020016008
3 1995828.6 012005000020016008 27.0975 013003001023004018
3 27.0975 013003001023004018 12078100.0 013004000019003000
3 12078100.0 013004000019003000 47157.6 039004000019003000
3 47157.6 039004000019003000 27.0975 013003001023004018
3 27.0975 013003001023004018 13855.705 016005000019022008
3 13855.705 016005000019022008 13855.705 016005000019022008
3 13855.705 016005000019022008 27.0975 013003001023004018
3 27.0975 013003001023004018 3537.69 016002000019014018
3 3537.69 016002000019014018 485.396 029002000019014018
3 485.396 029002000019014018 27.0975 013003001023004018
3 27.0975 013003001023004018 1086410.0 002003000018020008
3 1086410.0 002003000018020008 9063.24 002004000018020008
3 9063.24 002004000018020008 27.0975 013003001023004018
3 27.0975 013003001023004018 2747390.0 017004000004014008
3 2747390.0 017004000004014008 1042700.0 017004000004014006
3 1042700.0 017004000004014006 27.0975 013003001023004018
3 27.0975 013003001023004018 21780.6 026001001006020000
3 21780.6 026001001006020000 18606.8 026001001006008000
3 18606.8 026001001006008000 27.0975 013003001023004018
3 27.0975 013003001023004018 1204880.0 004004000020022000
3 1204880.0 004004000020022000 14279.9 019004000020022000
3 14279.9 019004000020022000 27.0975 013003001023004018
3 27.0975 013003001023004018 443487.0 013004000023025003
3 443487.0 013004000023025003 27.0975 013003001023004018
3 27.0975 013003001023004018 31.5295 003005000019025006
3 31.5295 003005000019025006 168649.185 012000000020020003
3 168649.185 012000000020020003 168649.185 012000000020020003
3 168649.185 012000000020020003 27.0975 013003001023004018
3 27.0975 013003001023004018 181234.0 004004000015020006
3 181234.0 004004000015020006 21.3544 004002000015020006
3 21.3544 004002000015020006 27.0975 013003001023004018
3 27.0975 013003001023004018 1625.74 013005000020020006
3 1625.74 013005000020020006 38.5726 013005000020022006
3 38.5726 013005000020022006 21.3544 004002000015020006
3 21.3544 004002000015020006 13820600.0 029003000019025004
3 13820600.0 029003000019025004 18430.4 029003001019025004
3 18430.4 029003001019025004 21.3544 004002000015020006
3 21.3544 004002000015020006 15820600000.0 033003000020014000
3 15820600000.0 033003000020014000 56906300.0 033003000020014005
3 56906300.0 033003000020014005 21.3544 004002000015020006
3 21.3544 004002000015020006 1929920000.0 026004001019016006
3 1929920000.0 026004001019016006 36419400.0 026004001011016006
3 36419400.0 026004001011016006 21.3544 004002000015020006
3 21.3544 004002000015020006 2056430.0 025004000016025008
3 2056430.0 025004000016025008 13144.4 025004000016013008
3 13144.4 025004000016013008 21.3544 004002000015020006
3 21.3544 004002000015020006 216792.0 013005000019020006
3 216792.0 013005000019020006 21.3544 004002000015020006
3 21.3544 004002000015020006 27.0975 013003001023004018
3 27.0975 013003001023004018 9657620.0 013002000006014018
3 9657620.0 013002000006014018 1245.37 013002000006009018
3 1245.37 013002000006009018 21.3544 004002000015020006
3 21.3544 004002000015020006 170991000.0 004003000023004006
3 170991000.0 004003000023004006 97422000.0 004003000023004010
3 97422000.0 004003000023004010 21.3544 004002000015020006
3 21.3544 004002000015020006 20113800.0 016003000023020003
3 20113800.0 016003000023020003 40197.3 016003000023014003
3 40197.3 016003000023014003 21.3544 004002000015020006
3 21.3544 004002000015020006 1660980.0 004004000004011018
3 1660980.0 004004000004011018 6538.77 004004000004011001
3 6538.77 004004000004011001 21.3544 004002000015020006
3 21.3544 004002000015020006 9775920000.0 004003000006022001
3 9775920000.0 004003000006022001 19583.6 004003000006022006
3 19583.6 004003000006022006 21.3544 004002000015020006
3 21.3544 004002000015020006 22795400.0 016004000017003018
3 22795400.0 016004000017003018 254.167 016004000017003007
3 254.167 016004000017003007 21.3544 004002000015020006
3 21.3544 004002000015020006 6132.58 013004000020020006
3 6132.58 013004000020020006 16.2382 001004000020020006
3 16.2382 001004000020020006 21.3544 004002000015020006
3 21.3544 004002000015020006 12023.7 013003000018003016
3 12023.7 013003000018003016 11908.9 006003000018003016
3 11908.9 006003000018003016 16.2382 001004000020020006
3 16.2382 001004000020020006 3336100.0 004003000019015006
3 3336100.0 004003000019015006 35280.6 004003000019002006
3 35280.6 004003000019002006 16.2382 001004000020020006
3 16.2382 001004000020020006 6982630.0 004004000019025018
3 6982630.0 004004000019025018 16.7158 004004001019025018
3 16.7158 004004001019025018 16.2382 001004000020020006
3 16.2382 001004000020020006 316243.0 013005000006020004
3 316243.0 013005000006020004 9658.59 013002000006020004
3 9658.59 013002000006020004 16.2382 001004000020020006
3 16.2382 001004000020020006 15116.6 002002000016014003
3 15116.6 002002000016014003 62.8178 012002000016014003
3 62.8178 012002000016014003 16.2382 001004000020020006
3 16.2382 001004000020020006 2868220.0 026005001019014018
3 2868220.0 026005001019014018 7451.56 026000001019014018
3 7451.56 026000001019014018 16.2382 001004000020020006
3 16.2382 001004000020020006 2934720000.0 013003001020014000
3 2934720000.0 013003001020014000 9721.49 013003001020014016
3 9721.49 013003001020014016 16.2382 001004000020020006
3 16.2382 001004000020020006 11354900000.0 017002000004014000
3 11354900000.0 017002000004014000 27656.2 017002000021014000
3 27656.2 017002000021014000 16.2382 001004000020020006
3 16.2382 001004000020020006 849484.0 016004001015022008
3 849484.0 016004001015022008 6927.6 016001001015022008
3 6927.6 016001001015022008 16.2382 001004000020020006
3 16.2382 001004000020020006 2406270.0 016001000023022003
3 2406270.0 016001000023022003 206485.0 016001000023020003
3 206485.0 016001000023020003 16.2382 001004000020020006
3 16.2382 001004000020020006 894166.0 013005001020025006
3 894166.0 013005001020025006 18141.1 013005001010025006
3 18141.1 013005001010025006 16.2382 001004000020020006
3 16.2382 001004000020020006 36684.9 016005000006014006
3 36684.9 016005000006014006 16.2382 001004000020020006
3 16.2382 001004000020020006 16.7158 004004001019025018
3 16.7158 004004001019025018 2273100.0 004003001023022007
3 2273100.0 004003001023022007 384066.0 004003001023022002
3 384066.0 004003001023022002 16.2382 001004000020020006
3 16.2382 001004000020020006 7626710.0 016001001016004006
3 7626710.0 016001001016004006 46742.0 016001001001004006
3 46742.0 016001001001004006 16.2382 001004000020020006
3 16.2382 001004000020020006 180176.0 016004000020020006
3 180176.0 016004000020020006 9816.57 016004002020020006
3 9816.57 016004002020020006 16.2382 001004000020020006
3 16.2382 001004000020020006 26325600.0 016002000020020017
3 26325600.0 016002000020020017 5767690.0 016002002020020017
3 5767690.0 016002002020020017 16.2382 001004000020020006
3 16.2382 001004000020020006 2213850000.0 025002001020011008
3 2213850000.0 025002001020011008 20594100.0 025002001020008008
3 20594100.0 025002001020008008 16.2382 001004000020020006
3 16.2382 001004000020020006 546.086 013002000018014003
3 546.086 013002000018014003 16.2382 001004000020020006
3 16.2382 001004000020020006 16.7158 004004001019025018
3 16.7158 004004001019025018 365419000.0 013002000019020018
3 365419000.0 013002000019020018 205.708 013002000019003018
3 205.708 013002000019003018 16.2382 001004000020020006
3 16.2382 001004000020020006 9230.2 013004000003009010
3 9230.2 013004000003009010 86.9102 013002000003009010
3 86.9102 013002000003009010 16.2382 001004000020020006
3 16.2382 001004000020020006 52614900.0 029005001000015009
3 52614900.0 029005001000015009 33291.1 029005001000010009
3 33291.1 029005001000010009 16.2382 001004000020020006
3 16.2382 001004000020020006 1562020000.0 017005000019014000
3 1562020000.0 017005000019014000 32721000.0 014005000019014000
3 32721000.0 014005000019014000 16.2382 001004000020020006
3 16.2382 001004000020020006 439801.0 013004000019022008
3 439801.0 013004000019022008 209140.0 013004000019013008
3 209140.0 013004000019013008 16.2382 001004000020020006
3 16.2382 001004000020020006 2026640.0 016000000019020018
3 2026640.0 016000000019020018 1281350.0 016000001019020018
3 1281350.0 016000001019020018 16.2382 001004000020020006
3 16.2382 001004000020020006 6328790.0 017003001016015018
3 6328790.0 017003001016015018 50.5763 017003001016010018
3 50.5763 017003001016010018 16.2382 001004000020020006
3 16.2382 001004000020020006 332.371 029004000016003018
3 332.371 029004000016003018 187.245 026004000016003018
3 187.245 026004000016003018 16.2382 001004000020020006
3 16.2382 001004000020020006 17981.7 016004001006003010
3 17981.7 016004001006003010 16673.8 016004001006000010
3 16673.8 016004001006000010 16.2382 001004000020020006
3 16.2382 001004000020020006 2175930.0 013002000018025007
3 2175930.0 013002000018025007 9247.03 013000000018025007
3 9247.03 013000000018025007 16.2382 001004000020020006
3 16.2382 001004000020020006 1841240.0 029002000019020008
3 1841240.0 029002000019020008 1755720.0 017002000019020008
3 1755720.0 017002000019020008 16.2382 001004000020020006
3 16.2382 001004000020020006 30290.0 026003000000020006
3 30290.0 026003000000020006 16.2382 001004000020020006
3 16.2382 001004000020020006 16.7158 004004001019025018
3 16.7158 004004001019025018 10395.3 017005000017016006
3 10395.3 017005000017016006 1460.64 017006000017016006
3 1460.64 017006000017016006 16.2382 001004000020020006
3 16.2382 001004000020020006 76077.3 013002000019003003
3 76077.3 013002000019003003 12200.9 013005000019003003
3 12200.9 013005000019003003 16.2382 001004000020020006
3 16.2382 001004000020020006 3816570000.0 017004000018010000
3 3816570000.0 017004000018010000 25446300.0 017004000001010000
3 25446300.0 017004000001010000 16.2382 001004000020020006
4 16.2382 001004000020020006 15870.6 014001000007011004
4 15870.6 014001000007011004 15384.1 014001000003011004
4 15384.1 014001000003011004 3424.21 006001001009013008
4 3424.21 006001001009013008 2171880.0 003002000014020006
4 2171880.0 003002000014020006 210963.0 004002000014020006
4 210963.0 004002000014020006 3424.21 006001001009013008
4 3424.21 006001001009013008 21828.9 028001002019013002
4 21828.9 028001002019013002 6194.72 028001002019005002
4 6194.72 028001002019005002 3424.21 006001001009013008
4 3424.21 006001001009013008 12592300000.0 026002002009003006
4 12592300000.0 026002002009003006 71575.6 026002002009003000
4 71575.6 026002002009003000 3424.21 006001001009013008
4 3424.21 006001001009013008 64823.5 026006000014011008
4 64823.5 026006000014011008 14585.6 011006000014011008
4 14585.6 011006000014011008 3424.21 006001001009013008
4 3424.21 006001001009013008 33474.1 018003002002008000
4 33474.1 018003002002008000 3424.21 006001001009013008
4 3424.21 006001001009013008 6102.9 023005001009006007
4 6102.9 023005001009006007 88779100.0 026002000020003000
4 88779100.0 026002000020003000 30830300.0 026002000020003006
4 30830300.0 026002000020003006 3424.21 006001001009013008
4 3424.21 006001001009013008 1596400.45 008003001018005004
4 1596400.45 008003001018005004 1596400.45 008003001018005004
4 1596400.45 008003001018005004 3424.21 006001001009013008
4 3424.21 006001001009013008 22198600000.0 019002000000009005
4 22198600000.0 019002000000009005 572.308 019002000000009018
4 572.308 019002000000009018 3424.21 006001001009013008
4 3424.21 006001001009013008 59355.8 005003000014016002
4 59355.8 005003000014016002 32681.0 005003000014001002
4 32681.0 005003000014001002 572.308 019002000000009018
4 572.308 019002000000009018 3.69772 002005001025020007
4 3.69772 002005001025020007 572.308 019002000000009018
4 572.308 019002000000009018 3424.21 006001001009013008
4 3424.21 006001001009013008 1140.17 022001000000013000
4 1140.17 022001000000013000 3.69772 002005001025020007
4 3.69772 002005001025020007 572.308 019002000000009018
4 572.308 019002000000009018 21945300.0 026004001009020008
4 21945300.0 026004001009020008 542341.0 026004002009020008
4 542341.0 026004002009020008 3.69772 002005001025020007
4 3.69772 002005001025020007 2349311.5 013002000019020002
4 2349311.5 013002000019020002 2349311.5 013002000019020002
4 2349311.5 013002000019020002 3.69772 002005001025020007
4 3.69772 002005001025020007 47162.5 022003000022005002
4 47162.5 022003000022005002 38201.2 019003000022005002
4 38201.2 019003000022005002 3.69772 002005001025020007
4 3.69772 002005001025020007 31157800000.0 006006002014009002
4 31157800000.0 006006002014009002 489159000.0 006006002014009004
4 489159000.0 006006002014009004 3.69772 002005001025020007
4 3.69772 002005001025020007 13826.0 002000001014020002
4 13826.0 002000001014020002 99.5861 002000001014013002
4 99.5861 002000001014013002 3.69772 002005001025020007
4 3.69772 002005001025020007 45628600.0 014006000018019005
4 45628600.0 014006000018019005 30094.4 009006000018019005
4 30094.4 009006000018019005 3.69772 002005001025020007
4 3.69772 002005001025020007 78766.2 004000001021001005
4 78766.2 004000001021001005 60431.8 004004001021001005
4 60431.8 004004001021001005 3.69772 002005001025020007
4 3.69772 002005001025020007 29362100000.0 019003000007003002
4 29362100000.0 019003000007003002 3673530000.0 019005000007003002
4 3673530000.0 019005000007003002 3.69772 002005001025020007
4 3.69772 002005001025020007 45450.1 019003000019022004
4 45450.1 019003000019022004 31533.3 019003002019022004
4 31533.3 019003002019022004 3.69772 002005001025020007
4 3.69772 002005001025020007 103943000.0 018006000009020002
4 103943000.0 018006000009020002 17079.5 018006000009020001
4 17079.5 018006000009020001 3.69772 002005001025020007
4 3.69772 002005001025020007 28575.9 028006001019025004
4 28575.9 028006001019025004 13327.8 028006001019000004
4 13327.8 028006001019000004 3.69772 002005001025020007
4 3.69772 002005001025020007 40582.1 018004001019002002
4 40582.1 018004001019002002 22355.9 018004001019007002
4 22355.9 018004001019007002 3.69772 002005001025020007
4 3.69772 002005001025020007 20067600000.0 004006002012020002
4 20067600000.0 004006002012020002 128766000.0 004006002012020014
4 128766000.0 004006002012020014 3.69772 002005001025020007
4 3.69772 002005001025020007 181329.0 005002001009018005
4 181329.0 005002001009018005 20812.2 005002001009024005
4 20812.2 005002001009024005 3.69772 002005001025020007
4 3.69772 002005001025020007 336814.0 009000002018005008
4 336814.0 009000002018005008 295.859 001000002018005008
4 295.859 001000002018005008 3.69772 002005001025020007
4 3.69772 002005001025020007 639362000.0 008006002022024002
4 639362000.0 008006002022024002 10545.2 036006002022024002
4 10545.2 036006002022024002 3.69772 002005001025020007
4 3.69772 002005001025020007 997901.65 008003001019013008
4 997901.65 008003001019013008 997901.65 008003001019013008
4 997901.65 008003001019013008 3.69772 002005001025020007
4 3.69772 002005001025020007 2715340000.0 019001001019013000
4 2715340000.0 019001001019013000 41205800.0 019001001012013000
4 41205800.0 019001001012013000 3.69772 002005001025020007
4 3.69772 002005001025020007 23.789 005000000021013005
4 23.789 005000000021013005 3.69772 002005001025020007
4 3.69772 002005001025020007 99.5861 002000001014013002
4 99.5861 002000001014013002 94856500.0 025003001022005007
4 94856500.0 025003001022005007 92302000.0 025003000022005007
4 92302000.0 025003000022005007 3.69772 002005001025020007
4 3.69772 002005001025020007 78054.6 018006001021005001
4 78054.6 018006001021005001 14205.1 018004001021005001
4 14205.1 018004001021005001 3.69772 002005001025020007
4 3.69772 002005001025020007 2518850000.0 019006000021013008
4 2518850000.0 019006000021013008 329717000.0 019006001021013008
4 329717000.0 019006001021013008 3.69772 002005001025020007
4 3.69772 002005001025020007 225471000.0 018006001007007005
4 225471000.0 018006001007007005 222018000.0 018006001013007005
4 222018000.0 018006001013007005 3.69772 002005001025020007
4 3.69772 002005001025020007 436439000.0 028003002002013002
4 436439000.0 028003002002013002 334045000.0 019003002002013002
4 334045000.0 019003002002013002 3.69772 002005001025020007
4 3.69772 002005001025020007 44832.9 028006001014005005
4 44832.9 028006001014005005 4937.08 028004001014005005
4 4937.08 028004001014005005 3.69772 002005001025020007
4 3.69772 002005001025020007 14836200000.0 018006000009005007
4 14836200000.0 018006000009005007 192730000.0 018006000009005009
4 192730000.0 018006000009005009 3.69772 002005001025020007
4 3.69772 002005001025020007 576225.0 002003001022024002
4 576225.0 002003001022024002 20543.4 002003001007024002
4 20543.4 002003001007024002 3.69772 002005001025020007
4 3.69772 002005001025020007 320230000.0 008006000021001003
4 320230000.0 008006000021001003 23744.7 008005000021001003
4 23744.7 008005000021001003 3.69772 002005001025020007
4 3.69772 002005001025020007 130425000.0 008003001019008004
4 130425000.0 008003001019008004 13017.7 008003001011008004
4 13017.7 008003001011008004 3.69772 002005001025020007
4 3.69772 002005001025020007 3290490.0 013003001021001000
4 3290490.0 013003001021001000 49556.5 014003001021001000
4 49556.5 014003001021001000 3.69772 002005001025020007
4 3.69772 002005001025020007 466485000.0 028006000018005004
4 466485000.0 028006000018005004 39442.8 028006000007005004
4 39442.8 028006000007005004 3.69772 002005001025020007
4 3.69772 002005001025020007 36628.1 019005000021005008
4 36628.1 019005000021005008 2149.86 019000000021005008
4 2149.86 019000000021005008 3.69772 002005001025020007
4 3.69772 002005001025020007 5173.37 008005002019013007
4 5173.37 008005002019013007 110.225 008005002019013012
4 110.225 008005002019013012 3.69772 002005001025020007
4 3.69772 002005001025020007 41473150.0 019006000021013004
4 41473150.0 019006000021013004 41473150.0 019006000021013004
4 41473150.0 019006000021013004 3.69772 002005001025020007
4 3.69772 002005001025020007 3439.3 019004000022013000
4 3439.3 019004000022013000 3.69772 002005001025020007
4 3.69772 002005001025020007 23.789 005000000021013005
4 23.789 005000000021013005 796.281 008005000019013004
4 796.281 008005000019013004 259.243 008005000019002004
4 259.243 008005000019002004 3.69772 002005001025020007
4 3.69772 002005001025020007 11942000.0 018004002019013001
4 11942000.0 018004002019013001 31515.7 018004002019020001
4 31515.7 018004002019020001 3.69772 002005001025020007
4 3.69772 002005001025020007 16332900.0 019005000007005000
4 16332900.0 019005000007005000 89.3609 006005000007005000
4 89.3609 006005000007005000 3.69772 002005001025020007
4 3.69772 002005001025020007 32418.2 036006000019001004
4 32418.2 036006000019001004 2084.8 036005000019001004
4 2084.8 036005000019001004 3.69772 002005001025020007
4 3.69772 002005001025020007 44821.6 028003000019013004
4 44821.6 028003000019013004 25249.6 028003000025013004
4 25249.6 028003000025013004 3.69772 002005001025020007
4 3.69772 002005001025020007 3913060000.0 011003000011013004
4 3913060000.0 011003000011013004 25053100.0 011003000013013004
4 25053100.0 011003000013013004 3.69772 002005001025020007
4 3.69772 002005001025020007 243976.0 001003002018025004
4 243976.0 001003002018025004 12509.4 001003002018017004
4 12509.4 001003002018017004 3.69772 002005001025020007
4 3.69772 002005001025020007 694320.0 008005001014013005
4 694320.0 008005001014013005 267575.0 008005000014013005
4 267575.0 008005000014013005 3.69772 002005001025020007
4 3.69772 002005001025020007 37394.4 028006000019000002
4 37394.4 028006000019000002 26399.2 028001000019000002
4 26399.2 028001000019000002 3.69772 002005001025020007
4 3.69772 002005001025020007 330387.0 001004002000025000
4 330387.0 001004002000025000 7133.9 001001002000025000
4 7133.9 001001002000025000 3.69772 002005001025020007
4 3.69772 002005001025020007 49260.9 023004001025013002
4 49260.9 023004001025013002 3.69772 002005001025020007
4 3.69772 002005001025020007 23.789 005000000021013005
4 23.789 005000000021013005 163207.0 018002000019024004
4 163207.0 018002000019024004 163207.0 018002000019024004
4 163207.0 018002000019024004 3.69772 002005001025020007
4 3.69772 002005001025020007 13045500000.0 002003000019002002
4 13045500000.0 002003000019002002 42916.7 032003000019002002
4 42916.7 032003000019002002 3.69772 002005001025020007
4 3.69772 002005001025020007 7601580.0 002001000019001008
4 7601580.0 002001000019001008 3335450.0 002001000019001017
4 3335450.0 002001000019001017 3.69772 002005001025020007
4 3.69772 002005001025020007 4968540000.0 036004002019013004
4 4968540000.0 036004002019013004 23089.6 036004002019021004
4 23089.6 036004002019021004 3.69772 002005001025020007
4 3.69772 002005001025020007 3641.8 008000000007013008
4 3641.8 008000000007013008 37.7031 008000000007007008
4 37.7031 008000000007007008 3.69772 002005001025020007
4 3.69772 002005001025020007 87557.5 008002002007013008
4 87557.5 008002002007013008 461.95 008002002016013008
4 461.95 008002002016013008 3.69772 002005001025020007
4 3.69772 002005001025020007 7518220.0 028001002009013012
4 7518220.0 028001002009013012 2119960.0 028001002009013015
4 2119960.0 028001002009013015 3.69772 002005001025020007
4 3.69772 002005001025020007 17929.0 014004001014005002
4 17929.0 014004001014005002 2339.27 014004001014023002
4 2339.27 014004001014023002 3.69772 002005001025020007
4 3.69772 002005001025020007 663251.0 001002000012013000
4 663251.0 001002000012013000 81473.7 001002000012000000
4 81473.7 001002000012000000 3.69772 002005001025020007
4 3.69772 002005001025020007 11032.1 005004000021005008
4 11032.1 005004000021005008 5024.89 022004000021005008
4 5024.89 022004000021005008 3.69772 002005001025020007
4 3.69772 002005001025020007 306359000.0 028002002014002005
4 306359000.0 028002002014002005 26302.1 028003002014002005
4 26302.1 028003002014002005 3.69772 002005001025020007
4 3.69772 002005001025020007 2704178500.0 006006001021013004
4 2704178500.0 006006001021013004 2704178500.0 006006001021013004
4 2704178500.0 006006001021013004 3.69772 002005001025020007
4 3.69772 002005001025020007 3636540.0 008000001009005008
4 3636540.0 008000001009005008 3636540.0 008000001009005008
4 3636540.0 008000001009005008 3.69772 002005001025020007
4 3.69772 002005001025020007 64608600.0 036002001019013008
4 64608600.0 036002001019013008 61439.5 036002001019016008
4 61439.5 036002001019016008 3.69772 002005001025020007
4 3.69772 002005001025020007 25633.4 006002001019024003
4 25633.4 006002001019024003 10745.4 006002001023024003
4 10745.4 006002001023024003 3.69772 002005001025020007
4 3.69772 002005001025020007 21947.9 006000002014013001
4 21947.9 006000002014013001 3.69772 002005001025020007
4 3.69772 002005001025020007 23.789 005000000021013005
4 23.789 005000000021013005 2067700.0 019002000003013008
4 2067700.0 019002000003013008 1631850.0 005002000003013008
4 1631850.0 005002000003013008 3.69772 002005001025020007
4 3.69772 002005001025020007 306114.0 006000000007013008
4 306114.0 006000000007013008 2247.14 006000000007013007
4 2247.14 006000000007013007 3.69772 002005001025020007
4 3.69772 002005001025020007 14216.6 022003002018024004
4 14216.6 022003002018024004 4330.13 006003002018024004
4 4330.13 006003002018024004 3.69772 002005001025020007
4 3.69772 002005001025020007 130.242 023005000007013009
4 130.242 023005000007013009 43.6146 023005000007013013
4 43.6146 023005000007013013 3.69772 002005001025020007
4 3.69772 002005001025020007 4194660.0 008001000007013004
4 4194660.0 008001000007013004 8499.82 008001000016013004
4 8499.82 008001000016013004 3.69772 002005001025020007
4 3.69772 002005001025020007 628520.0 004000000014013002
4 628520.0 004000000014013002 218725.0 034000000014013002
4 218725.0 034000000014013002 3.69772 002005001025020007
4 3.69772 002005001025020007 38449200.0 028006000019005007
4 38449200.0 028006000019005007 14547200.0 028005000019005007
4 14547200.0 028005000019005007 3.69772 002005001025020007
4 3.69772 002005001025020007 4542370.0 014004002018015000
4 4542370.0 014004002018015000 7687.42 014004002018020000
4 7687.42 014004002018020000 3.69772 002005001025020007
4 3.69772 002005001025020007 3413330.0 018000000007013002
4 3413330.0 018000000007013002 251013.0 018000000007013005
4 251013.0 018000000007013005 3.69772 002005001025020007
4 3.69772 002005001025020007 1127070000.0 018003001021011005
4 1127070000.0 018003001021011005 82222600.0 018003000021011005
4 82222600.0 018003000021011005 3.69772 002005001025020007
4 3.69772 002005001025020007 2412590.0 014005001022024002
4 2412590.0 014005001022024002 25554.6 014000001022024002
4 25554.6 014000001022024002 3.69772 002005001025020007
4 3.69772 002005001025020007 2090570.0 008004002019024008
4 2090570.0 008004002019024008 585572.0 008004002019014008
4 585572.0 008004002019014008 3.69772 002005001025020007
4 3.69772 002005001025020007 6309.55 005000000002013002
4 6309.55 005000000002013002 6309.55 005000000002013002
4 6309.55 005000000002013002 3.69772 002005001025020007
4 3.69772 002005001025020007 10840600.0 008005000018005000
4 10840600.0 008005000018005000 34295.6 008003000018005000
4 34295.6 008003000018005000 3.69772 002005001025020007
4 3.69772 002005001025020007 26857300.0 036000000016005001
4 26857300.0 036000000016005001 550129.0 019000000016005001
4 550129.0 019000000016005001 3.69772 002005001025020007
4 3.69772 002005001025020007 6304630.0 014001000002007008
4 6304630.0 014001000002007008 39170.8 014001001002007008
4 39170.8 014001001002007008 3.69772 002005001025020007
4 3.69772 002005001025020007 4980140.0 014005001016013004
4 4980140.0 014005001016013004 34384.6 014005001012013004
4 34384.6 014005001012013004 3.69772 002005001025020007
4 3.69772 002005001025020007 576016.0 008001002022013008
4 576016.0 008001002022013008 16111.0 008002002022013008
4 16111.0 008002002022013008 3.69772 002005001025020007
4 3.69772 002005001025020007 30402400.0 028003001018000001
4 30402400.0 028003001018000001 40387.3 028003001018016001
4 40387.3 028003001018016001 3.69772 002005001025020007
4 3.69772 002005001025020007 136471.0 008004001021009005
4 136471.0 008004001021009005 4447.8 008005001021009005
4 4447.8 008005001021009005 3.69772 002005001025020007
4 3.69772 002005001025020007 25596.6 006002001007005002
4 25596.6 006002001007005002 3.69772 002005001025020007
4 3.69772 002005001025020007 23.789 005000000021013005
4 23.789 005000000021013005 17197400000.0 023002002007020000
4 17197400000.0 023002002007020000 10571200000.0 023002002007020010
4 10571200000.0 023002002007020010 3.69772 002005001025020007
4 3.69772 002005001025020007 7883680000.0 008003002007005002
4 7883680000.0 008003002007005002 40216.8 008003000007005002
4 40216.8 008003000007005002 3.69772 002005001025020007
4 3.69772 002005001025020007 777693.0 018000000019009002
4 777693.0 018000000019009002 238354.0 022000000019009002
4 238354.0 022000000019009002 3.69772 002005001025020007
4 3.69772 002005001025020007 3009.96 005005000019005004
4 3009.96 005005000019005004 79.313 005005000019019004
4 79.313 005005000019019004 3.69772 002005001025020007
4 3.69772 002005001025020007 7934290000.0 019005000000013000
4 7934290000.0 019005000000013000 49520100.0 001005000000013000
4 49520100.0 001005000000013000 3.69772 002005001025020007
4 3.69772 002005001025020007 296992.0 001005001021015000
4 296992.0 001005001021015000 10672.3 001005001005015000
4 10672.3 001005001005015000 3.69772 002005001025020007
4 3.69772 002005001025020007 556908.0 005004000007013005
4 556908.0 005004000007013005 6129.45 002004000007013005
4 6129.45 002004000007013005 3.69772 002005001025020007
4 3.69772 002005001025020007 168594.0 002005000019015004
4 168594.0 002005000019015004 164331.0 002005001019015004
4 164331.0 002005001019015004 3.69772 002005001025020007
4 3.69772 002005001025020007 2492.69 002005001007000002
4 2492.69 002005001007000002 4.13175 002005001007024002
4 4.13175 002005001007024002 3.69772 002005001025020007
4 3.69772 002005001025020007 612882.0 005000002007013007
4 612882.0 005000002007013007 363823.0 005000000007013007
4 363823.0 005000000007013007 3.69772 002005001025020007
4 3.69772 002005001025020007 10517.0 006005001000013008
4 10517.0 006005001000013008 171.496 008005001000013008
4 171.496 008005001000013008 3.69772 002005001025020007
4 3.69772 002005001025020007 346711.0 005000000007024013
4 346711.0 005000000007024013 7.74117 005000001007024013
4 7.74117 005000001007024013 3.69772 002005001025020007
4 3.69772 002005001025020007 49800.5 008002002018002000
4 49800.5 008002002018002000 33564.0 008005002018002000
4 33564.0 008005002018002000 3.69772 002005001025020007
4 3.69772 002005001025020007 18358.5 023001001007005004
4 18358.5 023001001007005004 14455.8 023001001020005004
4 14455.8 023001001020005004 3.69772 002005001025020007
4 3.69772 002005001025020007 7291.31 022005000021002002
4 7291.31 022005000021002002 3.69772 002005001025020007
4 3.69772 002005001025020007 4.13175 002005001007024002
4 4.13175 002005001007024002 6339.5 014005002019005013
4 6339.5 014005002019005013 1983.79 014005002019008013
4 1983.79 014005002019008013 3.69772 002005001025020007
4 3.69772 002005001025020007 2577.45 022005001018008008
4 2577.45 022005001018008008 121.651 022005001012008008
4 121.651 022005001012008008 3.69772 002005001025020007
4 3.69772 002005001025020007 5729650.0 036005000007023004
4 5729650.0 036005000007023004 1480030.0 036005000007023002
4 1480030.0 036005000007023002 3.69772 002005001025020007
4 3.69772 002005001025020007 3011130.0 005005000019024007
4 3011130.0 005005000019024007 1385920.0 005005000019013007
4 1385920.0 005005000019013007 3.69772 002005001025020007
4 3.69772 002005001025020007 86407000.0 036005002000013013
4 86407000.0 036005002000013013 22437700.0 036005002014013013
4 22437700.0 036005002014013013 3.69772 002005001025020007
4 3.69772 002005001025020007 1027880000.0 014006000000007008
4 1027880000.0 014006000000007008 48442.3 014006002000007008
4 48442.3 014006002000007008 3.69772 002005001025020007
4 3.69772 002005001025020007 199399.0 005000002019013009
4 199399.0 005000002019013009 3.69772 002005001025020007
4 3.69772 002005001025020007 4.13175 002005001007024002
4 4.13175 002005001007024002 1279620000.0 001006000007005008
4 1279620000.0 001006000007005008 16728.9 001006000007005007
4 16728.9 001006000007005007 3.69772 002005001025020007
4 3.69772 002005001025020007 108385000.0 028005002022013004
4 108385000.0 028005002022013004 42085.3 028004002022013004
4 42085.3 028004002022013004 3.69772 002005001025020007
4 3.69772 002005001025020007 458592.0 008005001018008008
4 458592.0 008005001018008008 44610.3 008005001018008009
4 44610.3 008005001018008009 3.69772 002005001025020007
4 3.69772 002005001025020007 4880470.0 023000001019013009
4 4880470.0 023000001019013009 94.8289 023000001019013011
4 94.8289 023000001019013011 3.69772 002005001025020007
4 3.69772 002005001025020007 170332.0 001000002019013005
4 170332.0 001000002019013005 135180.0 001000002019024005
4 135180.0 001000002019024005 3.69772 002005001025020007
4 3.69772 002005001025020007 800352.0 019000000007024013
4 800352.0 019000000007024013 234184.0 019000001007024013
4 234184.0 019000001007024013 3.69772 002005001025020007
4 3.69772 002005001025020007 298008.0 006005001021005013
4 298008.0 006005001021005013 18240.6 006005001021011013
4 18240.6 006005001021011013 3.69772 002005001025020007
4 3.69772 002005001025020007 167584.0 002006000009005002
4 167584.0 002006000009005002 167584.0 002006000009005002
4 167584.0 002006000009005002 3.69772 002005001025020007
4 3.69772 002005001025020007 1341970000.0 028005001007005013
4 1341970000.0 028005001007005013 12515.0 028005002007005013
4 12515.0 028005002007005013 3.69772 002005001025020007
4 3.69772 002005001025020007 849189.0 008005001009001013
4 849189.0 008005001009001013 527621.0 008001001009001013
4 527621.0 008001001009001013 3.69772 002005001025020007
4 3.69772 002005001025020007 19868.3 008005000014013008
4 19868.3 008005000014013008 19868.3 008005000014013008
4 19868.3 008005000014013008 3.69772 002005001025020007
4 3.69772 002005001025020007 10271.5 002000000007013004
4 10271.5 002000000007013004 3.69772 002005001025020007
4 3.69772 002005001025020007 4.13175 002005001007024002
4 4.13175 002005001007024002 6832500.0 022005000000013013
4 6832500.0 022005000000013013 5480080.0 022005000000013006
4 5480080.0 022005000000013006 3.69772 002005001025020007
4 3.69772 002005001025020007 1410900.0 005005002019013002
4 1410900.0 005005002019013002 947804.0 005005002019012002
4 947804.0 005005002019012002 3.69772 002005001025020007
4 3.69772 002005001025020007 181387.0 008000000014013008
4 181387.0 008000000014013008 19868.3 008005000014013008
4 19868.3 008005000014013008 3.69772 002005001025020007
4 3.69772 002005001025020007 18497.9 014005000007013008
4 18497.9 014005000007013008 3.69772 002005001025020007
4 3.69772 002005001025020007 4.13175 002005001007024002
4 4.13175 002005001007024002 2668920000.0 028001002021013008
4 2668920000.0 028001002021013008 22538600.0 028001002021008008
4 22538600.0 028001002021008008 3.69772 002005001025020007
4 3.69772 002005001025020007 90743700.0 023005000021008008
4 90743700.0 023005000021008008 42.3 023005000021008013
4 42.3 023005000021008013 3.69772 002005001025020007
4 3.69772 002005001025020007 77887800.0 023005002007024005
4 77887800.0 023005002007024005 1043910.0 023005002007024012
4 1043910.0 023005002007024012 3.69772 002005001025020007
4 3.69772 002005001025020007 28439.5 023005001007013002
4 28439.5 023005001007013002 7742.36 023005001009013002
4 7742.36 023005001009013002 3.69772 002005001025020007
4 3.69772 002005001025020007 5567420.0 006005002014005013
4 5567420.0 006005002014005013 12227.9 006005002008005013
4 12227.9 006005002008005013 3.69772 002005001025020007
4 3.69772 002005001025020007 508947.0 022004002007013013
4 508947.0 022004002007013013 474546.0 022004002007011013
4 474546.0 022004002007011013 3.69772 002005001025020007
4 3.69772 002005001025020007 2634620.0 008004000007005008
4 2634620.0 008004000007005008 1941380.0 008004002007005008
4 1941380.0 008004002007005008 3.69772 002005001025020007
4 3.69772 002005001025020007 387243000.0 002005000007002002
4 387243000.0 002005000007002002 1236280.0 002005002007002002
4 1236280.0 002005002007002002 3.69772 002005001025020007
4 3.69772 002005001025020007 8093470000.0 023000002000024004
4 8093470000.0 023000002000024004 59059800.0 023005002000024004
4 59059800.0 023005002000024004 3.69772 002005001025020007
4 3.69772 002005001025020007 1460730.0 008000002025024000
4 1460730.0 008000002025024000 442656.0 008000000025024000
4 442656.0 008000000025024000 3.69772 002005001025020007
4 3.69772 002005001025020007 2808080.0 008000002014013008
4 2808080.0 008000002014013008 1091.67 008000002014006008
4 1091.67 008000002014006008 3.69772 002005001025020007
4 3.69772 002005001025020007 4618540.0 006003001009025004
4 4618540.0 006003001009025004 3094240.0 006003001009018004
4 3094240.0 006003001009018004 3.69772 002005001025020007
4 3.69772 002005001025020007 2716290.0 023000000018005004
4 2716290.0 023000000018005004 32345.4 023000002018005004
4 32345.4 023000002018005004 3.69772 002005001025020007
4 3.69772 002005001025020007 319687.0 006000001007013002
4 319687.0 006000001007013002 38569.4 006000001007007002
4 38569.4 006000001007007002 3.69772 002005001025020007
4 3.69772 002005001025020007 5240570.0 008003001018009004
4 5240570.0 008003001018009004 519705.0 008003001018009010
4 519705.0 008003001018009010 3.69772 002005001025020007
4 3.69772 002005001025020007 1283570.0 008004000012025000
4 1283570.0 008004000012025000 8.87837 008001000012025000
4 8.87837 008001000012025000 3.69772 002005001025020007
4 3.69772 002005001025020007 43453.5 022005002019005013
4 43453.5 022005002019005013 3.69772 002005001025020007
4 3.69772 002005001025020007 4.13175 002005001007024002
4 4.13175 002005001007024002 7068030.0 019002000019006009
4 7068030.0 019002000019006009 42548.8 019006000019006009
4 42548.8 019006000019006009 3.69772 002005001025020007
4 3.69772 002005001025020007 15670.4 022005000018019008
4 15670.4 022005000018019008 3.69772 002005001025020007
4 3.69772 002005001025020007 4.13175 002005001007024002
4 4.13175 002005001007024002 207830.6537 008000000019025007
4 207830.6537 008000000019025007 207830.6537 008000000019025007
4 207830.6537 008000000019025007 3.69772 002005001025020007
4 3.69772 002005001025020007 4719250.0 008004000012000007
4 4719250.0 008004000012000007 5438.44 008004000012000014
4 5438.44 008004000012000014 3.69772 002005001025020007
4 3.69772 002005001025020007 22253600.0 023000000012002002
4 22253600.0 023000000012002002 864895.0 023000000012009002
4 864895.0 023000000012009002 3.69772 002005001025020007
4 3.69772 002005001025020007 24631.9 008000001014013000
4 24631.9 008000001014013000 3.69772 002005001025020007
4 3.69772 002005001025020007 4.13175 002005001007024002
4 4.13175 002005001007024002 45320.7 014005000007000004
4 45320.7 014005000007000004 30531.4 014005000015000004
4 30531.4 014005000015000004 3.69772 002005001025020007
4 3.69772 002005001025020007 619019.0 001004000019000004
4 619019.0 001004000019000004 403567.0 001004000019000005
4 403567.0 001004000019000005 3.69772 002005001025020007
4 3.69772 002005001025020007 11827.4 008005000021013004
4 11827.4 008005000021013004 1391.91 008005000021013002
4 1391.91 008005000021013002 3.69772 002005001025020007
4 3.69772 002005001025020007 9248830.0 022005001019024007
4 9248830.0 022005001019024007 8366490.0 022004001019024007
4 8366490.0 022004001019024007 3.69772 002005001025020007
4 3.69772 002005001025020007 2924130.0 008005000012024013
4 2924130.0 008005000012024013 29342.9 008005001012024013
4 29342.9 008005001012024013 3.69772 002005001025020007
4 3.69772 002005001025020007 505174.0 002000000007005008
4 505174.0 002000000007005008 2109.53 002001000007005008
4 2109.53 002001000007005008 3.69772 002005001025020007
4 3.69772 002005001025020007 28112.5 008005000007020005
4 28112.5 008005000007020005 41.0605 008005000007020014
4 41.0605 008005000007020014 3.69772 002005001025020007
4 3.69772 002005001025020007 993050.0 008000000019013008
4 993050.0 008000000019013008 249763.0 032000000019013008
4 249763.0 032000000019013008 3.69772 002005001025020007
4 3.69772 002005001025020007 10313.9 006005000021005008
4 10313.9 006005000021005008 4472.71 012005000021005008
4 4472.71 012005000021005008 3.69772 002005001025020007
4 3.69772 002005001025020007 31414.3 008005000007020002
4 31414.3 008005000007020002 28112.5 008005000007020005
4 28112.5 008005000007020005 3.69772 002005001025020007
4 3.69772 002005001025020007 6681.57 023005002007009008
4 6681.57 023005002007009008 23.4266 006005002007009008
4 23.4266 006005002007009008 3.69772 002005001025020007
4 3.69772 002005001025020007 10471.3 019005002007013000
4 10471.3 019005002007013000 3140.68 006005002007013000
4 3140.68 006005002007013000 3.69772 002005001025020007
4 3.69772 002005001025020007 18497.9 014005000007013008
4 18497.9 014005000007013008 6018.24 014003000007013008
4 6018.24 014003000007013008 3.69772 002005001025020007
4 3.69772 002005001025020007 1687630.0 002005002007002000
4 1687630.0 002005002007002000 9555.46 002005001007002000
4 9555.46 002005001007002000 3.69772 002005001025020007
4 3.69772 002005001025020007 6274670.0 005005001000006007
4 6274670.0 005005001000006007 434517.0 001005001000006007
4 434517.0 001005001000006007 3.69772 002005001025020007
4 3.69772 002005001025020007 6796680.0 022005000021001005
4 6796680.0 022005000021001005 35994.8 022005000021014005
4 35994.8 022005000021014005 3.69772 002005001025020007
4 3.69772 002005001025020007 24960.1 036001000007005007
4 24960.1 036001000007005007 16094.4 036001000012005007
4 16094.4 036001000012005007 3.69772 002005001025020007
4 3.69772 002005001025020007 23410.1 023005002019005004
4 23410.1 023005002019005004 69.5413 023005002019005017
4 69.5413 023005002019005017 3.69772 002005001025020007
4 3.69772 002005001025020007 671872.0 006005001012013002
4 671872.0 006005001012013002 521918.0 006005001012013010
4 521918.0 006005001012013010 3.69772 002005001025020007
4 3.69772 002005001025020007 8135.61 005005000019025008
4 8135.61 005005000019025008 27.0218 005005000019025016
4 27.0218 005005000019025016 3.69772 002005001025020007
4 3.69772 002005001025020007 5208940000.0 014005002012023000
4 5208940000.0 014005002012023000 30617.5 014005002012019000
4 30617.5 014005002012019000 3.69772 002005001025020007
4 3.69772 002005001025020007 23444.9 022000000014000012
4 23444.9 022000000014000012 7586.94 009000000014000012
4 7586.94 009000000014000012 3.69772 002005001025020007
4 3.69772 002005001025020007 854053.0 001005002021009007
4 854053.0 001005002021009007 200464.0 001002002021009007
4 200464.0 001002002021009007 3.69772 002005001025020007
4 3.69772 002005001025020007 1772.77 019004000021005013
4 1772.77 019004000021005013 326.497 030004000021005013
4 326.497 030004000021005013 3.69772 002005001025020007
4 3.69772 002005001025020007 18568.2 008005002007009007
4 18568.2 008005002007009007 7800.17 008002002007009007
4 7800.17 008002002007009007 3.69772 002005001025020007
4 3.69772 002005001025020007 2554260.0 002005001007005011
4 2554260.0 002005001007005011 436578.0 002005001007005007
4 436578.0 002005001007005007 3.69772 002005001025020007
4 3.69772 002005001025020007 244758.0 008000000012025004
4 244758.0 008000000012025004 41.0183 008000000002025004
4 41.0183 008000000002025004 3.69772 002005001025020007
4 3.69772 002005001025020007 2722280000.0 014005002007005008
4 2722280000.0 014005002007005008 37935.3 014005000007005008
4 37935.3 014005000007005008 3.69772 002005001025020007
4 3.69772 002005001025020007 2150680000.0 014005000007013000
4 2150680000.0 014005000007013000 37899800.0 014005000013013000
4 37899800.0 014005000013013000 3.69772 002005001025020007
4 3.69772 002005001025020007 3096350000.0 019005000007013000
4 3096350000.0 019005000007013000 50761.7 019005000007018000
4 50761.7 019005000007018000 3.69772 002005001025020007
4 3.69772 002005001025020007 1025.8 001005002014013000
4 1025.8 001005002014013000 410.13 001005001014013000
4 410.13 001005001014013000 3.69772 002005001025020007
4 3.69772 002005001025020007 225808000.0 023005000019007011
4 225808000.0 023005000019007011 92509400.0 024005000019007011
4 92509400.0 024005000019007011 3.69772 002005001025020007
4 3.69772 002005001025020007 8146.38 023000002007023011
4 8146.38 023000002007023011 3.69772 002005001025020007
4 3.69772 002005001025020007 4.13175 002005001007024002
4 4.13175 002005001007024002 21631.6 022005001019024013
4 21631.6 022005001019024013 17327.8 022005001004024013
4 17327.8 022005001004024013 3.69772 002005001025020007
4 3.69772 002005001025020007 2892910.0 006005001019005004
4 2892910.0 006005001019005004 2071140.0 006005001019018004
4 2071140.0 006005001019018004 3.69772 002005001025020007
4 3.69772 002005001025020007 5208985000.0 008004000007005004
4 5208985000.0 008004000007005004 5208985000.0 008004000007005004
4 5208985000.0 008004000007005004 3.69772 002005001025020007
4 3.69772 002005001025020007 758564.93425 008005001014005008
4 758564.93425 008005001014005008 758564.93425 008005001014005008
4 758564.93425 008005001014005008 3.69772 002005001025020007
4 3.69772 002005001025020007 11763900.0 008005000018008018
4 11763900.0 008005000018008018 2613150.0 008000000018008018
4 2613150.0 008000000018008018 3.69772 002005001025020007
4 3.69772 002005001025020007 520447.0 008000001019013009
4 520447.0 008000001019013009 4001.43 008000001019005009
4 4001.43 008000001019005009 3.69772 002005001025020007
4 3.69772 002005001025020007 805265.0 008005001019002004
4 805265.0 008005001019002004 179.413 008003001019002004
4 179.413 008003001019002004 3.69772 002005001025020007
4 3.69772 002005001025020007 20884100.0 002003000009009005
4 20884100.0 002003000009009005 43561.6 002003000023009005
4 43561.6 002003000023009005 3.69772 002005001025020007
4 3.69772 002005001025020007 1176510.0 014000000021005008
4 1176510.0 014000000021005008 258.153 014000002021005008
4 258.153 014000002021005008 3.69772 002005001025020007
4 3.69772 002005001025020007 101.814 008000000019020000
4 101.814 008000000019020000 3.28417 007000000019020000
4 3.28417 007000000019020000 3.69772 002005001025020007
4 3.69772 002005001025020007 731730.0 008005000018024005
4 731730.0 008005000018024005 46949.8 008005000017024005
4 46949.8 008005000017024005 3.28417 007000000019020000
4 3.28417 007000000019020000 8953000.0 022005000019025004
4 8953000.0 022005000019025004 214148.0 022001000019025004
4 214148.0 022001000019025004 3.28417 007000000019020000
4 3.28417 007000000019020000 1420830.0 008005000014019008
4 1420830.0 008005000014019008 7527.51 010005000014019008
4 7527.51 010005000014019008 3.28417 007000000019020000
4 3.28417 007000000019020000 3879.46 023000000021020004
4 3879.46 023000000021020004 1311.68 028000000021020004
4 1311.68 028000000021020004 3.28417 007000000019020000
4 3.28417 007000000019020000 584642.0 002004002019013008
4 584642.0 002004002019013008 8942.03 002004000019013008
4 8942.03 002004000019013008 3.28417 007000000019020000
4 3.28417 007000000019020000 908641.5 008005000014020008
4 908641.5 008005000014020008 908641.5 008005000014020008
4 908641.5 008005000014020008 3.28417 007000000019020000
4 3.28417 007000000019020000 16813.1 008000002021005008
4 16813.1 008000002021005008 5589.29 008000002021013008
4 5589.29 008000002021013008 3.28417 007000000019020000
4 3.28417 007000000019020000 6565900.0 008005002007002013
4 6565900.0 008005002007002013 52339.9 008002002007002013
4 52339.9 008002002007002013 3.28417 007000000019020000
4 3.28417 007000000019020000 1579550.0 014000000019008008
4 1579550.0 014000000019008008 12309.4 014006000019008008
4 12309.4 014006000019008008 3.28417 007000000019020000
4 3.28417 007000000019020000 456301.0 005000000021024013
4 456301.0 005000000021024013 998.967 005000000006024013
4 998.967 005000000006024013 3.28417 007000000019020000
5 3.28417 007000000019020000 600129.0 002000001016016005
5 600129.0 002000001016016005 293993.0 002005001016016005
5 293993.0 002005001016016005 423.285 022001000003004003
5 423.285 022001000003004003 802131.0 005005002016003009
5 802131.0 005005002016003009 764030.0 005005002016003016
5 764030.0 005005002016003016 423.285 022001000003004003
5 423.285 022001000003004003 5209.88 017003000019009006
5 5209.88 017003000019009006 423.285 022001000003004003
5 423.285 022001000003004003 6532.12 010000001015023001
5 6532.12 010000001015023001 2617.17 010001000002016007
5 2617.17 010001000002016007 147.558 028001000002016007
5 147.558 028001000002016007 423.285 022001000003004003
5 423.285 022001000003004003 5543.9 005000001019018000
5 5543.9 005000001019018000 9.95559 005000001019022000
5 9.95559 005000001019022000 147.558 028001000002016007
5 147.558 028001000002016007 13485.7 005001002004022008
5 13485.7 005001002004022008 4781.15 005002002004022008
5 4781.15 005002002004022008 9.95559 005000001019022000
5 9.95559 005000001019022000 54.5065 010005001017000009
5 54.5065 010005001017000009 8.85058 010005001017000010
5 8.85058 010005001017000010 9.95559 005000001019022000
5 9.95559 005000001019022000 3714.7 026004001016022000
5 3714.7 026004001016022000 8.85058 010005001017000010
5 8.85058 010005001017000010 9.95559 005000001019022000
5 9.95559 005000001019022000 20124.4 010003002003010010
5 20124.4 010003002003010010 11778.6 039003002003010010
5 11778.6 039003002003010010 8.85058 010005001017000010
5 8.85058 010005001017000010 4640036.95 005004001002009002
5 4640036.95 005004001002009002 4640036.95 005004001002009002
5 4640036.95 005004001002009002 8.85058 010005001017000010
5 8.85058 010005001017000010 7127.94 006003000016022009
5 7127.94 006003000016022009 1562.83 003003000016022009
5 1562.83 003003000016022009 8.85058 010005001017000010
5 8.85058 010005001017000010 1092287.1866666668 019000000016022003
5 1092287.1866666668 019000000016022003 148997.0 019000000016011003
5 148997.0 019000000016011003 8.85058 010005001017000010
5 8.85058 010005001017000010 1540620.0 006005000016022000
5 1540620.0 006005000016022000 16111.2 006005001016022000
5 16111.2 006005001016022000 8.85058 010005001017000010
5 8.85058 010005001017000010 810238.0 005002002017022008
5 810238.0 005002002017022008 25389.0 005006002017022008
5 25389.0 005006002017022008 8.85058 010005001017000010
5 8.85058 010005001017000010 191646.0 001000001002016003
5 191646.0 001000001002016003 21669.5 001000001002016001
5 21669.5 001000001002016001 8.85058 010005001017000010
5 8.85058 010005001017000010 560624.0 005000000019000009
5 560624.0 005000000019000009 4651.32 030000000019000009
5 4651.32 030000000019000009 8.85058 010005001017000010
5 8.85058 010005001017000010 1843690.0 010001002016016005
5 1843690.0 010001002016016005 247032.0 010001002016016010
5 247032.0 010001002016016010 8.85058 010005001017000010
5 8.85058 010005001017000010 48.5429 005001000008013006
5 48.5429 005001000008013006 8.85058 010005001017000010
5 8.85058 010005001017000010 9.95559 005000001019022000
5 9.95559 005000001019022000 28919900.0 022005000002011001
5 28919900.0 022005000002011001 28919900.0 022005000002011001
5 28919900.0 022005000002011001 8.85058 010005001017000010
5 8.85058 010005001017000010 816420.0 002001000017003010
5 816420.0 002001000017003010 23204.4 013001000017003010
5 23204.4 013001000017003010 8.85058 010005001017000010
5 8.85058 010005001017000010 375100000.0 005003000002013005
5 375100000.0 005003000002013005 146144000.0 029003000002013005
5 146144000.0 029003000002013005 8.85058 010005001017000010
5 8.85058 010005001017000010 10982.0 030004002019018009
5 10982.0 030004002019018009 8.85058 010005001017000010
5 8.85058 010005001017000010 9.95559 005000001019022000
5 9.95559 005000001019022000 79181700.0 026005001017009005
5 79181700.0 026005001017009005 79181700.0 026005001017009005
5 79181700.0 026005001017009005 8.85058 010005001017000010
5 8.85058 010005001017000010 277.321 010003001017022003
5 277.321 010003001017022003 8.85058 010005001017000010
5 8.85058 010005001017000010 9.95559 005000001019022000
5 9.95559 005000001019022000 28157.4 005000001021013009
5 28157.4 005000001021013009 16498.0 005000001008013009
5 16498.0 005000001008013009 8.85058 010005001017000010
5 8.85058 010005001017000010 1367540.0 010004000016000010
5 1367540.0 010004000016000010 328686.0 010004000016015010
5 328686.0 010004000016015010 8.85058 010005001017000010
5 8.85058 010005001017000010 26663200.0 007005000002011003
5 26663200.0 007005000002011003 29384.3 007005000016011003
5 29384.3 007005000016011003 8.85058 010005001017000010
5 8.85058 010005001017000010 181366000.0 010002000016000003
5 181366000.0 010002000016000003 6206.88 010000000016000003
5 6206.88 010000000016000003 8.85058 010005001017000010
5 8.85058 010005001017000010 205377.0 001000002004009001
5 205377.0 001000002004009001 169052.0 001000002004012001
5 169052.0 001000002004012001 8.85058 010005001017000010
5 8.85058 010005001017000010 1413920.0 001003000003022006
5 1413920.0 001003000003022006 12597.2 001003000003022013
5 12597.2 001003000003022013 8.85058 010005001017000010
5 8.85058 010005001017000010 1092287.1866666668 019000000016022003
5 1092287.1866666668 019000000016022003 2181.08 019000000016009003
5 2181.08 019000000016009003 8.85058 010005001017000010
5 8.85058 010005001017000010 2371670.0 029004000021023006
5 2371670.0 029004000021023006 2418.8 029004000021023018
5 2418.8 029004000021023018 8.85058 010005001017000010
5 8.85058 010005001017000010 284680.5 001004001017013008
5 284680.5 001004001017013008 284680.5 001004001017013008
5 284680.5 001004001017013008 8.85058 010005001017000010
5 8.85058 010005001017000010 1742330.0 005003000017024004
5 1742330.0 005003000017024004 1611520.0 005004000017024004
5 1611520.0 005004000017024004 8.85058 010005001017000010
5 8.85058 010005001017000010 826898000.0 005004000004016000
5 826898000.0 005004000004016000 11085.3 005004000004008000
5 11085.3 005004000004008000 8.85058 010005001017000010
5 8.85058 010005001017000010 216153.0 001001001003005008
5 216153.0 001001001003005008 7402.4 001001001003020008
5 7402.4 001001001003020008 8.85058 010005001017000010
5 8.85058 010005001017000010 22.6109 005000001010023003
5 22.6109 005000001010023003 8.85058 010005001017000010
5 8.85058 010005001017000010 9.95559 005000001019022000
5 9.95559 005000001019022000 1103550.0 010004001011009006
5 1103550.0 010004001011009006 4246.8 010004001011009001
5 4246.8 010004001011009001 8.85058 010005001017000010
5 8.85058 010005001017000010 56191.8 010003000018022000
5 56191.8 010003000018022000 8.85058 010005001017000010
5 8.85058 010005001017000010 9.95559 005000001019022000
5 9.95559 005000001019022000 282930.0 029004002002019009
5 282930.0 029004002002019009 18621.6 029004002002009009
5 18621.6 029004002002009009 8.85058 010005001017000010
5 8.85058 010005001017000010 383506.0 001004002016013010
5 383506.0 001004002016013010 212135.0 001004002016013009
5 212135.0 001004002016013009 8.85058 010005001017000010
5 8.85058 010005001017000010 42.3006 001001001003018008
5 42.3006 001001001003018008 13.2862 001001001017018008
5 13.2862 001001001017018008 8.85058 010005001017000010
5 8.85058 010005001017000010 5159.61 029001000016018000
5 5159.61 029001000016018000 2321.46 029001000016003000
5 2321.46 029001000016003000 8.85058 010005001017000010
5 8.85058 010005001017000010 5528830000.0 029000001010023003
5 5528830000.0 029000001010023003 32941.1 029000001010000003
5 32941.1 029000001010000003 8.85058 010005001017000010
5 8.85058 010005001017000010 22320.6 001003001002009003
5 22320.6 001003001002009003 15336.9 011003001002009003
5 15336.9 011003001002009003 8.85058 010005001017000010
5 8.85058 010005001017000010 4079560.0 019004000021018001
5 4079560.0 019004000021018001 15412.3 009004000021018001
5 15412.3 009004000021018001 8.85058 010005001017000010
5 8.85058 010005001017000010 7009.68 001000000017010007
5 7009.68 001000000017010007 2730.07 001000000017010014
5 2730.07 001000000017010014 8.85058 010005001017000010
5 8.85058 010005001017000010 31407.2 010001000016000009
5 31407.2 010001000016000009 21899.6 013001000016000009
5 21899.6 013001000016000009 8.85058 010005001017000010
5 8.85058 010005001017000010 78.4814 001003000002022009
5 78.4814 001003000002022009 47.3593 001003000020022009
5 47.3593 001003000020022009 8.85058 010005001017000010
5 8.85058 010005001017000010 1648710.0 005004002008022000
5 1648710.0 005004002008022000 1217.66 011004002008022000
5 1217.66 011004002008022000 8.85058 010005001017000010
5 8.85058 010005001017000010 8481.66 001005001019016014
5 8481.66 001005001019016014 2.27723 001005001019022014
5 2.27723 001005001019022014 8.85058 010005001017000010
5 8.85058 010005001017000010 4222.53 019001000017016000
5 4222.53 019001000017016000 706.419 019004000017016000
5 706.419 019004000017016000 2.27723 001005001019022014
5 2.27723 001005001019022014 1114210.0 001003000017010007
5 1114210.0 001003000017010007 9413.59 001005000017010007
5 9413.59 001005000017010007 2.27723 001005001019022014
5 2.27723 001005001019022014 490718000.0 010003000017018000
5 490718000.0 010003000017018000 45395.5 010003000004018000
5 45395.5 010003000004018000 2.27723 001005001019022014
5 2.27723 001005001019022014 179523.0 026000000021022008
5 179523.0 026000000021022008 367.9 026000000011022008
5 367.9 026000000011022008 2.27723 001005001019022014
5 2.27723 001005001019022014 14413000.0 029001001002004014
5 14413000.0 029001001002004014 15798.5 029002001002004014
5 15798.5 029002001002004014 2.27723 001005001019022014
5 2.27723 001005001019022014 4147.44 005000000019022007
5 4147.44 005000000019022007 70.5064 005000000000022007
5 70.5064 005000000000022007 2.27723 001005001019022014
5 2.27723 001005001019022014 2565830.0 005001000017000009
5 2565830.0 005001000017000009 1329080.0 005002000017000009
5 1329080.0 005002000017000009 2.27723 001005001019022014
5 2.27723 001005001019022014 159589000.0 030000001008013000
5 159589000.0 030000001008013000 64086300.0 007000001008013000
5 64086300.0 007000001008013000 2.27723 001005001019022014
5 2.27723 001005001019022014 231450.0 001000002019022003
5 231450.0 001000002019022003 130217.0 007000002019022003
5 130217.0 007000002019022003 2.27723 001005001019022014
5 2.27723 001005001019022014 27646800.0 005001000003013003
5 27646800.0 005001000003013003 256788.0 005001002003013003
5 256788.0 005001002003013003 2.27723 001005001019022014
5 2.27723 001005001019022014 600645.0 003001001002016000
5 600645.0 003001001002016000 50754.2 003004001002016000
5 50754.2 003004001002016000 2.27723 001005001019022014
5 2.27723 001005001019022014 118764000.0 029001001004000010
5 118764000.0 029001001004000010 68540200.0 029001001004008010
5 68540200.0 029001001004008010 2.27723 001005001019022014
5 2.27723 001005001019022014 1.04007 001000000017023000
5 1.04007 001000000017023000 2.27723 001005001019022014
5 2.27723 001005001019022014 8.85058 010005001017000010
5 8.85058 010005001017000010 29446.6 039002001004022008
5 29446.6 039002001004022008 24524.0 039002001004022011
5 24524.0 039002001004022011 1.04007 001000000017023000
5 1.04007 001000000017023000 280281.0 005000000008016003
5 280281.0 005000000008016003 55834.9 005006000008016003
5 55834.9 005006000008016003 1.04007 001000000017023000
5 1.04007 001000000017023000 24405300000.0 029001000008000003
5 24405300000.0 029001000008000003 8214050000.0 029005000008000003
5 8214050000.0 029005000008000003 1.04007 001000000017023000
5 1.04007 001000000017023000 1595470.0 001004000021016000
5 1595470.0 001004000021016000 956178.0 001002000021016000
5 956178.0 001002000021016000 1.04007 001000000017023000
5 1.04007 001000000017023000 376123.0 001000000019018006
5 376123.0 001000000019018006 185140.0 001000001019018006
5 185140.0 001000001019018006 1.04007 001000000017023000
5 1.04007 001000000017023000 6097.78 005004000019022007
5 6097.78 005004000019022007 1.04007 001000000017023000
5 1.04007 001000000017023000 2.27723 001005001019022014
5 2.27723 001005001019022014 614164.0 001000002017009001
5 614164.0 001000002017009001 227713.0 001001002017009001
5 227713.0 001001002017009001 1.04007 001000000017023000
5 1.04007 001000000017023000 289608.0 001005000019018007
5 289608.0 001005000019018007 6.49393 005005000019018007
5 6.49393 005005000019018007 1.04007 001000000017023000
5 1.04007 001000000017023000 1442160.0 005001000019022009
5 1442160.0 005001000019022009 42.9057 005001000019022008
5 42.9057 005001000019022008 1.04007 001000000017023000
5 1.04007 001000000017023000 34018.0 026000001000022000
5 34018.0 026000001000022000 11247.0 026004001000022000
5 11247.0 026004001000022000 1.04007 001000000017023000
5 1.04007 001000000017023000 101427000.0 005003000019009003
5 101427000.0 005003000019009003 22150800.0 005003000019009007
5 22150800.0 005003000019009007 1.04007 001000000017023000
5 1.04007 001000000017023000 11619.7 010001000016023002
5 11619.7 010001000016023002 1158.51 010001000010023002
5 1158.51 010001000010023002 1.04007 001000000017023000
5 1.04007 001000000017023000 31457.1 005000001000009000
5 31457.1 005000001000009000 12230.4 005005001000009000
5 12230.4 005005001000009000 1.04007 001000000017023000
5 1.04007 001000000017023000 5532180.0 011004000017022007
5 5532180.0 011004000017022007 1613900.0 011004000017022006
5 1613900.0 011004000017022006 1.04007 001000000017023000
5 1.04007 001000000017023000 120.491 001000000017018002
5 120.491 001000000017018002 50.3381 001000000017007002
5 50.3381 001000000017007002 1.04007 001000000017023000
5 1.04007 001000000017023000 629912.0 001004000017016003
5 629912.0 001004000017016003 325662.0 001004000017007003
5 325662.0 001004000017007003 1.04007 001000000017023000
5 1.04007 001000000017023000 470785.0 001000000019023003
5 470785.0 001000000019023003 151838.0 006000000019023003
5 151838.0 006000000019023003 1.04007 001000000017023000
5 1.04007 001000000017023000 97204500.0 010005000010009000
5 97204500.0 010005000010009000 5734.37 010005001010009000
5 5734.37 010005001010009000 1.04007 001000000017023000
5 1.04007 001000000017023000 1926910000.0 010001000002016003
5 1926910000.0 010001000002016003 1285.25 010001000002019003
5 1285.25 010001000002019003 1.04007 001000000017023000
5 1.04007 001000000017023000 35164.3 001000000017018007
5 35164.3 001000000017018007 86.7838 001000000017006007
5 86.7838 001000000017006007 1.04007 001000000017023000
5 1.04007 001000000017023000 42013.6 029003001017022007
5 42013.6 029003001017022007 39202.0 029003001012022007
5 39202.0 029003001012022007 1.04007 001000000017023000
5 1.04007 001000000017023000 51708900.0 028004002017013000
5 51708900.0 028004002017013000 10593900.0 016004002017013000
5 10593900.0 016004002017013000 1.04007 001000000017023000
5 1.04007 001000000017023000 376700.0 019000000002022002
5 376700.0 019000000002022002 20899.9 019000000007022002
5 20899.9 019000000007022002 1.04007 001000000017023000
5 1.04007 001000000017023000 350545.0 001003001010022002
5 350545.0 001003001010022002 204312.0 001003002010022002
5 204312.0 001003002010022002 1.04007 001000000017023000
5 1.04007 001000000017023000 2910.47 029003000010022007
5 2910.47 029003000010022007 244.655 029005000010022007
5 244.655 029005000010022007 1.04007 001000000017023000
5 1.04007 001000000017023000 4418470.0 026000001017007010
5 4418470.0 026000001017007010 7998.91 026000000017007010
5 7998.91 026000000017007010 1.04007 001000000017023000
5 1.04007 001000000017023000 841609.0 005001000002022009
5 841609.0 005001000002022009 92.7933 005001000002022014
5 92.7933 005001000002022014 1.04007 001000000017023000
5 1.04007 001000000017023000 5475.39 005003000020018014
5 5475.39 005003000020018014 1.04007 001000000017023000
5 1.04007 001000000017023000 2.27723 001005001019022014
5 2.27723 001005001019022014 1065060.0 005005001002022003
5 1065060.0 005005001002022003 211077.0 005005002002022003
5 211077.0 005005002002022003 1.04007 001000000017023000
5 1.04007 001000000017023000 278.895 010000002008022007
5 278.895 010000002008022007 1.04007 001000000017023000
5 1.04007 001000000017023000 2.27723 001005001019022014
5 2.27723 001005001019022014 13442.5 026000001021022000
5 13442.5 026000001021022000 40.6886 001000001021022000
5 40.6886 001000001021022000 1.04007 001000000017023000
5 1.04007 001000000017023000 375346.0 005000001000022006
5 375346.0 005000001000022006 30702.2 006000001000022006
5 30702.2 006000001000022006 1.04007 001000000017023000
5 1.04007 001000000017023000 20756.2 019001001019009003
5 20756.2 019001001019009003 8245.94 019001001004009003
5 8245.94 019001001004009003 1.04007 001000000017023000
5 1.04007 001000000017023000 10878.1 010004000021022002
5 10878.1 010004000021022002 377.488 011004000021022002
5 377.488 011004000021022002 1.04007 001000000017023000
5 1.04007 001000000017023000 391383.5 001003000010016008
5 391383.5 001003000010016008 391383.5 001003000010016008
5 391383.5 001003000010016008 1.04007 001000000017023000
5 1.04007 001000000017023000 73.3331 005001000019006007
5 73.3331 005001000019006007 1.04007 001000000017023000
5 1.04007 001000000017023000 2.27723 001005001019022014
5 2.27723 001005001019022014 89130100.0 010002002002009007
5 89130100.0 010002002002009007 16113100.0 010004002002009007
5 16113100.0 010004002002009007 1.04007 001000000017023000
5 1.04007 001000000017023000 26192600.0 026005001017019009
5 26192600.0 026005001017019009 13694100.0 026005001016019009
5 13694100.0 026005001016019009 1.04007 001000000017023000
5 1.04007 001000000017023000 784317.0 019000000004018003
5 784317.0 019000000004018003 1479.03 019000000020018003
5 1479.03 019000000020018003 1.04007 001000000017023000
5 1.04007 001000000017023000 49015.6 029005002020023000
5 49015.6 029005002020023000 136.62 029005000020023000
5 136.62 029005000020023000 1.04007 001000000017023000
5 1.04007 001000000017023000 1092287.1866666668 019000000016022003
5 1092287.1866666668 019000000016022003 46304.0 019006000016022003
5 46304.0 019006000016022003 1.04007 001000000017023000
5 1.04007 001000000017023000 4866.46 026000000019000003
5 4866.46 026000000019000003 2889.81 026000000019000010
5 2889.81 026000000019000010 1.04007 001000000017023000
5 1.04007 001000000017023000 20502800000.0 029001000016000000
5 20502800000.0 029001000016000000 20502800000.0 029001000016000000
5 20502800000.0 029001000016000000 1.04007 001000000017023000
5 1.04007 001000000017023000 382755.0 001000000019022000
5 382755.0 001000000019022000 6684.71 001002000019022000
5 6684.71 001002000019022000 1.04007 001000000017023000
5 1.04007 001000000017023000 3300820.0 026005001011004014
5 3300820.0 026005001011004014 2977350.0 026005001011002014
5 2977350.0 026005001011002014 1.04007 001000000017023000
5 1.04007 001000000017023000 2757.53 022000000019018003
5 2757.53 022000000019018003 1.04007 001000000017023000
5 1.04007 001000000017023000 2.27723 001005001019022014
5 2.27723 001005001019022014 735129.0 010000000011023001
5 735129.0 010000000011023001 460020.0 010000000008023001
5 460020.0 010000000008023001 1.04007 001000000017023000
5 1.04007 001000000017023000 234759.0 001000000011022010
5 234759.0 001000000011022010 8497.56 037000000011022010
5 8497.56 037000000011022010 1.04007 001000000017023000
5 1.04007 001000000017023000 293607.0 019001000016022007
5 293607.0 019001000016022007 293607.0 019001000016022007
5 293607.0 019001000016022007 1.04007 001000000017023000
5 1.04007 001000000017023000 425416.0 010000000016018003
5 425416.0 010000000016018003 158994.0 027000000016018003
5 158994.0 027000000016018003 1.04007 001000000017023000
5 1.04007 001000000017023000 28797.1 029003000019022007
5 28797.1 029003000019022007 3445.78 029003000019022003
5 3445.78 029003000019022003 1.04007 001000000017023000
5 1.04007 001000000017023000 29915.9 001003000008022014
5 29915.9 001003000008022014 6026.47 034003000008022014
5 6026.47 034003000008022014 1.04007 001000000017023000
5 1.04007 001000000017023000 22589.7 005000000002003007
5 22589.7 005000000002003007 5817.03 005000000002001007
5 5817.03 005000000002001007 1.04007 001000000017023000
5 1.04007 001000000017023000 728669.0 001000000016007003
5 728669.0 001000000016007003 29466.8 039000000016007003
5 29466.8 039000000016007003 1.04007 001000000017023000
5 1.04007 001000000017023000 31011.2 010003000017023003
5 31011.2 010003000017023003 20249.5 010003000000023003
5 20249.5 010003000000023003 1.04007 001000000017023000
5 1.04007 001000000017023000 280822000.0 026003000017022000
5 280822000.0 026003000017022000 603.511 026002000017022000
5 603.511 026002000017022000 1.04007 001000000017023000
5 1.04007 001000000017023000 23990.0 001005000019022008
5 23990.0 001005000019022008 59.1735 001005000019010008
5 59.1735 001005000019010008 1.04007 001000000017023000
5 1.04007 001000000017023000 921844.0 001001001002023002
5 921844.0 001001001002023002 127551.0 001001001002014002
5 127551.0 001001001002014002 1.04007 001000000017023000
5 1.04007 001000000017023000 144539.0 001001000002023003
5 144539.0 001001000002023003 52053.0 001003000002023003
5 52053.0 001003000002023003 1.04007 001000000017023000
5 1.04007 001000000017023000 429732.0 029000000002023009
5 429732.0 029000000002023009 9748.17 029000000002002009
5 9748.17 029000000002002009 1.04007 001000000017023000
5 1.04007 001000000017023000 70.0587 019001000002018007
5 70.0587 019001000002018007 39.1817 019001000002020007
5 39.1817 019001000002020007 1.04007 001000000017023000
5 1.04007 001000000017023000 16998.7 010005000017023000
5 16998.7 010005000017023000 14601.8 006005000017023000
5 14601.8 006005000017023000 1.04007 001000000017023000
5 1.04007 001000000017023000 937119.0 001001000019000003
5 937119.0 001001000019000003 376428.0 001001000019000004
5 376428.0 001001000019000004 1.04007 001000000017023000
5 1.04007 001000000017023000 668410.0 001001000008018008
5 668410.0 001001000008018008 175881.0 001001001008018008
5 175881.0 001001001008018008 1.04007 001000000017023000
5 1.04007 001000000017023000 12671.415 010001000016007007
5 12671.415 010001000016007007 12671.415 010001000016007007
5 12671.415 010001000016007007 1.04007 001000000017023000
5 1.04007 001000000017023000 176699000.0 026001001002010002
5 176699000.0 026001001002010002 29461.1 026005001002010002
5 29461.1 026005001002010002 1.04007 001000000017023000
5 1.04007 001000000017023000 20453.0 001001002010022000
5 20453.0 001001002010022000 3187.46 001001002010022011
5 3187.46 001001002010022011 1.04007 001000000017023000
5 1.04007 001000000017023000 54314.3 010003000017022000
5 54314.3 010003000017022000 54077.7 010003000017024000
5 54077.7 010003000017024000 1.04007 001000000017023000
5 1.04007 001000000017023000 40307.6 003005001010016007
5 40307.6 003005001010016007 2183.56 003005001010022007
5 2183.56 003005001010022007 1.04007 001000000017023000
5 1.04007 001000000017023000 4477330.0 001003000019013014
5 4477330.0 001003000019013014 2324760.0 001003000019013001
5 2324760.0 001003000019013001 1.04007 001000000017023000
5 1.04007 001000000017023000 446053.0 001000001003023014
5 446053.0 001000001003023014 7617.68 001004001003023014
5 7617.68 001004001003023014 1.04007 001000000017023000
5 1.04007 001000000017023000 699483.0 026001000010023007
5 699483.0 026001000010023007 15879.8 026001001010023007
5 15879.8 026001001010023007 1.04007 001000000017023000
5 1.04007 001000000017023000 6607.58 001000000017023007
5 6607.58 001000000017023007 93.1916 001000000017021007
5 93.1916 001000000017021007 1.04007 001000000017023000
5 1.04007 001000000017023000 158520.0 026000000017022007
5 158520.0 026000000017022007 12247.5 026000000017009007
5 12247.5 026000000017009007 1.04007 001000000017023000
5 1.04007 001000000017023000 8948.805 010000000002006008
5 8948.805 010000000002006008 8948.805 010000000002006008
5 8948.805 010000000002006008 1.04007 001000000017023000
5 1.04007 001000000017023000 71.7895 001004000017000007
5 71.7895 001004000017000007 5.24501 001004000017000006
5 5.24501 001004000017000006 1.04007 001000000017023000
5 1.04007 001000000017023000 96787500.0 005003000010018002
5 96787500.0 005003000010018002 12646.2 005005000010018002
5 12646.2 005005000010018002 1.04007 001000000017023000
5 1.04007 001000000017023000 2385370.0 022004002017022003
5 2385370.0 022004002017022003 5133.42 022004002019022003
5 5133.42 022004002019022003 1.04007 001000000017023000
5 1.04007 001000000017023000 92403800.0 026000001003022003
5 92403800.0 026000001003022003 57588.4 017000001003022003
5 57588.4 017000001003022003 1.04007 001000000017023000
5 1.04007 001000000017023000 1826190.0 010000000002004008
5 1826190.0 010000000002004008 327654.0 010000000016004008
5 327654.0 010000000016004008 1.04007 001000000017023000
5 1.04007 001000000017023000 364923.0 005000000010018007
5 364923.0 005000000010018007 1.04007 001000000017023000
5 1.04007 001000000017023000 2.27723 001005001019022014
5 2.27723 001005001019022014 4170830.0 010004000010018002
5 4170830.0 010004000010018002 1865130.0 010004000010018008
5 1865130.0 010004000010018008 1.04007 001000000017023000
5 1.04007 001000000017023000 27454.9 019000001008013018
5 27454.9 019000001008013018 139.186 019000001008015018
5 139.186 019000001008015018 1.04007 001000000017023000
5 1.04007 001000000017023000 570992.0 011004000017023009
5 570992.0 011004000017023009 183474.0 011004001017023009
5 183474.0 011004001017023009 1.04007 001000000017023000
5 1.04007 001000000017023000 18774.5 005004001002000000
5 18774.5 005004001002000000 13709.3 015004001002000000
5 13709.3 015004001002000000 1.04007 001000000017023000
5 1.04007 001000000017023000 45.5016 001004001017020002
5 45.5016 001004001017020002 12.7083 001000001017020002
5 12.7083 001000001017020002 1.04007 001000000017023000
5 1.04007 001000000017023000 289637.0 001000000010023008
5 289637.0 001000000010023008 276052.0 001000000010021008
5 276052.0 001000000010021008 1.04007 001000000017023000
5 1.04007 001000000017023000 52.8482 001004000017022009
5 52.8482 001004000017022009 24.4726 009004000017022009
5 24.4726 009004000017022009 1.04007 001000000017023000
5 1.04007 001000000017023000 53.9125 001000000000023006
5 53.9125 001000000000023006 1.04007 001000000017023000
5 1.04007 001000000017023000 2.27723 001005001019022014
5 2.27723 001005001019022014 189592.0 001001000019016007
5 189592.0 001001000019016007 17230.1 001001000019000007
5 17230.1 001001000019000007 1.04007 001000000017023000
5 1.04007 001000000017023000 4402.02 005004000017022008
5 4402.02 005004000017022008 4402.02 005004000017022008
5 4402.02 005004000017022008 1.04007 001000000017023000
5 1.04007 001000000017023000 535644.0 001001001011000003
5 535644.0 001001001011000003 208699.0 001001001011000008
5 208699.0 001001001011000008 1.04007 001000000017023000
5 1.04007 001000000017023000 34897.9 001005000003000000
5 34897.9 001005000003000000 28501.4 022005000003000000
5 28501.4 022005000003000000 1.04007 001000000017023000
5 1.04007 001000000017023000 804653.0 005000002017022006
5 804653.0 005000002017022006 24734.1 005000002017022016
5 24734.1 005000002017022016 1.04007 001000000017023000
5 1.04007 001000000017023000 5796.47 019001000002021000
5 5796.47 019001000002021000 5796.47 019001000002021000
5 5796.47 019001000002021000 1.04007 001000000017023000
5 1.04007 001000000017023000 219574.0 001001001003022007
5 219574.0 001001001003022007 199481.0 001001000003022007
5 199481.0 001001000003022007 1.04007 001000000017023000
5 1.04007 001000000017023000 9625.22 019001002019018003
5 9625.22 019001002019018003 4067.66 028001002019018003
5 4067.66 028001002019018003 1.04007 001000000017023000
5 1.04007 001000000017023000 20482.3 005002001002023003
5 20482.3 005002001002023003 17031.6 005002001009023003
5 17031.6 005002001009023003 1.04007 001000000017023000
5 1.04007 001000000017023000 7980.022550000001 001000001017022014
5 7980.022550000001 001000001017022014 7980.022550000001 001000001017022014
5 7980.022550000001 001000001017022014 1.04007 001000000017023000
5 1.04007 001000000017023000 341520.0 011000000002022007
5 341520.0 011000000002022007 341520.0 011000000002022007
5 341520.0 011000000002022007 1.04007 001000000017023000
5 1.04007 001000000017023000 556571.0 001004001017022000
5 556571.0 001004001017022000 96248.7 001000001017022000
5 96248.7 001000001017022000 1.04007 001000000017023000
5 1.04007 001000000017023000 85.7408 005001000002023014
5 85.7408 005001000002023014 1.04007 001000000017023000
5 1.04007 001000000017023000 2.27723 001005001019022014
5 2.27723 001005001019022014 14245.0 010003000011022007
5 14245.0 010003000011022007 4617.39 016003000011022007
5 4617.39 016003000011022007 1.04007 001000000017023000
6 1.04007 001000000017023000 405591.0 002004002014024004
6 405591.0 002004002014024004 4813.6 025004002014024004
6 4813.6 025004002014024004 1.33171 001001001009023005
6 1.33171 001001001009023005 21854200.0 028005000005000007
6 21854200.0 028005000005000007 5198570.0 028005000005018007
6 5198570.0 028005000005018007 1.33171 001001001009023005
6 1.33171 001001001009023005 63292.6 027006002015000008
6 63292.6 027006002015000008 54428.7 039006002015000008
6 54428.7 039006002015000008 1.33171 001001001009023005
6 1.33171 001001001009023005 16362500.0 013004000000014002
6 16362500.0 013004000000014002 5199490.0 013004000000024002
6 5199490.0 013004000000024002 1.33171 001001001009023005
6 1.33171 001001001009023005 1411260.0 025004002001022007
6 1411260.0 025004002001022007 554289.0 025004000001022007
6 554289.0 025004000001022007 1.33171 001001001009023005
6 1.33171 001001001009023005 7811170000.0 022005002006020004
6 7811170000.0 022005002006020004 1091730000.0 022005002006020008
6 1091730000.0 022005002006020008 1.33171 001001001009023005
6 1.33171 001001001009023005 8635070000.0 039000001007011007
6 8635070000.0 039000001007011007 1589050.0 007000001007011007
6 1589050.0 007000001007011007 1.33171 001001001009023005
6 1.33171 001001001009023005 77023.6 014002001005000006
6 77023.6 014002001005000006 20394.9 014002002005000006
6 20394.9 014002002005000006 1.33171 001001001009023005
6 1.33171 001001001009023005 26696.5 028006002008021007
6 26696.5 028006002008021007 26696.5 028006002008021007
6 26696.5 028006002008021007 1.33171 001001001009023005
6 1.33171 001001001009023005 368195000.0 008000002006005006
6 368195000.0 008000002006005006 14485400.0 008000002020005006
6 14485400.0 008000002020005006 1.33171 001001001009023005
6 1.33171 001001001009023005 3130360.0 014002000021010006
6 3130360.0 014002000021010006 317581.0 014002000012010006
6 317581.0 014002000012010006 1.33171 001001001009023005
6 1.33171 001001001009023005 16930.5 004005000011001003
6 16930.5 004005000011001003 9270.83 004005000024001003
6 9270.83 004005000024001003 1.33171 001001001009023005
6 1.33171 001001001009023005 266407000.0 014006000008000007
6 266407000.0 014006000008000007 31785.2 005006000008000007
6 31785.2 005006000008000007 1.33171 001001001009023005
6 1.33171 001001001009023005 2291630000.0 028004001014010008
6 2291630000.0 028004001014010008 16275.6 017004001014010008
6 16275.6 017004001014010008 1.33171 001001001009023005
6 1.33171 001001001009023005 52025000.0 011005000014003004
6 52025000.0 011005000014003004 6679.94 011005000017003004
6 6679.94 011005000017003004 1.33171 001001001009023005
6 1.33171 001001001009023005 56868.1 004002002017010006
6 56868.1 004002002017010006 14458.7 004002002017013006
6 14458.7 004002002017013006 1.33171 001001001009023005
6 1.33171 001001001009023005 537534.0 004002001015003005
6 537534.0 004002001015003005 34780.2 027002001015003005
6 34780.2 027002001015003005 1.33171 001001001009023005
6 1.33171 001001001009023005 8982090000.0 014006001021016004
6 8982090000.0 014006001021016004 24788.5 017006001021016004
6 24788.5 017006001021016004 1.33171 001001001009023005
6 1.33171 001001001009023005 81191000.0 014004001005003007
6 81191000.0 014004001005003007 5208690.0 014004001005015007
6 5208690.0 014004001005015007 1.33171 001001001009023005
6 1.33171 001001001009023005 14801400000.0 028000002015010005
6 14801400000.0 028000002015010005 47323.6 028000002024010005
6 47323.6 028000002024010005 1.33171 001001001009023005
6 1.33171 001001001009023005 52259.3 028000001008001003
6 52259.3 028000001008001003 29529.9 028000001015001003
6 29529.9 028000001015001003 1.33171 001001001009023005
6 1.33171 001001001009023005 4876620.95 016002002017023006
6 4876620.95 016002002017023006 4876620.95 016002002017023006
6 4876620.95 016002002017023006 1.33171 001001001009023005
6 1.33171 001001001009023005 2574200.0 011004000020004004
6 2574200.0 011004000020004004 613.255 001004000020004004
6 613.255 001004000020004004 1.33171 001001001009023005
6 1.33171 001001001009023005 3036130.0 008002000017010004
6 3036130.0 008002000017010004 3036130.0 008002000017010004
6 3036130.0 008002000017010004 1.33171 001001001009023005
6 1.33171 001001001009023005 487795000.0 027002002000024003
6 487795000.0 027002002000024003 125582.0 027002002000009003
6 125582.0 027002002000009003 1.33171 001001001009023005
6 1.33171 001001001009023005 67939058.75 027006001014023004
6 67939058.75 027006001014023004 67939058.75 027006001014023004
6 67939058.75 027006001014023004 1.33171 001001001009023005
6 1.33171 001001001009023005 41108.55 004003000017010008
6 41108.55 004003000017010008 41108.55 004003000017010008
6 41108.55 004003000017010008 1.33171 001001001009023005
6 1.33171 001001001009023005 19033200000.0 014006001008003008
6 19033200000.0 014006001008003008 52200.1 014006001008020008
6 52200.1 014006001008020008 1.33171 001001001009023005
6 1.33171 001001001009023005 8534940000.0 014006000022010004
6 8534940000.0 014006000022010004 50692.3 014006000022015004
6 50692.3 014006000022015004 1.33171 001001001009023005
6 1.33171 001001001009023005 1661670000.0 010001001015004002
6 1661670000.0 010001001015004002 88678800.0 028001001015004002
6 88678800.0 028001001015004002 1.33171 001001001009023005
6 1.33171 001001001009023005 3841.84 026004001017021006
6 3841.84 026004001017021006 42.195 008004001017021006
6 42.195 008004001017021006 1.33171 001001001009023005
6 1.33171 001001001009023005 12089200.0 022004000017014005
6 12089200.0 022004000017014005 10690300.0 022004000017015005
6 10690300.0 022004000017015005 1.33171 001001001009023005
6 1.33171 001001001009023005 448846000.0 028005000008004008
6 448846000.0 028005000008004008 2686500.0 028005000008014008
6 2686500.0 028005000008014008 1.33171 001001001009023005
6 1.33171 001001001009023005 36038.0 029001002008000000
6 36038.0 029001002008000000 1.33171 001001001009023005
6 1.33171 001001001009023005 39.7185 027000000004025006
6 39.7185 027000000004025006 4646090.0 025005000021010008
6 4646090.0 025005000021010008 1554050.0 025005000021024008
6 1554050.0 025005000021024008 1.33171 001001001009023005
6 1.33171 001001001009023005 603062000.0 005006001015021004
6 603062000.0 005006001015021004 156651.0 005001001015021004
6 156651.0 005001001015021004 1.33171 001001001009023005
6 1.33171 001001001009023005 17045.9 010002000022024006
6 17045.9 010002000022024006 7509.53 007002000022024006
6 7509.53 007002000022024006 1.33171 001001001009023005
6 1.33171 001001001009023005 886845.0 027004000013024002
6 886845.0 027004000013024002 863819.0 027004000006024002
6 863819.0 027004000006024002 1.33171 001001001009023005
6 1.33171 001001001009023005 18747100.0 011000000023001004
6 18747100.0 011000000023001004 1060920.0 011000000023009004
6 1060920.0 011000000023009004 1.33171 001001001009023005
6 1.33171 001001001009023005 6512306.3 025004001022016003
6 6512306.3 025004001022016003 6512306.3 025004001022016003
6 6512306.3 025004001022016003 1.33171 001001001009023005
6 1.33171 001001001009023005 16813.6 008001001023016009
6 16813.6 008001001023016009 39.8511 008000001023016009
6 39.8511 008000001023016009 1.33171 001001001009023005
6 1.33171 001001001009023005 7460900.0 008004000020004006
6 7460900.0 008004000020004006 28107.2 008004000007004006
6 28107.2 008004000007004006 1.33171 001001001009023005
6 1.33171 001001001009023005 2927280.0 014000001007025006
6 2927280.0 014000001007025006 18978.4 014000001007025007
6 18978.4 014000001007025007 1.33171 001001001009023005
6 1.33171 001001001009023005 414444.0 001005000005025003
6 414444.0 001005000005025003 942.205 001005000005025014
6 942.205 001005000005025014 1.33171 001001001009023005
6 1.33171 001001001009023005 2655.94 004005001008023004
6 2655.94 004005001008023004 5.79526 004005001019023004
6 5.79526 004005001019023004 1.33171 001001001009023005
6 1.33171 001001001009023005 388906.0 028001000024024003
6 388906.0 028001000024024003 667.849 028001000024022003
6 667.849 028001000024022003 1.33171 001001001009023005
6 1.33171 001001001009023005 21.4224 005004000020022006
6 21.4224 005004000020022006 1.33171 001001001009023005
6 1.33171 001001001009023005 5.79526 004005001019023004
6 5.79526 004005001019023004 11735.7 025004001023022002
6 11735.7 025004001023022002 6155.87 025004001023011002
6 6155.87 025004001023011002 1.33171 001001001009023005
6 1.33171 001001001009023005 16770.7 004004001011012001
6 16770.7 004004001011012001 6599.4 016004001011012001
6 6599.4 016004001011012001 1.33171 001001001009023005
6 1.33171 001001001009023005 11259.5 004005000017023008
6 11259.5 004005000017023008 11259.5 004005000017023008
6 11259.5 004005000017023008 1.33171 001001001009023005
6 1.33171 001001001009023005 6793660000.0 026001001008021003
6 6793660000.0 026001001008021003 17985.0 026001000008021003
6 17985.0 026001000008021003 1.33171 001001001009023005
6 1.33171 001001001009023005 29654.3 027001001008024006
6 29654.3 027001001008024006 18807.5 027001001008012006
6 18807.5 027001001008012006 1.33171 001001001009023005
6 1.33171 001001001009023005 13179.2 004004001014025006
6 13179.2 004004001014025006 1.87733 004004001014025014
6 1.87733 004004001014025014 1.33171 001001001009023005
6 1.33171 001001001009023005 7545.23 025005000019014006
6 7545.23 025005000019014006 186.181 017005000019014006
6 186.181 017005000019014006 1.33171 001001001009023005
6 1.33171 001001001009023005 9957.21 004004000024022006
6 9957.21 004004000024022006 3869.56 004004000024022015
6 3869.56 004004000024022015 1.33171 001001001009023005
6 1.33171 001001001009023005 18606200.0 001004000008001006
6 18606200.0 001004000008001006 19119.8 001004002008001006
6 19119.8 001004002008001006 1.33171 001001001009023005
6 1.33171 001001001009023005 387750.0 001001001014010004
6 387750.0 001001001014010004 18010.0 030001001014010004
6 18010.0 030001001014010004 1.33171 001001001009023005
6 1.33171 001001001009023005 227.928 026004000023010004
6 227.928 026004000023010004 118.693 027004000023010004
6 118.693 027004000023010004 1.33171 001001001009023005
6 1.33171 001001001009023005 667288.0 007004000022011006
6 667288.0 007004000022011006 6233.97 007000000022011006
6 6233.97 007000000022011006 1.33171 001001001009023005
6 1.33171 001001001009023005 2541110.0 025004000017015002
6 2541110.0 025004000017015002 17637.0 025004000005015002
6 17637.0 025004000005015002 1.33171 001001001009023005
6 1.33171 001001001009023005 4816270000.0 022004000005010003
6 4816270000.0 022004000005010003 404870.0 022000000005010003
6 404870.0 022000000005010003 1.33171 001001001009023005
6 1.33171 001001001009023005 141748.0 004002001011023003
6 141748.0 004002001011023003 61.9874 004003001011023003
6 61.9874 004003001011023003 1.33171 001001001009023005
6 1.33171 001001001009023005 692927.0 004003001023013008
6 692927.0 004003001023013008 25.5469 004003001023006008
6 25.5469 004003001023006008 1.33171 001001001009023005
6 1.33171 001001001009023005 3915730000.0 025004000012005004
6 3915730000.0 025004000012005004 8048090.0 025004000017005004
6 8048090.0 025004000017005004 1.33171 001001001009023005
6 1.33171 001001001009023005 311605.0 004004001011025006
6 311605.0 004004001011025006 45.9982 004004002011025006
6 45.9982 004004002011025006 1.33171 001001001009023005
6 1.33171 001001001009023005 74.1476 004001001023023006
6 74.1476 004001001023023006 74.1476 004001001023023006
6 74.1476 004001001023023006 1.33171 001001001009023005
6 1.33171 001001001009023005 14241000.0 004005000013022015
6 14241000.0 004005000013022015 371374.0 004005000013022002
6 371374.0 004005000013022002 1.33171 001001001009023005
6 1.33171 001001001009023005 27164.7 017004001017008003
6 27164.7 017004001017008003 7322.9 017004001017017003
6 7322.9 017004001017017003 1.33171 001001001009023005
6 1.33171 001001001009023005 11519.8 001000001023025003
6 11519.8 001000001023025003 36.3339 001000001023024003
6 36.3339 001000001023024003 1.33171 001001001009023005
6 1.33171 001001001009023005 161.028 001005001017025004
6 161.028 001005001017025004 272055.0 001005001003025004
6 272055.0 001005001003025004 1.33171 001001001009023005
6 1.33171 001001001009023005 403275.0 001005000023006008
6 403275.0 001005000023006008 31692.3 004005000023006008
6 31692.3 004005000023006008 1.33171 001001001009023005
6 1.33171 001001001009023005 323919.0 001004000024025004
6 323919.0 001004000024025004 51.093 001004000024011004
6 51.093 001004000024011004 1.33171 001001001009023005
6 1.33171 001001001009023005 938942.0 004005000011022003
6 938942.0 004005000011022003 3599.14 004005000011010003
6 3599.14 004005000011010003 1.33171 001001001009023005
6 1.33171 001001001009023005 125.61 009004000024023004
6 125.61 009004000024023004 1.33171 001001001009023005
6 1.33171 001001001009023005 1.87733 004004001014025014
6 1.87733 004004001014025014 2108040.0 004004000023012006
6 2108040.0 004004000023012006 1052130.0 004002000023012006
6 1052130.0 004002000023012006 1.33171 001001001009023005
6 1.33171 001001001009023005 12.5852 004002001023023004
6 12.5852 004002001023023004 1.33171 001001001009023005
6 1.33171 001001001009023005 1.87733 004004001014025014
6 1.87733 004004001014025014 6405380.0 027004001023012006
6 6405380.0 027004001023012006 87402.1 027006001023012006
6 87402.1 027006001023012006 1.33171 001001001009023005
6 1.33171 001001001009023005 468.86315 005001000024025006
6 468.86315 005001000024025006 468.86315 005001000024025006
6 468.86315 005001000024025006 1.33171 001001001009023005
6 1.33171 001001001009023005 174474.0 001002001023010004
6 174474.0 001002001023010004 1.33171 001001001009023005
6 1.33171 001001001009023005 1.87733 004004001014025014
6 1.87733 004004001014025014 24477.2 028006000014023001
6 24477.2 028006000014023001 1915.78 028006000013023001
6 1915.78 028006000013023001 1.33171 001001001009023005
6 1.33171 001001001009023005 778747.0 004002001011011009
6 778747.0 004002001011011009 303061.0 003002001011011009
6 303061.0 003002001011011009 1.33171 001001001009023005
6 1.33171 001001001009023005 211406.0 007004000020012004
6 211406.0 007004000020012004 3904.76 007004000020012015
6 3904.76 007004000020012015 1.33171 001001001009023005
6 1.33171 001001001009023005 2805.71 004005001023023002
6 2805.71 004005001023023002 1.33171 001001001009023005
6 1.33171 001001001009023005 1.87733 004004001014025014
6 1.87733 004004001014025014 33635.7 028004000023010002
6 33635.7 028004000023010002 33635.7 028004000023010002
6 33635.7 028004000023010002 1.33171 001001001009023005
6 1.33171 001001001009023005 1030810.0 008001002019025008
6 1030810.0 008001002019025008 3167.95 008001002019000008
6 3167.95 008001002019000008 1.33171 001001001009023005
6 1.33171 001001001009023005 3931570.0 026004000020008008
6 3931570.0 026004000020008008 30224.1 026004000020008003
6 30224.1 026004000020008003 1.33171 001001001009023005
6 1.33171 001001001009023005 2356830.0 004006000023016009
6 2356830.0 004006000023016009 2113050.0 004001000023016009
6 2113050.0 004001000023016009 1.33171 001001001009023005
6 1.33171 001001001009023005 4270100.0 014004000004014003
6 4270100.0 014004000004014003 35299.7 014004001004014003
6 35299.7 014004001004014003 1.33171 001001001009023005
6 1.33171 001001001009023005 16010.4 026004001019006006
6 16010.4 026004001019006006 11424.7 026004001019013006
6 11424.7 026004001019013006 1.33171 001001001009023005
6 1.33171 001001001009023005 403886.0 004001001023006004
6 403886.0 004001001023006004 159913.0 004001001013006004
6 159913.0 004001001013006004 1.33171 001001001009023005
6 1.33171 001001001009023005 2093.71 004001001019023003
6 2093.71 004001001019023003 843084.0 004001001019023009
6 843084.0 004001001019023009 1.33171 001001001009023005
6 1.33171 001001001009023005 8632.55 028004001014011004
6 8632.55 028004001014011004 3914.94 029004001014011004
6 3914.94 029004001014011004 1.33171 001001001009023005
6 1.33171 001001001009023005 12107.2 001003000022023000
6 12107.2 001003000022023000 3.826 001003000022015000
6 3.826 001003000022015000 1.33171 001001001009023005
6 1.33171 001001001009023005 124223000.0 027006000019008001
6 124223000.0 027006000019008001 66253.8 027006000019019001
6 66253.8 027006000019019001 1.33171 001001001009023005
6 1.33171 001001001009023005 519786.0 008004000019010004
6 519786.0 008004000019010004 17814.7 008004002019010004
6 17814.7 008004002019010004 1.33171 001001001009023005
6 1.33171 001001001009023005 39.1961 016000000011017001
6 39.1961 016000000011017001 1.33171 001001001009023005
6 1.33171 001001001009023005 1.87733 004004001014025014
6 1.87733 004004001014025014 104144000.0 007004000011016000
6 104144000.0 007004000011016000 549572.0 007000000011016000
6 549572.0 007000000011016000 1.33171 001001001009023005
6 1.33171 001001001009023005 816406.0 004002001024014002
6 816406.0 004002001024014002 43606.4 004002001024014010
6 43606.4 004002001024014010 1.33171 001001001009023005
6 1.33171 001001001009023005 235946.0 001004000023025000
6 235946.0 001004000023025000 162663.0 001004001023025000
6 162663.0 001004001023025000 1.33171 001001001009023005
6 1.33171 001001001009023005 239510.0 004004000021005004
6 239510.0 004004000021005004 3091.66 023004000021005004
6 3091.66 023004000021005004 1.33171 001001001009023005
6 1.33171 001001001009023005 265331.0 004003000019024003
6 265331.0 004003000019024003 147563.0 004003000019024007
6 147563.0 004003000019024007 1.33171 001001001009023005
6 1.33171 001001001009023005 2024058.5 025005001023023014
6 2024058.5 025005001023023014 2024058.5 025005001023023014
6 2024058.5 025005001023023014 1.33171 001001001009023005
6 1.33171 001001001009023005 103.147 026003001004014014
6 103.147 026003001004014014 1.33171 001001001009023005
6 1.33171 001001001009023005 1.87733 004004001014025014
6 1.87733 004004001014025014 33343100.0 028005001021023006
6 33343100.0 028005001021023006 32906000.0 028005001021019006
6 32906000.0 028005001021019006 1.33171 001001001009023005
6 1.33171 001001001009023005 16714400.0 017000001014024000
6 16714400.0 017000001014024000 7720.07 016000001014024000
6 7720.07 016000001014024000 1.33171 001001001009023005
6 1.33171 001001001009023005 1627550.0 004005001011021004
6 1627550.0 004005001011021004 17596.8 004005000011021004
6 17596.8 004005000011021004 1.33171 001001001009023005
6 1.33171 001001001009023005 6459240000.0 014006001011021009
6 6459240000.0 014006001011021009 384020.0 014003001011021009
6 384020.0 014003001011021009 1.33171 001001001009023005
6 1.33171 001001001009023005 804044.0 001005001020005015
6 804044.0 001005001020005015 645243.0 029005001020005015
6 645243.0 029005001020005015 1.33171 001001001009023005
6 1.33171 001001001009023005 87.1199 017004002022023006
6 87.1199 017004002022023006 60.3359 017004002022023014
6 60.3359 017004002022023014 1.33171 001001001009023005
6 1.33171 001001001009023005 26795.3 027000000023023000
6 26795.3 027000000023023000 3835.31 027000000023023001
6 3835.31 027000000023023001 1.33171 001001001009023005
6 1.33171 001001001009023005 3483710.0 017004001023023003
6 3483710.0 017004001023023003 19530.5 039004001023023003
6 19530.5 039004001023023003 1.33171 001001001009023005
6 1.33171 001001001009023005 45018.0 027001001011021008
6 45018.0 027001001011021008 12843.6 003001001011021008
6 12843.6 003001001011021008 1.33171 001001001009023005
6 1.33171 001001001009023005 743551.0 008004001023000006
6 743551.0 008004001023000006 14821.4 008004001023005006
6 14821.4 008004001023005006 1.33171 001001001009023005
6 1.33171 001001001009023005 21269.2 007005002023025004
6 21269.2 007005002023025004 10488.4 007002002023025004
6 10488.4 007002002023025004 1.33171 001001001009023005
6 1.33171 001001001009023005 100387000.0 027003001011022004
6 100387000.0 027003001011022004 30686.9 027003000011022004
6 30686.9 027003000011022004 1.33171 001001001009023005
6 1.33171 001001001009023005 930553.0 017000000005011006
6 930553.0 017000000005011006 1.33171 001001001009023005
6 1.33171 001001001009023005 1.87733 004004001014025014
6 1.87733 004004001014025014 736059000.0 027004001020022006
6 736059000.0 027004001020022006 736059000.0 027004001020022006
6 736059000.0 027004001020022006 1.33171 001001001009023005
6 1.33171 001001001009023005 156477000.0 029003001011023004
6 156477000.0 029003001011023004 136193.0 029003001011020004
6 136193.0 029003001011020004 1.33171 001001001009023005
6 1.33171 001001001009023005 8014.34 007000000023023005
6 8014.34 007000000023023005 10.7523 007000000023023017
6 10.7523 007000000023023017 1.33171 001001001009023005
6 1.33171 001001001009023005 5008.69 009004001013023014
6 5008.69 009004001013023014 98.3737 009004001013001014
6 98.3737 009004001013001014 1.33171 001001001009023005
6 1.33171 001001001009023005 10315700.0 017004001011015002
6 10315700.0 017004001011015002 21204.5 017004001011015008
6 21204.5 017004001011015008 1.33171 001001001009023005
6 1.33171 001001001009023005 1165290000.0 022000001023025003
6 1165290000.0 022000001023025003 298578.0 022000000023025003
6 298578.0 022000000023025003 1.33171 001001001009023005
6 1.33171 001001001009023005 48357900.0 022001001011021004
6 48357900.0 022001001011021004 29211.2 022001002011021004
6 29211.2 022001002011021004 1.33171 001001001009023005
6 1.33171 001001001009023005 898678.0 001001002011021015
6 898678.0 001001002011021015 90.9939 001003002011021015
6 90.9939 001003002011021015 1.33171 001001001009023005
6 1.33171 001001001009023005 12731.9 028000001021011000
6 12731.9 028000001021011000 1.33171 001001001009023005
6 1.33171 001001001009023005 1.87733 004004001014025014
6 1.87733 004004001014025014 10358.4 022004001024010000
6 10358.4 022004001024010000 3428.59 022004002024010000
6 3428.59 022004002024010000 1.33171 001001001009023005
6 1.33171 001001001009023005 7667710.0 017001001023014006
6 7667710.0 017001001023014006 17590.4 017001001013014006
6 17590.4 017001001013014006 1.33171 001001001009023005
6 1.33171 001001001009023005 174861000.0 017006000004025006
6 174861000.0 017006000004025006 42297600.0 036006000004025006
6 42297600.0 036006000004025006 1.33171 001001001009023005
6 1.33171 001001001009023005 6228340.0 026001000023023003
6 6228340.0 026001000023023003 14879.4 026001001023023003
6 14879.4 026001001023023003 1.33171 001001001009023005
6 1.33171 001001001009023005 21.4905 026000000023025015
6 21.4905 026000000023025015 21.3999 026000000023025017
6 21.3999 026000000023025017 1.33171 001001001009023005
6 1.33171 001001001009023005 17742.9 004003000023011006
6 17742.9 004003000023011006 17742.9 004003000023011006
6 17742.9 004003000023011006 1.33171 001001001009023005
6 1.33171 001001001009023005 574681.0 001004000005008014
6 574681.0 001004000005008014 291015.0 001004001005008014
6 291015.0 001004001005008014 1.33171 001001001009023005
6 1.33171 001001001009023005 646269.0 022004001004023015
6 646269.0 022004001004023015 5330.23 022004001002023015
6 5330.23 022004001002023015 1.33171 001001001009023005
6 1.33171 001001001009023005 136171.0 001004001011023003
6 136171.0 001004001011023003 21305.8 001004001012023003
6 21305.8 001004001012023003 1.33171 001001001009023005
6 1.33171 001001001009023005 368250.0 004000002017023004
6 368250.0 004000002017023004 6491.39 004002002017023004
6 6491.39 004002002017023004 1.33171 001001001009023005
6 1.33171 001001001009023005 2808160.0 027001000011023006
6 2808160.0 027001000011023006 2523330.0 007001000011023006
6 2523330.0 007001000011023006 1.33171 001001001009023005
6 1.33171 001001001009023005 739077.0 028000000008025006
6 739077.0 028000000008025006 102.486 028000000014025006
6 102.486 028000000014025006 1.33171 001001001009023005
6 1.33171 001001001009023005 3847.03 027005000019024000
6 3847.03 027005000019024000 1.33171 001001001009023005
6 1.33171 001001001009023005 1.87733 004004001014025014
6 1.87733 004004001014025014 4063690.0 017000001023025003
6 4063690.0 017000001023025003 37566.4 017000002023025003
6 37566.4 017000002023025003 1.33171 001001001009023005
6 1.33171 001001001009023005 1066646.0 004002001024022000
6 1066646.0 004002001024022000 1066646.0 004002001024022000
6 1066646.0 004002001024022000 1.33171 001001001009023005
6 1.33171 001001001009023005 382584000.0 026000000017001002
6 382584000.0 026000000017001002 7167.17 013000000017001002
6 7167.17 013000000017001002 1.33171 001001001009023005
6 1.33171 001001001009023005 17604.5 001000002014025003
6 17604.5 001000002014025003 16.0184 001000001014025003
6 16.0184 001000001014025003 1.33171 001001001009023005
6 1.33171 001001001009023005 5678650.0 028004000014014001
6 5678650.0 028004000014014001 5530900.0 028004000016014001
6 5530900.0 028004000016014001 1.33171 001001001009023005
6 1.33171 001001001009023005 38.1484 008000001023022006
6 38.1484 008000001023022006 12.0724 008000001023007006
6 12.0724 008000001023007006 1.33171 001001001009023005
6 1.33171 001001001009023005 166401.85 004004000024022008
6 166401.85 004004000024022008 166401.85 004004000024022008
6 166401.85 004004000024022008 1.33171 001001001009023005
6 1.33171 001001001009023005 46.352 004004001011000006
6 46.352 004004001011000006 1.33171 001001001009023005
6 1.33171 001001001009023005 1.87733 004004001014025014
6 1.87733 004004001014025014 12303.9 008001001019010004
6 12303.9 008001001019010004 1784.88 008001001019010017
6 1784.88 008001001019010017 1.33171 001001001009023005
6 1.33171 001001001009023005 202615.96715 005005000014024006
6 202615.96715 005005000014024006 202615.96715 005005000014024006
6 202615.96715 005005000014024006 1.33171 001001001009023005
6 1.33171 001001001009023005 24926.1 005005001014023014
6 24926.1 005005001014023014 5130.36 026005001014023014
6 5130.36 026005001014023014 1.33171 001001001009023005
6 1.33171 001001001009023005 133213.715 004004001024025004
6 133213.715 004004001024025004 133213.715 004004001024025004
6 133213.715 004004001024025004 1.33171 001001001009023005
6 1.33171 001001001009023005 1485910.0 005004000023017003
6 1485910.0 005004000023017003 140007.0 012004000023017003
6 140007.0 012004000023017003 1.33171 001001001009023005
6 1.33171 001001001009023005 443161.0 001004001023025014
6 443161.0 001004001023025014 251722.0 001004000023025014
6 251722.0 001004000023025014 1.33171 001001001009023005
6 1.33171 001001001009023005 53059800.0 017004000023010004
6 53059800.0 017004000023010004 11828.7 017004002023010004
6 11828.7 017004002023010004 1.33171 001001001009023005
6 1.33171 001001001009023005 715829.0 028000000023025006
6 715829.0 028000000023025006 130587.0 009000000023025006
6 130587.0 009000000023025006 1.33171 001001001009023005
6 1.33171 001001001009023005 12085.3 008004000014021006
6 12085.3 008004000014021006 4114.56 008004000014007006
6 4114.56 008004000014007006 1.33171 001001001009023005
6 1.33171 001001001009023005 1869180000.0 026001001023025004
6 1869180000.0 026001001023025004 15679200.0 026001001023025000
6 15679200.0 026001001023025000 1.33171 001001001009023005
6 1.33171 001001001009023005 9514.28 028004001014010006
6 9514.28 028004001014010006 91.4786 028004001014023006
6 91.4786 028004001014023006 1.33171 001001001009023005
6 1.33171 001001001009023005 19623.801000000003 009000002011023017
6 19623.801000000003 009000002011023017 19623.801000000003 009000002011023017
6 19623.801000000003 009000002011023017 1.33171 001001001009023005
6 1.33171 001001001009023005 158372.0 005000000023021006
6 158372.0 005000000023021006 149417.0 005000000002021006
6 149417.0 005000000002021006 1.33171 001001001009023005
6 1.33171 001001001009023005 2246440.0 007001001011001014
6 2246440.0 007001001011001014 398389.0 003001001011001014
6 398389.0 003001001011001014 1.33171 001001001009023005
6 1.33171 001001001009023005 6452.1 004004000011025006
6 6452.1 004004000011025006 99.3595 004005000011025006
6 99.3595 004005000011025006 1.33171 001001001009023005
6 1.33171 001001001009023005 102.486 028000000014025006
6 102.486 028000000014025006 774.839 028001000014025006
6 774.839 028001000014025006 1.33171 001001001009023005
6 1.33171 001001001009023005 25366.7 001005001011025004
6 25366.7 001005001011025004 161.028 001005001017025004
6 161.028 001005001017025004 1.33171 001001001009023005
6 1.33171 001001001009023005 25429600.0 008000001000001017
6 25429600.0 008000001000001017 682376.0 008000001008001017
6 682376.0 008000001008001017 1.33171 001001001009023005
6 1.33171 001001001009023005 115394.0 008005000011025000
6 115394.0 008005000011025000 115394.0 008005000011025000
6 115394.0 008005000011025000 1.33171 001001001009023005
6 1.33171 001001001009023005 14361.9 004002000014008006
6 14361.9 004002000014008006 47.3643 011002000014008006
6 47.3643 011002000014008006 1.33171 001001001009023005
6 1.33171 001001001009023005 18388.3 028002000011025008
6 18388.3 028002000011025008 7156.72 028002000010025008
6 7156.72 028002000010025008 1.33171 001001001009023005
6 1.33171 001001001009023005 232854.0 008000000011023000
6 232854.0 008000000011023000 8229.95 008000000011003000
6 8229.95 008000000011003000 1.33171 001001001009023005
6 1.33171 001001001009023005 4942400.0 004001000011000014
6 4942400.0 004001000011000014 859768.0 004001000013000014
6 859768.0 004001000013000014 1.33171 001001001009023005
6 1.33171 001001001009023005 16049.2 009000000024008004
6 16049.2 009000000024008004 2876.19 009000000012008004
6 2876.19 009000000012008004 1.33171 001001001009023005
6 1.33171 001001001009023005 135532.4 011002000023014006
6 135532.4 011002000023014006 135532.4 011002000023014006
6 135532.4 011002000023014006 1.33171 001001001009023005
6 1.33171 001001001009023005 411432.0 001004001019025006
6 411432.0 001004001019025006 7497.69 006004001019025006
6 7497.69 006004001019025006 1.33171 001001001009023005
6 1.33171 001001001009023005 82.0659 028004000023025008
6 82.0659 028004000023025008 1.33171 001001001009023005
6 1.33171 001001001009023005 1.87733 004004001014025014
6 1.87733 004004001014025014 904685.0 004004000011025014
6 904685.0 004004000011025014 519433.0 004004000011012014
6 519433.0 004004000011012014 1.33171 001001001009023005
6 1.33171 001001001009023005 13149.5 022001001023022003
6 13149.5 022001001023022003 6254.96 022001001013022003
6 6254.96 022001001013022003 1.33171 001001001009023005
6 1.33171 001001001009023005 42161.7 026002002011025002
6 42161.7 026002002011025002 38121.8 026002002011008002
6 38121.8 026002002011008002 1.33171 001001001009023005
6 1.33171 001001001009023005 2004650.0 008000001019008004
6 2004650.0 008000001019008004 156.257 008000001023008004
6 156.257 008000001023008004 1.33171 001001001009023005
6 1.33171 001001001009023005 213628.0 008005000011023006
6 213628.0 008005000011023006 9361.71 008005000011023007
6 9361.71 008005000011023007 1.33171 001001001009023005
6 1.33171 001001001009023005 158080.0 001005001019025000
6 158080.0 001005001019025000 3.68756 001005000019025000
6 3.68756 001005000019025000 1.33171 001001001009023005
6 1.33171 001001001009023005 10778.0 017000000011021004
6 10778.0 017000000011021004 8.0066 037000000011021004
6 8.0066 037000000011021004 1.33171 001001001009023005
6 1.33171 001001001009023005 56549.2 008005001024025000
6 56549.2 008005001024025000 11363.8 008005000024025000
6 11363.8 008005000024025000 1.33171 001001001009023005
6 1.33171 001001001009023005 2688.0029999999997 001005001022016017
6 2688.0029999999997 001005001022016017 2688.0029999999997 001005001022016017
6 2688.0029999999997 001005001022016017 1.33171 001001001009023005
6 1.33171 001001001009023005 5412.24 017004000013023014
6 5412.24 017004000013023014 105.291 017004000003023014
6 105.291 017004000003023014 1.33171 001001001009023005
6 1.33171 001001001009023005 1648.31 017000000013021004
6 1648.31 017000000013021004 7.43418 017000000013014004
6 7.43418 017000000013014004 1.33171 001001001009023005
6 1.33171 001001001009023005 14260.9 008004001020021006
6 14260.9 008004001020021006 1.33171 001001001009023005
6 1.33171 001001001009023005 1.87733 004004001014025014
6 1.87733 004004001014025014 5100370.0 026001000011023014
6 5100370.0 026001000011023014 11707.7 026001001011023014
6 11707.7 026001001011023014 1.33171 001001001009023005
6 1.33171 001001001009023005 2112920.0 004003001011025014
6 2112920.0 004003001011025014 563.228 004003002011025014
6 563.228 004003002011025014 1.33171 001001001009023005
6 1.33171 001001001009023005 4374520.0 008004000004001017
6 4374520.0 008004000004001017 2651.71 008004000004010017
6 2651.71 008004000004010017 1.33171 001001001009023005
6 1.33171 001001001009023005 7132.1 028004001019010006
6 7132.1 028004001019010006 1131.49 003004001019010006
6 1131.49 003004001019010006 1.33171 001001001009023005
6 1.33171 001001001009023005 1640.38 008005000014023017
6 1640.38 008005000014023017 162.66 008005000003023017
6 162.66 008005000003023017 1.33171 001001001009023005
6 1.33171 001001001009023005 1439600.0 017004001023023004
6 1439600.0 017004001023023004 10550.5 017004001013023004
6 10550.5 017004001013023004 1.33171 001001001009023005
6 1.33171 001001001009023005 6236.39 027000000019023014
6 6236.39 027000000019023014 34.8418 027000000019023017
6 34.8418 027000000019023017 1.33171 001001001009023005
6 1.33171 001001001009023005 360342.0 001000000020025004
6 360342.0 001000000020025004 103.823 001000000020025016
6 103.823 001000000020025016 1.33171 001001001009023005
6 1.33171 001001001009023005 6188430.0 004003000023025003
6 6188430.0 004003000023025003 252575.0 004003000010025003
6 252575.0 004003000010025003 1.33171 001001001009023005
6 1.33171 001001001009023005 617569.0 016000000011011006
6 617569.0 016000000011011006 123.472 016002000011011006
6 123.472 016002000011011006 1.33171 001001001009023005
6 1.33171 001001001009023005 4921.79 001003001014006017
6 4921.79 001003001014006017 59.3633 001004001014006017
6 59.3633 001004001014006017 1.33171 001001001009023005
6 1.33171 001001001009023005 522913.0 008000000013023006
6 522913.0 008000000013023006 7218.11 008000000019023006
6 7218.11 008000000019023006 1.33171 001001001009023005
6 1.33171 001001001009023005 5557.42 009002000011023017
6 5557.42 009002000011023017 80.69 009002000011023011
6 80.69 009002000011023011 1.33171 001001001009023005
6 1.33171 001001001009023005 1980960.0 004004002023023017
6 1980960.0 004004002023023017 1073.78 004001002023023017
6 1073.78 004001002023023017 1.33171 001001001009023005
6 1.33171 001001001009023005 3160.15 005002001023025004
6 3160.15 005002001023025004 48.57 005002000023025004
6 48.57 005002000023025004 1.33171 001001001009023005
6 1.33171 001001001009023005 14471500.0 004003000023011015
6 14471500.0 004003000023011015 628471.0 004003000023011008
6 628471.0 004003000023011008 1.33171 001001001009023005
6 1.33171 001001001009023005 956649.0 008002000017016004
6 956649.0 008002000017016004 11548.4 008002000011016004
6 11548.4 008002000011016004 1.33171 001001001009023005
6 1.33171 001001001009023005 45.8426 001000001011025014
6 45.8426 001000001011025014 45.3535 001000001011001014
6 45.3535 001000001011001014 1.33171 001001001009023005
6 1.33171 001001001009023005 9204.81 017002001009025006
6 9204.81 017002001009025006 45.3234 002002001009025006
6 45.3234 002002001009025006 1.33171 001001001009023005
6 1.33171 001001001009023005 15242.3 028003001023001005
6 15242.3 028003001023001005 1.33171 001001001009023005
6 1.33171 001001001009023005 1.87733 004004001014025014
6 1.87733 004004001014025014 27.475 004004000022023004
6 27.475 004004000022023004 1.76892 004004000015023004
6 1.76892 004004000015023004 1.33171 001001001009023005
6 1.33171 001001001009023005 295222.0 001000000014023006
6 295222.0 001000000014023006 152080.0 001000000014024006
6 152080.0 001000000014024006 1.33171 001001001009023005
6 1.33171 001001001009023005 7534.3 001004000004023006
6 7534.3 001004000004023006 4271.29 001004000014023006
6 4271.29 001004000014023006 1.33171 001001001009023005
6 1.33171 001001001009023005 136507.0 005000001023025006
6 136507.0 005000001023025006 25728.9 005000001023025011
6 25728.9 005000001023025011 1.33171 001001001009023005
6 1.33171 001001001009023005 249436.81 001004001011025017
6 249436.81 001004001011025017 249436.81 001004001011025017
6 249436.81 001004001011025017 1.33171 001001001009023005
7 1.33171 001001001009023005 18431.2 011003002022023003
7 18431.2 011003002022023003 3194.59 011003002022023008
7 3194.59 011003002022023008 41.9156 002000002007024009
7 41.9156 002000002007024009 1503120.0 014005001013023008
7 1503120.0 014005001013023008 1364670.0 014005001013020008
7 1364670.0 014005001013020008 41.9156 002000002007024009
7 41.9156 002000002007024009 3448161.23 009005002025009004
7 3448161.23 009005002025009004 3448161.23 009005002025009004
7 3448161.23 009005002025009004 41.9156 002000002007024009
7 41.9156 002000002007024009 17331.6 014004001003001008
7 17331.6 014004001003001008 210.561 014004001007001008
7 210.561 014004001007001008 41.9156 002000002007024009
7 41.9156 002000002007024009 280951000.0 020006001011012006
7 280951000.0 020006001011012006 129338000.0 020006001011017006
7 129338000.0 020006001011017006 41.9156 002000002007024009
7 41.9156 002000002007024009 21296.5 029001001007019009
7 21296.5 029001001007019009 21296.5 029001001007019009
7 21296.5 029001001007019009 41.9156 002000002007024009
7 41.9156 002000002007024009 60.7126 025000000009022007
7 60.7126 025000000009022007 4.97052 025000000009024007
7 4.97052 025000000009024007 41.9156 002000002007024009
7 41.9156 002000002007024009 568092.0 004000001006001008
7 568092.0 004000001006001008 36625.9 004005001006001008
7 36625.9 004005001006001008 4.97052 025000000009024007
7 4.97052 025000000009024007 5935440000.0 029000001009005006
7 5935440000.0 029000001009005006 130186000.0 029000001009005005
7 130186000.0 029000001009005005 4.97052 025000000009024007
7 4.97052 025000000009024007 24590.3 025004000011009001
7 24590.3 025004000011009001 4.97052 025000000009024007
7 4.97052 025000000009024007 41.9156 002000002007024009
7 41.9156 002000002007024009 9245.06 022000002003024009
7 9245.06 022000002003024009 2461.77 022000002003020009
7 2461.77 022000002003020009 4.97052 025000000009024007
7 4.97052 025000000009024007 276681.0 001000000017009005
7 276681.0 001000000017009005 203663.0 001001000017009005
7 203663.0 001001000017009005 4.97052 025000000009024007
7 4.97052 025000000009024007 30362.3 025004000025018008
7 30362.3 025004000025018008 74.6532 025004001025018008
7 74.6532 025004001025018008 4.97052 025000000009024007
7 4.97052 025000000009024007 15274800000.0 028004000003001008
7 15274800000.0 028004000003001008 15274800000.0 028004000003001008
7 15274800000.0 028004000003001008 4.97052 025000000009024007
7 4.97052 025000000009024007 4091930000.0 022004001003014006
7 4091930000.0 022004001003014006 68479400.0 022004001002014006
7 68479400.0 022004001002014006 4.97052 025000000009024007
7 4.97052 025000000009024007 200481000.0 022000002011006003
7 200481000.0 022000002011006003 48391.4 022005002011006003
7 48391.4 022005002011006003 4.97052 025000000009024007
7 4.97052 025000000009024007 154365.0 001005000022019001
7 154365.0 001005000022019001 1119.87 001005000005019001
7 1119.87 001005000005019001 4.97052 025000000009024007
7 4.97052 025000000009024007 6775631.7 016001001017021007
7 6775631.7 016001001017021007 6775631.7 016001001017021007
7 6775631.7 016001001017021007 4.97052 025000000009024007
7 4.97052 025000000009024007 5829330000.0 025000001006001008
7 5829330000.0 025000001006001008 495111000.0 038000001006001008
7 495111000.0 038000001006001008 4.97052 025000000009024007
7 4.97052 025000000009024007 20388.0 007005000003003001
7 20388.0 007005000003003001 16463.1 007005000003003008
7 16463.1 007005000003003008 4.97052 025000000009024007
7 4.97052 025000000009024007 8899710000.0 009001000017001003
7 8899710000.0 009001000017001003 225140000.0 009001000005001003
7 225140000.0 009001000005001003 4.97052 025000000009024007
7 4.97052 025000000009024007 168189.0 004004002018020008
7 168189.0 004004002018020008 95.5759 004004002018007008
7 95.5759 004004002018007008 4.97052 025000000009024007
7 4.97052 025000000009024007 15358.5 004001002000014008
7 15358.5 004001002000014008 2.12255 001001002000014008
7 2.12255 001001002000014008 4.97052 025000000009024007
7 4.97052 025000000009024007 282170000.0 002004000000003006
7 282170000.0 002004000000003006 461267.0 002004000000022006
7 461267.0 002004000000022006 2.12255 001001002000014008
7 2.12255 001001002000014008 609214000.0 004000002000003005
7 609214000.0 004000002000003005 11711400.0 004000002001003005
7 11711400.0 004000002001003005 2.12255 001001002000014008
7 2.12255 001001002000014008 62.5812 001004001003019008
7 62.5812 001004001003019008 2.12255 001001002000014008
7 2.12255 001001002000014008 4.97052 025000000009024007
7 4.97052 025000000009024007 38644.5 025005002017011008
7 38644.5 025005002017011008 22466.9 025005002001011008
7 22466.9 025005002001011008 2.12255 001001002000014008
7 2.12255 001001002000014008 23965.4 029000002003019008
7 23965.4 029000002003019008 11466.7 029000002019019008
7 11466.7 029000002019019008 2.12255 001001002000014008
7 2.12255 001001002000014008 143305.0 029000002019021003
7 143305.0 029000002019021003 12328.6 029000002019014003
7 12328.6 029000002019014003 2.12255 001001002000014008
7 2.12255 001001002000014008 3176330000.0 025003002015019008
7 3176330000.0 025003002015019008 67471600.0 025006002015019008
7 67471600.0 025006002015019008 2.12255 001001002000014008
7 2.12255 001001002000014008 5058950000.0 016000002003019001
7 5058950000.0 016000002003019001 51718800.0 016000002003019004
7 51718800.0 016000002003019004 2.12255 001001002000014008
7 2.12255 001001002000014008 181269000.0 009001002002004001
7 181269000.0 009001002002004001 93985100.0 009001001002004001
7 93985100.0 009001001002004001 2.12255 001001002000014008
7 2.12255 001001002000014008 643547.0 011000000001019000
7 643547.0 011000000001019000 628643.0 011000000001019016
7 628643.0 011000000001019016 2.12255 001001002000014008
7 2.12255 001001002000014008 8276650000.0 025005001011007008
7 8276650000.0 025005001011007008 5759120000.0 025005001011000008
7 5759120000.0 025005001011000008 2.12255 001001002000014008
7 2.12255 001001002000014008 30591.9 016005000018001007
7 30591.9 016005000018001007 2.12255 001001002000014008
7 2.12255 001001002000014008 4.97052 025000000009024007
7 4.97052 025000000009024007 52.8554 011004001001024009
7 52.8554 011004001001024009 2.12255 001001002000014008
7 2.12255 001001002000014008 4.97052 025000000009024007
7 4.97052 025000000009024007 45865.8 014001000000001008
7 45865.8 014001000000001008 16969.6 014001000000001016
7 16969.6 014001000000001016 2.12255 001001002000014008
7 2.12255 001001002000014008 375556.0 004000000007006008
7 375556.0 004000000007006008 6778.04 004000000007006009
7 6778.04 004000000007006009 2.12255 001001002000014008
7 2.12255 001001002000014008 3473.46 016000001016001008
7 3473.46 016000001016001008 2.12255 001001002000014008
7 2.12255 001001002000014008 4.97052 025000000009024007
7 4.97052 025000000009024007 37.1736 025005000019018009
7 37.1736 025005000019018009 2.12255 001001002000014008
7 2.12255 001001002000014008 4.97052 025000000009024007
7 4.97052 025000000009024007 27433000.0 021004000019001003
7 27433000.0 021004000019001003 28012.8 021004002019001003
7 28012.8 021004002019001003 2.12255 001001002000014008
7 2.12255 001001002000014008 14112700000.0 016002001003004001
7 14112700000.0 016002001003004001 66953.9 016002002003004001
7 66953.9 016002002003004001 2.12255 001001002000014008
7 2.12255 001001002000014008 4568510000.0 025000001003024008
7 4568510000.0 025000001003024008 54220100.0 025000001003024003
7 54220100.0 025000001003024003 2.12255 001001002000014008
7 2.12255 001001002000014008 3961.02 007001000009001004
7 3961.02 007001000009001004 2524.75 010001000009001004
7 2524.75 010001000009001004 2.12255 001001002000014008
7 2.12255 001001002000014008 569037000.0 025000002003009000
7 569037000.0 025000002003009000 28853.8 025000001003009000
7 28853.8 025000001003009000 2.12255 001001002000014008
7 2.12255 001001002000014008 1586690.0 014005002022024009
7 1586690.0 014005002022024009 2906.73 014005002009024009
7 2906.73 014005002009024009 2.12255 001001002000014008
7 2.12255 001001002000014008 196286.0 025000000019023008
7 196286.0 025000000019023008 83.8135 025000000019023012
7 83.8135 025000000019023012 2.12255 001001002000014008
7 2.12255 001001002000014008 3203550.0 014005000000019008
7 3203550.0 014005000000019008 3090340.0 014005000000024008
7 3090340.0 014005000000024008 2.12255 001001002000014008
7 2.12255 001001002000014008 2560.63 004000002025009008
7 2560.63 004000002025009008 62.3714 004000002025009004
7 62.3714 004000002025009004 2.12255 001001002000014008
7 2.12255 001001002000014008 15658.2 025001000003022004
7 15658.2 025001000003022004 25.1497 015001000003022004
7 25.1497 015001000003022004 2.12255 001001002000014008
7 2.12255 001001002000014008 1531470.0 007000001009020012
7 1531470.0 007000001009020012 815260.0 005000001009020012
7 815260.0 005000001009020012 2.12255 001001002000014008
7 2.12255 001001002000014008 68345400.0 016004000005007004
7 68345400.0 016004000005007004 27038000.0 016004000005008004
7 27038000.0 016004000005008004 2.12255 001001002000014008
7 2.12255 001001002000014008 1910670.0 007004001001011009
7 1910670.0 007004001001011009 3777.66 007004001004011009
7 3777.66 007004001004011009 2.12255 001001002000014008
7 2.12255 001001002000014008 2093.71 004001001019023003
7 2093.71 004001001019023003 38.178 004001001019023014
7 38.178 004001001019023014 2.12255 001001002000014008
7 2.12255 001001002000014008 2912.87 001003001007006004
7 2912.87 001003001007006004 2.12255 001001002000014008
7 2.12255 001001002000014008 4.97052 025000000009024007
7 4.97052 025000000009024007 1880680.0 025000000018024016
7 1880680.0 025000000018024016 730269.0 025000000010024016
7 730269.0 025000000010024016 2.12255 001001002000014008
7 2.12255 001001002000014008 97985.9 025000002022023009
7 97985.9 025000002022023009 9490.61 025000002019023009
7 9490.61 025000002019023009 2.12255 001001002000014008
7 2.12255 001001002000014008 26371400.0 028003000017019008
7 26371400.0 028003000017019008 91620.8 028003000017000008
7 91620.8 028003000017000008 2.12255 001001002000014008
7 2.12255 001001002000014008 229855000.0 022001001001001008
7 229855000.0 022001001001001008 25799.9 022001001003001008
7 25799.9 022001001003001008 2.12255 001001002000014008
7 2.12255 001001002000014008 66736.6 011003000003023009
7 66736.6 011003000003023009 66736.6 011003000003023009
7 66736.6 011003000003023009 2.12255 001001002000014008
7 2.12255 001001002000014008 54558.2 004003000003009007
7 54558.2 004003000003009007 99.5475 004002000003009007
7 99.5475 004002000003009007 2.12255 001001002000014008
7 2.12255 001001002000014008 47253300.0 025000001000009012
7 47253300.0 025000001000009012 47253300.0 025000001000009012
7 47253300.0 025000001000009012 2.12255 001001002000014008
7 2.12255 001001002000014008 13472500.0 013003001000019008
7 13472500.0 013003001000019008 457376.0 013003001011019008
7 457376.0 013003001011019008 2.12255 001001002000014008
7 2.12255 001001002000014008 2850130.0 022004000007006008
7 2850130.0 022004000007006008 13331.0 007004000007006008
7 13331.0 007004000007006008 2.12255 001001002000014008
7 2.12255 001001002000014008 7679.92 029000002019006008
7 7679.92 029000002019006008 2404.64 002000002019006008
7 2404.64 002000002019006008 2.12255 001001002000014008
7 2.12255 001001002000014008 1104750.0 016005000003018008
7 1104750.0 016005000003018008 27267.4 016006000003018008
7 27267.4 016006000003018008 2.12255 001001002000014008
7 2.12255 001001002000014008 3836690000.0 014000002001023003
7 3836690000.0 014000002001023003 5130.09 014000002004023003
7 5130.09 014000002004023003 2.12255 001001002000014008
7 2.12255 001001002000014008 8526.37 029001000000014004
7 8526.37 029001000000014004 462.91 027001000000014004
7 462.91 027001000000014004 2.12255 001001002000014008
7 2.12255 001001002000014008 1610920.0 009004002019014014
7 1610920.0 009004002019014014 196906.0 009004001019014014
7 196906.0 009004001019014014 2.12255 001001002000014008
7 2.12255 001001002000014008 7047350000.0 029000002016009009
7 7047350000.0 029000002016009009 3528660000.0 017000002016009009
7 3528660000.0 017000002016009009 2.12255 001001002000014008
7 2.12255 001001002000014008 1441220.0 002002001003009009
7 1441220.0 002002001003009009 886211.0 002002001003021009
7 886211.0 002002001003021009 2.12255 001001002000014008
7 2.12255 001001002000014008 10692400000.0 025004000003004004
7 10692400000.0 025004000003004004 758901000.0 025004000022004004
7 758901000.0 025004000022004004 2.12255 001001002000014008
7 2.12255 001001002000014008 4414490.0 009005000022023009
7 4414490.0 009005000022023009 1594.53 009005000022007009
7 1594.53 009005000022007009 2.12255 001001002000014008
7 2.12255 001001002000014008 12702.6 019001000019001008
7 12702.6 019001000019001008 2683.63 019001000010001008
7 2683.63 019001000010001008 2.12255 001001002000014008
7 2.12255 001001002000014008 28144.4 004004000025006008
7 28144.4 004004000025006008 13486.2 004004000025006005
7 13486.2 004004000025006005 2.12255 001001002000014008
7 2.12255 001001002000014008 3224980.0 004001002022007007
7 3224980.0 004001002022007007 13428.9 004001002018007007
7 13428.9 004001002018007007 2.12255 001001002000014008
7 2.12255 001001002000014008 4654060000.0 025001002019024004
7 4654060000.0 025001002019024004 5424.88 025001002019024001
7 5424.88 025001002019024001 2.12255 001001002000014008
7 2.12255 001001002000014008 18098600.0 027005000010018003
7 18098600.0 027005000010018003 2221.81 027005000024018003
7 2221.81 027005000024018003 2.12255 001001002000014008
7 2.12255 001001002000014008 6548570000.0 015005000003001008
7 6548570000.0 015005000003001008 62495800.0 032005000003001008
7 62495800.0 032005000003001008 2.12255 001001002000014008
7 2.12255 001001002000014008 723403.0 015000000010006009
7 723403.0 015000000010006009 19224.3 033000000010006009
7 19224.3 033000000010006009 2.12255 001001002000014008
7 2.12255 001001002000014008 1604730.0 004001001003009008
7 1604730.0 004001001003009008 10576.8 004001002003009008
7 10576.8 004001002003009008 2.12255 001001002000014008
7 2.12255 001001002000014008 115650000.0 029005002007001008
7 115650000.0 029005002007001008 1923060.0 002005002007001008
7 1923060.0 002005002007001008 2.12255 001001002000014008
7 2.12255 001001002000014008 9577.24 001001002007007004
7 9577.24 001001002007007004 95.2742 001001002007007010
7 95.2742 001001002007007010 2.12255 001001002000014008
7 2.12255 001001002000014008 671462.0 007004002000023008
7 671462.0 007004002000023008 340743.0 007004002000023001
7 340743.0 007004002000023001 2.12255 001001002000014008
7 2.12255 001001002000014008 8347.61 009000001000009000
7 8347.61 009000001000009000 8347.61 009000001000009000
7 8347.61 009000001000009000 2.12255 001001002000014008
7 2.12255 001001002000014008 2002.74 027000000003018004
7 2002.74 027000000003018004 321.705 027000000003018003
7 321.705 027000000003018003 2.12255 001001002000014008
7 2.12255 001001002000014008 282958500.0 027000000007001009
7 282958500.0 027000000007001009 282958500.0 027000000007001009
7 282958500.0 027000000007001009 2.12255 001001002000014008
7 2.12255 001001002000014008 613512.0 025001000004019009
7 613512.0 025001000004019009 63.6402 025001000022019009
7 63.6402 025001000022019009 2.12255 001001002000014008
7 2.12255 001001002000014008 486085.0 002001001019007004
7 486085.0 002001001019007004 269688.0 002001001019016004
7 269688.0 002001001019016004 2.12255 001001002000014008
7 2.12255 001001002000014008 1086220.0 025000000018018007
7 1086220.0 025000000018018007 6.38546 009000000018018007
7 6.38546 009000000018018007 2.12255 001001002000014008
7 2.12255 001001002000014008 192928000.0 014000001009011009
7 192928000.0 014000001009011009 147423000.0 030000001009011009
7 147423000.0 030000001009011009 2.12255 001001002000014008
7 2.12255 001001002000014008 33841.0 007000002004023004
7 33841.0 007000002004023004 2.12255 001001002000014008
7 2.12255 001001002000014008 4.97052 025000000009024007
7 4.97052 025000000009024007 12449.1 025004000003014009
7 12449.1 025004000003014009 11535.8 025004000003014014
7 11535.8 025004000003014014 2.12255 001001002000014008
7 2.12255 001001002000014008 13816.5 025004001003018009
7 13816.5 025004001003018009 2.12255 001001002000014008
7 2.12255 001001002000014008 4.97052 025000000009024007
7 4.97052 025000000009024007 3736710.0 025004000018024004
7 3736710.0 025004000018024004 218.418 025004000018011004
7 218.418 025004000018011004 2.12255 001001002000014008
7 2.12255 001001002000014008 167.78 011000000007009004
7 167.78 011000000007009004 2.12255 001001002000014008
7 2.12255 001001002000014008 4.97052 025000000009024007
7 4.97052 025000000009024007 13087.9 009001001018020008
7 13087.9 009001001018020008 7830.98 009001001018019008
7 7830.98 009001001018019008 2.12255 001001002000014008
7 2.12255 001001002000014008 158568000.0 014004000003001008
7 158568000.0 014004000003001008 158568000.0 014004000003001008
7 158568000.0 014004000003001008 2.12255 001001002000014008
7 2.12255 001001002000014008 550855000.0 025003000003001003
7 550855000.0 025003000003001003 54878.8 025003000003001013
7 54878.8 025003000003001013 2.12255 001001002000014008
7 2.12255 001001002000014008 5471320.0 007005000004014008
7 5471320.0 007005000004014008 382998.0 007005000004014009
7 382998.0 007005000004014009 2.12255 001001002000014008
7 2.12255 001001002000014008 749846.0 001000000025006008
7 749846.0 001000000025006008 68.2788 013000000025006008
7 68.2788 013000000025006008 2.12255 001001002000014008
7 2.12255 001001002000014008 3373730.0 011002000016007008
7 3373730.0 011002000016007008 1224.86 014002000016007008
7 1224.86 014002000016007008 2.12255 001001002000014008
7 2.12255 001001002000014008 54470.7 011001000007001007
7 54470.7 011001000007001007 7170.95 011001000007022007
7 7170.95 011001000007022007 2.12255 001001002000014008
7 2.12255 001001002000014008 865425000.0 010003000022018008
7 865425000.0 010003000022018008 13717900.0 010003000011018008
7 13717900.0 010003000011018008 2.12255 001001002000014008
7 2.12255 001001002000014008 19468.2 019003002000020008
7 19468.2 019003002000020008 3004.23 019000002000020008
7 3004.23 019000002000020008 2.12255 001001002000014008
7 2.12255 001001002000014008 786574.0 010004000019014008
7 786574.0 010004000019014008 15284.3 010004000017014008
7 15284.3 010004000017014008 2.12255 001001002000014008
7 2.12255 001001002000014008 108469.75 004001000016018001
7 108469.75 004001000016018001 108469.75 004001000016018001
7 108469.75 004001000016018001 2.12255 001001002000014008
7 2.12255 001001002000014008 3362180.0 009001002018001009
7 3362180.0 009001002018001009 766334.0 009001002018017009
7 766334.0 009001002018017009 2.12255 001001002000014008
7 2.12255 001001002000014008 67048.0 004003000005011003
7 67048.0 004003000005011003 67048.0 004003000005011003
7 67048.0 004003000005011003 2.12255 001001002000014008
7 2.12255 001001002000014008 1764110.0 004003001018018014
7 1764110.0 004003001018018014 24319.4 001003001018018014
7 24319.4 001003001018018014 2.12255 001001002000014008
7 2.12255 001001002000014008 40375.5 002002001025014008
7 40375.5 002002001025014008 57.4364 023002001025014008
7 57.4364 023002001025014008 2.12255 001001002000014008
7 2.12255 001001002000014008 145714.0 002000000007019009
7 145714.0 002000000007019009 718.008 002000002007019009
7 718.008 002000002007019009 2.12255 001001002000014008
7 2.12255 001001002000014008 1999.75 009000000007024007
7 1999.75 009000000007024007 118.099 009000000007004007
7 118.099 009000000007004007 2.12255 001001002000014008
7 2.12255 001001002000014008 14903.2 025000002003006004
7 14903.2 025000002003006004 7568.14 036000002003006004
7 7568.14 036000002003006004 2.12255 001001002000014008
7 2.12255 001001002000014008 19344.559999999998 004001002007018008
7 19344.559999999998 004001002007018008 19344.559999999998 004001002007018008
7 19344.559999999998 004001002007018008 2.12255 001001002000014008
7 2.12255 001001002000014008 183.202 009005000007023007
7 183.202 009005000007023007 2.12255 001001002000014008
7 2.12255 001001002000014008 4.97052 025000000009024007
7 4.97052 025000000009024007 203.672 009005002003009004
7 203.672 009005002003009004 2.12255 001001002000014008
7 2.12255 001001002000014008 4.97052 025000000009024007
7 4.97052 025000000009024007 428664.0 009000000001018010
7 428664.0 009000000001018010 113.581 009000000001018002
7 113.581 009000000001018002 2.12255 001001002000014008
7 2.12255 001001002000014008 827108.84 027000000018009003
7 827108.84 027000000018009003 827108.84 027000000018009003
7 827108.84 027000000018009003 2.12255 001001002000014008
7 2.12255 001001002000014008 9437910.0 002003002000006014
7 9437910.0 002003002000006014 34967.1 011003002000006014
7 34967.1 011003002000006014 2.12255 001001002000014008
7 2.12255 001001002000014008 32.2504 010000000025018004
7 32.2504 010000000025018004 32.2504 010000000025018004
7 32.2504 010000000025018004 2.12255 001001002000014008
7 2.12255 001001002000014008 2412070.0 004000002019018004
7 2412070.0 004000002019018004 35498.7 004000002019018005
7 35498.7 004000002019018005 2.12255 001001002000014008
7 2.12255 001001002000014008 313251.0 001000000007018005
7 313251.0 001000000007018005 70.6898 001000001007018005
7 70.6898 001000001007018005 2.12255 001001002000014008
7 2.12255 001001002000014008 1513728.045 014001000022001012
7 1513728.045 014001000022001012 1513728.045 014001000022001012
7 1513728.045 014001000022001012 2.12255 001001002000014008
7 2.12255 001001002000014008 59005100.0 025000000007001007
7 59005100.0 025000000007001007 2.12255 001001002000014008
7 2.12255 001001002000014008 4.97052 025000000009024007
7 4.97052 025000000009024007 19415.0 025005000019018007
7 19415.0 025005000019018007 84.3852 025005000019018015
7 84.3852 025005000019018015 2.12255 001001002000014008
7 2.12255 001001002000014008 18910.15 025004000007001008
7 18910.15 025004000007001008 18910.15 025004000007001008
7 18910.15 025004000007001008 2.12255 001001002000014008
7 2.12255 001001002000014008 16332.425 025000000007018002
7 16332.425 025000000007018002 16332.425 025000000007018002
7 16332.425 025000000007018002 2.12255 001001002000014008
7 2.12255 001001002000014008 679753.0 004004002001014014
7 679753.0 004004002001014014 409104.0 004004002020014014
7 409104.0 004004002020014014 2.12255 001001002000014008
7 2.12255 001001002000014008 944358000.0 025004001019006008
7 944358000.0 025004001019006008 64884100.0 025004001019006010
7 64884100.0 025004001019006010 2.12255 001001002000014008
7 2.12255 001001002000014008 2816880.0 014000001022022008
7 2816880.0 014000001022022008 1764890.0 028000001022022008
7 1764890.0 028000001022022008 2.12255 001001002000014008
7 2.12255 001001002000014008 1765670.0 001004000003018014
7 1765670.0 001004000003018014 126.53 001004001003018014
7 126.53 001004001003018014 2.12255 001001002000014008
7 2.12255 001001002000014008 1753250.0 019001000016024009
7 1753250.0 019001000016024009 3886.02 019001000016024016
7 3886.02 019001000016024016 2.12255 001001002000014008
7 2.12255 001001002000014008 34572.25 022001001007014007
7 34572.25 022001001007014007 34572.25 022001001007014007
7 34572.25 022001001007014007 2.12255 001001002000014008
7 2.12255 001001002000014008 25201797.4 025000002001023008
7 25201797.4 025000002001023008 25201797.4 025000002001023008
7 25201797.4 025000002001023008 2.12255 001001002000014008
7 2.12255 001001002000014008 1846720.0 009005001016007004
7 1846720.0 009005001016007004 39674.4 009005001024007004
7 39674.4 009005001024007004 2.12255 001001002000014008
7 2.12255 001001002000014008 223128.0 013004002007019008
7 223128.0 013004002007019008 8088.62 013004002007019000
7 8088.62 013004002007019000 2.12255 001001002000014008
7 2.12255 001001002000014008 2528360000.0 009004001000014002
7 2528360000.0 009004001000014002 55958900.0 009004001000013002
7 55958900.0 009004001000013002 2.12255 001001002000014008
7 2.12255 001001002000014008 169557000.0 025004002007001007
7 169557000.0 025004002007001007 21834.4 025004002007001011
7 21834.4 025004002007001011 2.12255 001001002000014008
7 2.12255 001001002000014008 4877271500.0 025003000019007007
7 4877271500.0 025003000019007007 4877271500.0 025003000019007007
7 4877271500.0 025003000019007007 2.12255 001001002000014008
7 2.12255 001001002000014008 821818.0 001004000022007010
7 821818.0 001004000022007010 116.341 001004000016007010
7 116.341 001004000016007010 2.12255 001001002000014008
7 2.12255 001001002000014008 15943300.0 015002000003018004
7 15943300.0 015002000003018004 41.3712 002002000003018004
7 41.3712 002002000003018004 2.12255 001001002000014008
7 2.12255 001001002000014008 1723.21 022000000000023004
7 1723.21 022000000000023004 32.0256 022000000022023004
7 32.0256 022000000022023004 2.12255 001001002000014008
7 2.12255 001001002000014008 14985700.0 019001000003009014
7 14985700.0 019001000003009014 4964360.0 019001000003009006
7 4964360.0 019001000003009006 2.12255 001001002000014008
7 2.12255 001001002000014008 167.78 011000000007009004
7 167.78 011000000007009004 60.3855 011000000007009013
7 60.3855 011000000007009013 2.12255 001001002000014008
7 2.12255 001001002000014008 401337.0 025001000025019007
7 401337.0 025001000025019007 27536.5 025003000025019007
7 27536.5 025003000025019007 2.12255 001001002000014008
7 2.12255 001001002000014008 7899620000.0 027000002009022007
7 7899620000.0 027000002009022007 651174.0 027000000009022007
7 651174.0 027000000009022007 2.12255 001001002000014008
7 2.12255 001001002000014008 4.33248 014000001024023008
7 4.33248 014000001024023008 2.12255 001001002000014008
7 2.12255 001001002000014008 4.97052 025000000009024007
7 4.97052 025000000009024007 525219.0 009005000025014014
7 525219.0 009005000025014014 82.1337 009005000001014014
7 82.1337 009005000001014014 2.12255 001001002000014008
7 2.12255 001001002000014008 48538.6 027001000000009003
7 48538.6 027001000000009003 7869.23 027001000017009003
7 7869.23 027001000017009003 2.12255 001001002000014008
7 2.12255 001001002000014008 274989000.0 022002002016018007
7 274989000.0 022002002016018007 24869.6 022002002016018009
7 24869.6 022002002016018009 2.12255 001001002000014008
7 2.12255 001001002000014008 620120.0 009000001009018008
7 620120.0 009000001009018008 6429.18 009000001009009008
7 6429.18 009000001009009008 2.12255 001001002000014008
7 2.12255 001001002000014008 43.2114 001004002019018008
7 43.2114 001004002019018008 2.12255 001001002000014008
7 2.12255 001001002000014008 4.33248 014000001024023008
7 4.33248 014000001024023008 16511600000.0 025005002022024002
7 16511600000.0 025005002022024002 52346.5 025005002022007002
7 52346.5 025005002022007002 2.12255 001001002000014008
7 2.12255 001001002000014008 40.1419 009000000025018008
7 40.1419 009000000025018008 6.31711 009000000025001008
7 6.31711 009000000025001008 2.12255 001001002000014008
7 2.12255 001001002000014008 3863720.0 011005002007023007
7 3863720.0 011005002007023007 3668220.0 011001002007023007
7 3668220.0 011001002007023007 2.12255 001001002000014008
7 2.12255 001001002000014008 29228600.0 027000001007019007
7 29228600.0 027000001007019007 30240.1 027000001007019006
7 30240.1 027000001007019006 2.12255 001001002000014008
7 2.12255 001001002000014008 5270.07 025004002007007008
7 5270.07 025004002007007008 2110.03 025004002007007015
7 2110.03 025004002007007015 2.12255 001001002000014008
7 2.12255 001001002000014008 22344.6 009001000022011009
7 22344.6 009001000022011009 31.6991 009001000022020009
7 31.6991 009001000022020009 2.12255 001001002000014008
7 2.12255 001001002000014008 1452840.0 025000000003009004
7 1452840.0 025000000003009004 8533.0 025000000003018004
7 8533.0 025000000003018004 2.12255 001001002000014008
7 2.12255 001001002000014008 291348.5 002004000000023010
7 291348.5 002004000000023010 291348.5 002004000000023010
7 291348.5 002004000000023010 2.12255 001001002000014008
7 2.12255 001001002000014008 95929050.0 002001000007001004
7 95929050.0 002001000007001004 95929050.0 002001000007001004
7 95929050.0 002001000007001004 2.12255 001001002000014008
7 2.12255 001001002000014008 32486800.0 040005000007001015
7 32486800.0 040005000007001015 7908230.0 040000000007001015
7 7908230.0 040000000007001015 2.12255 001001002000014008
7 2.12255 001001002000014008 5995860.0 009005000007011009
7 5995860.0 009005000007011009 319127.0 009000000007011009
7 319127.0 009000000007011009 2.12255 001001002000014008
7 2.12255 001001002000014008 67799800.0 025001001003018007
7 67799800.0 025001001003018007 12905.9 005001001003018007
7 12905.9 005001001003018007 2.12255 001001002000014008
7 2.12255 001001002000014008 3093.16 025000000003023009
7 3093.16 025000000003023009 566.008 019000000003023009
7 566.008 019000000003023009 2.12255 001001002000014008
7 2.12255 001001002000014008 789841.0 019000000003014010
7 789841.0 019000000003014010 14717.2 019000000003007010
7 14717.2 019000000003007010 2.12255 001001002000014008
7 2.12255 001001002000014008 416345905.64 025004001009024008
7 416345905.64 025004001009024008 416345905.64 025004001009024008
7 416345905.64 025004001009024008 2.12255 001001002000014008
7 2.12255 001001002000014008 251960.5 019000000007018007
7 251960.5 019000000007018007 251960.5 019000000007018007
7 251960.5 019000000007018007 2.12255 001001002000014008
7 2.12255 001001002000014008 1544.24 014000001003018008
7 1544.24 014000001003018008 30.7365 010000001003018008
7 30.7365 010000001003018008 2.12255 001001002000014008
7 2.12255 001001002000014008 351287.0 004000000003023014
7 351287.0 004000000003023014 66.1969 004000000007023014
7 66.1969 004000000007023014 2.12255 001001002000014008
7 2.12255 001001002000014008 5125480.0 014001000025009008
7 5125480.0 014001000025009008 12569.5 014001000025009012
7 12569.5 014001000025009012 2.12255 001001002000014008
7 2.12255 001001002000014008 398391.0 014000000025023008
7 398391.0 014000000025023008 390768.0 015000000025023008
7 390768.0 015000000025023008 2.12255 001001002000014008
7 2.12255 001001002000014008 705416.0 004000000003009009
7 705416.0 004000000003009009 438183.0 004000000003009007
7 438183.0 004000000003009007 2.12255 001001002000014008
7 2.12255 001001002000014008 5466.86 009000000001019012
7 5466.86 009000000001019012 76.4296 009000000001017012
7 76.4296 009000000001017012 2.12255 001001002000014008
7 2.12255 001001002000014008 147553.0 009000000018024004
7 147553.0 009000000018024004 147553.0 009000000018024004
7 147553.0 009000000018024004 2.12255 001001002000014008
7 2.12255 001001002000014008 1667580.0 025000000019018002
7 1667580.0 025000000019018002 1588000.0 009000000019018002
7 1588000.0 009000000019018002 2.12255 001001002000014008
7 2.12255 001001002000014008 1254.33 004001000009022012
7 1254.33 004001000009022012 1254.33 004001000009022012
7 1254.33 004001000009022012 2.12255 001001002000014008
7 2.12255 001001002000014008 3955610.0 013005000025024004
7 3955610.0 013005000025024004 270273.0 013005000025024010
7 270273.0 013005000025024010 2.12255 001001002000014008
7 2.12255 001001002000014008 608582.0 009000001003019010
7 608582.0 009000001003019010 1642.82 009000001003006010
7 1642.82 009000001003006010 2.12255 001001002000014008
7 2.12255 001001002000014008 6.31711 009000000025001008
7 6.31711 009000000025001008 8754.39 009005000025001008
7 8754.39 009005000025001008 2.12255 001001002000014008
7 2.12255 001001002000014008 241620.0 004000000003018008
7 241620.0 004000000003018008 7.21149 040000000003018008
7 7.21149 040000000003018008 2.12255 001001002000014008
7 2.12255 001001002000014008 782684.0 001002000007019004
7 782684.0 001002000007019004 22078.8 001002000007007004
7 22078.8 001002000007007004 2.12255 001001002000014008
8 2.12255 001001002000014008 14430100000.0 029001000017002000
8 14430100000.0 029001000017002000 25157500.0 029001000017011000
8 25157500.0 029001000017011000 30.7119 005004000019023009
8 30.7119 005004000019023009 437782000.0 005006000014023001
8 437782000.0 005006000014023001 1968.09 005006000014023011
8 1968.09 005006000014023011 30.7119 005004000019023009
8 30.7119 005004000019023009 43564.2 002006000014005002
8 43564.2 002006000014005002 43564.2 002006000014005002
8 43564.2 002006000014005002 30.7119 005004000019023009
8 30.7119 005004000019023009 2117660.0 003004002005015000
8 2117660.0 003004002005015000 491723.0 003002002005015000
8 491723.0 003002002005015000 30.7119 005004000019023009
8 30.7119 005004000019023009 337.715 010004000014005004
8 337.715 010004000014005004 88.7588 010004000014005007
8 88.7588 010004000014005007 30.7119 005004000019023009
8 30.7119 005004000019023009 6660540000.0 029000002016018009
8 6660540000.0 029000002016018009 72630200.0 029006002016018009
8 72630200.0 029006002016018009 30.7119 005004000019023009
8 30.7119 005004000019023009 636538000.0 015002002004009002
8 636538000.0 015002002004009002 46815.7 015000002004009002
8 46815.7 015000002004009002 30.7119 005004000019023009
8 30.7119 005004000019023009 3415190000.0 018006002014017007
8 3415190000.0 018006002014017007 53546000.0 025006002014017007
8 53546000.0 025006002014017007 30.7119 005004000019023009
8 30.7119 005004000019023009 35791700000.0 018004000008000004
8 35791700000.0 018004000008000004 28911.2 018004000002000004
8 28911.2 018004000002000004 30.7119 005004000019023009
8 30.7119 005004000019023009 14631800.0 025005000001017002
8 14631800.0 025005000001017002 4097510.0 025005000001017015
8 4097510.0 025005000001017015 30.7119 005004000019023009
8 30.7119 005004000019023009 742872000.0 020006001002011002
8 742872000.0 020006001002011002 11705.4 020000001002011002
8 11705.4 020000001002011002 30.7119 005004000019023009
8 30.7119 005004000019023009 24967.4 022005000001002004
8 24967.4 022005000001002004 4108.82 022005000018002004
8 4108.82 022005000018002004 30.7119 005004000019023009
8 30.7119 005004000019023009 4930.47 016005000002003008
8 4930.47 016005000002003008 1738.07 016005000002002008
8 1738.07 016005000002002008 30.7119 005004000019023009
8 30.7119 005004000019023009 5954.71 020006000013008018
8 5954.71 020006000013008018 702.49 020006000005008018
8 702.49 020006000005008018 30.7119 005004000019023009
8 30.7119 005004000019023009 15511.4 017004002009003001
8 15511.4 017004002009003001 11415.8 017004002021003001
8 11415.8 017004002021003001 30.7119 005004000019023009
8 30.7119 005004000019023009 3495220.0 011001000009021004
8 3495220.0 011001000009021004 7083.59 011001000005021004
8 7083.59 011001000005021004 30.7119 005004000019023009
8 30.7119 005004000019023009 1899630.0 020004000014014003
8 1899630.0 020004000014014003 1899630.0 020004000014014003
8 1899630.0 020004000014014003 30.7119 005004000019023009
8 30.7119 005004000019023009 339352000.0 017006000001019002
8 339352000.0 017006000001019002 17825000.0 017006000001019012
8 17825000.0 017006000001019012 30.7119 005004000019023009
8 30.7119 005004000019023009 72506600.0 015004002016001003
8 72506600.0 015004002016001003 2143460.0 015004002016021003
8 2143460.0 015004002016021003 30.7119 005004000019023009
8 30.7119 005004000019023009 20644400000.0 020000002009002000
8 20644400000.0 020000002009002000 45782.7 009000002009002000
8 45782.7 009000002009002000 30.7119 005004000019023009
8 30.7119 005004000019023009 2947990.0 020004001014002018
8 2947990.0 020004001014002018 1471483.7433333334 015004001014002018
8 1471483.7433333334 015004001014002018 30.7119 005004000019023009
8 30.7119 005004000019023009 4261570.0 001002000014001018
8 4261570.0 001002000014001018 2394600.0 001002000014008018
8 2394600.0 001002000014008018 30.7119 005004000019023009
8 30.7119 005004000019023009 6889220.0 025005000019013005
8 6889220.0 025005000019013005 19115.0 025005000019003005
8 19115.0 025005000019003005 30.7119 005004000019023009
8 30.7119 005004000019023009 13983400000.0 025006000000018004
8 13983400000.0 025006000000018004 21088.2 025006000000024004
8 21088.2 025006000000024004 30.7119 005004000019023009
8 30.7119 005004000019023009 6176310000.0 025004001009001004
8 6176310000.0 025004001009001004 852536.0 002004001009001004
8 852536.0 002004001009001004 30.7119 005004000019023009
8 30.7119 005004000019023009 24879800000.0 003006000018018001
8 24879800000.0 003006000018018001 1245680000.0 003006000010018001
8 1245680000.0 003006000010018001 30.7119 005004000019023009
8 30.7119 005004000019023009 25674700.0 010004002002005005
8 25674700.0 010004002002005005 274304.0 010004002002017005
8 274304.0 010004002002017005 30.7119 005004000019023009
8 30.7119 005004000019023009 40503.7 002006000024003018
8 40503.7 002006000024003018 30.7119 005004000019023009
8 30.7119 005004000019023009 88.7588 010004000014005007
8 88.7588 010004000014005007 7008180.0 020005000014023004
8 7008180.0 020005000014023004 7321.57 020005000001023004
8 7321.57 020005000001023004 30.7119 005004000019023009
8 30.7119 005004000019023009 56873.7 025000001011023007
8 56873.7 025000001011023007 30.7119 005004000019023009
8 30.7119 005004000019023009 88.7588 010004000014005007
8 88.7588 010004000014005007 91348874.9 022002001009000002
8 91348874.9 022002001009000002 91348874.9 022002001009000002
8 91348874.9 022002001009000002 30.7119 005004000019023009
8 30.7119 005004000019023009 15896500000.0 011006000021005005
8 15896500000.0 011006000021005005 157418000.0 011006000021006005
8 157418000.0 011006000021006005 30.7119 005004000019023009
8 30.7119 005004000019023009 385410000.0 025000000016001003
8 385410000.0 025000000016001003 15704500.0 025000000024001003
8 15704500.0 025000000024001003 30.7119 005004000019023009
8 30.7119 005004000019023009 882304.0 022000001011008018
8 882304.0 022000001011008018 14609.7 022000001008008018
8 14609.7 022000001008008018 30.7119 005004000019023009
8 30.7119 005004000019023009 1166450000.0 022004000014003008
8 1166450000.0 022004000014003008 1621.61 011004000014003008
8 1621.61 011004000014003008 30.7119 005004000019023009
8 30.7119 005004000019023009 37105000.0 018002000021009018
8 37105000.0 018002000021009018 12886000.0 018002000021005018
8 12886000.0 018002000021005018 30.7119 005004000019023009
8 30.7119 005004000019023009 4459.49 023004002009025002
8 4459.49 023004002009025002 3225.94 014004002009025002
8 3225.94 014004002009025002 30.7119 005004000019023009
8 30.7119 005004000019023009 25121.6 005005000001021001
8 25121.6 005005000001021001 17662.9 005000000001021001
8 17662.9 005000000001021001 30.7119 005004000019023009
8 30.7119 005004000019023009 17519000000.0 020006002003021003
8 17519000000.0 020006002003021003 30812.2 020006002007021003
8 30812.2 020006002007021003 30.7119 005004000019023009
8 30.7119 005004000019023009 11729.6 020006002009021008
8 11729.6 020006002009021008 3887.95 011006002009021008
8 3887.95 011006002009021008 30.7119 005004000019023009
8 30.7119 005004000019023009 1740412763.55 009005000005003005
8 1740412763.55 009005000005003005 1740412763.55 009005000005003005
8 1740412763.55 009005000005003005 30.7119 005004000019023009
8 30.7119 005004000019023009 49644.7 009005001001002005
8 49644.7 009005001001002005 49644.7 009005001001002005
8 49644.7 009005001001002005 30.7119 005004000019023009
8 30.7119 005004000019023009 6439380000.0 017004000005003008
8 6439380000.0 017004000005003008 10070000.0 017004000023003008
8 10070000.0 017004000023003008 30.7119 005004000019023009
8 30.7119 005004000019023009 34323.8 040004001008003018
8 34323.8 040004001008003018 30.7119 005004000019023009
8 30.7119 005004000019023009 88.7588 010004000014005007
8 88.7588 010004000014005007 573138000.0 009004000015000007
8 573138000.0 009004000015000007 7787.46 009004002015000007
8 7787.46 009004002015000007 30.7119 005004000019023009
8 30.7119 005004000019023009 334569.0 022000001014021018
8 334569.0 022000001014021018 30.7119 005004000019023009
8 30.7119 005004000019023009 88.7588 010004000014005007
8 88.7588 010004000014005007 32702.3 011006002021018018
8 32702.3 011006002021018018 20194.2 011006002021000018
8 20194.2 011006002021000018 30.7119 005004000019023009
8 30.7119 005004000019023009 24033.7 003004002009021007
8 24033.7 003004002009021007 2021.7 003004002009012007
8 2021.7 003004002009012007 30.7119 005004000019023009
8 30.7119 005004000019023009 988865.0 020000000005024004
8 988865.0 020000000005024004 10358.3 020000000005009004
8 10358.3 020000000005009004 30.7119 005004000019023009
8 30.7119 005004000019023009 169988000.0 017001001009002001
8 169988000.0 017001001009002001 14728.6 024001001009002001
8 14728.6 024001001009002001 30.7119 005004000019023009
8 30.7119 005004000019023009 14587500.0 017004001002013009
8 14587500.0 017004001002013009 14587500.0 017004001002013009
8 14587500.0 017004001002013009 30.7119 005004000019023009
8 30.7119 005004000019023009 77220440.2 020001000014008008
8 77220440.2 020001000014008008 77220440.2 020001000014008008
8 77220440.2 020001000014008008 30.7119 005004000019023009
8 30.7119 005004000019023009 13303900000.0 020006001010021004
8 13303900000.0 020006001010021004 53067.9 020002001010021004
8 53067.9 020002001010021004 30.7119 005004000019023009
8 30.7119 005004000019023009 26159.8 011004002002000001
8 26159.8 011004002002000001 30.7119 005004000019023009
8 30.7119 005004000019023009 88.7588 010004000014005007
8 88.7588 010004000014005007 5107290000.0 011001000005011001
8 5107290000.0 011001000005011001 2120600.0 011000000005011001
8 2120600.0 011000000005011001 30.7119 005004000019023009
8 30.7119 005004000019023009 3719095.65 040001002009011018
8 3719095.65 040001002009011018 3719095.65 040001002009011018
8 3719095.65 040001002009011018 30.7119 005004000019023009
8 30.7119 005004000019023009 2628100.0 010004000009022007
8 2628100.0 010004000009022007 188138.0 010004000022022007
8 188138.0 010004000022022007 30.7119 005004000019023009
8 30.7119 005004000019023009 25497500.0 011000000001002005
8 25497500.0 011000000001002005 24355.6 011004000001002005
8 24355.6 011004000001002005 30.7119 005004000019023009
8 30.7119 005004000019023009 19954.3 011001000009011007
8 19954.3 011001000009011007 30.7119 005004000019023009
8 30.7119 005004000019023009 88.7588 010004000014005007
8 88.7588 010004000014005007 1638490.0 009004002001012008
8 1638490.0 009004002001012008 1638490.0 009004002001012008
8 1638490.0 009004002001012008 30.7119 005004000019023009
8 30.7119 005004000019023009 19932100000.0 016006002005023001
8 19932100000.0 016006002005023001 6994370000.0 016006002005023016
8 6994370000.0 016006002005023016 30.7119 005004000019023009
8 30.7119 005004000019023009 8028340.0 020004000015008002
8 8028340.0 020004000015008002 234973.0 020004000015018002
8 234973.0 020004000015018002 30.7119 005004000019023009
8 30.7119 005004000019023009 12760700.0 011005000001008018
8 12760700.0 011005000001008018 3738070.0 011005000001008013
8 3738070.0 011005000001008013 30.7119 005004000019023009
8 30.7119 005004000019023009 6871000.0 017004000018001018
8 6871000.0 017004000018001018 17531.7 017004000018001010
8 17531.7 017004000018001010 30.7119 005004000019023009
8 30.7119 005004000019023009 2184020.0 010003002009021009
8 2184020.0 010003002009021009 8655.84 010003001009021009
8 8655.84 010003001009021009 30.7119 005004000019023009
8 30.7119 005004000019023009 16317000.0 022005000009021005
8 16317000.0 022005000009021005 1462730.0 022005000009021017
8 1462730.0 022005000009021017 30.7119 005004000019023009
8 30.7119 005004000019023009 21827600.0 011001002001008001
8 21827600.0 011001002001008001 29060.2 018001002001008001
8 29060.2 018001002001008001 30.7119 005004000019023009
8 30.7119 005004000019023009 109.873 011000001015002007
8 109.873 011000001015002007 87.4972 011000001015002014
8 87.4972 011000001015002014 30.7119 005004000019023009
8 30.7119 005004000019023009 29369.1 020005000014009008
8 29369.1 020005000014009008 12771.4 020005000014009009
8 12771.4 020005000014009009 30.7119 005004000019023009
8 30.7119 005004000019023009 34143200.0 005004000013002002
8 34143200.0 005004000013002002 31397.2 005004000019002002
8 31397.2 005004000019002002 30.7119 005004000019023009
8 30.7119 005004000019023009 82393000.0 029004001009005007
8 82393000.0 029004001009005007 36209.3 016004001009005007
8 36209.3 016004001009005007 30.7119 005004000019023009
8 30.7119 005004000019023009 2246654.60875 020004002005021018
8 2246654.60875 020004002005021018 2246654.60875 020004002005021018
8 2246654.60875 020004002005021018 30.7119 005004000019023009
8 30.7119 005004000019023009 20925.8 011006001014001018
8 20925.8 011006001014001018 2246654.60875 020004002005021018
8 2246654.60875 020004002005021018 30.7119 005004000019023009
8 30.7119 005004000019023009 20235.3 017004001001002004
8 20235.3 017004001001002004 163.644 017004001001002018
8 163.644 017004001001002018 2246654.60875 020004002005021018
8 2246654.60875 020004002005021018 11210.1 040005000009002007
8 11210.1 040005000009002007 105.268 040005000017002007
8 105.268 040005000017002007 2246654.60875 020004002005021018
8 2246654.60875 020004002005021018 30094.2 040004000015003007
8 30094.2 040004000015003007 5544.11 040004000015022007
8 5544.11 040004000015022007 2246654.60875 020004002005021018
8 2246654.60875 020004002005021018 516789000.0 020006000024005004
8 516789000.0 020006000024005004 198840000.0 020006002024005004
8 198840000.0 020006002024005004 2246654.60875 020004002005021018
8 2246654.60875 020004002005021018 833477000.0 023006001009022002
8 833477000.0 023006001009022002 55275.0 023006001009017002
8 55275.0 023006001009017002 2246654.60875 020004002005021018
8 2246654.60875 020004002005021018 12436.6 022005000009002008
8 12436.6 022005000009002008 1867.02 022005000009018008
8 1867.02 022005000009018008 2246654.60875 020004002005021018
8 2246654.60875 020004002005021018 44864.7 017005002002023002
8 44864.7 017005002002023002 28524.5 017003002002023002
8 28524.5 017003002002023002 2246654.60875 020004002005021018
8 2246654.60875 020004002005021018 2479845.0 005005001014005008
8 2479845.0 005005001014005008 2479845.0 005005001014005008
8 2479845.0 005005001014005008 2246654.60875 020004002005021018
8 2246654.60875 020004002005021018 222306.0 003000001002021007
8 222306.0 003000001002021007 17746.8 003001001002021007
8 17746.8 003001001002021007 2246654.60875 020004002005021018
8 2246654.60875 020004002005021018 82644.9 010006000002021008
8 82644.9 010006000002021008 15186.3 035006000002021008
8 15186.3 035006000002021008 2246654.60875 020004002005021018
8 2246654.60875 020004002005021018 9569730.0 022005002014025018
8 9569730.0 022005002014025018 121.221 014005002014025018
8 121.221 014005002014025018 2246654.60875 020004002005021018
8 2246654.60875 020004002005021018 811118.0 022000000018021005
8 811118.0 022000000018021005 140964.0 022000000018017005
8 140964.0 022000000018017005 2246654.60875 020004002005021018
8 2246654.60875 020004002005021018 84051.8 040000002017005007
8 84051.8 040000002017005007 75992.5 018000002017005007
8 75992.5 018000002017005007 2246654.60875 020004002005021018
8 2246654.60875 020004002005021018 346348000.0 010006002001011004
8 346348000.0 010006002001011004 45922.7 010006002001020004
8 45922.7 010006002001020004 2246654.60875 020004002005021018
8 2246654.60875 020004002005021018 439166000.0 022006000013002001
8 439166000.0 022006000013002001 361048000.0 022006001013002001
8 361048000.0 022006001013002001 2246654.60875 020004002005021018
8 2246654.60875 020004002005021018 11102400000.0 024001001001002001
8 11102400000.0 024001001001002001 260321000.0 024001001001002002
8 260321000.0 024001001001002002 2246654.60875 020004002005021018
8 2246654.60875 020004002005021018 9014100.0 022001001015002018
8 9014100.0 022001001015002018 1644350.0 022001001022002018
8 1644350.0 022001001022002018 2246654.60875 020004002005021018
8 2246654.60875 020004002005021018 8386.33 040005000014021004
8 8386.33 040005000014021004 5689.64 040004000014021004
8 5689.64 040004000014021004 2246654.60875 020004002005021018
8 2246654.60875 020004002005021018 14279.1 040004002019009004
8 14279.1 040004002019009004 1211.53 040004002019009015
8 1211.53 040004002019009015 2246654.60875 020004002005021018
8 2246654.60875 020004002005021018 786778.0 020004000014025007
8 786778.0 020004000014025007 65.2948 020004000015025007
8 65.2948 020004000015025007 2246654.60875 020004002005021018
8 2246654.60875 020004002005021018 19459500000.0 029006002014009004
8 19459500000.0 029006002014009004 13773300000.0 029006001014009004
8 13773300000.0 029006001014009004 2246654.60875 020004002005021018
8 2246654.60875 020004002005021018 9292.35 015004000015002008
8 9292.35 015004000015002008 1435.52 015004000015015008
8 1435.52 015004000015015008 2246654.60875 020004002005021018
8 2246654.60875 020004002005021018 7222490000.0 040006000015021005
8 7222490000.0 040006000015021005 146134000.0 040006000015022005
8 146134000.0 040006000015022005 2246654.60875 020004002005021018
8 2246654.60875 020004002005021018 118069000.0 020004001013018008
8 118069000.0 020004001013018008 7944630.0 020005001013018008
8 7944630.0 020005001013018008 2246654.60875 020004002005021018
8 2246654.60875 020004002005021018 18022.1 020006000009009009
8 18022.1 020006000009009009 17411.6 020006000017009009
8 17411.6 020006000017009009 2246654.60875 020004002005021018
8 2246654.60875 020004002005021018 13057400000.0 020006000005003014
8 13057400000.0 020006000005003014 11387.4 026006000005003014
8 11387.4 026006000005003014 2246654.60875 020004002005021018
8 2246654.60875 020004002005021018 43902.0 017006001015005001
8 43902.0 017006001015005001 655.692 017006001015000001
8 655.692 017006001015000001 2246654.60875 020004002005021018
8 2246654.60875 020004002005021018 1223810.0 022004000002023001
8 1223810.0 022004000002023001 1076.7 022004000002023011
8 1076.7 022004000002023011 2246654.60875 020004002005021018
8 2246654.60875 020004002005021018 1112970.0 010004001014011008
8 1112970.0 010004001014011008 769.051 010004001014000008
8 769.051 010004001014000008 2246654.60875 020004002005021018
8 2246654.60875 020004002005021018 17540.7 010005002014002014
8 17540.7 010005002014002014 17540.7 010005002014002014
8 17540.7 010005002014002014 2246654.60875 020004002005021018
8 2246654.60875 020004002005021018 4774000.0 011004000009008011
8 4774000.0 011004000009008011 830916.0 011004000003008011
8 830916.0 011004000003008011 2246654.60875 020004002005021018
8 2246654.60875 020004002005021018 287901000.0 015006002009021004
8 287901000.0 015006002009021004 746.474 015006002009021002
8 746.474 015006002009021002 2246654.60875 020004002005021018
8 2246654.60875 020004002005021018 4900.18 011004000014002008
8 4900.18 011004000014002008 362.048 011004000014002009
8 362.048 011004000014002009 2246654.60875 020004002005021018
8 2246654.60875 020004002005021018 7736.84 005004000009002004
8 7736.84 005004000009002004 2246654.60875 020004002005021018
8 2246654.60875 020004002005021018 30.7119 005004000019023009
8 30.7119 005004000019023009 12957.1 010004002002021007
8 12957.1 010004002002021007 54.7411 010004002006021007
8 54.7411 010004002006021007 2246654.60875 020004002005021018
8 2246654.60875 020004002005021018 1809490000.0 011004000015002004
8 1809490000.0 011004000015002004 19222700.0 011004000014002004
8 19222700.0 011004000014002004 2246654.60875 020004002005021018
8 2246654.60875 020004002005021018 9825.23 017004002017014004
8 9825.23 017004002017014004 4449.3 017004002004014004
8 4449.3 017004002004014004 2246654.60875 020004002005021018
8 2246654.60875 020004002005021018 7837.1 011000000009023007
8 7837.1 011000000009023007 32.7328 011000000009014007
8 32.7328 011000000009014007 2246654.60875 020004002005021018
8 2246654.60875 020004002005021018 1481710000.0 011005002014002008
8 1481710000.0 011005002014002008 7777800.0 011005002014011008
8 7777800.0 011005002014011008 2246654.60875 020004002005021018
8 2246654.60875 020004002005021018 237998.45 015004002015023008
8 237998.45 015004002015023008 237998.45 015004002015023008
8 237998.45 015004002015023008 2246654.60875 020004002005021018
8 2246654.60875 020004002005021018 16891000000.0 011006000015025004
8 16891000000.0 011006000015025004 26936200.0 011006000015025006
8 26936200.0 011006000015025006 2246654.60875 020004002005021018
8 2246654.60875 020004002005021018 1291530.0 015004002017012018
8 1291530.0 015004002017012018 8346.85 015004002020012018
8 8346.85 015004002020012018 2246654.60875 020004002005021018
8 2246654.60875 020004002005021018 1407.81 009004000009003018
8 1407.81 009004000009003018 699.108 002004000009003018
8 699.108 002004000009003018 2246654.60875 020004002005021018
8 2246654.60875 020004002005021018 16730500000.0 011006000009002007
8 16730500000.0 011006000009002007 64275.2 011006000009002014
8 64275.2 011006000009002014 2246654.60875 020004002005021018
8 2246654.60875 020004002005021018 40673100.0 011004000004002008
8 40673100.0 011004000004002008 1128650.0 011004000004015008
8 1128650.0 011004000004015008 2246654.60875 020004002005021018
8 2246654.60875 020004002005021018 81253200.0 029006002014025007
8 81253200.0 029006002014025007 618.221 029006002014017007
8 618.221 029006002014017007 2246654.60875 020004002005021018
8 2246654.60875 020004002005021018 15680300.0 011005002020000008
8 15680300.0 011005002020000008 8448210.0 011005002022000008
8 8448210.0 011005002022000008 2246654.60875 020004002005021018
8 2246654.60875 020004002005021018 3534100.0 020004002014002014
8 3534100.0 020004002014002014 30364.7 020004002014002003
8 30364.7 020004002014002003 2246654.60875 020004002005021018
8 2246654.60875 020004002005021018 82.787 009005002000022018
8 82.787 009005002000022018 65.3714 009005002000024018
8 65.3714 009005002000024018 2246654.60875 020004002005021018
8 2246654.60875 020004002005021018 3586690.0 017000001009003015
8 3586690.0 017000001009003015 18103.9 017005001009003015
8 18103.9 017005001009003015 2246654.60875 020004002005021018
8 2246654.60875 020004002005021018 1214970.0 005000002014021007
8 1214970.0 005000002014021007 187255.0 005005002014021007
8 187255.0 005005002014021007 2246654.60875 020004002005021018
8 2246654.60875 020004002005021018 14921.4 022000002014021007
8 14921.4 022000002014021007 2323.51 022000002017021007
8 2323.51 022000002017021007 2246654.60875 020004002005021018
8 2246654.60875 020004002005021018 442022.0 010004000000014007
8 442022.0 010004000000014007 46833.5 010004002000014007
8 46833.5 010004002000014007 2246654.60875 020004002005021018
8 2246654.60875 020004002005021018 8887.01 017006002014000007
8 8887.01 017006002014000007 1275.32 017006002017000007
8 1275.32 017006002017000007 2246654.60875 020004002005021018
8 2246654.60875 020004002005021018 1519210000.0 011004001001015007
8 1519210000.0 011004001001015007 15525300.0 011003001001015007
8 15525300.0 011003001001015007 2246654.60875 020004002005021018
8 2246654.60875 020004002005021018 324851000.0 040005002001003004
8 324851000.0 040005002001003004 41960.6 040005002002003004
8 41960.6 040005002002003004 2246654.60875 020004002005021018
8 2246654.60875 020004002005021018 35857600.0 020005000013021018
8 35857600.0 020005000013021018 373704.0 020005000013021005
8 373704.0 020005000013021005 2246654.60875 020004002005021018
8 2246654.60875 020004002005021018 14358.1 005004002009002008
8 14358.1 005004002009002008 4602.81 005000002009002008
8 4602.81 005000002009002008 2246654.60875 020004002005021018
8 2246654.60875 020004002005021018 44491900.0 017004002001002007
8 44491900.0 017004002001002007 44321.5 029004002001002007
8 44321.5 029004002001002007 2246654.60875 020004002005021018
8 2246654.60875 020004002005021018 3482110000.0 017006001015023007
8 3482110000.0 017006001015023007 198814000.0 017006001015024007
8 198814000.0 017006001015024007 2246654.60875 020004002005021018
8 2246654.60875 020004002005021018 513387000.0 011006000019002004
8 513387000.0 011006000019002004 274350000.0 011006002019002004
8 274350000.0 011006002019002004 2246654.60875 020004002005021018
8 2246654.60875 020004002005021018 45.4663 017004000002014018
8 45.4663 017004000002014018 2246654.60875 020004002005021018
8 2246654.60875 020004002005021018 30.7119 005004000019023009
8 30.7119 005004000019023009 2046872914.5 011005002009014004
8 2046872914.5 011005002009014004 2046872914.5 011005002009014004
8 2046872914.5 011005002009014004 2246654.60875 020004002005021018
8 2246654.60875 020004002005021018 6691560000.0 020005001002008007
8 6691560000.0 020005001002008007 11856.3 020005002002008007
8 11856.3 020005002002008007 2246654.60875 020004002005021018
8 2246654.60875 020004002005021018 13532.9 020006000013025007
8 13532.9 020006000013025007 4553.51 020003000013025007
8 4553.51 020003000013025007 2246654.60875 020004002005021018
8 2246654.60875 020004002005021018 159742000.0 014000000019002001
8 159742000.0 014000000019002001 46219.0 014000000019010001
8 46219.0 014000000019010001 2246654.60875 020004002005021018
8 2246654.60875 020004002005021018 26472150000.0 002006002009002008
8 26472150000.0 002006002009002008 26472150000.0 002006002009002008
8 26472150000.0 002006002009002008 2246654.60875 020004002005021018
8 2246654.60875 020004002005021018 578635000.0 015004000014002007
8 578635000.0 015004000014002007 486181.0 015004000014020007
8 486181.0 015004000014020007 2246654.60875 020004002005021018
8 2246654.60875 020004002005021018 1772309.09 020004002002020009
8 1772309.09 020004002002020009 1772309.09 020004002002020009
8 1772309.09 020004002002020009 2246654.60875 020004002005021018
8 2246654.60875 020004002005021018 20300100.0 010004000006002018
8 20300100.0 010004000006002018 4901560.0 010004002006002018
8 4901560.0 010004002006002018 2246654.60875 020004002005021018
8 2246654.60875 020004002005021018 45278.0 017006000002002018
8 45278.0 017006000002002018 39071.9 017006000002002012
8 39071.9 017006000002002012 2246654.60875 020004002005021018
8 2246654.60875 020004002005021018 248767.0 010000000017008004
8 248767.0 010000000017008004 15475.8 013000000017008004
8 15475.8 013000000017008004 2246654.60875 020004002005021018
8 2246654.60875 020004002005021018 4834260.0 015005000009021004
8 4834260.0 015005000009021004 2183110.0 015005000024021004
8 2183110.0 015005000024021004 2246654.60875 020004002005021018
8 2246654.60875 020004002005021018 71212500.0 010004002000002005
8 71212500.0 010004002000002005 65128.7 027004002000002005
8 65128.7 027004002000002005 2246654.60875 020004002005021018
8 2246654.60875 020004002005021018 38373.9 022004000009003004
8 38373.9 022004000009003004 31853.7 007004000009003004
8 31853.7 007004000009003004 2246654.60875 020004002005021018
8 2246654.60875 020004002005021018 38698.7 020006002018023001
8 38698.7 020006002018023001 36702.8 020006002018023003
8 36702.8 020006002018023003 2246654.60875 020004002005021018
8 2246654.60875 020004002005021018 32933400000.0 011006000014015002
8 32933400000.0 011006000014015002 12471500000.0 037006000014015002
8 12471500000.0 037006000014015002 2246654.60875 020004002005021018
8 2246654.60875 020004002005021018 6088.76 020004001014023018
8 6088.76 020004001014023018 3501.68 020004001014023012
8 3501.68 020004001014023012 2246654.60875 020004002005021018
8 2246654.60875 020004002005021018 1538860.0 003004000002021002
8 1538860.0 003004000002021002 12514.7 021004000002021002
8 12514.7 021004000002021002 2246654.60875 020004002005021018
8 2246654.60875 020004002005021018 24402.9 003006000000009002
8 24402.9 003006000000009002 22403.3 021006000000009002
8 22403.3 021006000000009002 2246654.60875 020004002005021018
8 2246654.60875 020004002005021018 96276500.0 017005000000002008
8 96276500.0 017005000000002008 12909.1 017005000000002006
8 12909.1 017005000000002006 2246654.60875 020004002005021018
8 2246654.60875 020004002005021018 27573.2 002003001009002008
8 27573.2 002003001009002008 22159.9 002003001009002017
8 22159.9 002003001009002017 2246654.60875 020004002005021018
8 2246654.60875 020004002005021018 3612.91 022000002002021018
8 3612.91 022000002002021018 866.276 022004002002021018
8 866.276 022004002002021018 2246654.60875 020004002005021018
8 2246654.60875 020004002005021018 1471360.0 005005000009003018
8 1471360.0 005005000009003018 31217.0 005003000009003018
8 31217.0 005003000009003018 2246654.60875 020004002005021018
8 2246654.60875 020004002005021018 25655500.0 011006000018022018
8 25655500.0 011006000018022018 27659.0 011006001018022018
8 27659.0 011006001018022018 2246654.60875 020004002005021018
8 2246654.60875 020004002005021018 104699.0 040000002009002011
8 104699.0 040000002009002011 60052.2 040000002009002009
8 60052.2 040000002009002009 2246654.60875 020004002005021018
8 2246654.60875 020004002005021018 12324700.0 011004000015003018
8 12324700.0 011004000015003018 21176.2 011004000015000018
8 21176.2 011004000015000018 2246654.60875 020004002005021018
8 2246654.60875 020004002005021018 159973.0 011000002009025001
8 159973.0 011000002009025001 84066.3 011000002009025007
8 84066.3 011000002009025007 2246654.60875 020004002005021018
8 2246654.60875 020004002005021018 432157000.0 016006002015000007
8 432157000.0 016006002015000007 43556.5 016003002015000007
8 43556.5 016003002015000007 2246654.60875 020004002005021018
8 2246654.60875 020004002005021018 521173.0 022000000015009014
8 521173.0 022000000015009014 4646.05 011000000015009014
8 4646.05 011000000015009014 2246654.60875 020004002005021018
8 2246654.60875 020004002005021018 17632.4 017005000015021007
8 17632.4 017005000015021007 2976.31 017005000005021007
8 2976.31 017005000005021007 2246654.60875 020004002005021018
8 2246654.60875 020004002005021018 25.9532 022004000000017007
8 25.9532 022004000000017007 2246654.60875 020004002005021018
8 2246654.60875 020004002005021018 30.7119 005004000019023009
8 30.7119 005004000019023009 22042400.0 022006000000014018
8 22042400.0 022006000000014018 69401.7 022006000000014001
8 69401.7 022006000000014001 2246654.60875 020004002005021018
8 2246654.60875 020004002005021018 683519000.0 011006000009005002
8 683519000.0 011006000009005002 45432900.0 011002000009005002
8 45432900.0 011002000009005002 2246654.60875 020004002005021018
8 2246654.60875 020004002005021018 57643.8 020006001014002002
8 57643.8 020006001014002002 53609.4 036006001014002002
8 53609.4 036006001014002002 2246654.60875 020004002005021018
8 2246654.60875 020004002005021018 3560.88 017000000009021007
8 3560.88 017000000009021007 159.015 007000000009021007
8 159.015 007000000009021007 2246654.60875 020004002005021018
8 2246654.60875 020004002005021018 6051280000.0 017005002014008007
8 6051280000.0 017005002014008007 288985000.0 017005002014024007
8 288985000.0 017005002014024007 2246654.60875 020004002005021018
8 2246654.60875 020004002005021018 296.408 020000000009014018
8 296.408 020000000009014018 85.743 020000000009014017
8 85.743 020000000009014017 2246654.60875 020004002005021018
8 2246654.60875 020004002005021018 17297.5 020004000014005002
8 17297.5 020004000014005002 9575.78 033004000014005002
8 9575.78 033004000014005002 2246654.60875 020004002005021018
8 2246654.60875 020004002005021018 4654.26 011000000017002018
8 4654.26 011000000017002018 94.7347 017000000017002018
8 94.7347 017000000017002018 2246654.60875 020004002005021018
8 2246654.60875 020004002005021018 3.77226 016004000000021008
8 3.77226 016004000000021008 3.77226 016004000000021008
8 3.77226 016004000000021008 2246654.60875 020004002005021018
8 2246654.60875 020004002005021018 6480700000.0 022006000014012007
8 6480700000.0 022006000014012007 341395000.0 022006000008012007
8 341395000.0 022006000008012007 3.77226 016004000000021008
8 3.77226 016004000000021008 512418.0 007005002017023015
8 512418.0 007005002017023015 85.7715 002005002017023015
8 85.7715 002005002017023015 3.77226 016004000000021008
8 3.77226 016004000000021008 916245.0 010004001019009018
8 916245.0 010004001019009018 1534.39 010004001019019018
8 1534.39 010004001019019018 3.77226 016004000000021008
8 3.77226 016004000000021008 342758.0 011004000009021007
8 342758.0 011004000009021007 179443.0 011000000009021007
8 179443.0 011000000009021007 3.77226 016004000000021008
8 3.77226 016004000000021008 3323.14 010000000017005018
8 3323.14 010000000017005018 3.77226 016004000000021008
8 3.77226 016004000000021008 2246654.60875 020004002005021018
8 2246654.60875 020004002005021018 28045100.0 011005000009009002
8 28045100.0 011005000009009002 40722.4 011005000023009002
8 40722.4 011005000023009002 3.77226 016004000000021008
8 3.77226 016004000000021008 36828.8 011004002014002007
8 36828.8 011004002014002007 16726.4 011004001014002007
8 16726.4 011004001014002007 3.77226 016004000000021008
8 3.77226 016004000000021008 64783522.135 017004002000000008
8 64783522.135 017004002000000008 64783522.135 017004002000000008
8 64783522.135 017004002000000008 3.77226 016004000000021008
8 3.77226 016004000000021008 7628550.0 011005000017009018
8 7628550.0 011005000017009018 3669740.0 011005002017009018
8 3669740.0 011005002017009018 3.77226 016004000000021008
8 3.77226 016004000000021008 4434850.0 011004002015018018
8 4434850.0 011004002015018018 77.2846 011004000015018018
8 77.2846 011004000015018018 3.77226 016004000000021008
8 3.77226 016004000000021008 819.671 020004000009012018
8 819.671 020004000009012018 446.04 022004000009012018
8 446.04 022004000009012018 3.77226 016004000000021008
8 3.77226 016004000000021008 1471483.7433333334 015004001014002018
8 1471483.7433333334 015004001014002018 1471483.7433333334 015004001014002018
8 1471483.7433333334 015004001014002018 3.77226 016004000000021008
8 3.77226 016004000000021008 989668.0 014004000015005014
8 989668.0 014004000015005014 946750.0 016004000015005014
8 946750.0 016004000015005014 3.77226 016004000000021008
8 3.77226 016004000000021008 4926450.0 014004000017014007
8 4926450.0 014004000017014007 4651.96 014004000017020007
8 4651.96 014004000017020007 3.77226 016004000000021008
8 3.77226 016004000000021008 12170300000.0 010006002006002018
8 12170300000.0 010006002006002018 406133000.0 010006002006002009
8 406133000.0 010006002006002009 3.77226 016004000000021008
8 3.77226 016004000000021008 524687000.0 011005000001009007
8 524687000.0 011005000001009007 37974.7 011003000001009007
8 37974.7 011003000001009007 3.77226 016004000000021008
8 3.77226 016004000000021008 745923.0 002004000000012008
8 745923.0 002004000000012008 691360.0 014004000000012008
8 691360.0 014004000000012008 3.77226 016004000000021008
8 3.77226 016004000000021008 755321.5 005000000015002007
8 755321.5 005000000015002007 755321.5 005000000015002007
8 755321.5 005000000015002007 3.77226 016004000000021008
8 3.77226 016004000000021008 6303.19 011004000019022007
8 6303.19 011004000019022007 8.50062 019004000019022007
8 8.50062 019004000019022007 3.77226 016004000000021008
8 3.77226 016004000000021008 21128500.0 011000000009000007
8 21128500.0 011000000009000007 19518.7 011000001009000007
8 19518.7 011000001009000007 3.77226 016004000000021008
9 3.77226 016004000000021008 2027004500.0 027005001012024004
9 2027004500.0 027005001012024004 2027004500.0 027005001012024004
9 2027004500.0 027005001012024004 5.11834 019000000004020005
9 5.11834 019000000004020005 5927690000.0 022004000008008001
9 5927690000.0 022004000008008001 15052900.0 022004000008008008
9 15052900.0 022004000008008008 5.11834 019000000004020005
9 5.11834 019000000004020005 14082800000.0 028005001001004002
9 14082800000.0 028005001001004002 20189.5 020005001001004002
9 20189.5 020005001001004002 5.11834 019000000004020005
9 5.11834 019000000004020005 15824.6 001004002001014008
9 15824.6 001004002001014008 9877.55 004004002001014008
9 9877.55 004004002001014008 5.11834 019000000004020005
9 5.11834 019000000004020005 15806.1 025001000018012005
9 15806.1 025001000018012005 69.8955 025001000021012005
9 69.8955 025001000021012005 5.11834 019000000004020005
9 5.11834 019000000004020005 240788.0 017001000023019004
9 240788.0 017001000023019004 27103.5 017001000011019004
9 27103.5 017001000011019004 5.11834 019000000004020005
9 5.11834 019000000004020005 4410190000.0 012000002018012000
9 4410190000.0 012000002018012000 34047.9 012000002018016000
9 34047.9 012000002018016000 5.11834 019000000004020005
9 5.11834 019000000004020005 43501.1 013002001023000000
9 43501.1 013002001023000000 25901.2 013002001016000000
9 25901.2 013002001016000000 5.11834 019000000004020005
9 5.11834 019000000004020005 412976.0 025000000016013007
9 412976.0 025000000016013007 381872.0 008000000016013007
9 381872.0 008000000016013007 5.11834 019000000004020005
9 5.11834 019000000004020005 1262890.0 014000000001014002
9 1262890.0 014000000001014002 1007810.0 014000000001012002
9 1007810.0 014000000001012002 5.11834 019000000004020005
9 5.11834 019000000004020005 2054970.45 012000002001017006
9 2054970.45 012000002001017006 2054970.45 012000002001017006
9 2054970.45 012000002001017006 5.11834 019000000004020005
9 5.11834 019000000004020005 24853.8 004000001008008008
9 24853.8 004000001008008008 12987.1 004000001010008008
9 12987.1 004000001010008008 5.11834 019000000004020005
9 5.11834 019000000004020005 1112070.0 003001002021020006
9 1112070.0 003001002021020006 828202.0 003001002021020009
9 828202.0 003001002021020009 5.11834 019000000004020005
9 5.11834 019000000004020005 8703340.0 019002001021020009
9 8703340.0 019002001021020009 21117.9 019002001021004009
9 21117.9 019002001021004009 5.11834 019000000004020005
9 5.11834 019000000004020005 56514.1 020006000018008001
9 56514.1 020006000018008001 4842.11 020004000018008001
9 4842.11 020004000018008001 5.11834 019000000004020005
9 5.11834 019000000004020005 1458810.0 001003002016010006
9 1458810.0 001003002016010006 853435.0 001003002016016006
9 853435.0 001003002016016006 5.11834 019000000004020005
9 5.11834 019000000004020005 4393480.0 012001001021004005
9 4393480.0 012001001021004005 20686.6 012001001024004005
9 20686.6 012001001024004005 5.11834 019000000004020005
9 5.11834 019000000004020005 3972870.0 020001000021015000
9 3972870.0 020001000021015000 2188770.0 020001000021024000
9 2188770.0 020001000021024000 5.11834 019000000004020005
9 5.11834 019000000004020005 54318.8 013002002004004003
9 54318.8 013002002004004003 52412.8 013000002004004003
9 52412.8 013000002004004003 5.11834 019000000004020005
9 5.11834 019000000004020005 507654.0 001000001001023009
9 507654.0 001000001001023009 59.9065 001000000001023009
9 59.9065 001000000001023009 5.11834 019000000004020005
9 5.11834 019000000004020005 10781.4 023004000015019005
9 10781.4 023004000015019005 5.11834 019000000004020005
9 5.11834 019000000004020005 59.9065 001000000001023009
9 59.9065 001000000001023009 4557560.0 023004000022023007
9 4557560.0 023004000022023007 11875.6 023004000022019007
9 11875.6 023004000022019007 5.11834 019000000004020005
9 5.11834 019000000004020005 255509.0 004000002018019000
9 255509.0 004000002018019000 225461.0 002000002018019000
9 225461.0 002000002018019000 5.11834 019000000004020005
9 5.11834 019000000004020005 6532433.8 004002001007005003
9 6532433.8 004002001007005003 6532433.8 004002001007005003
9 6532433.8 004002001007005003 5.11834 019000000004020005
9 5.11834 019000000004020005 690102.0 002000002018004007
9 690102.0 002000002018004007 12752.7 002000002018004014
9 12752.7 002000002018004014 5.11834 019000000004020005
9 5.11834 019000000004020005 28235.1 025000001004005001
9 28235.1 025000001004005001 15577.7 025000001019005001
9 15577.7 025000001019005001 5.11834 019000000004020005
9 5.11834 019000000004020005 7375150000.0 020000001001021001
9 7375150000.0 020000001001021001 41.2424 020000000001021001
9 41.2424 020000000001021001 5.11834 019000000004020005
9 5.11834 019000000004020005 54721.8 019001000000004008
9 54721.8 019001000000004008 6173.66 019000000000004008
9 6173.66 019000000000004008 5.11834 019000000004020005
9 5.11834 019000000004020005 46354.3 023001000006008001
9 46354.3 023001000006008001 2891.26 023001000006008016
9 2891.26 023001000006008016 5.11834 019000000004020005
9 5.11834 019000000004020005 389007.0 001004001001022008
9 389007.0 001004001001022008 379274.0 001002001001022008
9 379274.0 001002001001022008 5.11834 019000000004020005
9 5.11834 019000000004020005 14591.9 004005000025012005
9 14591.9 004005000025012005 87.3328 004005000025012013
9 87.3328 004005000025012013 5.11834 019000000004020005
9 5.11834 019000000004020005 3743660.0 020000001018008008
9 3743660.0 020000001018008008 26867.7 031000001018008008
9 26867.7 031000001018008008 5.11834 019000000004020005
9 5.11834 019000000004020005 8097180000.0 023000001001013003
9 8097180000.0 023000001001013003 241570000.0 023000001001011003
9 241570000.0 023000001001011003 5.11834 019000000004020005
9 5.11834 019000000004020005 967554.5 004005000010020003
9 967554.5 004005000010020003 967554.5 004005000010020003
9 967554.5 004005000010020003 5.11834 019000000004020005
9 5.11834 019000000004020005 30383.1 020000002018005001
9 30383.1 020000002018005001 24651.7 017000002018005001
9 24651.7 017000002018005001 5.11834 019000000004020005
9 5.11834 019000000004020005 6995.03 025001000021004007
9 6995.03 025001000021004007 2596.24 014001000021004007
9 2596.24 014001000021004007 5.11834 019000000004020005
9 5.11834 019000000004020005 26831979.94 023001001009004005
9 26831979.94 023001001009004005 26831979.94 023001001009004005
9 26831979.94 023001001009004005 5.11834 019000000004020005
9 5.11834 019000000004020005 167266.0 020000000021012005
9 167266.0 020000000021012005 8334.83 033000000021012005
9 8334.83 033000000021012005 5.11834 019000000004020005
9 5.11834 019000000004020005 6691330.0 010001001008018005
9 6691330.0 010001001008018005 14030.6 010001001002018005
9 14030.6 010001001002018005 5.11834 019000000004020005
9 5.11834 019000000004020005 6812990.0 023004001020008008
9 6812990.0 023004001020008008 15509.0 023006001020008008
9 15509.0 023006001020008008 5.11834 019000000004020005
9 5.11834 019000000004020005 54378.3 010000000010004005
9 54378.3 010000000010004005 5.11834 019000000004020005
9 5.11834 019000000004020005 41.2424 020000000001021001
9 41.2424 020000000001021001 3877457.05 025002000021012016
9 3877457.05 025002000021012016 3877457.05 025002000021012016
9 3877457.05 025002000021012016 5.11834 019000000004020005
9 5.11834 019000000004020005 638411.0 013000000001012001
9 638411.0 013000000001012001 2920.53 028000000001012001
9 2920.53 028000000001012001 5.11834 019000000004020005
9 5.11834 019000000004020005 36621.9 013004001018000001
9 36621.9 013004001018000001 11637.8 007004001018000001
9 11637.8 007004001018000001 5.11834 019000000004020005
9 5.11834 019000000004020005 39176.6 010000001006008008
9 39176.6 010000001006008008 7903.58 001000001006008008
9 7903.58 001000001006008008 5.11834 019000000004020005
9 5.11834 019000000004020005 17411.9 004001001001019005
9 17411.9 004001001001019005 2210.15 004001001020019005
9 2210.15 004001001020019005 5.11834 019000000004020005
9 5.11834 019000000004020005 794379.0 025000000007021016
9 794379.0 025000000007021016 692369.0 025000001007021016
9 692369.0 025000001007021016 5.11834 019000000004020005
9 5.11834 019000000004020005 5033600.0 020001002020005016
9 5033600.0 020001002020005016 2030170.0 020001000020005016
9 2030170.0 020001000020005016 5.11834 019000000004020005
9 5.11834 019000000004020005 1918930000.0 014006000025003008
9 1918930000.0 014006000025003008 296984000.0 014006000025003000
9 296984000.0 014006000025003000 5.11834 019000000004020005
9 5.11834 019000000004020005 3027380.0 004001002020003007
9 3027380.0 004001002020003007 1266300.0 004001002020021007
9 1266300.0 004001002020021007 5.11834 019000000004020005
9 5.11834 019000000004020005 56068700.0 004003000022012005
9 56068700.0 004003000022012005 47240700.0 004003000022012007
9 47240700.0 004003000022012007 5.11834 019000000004020005
9 5.11834 019000000004020005 1010190000.0 023005001018012008
9 1010190000.0 023005001018012008 8831610.0 014005001018012008
9 8831610.0 014005001018012008 5.11834 019000000004020005
9 5.11834 019000000004020005 71.8926 010002001018019005
9 71.8926 010002001018019005 32.7519 010002001021019005
9 32.7519 010002001021019005 5.11834 019000000004020005
9 5.11834 019000000004020005 1085438.0 025000000022005007
9 1085438.0 025000000022005007 1085438.0 025000000022005007
9 1085438.0 025000000022005007 5.11834 019000000004020005
9 5.11834 019000000004020005 6389.7 010001000006014008
9 6389.7 010001000006014008 105.472 010001000015014008
9 105.472 010001000015014008 5.11834 019000000004020005
9 5.11834 019000000004020005 2674420000.0 028004000013004005
9 2674420000.0 028004000013004005 18639400.0 011004000013004005
9 18639400.0 011004000013004005 5.11834 019000000004020005
9 5.11834 019000000004020005 464156.0 001001002020018008
9 464156.0 001001002020018008 3.39259 001001002020018009
9 3.39259 001001002020018009 5.11834 019000000004020005
9 5.11834 019000000004020005 6099.68 013005000007008005
9 6099.68 013005000007008005 1381.02 013005000007008012
9 1381.02 013005000007008012 3.39259 001001002020018009
9 3.39259 001001002020018009 10894.7 001001000007012005
9 10894.7 001001000007012005 1.92951 001001000007012008
9 1.92951 001001000007012008 3.39259 001001002020018009
9 3.39259 001001002020018009 4967.18 028001000006012005
9 4967.18 028001000006012005 3065.05 028001000022012005
9 3065.05 028001000022012005 3.39259 001001002020018009
9 3.39259 001001002020018009 6321400.0 028001000025012014
9 6321400.0 028001000025012014 136.214 028001000025012009
9 136.214 028001000025012009 3.39259 001001002020018009
9 3.39259 001001002020018009 4423020.0 025004001018019008
9 4423020.0 025004001018019008 37922.8 022004001018019008
9 37922.8 022004001018019008 3.39259 001001002020018009
9 3.39259 001001002020018009 61651100.0 025001001007014005
9 61651100.0 025001001007014005 27665900.0 021001001007014005
9 27665900.0 021001001007014005 3.39259 001001002020018009
9 3.39259 001001002020018009 2232380.0 004000001007012008
9 2232380.0 004000001007012008 102569.0 004000000007012008
9 102569.0 004000000007012008 3.39259 001001002020018009
9 3.39259 001001002020018009 78.6175 025000000007018005
9 78.6175 025000000007018005 3.39259 001001002020018009
9 3.39259 001001002020018009 5.11834 019000000004020005
9 5.11834 019000000004020005 35.4472 010000000007018005
9 35.4472 010000000007018005 8.99604 010000000008018005
9 8.99604 010000000008018005 3.39259 001001002020018009
9 3.39259 001001002020018009 16597600.0 010001000021008007
9 16597600.0 010001000021008007 3932.25 015001000021008007
9 3932.25 015001000021008007 3.39259 001001002020018009
9 3.39259 001001002020018009 1132560.0 004002001001018001
9 1132560.0 004002001001018001 3.39259 001001002020018009
9 3.39259 001001002020018009 5.11834 019000000004020005
9 5.11834 019000000004020005 6162030.0 010001000022012008
9 6162030.0 010001000022012008 122306.0 010001000022008008
9 122306.0 010001000022008008 3.39259 001001002020018009
9 3.39259 001001002020018009 1662010.0 033000000025008008
9 1662010.0 033000000025008008 1390610.0 030000000025008008
9 1390610.0 030000000025008008 3.39259 001001002020018009
9 3.39259 001001002020018009 9141.12 028001001021012001
9 9141.12 028001001021012001 48.5865 006001001021012001
9 48.5865 006001001021012001 3.39259 001001002020018009
9 3.39259 001001002020018009 5575.41 025000000001008005
9 5575.41 025000000001008005 3.39259 001001002020018009
9 3.39259 001001002020018009 5.11834 019000000004020005
9 5.11834 019000000004020005 11.5813 001001001007019005
9 11.5813 001001001007019005 6.95117 001001001014019005
9 6.95117 001001001014019005 3.39259 001001002020018009
9 3.39259 001001002020018009 1167125050.0 028001000001008009
9 1167125050.0 028001000001008009 1167125050.0 028001000001008009
9 1167125050.0 028001000001008009 3.39259 001001002020018009
9 3.39259 001001002020018009 12164900.0 010004000001008008
9 12164900.0 010004000001008008 1939730.0 010004000001008018
9 1939730.0 010004000001008018 3.39259 001001002020018009
9 3.39259 001001002020018009 38.48 001001000021020001
9 38.48 001001000021020001 3.39259 001001002020018009
9 3.39259 001001002020018009 5.11834 019000000004020005
9 5.11834 019000000004020005 3817590.0 019001000010023005
9 3817590.0 019001000010023005 3.39259 001001002020018009
9 3.39259 001001002020018009 5.11834 019000000004020005
9 5.11834 019000000004020005 13661700.0 015001002006014007
9 13661700.0 015001002006014007 1383330.0 015001000006014007
9 1383330.0 015001000006014007 3.39259 001001002020018009
9 3.39259 001001002020018009 6547.4 028000000006019008
9 6547.4 028000000006019008 56.4132 002000000006019008
9 56.4132 002000000006019008 3.39259 001001002020018009
9 3.39259 001001002020018009 2014330.0 020005000021023001
9 2014330.0 020005000021023001 322594.0 002005000021023001
9 322594.0 002005000021023001 3.39259 001001002020018009
9 3.39259 001001002020018009 16401.0 001001000007008008
9 16401.0 001001000007008008 1.92951 001001000007012008
9 1.92951 001001000007012008 3.39259 001001002020018009
9 3.39259 001001002020018009 39252800.0 019001001021008001
9 39252800.0 019001001021008001 5906.11 019001000021008001
9 5906.11 019001000021008001 1.92951 001001000007012008
9 1.92951 001001000007012008 24155.15 025000001020018012
9 24155.15 025000001020018012 24155.15 025000001020018012
9 24155.15 025000001020018012 1.92951 001001000007012008
9 1.92951 001001000007012008 720185.0 010000000001019009
9 720185.0 010000000001019009 629601.0 010000000001009009
9 629601.0 010000000001009009 1.92951 001001000007012008
9 1.92951 001001000007012008 9687.96 004000000000012005
9 9687.96 004000000000012005 8729.12 004000000010012005
9 8729.12 004000000010012005 1.92951 001001000007012008
9 1.92951 001001000007012008 17561.7 019001000006018001
9 17561.7 019001000006018001 8952.92 020001000006018001
9 8952.92 020001000006018001 1.92951 001001000007012008
9 1.92951 001001000007012008 5243810000.0 010001000014008001
9 5243810000.0 010001000014008001 986354.0 010001000014022001
9 986354.0 010001000014022001 1.92951 001001000007012008
9 1.92951 001001000007012008 14318.7 010001000001012008
9 14318.7 010001000001012008 14139.1 010001000001005008
9 14139.1 010001000001005008 1.92951 001001000007012008
9 1.92951 001001000007012008 23840300.0 020001002007018005
9 23840300.0 020001002007018005 18233.1 020001002007018010
9 18233.1 020001002007018010 1.92951 001001000007012008
9 1.92951 001001000007012008 7147.49 014000000008014001
9 7147.49 014000000008014001 6736.25 022000000008014001
9 6736.25 022000000008014001 1.92951 001001000007012008
9 1.92951 001001000007012008 7351540000.0 028001000022004001
9 7351540000.0 028001000022004001 39774.3 035001000022004001
9 39774.3 035001000022004001 1.92951 001001000007012008
9 1.92951 001001000007012008 195608.0 006001000025012005
9 195608.0 006001000025012005 10784.8 006001000025003005
9 10784.8 006001000025003005 1.92951 001001000007012008
9 1.92951 001001000007012008 42905100.0 020005001001018008
9 42905100.0 020005001001018008 21191200.0 020003001001018008
9 21191200.0 020003001001018008 1.92951 001001000007012008
9 1.92951 001001000007012008 24367.6 001001000018004008
9 24367.6 001001000018004008 6195.55 024001000018004008
9 6195.55 024001000018004008 1.92951 001001000007012008
9 1.92951 001001000007012008 3387.4 022000000021008005
9 3387.4 022000000021008005 39.9679 022000000021015005
9 39.9679 022000000021015005 1.92951 001001000007012008
9 1.92951 001001000007012008 148.514 001005000025004001
9 148.514 001005000025004001 1.92951 001001000007012008
9 1.92951 001001000007012008 3.39259 001001002020018009
9 3.39259 001001002020018009 34.0675 002001000021019001
9 34.0675 002001000021019001 1.92951 001001000007012008
9 1.92951 001001000007012008 3.39259 001001002020018009
9 3.39259 001001002020018009 256025.0 010000000018013005
9 256025.0 010000000018013005 10934.6 039000000018013005
9 10934.6 039000000018013005 1.92951 001001000007012008
9 1.92951 001001000007012008 7455700.0 028001000007013008
9 7455700.0 028001000007013008 6768310.0 028004000007013008
9 6768310.0 028004000007013008 1.92951 001001000007012008
9 1.92951 001001000007012008 4777.84 022001000025008005
9 4777.84 022001000025008005 2581.65 022005000025008005
9 2581.65 022005000025008005 1.92951 001001000007012008
9 1.92951 001001000007012008 22953.5 010005002021021001
9 22953.5 010005002021021001 134.083 010005002021015001
9 134.083 010005002021015001 1.92951 001001000007012008
9 1.92951 001001000007012008 266914.0 001001000008012001
9 266914.0 001001000008012001 4582.17 001001000007012001
9 4582.17 001001000007012001 1.92951 001001000007012008
9 1.92951 001001000007012008 5925.64 019005000007008001
9 5925.64 019005000007008001 1.92951 001001000007012008
9 1.92951 001001000007012008 3.39259 001001002020018009
9 3.39259 001001002020018009 3736630.0 010000001007019005
9 3736630.0 010000001007019005 773504.0 010000000007019005
9 773504.0 010000000007019005 1.92951 001001000007012008
9 1.92951 001001000007012008 7277800.0 010001001000008008
9 7277800.0 010001001000008008 5430580.0 010001001000008011
9 5430580.0 010001001000008011 1.92951 001001000007012008
9 1.92951 001001000007012008 646551.0 001002000006012005
9 646551.0 001002000006012005 10323.4 036002000006012005
9 10323.4 036002000006012005 1.92951 001001000007012008
9 1.92951 001001000007012008 9544490.0 004002000008018001
9 9544490.0 004002000008018001 287448.0 004002002008018001
9 287448.0 004002002008018001 1.92951 001001000007012008
9 1.92951 001001000007012008 1805724.0 010001000021013001
9 1805724.0 010001000021013001 1805724.0 010001000021013001
9 1805724.0 010001000021013001 1.92951 001001000007012008
9 1.92951 001001000007012008 16226.6 028001001004019005
9 16226.6 028001001004019005 1.92951 001001000007012008
9 1.92951 001001000007012008 3.39259 001001002020018009
9 3.39259 001001002020018009 1999790.0 019001002004019012
9 1999790.0 019001002004019012 1419590.0 019001002004019010
9 1419590.0 019001002004019010 1.92951 001001000007012008
9 1.92951 001001000007012008 27738500.0 023005000021008001
9 27738500.0 023005000021008001 32542.5 023005002021008001
9 32542.5 023005002021008001 1.92951 001001000007012008
9 1.92951 001001000007012008 3834000.0 010001000007008008
9 3834000.0 010001000007008008 2369630.0 010001000007008015
9 2369630.0 010001000007008015 1.92951 001001000007012008
9 1.92951 001001000007012008 11122.2 022001000021019005
9 11122.2 022001000021019005 4911.78 022001000021019015
9 4911.78 022001000021019015 1.92951 001001000007012008
9 1.92951 001001000007012008 1383780.0 013001000007019001
9 1383780.0 013001000007019001 11328.3 030001000007019001
9 11328.3 030001000007019001 1.92951 001001000007012008
9 1.92951 001001000007012008 1635940000.0 010001001007015001
9 1635940000.0 010001001007015001 4699980.0 010001001007020001
9 4699980.0 010001001007020001 1.92951 001001000007012008
9 1.92951 001001000007012008 1983500.0 019001000021012008
9 1983500.0 019001000021012008 1983500.0 019001000021012008
9 1983500.0 019001000021012008 1.92951 001001000007012008
9 1.92951 001001000007012008 54.7037 010001001021012005
9 54.7037 010001001021012005 1.92951 001001000007012008
9 1.92951 001001000007012008 3.39259 001001002020018009
9 3.39259 001001002020018009 202109.0 002005000021012001
9 202109.0 002005000021012001 186972.0 002005000021012002
9 186972.0 002005000021012002 1.92951 001001000007012008
9 1.92951 001001000007012008 350.118 025001000001014008
9 350.118 025001000001014008 1.92951 001001000007012008
9 1.92951 001001000007012008 3.39259 001001002020018009
9 3.39259 001001002020018009 1908.88 024004000021019001
9 1908.88 024004000021019001 1908.88 024004000021019001
9 1908.88 024004000021019001 1.92951 001001000007012008
9 1.92951 001001000007012008 3028420.0 010001001025008005
9 3028420.0 010001001025008005 23010.2 010005001025008005
9 23010.2 010005001025008005 1.92951 001001000007012008
9 1.92951 001001000007012008 38453500.0 015002001006019001
9 38453500.0 015002001006019001 632384.0 015002001006019016
9 632384.0 015002001006019016 1.92951 001001000007012008
9 1.92951 001001000007012008 2390340.0 010001000018015007
9 2390340.0 010001000018015007 6407.17 010001000012015007
9 6407.17 010001000012015007 1.92951 001001000007012008
9 1.92951 001001000007012008 13651.2 010000000021012005
9 13651.2 010000000021012005 1273.47 010001000021012005
9 1273.47 010001000021012005 1.92951 001001000007012008
9 1.92951 001001000007012008 197280.0 001001000021008001
9 197280.0 001001000021008001 9928.17 006001000021008001
9 9928.17 006001000021008001 1.92951 001001000007012008
9 1.92951 001001000007012008 859418744.55 014001002007018001
9 859418744.55 014001002007018001 859418744.55 014001002007018001
9 859418744.55 014001002007018001 1.92951 001001000007012008
9 1.92951 001001000007012008 9367410000.0 028001001001019001
9 9367410000.0 028001001001019001 231254000.0 028001001002019001
9 231254000.0 028001001002019001 1.92951 001001000007012008
9 1.92951 001001000007012008 33213.6 010001000020008005
9 33213.6 010001000020008005 1.92951 001001000007012008
9 1.92951 001001000007012008 3.39259 001001002020018009
9 3.39259 001001002020018009 22213.5 023005000006012005
9 22213.5 023005000006012005 7338.48 023005000006018005
9 7338.48 023005000006018005 1.92951 001001000007012008
9 1.92951 001001000007012008 15175600.0 024004000013012001
9 15175600.0 024004000013012001 17127.0 024004000013003001
9 17127.0 024004000013003001 1.92951 001001000007012008
9 1.92951 001001000007012008 105.019 010000001021008005
9 105.019 010000001021008005 23.8602 010000001016008005
9 23.8602 010000001016008005 1.92951 001001000007012008
9 1.92951 001001000007012008 1493292.5 010001000025012005
9 1493292.5 010001000025012005 2723.17 034001000025012005
9 2723.17 034001000025012005 1.92951 001001000007012008
9 1.92951 001001000007012008 8755010.0 028001000006012008
9 8755010.0 028001000006012008 2804460.0 028002000006012008
9 2804460.0 028002000006012008 1.92951 001001000007012008
9 1.92951 001001000007012008 194140.0 022004000021020008
9 194140.0 022004000021020008 5813.34 031004000021020008
9 5813.34 031004000021020008 1.92951 001001000007012008
9 1.92951 001001000007012008 246073000.0 024004000025004009
9 246073000.0 024004000025004009 7338370.0 024005000025004009
9 7338370.0 024005000025004009 1.92951 001001000007012008
9 1.92951 001001000007012008 1230.91 001001000021019009
9 1230.91 001001000021019009 1230.91 001001000021019009
9 1230.91 001001000021019009 1.92951 001001000007012008
9 1.92951 001001000007012008 6151460000.0 028000001006008008
9 6151460000.0 028000001006008008 23634.9 032000001006008008
9 23634.9 032000001006008008 1.92951 001001000007012008
9 1.92951 001001000007012008 7086340.0 010005000021008005
9 7086340.0 010005000021008005 29349.6 010005000021008001
9 29349.6 010005000021008001 1.92951 001001000007012008
9 1.92951 001001000007012008 22843.2 023000001016013001
9 22843.2 023000001016013001 9472.04 023000001016014001
9 9472.04 023000001016014001 1.92951 001001000007012008
9 1.92951 001001000007012008 7942.13 010001000018012005
9 7942.13 010001000018012005 5224.86 010001001018012005
9 5224.86 010001001018012005 1.92951 001001000007012008
9 1.92951 001001000007012008 45897.3 020002000021012001
9 45897.3 020002000021012001 5224.97 020005000021012001
9 5224.97 020005000021012001 1.92951 001001000007012008
9 1.92951 001001000007012008 80895.92595 004001001021020008
9 80895.92595 004001001021020008 80895.92595 004001001021020008
9 80895.92595 004001001021020008 1.92951 001001000007012008
9 1.92951 001001000007012008 671705.0 001005001001019005
9 671705.0 001005001001019005 9988.17 001005001001014005
9 9988.17 001005001001014005 1.92951 001001000007012008
9 1.92951 001001000007012008 167334.0 014001000021019001
9 167334.0 014001000021019001 1035.17 015001000021019001
9 1035.17 015001000021019001 1.92951 001001000007012008
9 1.92951 001001000007012008 33254.7 028005000021008009
9 33254.7 028005000021008009 20688.2 028005000013008009
9 20688.2 028005000013008009 1.92951 001001000007012008
9 1.92951 001001000007012008 8363.22 002001000007019016
9 8363.22 002001000007019016 91.0631 002001001007019016
9 91.0631 002001001007019016 1.92951 001001000007012008
9 1.92951 001001000007012008 8471.185 001000000007023001
9 8471.185 001000000007023001 8471.185 001000000007023001
9 8471.185 001000000007023001 1.92951 001001000007012008
9 1.92951 001001000007012008 16368.1 034001000014019005
9 16368.1 034001000014019005 8256.88 034001000018019005
9 8256.88 034001000018019005 1.92951 001001000007012008
9 1.92951 001001000007012008 5348710.0 023005000025008001
9 5348710.0 023005000025008001 3830580.0 023000000025008001
9 3830580.0 023000000025008001 1.92951 001001000007012008
9 1.92951 001001000007012008 183041.0 001001000021008005
9 183041.0 001001000021008005 4501.13 001001000021008009
9 4501.13 001001000021008009 1.92951 001001000007012008
9 1.92951 001001000007012008 1162090.0 004001000021018005
9 1162090.0 004001000021018005 65.1209 004002000021018005
9 65.1209 004002000021018005 1.92951 001001000007012008
9 1.92951 001001000007012008 1926270.0 013001002007019016
9 1926270.0 013001002007019016 100039.0 013001002024019016
9 100039.0 013001002024019016 1.92951 001001000007012008
9 1.92951 001001000007012008 56717.9 010001000007008001
9 56717.9 010001000007008001 15515.4 010001000005008001
9 15515.4 010001000005008001 1.92951 001001000007012008
9 1.92951 001001000007012008 2.07523 004001000021023005
9 2.07523 004001000021023005 1.92951 001001000007012008
9 1.92951 001001000007012008 3.39259 001001002020018009
9 3.39259 001001002020018009 263130000.0 025000001006012001
9 263130000.0 025000001006012001 3048430.0 025000001006012014
9 3048430.0 025000001006012014 1.92951 001001000007012008
9 1.92951 001001000007012008 1052750.0 010001000021018005
9 1052750.0 010001000021018005 11895.6 039001000021018005
9 11895.6 039001000021018005 1.92951 001001000007012008
9 1.92951 001001000007012008 6575990.0 025001001021019007
9 6575990.0 025001001021019007 6247890.0 025001001021016007
9 6247890.0 025001001021016007 1.92951 001001000007012008
9 1.92951 001001000007012008 296486.0 004000000021019005
9 296486.0 004000000021019005 16327.1 004000000021008005
9 16327.1 004000000021008005 1.92951 001001000007012008
9 1.92951 001001000007012008 140791.7275 028000000004020005
9 140791.7275 028000000004020005 140791.7275 028000000004020005
9 140791.7275 028000000004020005 1.92951 001001000007012008
9 1.92951 001001000007012008 500394.0 013000000004008009
9 500394.0 013000000004008009 13815.4 013002000004008009
9 13815.4 013002000004008009 1.92951 001001000007012008
9 1.92951 001001000007012008 1763830.0 010001000021012001
9 1763830.0 010001000021012001 9814.01 010001002021012001
9 9814.01 010001002021012001 1.92951 001001000007012008
9 1.92951 001001000007012008 66309000.0 022001000000008001
9 66309000.0 022001000000008001 20667300.0 022001000013008001
9 20667300.0 022001000013008001 1.92951 001001000007012008
9 1.92951 001001000007012008 5.38765 001000001001012005
9 5.38765 001000001001012005 1.92951 001001000007012008
9 1.92951 001001000007012008 2.07523 004001000021023005
9 2.07523 004001000021023005 10291.1 004001000021019005
9 10291.1 004001000021019005 114.135 004001000021015005
9 114.135 004001000021015005 1.92951 001001000007012008
9 1.92951 001001000007012008 1523550.0 020000000025018009
9 1523550.0 020000000025018009 1403.01 020000000025018001
9 1403.01 020000000025018001 1.92951 001001000007012008
9 1.92951 001001000007012008 1465320.0 002001000007018008
9 1465320.0 002001000007018008 152.977 028001000007018008
9 152.977 028001000007018008 1.92951 001001000007012008
9 1.92951 001001000007012008 455354000.0 010001001007012005
9 455354000.0 010001001007012005 7339360.0 010001001015012005
9 7339360.0 010001001015012005 1.92951 001001000007012008
9 1.92951 001001000007012008 5545350000.0 022005002014015007
9 5545350000.0 022005002014015007 23098.7 022005002014015009
9 23098.7 022005002014015009 1.92951 001001000007012008
9 1.92951 001001000007012008 7526.46 001000000001019005
9 7526.46 001000000001019005 7526.46 001000000001019005
9 7526.46 001000000001019005 1.92951 001001000007012008
9 1.92951 001001000007012008 6355940.0 025001001021020008
9 6355940.0 025001001021020008 20066.7 025001001009020008
9 20066.7 025001001009020008 1.92951 001001000007012008
9 1.92951 001001000007012008 1493292.5 010001000025012005
9 1493292.5 010001000025012005 10979.8 010001000003012005
9 10979.8 010001000003012005 1.92951 001001000007012008
9 1.92951 001001000007012008 151797.0 001001000021019005
9 151797.0 001001000021019005 20.167 001001000023019005
9 20.167 001001000023019005 1.92951 001001000007012008
9 1.92951 001001000007012008 2678.19 025002000006012005
9 2678.19 025002000006012005 722.149 025002000006017005
9 722.149 025002000006017005 1.92951 001001000007012008
9 1.92951 001001000007012008 768431.0 002000000015012001
9 768431.0 002000000015012001 537307.0 002000000025012001
9 537307.0 002000000025012001 1.92951 001001000007012008
9 1.92951 001001000007012008 1068250.0 025000000007019001
9 1068250.0 025000000007019001 27979.4 025000000007002001
9 27979.4 025000000007002001 1.92951 001001000007012008
9 1.92951 001001000007012008 25531.5 024005000007012001
9 25531.5 024005000007012001 6690.42 024005000007012016
9 6690.42 024005000007012016 1.92951 001001000007012008
9 1.92951 001001000007012008 580119.0 001005001006021001
9 580119.0 001005001006021001 182966.0 001005001006021004
9 182966.0 001005001006021004 1.92951 001001000007012008
9 1.92951 001001000007012008 246570.0 004001001007008001
9 246570.0 004001001007008001 5920.23 004001001007008010
9 5920.23 004001001007008010 1.92951 001001000007012008
9 1.92951 001001000007012008 6129940.0 025001001021020005
9 6129940.0 025001001021020005 905908.0 003001001021020005
9 905908.0 003001001021020005 1.92951 001001000007012008
9 1.92951 001001000007012008 182589.0 001000000021020008
9 182589.0 001000000021020008 182589.0 001000000021020008
9 182589.0 001000000021020008 1.92951 001001000007012008
9 1.92951 001001000007012008 6840.63 013000002007019001
9 6840.63 013000002007019001 6840.63 013000002007019001
9 6840.63 013000002007019001 1.92951 001001000007012008
9 1.92951 001001000007012008 4802130.0 010001000007018005
9 4802130.0 010001000007018005 48.2494 010001000020018005
9 48.2494 010001000020018005 1.92951 001001000007012008
9 1.92951 001001000007012008 861132.0 001000000007019013
9 861132.0 001000000007019013 184985.0 001000000007019007
9 184985.0 001000000007019007 1.92951 001001000007012008
9 1.92951 001001000007012008 3508.87 025001000021023016
9 3508.87 025001000021023016 3003.41 025001000015023016
9 3003.41 025001000015023016 1.92951 001001000007012008
9 1.92951 001001000007012008 838453.0 019000000001004005
9 838453.0 019000000001004005 140877.0 019003000001004005
9 140877.0 019003000001004005 1.92951 001001000007012008
9 1.92951 001001000007012008 17717.8 010001000025018001
9 17717.8 010001000025018001 71.0565 010001000025018015
9 71.0565 010001000025018015 1.92951 001001000007012008
9 1.92951 001001000007012008 26965.2 001001000016004005
9 26965.2 001001000016004005 13990.9 001001000016004008
9 13990.9 001001000016004008 1.92951 001001000007012008
9 1.92951 001001000007012008 22569.4 006005001021012005
9 22569.4 006005001021012005 18559.3 023005001021012005
9 18559.3 023005001021012005 1.92951 001001000007012008
10 1.92951 001001000007012008 2332.41 023002001025018007
10 2332.41 023002001025018007 192.793 005002002001023002
10 192.793 005002002001023002 6805.59 012005000012017006
10 6805.59 012005000012017006 167259.0 002004002023010000
10 167259.0 002004002023010000 171.319 002002002023010000
10 171.319 002002002023010000 192.793 005002002001023002
10 192.793 005002002001023002 1533592150.0 021004002014019000
10 1533592150.0 021004002014019000 1533592150.0 021004002014019000
10 1533592150.0 021004002014019000 171.319 002002002023010000
10 171.319 002002002023010000 7585.66 008004000014009007
10 7585.66 008004000014009007 155.785 008004000014018007
10 155.785 008004000014018007 171.319 002002002023010000
10 171.319 002002002023010000 10223.7 003002002002011005
10 10223.7 003002002002011005 155.785 008004000014018007
10 155.785 008004000014018007 171.319 002002002023010000
10 171.319 002002002023010000 332112.0 020000000024007000
10 332112.0 020000000024007000 750.782 031000000024007000
10 750.782 031000000024007000 155.785 008004000014018007
10 155.785 008004000014018007 38808.4 022006002025014000
10 38808.4 022006002025014000 36377.1 040006002025014000
10 36377.1 040006002025014000 155.785 008004000014018007
10 155.785 008004000014018007 13158.4 015006000010018000
10 13158.4 015006000010018000 155.785 008004000014018007
10 155.785 008004000014018007 171.319 002002002023010000
10 171.319 002002002023010000 1955570.0 004000001014002003
10 1955570.0 004000001014002003 27960.1 019000001014002003
10 27960.1 019000001014002003 155.785 008004000014018007
10 155.785 008004000014018007 394749000.0 028003000014010000
10 394749000.0 028003000014010000 135093000.0 030003000014010000
10 135093000.0 030003000014010000 155.785 008004000014018007
10 155.785 008004000014018007 39636.2 010006000013002000
10 39636.2 010006000013002000 11662.6 010006000013002015
10 11662.6 010006000013002015 155.785 008004000014018007
10 155.785 008004000014018007 7754640.0 021003002019018007
10 7754640.0 021003002019018007 749885.0 002003002019018007
10 749885.0 002003002019018007 155.785 008004000014018007
10 155.785 008004000014018007 38075.0 022003002023014000
10 38075.0 022003002023014000 155.785 008004000014018007
10 155.785 008004000014018007 171.319 002002002023010000
10 171.319 002002002023010000 13341500000.0 022003000024002001
10 13341500000.0 022003000024002001 4898520000.0 022003000024002013
10 4898520000.0 022003000024002013 155.785 008004000014018007
10 155.785 008004000014018007 373004.0 004000000021018009
10 373004.0 004000000021018009 207013.0 004004000021018009
10 207013.0 004004000021018009 155.785 008004000014018007
10 155.785 008004000014018007 3224240.0 010002000005013009
10 3224240.0 010002000005013009 1423860.0 010002001005013009
10 1423860.0 010002001005013009 155.785 008004000014018007
10 155.785 008004000014018007 1979880.0 003004002002014000
10 1979880.0 003004002002014000 82236.8 003006002002014000
10 82236.8 003006002002014000 155.785 008004000014018007
10 155.785 008004000014018007 1688430.0 006004000002008009
10 1688430.0 006004000002008009 7008.8 024004000002008009
10 7008.8 024004000002008009 155.785 008004000014018007
10 155.785 008004000014018007 1675.64 002002002012020007
10 1675.64 002002002012020007 4.78305 002004002012020007
10 4.78305 002004002012020007 155.785 008004000014018007
10 155.785 008004000014018007 1179880.0 002002002016008004
10 1179880.0 002002002016008004 819372.0 004002002016008004
10 819372.0 004002002016008004 4.78305 002004002012020007
10 4.78305 002004002012020007 1035.13 010002000025024000
10 1035.13 010002000025024000 4.78305 002004002012020007
10 4.78305 002004002012020007 155.785 008004000014018007
10 155.785 008004000014018007 52367.2 002003002003001005
10 52367.2 002003002003001005 36910.0 002003001003001005
10 36910.0 002003001003001005 4.78305 002004002012020007
10 4.78305 002004002012020007 62684700.0 008004001013018000
10 62684700.0 008004001013018000 6832.36 008001001013018000
10 6832.36 008001001013018000 4.78305 002004002012020007
10 4.78305 002004002012020007 4132092.65 019005002016024007
10 4132092.65 019005002016024007 4132092.65 019005002016024007
10 4132092.65 019005002016024007 4.78305 002004002012020007
10 4.78305 002004002012020007 1832790.0 002002002015018003
10 1832790.0 002002002015018003 809346.0 002004002015018003
10 809346.0 002004002015018003 4.78305 002004002012020007
10 4.78305 002004002012020007 2731280.0 005000002010017003
10 2731280.0 005000002010017003 2246820.0 005000002010018003
10 2246820.0 005000002010018003 4.78305 002004002012020007
10 4.78305 002004002012020007 3202390.0 005004000010018005
10 3202390.0 005004000010018005 192408.0 005005000010018005
10 192408.0 005005000010018005 4.78305 002004002012020007
10 4.78305 002004002012020007 4448.72 008004001013010008
10 4448.72 008004001013010008 4.78305 002004002012020007
10 4.78305 002004002012020007 155.785 008004000014018007
10 155.785 008004000014018007 5124070000.0 021004000017007000
10 5124070000.0 021004000017007000 4065800.0 021004000017007013
10 4065800.0 021004000017007013 4.78305 002004002012020007
10 4.78305 002004002012020007 8621000.0 012002000016011007
10 8621000.0 012002000016011007 785422.0 012002000016011014
10 785422.0 012002000016011014 4.78305 002004002012020007
10 4.78305 002004002012020007 4304880000.0 020002000014011000
10 4304880000.0 020002000014011000 20986.3 020002002014011000
10 20986.3 020002002014011000 4.78305 002004002012020007
10 4.78305 002004002012020007 202629.0 002005002005020003
10 202629.0 002005002005020003 44.8473 002005002005020005
10 44.8473 002005002005020005 4.78305 002004002012020007
10 4.78305 002004002012020007 241785000.0 010002002002002005
10 241785000.0 010002002002002005 45693.5 010002000002002005
10 45693.5 010002000002002005 4.78305 002004002012020007
10 4.78305 002004002012020007 554177.0 010000000023002000
10 554177.0 010000000023002000 45127.7 010000000023011000
10 45127.7 010000000023011000 4.78305 002004002012020007
10 4.78305 002004002012020007 9610690.0 024005000012018000
10 9610690.0 024005000012018000 29607.9 024005000012014000
10 29607.9 024005000012014000 4.78305 002004002012020007
10 4.78305 002004002012020007 215038.0 005000001003018007
10 215038.0 005000001003018007 36854.3 020000001003018007
10 36854.3 020000001003018007 4.78305 002004002012020007
10 4.78305 002004002012020007 64593.3 010005002023023002
10 64593.3 010005002023023002 44275.5 010005001023023002
10 44275.5 010005001023023002 4.78305 002004002012020007
10 4.78305 002004002012020007 38950800.0 031004002023018000
10 38950800.0 031004002023018000 30764.3 031004002009018000
10 30764.3 031004002009018000 4.78305 002004002012020007
10 4.78305 002004002012020007 75158.1 012006002010010007
10 75158.1 012006002010010007 55147.7 012006002010019007
10 55147.7 012006002010019007 4.78305 002004002012020007
10 4.78305 002004002012020007 3146700.0 005002002007018009
10 3146700.0 005002002007018009 18285.2 005002001007018009
10 18285.2 005002001007018009 4.78305 002004002012020007
10 4.78305 002004002012020007 10531800000.0 010002000023001000
10 10531800000.0 010002000023001000 19377.5 012002000023001000
10 19377.5 012002000023001000 4.78305 002004002012020007
10 4.78305 002004002012020007 260298000.0 022006001003001002
10 260298000.0 022006001003001002 37956.3 035006001003001002
10 37956.3 035006001003001002 4.78305 002004002012020007
10 4.78305 002004002012020007 40085.0 011000000002018000
10 40085.0 011000000002018000 68.5343 011000000014018000
10 68.5343 011000000014018000 4.78305 002004002012020007
10 4.78305 002004002012020007 24027.7 010004001010020005
10 24027.7 010004001010020005 5225.28 010004001010020006
10 5225.28 010004001010020006 4.78305 002004002012020007
10 4.78305 002004002012020007 2241580.0 004002001014020018
10 2241580.0 004002001014020018 811882.0 004002001021020018
10 811882.0 004002001021020018 4.78305 002004002012020007
10 4.78305 002004002012020007 202277.0 002003001014006002
10 202277.0 002003001014006002 39583.5 002003001003006002
10 39583.5 002003001003006002 4.78305 002004002012020007
10 4.78305 002004002012020007 460238.0 035000000009011000
10 460238.0 035000000009011000 108.337 035000000009011017
10 108.337 035000000009011017 4.78305 002004002012020007
10 4.78305 002004002012020007 13598.2 010002000007008007
10 13598.2 010002000007008007 13598.2 010002000007008007
10 13598.2 010002000007008007 4.78305 002004002012020007
10 4.78305 002004002012020007 783410.0 002004000003020002
10 783410.0 002004000003020002 236071.0 003004000003020002
10 236071.0 003004000003020002 4.78305 002004002012020007
10 4.78305 002004002012020007 1166410000.0 003006002007024009
10 1166410000.0 003006002007024009 89678800.0 029006002007024009
10 89678800.0 029006002007024009 4.78305 002004002012020007
10 4.78305 002004002012020007 40373.4 015003002025020002
10 40373.4 015003002025020002 28726.9 015003001025020002
10 28726.9 015003001025020002 4.78305 002004002012020007
10 4.78305 002004002012020007 6447.12 008004002025023005
10 6447.12 008004002025023005 7.78627 008004002025023014
10 7.78627 008004002025023014 4.78305 002004002012020007
10 4.78305 002004002012020007 3391040.0 008002002025006000
10 3391040.0 008002002025006000 33945.9 008002002025007000
10 33945.9 008002002025007000 4.78305 002004002012020007
10 4.78305 002004002012020007 2550190.0 008002000017020002
10 2550190.0 008002000017020002 2550190.0 008002000017020002
10 2550190.0 008002000017020002 4.78305 002004002012020007
10 4.78305 002004002012020007 37153.8 011004002025011007
10 37153.8 011004002025011007 34961.6 011006002025011007
10 34961.6 011006002025011007 4.78305 002004002012020007
10 4.78305 002004002012020007 33414.5 002002001005008000
10 33414.5 002002001005008000 122.241 002002002005008000
10 122.241 002002002005008000 4.78305 002004002012020007
10 4.78305 002004002012020007 18866.7 012004001014020015
10 18866.7 012004001014020015 16609.2 012004001014020007
10 16609.2 012004001014020007 4.78305 002004002012020007
10 4.78305 002004002012020007 1971280.0 002002002009020007
10 1971280.0 002002002009020007 1763010.0 002002002004020007
10 1763010.0 002002002004020007 4.78305 002004002012020007
10 4.78305 002004002012020007 14422.7 020000001014001005
10 14422.7 020000001014001005 14052.7 020000001014001009
10 14052.7 020000001014001009 4.78305 002004002012020007
10 4.78305 002004002012020007 30932.15 005004001010018000
10 30932.15 005004001010018000 30932.15 005004001010018000
10 30932.15 005004001010018000 4.78305 002004002012020007
10 4.78305 002004002012020007 3805740.0 012000000014002007
10 3805740.0 012000000014002007 126.465 012000000014002000
10 126.465 012000000014002000 4.78305 002004002012020007
10 4.78305 002004002012020007 169648000.0 019004000007002000
10 169648000.0 019004000007002000 14872.4 019004000007002003
10 14872.4 019004000007002003 4.78305 002004002012020007
10 4.78305 002004002012020007 36076.2 002003000023002007
10 36076.2 002003000023002007 36076.2 002003000023002007
10 36076.2 002003000023002007 4.78305 002004002012020007
10 4.78305 002004002012020007 4481220.0 024002001014015015
10 4481220.0 024002001014015015 780547.0 024002001011015015
10 780547.0 024002001011015015 4.78305 002004002012020007
10 4.78305 002004002012020007 1925190.0 010002000014018007
10 1925190.0 010002000014018007 184734.0 010002001014018007
10 184734.0 010002001014018007 4.78305 002004002012020007
10 4.78305 002004002012020007 128.794 008002001025018008
10 128.794 008002001025018008 4.78305 002004002012020007
10 4.78305 002004002012020007 7.78627 008004002025023014
10 7.78627 008004002025023014 324449.0 011002000024007006
10 324449.0 011002000024007006 313796.0 011002000020007006
10 313796.0 011002000020007006 4.78305 002004002012020007
10 4.78305 002004002012020007 4967.74 010000001017002007
10 4967.74 010000001017002007 185.681 023000001017002007
10 185.681 023000001017002007 4.78305 002004002012020007
10 4.78305 002004002012020007 444519.0 012000000014018005
10 444519.0 012000000014018005 201916.0 023000000014018005
10 201916.0 023000000014018005 4.78305 002004002012020007
10 4.78305 002004002012020007 5241770.0 010004001025002002
10 5241770.0 010004001025002002 3082660.0 010004001025012002
10 3082660.0 010004001025012002 4.78305 002004002012020007
10 4.78305 002004002012020007 2347570.0 024000000002007008
10 2347570.0 024000000002007008 393327.0 024000000010007008
10 393327.0 024000000010007008 4.78305 002004002012020007
10 4.78305 002004002012020007 1518110000.0 010004000005014002
10 1518110000.0 010004000005014002 14063.9 010004000005018002
10 14063.9 010004000005018002 4.78305 002004002012020007
10 4.78305 002004002012020007 2495960.0 012000001023020006
10 2495960.0 012000001023020006 843606.0 012000001013020006
10 843606.0 012000001013020006 4.78305 002004002012020007
10 4.78305 002004002012020007 459885.0 010000000010002007
10 459885.0 010000000010002007 129.499 010000000010002017
10 129.499 010000000010002017 4.78305 002004002012020007
10 4.78305 002004002012020007 304047.0 020000001025020007
10 304047.0 020000001025020007 4149.94 020004001025020007
10 4149.94 020004001025020007 4.78305 002004002012020007
10 4.78305 002004002012020007 69461450.0 012003000007020005
10 69461450.0 012003000007020005 69461450.0 012003000007020005
10 69461450.0 012003000007020005 4.78305 002004002012020007
10 4.78305 002004002012020007 701114.0 005000001007010000
10 701114.0 005000001007010000 13071.6 005000001007010012
10 13071.6 005000001007010012 4.78305 002004002012020007
10 4.78305 002004002012020007 5725.55 011002001014010007
10 5725.55 011002001014010007 4.78305 002004002012020007
10 4.78305 002004002012020007 7.78627 008004002025023014
10 7.78627 008004002025023014 6481180.0 011002000012010015
10 6481180.0 011002000012010015 26148.3 011002000012014015
10 26148.3 011002000012014015 4.78305 002004002012020007
10 4.78305 002004002012020007 4284170000.0 023004001007020003
10 4284170000.0 023004001007020003 29496.2 023004001007020007
10 29496.2 023004001007020007 4.78305 002004002012020007
10 4.78305 002004002012020007 12470600.0 020000002012018007
10 12470600.0 020000002012018007 30616.4 001000002012018007
10 30616.4 001000002012018007 4.78305 002004002012020007
10 4.78305 002004002012020007 170802000.0 031004001002007005
10 170802000.0 031004001002007005 33998.9 031004001002021005
10 33998.9 031004001002021005 4.78305 002004002012020007
10 4.78305 002004002012020007 436.059 005002001005008003
10 436.059 005002001005008003 4.78305 002004002012020007
10 4.78305 002004002012020007 7.78627 008004002025023014
10 7.78627 008004002025023014 191.564 027002001009008012
10 191.564 027002001009008012 4.78305 002004002012020007
10 4.78305 002004002012020007 7.78627 008004002025023014
10 7.78627 008004002025023014 562933000.0 019006002014018009
10 562933000.0 019006002014018009 72334200.0 019006002023018009
10 72334200.0 019006002023018009 4.78305 002004002012020007
10 4.78305 002004002012020007 495682.0 024000000005010012
10 495682.0 024000000005010012 5525.16 021000000005010012
10 5525.16 021000000005010012 4.78305 002004002012020007
10 4.78305 002004002012020007 80.0221 010004001025001015
10 80.0221 010004001025001015 59.3119 010004001025004015
10 59.3119 010004001025004015 4.78305 002004002012020007
10 4.78305 002004002012020007 5621617269.1 035002001013008003
10 5621617269.1 035002001013008003 5621617269.1 035002001013008003
10 5621617269.1 035002001013008003 4.78305 002004002012020007
10 4.78305 002004002012020007 4631530.0 008004001013008000
10 4631530.0 008004001013008000 3088030.0 008004001013008011
10 3088030.0 008004001013008011 4.78305 002004002012020007
10 4.78305 002004002012020007 37628.6 027003000024020005
10 37628.6 027003000024020005 4.78305 002004002012020007
10 4.78305 002004002012020007 7.78627 008004002025023014
10 7.78627 008004002025023014 44120.1 024004000005001005
10 44120.1 024004000005001005 26844.2 024004000005010005
10 26844.2 024004000005010005 4.78305 002004002012020007
10 4.78305 002004002012020007 16567.2 002004001023002015
10 16567.2 002004001023002015 1659.64 002004002023002015
10 1659.64 002004002023002015 4.78305 002004002012020007
10 4.78305 002004002012020007 5150.29 008004002014001007
10 5150.29 008004002014001007 2051.05 008004002020001007
10 2051.05 008004002020001007 4.78305 002004002012020007
10 4.78305 002004002012020007 10747.3 011004001023020007
10 10747.3 011004001023020007 57.8924 011004001023001007
10 57.8924 011004001023001007 4.78305 002004002012020007
10 4.78305 002004002012020007 9979550000.0 011002000005008000
10 9979550000.0 011002000005008000 129585000.0 011002000005008001
10 129585000.0 011002000005008001 4.78305 002004002012020007
10 4.78305 002004002012020007 973698.0 011000001013020015
10 973698.0 011000001013020015 783265.0 039000001013020015
10 783265.0 039000001013020015 4.78305 002004002012020007
10 4.78305 002004002012020007 106.914 010005000010011007
10 106.914 010005000010011007 73.2571 008005000010011007
10 73.2571 008005000010011007 4.78305 002004002012020007
10 4.78305 002004002012020007 3220560.0 008004001009011007
10 3220560.0 008004001009011007 209255.0 008004001018011007
10 209255.0 008004001018011007 4.78305 002004002012020007
10 4.78305 002004002012020007 21054.6 010000001014011014
10 21054.6 010000001014011014 3976.43 010002001014011014
10 3976.43 010002001014011014 4.78305 002004002012020007
10 4.78305 002004002012020007 4143950.0 010002001010023000
10 4143950.0 010002001010023000 1597600.0 010002001010023017
10 1597600.0 010002001010023017 4.78305 002004002012020007
10 4.78305 002004002012020007 2422480.0 035000000017008007
10 2422480.0 035000000017008007 834061.0 035000000022008007
10 834061.0 035000000022008007 4.78305 002004002012020007
10 4.78305 002004002012020007 537027.0 005000001007020000
10 537027.0 005000001007020000 168528.0 005002001007020000
10 168528.0 005002001007020000 4.78305 002004002012020007
10 4.78305 002004002012020007 685815.0 002000000001010012
10 685815.0 002000000001010012 554582.0 002005000001010012
10 554582.0 002005000001010012 4.78305 002004002012020007
10 4.78305 002004002012020007 177526000.0 023000002010002007
10 177526000.0 023000002010002007 44244000.0 023000001010002007
10 44244000.0 023000001010002007 4.78305 002004002012020007
10 4.78305 002004002012020007 3073650.0 005002002014010007
10 3073650.0 005002002014010007 980369.0 005002002023010007
10 980369.0 005002002023010007 4.78305 002004002012020007
10 4.78305 002004002012020007 1840340.0 008004000014023000
10 1840340.0 008004000014023000 840929.0 008004001014023000
10 840929.0 008004001014023000 4.78305 002004002012020007
10 4.78305 002004002012020007 119254000.0 012002001002001007
10 119254000.0 012002001002001007 32690.9 012002002002001007
10 32690.9 012002002002001007 4.78305 002004002012020007
10 4.78305 002004002012020007 472837.0 010004001023010005
10 472837.0 010004001023010005 13409.4 010004001002010005
10 13409.4 010004001002010005 4.78305 002004002012020007
10 4.78305 002004002012020007 524199.0 010002000007011005
10 524199.0 010002000007011005 288567.0 005002000007011005
10 288567.0 005002000007011005 4.78305 002004002012020007
10 4.78305 002004002012020007 133.18 008004002023001005
10 133.18 008004002023001005 1.4983 008004002023023005
10 1.4983 008004002023023005 4.78305 002004002012020007
10 4.78305 002004002012020007 14633600.0 012005000017020000
10 14633600.0 012005000017020000 5360480.0 012002000017020000
10 5360480.0 012002000017020000 1.4983 008004002023023005
10 1.4983 008004002023023005 9086880.0 010004001002011009
10 9086880.0 010004001002011009 28632.1 029004001002011009
10 28632.1 029004001002011009 1.4983 008004002023023005
10 1.4983 008004002023023005 22.735 012000001001010015
10 22.735 012000001001010015 1.4983 008004002023023005
10 1.4983 008004002023023005 4.78305 002004002012020007
10 4.78305 002004002012020007 85807200.0 008004000014002003
10 85807200.0 008004000014002003 1851970.0 008004000014017003
10 1851970.0 008004000014017003 1.4983 008004002023023005
10 1.4983 008004002023023005 11950.9 008005002010017017
10 11950.9 008005002010017017 3659.29 008005000010017017
10 3659.29 008005000010017017 1.4983 008004002023023005
10 1.4983 008004002023023005 13145800000.0 035002001001008008
10 13145800000.0 035002001001008008 581714000.0 035002001001008002
10 581714000.0 035002001001008002 1.4983 008004002023023005
10 1.4983 008004002023023005 137893000.0 023001002025008000
10 137893000.0 023001002025008000 39899500.0 026001002025008000
10 39899500.0 026001002025008000 1.4983 008004002023023005
10 1.4983 008004002023023005 35213.4 012005001014020007
10 35213.4 012005001014020007 4910.72 012006001014020007
10 4910.72 012006001014020007 1.4983 008004002023023005
10 1.4983 008004002023023005 2138680.0 005000002001001015
10 2138680.0 005000002001001015 27886.0 005005002001001015
10 27886.0 005005002001001015 1.4983 008004002023023005
10 1.4983 008004002023023005 66626.4 010004002002001005
10 66626.4 010004002002001005 6127.49 010004002002001017
10 6127.49 010004002002001017 1.4983 008004002023023005
10 1.4983 008004002023023005 1053320.0 002002001005002000
10 1053320.0 002002001005002000 386358.0 002002001005015000
10 386358.0 002002001005015000 1.4983 008004002023023005
10 1.4983 008004002023023005 16534400.0 011000001002008007
10 16534400.0 011000001002008007 38543.2 011006001002008007
10 38543.2 011006001002008007 1.4983 008004002023023005
10 1.4983 008004002023023005 5711040.0 010000001012002007
10 5711040.0 010000001012002007 12923.1 010002001012002007
10 12923.1 010002001012002007 1.4983 008004002023023005
10 1.4983 008004002023023005 40.3106 008004000014023007
10 40.3106 008004000014023007 1.4983 008004002023023005
10 1.4983 008004002023023005 4.78305 002004002012020007
10 4.78305 002004002012020007 9973.89 002005001002007007
10 9973.89 002005001002007007 1539.68 002005001009007007
10 1539.68 002005001009007007 1.4983 008004002023023005
10 1.4983 008004002023023005 6057.245000000001 023004001017020007
10 6057.245000000001 023004001017020007 6057.245000000001 023004001017020007
10 6057.245000000001 023004001017020007 1.4983 008004002023023005
10 1.4983 008004002023023005 4461040.0 010005002010023015
10 4461040.0 010005002010023015 1408810.0 003005002010023015
10 1408810.0 003005002010023015 1.4983 008004002023023005
10 1.4983 008004002023023005 4613696000.0 023000002017011000
10 4613696000.0 023000002017011000 4613696000.0 023000002017011000
10 4613696000.0 023000002017011000 1.4983 008004002023023005
10 1.4983 008004002023023005 19729900.0 012004000002008017
10 19729900.0 012004000002008017 10497500.0 012004000002010017
10 10497500.0 012004000002010017 1.4983 008004002023023005
10 1.4983 008004002023023005 8314.09 002004000014002007
10 8314.09 002004000014002007 229.709 002003000014002007
10 229.709 002003000014002007 1.4983 008004002023023005
10 1.4983 008004002023023005 10773.5 008002000025018017
10 10773.5 008002000025018017 9132.32 008002000007018017
10 9132.32 008002000007018017 1.4983 008004002023023005
10 1.4983 008004002023023005 35291.7 002005000010020003
10 35291.7 002005000010020003 1311.14 002005001010020003
10 1311.14 002005001010020003 1.4983 008004002023023005
10 1.4983 008004002023023005 1145030.0 005002001012001003
10 1145030.0 005002001012001003 862999.0 005002001021001003
10 862999.0 005002001021001003 1.4983 008004002023023005
10 1.4983 008004002023023005 17323.8 008004001002020015
10 17323.8 008004001002020015 2211.72 033004001002020015
10 2211.72 033004001002020015 1.4983 008004002023023005
10 1.4983 008004002023023005 196923.0 002004001002023007
10 196923.0 002004001002023007 35749.9 002004001002007007
10 35749.9 002004001002007007 1.4983 008004002023023005
10 1.4983 008004002023023005 2022030.0 008004000024023005
10 2022030.0 008004000024023005 679489.0 008000000024023005
10 679489.0 008000000024023005 1.4983 008004002023023005
10 1.4983 008004002023023005 390754.0 011005001020001007
10 390754.0 011005001020001007 38358.8 011006001020001007
10 38358.8 011006001020001007 1.4983 008004002023023005
10 1.4983 008004002023023005 519824.0 002002002014023000
10 519824.0 002002002014023000 255420.0 002002002014023012
10 255420.0 002002002014023012 1.4983 008004002023023005
10 1.4983 008004002023023005 88.4195 012004000014002014
10 88.4195 012004000014002014 1.4983 008004002023023005
10 1.4983 008004002023023005 4.78305 002004002012020007
10 4.78305 002004002012020007 349315.0 002003001010007007
10 349315.0 002003001010007007 732.253 002003001010007012
10 732.253 002003001010007012 1.4983 008004002023023005
10 1.4983 008004002023023005 12711600.0 023005000025004008
10 12711600.0 023005000025004008 4753.58 023005000018004008
10 4753.58 023005000018004008 1.4983 008004002023023005
10 1.4983 008004002023023005 6076630.0 010002000005010015
10 6076630.0 010002000005010015 1476260.0 010005000005010015
10 1476260.0 010005000005010015 1.4983 008004002023023005
10 1.4983 008004002023023005 1116340.0 010002001023020017
10 1116340.0 010002001023020017 18811.5 010002001017020017
10 18811.5 010002001017020017 1.4983 008004002023023005
10 1.4983 008004002023023005 3097580.0 008004001020020007
10 3097580.0 008004001020020007 24353.3 008004001020024007
10 24353.3 008004001020024007 1.4983 008004002023023005
10 1.4983 008004002023023005 11054.4 027003002009020007
10 11054.4 027003002009020007 5780.04 027001002009020007
10 5780.04 027001002009020007 1.4983 008004002023023005
10 1.4983 008004002023023005 3158580000.0 010003001014023003
10 3158580000.0 010003001014023003 18516.4 010003001014000003
10 18516.4 010003001014000003 1.4983 008004002023023005
10 1.4983 008004002023023005 21488.949999999997 008000001014018007
10 21488.949999999997 008000001014018007 21488.949999999997 008000001014018007
10 21488.949999999997 008000001014018007 1.4983 008004002023023005
10 1.4983 008004002023023005 373560000.0 020005002002002007
10 373560000.0 020005002002002007 11058.0 032005002002002007
10 11058.0 032005002002002007 1.4983 008004002023023005
10 1.4983 008004002023023005 2306.36 008004000009001017
10 2306.36 008004000009001017 156.475 008004000018001017
10 156.475 008004000018001017 1.4983 008004002023023005
10 1.4983 008004002023023005 2867610.0 008002001014007007
10 2867610.0 008002001014007007 14912.3 008002001008007007
10 14912.3 008002001008007007 1.4983 008004002023023005
10 1.4983 008004002023023005 2547.04 005002000009007015
10 2547.04 005002000009007015 168.162 005002000009007016
10 168.162 005002000009007016 1.4983 008004002023023005
10 1.4983 008004002023023005 15400400000.0 012004000010002000
10 15400400000.0 012004000010002000 1529.58 012000000010002000
10 1529.58 012000000010002000 1.4983 008004002023023005
10 1.4983 008004002023023005 15663.7 011004002020011007
10 15663.7 011004002020011007 78.8253 011003002020011007
10 78.8253 011003002020011007 1.4983 008004002023023005
10 1.4983 008004002023023005 2.48046 002004001014020007
10 2.48046 002004001014020007 1.4983 008004002023023005
10 1.4983 008004002023023005 4.78305 002004002012020007
10 4.78305 002004002012020007 3556815.0 012000002010010016
10 3556815.0 012000002010010016 3556815.0 012000002010010016
10 3556815.0 012000002010010016 1.4983 008004002023023005
10 1.4983 008004002023023005 2071940.0 010004000025010000
10 2071940.0 010004000025010000 1.4983 008004002023023005
10 1.4983 008004002023023005 2.48046 002004001014020007
10 2.48046 002004001014020007 4651610.0 012002001023020005
10 4651610.0 012002001023020005 146982.0 012002000023020005
10 146982.0 012002000023020005 1.4983 008004002023023005
10 1.4983 008004002023023005 14219.1 010000000014001000
10 14219.1 010000000014001000 2909.52 010000000014012000
10 2909.52 010000000014012000 1.4983 008004002023023005
10 1.4983 008004002023023005 53299800.0 008004000025002000
10 53299800.0 008004000025002000 6806.36 008004001025002000
10 6806.36 008004001025002000 1.4983 008004002023023005
10 1.4983 008004002023023005 838310.0 008002002018023012
10 838310.0 008002002018023012 838310.0 008002002018023012
10 838310.0 008002002018023012 1.4983 008004002023023005
10 1.4983 008004002023023005 7846.37 008002001017002015
10 7846.37 008002001017002015 5874.52 008002002017002015
10 5874.52 008002002017002015 1.4983 008004002023023005
10 1.4983 008004002023023005 13968.8 010004001014010017
10 13968.8 010004001014010017 6581.05 010005001014010017
10 6581.05 010005001014010017 1.4983 008004002023023005
10 1.4983 008004002023023005 1460390.0 010004000012018007
10 1460390.0 010004000012018007 12003.2 010004000012018003
10 12003.2 010004000012018003 1.4983 008004002023023005
10 1.4983 008004002023023005 5056460.0 010004000010008005
10 5056460.0 010004000010008005 26178.2 010004001010008005
10 26178.2 010004001010008005 1.4983 008004002023023005
10 1.4983 008004002023023005 1130430.0 010000000020004015
10 1130430.0 010000000020004015 12216.7 010004000020004015
10 12216.7 010004000020004015 1.4983 008004002023023005
10 1.4983 008004002023023005 6130.4 011004000014002015
10 6130.4 011004000014002015 4871.81 011004000014013015
10 4871.81 011004000014013015 1.4983 008004002023023005
10 1.4983 008004002023023005 3334230.0 008000000025001002
10 3334230.0 008000000025001002 4740.6 008000000018001002
10 4740.6 008000000018001002 1.4983 008004002023023005
10 1.4983 008004002023023005 549332.0 010004002024004007
10 549332.0 010004002024004007 16692.2 010002002024004007
10 16692.2 010002002024004007 1.4983 008004002023023005
10 1.4983 008004002023023005 7848.84 010000002010023007
10 7848.84 010000002010023007 4059.69 010000002010023012
10 4059.69 010000002010023012 1.4983 008004002023023005
10 1.4983 008004002023023005 1888450.0 005000001009002007
10 1888450.0 005000001009002007 209017.0 005000001009002004
10 209017.0 005000001009002004 1.4983 008004002023023005
10 1.4983 008004002023023005 44.1218 002000001009023003
10 44.1218 002000001009023003 42.1876 003000001009023003
10 42.1876 003000001009023003 1.4983 008004002023023005
10 1.4983 008004002023023005 1627630000.0 010004000009010003
10 1627630000.0 010004000009010003 11273400.0 010004002009010003
10 11273400.0 010004002009010003 1.4983 008004002023023005
10 1.4983 008004002023023005 23764600.0 035002000005011015
10 23764600.0 035002000005011015 7111.29 035002000005011016
10 7111.29 035002000005011016 1.4983 008004002023023005
10 1.4983 008004002023023005 440.838 002002000005023000
10 440.838 002002000005023000 57.6798 002002000005023007
10 57.6798 002002000005023007 1.4983 008004002023023005
10 1.4983 008004002023023005 6718.42 002005000014008000
10 6718.42 002005000014008000 1.4983 008004002023023005
10 1.4983 008004002023023005 2.48046 002004001014020007
10 2.48046 002004001014020007 556800.7 002005000023002007
10 556800.7 002005000023002007 556800.7 002005000023002007
10 556800.7 002005000023002007 1.4983 008004002023023005
10 1.4983 008004002023023005 23046.5 031004002010002005
10 23046.5 031004002010002005 4096.41 003004002010002005
10 4096.41 003004002010002005 1.4983 008004002023023005
10 1.4983 008004002023023005 269495.0 002000002005023000
10 269495.0 002000002005023000 41535.1 002000001005023000
10 41535.1 002000001005023000 1.4983 008004002023023005
10 1.4983 008004002023023005 975688.0 008004000023001015
10 975688.0 008004000023001015 5160.83 034004000023001015
10 5160.83 034004000023001015 1.4983 008004002023023005
10 1.4983 008004002023023005 2898500.0 011000000025001007
10 2898500.0 011000000025001007 780469.0 011000000008001007
10 780469.0 011000000008001007 1.4983 008004002023023005
10 1.4983 008004002023023005 72699700.0 012005001001001007
10 72699700.0 012005001001001007 9253.48 012005001001006007
10 9253.48 012005001001006007 1.4983 008004002023023005
10 1.4983 008004002023023005 764972000.0 035002000009008017
10 764972000.0 035002000009008017 228718000.0 035002000009005017
10 228718000.0 035002000009005017 1.4983 008004002023023005
10 1.4983 008004002023023005 68.0452 002004000012020007
10 68.0452 002004000012020007 65.8855 002004000012020005
10 65.8855 002004000012020005 1.4983 008004002023023005
10 1.4983 008004002023023005 528837.0 011000000014020014
10 528837.0 011000000014020014 3122.07 033000000014020014
10 3122.07 033000000014020014 1.4983 008004002023023005
10 1.4983 008004002023023005 1043840.0 008004000025020007
10 1043840.0 008004000025020007 62.6119 015004000025020007
10 62.6119 015004000025020007 1.4983 008004002023023005
10 1.4983 008004002023023005 7916.15 002002000014002017
10 7916.15 002002000014002017 99.2165 002002000019002017
10 99.2165 002002000019002017 1.4983 008004002023023005
10 1.4983 008004002023023005 1441440.0 008002000005007014
10 1441440.0 008002000005007014 215.12 008002001005007014
10 215.12 008002001005007014 1.4983 008004002023023005
10 1.4983 008004002023023005 96455.6 002003000025018007
10 96455.6 002003000025018007 66750.1 002003000017018007
10 66750.1 002003000017018007 1.4983 008004002023023005
10 1.4983 008004002023023005 222259.0 002003002012020014
10 222259.0 002003002012020014 53863.1 002003002012020007
10 53863.1 002003002012020007 1.4983 008004002023023005
10 1.4983 008004002023023005 216587.0 010004001014018007
10 216587.0 010004001014018007 180380.0 010004001010018007
10 180380.0 010004001010018007 1.4983 008004002023023005
10 1.4983 008004002023023005 2723950.0 008004000025023003
10 2723950.0 008004000025023003 127.95 022004000025023003
10 127.95 022004000025023003 1.4983 008004002023023005
10 1.4983 008004002023023005 6727.57 008004000025023007
10 6727.57 008004000025023007 4539.33 008004000025002007
10 4539.33 008004000025002007 1.4983 008004002023023005
10 1.4983 008004002023023005 715313.0 002000000014018015
10 715313.0 002000000014018015 23356.3 002000002014018015
10 23356.3 002000002014018015 1.4983 008004002023023005
10 1.4983 008004002023023005 3648.5 002000000009007007
10 3648.5 002000000009007007 48.3977 002000002009007007
10 48.3977 002000002009007007 1.4983 008004002023023005
