Run Fitness1 Solution1 Fitness2 Solution2
1 1216.482 001003002017000000 1216.482 001003002017000000
1 1216.482 001003002017000000 413.967 012005000017007018
1 413.967 012005000017007018 232.317 004001002017002000
1 232.317 004001002017002000 413.967 012005000017007018
1 413.967 012005000017007018 672.712 004001001015002009
1 672.712 004001001015002009 3263.7 001005002010002014
1 3263.7 001005002010002014 287.704 001005002010002006
1 287.704 001005002010002006 232.317 004001002017002000
1 232.317 004001002017002000 1803.38 001001000015000010
1 1803.38 001001000015000010 663.392 001001000014000010
1 663.392 001001000014000010 232.317 004001002017002000
1 232.317 004001002017002000 3997.5965 004001000017002010
1 3997.5965 004001000017002010 374.178 004001000017002017
1 374.178 004001000017002017 232.317 004001002017002000
1 232.317 004001002017002000 268.774 004001002010000006
1 268.774 004001002010000006 268.774 004001002010000006
1 268.774 004001002010000006 232.317 004001002017002000
1 232.317 004001002017002000 118.91925 004005002017000010
1 118.91925 004005002017000010 232.317 004001002017002000
1 232.317 004001002017002000 287.704 001005002010002006
1 287.704 001005002010002006 981.339 004005002017002000
1 981.339 004005002017002000 592.106 004005002017003000
1 592.106 004005002017003000 118.91925 004005002017000010
1 118.91925 004005002017000010 387.318 004005000014000010
1 387.318 004005000014000010 118.91925 004005002017000010
1 118.91925 004005002017000010 232.317 004001002017002000
1 232.317 004001002017002000 1723630.0 012005002017002010
1 1723630.0 012005002017002010 22693.2 012000002017002010
1 22693.2 012000002017002010 118.91925 004005002017000010
1 118.91925 004005002017000010 342.29 012005000017002010
1 342.29 012005000017002010 331.836 012005001017002010
1 331.836 012005001017002010 118.91925 004005002017000010
1 118.91925 004005002017000010 37295.3 004005002017002010
1 37295.3 004005002017002010 494.084 004005002017013010
1 494.084 004005002017013010 118.91925 004005002017000010
1 118.91925 004005002017000010 1665.31 012001000010002017
1 1665.31 012001000010002017 731.626 012001002010002017
1 731.626 012001002010002017 118.91925 004005002017000010
1 118.91925 004005002017000010 1998.98 004001001010002010
1 1998.98 004001001010002010 338.15 004001001018002010
1 338.15 004001001018002010 118.91925 004005002017000010
1 118.91925 004005002017000010 30130.417 012001000010007017
1 30130.417 012001000010007017 30130.417 012001000010007017
1 30130.417 012001000010007017 118.91925 004005002017000010
1 118.91925 004005002017000010 3997.5965 004001000017002010
1 3997.5965 004001000017002010 118.91925 004005002017000010
1 118.91925 004005002017000010 338.15 004001001018002010
1 338.15 004001001018002010 161.247 012001001017002010
1 161.247 012001001017002010 161.247 012001001017002010
1 161.247 012001001017002010 118.91925 004005002017000010
1 118.91925 004005002017000010 8499.682 004005001018002010
1 8499.682 004005001018002010 1681.0 004005000018002010
1 1681.0 004005000018002010 118.91925 004005002017000010
1 118.91925 004005002017000010 635.087 012001002010002010
1 635.087 012001002010002010 439.807 012001002010002013
1 439.807 012001002010002013 118.91925 004005002017000010
1 118.91925 004005002017000010 252.914 004001000010002010
1 252.914 004001000010002010 118.91925 004005002017000010
1 118.91925 004005002017000010 161.247 012001001017002010
1 161.247 012001001017002010 928.368 012005001010000010
1 928.368 012005001010000010 793.827 019005001010000010
1 793.827 019005001010000010 252.914 004001000010002010
1 252.914 004001000010002010 374.178 004001000017002017
1 374.178 004001000017002017 211.082 004002000017002017
1 211.082 004002000017002017 252.914 004001000010002010
1 252.914 004001000010002010 6075.929999999999 004001001010002000
1 6075.929999999999 004001001010002000 54710817.539 004001000010002000
1 54710817.539 004001000010002000 252.914 004001000010002010
1 252.914 004001000010002010 30881.0 004001000017002000
1 30881.0 004001000017002000 25768.5 004001000011002000
1 25768.5 004001000011002000 252.914 004001000010002010
1 252.914 004001000010002010 338.15 004001001018002010
1 338.15 004001001018002010 252.914 004001000010002010
1 252.914 004001000010002010 118.91925 004005002017000010
1 118.91925 004005002017000010 12544.797 004005000017002010
1 12544.797 004005000017002010 464.537 004005000019002010
1 464.537 004005000019002010 252.914 004001000010002010
1 252.914 004001000010002010 12544.797 004005000017002010
1 12544.797 004005000017002010 313.817 017005000017002010
1 313.817 017005000017002010 252.914 004001000010002010
1 252.914 004001000010002010 736.169 004001000018002010
1 736.169 004001000018002010 736.169 004001000018002010
1 736.169 004001000018002010 252.914 004001000010002010
1 252.914 004001000010002010 10130.5 012002001010002010
1 10130.5 012002001010002010 615.298 012002001010002003
1 615.298 012002001010002003 252.914 004001000010002010
1 252.914 004001000010002010 12056.004642857142 004001002010002010
1 12056.004642857142 004001002010002010 252.914 004001000010002010
1 252.914 004001000010002010 252.914 004001000010002010
1 252.914 004001000010002010 54710817.539 004001000010002000
1 54710817.539 004001000010002000 35098.9 004000000010002000
1 35098.9 004000000010002000 252.914 004001000010002010
1 252.914 004001000010002010 1869.8057111111111 004001001018002000
1 1869.8057111111111 004001001018002000 597.228 004001001021002000
1 597.228 004001001021002000 252.914 004001000010002010
1 252.914 004001000010002010 1869.8057111111111 004001001018002000
1 1869.8057111111111 004001001018002000 1869.8057111111111 004001001018002000
1 1869.8057111111111 004001001018002000 252.914 004001000010002010
1 252.914 004001000010002010 400.6915 004002000018002010
1 400.6915 004002000018002010 400.6915 004002000018002010
1 400.6915 004002000018002010 1869.8057111111111 004001001018002000
1 1869.8057111111111 004001001018002000 2478.4107777777776 004001001017002010
1 2478.4107777777776 004001001017002010 470.83549999999997 004002001017002010
1 470.83549999999997 004002001017002010 1869.8057111111111 004001001018002000
1 1869.8057111111111 004001001018002000 736.169 004001000018002010
1 736.169 004001000018002010 274.122 022001000018002010
1 274.122 022001000018002010 1869.8057111111111 004001001018002000
1 1869.8057111111111 004001001018002000 488.58799999999997 004005002010002010
1 488.58799999999997 004005002010002010 488.58799999999997 004005002010002010
1 488.58799999999997 004005002010002010 1869.8057111111111 004001001018002000
1 1869.8057111111111 004001001018002000 4574.2758 004001002010000010
1 4574.2758 004001002010000010 1869.8057111111111 004001001018002000
1 1869.8057111111111 004001001018002000 252.914 004001000010002010
1 252.914 004001000010002010 12056.004642857142 004001002010002010
1 12056.004642857142 004001002010002010 21017.0 004001002010010010
1 21017.0 004001002010010010 1869.8057111111111 004001001018002000
1 1869.8057111111111 004001001018002000 243.907 004005002010002000
1 243.907 004005002010002000 1869.8057111111111 004001001018002000
1 1869.8057111111111 004001001018002000 252.914 004001000010002010
1 252.914 004001000010002010 1083.837 004001000018000010
1 1083.837 004001000018000010 460.176 004001000018007010
1 460.176 004001000018007010 1869.8057111111111 004001001018002000
1 1869.8057111111111 004001001018002000 12056.004642857142 004001002010002010
1 12056.004642857142 004001002010002010 12056.004642857142 004001002010002010
1 12056.004642857142 004001002010002010 1869.8057111111111 004001001018002000
1 1869.8057111111111 004001001018002000 3997.5965 004001000017002010
1 3997.5965 004001000017002010 192.009 001001000017002010
1 192.009 001001000017002010 1869.8057111111111 004001001018002000
1 1869.8057111111111 004001001018002000 509.63 004001000017000010
1 509.63 004001000017000010 257.62 004001000017000013
1 257.62 004001000017000013 1869.8057111111111 004001001018002000
1 1869.8057111111111 004001001018002000 277.565 004001001017000010
1 277.565 004001001017000010 3699.16 004001001017000000
1 3699.16 004001001017000000 1869.8057111111111 004001001018002000
1 1869.8057111111111 004001001018002000 575.635 004001002017002010
1 575.635 004001002017002010 467.943 004000002017002010
1 467.943 004000002017002010 1869.8057111111111 004001001018002000
1 1869.8057111111111 004001001018002000 3997.5965 004001000017002010
1 3997.5965 004001000017002010 252.914 004001000010002010
1 252.914 004001000010002010 1869.8057111111111 004001001018002000
1 1869.8057111111111 004001001018002000 1869.8057111111111 004001001018002000
1 1869.8057111111111 004001001018002000 1869.8057111111111 004001001018002000
1 1869.8057111111111 004001001018002000 1869.8057111111111 004001001018002000
1 1869.8057111111111 004001001018002000 11088.645 001001001018002010
1 11088.645 001001001018002010 282.461 001001001018002003
1 282.461 001001001018002003 1869.8057111111111 004001001018002000
1 1869.8057111111111 004001001018002000 11088.645 001001001018002010
1 11088.645 001001001018002010 321.977 001001001018002013
1 321.977 001001001018002013 1869.8057111111111 004001001018002000
1 1869.8057111111111 004001001018002000 1578.63 001001001017002010
1 1578.63 001001001017002010 843.05 001001001017002005
1 843.05 001001001017002005 1869.8057111111111 004001001018002000
1 1869.8057111111111 004001001018002000 7464.847333333333 004001002018002010
1 7464.847333333333 004001002018002010 305.175 008001002018002010
1 305.175 008001002018002010 1869.8057111111111 004001001018002000
1 1869.8057111111111 004001001018002000 374.118 004001002018000010
1 374.118 004001002018000010 279.663 001001002018000010
1 279.663 001001002018000010 1869.8057111111111 004001001018002000
1 1869.8057111111111 004001001018002000 11088.645 001001001018002010
1 11088.645 001001001018002010 12998.9 001001001018005010
1 12998.9 001001001018005010 1869.8057111111111 004001001018002000
1 1869.8057111111111 004001001018002000 575.635 004001002017002010
1 575.635 004001002017002010 199.568 004001002017002004
1 199.568 004001002017002004 1869.8057111111111 004001001018002000
1 1869.8057111111111 004001001018002000 10175.0 004005001018002000
1 10175.0 004005001018002000 2119.6 004005001018003000
1 2119.6 004005001018003000 1869.8057111111111 004001001018002000
1 1869.8057111111111 004001001018002000 736.169 004001000018002010
1 736.169 004001000018002010 736.169 004001000018002010
1 736.169 004001000018002010 1869.8057111111111 004001001018002000
1 1869.8057111111111 004001001018002000 736.169 004001000018002010
1 736.169 004001000018002010 33717.1 004001000018024010
1 33717.1 004001000018024010 1869.8057111111111 004001001018002000
1 1869.8057111111111 004001001018002000 1442.6605 004001001017002000
1 1442.6605 004001001017002000 1869.8057111111111 004001001018002000
1 1869.8057111111111 004001001018002000 252.914 004001000010002010
1 252.914 004001000010002010 3475.09 004005000018002000
1 3475.09 004005000018002000 2636.45 004004000018002000
1 2636.45 004004000018002000 1869.8057111111111 004001001018002000
1 1869.8057111111111 004001001018002000 557.534 004001002017000000
1 557.534 004001002017000000 313.553 004001002017000011
1 313.553 004001002017000011 1869.8057111111111 004001001018002000
1 1869.8057111111111 004001001018002000 343.956 004001001017002011
1 343.956 004001001017002011 343.956 004001001017002011
1 343.956 004001001017002011 1869.8057111111111 004001001018002000
1 1869.8057111111111 004001001018002000 252.914 004001000010002010
1 252.914 004001000010002010 341.559 004002000010002010
1 341.559 004002000010002010 1869.8057111111111 004001001018002000
1 1869.8057111111111 004001001018002000 277.565 004001001017000010
1 277.565 004001001017000010 1869.8057111111111 004001001018002000
1 1869.8057111111111 004001001018002000 252.914 004001000010002010
1 252.914 004001000010002010 277.565 004001001017000010
1 277.565 004001001017000010 539.602 004001001017000007
1 539.602 004001001017000007 1869.8057111111111 004001001018002000
1 1869.8057111111111 004001001018002000 64730.6 001001000017000007
1 64730.6 001001000017000007 2108.13 001001000017017007
1 2108.13 001001000017017007 1869.8057111111111 004001001018002000
1 1869.8057111111111 004001001018002000 1869.8057111111111 004001001018002000
1 1869.8057111111111 004001001018002000 722.156 004001001018001000
1 722.156 004001001018001000 1869.8057111111111 004001001018002000
1 1869.8057111111111 004001001018002000 837.444 012001002010002000
1 837.444 012001002010002000 1869.8057111111111 004001001018002000
1 1869.8057111111111 004001001018002000 252.914 004001000010002010
1 252.914 004001000010002010 12056.004642857142 004001002010002010
1 12056.004642857142 004001002010002010 219.0 004001002020002010
1 219.0 004001002020002010 1869.8057111111111 004001001018002000
1 1869.8057111111111 004001001018002000 2478.4107777777776 004001001017002010
1 2478.4107777777776 004001001017002010 1036.269 004001001013002010
1 1036.269 004001001013002010 1869.8057111111111 004001001018002000
1 1869.8057111111111 004001001018002000 736.169 004001000018002010
1 736.169 004001000018002010 493.006 004001000018002002
1 493.006 004001000018002002 1869.8057111111111 004001001018002000
1 1869.8057111111111 004001001018002000 1869.8057111111111 004001001018002000
1 1869.8057111111111 004001001018002000 1756.47 018001001018002000
1 1756.47 018001001018002000 1869.8057111111111 004001001018002000
1 1869.8057111111111 004001001018002000 575.635 004001002017002010
1 575.635 004001002017002010 255.3125 004001002006002010
1 255.3125 004001002006002010 1869.8057111111111 004001001018002000
1 1869.8057111111111 004001001018002000 161.247 012001001017002010
1 161.247 012001001017002010 522.05 012001001009002010
1 522.05 012001001009002010 1869.8057111111111 004001001018002000
1 1869.8057111111111 004001001018002000 7090.909333333333 004001002013002010
1 7090.909333333333 004001002013002010 255.3125 004001002006002010
1 255.3125 004001002006002010 1869.8057111111111 004001001018002000
1 1869.8057111111111 004001001018002000 20681.7 004005001017000000
1 20681.7 004005001017000000 18766.5 004005001017000011
1 18766.5 004005001017000011 1869.8057111111111 004001001018002000
1 1869.8057111111111 004001001018002000 338.15 004001001018002010
1 338.15 004001001018002010 610.711 004001001018002007
1 610.711 004001001018002007 1869.8057111111111 004001001018002000
1 1869.8057111111111 004001001018002000 343.37716666666665 004001000013000010
1 343.37716666666665 004001000013000010 1869.8057111111111 004001001018002000
1 1869.8057111111111 004001001018002000 252.914 004001000010002010
1 252.914 004001000010002010 8028.2275 004001002013002000
1 8028.2275 004001002013002000 343.171 004001002013002001
1 343.171 004001002013002001 1869.8057111111111 004001001018002000
1 1869.8057111111111 004001001018002000 4574.2758 004001002010000010
1 4574.2758 004001002010000010 1869.8057111111111 004001001018002000
1 1869.8057111111111 004001001018002000 343.37716666666665 004001000013000010
1 343.37716666666665 004001000013000010 509.63 004001000017000010
1 509.63 004001000017000010 330.503 004000000017000010
1 330.503 004000000017000010 1869.8057111111111 004001001018002000
1 1869.8057111111111 004001001018002000 343.37716666666665 004001000013000010
1 343.37716666666665 004001000013000010 198.939 028001000013000010
1 198.939 028001000013000010 1869.8057111111111 004001001018002000
1 1869.8057111111111 004001001018002000 1036.269 004001001013002010
1 1036.269 004001001013002010 1036.269 004001001013002010
1 1036.269 004001001013002010 1869.8057111111111 004001001018002000
1 1869.8057111111111 004001001018002000 252.914 004001000010002010
1 252.914 004001000010002010 1869.8057111111111 004001001018002000
1 1869.8057111111111 004001001018002000 343.37716666666665 004001000013000010
1 343.37716666666665 004001000013000010 5114.51375 004001001013000010
1 5114.51375 004001001013000010 499.547 004001002013000010
1 499.547 004001002013000010 1869.8057111111111 004001001018002000
1 1869.8057111111111 004001001018002000 15683.7 012001002017000010
1 15683.7 012001002017000010 866.161 012001002024000010
1 866.161 012001002024000010 1869.8057111111111 004001001018002000
1 1869.8057111111111 004001001018002000 11032.0 004001001024002010
1 11032.0 004001001024002010 398.719 004001001023002010
1 398.719 004001001023002010 1869.8057111111111 004001001018002000
1 1869.8057111111111 004001001018002000 277.565 004001001017000010
1 277.565 004001001017000010 349.831 033001001017000010
1 349.831 033001001017000010 1869.8057111111111 004001001018002000
1 1869.8057111111111 004001001018002000 2478.4107777777776 004001001017002010
1 2478.4107777777776 004001001017002010 1869.8057111111111 004001001018002000
1 1869.8057111111111 004001001018002000 343.37716666666665 004001000013000010
1 343.37716666666665 004001000013000010 739.919 012005001017000010
1 739.919 012005001017000010 731.181 012001001017000010
1 731.181 012001001017000010 1869.8057111111111 004001001018002000
1 1869.8057111111111 004001001018002000 8499.682 004005001018002010
1 8499.682 004005001018002010 303.904 004005001013002010
1 303.904 004005001013002010 1869.8057111111111 004001001018002000
1 1869.8057111111111 004001001018002000 309.3163333333333 004001000013002010
1 309.3163333333333 004001000013002010 332.554 002001000013002010
1 332.554 002001000013002010 1869.8057111111111 004001001018002000
1 1869.8057111111111 004001001018002000 338.15 004001001018002010
1 338.15 004001001018002010 338.15 004001001018002010
1 338.15 004001001018002010 1869.8057111111111 004001001018002000
1 1869.8057111111111 004001001018002000 5114.51375 004001001013000010
1 5114.51375 004001001013000010 1606.98 004002001013000010
1 1606.98 004002001013000010 1869.8057111111111 004001001018002000
1 1869.8057111111111 004001001018002000 277.565 004001001017000010
1 277.565 004001001017000010 398.646 004001001017000013
1 398.646 004001001017000013 1869.8057111111111 004001001018002000
1 1869.8057111111111 004001001018002000 1036.269 004001001013002010
1 1036.269 004001001013002010 1869.8057111111111 004001001018002000
1 1869.8057111111111 004001001018002000 343.37716666666665 004001000013000010
1 343.37716666666665 004001000013000010 28913.35 004001000013000000
1 28913.35 004001000013000000 28038.7 004001000013000012
1 28038.7 004001000013000012 1869.8057111111111 004001001018002000
1 1869.8057111111111 004001001018002000 575.635 004001002017002010
1 575.635 004001002017002010 310.047 004001002017002017
1 310.047 004001002017002017 1869.8057111111111 004001001018002000
1 1869.8057111111111 004001001018002000 2478.4107777777776 004001001017002010
1 2478.4107777777776 004001001017002010 397.733 004001001005002010
1 397.733 004001001005002010 1869.8057111111111 004001001018002000
1 1869.8057111111111 004001001018002000 1998.98 004001001010002010
1 1998.98 004001001010002010 359.255 004004001010002010
1 359.255 004004001010002010 1869.8057111111111 004001001018002000
1 1869.8057111111111 004001001018002000 15840.2 004004001017002000
1 15840.2 004004001017002000 186.793 004004001009002000
1 186.793 004004001009002000 1869.8057111111111 004001001018002000
1 1869.8057111111111 004001001018002000 1227.3394 004001001013002000
1 1227.3394 004001001013002000 9658.23 004006001013002000
1 9658.23 004006001013002000 1869.8057111111111 004001001018002000
1 1869.8057111111111 004001001018002000 338.15 004001001018002010
1 338.15 004001001018002010 502.296 004001001018007010
1 502.296 004001001018007010 1869.8057111111111 004001001018002000
1 1869.8057111111111 004001001018002000 1442.6605 004001001017002000
1 1442.6605 004001001017002000 738.768 004001001017008000
1 738.768 004001001017008000 1869.8057111111111 004001001018002000
1 1869.8057111111111 004001001018002000 12276.2 004001000010000000
1 12276.2 004001000010000000 1091.89 005001000010000000
1 1091.89 005001000010000000 1869.8057111111111 004001001018002000
1 1869.8057111111111 004001001018002000 1036.269 004001001013002010
1 1036.269 004001001013002010 1244.52 026001001013002010
1 1244.52 026001001013002010 1869.8057111111111 004001001018002000
1 1869.8057111111111 004001001018002000 338.15 004001001018002010
1 338.15 004001001018002010 1869.8057111111111 004001001018002000
1 1869.8057111111111 004001001018002000 343.37716666666665 004001000013000010
1 343.37716666666665 004001000013000010 2478.4107777777776 004001001017002010
1 2478.4107777777776 004001001017002010 3997.5965 004001000017002010
1 3997.5965 004001000017002010 1869.8057111111111 004001001018002000
1 1869.8057111111111 004001001018002000 8671.354000000001 004001001018000010
1 8671.354000000001 004001001018000010 254.819 002001001018000010
1 254.819 002001001018000010 1869.8057111111111 004001001018002000
1 1869.8057111111111 004001001018002000 1036.269 004001001013002010
1 1036.269 004001001013002010 309.3163333333333 004001000013002010
1 309.3163333333333 004001000013002010 1869.8057111111111 004001001018002000
1 1869.8057111111111 004001001018002000 299.356 004005001010002010
1 299.356 004005001010002010 83.4572 004005001010022010
1 83.4572 004005001010022010 1869.8057111111111 004001001018002000
1 1869.8057111111111 004001001018002000 211.787 004001000013022010
1 211.787 004001000013022010 211.787 004001000013022010
1 211.787 004001000013022010 1869.8057111111111 004001001018002000
1 1869.8057111111111 004001001018002000 1769.3899999999999 004001002010000000
1 1769.3899999999999 004001002010000000 323.322 004001002024000000
1 323.322 004001002024000000 1869.8057111111111 004001001018002000
1 1869.8057111111111 004001001018002000 8671.354000000001 004001001018000010
1 8671.354000000001 004001001018000010 434.838 004001001016000010
1 434.838 004001001016000010 1869.8057111111111 004001001018002000
1 1869.8057111111111 004001001018002000 1998.98 004001001010002010
1 1998.98 004001001010002010 12056.004642857142 004001002010002010
1 12056.004642857142 004001002010002010 1869.8057111111111 004001001018002000
1 1869.8057111111111 004001001018002000 1227.3394 004001001013002000
1 1227.3394 004001001013002000 316.09 004001001013002016
1 316.09 004001001013002016 1869.8057111111111 004001001018002000
1 1869.8057111111111 004001001018002000 3116.9500000000003 004001002017022010
1 3116.9500000000003 004001002017022010 299.452 004001002017004010
1 299.452 004001002017004010 1869.8057111111111 004001001018002000
1 1869.8057111111111 004001001018002000 10305.896333333334 004001002017000010
1 10305.896333333334 004001002017000010 118.91925 004005002017000010
1 118.91925 004005002017000010 1869.8057111111111 004001001018002000
1 1869.8057111111111 004001001018002000 1769.3899999999999 004001002010000000
1 1769.3899999999999 004001002010000000 414.266 004001002023000000
1 414.266 004001002023000000 1869.8057111111111 004001001018002000
1 1869.8057111111111 004001001018002000 191.041 004005000010002010
1 191.041 004005000010002010 1869.8057111111111 004001001018002000
1 1869.8057111111111 004001001018002000 343.37716666666665 004001000013000010
1 343.37716666666665 004001000013000010 7090.909333333333 004001002013002010
1 7090.909333333333 004001002013002010 77.011 004001002013022010
1 77.011 004001002013022010 1869.8057111111111 004001001018002000
1 1869.8057111111111 004001001018002000 12056.004642857142 004001002010002010
1 12056.004642857142 004001002010002010 672.761 004001002016002010
1 672.761 004001002016002010 1869.8057111111111 004001001018002000
1 1869.8057111111111 004001001018002000 2478.4107777777776 004001001017002010
1 2478.4107777777776 004001001017002010 1869.8057111111111 004001001018002000
1 1869.8057111111111 004001001018002000 343.37716666666665 004001000013000010
1 343.37716666666665 004001000013000010 1998.98 004001001010002010
1 1998.98 004001001010002010 1869.8057111111111 004001001018002000
1 1869.8057111111111 004001001018002000 343.37716666666665 004001000013000010
1 343.37716666666665 004001000013000010 198.095 004005000010000010
1 198.095 004005000010000010 1869.8057111111111 004001001018002000
1 1869.8057111111111 004001001018002000 343.37716666666665 004001000013000010
1 343.37716666666665 004001000013000010 390.57 004001001018022010
1 390.57 004001001018022010 768.497 004001001018022009
1 768.497 004001001018022009 1869.8057111111111 004001001018002000
1 1869.8057111111111 004001001018002000 16904.1 004005001013022010
1 16904.1 004005001013022010 15074.8 004005001013022006
1 15074.8 004005001013022006 1869.8057111111111 004001001018002000
1 1869.8057111111111 004001001018002000 1036.269 004001001013002010
1 1036.269 004001001013002010 1869.8057111111111 004001001018002000
1 1869.8057111111111 004001001018002000 343.37716666666665 004001000013000010
1 343.37716666666665 004001000013000010 1036.269 004001001013002010
1 1036.269 004001001013002010 423.709 004001001013017010
1 423.709 004001001013017010 1869.8057111111111 004001001018002000
1 1869.8057111111111 004001001018002000 343.37716666666665 004001000013000010
1 343.37716666666665 004001000013000010 370.939 004003000013000010
1 370.939 004003000013000010 1869.8057111111111 004001001018002000
1 1869.8057111111111 004001001018002000 230.397 004003001010000010
1 230.397 004003001010000010 1869.8057111111111 004001001018002000
1 1869.8057111111111 004001001018002000 343.37716666666665 004001000013000010
1 343.37716666666665 004001000013000010 2330.21 004005001010000000
1 2330.21 004005001010000000 374.545 004005001010005000
1 374.545 004005001010005000 1869.8057111111111 004001001018002000
1 1869.8057111111111 004001001018002000 211.787 004001000013022010
1 211.787 004001000013022010 1869.8057111111111 004001001018002000
1 1869.8057111111111 004001001018002000 343.37716666666665 004001000013000010
1 343.37716666666665 004001000013000010 1282.2624999999998 004005002013002010
1 1282.2624999999998 004005002013002010 1869.8057111111111 004001001018002000
1 1869.8057111111111 004001001018002000 343.37716666666665 004001000013000010
1 343.37716666666665 004001000013000010 3116.9500000000003 004001002017022010
1 3116.9500000000003 004001002017022010 2817.7214 004001001017022010
1 2817.7214 004001001017022010 1869.8057111111111 004001001018002000
1 1869.8057111111111 004001001018002000 338.15 004001001018002010
1 338.15 004001001018002010 345.025 004001001020002010
1 345.025 004001001020002010 1869.8057111111111 004001001018002000
1 1869.8057111111111 004001001018002000 4574.2758 004001002010000010
1 4574.2758 004001002010000010 870.6836666666667 004001001010000010
1 870.6836666666667 004001001010000010 1869.8057111111111 004001001018002000
1 1869.8057111111111 004001001018002000 405.88 004005002013000010
1 405.88 004005002013000010 1869.8057111111111 004001001018002000
1 1869.8057111111111 004001001018002000 343.37716666666665 004001000013000010
1 343.37716666666665 004001000013000010 338.15 004001001018002010
1 338.15 004001001018002010 513.112 004001001018004010
1 513.112 004001001018004010 1869.8057111111111 004001001018002000
1 1869.8057111111111 004001001018002000 277.565 004001001017000010
1 277.565 004001001017000010 14288.7 021001001017000010
1 14288.7 021001001017000010 1869.8057111111111 004001001018002000
1 1869.8057111111111 004001001018002000 575.635 004001002017002010
1 575.635 004001002017002010 385.524 004001002017002016
1 385.524 004001002017002016 1869.8057111111111 004001001018002000
1 1869.8057111111111 004001001018002000 7464.847333333333 004001002018002010
1 7464.847333333333 004001002018002010 736.169 004001000018002010
1 736.169 004001000018002010 1869.8057111111111 004001001018002000
1 1869.8057111111111 004001001018002000 16247.0 004001002010002000
1 16247.0 004001002010002000 6075.929999999999 004001001010002000
1 6075.929999999999 004001001010002000 1869.8057111111111 004001001018002000
1 1869.8057111111111 004001001018002000 360.185 004005002018002000
1 360.185 004005002018002000 345.92 003005002018002000
1 345.92 003005002018002000 1869.8057111111111 004001001018002000
1 1869.8057111111111 004001001018002000 28913.35 004001000013000000
1 28913.35 004001000013000000 491.188 019001000013000000
1 491.188 019001000013000000 1869.8057111111111 004001001018002000
1 1869.8057111111111 004001001018002000 12544.797 004005000017002010
1 12544.797 004005000017002010 246.971 004002000017002010
1 246.971 004002000017002010 1869.8057111111111 004001001018002000
1 1869.8057111111111 004001001018002000 470.83549999999997 004002001017002010
1 470.83549999999997 004002001017002010 1869.8057111111111 004001001018002000
1 1869.8057111111111 004001001018002000 343.37716666666665 004001000013000010
1 343.37716666666665 004001000013000010 515.826 004005001018022010
1 515.826 004005001018022010 139.964 004005001018003010
1 139.964 004005001018003010 1869.8057111111111 004001001018002000
1 1869.8057111111111 004001001018002000 1227.3394 004001001013002000
1 1227.3394 004001001013002000 1227.3394 004001001013002000
1 1227.3394 004001001013002000 1869.8057111111111 004001001018002000
1 1869.8057111111111 004001001018002000 7090.909333333333 004001002013002010
1 7090.909333333333 004001002013002010 1869.8057111111111 004001001018002000
1 1869.8057111111111 004001001018002000 343.37716666666665 004001000013000010
1 343.37716666666665 004001000013000010 5114.51375 004001001013000010
1 5114.51375 004001001013000010 260.2 004001001013000006
1 260.2 004001001013000006 1869.8057111111111 004001001018002000
1 1869.8057111111111 004001001018002000 18771.0 004005001010000010
1 18771.0 004005001010000010 1684.52 004005001010019010
1 1684.52 004005001010019010 1869.8057111111111 004001001018002000
1 1869.8057111111111 004001001018002000 252.914 004001000010002010
1 252.914 004001000010002010 12056.004642857142 004001002010002010
1 12056.004642857142 004001002010002010 1869.8057111111111 004001001018002000
1 1869.8057111111111 004001001018002000 575.635 004001002017002010
1 575.635 004001002017002010 575.635 004001002017002010
1 575.635 004001002017002010 1869.8057111111111 004001001018002000
1 1869.8057111111111 004001001018002000 141.824 004005000018000010
1 141.824 004005000018000010 1869.8057111111111 004001001018002000
1 1869.8057111111111 004001001018002000 343.37716666666665 004001000013000010
1 343.37716666666665 004001000013000010 1282.2624999999998 004005002013002010
1 1282.2624999999998 004005002013002010 474.608 004003002013002010
1 474.608 004003002013002010 1869.8057111111111 004001001018002000
1 1869.8057111111111 004001001018002000 12056.004642857142 004001002010002010
1 12056.004642857142 004001002010002010 635.087 012001002010002010
1 635.087 012001002010002010 1869.8057111111111 004001001018002000
1 1869.8057111111111 004001001018002000 4574.2758 004001002010000010
1 4574.2758 004001002010000010 181.341 004001002010022010
1 181.341 004001002010022010 1869.8057111111111 004001001018002000
1 1869.8057111111111 004001001018002000 705.69 004005000017000010
1 705.69 004005000017000010 541.201 004005000006000010
1 541.201 004005000006000010 1869.8057111111111 004001001018002000
1 1869.8057111111111 004001001018002000 181.341 004001002010022010
1 181.341 004001002010022010 1869.8057111111111 004001001018002000
1 1869.8057111111111 004001001018002000 343.37716666666665 004001000013000010
1 343.37716666666665 004001000013000010 7464.847333333333 004001002018002010
1 7464.847333333333 004001002018002010 1869.8057111111111 004001001018002000
1 1869.8057111111111 004001001018002000 343.37716666666665 004001000013000010
1 343.37716666666665 004001000013000010 1036.269 004001001013002010
1 1036.269 004001001013002010 423.709 004001001013017010
1 423.709 004001001013017010 1869.8057111111111 004001001018002000
1 1869.8057111111111 004001001018002000 28913.35 004001000013000000
1 28913.35 004001000013000000 637.2 004004000013000000
1 637.2 004004000013000000 1869.8057111111111 004001001018002000
1 1869.8057111111111 004001001018002000 1036.269 004001001013002010
1 1036.269 004001001013002010 7090.909333333333 004001002013002010
1 7090.909333333333 004001002013002010 1869.8057111111111 004001001018002000
1 1869.8057111111111 004001001018002000 309.3163333333333 004001000013002010
1 309.3163333333333 004001000013002010 1869.8057111111111 004001001018002000
1 1869.8057111111111 004001001018002000 343.37716666666665 004001000013000010
1 343.37716666666665 004001000013000010 3997.5965 004001000017002010
1 3997.5965 004001000017002010 392.326 004001000014002010
1 392.326 004001000014002010 1869.8057111111111 004001001018002000
1 1869.8057111111111 004001001018002000 29936.85 004001000013002000
1 29936.85 004001000013002000 1786.71 004000000013002000
1 1786.71 004000000013002000 1869.8057111111111 004001001018002000
1 1869.8057111111111 004001001018002000 191.041 004005000010002010
1 191.041 004005000010002010 191.041 004005000010002010
1 191.041 004005000010002010 1869.8057111111111 004001001018002000
1 1869.8057111111111 004001001018002000 3997.5965 004001000017002010
1 3997.5965 004001000017002010 216.321 004001000017014010
1 216.321 004001000017014010 1869.8057111111111 004001001018002000
1 1869.8057111111111 004001001018002000 252.914 004001000010002010
1 252.914 004001000010002010 24530.5 036001000010002010
1 24530.5 036001000010002010 1869.8057111111111 004001001018002000
1 1869.8057111111111 004001001018002000 1120.1495 004005001017022010
1 1120.1495 004005001017022010 137.329 004005001003022010
1 137.329 004005001003022010 1869.8057111111111 004001001018002000
1 1869.8057111111111 004001001018002000 201.556 004001001010022010
1 201.556 004001001010022010 1869.8057111111111 004001001018002000
1 1869.8057111111111 004001001018002000 343.37716666666665 004001000013000010
1 343.37716666666665 004001000013000010 509.63 004001000017000010
1 509.63 004001000017000010 232.58 004001000006000010
1 232.58 004001000006000010 1869.8057111111111 004001001018002000
1 1869.8057111111111 004001001018002000 870.6836666666667 004001001010000010
1 870.6836666666667 004001001010000010 230.397 004003001010000010
1 230.397 004003001010000010 1869.8057111111111 004001001018002000
1 1869.8057111111111 004001001018002000 495.028 004003001013002010
1 495.028 004003001013002010 440.722 004003001013009010
1 440.722 004003001013009010 1869.8057111111111 004001001018002000
1 1869.8057111111111 004001001018002000 8671.354000000001 004001001018000010
1 8671.354000000001 004001001018000010 1869.8057111111111 004001001018002000
1 1869.8057111111111 004001001018002000 343.37716666666665 004001000013000010
1 343.37716666666665 004001000013000010 252.914 004001000010002010
1 252.914 004001000010002010 313.325 001001000010002010
1 313.325 001001000010002010 1869.8057111111111 004001001018002000
1 1869.8057111111111 004001001018002000 277.565 004001001017000010
1 277.565 004001001017000010 319.535 004001001020000010
1 319.535 004001001020000010 1869.8057111111111 004001001018002000
1 1869.8057111111111 004001001018002000 335.71 004005002013022010
1 335.71 004005002013022010 308.935 004002002013022010
1 308.935 004002002013022010 1869.8057111111111 004001001018002000
1 1869.8057111111111 004001001018002000 1998.98 004001001010002010
1 1998.98 004001001010002010 311.839 004001001004002010
1 311.839 004001001004002010 1869.8057111111111 004001001018002000
1 1869.8057111111111 004001001018002000 2234.3 004001002018000000
1 2234.3 004001002018000000 468.545 004004002018000000
1 468.545 004004002018000000 1869.8057111111111 004001001018002000
1 1869.8057111111111 004001001018002000 1227.3394 004001001013002000
1 1227.3394 004001001013002000 320.17 001001001013002000
1 320.17 001001001013002000 1869.8057111111111 004001001018002000
1 1869.8057111111111 004001001018002000 133.029 004005001013000010
1 133.029 004005001013000010 1869.8057111111111 004001001018002000
1 1869.8057111111111 004001001018002000 343.37716666666665 004001000013000010
1 343.37716666666665 004001000013000010 1945.14 004001001017022000
1 1945.14 004001001017022000 280.859 004001001017022009
1 280.859 004001001017022009 1869.8057111111111 004001001018002000
1 1869.8057111111111 004001001018002000 2817.7214 004001001017022010
1 2817.7214 004001001017022010 3116.9500000000003 004001002017022010
1 3116.9500000000003 004001002017022010 1869.8057111111111 004001001018002000
1 1869.8057111111111 004001001018002000 303.904 004005001013002010
1 303.904 004005001013002010 138.299 004005001013002002
1 138.299 004005001013002002 1869.8057111111111 004001001018002000
1 1869.8057111111111 004001001018002000 8499.682 004005001018002010
1 8499.682 004005001018002010 1869.8057111111111 004001001018002000
1 1869.8057111111111 004001001018002000 343.37716666666665 004001000013000010
1 343.37716666666665 004001000013000010 28913.35 004001000013000000
1 28913.35 004001000013000000 746.699 004001002013000000
1 746.699 004001002013000000 1869.8057111111111 004001001018002000
1 1869.8057111111111 004001001018002000 1036.269 004001001013002010
1 1036.269 004001001013002010 1036.269 004001001013002010
1 1036.269 004001001013002010 1869.8057111111111 004001001018002000
1 1869.8057111111111 004001001018002000 454.406 004005000013022010
1 454.406 004005000013022010 233.572 004005000013022003
1 233.572 004005000013022003 1869.8057111111111 004001001018002000
1 1869.8057111111111 004001001018002000 3997.5965 004001000017002010
1 3997.5965 004001000017002010 1869.8057111111111 004001001018002000
1 1869.8057111111111 004001001018002000 343.37716666666665 004001000013000010
1 343.37716666666665 004001000013000010 1036.269 004001001013002010
1 1036.269 004001001013002010 196.326 004001001013002008
1 196.326 004001001013002008 1869.8057111111111 004001001018002000
1 1869.8057111111111 004001001018002000 12056.004642857142 004001002010002010
1 12056.004642857142 004001002010002010 1998.98 004001001010002010
1 1998.98 004001001010002010 1869.8057111111111 004001001018002000
1 1869.8057111111111 004001001018002000 3997.5965 004001000017002010
1 3997.5965 004001000017002010 3997.5965 004001000017002010
1 3997.5965 004001000017002010 1869.8057111111111 004001001018002000
1 1869.8057111111111 004001001018002000 2817.7214 004001001017022010
1 2817.7214 004001001017022010 574.277 004001001017022001
1 574.277 004001001017022001 1869.8057111111111 004001001018002000
1 1869.8057111111111 004001001018002000 1744.19 004001001013000000
1 1744.19 004001001013000000 303.942 003001001013000000
1 303.942 003001001013000000 1869.8057111111111 004001001018002000
1 1869.8057111111111 004001001018002000 390.57 004001001018022010
1 390.57 004001001018022010 353.711 004001001018022011
1 353.711 004001001018022011 1869.8057111111111 004001001018002000
1 1869.8057111111111 004001001018002000 1036.269 004001001013002010
1 1036.269 004001001013002010 7090.909333333333 004001002013002010
1 7090.909333333333 004001002013002010 1869.8057111111111 004001001018002000
1 1869.8057111111111 004001001018002000 2478.4107777777776 004001001017002010
1 2478.4107777777776 004001001017002010 371.68 004004001017002010
1 371.68 004004001017002010 1869.8057111111111 004001001018002000
1 1869.8057111111111 004001001018002000 515.826 004005001018022010
1 515.826 004005001018022010 2034.54 004005001008022010
1 2034.54 004005001008022010 1869.8057111111111 004001001018002000
1 1869.8057111111111 004001001018002000 232.317 004001002017002000
1 232.317 004001002017002000 1869.8057111111111 004001001018002000
1 1869.8057111111111 004001001018002000 343.37716666666665 004001000013000010
1 343.37716666666665 004001000013000010 8028.2275 004001002013002000
1 8028.2275 004001002013002000 282.732 001001002013002000
1 282.732 001001002013002000 1869.8057111111111 004001001018002000
1 1869.8057111111111 004001001018002000 282.309 001001001013022010
1 282.309 001001001013022010 259.932 001001001013002010
1 259.932 001001001013002010 1869.8057111111111 004001001018002000
1 1869.8057111111111 004001001018002000 8822.354500000001 004005002013000000
1 8822.354500000001 004005002013000000 5080.69 004005002006000000
1 5080.69 004005002006000000 1869.8057111111111 004001001018002000
1 1869.8057111111111 004001001018002000 12056.004642857142 004001002010002010
1 12056.004642857142 004001002010002010 1869.8057111111111 004001001018002000
1 1869.8057111111111 004001001018002000 343.37716666666665 004001000013000010
1 343.37716666666665 004001000013000010 338.15 004001001018002010
1 338.15 004001001018002010 18343.3 004004001018002010
1 18343.3 004004001018002010 1869.8057111111111 004001001018002000
1 1869.8057111111111 004001001018002000 403.168 004001002018022010
1 403.168 004001002018022010 227.15 004001002019022010
1 227.15 004001002019022010 1869.8057111111111 004001001018002000
1 1869.8057111111111 004001001018002000 895.019 004005001018022000
1 895.019 004005001018022000 267.535 004005000018022000
1 267.535 004005000018022000 1869.8057111111111 004001001018002000
1 1869.8057111111111 004001001018002000 3116.9500000000003 004001002017022010
1 3116.9500000000003 004001002017022010 3116.9500000000003 004001002017022010
1 3116.9500000000003 004001002017022010 1869.8057111111111 004001001018002000
1 1869.8057111111111 004001001018002000 1690.11 004001001013022010
1 1690.11 004001001013022010 1651.53 004001001013020010
1 1651.53 004001001013020010 1869.8057111111111 004001001018002000
1 1869.8057111111111 004001001018002000 10305.896333333334 004001002017000010
1 10305.896333333334 004001002017000010 362.823 004001002017000002
1 362.823 004001002017000002 1869.8057111111111 004001001018002000
1 1869.8057111111111 004001001018002000 16361.55 004005001018000010
1 16361.55 004005001018000010 335.905 004005002018000010
1 335.905 004005002018000010 1869.8057111111111 004001001018002000
1 1869.8057111111111 004001001018002000 653.922 004005001017000010
1 653.922 004005001017000010 490.503 004005001017000007
1 490.503 004005001017000007 1869.8057111111111 004001001018002000
1 1869.8057111111111 004001001018002000 403.168 004001002018022010
1 403.168 004001002018022010 403.168 004001002018022010
1 403.168 004001002018022010 1869.8057111111111 004001001018002000
1 1869.8057111111111 004001001018002000 5114.51375 004001001013000010
1 5114.51375 004001001013000010 262.48 004001001013000013
1 262.48 004001001013000013 1869.8057111111111 004001001018002000
1 1869.8057111111111 004001001018002000 4574.2758 004001002010000010
1 4574.2758 004001002010000010 268.774 004001002010000006
1 268.774 004001002010000006 1869.8057111111111 004001001018002000
1 1869.8057111111111 004001001018002000 11885.91 004001002013022000
1 11885.91 004001002013022000 11885.91 004001002013022000
1 11885.91 004001002013022000 1869.8057111111111 004001001018002000
1 1869.8057111111111 004001001018002000 44769.7 004005000013000010
1 44769.7 004005000013000010 308.771 004005000013021010
1 308.771 004005000013021010 1869.8057111111111 004001001018002000
1 1869.8057111111111 004001001018002000 2478.4107777777776 004001001017002010
1 2478.4107777777776 004001001017002010 2478.4107777777776 004001001017002010
1 2478.4107777777776 004001001017002010 1869.8057111111111 004001001018002000
1 1869.8057111111111 004001001018002000 2817.7214 004001001017022010
1 2817.7214 004001001017022010 257.87 004001001017016010
1 257.87 004001001017016010 1869.8057111111111 004001001018002000
1 1869.8057111111111 004001001018002000 16361.55 004005001018000010
1 16361.55 004005001018000010 478.233 004005001011000010
1 478.233 004005001011000010 1869.8057111111111 004001001018002000
1 1869.8057111111111 004001001018002000 290.26 004001000010022010
1 290.26 004001000010022010 281.558 004001000010022015
1 281.558 004001000010022015 1869.8057111111111 004001001018002000
1 1869.8057111111111 004001001018002000 2817.7214 004001001017022010
1 2817.7214 004001001017022010 1869.8057111111111 004001001018002000
1 1869.8057111111111 004001001018002000 343.37716666666665 004001000013000010
1 343.37716666666665 004001000013000010 7090.909333333333 004001002013002010
1 7090.909333333333 004001002013002010 319.543 004001002009002010
1 319.543 004001002009002010 1869.8057111111111 004001001018002000
1 1869.8057111111111 004001001018002000 203.602 004001001009000010
1 203.602 004001001009000010 185.387 004001001009018010
1 185.387 004001001009018010 1869.8057111111111 004001001018002000
1 1869.8057111111111 004001001018002000 499.547 004001002013000010
1 499.547 004001002013000010 263.012 004003002013000010
1 263.012 004003002013000010 1869.8057111111111 004001001018002000
1 1869.8057111111111 004001001018002000 10305.896333333334 004001002017000010
1 10305.896333333334 004001002017000010 1926.59 004001002017008010
1 1926.59 004001002017008010 1869.8057111111111 004001001018002000
1 1869.8057111111111 004001001018002000 309.3163333333333 004001000013002010
1 309.3163333333333 004001000013002010 256.165 004000000013002010
1 256.165 004000000013002010 1869.8057111111111 004001001018002000
1 1869.8057111111111 004001001018002000 8822.354500000001 004005002013000000
1 8822.354500000001 004005002013000000 657.601 004005002022000000
1 657.601 004005002022000000 1869.8057111111111 004001001018002000
1 1869.8057111111111 004001001018002000 5114.51375 004001001013000010
1 5114.51375 004001001013000010 1869.8057111111111 004001001018002000
1 1869.8057111111111 004001001018002000 343.37716666666665 004001000013000010
1 343.37716666666665 004001000013000010 1227.3394 004001001013002000
1 1227.3394 004001001013002000 258.956 004001001013002013
1 258.956 004001001013002013 1869.8057111111111 004001001018002000
1 1869.8057111111111 004001001018002000 12056.004642857142 004001002010002010
1 12056.004642857142 004001002010002010 1869.8057111111111 004001001018002000
1 1869.8057111111111 004001001018002000 343.37716666666665 004001000013000010
1 343.37716666666665 004001000013000010 1869.8057111111111 004001001018002000
1 1869.8057111111111 004001001018002000 1869.8057111111111 004001001018002000
1 1869.8057111111111 004001001018002000 1869.8057111111111 004001001018002000
1 1869.8057111111111 004001001018002000 1998.98 004001001010002010
1 1998.98 004001001010002010 265.572 004001001001002010
1 265.572 004001001001002010 1869.8057111111111 004001001018002000
1 1869.8057111111111 004001001018002000 12056.004642857142 004001002010002010
1 12056.004642857142 004001002010002010 3557.63 031001002010002010
1 3557.63 031001002010002010 1869.8057111111111 004001001018002000
1 1869.8057111111111 004001001018002000 12056.004642857142 004001002010002010
1 12056.004642857142 004001002010002010 443.048 004001002010002002
1 443.048 004001002010002002 1869.8057111111111 004001001018002000
1 1869.8057111111111 004001001018002000 71044.6 004001000017022010
1 71044.6 004001000017022010 372.532 022001000017022010
1 372.532 022001000017022010 1869.8057111111111 004001001018002000
1 1869.8057111111111 004001001018002000 1120.1495 004005001017022010
1 1120.1495 004005001017022010 747.715 004005001012022010
1 747.715 004005001012022010 1869.8057111111111 004001001018002000
1 1869.8057111111111 004001001018002000 1036.269 004001001013002010
1 1036.269 004001001013002010 1869.8057111111111 004001001018002000
1 1869.8057111111111 004001001018002000 343.37716666666665 004001000013000010
1 343.37716666666665 004001000013000010 29936.85 004001000013002000
1 29936.85 004001000013002000 9493.55 004001000013009000
1 9493.55 004001000013009000 1869.8057111111111 004001001018002000
1 1869.8057111111111 004001001018002000 1083.837 004001000018000010
1 1083.837 004001000018000010 1869.8057111111111 004001001018002000
1 1869.8057111111111 004001001018002000 343.37716666666665 004001000013000010
1 343.37716666666665 004001000013000010 1998.98 004001001010002010
1 1998.98 004001001010002010 359.255 004004001010002010
1 359.255 004004001010002010 1869.8057111111111 004001001018002000
1 1869.8057111111111 004001001018002000 870.6836666666667 004001001010000010
1 870.6836666666667 004001001010000010 432.115 004001001010000004
1 432.115 004001001010000004 1869.8057111111111 004001001018002000
1 1869.8057111111111 004001001018002000 450.211 004001002018022000
1 450.211 004001002018022000 129.347 004001002018017000
1 129.347 004001002018017000 1869.8057111111111 004001001018002000
1 1869.8057111111111 004001001018002000 343.37716666666665 004001000013000010
1 343.37716666666665 004001000013000010 420.847 004001000013000018
1 420.847 004001000013000018 1869.8057111111111 004001001018002000
2 1869.8057111111111 004001001018002000 1201.94 040002001012015007
2 1201.94 040002001012015007 1201.94 040002001012015007
2 1201.94 040002001012015007 406.59 012000000020020007
2 406.59 012000000020020007 327.169 008004001020010018
2 327.169 008004001020010018 228.178 008004001010010018
2 228.178 008004001010010018 406.59 012000000020020007
2 406.59 012000000020020007 600.271 008001001012020003
2 600.271 008001001012020003 600.271 008001001012020003
2 600.271 008001001012020003 228.178 008004001010010018
2 228.178 008004001010010018 107218.0 027001000020015018
2 107218.0 027001000020015018 107218.0 027001000020015018
2 107218.0 027001000020015018 228.178 008004001010010018
2 228.178 008004001010010018 18857.02 008004001007010003
2 18857.02 008004001007010003 18857.02 008004001007010003
2 18857.02 008004001007010003 228.178 008004001010010018
2 228.178 008004001010010018 455.428 012004001012020007
2 455.428 012004001012020007 228.178 008004001010010018
2 228.178 008004001010010018 327.169 008004001020010018
2 327.169 008004001020010018 12345.8 027001001020020007
2 12345.8 027001001020020007 916.435 027001001018020007
2 916.435 027001001018020007 228.178 008004001010010018
2 228.178 008004001010010018 20101.4735 027006001020020007
2 20101.4735 027006001020020007 20101.4735 027006001020020007
2 20101.4735 027006001020020007 228.178 008004001010010018
2 228.178 008004001010010018 15523.0 027001001007020003
2 15523.0 027001001007020003 15523.0 027001001007020003
2 15523.0 027001001007020003 228.178 008004001010010018
2 228.178 008004001010010018 16510.0 040004001020020007
2 16510.0 040004001020020007 214.795 040004000020020007
2 214.795 040004000020020007 228.178 008004001010010018
2 228.178 008004001010010018 574.094 012002001020020018
2 574.094 012002001020020018 294.078 012002001020020010
2 294.078 012002001020020010 214.795 040004000020020007
2 214.795 040004000020020007 1676.56 012000001012020018
2 1676.56 012000001012020018 377.304 012000001000020018
2 377.304 012000001000020018 214.795 040004000020020007
2 214.795 040004000020020007 1746.932 012004001020020018
2 1746.932 012004001020020018 652.001 012004002020020018
2 652.001 012004002020020018 214.795 040004000020020007
2 214.795 040004000020020007 804.831 012002001020010018
2 804.831 012002001020010018 240.854 012002001004010018
2 240.854 012002001004010018 214.795 040004000020020007
2 214.795 040004000020020007 33065.935 040004001020010018
2 33065.935 040004001020010018 33065.935 040004001020010018
2 33065.935 040004001020010018 214.795 040004000020020007
2 214.795 040004000020020007 624.044 040000001020020018
2 624.044 040000001020020018 313.618 040000001020008018
2 313.618 040000001020008018 214.795 040004000020020007
2 214.795 040004000020020007 624.044 040000001020020018
2 624.044 040000001020020018 273.925 040000000020020018
2 273.925 040000000020020018 214.795 040004000020020007
2 214.795 040004000020020007 144029.0 012000000020020018
2 144029.0 012000000020020018 418.924 012000000020017018
2 418.924 012000000020017018 214.795 040004000020020007
2 214.795 040004000020020007 1746.932 012004001020020018
2 1746.932 012004001020020018 402.833 012005001020020018
2 402.833 012005001020020018 214.795 040004000020020007
2 214.795 040004000020020007 429.576 012002000020010018
2 429.576 012002000020010018 214.795 040004000020020007
2 214.795 040004000020020007 228.178 008004001010010018
2 228.178 008004001010010018 78721.2 040002001020020018
2 78721.2 040002001020020018 359.846 040002001020008018
2 359.846 040002001020008018 429.576 012002000020010018
2 429.576 012002000020010018 574.094 012002001020020018
2 574.094 012002001020020018 506.656 012002001020022018
2 506.656 012002001020022018 429.576 012002000020010018
2 429.576 012002000020010018 26715.0 040002001020010018
2 26715.0 040002001020010018 364.784 040002001010010018
2 364.784 040002001010010018 429.576 012002000020010018
2 429.576 012002000020010018 161.264 012002001010010018
2 161.264 012002001010010018 429.576 012002000020010018
2 429.576 012002000020010018 214.795 040004000020020007
2 214.795 040004000020020007 1183.736 012004001010020018
2 1183.736 012004001010020018 209.121 012004001010008018
2 209.121 012004001010008018 429.576 012002000020010018
2 429.576 012002000020010018 57118.2 012002001010010007
2 57118.2 012002001010010007 2360.63 012002001010009007
2 2360.63 012002001010009007 429.576 012002000020010018
2 429.576 012002000020010018 532.859 040002000004008018
2 532.859 040002000004008018 481.269 040002000004001018
2 481.269 040002000004001018 429.576 012002000020010018
2 429.576 012002000020010018 1183.736 012004001010020018
2 1183.736 012004001010020018 374.33 025004001010020018
2 374.33 025004001010020018 429.576 012002000020010018
2 429.576 012002000020010018 7211.5 025004000004010018
2 7211.5 025004000004010018 1834.92 025004000004004018
2 1834.92 025004000004004018 429.576 012002000020010018
2 429.576 012002000020010018 83938.6 012000001004004018
2 83938.6 012000001004004018 26513.1 012000001004021018
2 26513.1 012000001004021018 429.576 012002000020010018
2 429.576 012002000020010018 1666.94 012004001020010018
2 1666.94 012004001020010018 291.894 012005001020010018
2 291.894 012005001020010018 429.576 012002000020010018
2 429.576 012002000020010018 544.214 040004001010010018
2 544.214 040004001010010018 228.178 008004001010010018
2 228.178 008004001010010018 429.576 012002000020010018
2 429.576 012002000020010018 1576.4 008004000020010018
2 1576.4 008004000020010018 817.262 008001000020010018
2 817.262 008001000020010018 429.576 012002000020010018
2 429.576 012002000020010018 381.855 012004000020020018
2 381.855 012004000020020018 179.452 012004000020012018
2 179.452 012004000020012018 429.576 012002000020010018
2 429.576 012002000020010018 1245.173 008002000010020007
2 1245.173 008002000010020007 1245.173 008002000010020007
2 1245.173 008002000010020007 429.576 012002000020010018
2 429.576 012002000020010018 17351.2 012004001010010007
2 17351.2 012004001010010007 16892.8 017004001010010007
2 16892.8 017004001010010007 429.576 012002000020010018
2 429.576 012002000020010018 804.831 012002001020010018
2 804.831 012002001020010018 429.576 012002000020010018
2 429.576 012002000020010018 161.264 012002001010010018
2 161.264 012002001010010018 1118.7745 012004001010010018
2 1118.7745 012004001010010018 240.106 012004001015010018
2 240.106 012004001015010018 429.576 012002000020010018
2 429.576 012002000020010018 22958.4 040004001010012018
2 22958.4 040004001010012018 437.032 040004002010012018
2 437.032 040004002010012018 429.576 012002000020010018
2 429.576 012002000020010018 100977.0 012004001004008018
2 100977.0 012004001004008018 94829.9 012004001004010018
2 94829.9 012004001004010018 429.576 012002000020010018
2 429.576 012002000020010018 732.353 012004000010012018
2 732.353 012004000010012018 447.114 012004001010012018
2 447.114 012004001010012018 429.576 012002000020010018
2 429.576 012002000020010018 400.52 008004001010020007
2 400.52 008004001010020007 396.816 027004001010020007
2 396.816 027004001010020007 429.576 012002000020010018
2 429.576 012002000020010018 45879.3925 040002000020010018
2 45879.3925 040002000020010018 24937.9 040006000020010018
2 24937.9 040006000020010018 429.576 012002000020010018
2 429.576 012002000020010018 16803.2 040004001015020007
2 16803.2 040004001015020007 1135.86 040004001009020007
2 1135.86 040004001009020007 429.576 012002000020010018
2 429.576 012002000020010018 1118.7745 012004001010010018
2 1118.7745 012004001010010018 402.516 012001001010010018
2 402.516 012001001010010018 429.576 012002000020010018
2 429.576 012002000020010018 556.748 012001001020020018
2 556.748 012001001020020018 279.199 012001001024020018
2 279.199 012001001024020018 429.576 012002000020010018
2 429.576 012002000020010018 773.645 012004001024010007
2 773.645 012004001024010007 620.429 012004001021010007
2 620.429 012004001021010007 429.576 012002000020010018
2 429.576 012002000020010018 27090.5 040004000004010007
2 27090.5 040004000004010007 21528.4 040004000004019007
2 21528.4 040004000004019007 429.576 012002000020010018
2 429.576 012002000020010018 260.718 012002000010010007
2 260.718 012002000010010007 50.22 027002000010010007
2 50.22 027002000010010007 429.576 012002000020010018
2 429.576 012002000020010018 1986.25 012002000020020018
2 1986.25 012002000020020018 248.365 012002000020013018
2 248.365 012002000020013018 50.22 027002000010010007
2 50.22 027002000010010007 5291.423857142857 012004000010010018
2 5291.423857142857 012004000010010018 12374.706866666667 012004000010002018
2 12374.706866666667 012004000010002018 50.22 027002000010010007
2 50.22 027002000010010007 364.784 040002001010010018
2 364.784 040002001010010018 332.105 040002001019010018
2 332.105 040002001019010018 50.22 027002000010010007
2 50.22 027002000010010007 5918.019461538462 012002000010010018
2 5918.019461538462 012002000010010018 347.172 009002000010010018
2 347.172 009002000010010018 50.22 027002000010010007
2 50.22 027002000010010007 967.745 009002000010012007
2 967.745 009002000010012007 967.745 009002000010012007
2 967.745 009002000010012007 50.22 027002000010010007
2 50.22 027002000010010007 2274.57 012002001020012007
2 2274.57 012002001020012007 410.66 012002000020012007
2 410.66 012002000020012007 50.22 027002000010010007
2 50.22 027002000010010007 31639.8815 012002000010008018
2 31639.8815 012002000010008018 1184.7534999999998 012002000010008014
2 1184.7534999999998 012002000010008014 50.22 027002000010010007
2 50.22 027002000010010007 4675.036 012004000010010014
2 4675.036 012004000010010014 50.22 027002000010010007
2 50.22 027002000010010007 12374.706866666667 012004000010002018
2 12374.706866666667 012004000010002018 31639.8815 012002000010008018
2 31639.8815 012002000010008018 396.495 012002000021008018
2 396.495 012002000021008018 50.22 027002000010010007
2 50.22 027002000010010007 2218.7833333333333 012002000020010014
2 2218.7833333333333 012002000020010014 875.84 012002000020010003
2 875.84 012002000020010003 50.22 027002000010010007
2 50.22 027002000010010007 11161.310428571429 012002000020010007
2 11161.310428571429 012002000020010007 720.347 012005000020010007
2 720.347 012005000020010007 50.22 027002000010010007
2 50.22 027002000010010007 3306.06 012002000020002014
2 3306.06 012002000020002014 203.809 012002000020022014
2 203.809 012002000020022014 50.22 027002000010010007
2 50.22 027002000010010007 1674.6 040004000010020014
2 1674.6 040004000010020014 239.63 040005000010020014
2 239.63 040005000010020014 50.22 027002000010010007
2 50.22 027002000010010007 5918.019461538462 012002000010010018
2 5918.019461538462 012002000010010018 175.965 012002000010023018
2 175.965 012002000010023018 50.22 027002000010010007
2 50.22 027002000010010007 6333.205 012004000010010007
2 6333.205 012004000010010007 11937.559000000001 012004000003010007
2 11937.559000000001 012004000003010007 50.22 027002000010010007
2 50.22 027002000010010007 296.805 012002000020012018
2 296.805 012002000020012018 50.22 027002000010010007
2 50.22 027002000010010007 12374.706866666667 012004000010002018
2 12374.706866666667 012004000010002018 432.24649999999997 027002000020010018
2 432.24649999999997 027002000020010018 45879.3925 040002000020010018
2 45879.3925 040002000020010018 50.22 027002000010010007
2 50.22 027002000010010007 51437.9228 012004000003002018
2 51437.9228 012004000003002018 770.298 012004000003011018
2 770.298 012004000003011018 50.22 027002000010010007
2 50.22 027002000010010007 19237.4 040004000010010007
2 19237.4 040004000010010007 252.703 040004000010010012
2 252.703 040004000010010012 50.22 027002000010010007
2 50.22 027002000010010007 418.446 040004000010010018
2 418.446 040004000010010018 177.963 040002000010010018
2 177.963 040002000010010018 50.22 027002000010010007
2 50.22 027002000010010007 5918.019461538462 012002000010010018
2 5918.019461538462 012002000010010018 676.168 014002000010010018
2 676.168 014002000010010018 50.22 027002000010010007
2 50.22 027002000010010007 10596.42575 012004000003010018
2 10596.42575 012004000003010018 21592.14 012000000003010018
2 21592.14 012000000003010018 50.22 027002000010010007
2 50.22 027002000010010007 24164.447750000003 012002000003010007
2 24164.447750000003 012002000003010007 50.22 027002000010010007
2 50.22 027002000010010007 12374.706866666667 012004000010002018
2 12374.706866666667 012004000010002018 10596.42575 012004000003010018
2 10596.42575 012004000003010018 251.073 012004000021010018
2 251.073 012004000021010018 50.22 027002000010010007
2 50.22 027002000010010007 11161.310428571429 012002000020010007
2 11161.310428571429 012002000020010007 638.887 012002001020010007
2 638.887 012002001020010007 50.22 027002000010010007
2 50.22 027002000010010007 429.576 012002000020010018
2 429.576 012002000020010018 502.253 012003000020010018
2 502.253 012003000020010018 50.22 027002000010010007
2 50.22 027002000010010007 804.831 012002001020010018
2 804.831 012002001020010018 642.301 022002001020010018
2 642.301 022002001020010018 50.22 027002000010010007
2 50.22 027002000010010007 5918.019461538462 012002000010010018
2 5918.019461538462 012002000010010018 5918.019461538462 012002000010010018
2 5918.019461538462 012002000010010018 50.22 027002000010010007
2 50.22 027002000010010007 1074.17 040004000010010014
2 1074.17 040004000010010014 685.798 031004000010010014
2 685.798 031004000010010014 50.22 027002000010010007
2 50.22 027002000010010007 24281.164999999997 012002000010002018
2 24281.164999999997 012002000010002018 41000.2 012002000016002018
2 41000.2 012002000016002018 50.22 027002000010010007
2 50.22 027002000010010007 14092.407825 012004000020010018
2 14092.407825 012004000020010018 50.22 027002000010010007
2 50.22 027002000010010007 12374.706866666667 012004000010002018
2 12374.706866666667 012004000010002018 5918.019461538462 012002000010010018
2 5918.019461538462 012002000010010018 269.979 012002000010010013
2 269.979 012002000010010013 50.22 027002000010010007
2 50.22 027002000010010007 10596.42575 012004000003010018
2 10596.42575 012004000003010018 205.288 012004000003010012
2 205.288 012004000003010012 50.22 027002000010010007
2 50.22 027002000010010007 5291.423857142857 012004000010010018
2 5291.423857142857 012004000010010018 296.829 030004000010010018
2 296.829 030004000010010018 50.22 027002000010010007
2 50.22 027002000010010007 4714.514137499999 012002000010010014
2 4714.514137499999 012002000010010014 583.09955 012000000010010014
2 583.09955 012000000010010014 50.22 027002000010010007
2 50.22 027002000010010007 11161.310428571429 012002000020010007
2 11161.310428571429 012002000020010007 2036.73 001002000020010007
2 2036.73 001002000020010007 50.22 027002000010010007
2 50.22 027002000010010007 5918.019461538462 012002000010010018
2 5918.019461538462 012002000010010018 387.297 012002000010003018
2 387.297 012002000010003018 50.22 027002000010010007
2 50.22 027002000010010007 14092.407825 012004000020010018
2 14092.407825 012004000020010018 465.88 012004000022010018
2 465.88 012004000022010018 50.22 027002000010010007
2 50.22 027002000010010007 12497.601328571429 012004000020010014
2 12497.601328571429 012004000020010014 50.22 027002000010010007
2 50.22 027002000010010007 14092.407825 012004000020010018
2 14092.407825 012004000020010018 14092.407825 012004000020010018
2 14092.407825 012004000020010018 50.22 027002000010010007
2 50.22 027002000010010007 14092.407825 012004000020010018
2 14092.407825 012004000020010018 260.718 012002000010010007
2 260.718 012002000010010007 50.22 027002000010010007
2 50.22 027002000010010007 14092.407825 012004000020010018
2 14092.407825 012004000020010018 718.482 027002000020002007
2 718.482 027002000020002007 50.22 027002000010010007
2 50.22 027002000010010007 14092.407825 012004000020010018
2 14092.407825 012004000020010018 1690.74 027004000020010014
2 1690.74 027004000020010014 279.875 027004000021010014
2 279.875 027004000021010014 50.22 027002000010010007
2 50.22 027002000010010007 4675.036 012004000010010014
2 4675.036 012004000010010014 50.22 027002000010010007
2 50.22 027002000010010007 14092.407825 012004000020010018
2 14092.407825 012004000020010018 12497.601328571429 012004000020010014
2 12497.601328571429 012004000020010014 156.108 012004000020010016
2 156.108 012004000020010016 50.22 027002000010010007
2 50.22 027002000010010007 11937.559000000001 012004000003010007
2 11937.559000000001 012004000003010007 582.305 012004000004010007
2 582.305 012004000004010007 50.22 027002000010010007
2 50.22 027002000010010007 69879.7 012002000004010018
2 69879.7 012002000004010018 770.535 024002000004010018
2 770.535 024002000004010018 50.22 027002000010010007
2 50.22 027002000010010007 427.66 024004000020010007
2 427.66 024004000020010007 188.412 024004000002010007
2 188.412 024004000002010007 50.22 027002000010010007
2 50.22 027002000010010007 260.718 012002000010010007
2 260.718 012002000010010007 50.22 027002000010010007
2 50.22 027002000010010007 14092.407825 012004000020010018
2 14092.407825 012004000020010018 635.149 024004000020002014
2 635.149 024004000020002014 50.22 027002000010010007
2 50.22 027002000010010007 14092.407825 012004000020010018
2 14092.407825 012004000020010018 602.9335 027004000010010018
2 602.9335 027004000010010018 50.22 027002000010010007
2 50.22 027002000010010007 14092.407825 012004000020010018
2 14092.407825 012004000020010018 10596.42575 012004000003010018
2 10596.42575 012004000003010018 467.6 012004000004010018
2 467.6 012004000004010018 50.22 027002000010010007
2 50.22 027002000010010007 875.0926666666667 012004000020002014
2 875.0926666666667 012004000020002014 344.916 012004000020002006
2 344.916 012004000020002006 50.22 027002000010010007
2 50.22 027002000010010007 12497.601328571429 012004000020010014
2 12497.601328571429 012004000020010014 12497.601328571429 012004000020010014
2 12497.601328571429 012004000020010014 50.22 027002000010010007
2 50.22 027002000010010007 1893.71 027002000010010014
2 1893.71 027002000010010014 338.538 027002000010012014
2 338.538 027002000010012014 50.22 027002000010010007
2 50.22 027002000010010007 12497.601328571429 012004000020010014
2 12497.601328571429 012004000020010014 324.609 012004000020014014
2 324.609 012004000020014014 50.22 027002000010010007
2 50.22 027002000010010007 810.4 012002000003002014
2 810.4 012002000003002014 19775.9505 012002000003002016
2 19775.9505 012002000003002016 50.22 027002000010010007
2 50.22 027002000010010007 4675.036 012004000010010014
2 4675.036 012004000010010014 50.22 027002000010010007
2 50.22 027002000010010007 14092.407825 012004000020010018
2 14092.407825 012004000020010018 429.576 012002000020010018
2 429.576 012002000020010018 777.463 012002000020009018
2 777.463 012002000020009018 50.22 027002000010010007
2 50.22 027002000010010007 90627.1 012002000020002018
2 90627.1 012002000020002018 63011.7 022002000020002018
2 63011.7 022002000020002018 50.22 027002000010010007
2 50.22 027002000010010007 24625.3725 012002000010002014
2 24625.3725 012002000010002014 50.22 027002000010010007
2 50.22 027002000010010007 14092.407825 012004000020010018
2 14092.407825 012004000020010018 4714.514137499999 012002000010010014
2 4714.514137499999 012002000010010014 1821.42 012002000010010004
2 1821.42 012002000010010004 50.22 027002000010010007
2 50.22 027002000010010007 4675.036 012004000010010014
2 4675.036 012004000010010014 50.22 027002000010010007
2 50.22 027002000010010007 14092.407825 012004000020010018
2 14092.407825 012004000020010018 1258.7745 012000000003002007
2 1258.7745 012000000003002007 201.109 039000000003002007
2 201.109 039000000003002007 50.22 027002000010010007
2 50.22 027002000010010007 26609.015 012002000020002007
2 26609.015 012002000020002007 26609.015 012002000020002007
2 26609.015 012002000020002007 50.22 027002000010010007
2 50.22 027002000010010007 6333.205 012004000010010007
2 6333.205 012004000010010007 832.377 012005000010010007
2 832.377 012005000010010007 50.22 027002000010010007
2 50.22 027002000010010007 269.069 012004000010010016
2 269.069 012004000010010016 50.22 027002000010010007
2 50.22 027002000010010007 14092.407825 012004000020010018
2 14092.407825 012004000020010018 602.9335 027004000010010018
2 602.9335 027004000010010018 591.233 027004000010017018
2 591.233 027004000010017018 50.22 027002000010010007
2 50.22 027002000010010007 38190.27875 012002000010010016
2 38190.27875 012002000010010016 38190.27875 012002000010010016
2 38190.27875 012002000010010016 50.22 027002000010010007
2 50.22 027002000010010007 11161.310428571429 012002000020010007
2 11161.310428571429 012002000020010007 412.416 012002000020010013
2 412.416 012002000020010013 50.22 027002000010010007
2 50.22 027002000010010007 11161.310428571429 012002000020010007
2 11161.310428571429 012002000020010007 404.595 012002000020010015
2 404.595 012002000020010015 50.22 027002000010010007
2 50.22 027002000010010007 269.069 012004000010010016
2 269.069 012004000010010016 50.22 027002000010010007
2 50.22 027002000010010007 14092.407825 012004000020010018
2 14092.407825 012004000020010018 4714.514137499999 012002000010010014
2 4714.514137499999 012002000010010014 388.602 012002000010010017
2 388.602 012002000010010017 50.22 027002000010010007
2 50.22 027002000010010007 24164.447750000003 012002000003010007
2 24164.447750000003 012002000003010007 11937.559000000001 012004000003010007
2 11937.559000000001 012004000003010007 50.22 027002000010010007
2 50.22 027002000010010007 503.645 027002000003010007
2 503.645 027002000003010007 50.22 027002000010010007
2 50.22 027002000010010007 14092.407825 012004000020010018
2 14092.407825 012004000020010018 2218.7833333333333 012002000020010014
2 2218.7833333333333 012002000020010014 12497.601328571429 012004000020010014
2 12497.601328571429 012004000020010014 50.22 027002000010010007
2 50.22 027002000010010007 156.108 012004000020010016
2 156.108 012004000020010016 234.907 012004000020010005
2 234.907 012004000020010005 50.22 027002000010010007
2 50.22 027002000010010007 5918.019461538462 012002000010010018
2 5918.019461538462 012002000010010018 50.22 027002000010010007
2 50.22 027002000010010007 14092.407825 012004000020010018
2 14092.407825 012004000020010018 4714.514137499999 012002000010010014
2 4714.514137499999 012002000010010014 624.545 012002001010010014
2 624.545 012002001010010014 50.22 027002000010010007
2 50.22 027002000010010007 10596.42575 012004000003010018
2 10596.42575 012004000003010018 537.0 017004000003010018
2 537.0 017004000003010018 50.22 027002000010010007
2 50.22 027002000010010007 38190.27875 012002000010010016
2 38190.27875 012002000010010016 174.243 012001000010010016
2 174.243 012001000010010016 50.22 027002000010010007
2 50.22 027002000010010007 14092.407825 012004000020010018
2 14092.407825 012004000020010018 14092.407825 012004000020010018
2 14092.407825 012004000020010018 50.22 027002000010010007
2 50.22 027002000010010007 26609.015 012002000020002007
2 26609.015 012002000020002007 493.649 007002000020002007
2 493.649 007002000020002007 50.22 027002000010010007
2 50.22 027002000010010007 269.069 012004000010010016
2 269.069 012004000010010016 25435.7 012004002010010016
2 25435.7 012004002010010016 50.22 027002000010010007
2 50.22 027002000010010007 5794650.011 012002000010002007
2 5794650.011 012002000010002007 5794650.011 012002000010002007
2 5794650.011 012002000010002007 50.22 027002000010010007
2 50.22 027002000010010007 19775.9505 012002000003002016
2 19775.9505 012002000003002016 26139.2 001002000003002016
2 26139.2 001002000003002016 50.22 027002000010010007
2 50.22 027002000010010007 78234.0 027002000010010018
2 78234.0 027002000010010018 811.686 036002000010010018
2 811.686 036002000010010018 50.22 027002000010010007
2 50.22 027002000010010007 11502.2785 036004000020010018
2 11502.2785 036004000020010018 11502.2785 036004000020010018
2 11502.2785 036004000020010018 50.22 027002000010010007
2 50.22 027002000010010007 5794650.011 012002000010002007
2 5794650.011 012002000010002007 549.536 012002000024002007
2 549.536 012002000024002007 50.22 027002000010010007
2 50.22 027002000010010007 5918.019461538462 012002000010010018
2 5918.019461538462 012002000010010018 260.718 012002000010010007
2 260.718 012002000010010007 50.22 027002000010010007
2 50.22 027002000010010007 10596.42575 012004000003010018
2 10596.42575 012004000003010018 330.783 012004000023010018
2 330.783 012004000023010018 50.22 027002000010010007
2 50.22 027002000010010007 583.09955 012000000010010014
2 583.09955 012000000010010014 531.84 012000000018010014
2 531.84 012000000018010014 50.22 027002000010010007
2 50.22 027002000010010007 1002.5446666666667 012004000003010014
2 1002.5446666666667 012004000003010014 188.965 012004000003008014
2 188.965 012004000003008014 50.22 027002000010010007
2 50.22 027002000010010007 10596.42575 012004000003010018
2 10596.42575 012004000003010018 672.273 012004002003010018
2 672.273 012004002003010018 50.22 027002000010010007
2 50.22 027002000010010007 161285.0 012004000003002014
2 161285.0 012004000003002014 9655.91 012004000003002007
2 9655.91 012004000003002007 50.22 027002000010010007
2 50.22 027002000010010007 583.09955 012000000010010014
2 583.09955 012000000010010014 583.09955 012000000010010014
2 583.09955 012000000010010014 50.22 027002000010010007
2 50.22 027002000010010007 123.139 012002000003010014
2 123.139 012002000003010014 50.22 027002000010010007
2 50.22 027002000010010007 14092.407825 012004000020010018
2 14092.407825 012004000020010018 23744.41 012000000010010018
2 23744.41 012000000010010018 16166.8 012000000010010005
2 16166.8 012000000010010005 50.22 027002000010010007
2 50.22 027002000010010007 1530.714 012004000020002018
2 1530.714 012004000020002018 1883.18 012004002020002018
2 1883.18 012004002020002018 50.22 027002000010010007
2 50.22 027002000010010007 614.986 012000000010002018
2 614.986 012000000010002018 394.206 011000000010002018
2 394.206 011000000010002018 50.22 027002000010010007
2 50.22 027002000010010007 5291.423857142857 012004000010010018
2 5291.423857142857 012004000010010018 210.786 012004000017010018
2 210.786 012004000017010018 50.22 027002000010010007
2 50.22 027002000010010007 5918.019461538462 012002000010010018
2 5918.019461538462 012002000010010018 460.759 012002000010010005
2 460.759 012002000010010005 50.22 027002000010010007
2 50.22 027002000010010007 1002.5446666666667 012004000003010014
2 1002.5446666666667 012004000003010014 527.255 012004000006010014
2 527.255 012004000006010014 50.22 027002000010010007
2 50.22 027002000010010007 190329.46 012002000003010018
2 190329.46 012002000003010018 641.982 012002000003010008
2 641.982 012002000003010008 50.22 027002000010010007
2 50.22 027002000010010007 39720.96 027002000020010014
2 39720.96 027002000020010014 612.377 027002000020019014
2 612.377 027002000020019014 50.22 027002000010010007
2 50.22 027002000010010007 51437.9228 012004000003002018
2 51437.9228 012004000003002018 912.744 012001000003002018
2 912.744 012001000003002018 50.22 027002000010010007
2 50.22 027002000010010007 4675.036 012004000010010014
2 4675.036 012004000010010014 310.022 012004000007010014
2 310.022 012004000007010014 50.22 027002000010010007
2 50.22 027002000010010007 29552.449999999997 012004000020002007
2 29552.449999999997 012004000020002007 1863.45 013004000020002007
2 1863.45 013004000020002007 50.22 027002000010010007
2 50.22 027002000010010007 32771.4 012004000003002016
2 32771.4 012004000003002016 922.846 027004000003002016
2 922.846 027004000003002016 50.22 027002000010010007
2 50.22 027002000010010007 607.886 012002000003010016
2 607.886 012002000003010016 476.6725 012002000003012016
2 476.6725 012002000003012016 50.22 027002000010010007
2 50.22 027002000010010007 39119.0 012000000020010007
2 39119.0 012000000020010007 11161.310428571429 012002000020010007
2 11161.310428571429 012002000020010007 50.22 027002000010010007
2 50.22 027002000010010007 269.069 012004000010010016
2 269.069 012004000010010016 156.108 012004000020010016
2 156.108 012004000020010016 50.22 027002000010010007
2 50.22 027002000010010007 12374.706866666667 012004000010002018
2 12374.706866666667 012004000010002018 12374.706866666667 012004000010002018
2 12374.706866666667 012004000010002018 50.22 027002000010010007
2 50.22 027002000010010007 53066.2 027002000003010014
2 53066.2 027002000003010014 3625.8 027002000003010006
2 3625.8 027002000003010006 50.22 027002000010010007
2 50.22 027002000010010007 22610.8 027004000010010006
2 22610.8 027004000010010006 449.232 027004000010010016
2 449.232 027004000010010016 50.22 027002000010010007
2 50.22 027002000010010007 24164.447750000003 012002000003010007
2 24164.447750000003 012002000003010007 24164.447750000003 012002000003010007
2 24164.447750000003 012002000003010007 50.22 027002000010010007
2 50.22 027002000010010007 2218.7833333333333 012002000020010014
2 2218.7833333333333 012002000020010014 764.103 012006000020010014
2 764.103 012006000020010014 50.22 027002000010010007
2 50.22 027002000010010007 12497.601328571429 012004000020010014
2 12497.601328571429 012004000020010014 398.51 008004000020010014
2 398.51 008004000020010014 50.22 027002000010010007
2 50.22 027002000010010007 653.82 027002000010002018
2 653.82 027002000010002018 498.944 027002000010019018
2 498.944 027002000010019018 50.22 027002000010010007
2 50.22 027002000010010007 342.131 012000000020002016
2 342.131 012000000020002016 50.22 027002000010010007
2 50.22 027002000010010007 14092.407825 012004000020010018
2 14092.407825 012004000020010018 5291.423857142857 012004000010010018
2 5291.423857142857 012004000010010018 121.449 012004000010016018
2 121.449 012004000010016018 50.22 027002000010010007
2 50.22 027002000010010007 149802.0 027004000010002018
2 149802.0 027004000010002018 497.346 027004000020002018
2 497.346 027004000020002018 50.22 027002000010010007
2 50.22 027002000010010007 269.069 012004000010010016
2 269.069 012004000010010016 269.069 012004000010010016
2 269.069 012004000010010016 50.22 027002000010010007
2 50.22 027002000010010007 4675.036 012004000010010014
2 4675.036 012004000010010014 172.373 012004000010020014
2 172.373 012004000010020014 50.22 027002000010010007
2 50.22 027002000010010007 1122.122 012004000010002007
2 1122.122 012004000010002007 361.363 011004000010002007
2 361.363 011004000010002007 50.22 027002000010010007
2 50.22 027002000010010007 14092.407825 012004000020010018
2 14092.407825 012004000020010018 50.22 027002000010010007
2 50.22 027002000010010007 14092.407825 012004000020010018
2 14092.407825 012004000020010018 5291.423857142857 012004000010010018
2 5291.423857142857 012004000010010018 1759.84 012004002010010018
2 1759.84 012004002010010018 50.22 027002000010010007
2 50.22 027002000010010007 6333.205 012004000010010007
2 6333.205 012004000010010007 50.22 027002000010010007
2 50.22 027002000010010007 14092.407825 012004000020010018
2 14092.407825 012004000020010018 21592.14 012000000003010018
2 21592.14 012000000003010018 262.75 012000002003010018
2 262.75 012000002003010018 50.22 027002000010010007
2 50.22 027002000010010007 11161.310428571429 012002000020010007
2 11161.310428571429 012002000020010007 319.233 036002000020010007
2 319.233 036002000020010007 50.22 027002000010010007
2 50.22 027002000010010007 4714.514137499999 012002000010010014
2 4714.514137499999 012002000010010014 260.718 012002000010010007
2 260.718 012002000010010007 50.22 027002000010010007
2 50.22 027002000010010007 4714.514137499999 012002000010010014
2 4714.514137499999 012002000010010014 1184.7534999999998 012002000010008014
2 1184.7534999999998 012002000010008014 50.22 027002000010010007
2 50.22 027002000010010007 4675.036 012004000010010014
2 4675.036 012004000010010014 331.552 012004000010014014
2 331.552 012004000010014014 50.22 027002000010010007
2 50.22 027002000010010007 385.6345 012004000010002014
2 385.6345 012004000010002014 385.6345 012004000010002014
2 385.6345 012004000010002014 50.22 027002000010010007
2 50.22 027002000010010007 39720.96 027002000020010014
2 39720.96 027002000020010014 1411.8024999999998 027002001020010014
2 1411.8024999999998 027002001020010014 50.22 027002000010010007
2 50.22 027002000010010007 1530.714 012004000020002018
2 1530.714 012004000020002018 277.942 008004000020002018
2 277.942 008004000020002018 50.22 027002000010010007
2 50.22 027002000010010007 432.24649999999997 027002000020010018
2 432.24649999999997 027002000020010018 408.275 027002000020010003
2 408.275 027002000020010003 50.22 027002000010010007
2 50.22 027002000010010007 728.597 012000000020002014
2 728.597 012000000020002014 263.492 012000002020002014
2 263.492 012000002020002014 50.22 027002000010010007
2 50.22 027002000010010007 1740.11 012000000020010014
2 1740.11 012000000020010014 469.154 012000000020010005
2 469.154 012000000020010005 50.22 027002000010010007
2 50.22 027002000010010007 8466.74 012004000020010007
2 8466.74 012004000020010007 414.949 036004000020010007
2 414.949 036004000020010007 50.22 027002000010010007
2 50.22 027002000010010007 135312.0 027004000003010018
2 135312.0 027004000003010018 54788.0 027002000003010018
2 54788.0 027002000003010018 50.22 027002000010010007
2 50.22 027002000010010007 156.108 012004000020010016
2 156.108 012004000020010016 546.205 012004000020010017
2 546.205 012004000020010017 50.22 027002000010010007
2 50.22 027002000010010007 269.069 012004000010010016
2 269.069 012004000010010016 164.534 012004000019010016
2 164.534 012004000019010016 50.22 027002000010010007
2 50.22 027002000010010007 385.6345 012004000010002014
2 385.6345 012004000010002014 285.874 006004000010002014
2 285.874 006004000010002014 50.22 027002000010010007
2 50.22 027002000010010007 553.669 012002000010002016
2 553.669 012002000010002016 708.3240000000001 012002001010002016
2 708.3240000000001 012002001010002016 50.22 027002000010010007
2 50.22 027002000010010007 708.3240000000001 012002001010002016
2 708.3240000000001 012002001010002016 568.689 012005001010002016
2 568.689 012005001010002016 50.22 027002000010010007
2 50.22 027002000010010007 55772.615 012002000020002016
2 55772.615 012002000020002016 21948.3 036002000020002016
2 21948.3 036002000020002016 50.22 027002000010010007
2 50.22 027002000010010007 38590.9 036004000020010014
2 38590.9 036004000020010014 26191.1 036004000020013014
2 26191.1 036004000020013014 50.22 027002000010010007
2 50.22 027002000010010007 269.069 012004000010010016
2 269.069 012004000010010016 387.102 012004001010010016
2 387.102 012004001010010016 50.22 027002000010010007
2 50.22 027002000010010007 4675.036 012004000010010014
2 4675.036 012004000010010014 240.423 033004000010010014
2 240.423 033004000010010014 50.22 027002000010010007
2 50.22 027002000010010007 269.069 012004000010010016
2 269.069 012004000010010016 700.883 012004000010016016
2 700.883 012004000010016016 50.22 027002000010010007
2 50.22 027002000010010007 4675.036 012004000010010014
2 4675.036 012004000010010014 109.267 012004000010010011
2 109.267 012004000010010011 50.22 027002000010010007
2 50.22 027002000010010007 55772.615 012002000020002016
2 55772.615 012002000020002016 434.066 012002000020002015
2 434.066 012002000020002015 50.22 027002000010010007
2 50.22 027002000010010007 404.595 012002000020010015
2 404.595 012002000020010015 27807.0 012000000020010015
2 27807.0 012000000020010015 50.22 027002000010010007
2 50.22 027002000010010007 14092.407825 012004000020010018
2 14092.407825 012004000020010018 596.633 012004000020010015
2 596.633 012004000020010015 50.22 027002000010010007
2 50.22 027002000010010007 1002.5446666666667 012004000003010014
2 1002.5446666666667 012004000003010014 610.522 012000000003010014
2 610.522 012000000003010014 50.22 027002000010010007
2 50.22 027002000010010007 4675.036 012004000010010014
2 4675.036 012004000010010014 404.531 012004000024010014
2 404.531 012004000024010014 50.22 027002000010010007
2 50.22 027002000010010007 30972.1465 012000000020010018
2 30972.1465 012000000020010018 227.013 012000000014010018
2 227.013 012000000014010018 50.22 027002000010010007
2 50.22 027002000010010007 875.0926666666667 012004000020002014
2 875.0926666666667 012004000020002014 294.234 012004000020002009
2 294.234 012004000020002009 50.22 027002000010010007
2 50.22 027002000010010007 29552.449999999997 012004000020002007
2 29552.449999999997 012004000020002007 14544.1 012004001020002007
2 14544.1 012004001020002007 50.22 027002000010010007
2 50.22 027002000010010007 11937.559000000001 012004000003010007
2 11937.559000000001 012004000003010007 710.286 012004001003010007
2 710.286 012004001003010007 50.22 027002000010010007
2 50.22 027002000010010007 190329.46 012002000003010018
2 190329.46 012002000003010018 1898.75 012002000003014018
2 1898.75 012002000003014018 50.22 027002000010010007
2 50.22 027002000010010007 408.278 027002000010002014
2 408.278 027002000010002014 406.903 027002000010004014
2 406.903 027002000010004014 50.22 027002000010010007
2 50.22 027002000010010007 24625.3725 012002000010002014
2 24625.3725 012002000010002014 553.669 012002000010002016
2 553.669 012002000010002016 50.22 027002000010010007
2 50.22 027002000010010007 260.718 012002000010010007
2 260.718 012002000010010007 532.602 012002000022010007
2 532.602 012002000022010007 50.22 027002000010010007
2 50.22 027002000010010007 5291.423857142857 012004000010010018
2 5291.423857142857 012004000010010018 814.729 028004000010010018
2 814.729 028004000010010018 50.22 027002000010010007
2 50.22 027002000010010007 156.108 012004000020010016
2 156.108 012004000020010016 156.108 012004000020010016
2 156.108 012004000020010016 50.22 027002000010010007
2 50.22 027002000010010007 269.069 012004000010010016
2 269.069 012004000010010016 269.069 012004000010010016
2 269.069 012004000010010016 50.22 027002000010010007
2 50.22 027002000010010007 156.108 012004000020010016
2 156.108 012004000020010016 425.597 012003000020010016
2 425.597 012003000020010016 50.22 027002000010010007
2 50.22 027002000010010007 463.019 012004000003010016
2 463.019 012004000003010016 451.968 012004000002010016
2 451.968 012004000002010016 50.22 027002000010010007
2 50.22 027002000010010007 8466.74 012004000020010007
2 8466.74 012004000020010007 8466.74 012004000020010007
2 8466.74 012004000020010007 50.22 027002000010010007
2 50.22 027002000010010007 156.108 012004000020010016
2 156.108 012004000020010016 25386.3 012004000020010004
2 25386.3 012004000020010004 50.22 027002000010010007
2 50.22 027002000010010007 156.108 012004000020010016
2 156.108 012004000020010016 315.594 012004000016010016
2 315.594 012004000016010016 50.22 027002000010010007
2 50.22 027002000010010007 449.232 027004000010010016
2 449.232 027004000010010016 388.41 027004000018010016
2 388.41 027004000018010016 50.22 027002000010010007
2 50.22 027002000010010007 615.431 012004000018010016
2 615.431 012004000018010016 248.474 012000000018010016
2 248.474 012000000018010016 50.22 027002000010010007
2 50.22 027002000010010007 51437.9228 012004000003002018
2 51437.9228 012004000003002018 50.22 027002000010010007
2 50.22 027002000010010007 14092.407825 012004000020010018
2 14092.407825 012004000020010018 24281.164999999997 012002000010002018
2 24281.164999999997 012002000010002018 275.95 029002000010002018
2 275.95 029002000010002018 50.22 027002000010010007
2 50.22 027002000010010007 4675.036 012004000010010014
2 4675.036 012004000010010014 16830.0 012004000010010001
2 16830.0 012004000010010001 50.22 027002000010010007
2 50.22 027002000010010007 30972.1465 012000000020010018
2 30972.1465 012000000020010018 49567.9 012000000020010001
2 49567.9 012000000020010001 50.22 027002000010010007
2 50.22 027002000010010007 1258.7745 012000000003002007
2 1258.7745 012000000003002007 702.845 021000000003002007
2 702.845 021000000003002007 50.22 027002000010010007
2 50.22 027002000010010007 66690.9 021004000003010018
2 66690.9 021004000003010018 940.138 021006000003010018
2 940.138 021006000003010018 50.22 027002000010010007
2 50.22 027002000010010007 5291.423857142857 012004000010010018
2 5291.423857142857 012004000010010018 121.449 012004000010016018
2 121.449 012004000010016018 50.22 027002000010010007
2 50.22 027002000010010007 2308.44 012004000010002016
2 2308.44 012004000010002016 492.894 037004000010002016
2 492.894 037004000010002016 50.22 027002000010010007
2 50.22 027002000010010007 875.0926666666667 012004000020002014
2 875.0926666666667 012004000020002014 527.012 039004000020002014
2 527.012 039004000020002014 50.22 027002000010010007
2 50.22 027002000010010007 41829.3 039002000020002016
2 41829.3 039002000020002016 311.128 039002000021002016
2 311.128 039002000021002016 50.22 027002000010010007
2 50.22 027002000010010007 851.465 012002000003002018
2 851.465 012002000003002018 50.22 027002000010010007
2 50.22 027002000010010007 14092.407825 012004000020010018
2 14092.407825 012004000020010018 607.886 012002000003010016
2 607.886 012002000003010016 476.6725 012002000003012016
2 476.6725 012002000003012016 50.22 027002000010010007
2 50.22 027002000010010007 39720.96 027002000020010014
2 39720.96 027002000020010014 1411.8024999999998 027002001020010014
2 1411.8024999999998 027002001020010014 50.22 027002000010010007
2 50.22 027002000010010007 5918.019461538462 012002000010010018
2 5918.019461538462 012002000010010018 429.576 012002000020010018
2 429.576 012002000020010018 50.22 027002000010010007
2 50.22 027002000010010007 5918.019461538462 012002000010010018
2 5918.019461538462 012002000010010018 600.304 012002000010007018
2 600.304 012002000010007018 50.22 027002000010010007
2 50.22 027002000010010007 51437.9228 012004000003002018
2 51437.9228 012004000003002018 50.22 027002000010010007
2 50.22 027002000010010007 14092.407825 012004000020010018
2 14092.407825 012004000020010018 3087.11 012000000010002016
2 3087.11 012000000010002016 1922.41 012000000002002016
2 1922.41 012000000002002016 50.22 027002000010010007
2 50.22 027002000010010007 39119.0 012000000020010007
2 39119.0 012000000020010007 615.93 012000000024010007
2 615.93 012000000024010007 50.22 027002000010010007
2 50.22 027002000010010007 260.718 012002000010010007
2 260.718 012002000010010007 356.624 012002000009010007
2 356.624 012002000009010007 50.22 027002000010010007
2 50.22 027002000010010007 6333.205 012004000010010007
2 6333.205 012004000010010007 292.103 008004000010010007
2 292.103 008004000010010007 50.22 027002000010010007
2 50.22 027002000010010007 268.267 012000000010010007
2 268.267 012000000010010007 50.22 027002000010010007
2 50.22 027002000010010007 14092.407825 012004000020010018
2 14092.407825 012004000020010018 14092.407825 012004000020010018
2 14092.407825 012004000020010018 312.542 012004000020019018
2 312.542 012004000020019018 50.22 027002000010010007
2 50.22 027002000010010007 10596.42575 012004000003010018
2 10596.42575 012004000003010018 627.686 012004000003016018
2 627.686 012004000003016018 50.22 027002000010010007
2 50.22 027002000010010007 9655.91 012004000003002007
2 9655.91 012004000003002007 428.617 012004000003019007
2 428.617 012004000003019007 50.22 027002000010010007
2 50.22 027002000010010007 38190.27875 012002000010010016
2 38190.27875 012002000010010016 50.22 027002000010010007
2 50.22 027002000010010007 14092.407825 012004000020010018
2 14092.407825 012004000020010018 23744.41 012000000010010018
2 23744.41 012000000010010018 701.476 012000000010012018
2 701.476 012000000010012018 50.22 027002000010010007
2 50.22 027002000010010007 4714.514137499999 012002000010010014
2 4714.514137499999 012002000010010014 50.22 027002000010010007
2 50.22 027002000010010007 14092.407825 012004000020010018
2 14092.407825 012004000020010018 1122.122 012004000010002007
2 1122.122 012004000010002007 50.22 027002000010010007
2 50.22 027002000010010007 14092.407825 012004000020010018
2 14092.407825 012004000020010018 21592.14 012000000003010018
2 21592.14 012000000003010018 400.638 012000000003010010
2 400.638 012000000003010010 50.22 027002000010010007
2 50.22 027002000010010007 429.576 012002000020010018
2 429.576 012002000020010018 468.747 012002000020019018
2 468.747 012002000020019018 50.22 027002000010010007
2 50.22 027002000010010007 4714.514137499999 012002000010010014
2 4714.514137499999 012002000010010014 118.371 012002000007010014
2 118.371 012002000007010014 50.22 027002000010010007
2 50.22 027002000010010007 5918.019461538462 012002000010010018
2 5918.019461538462 012002000010010018 50.22 027002000010010007
2 50.22 027002000010010007 14092.407825 012004000020010018
3 14092.407825 012004000020010018 60583800.0 023006000002007007
3 60583800.0 023006000002007007 11613.0 023006000014007007
3 11613.0 023006000014007007 339.221 008004001005020010
3 339.221 008004001005020010 34053.8 040000002007015012
3 34053.8 040000002007015012 4038.31 040000002002015012
3 4038.31 040000002002015012 339.221 008004001005020010
3 339.221 008004001005020010 392.988 012000000015015003
3 392.988 012000000015015003 316.325 012000000015009003
3 316.325 012000000015009003 339.221 008004001005020010
3 339.221 008004001005020010 738.411 040001000014010007
3 738.411 040001000014010007 511.49 040005000014010007
3 511.49 040005000014010007 316.325 012000000015009003
3 316.325 012000000015009003 800.104 001001002015015003
3 800.104 001001002015015003 428.04 001001002012015003
3 428.04 001001002012015003 316.325 012000000015009003
3 316.325 012000000015009003 3100.17 040004000002015003
3 3100.17 040004000002015003 316.325 012000000015009003
3 316.325 012000000015009003 339.221 008004001005020010
3 339.221 008004001005020010 522.97 001004002015002007
3 522.97 001004002015002007 413.032 034004002015002007
3 413.032 034004002015002007 316.325 012000000015009003
3 316.325 012000000015009003 411.661 012001000012020007
3 411.661 012001000012020007 295.536 012001000012020011
3 295.536 012001000012020011 316.325 012000000015009003
3 316.325 012000000015009003 27427.5 012004000005009003
3 27427.5 012004000005009003 349.4225 012004000005023003
3 349.4225 012004000005023003 295.536 012001000012020011
3 295.536 012001000012020011 1788.7 012004002015020010
3 1788.7 012004002015020010 265.767 012004002022020010
3 265.767 012004002022020010 349.4225 012004000005023003
3 349.4225 012004000005023003 94759.6 012004000012002007
3 94759.6 012004000012002007 711.642 012004000009002007
3 711.642 012004000009002007 349.4225 012004000005023003
3 349.4225 012004000005023003 2301750.0 012001000012002007
3 2301750.0 012001000012002007 3302.12 025001000012002007
3 3302.12 025001000012002007 349.4225 012004000005023003
3 349.4225 012004000005023003 595.169 012001000005020007
3 595.169 012001000005020007 377.332 012005000005020007
3 377.332 012005000005020007 349.4225 012004000005023003
3 349.4225 012004000005023003 26592.9 008001000012020003
3 26592.9 008001000012020003 1950.02 008005000012020003
3 1950.02 008005000012020003 349.4225 012004000005023003
3 349.4225 012004000005023003 506.42 012000000022023007
3 506.42 012000000022023007 358.634 006000000022023007
3 358.634 006000000022023007 349.4225 012004000005023003
3 349.4225 012004000005023003 43380.0 012000000005023003
3 43380.0 012000000005023003 28260.353666666666 012000000005023014
3 28260.353666666666 012000000005023014 349.4225 012004000005023003
3 349.4225 012004000005023003 486.522 012000000005020007
3 486.522 012000000005020007 472.202 004000000005020007
3 472.202 004000000005020007 28260.353666666666 012000000005023014
3 28260.353666666666 012000000005023014 700.674 012001000022023003
3 700.674 012001000022023003 342.047 012001000022008003
3 342.047 012001000022008003 28260.353666666666 012000000005023014
3 28260.353666666666 012000000005023014 475.173 008001000012023010
3 475.173 008001000012023010 474.575 008001000012023004
3 474.575 008001000012023004 28260.353666666666 012000000005023014
3 28260.353666666666 012000000005023014 651.072 012001000022023010
3 651.072 012001000022023010 327.288 012001002022023010
3 327.288 012001002022023010 28260.353666666666 012000000005023014
3 28260.353666666666 012000000005023014 2005.92 012000002015008010
3 2005.92 012000002015008010 116.719 012005002015008010
3 116.719 012005002015008010 28260.353666666666 012000000005023014
3 28260.353666666666 012000000005023014 339.919 012004000022008003
3 339.919 012004000022008003 116.719 012005002015008010
3 116.719 012005002015008010 28260.353666666666 012000000005023014
3 28260.353666666666 012000000005023014 45965.49776666667 012005000005023014
3 45965.49776666667 012005000005023014 350.962 012005001005023014
3 350.962 012005001005023014 116.719 012005002015008010
3 116.719 012005002015008010 31978.9 012001000022020010
3 31978.9 012001000022020010 532.862 012001001022020010
3 532.862 012001001022020010 116.719 012005002015008010
3 116.719 012005002015008010 14234.6925 012000000005009014
3 14234.6925 012000000005009014 17632.947500000002 012004000005009014
3 17632.947500000002 012004000005009014 116.719 012005002015008010
3 116.719 012005002015008010 118.415 012004002015020014
3 118.415 012004002015020014 116.719 012005002015008010
3 116.719 012005002015008010 17632.947500000002 012004000005009014
3 17632.947500000002 012004000005009014 788.252 012000000015009010
3 788.252 012000000015009010 364.559 012000001015009010
3 364.559 012000001015009010 116.719 012005002015008010
3 116.719 012005002015008010 399.801 012004000015008003
3 399.801 012004000015008003 293.167 012004000015008010
3 293.167 012004000015008010 116.719 012005002015008010
3 116.719 012005002015008010 23399.545 012004000005008010
3 23399.545 012004000005008010 121.074 012004000005004010
3 121.074 012004000005004010 116.719 012005002015008010
3 116.719 012005002015008010 337.279 012004000015020014
3 337.279 012004000015020014 37381.2 012004001015020014
3 37381.2 012004001015020014 116.719 012005002015008010
3 116.719 012005002015008010 372.923 012000002022023014
3 372.923 012000002022023014 116.719 012005002015008010
3 116.719 012005002015008010 118.415 012004002015020014
3 118.415 012004002015020014 28260.353666666666 012000000005023014
3 28260.353666666666 012000000005023014 116.719 012005002015008010
3 116.719 012005002015008010 118.415 012004002015020014
3 118.415 012004002015020014 349.263 012000000005008010
3 349.263 012000000005008010 349.263 012000000005008010
3 349.263 012000000005008010 116.719 012005002015008010
3 116.719 012005002015008010 13246.8385 012000002005023014
3 13246.8385 012000002005023014 410.406 012000002017023014
3 410.406 012000002017023014 116.719 012005002015008010
3 116.719 012005002015008010 523.364 012005002005020014
3 523.364 012005002005020014 523.364 012005002005020014
3 523.364 012005002005020014 116.719 012005002015008010
3 116.719 012005002015008010 16231.7 012005002015009010
3 16231.7 012005002015009010 116.719 012005002015008010
3 116.719 012005002015008010 116.719 012005002015008010
3 116.719 012005002015008010 389.582 012004000015008014
3 389.582 012004000015008014 389.582 012004000015008014
3 389.582 012004000015008014 116.719 012005002015008010
3 116.719 012005002015008010 10957.6 012004002005008010
3 10957.6 012004002005008010 1783.33 012004002011008010
3 1783.33 012004002011008010 116.719 012005002015008010
3 116.719 012005002015008010 20799.2 012004002015008003
3 20799.2 012004002015008003 4488.58 012005002015008003
3 4488.58 012005002015008003 116.719 012005002015008010
3 116.719 012005002015008010 16046.8 012004000015009003
3 16046.8 012004000015009003 3504.14 012004000022009003
3 3504.14 012004000022009003 116.719 012005002015008010
3 116.719 012005002015008010 53160.4 012000000005008014
3 53160.4 012000000005008014 285.871 012000000005008000
3 285.871 012000000005008000 116.719 012005002015008010
3 116.719 012005002015008010 10957.6 012004002005008010
3 10957.6 012004002005008010 1501.34 012000002005008010
3 1501.34 012000002005008010 116.719 012005002015008010
3 116.719 012005002015008010 18018.8 012004002005008003
3 18018.8 012004002005008003 1409.09 013004002005008003
3 1409.09 013004002005008003 116.719 012005002015008010
3 116.719 012005002015008010 252.526 012000000005020010
3 252.526 012000000005020010 116.719 012005002015008010
3 116.719 012005002015008010 118.415 012004002015020014
3 118.415 012004002015020014 9042.328 012004002005020014
3 9042.328 012004002005020014 242.423 024004002005020014
3 242.423 024004002005020014 116.719 012005002015008010
3 116.719 012005002015008010 14234.6925 012000000005009014
3 14234.6925 012000000005009014 18121.0 012000002005009014
3 18121.0 012000002005009014 116.719 012005002015008010
3 116.719 012005002015008010 315.252 012004002005023010
3 315.252 012004002005023010 315.402 012004000005023010
3 315.402 012004000005023010 116.719 012005002015008010
3 116.719 012005002015008010 9042.328 012004002005020014
3 9042.328 012004002005020014 532.886 012003002005020014
3 532.886 012003002005020014 116.719 012005002015008010
3 116.719 012005002015008010 569.3 012000002005020014
3 569.3 012000002005020014 9042.328 012004002005020014
3 9042.328 012004002005020014 116.719 012005002015008010
3 116.719 012005002015008010 415.851 012000000005008003
3 415.851 012000000005008003 285.871 012000000005008000
3 285.871 012000000005008000 116.719 012005002015008010
3 116.719 012005002015008010 28260.353666666666 012000000005023014
3 28260.353666666666 012000000005023014 12755.8 012000001005023014
3 12755.8 012000001005023014 116.719 012005002015008010
3 116.719 012005002015008010 267.246 012000000015009014
3 267.246 012000000015009014 257.043 028000000015009014
3 257.043 028000000015009014 116.719 012005002015008010
3 116.719 012005002015008010 513.492 024004000005009014
3 513.492 024004000005009014 116.719 012005002015008010
3 116.719 012005002015008010 118.415 012004002015020014
3 118.415 012004002015020014 521.1535 012000000015023014
3 521.1535 012000000015023014 267.246 012000000015009014
3 267.246 012000000015009014 116.719 012005002015008010
3 116.719 012005002015008010 13246.8385 012000002005023014
3 13246.8385 012000002005023014 6812.48 012000002005023002
3 6812.48 012000002005023002 116.719 012005002015008010
3 116.719 012005002015008010 426.28 024004000005023010
3 426.28 024004000005023010 245.66 024000000005023010
3 245.66 024000000005023010 116.719 012005002015008010
3 116.719 012005002015008010 349.4225 012004000005023003
3 349.4225 012004000005023003 116.719 012005002015008010
3 116.719 012005002015008010 118.415 012004002015020014
3 118.415 012004002015020014 324.564 012000002005020010
3 324.564 012000002005020010 116.719 012005002015008010
3 116.719 012005002015008010 118.415 012004002015020014
3 118.415 012004002015020014 5492.720127272727 012004000015023010
3 5492.720127272727 012004000015023010 315.402 012004000005023010
3 315.402 012004000005023010 116.719 012005002015008010
3 116.719 012005002015008010 23399.545 012004000005008010
3 23399.545 012004000005008010 539.8 012002000005008010
3 539.8 012002000005008010 315.402 012004000005023010
3 315.402 012004000005023010 889.302 012002002005023014
3 889.302 012002002005023014 889.302 012002002005023014
3 889.302 012002002005023014 315.402 012004000005023010
3 315.402 012004000005023010 337.279 012004000015020014
3 337.279 012004000015020014 748.692 012004000015020002
3 748.692 012004000015020002 315.402 012004000005023010
3 315.402 012004000005023010 320.189 012005000015023010
3 320.189 012005000015023010 258.876 012005000015012010
3 258.876 012005000015012010 315.402 012004000005023010
3 315.402 012004000005023010 259.68375 012004000015023014
3 259.68375 012004000015023014 259.68375 012004000015023014
3 259.68375 012004000015023014 315.402 012004000005023010
3 315.402 012004000005023010 337.279 012004000015020014
3 337.279 012004000015020014 225.412 002004000015020014
3 225.412 002004000015020014 315.402 012004000005023010
3 315.402 012004000005023010 1788.7 012004002015020010
3 1788.7 012004002015020010 366.192 012004002015000010
3 366.192 012004002015000010 315.402 012004000005023010
3 315.402 012004000005023010 17632.947500000002 012004000005009014
3 17632.947500000002 012004000005009014 2058.98 030004000005009014
3 2058.98 030004000005009014 315.402 012004000005023010
3 315.402 012004000005023010 45965.49776666667 012005000005023014
3 45965.49776666667 012005000005023014 424.147 012005000005017014
3 424.147 012005000005017014 315.402 012004000005023010
3 315.402 012004000005023010 315.402 012004000005023010
3 315.402 012004000005023010 315.402 012004000005023010
3 315.402 012004000005023010 315.402 012004000005023010
3 315.402 012004000005023010 58397.0 012000002015023014
3 58397.0 012000002015023014 579.98 012000002015002014
3 579.98 012000002015002014 315.402 012004000005023010
3 315.402 012004000005023010 521.1535 012000000015023014
3 521.1535 012000000015023014 439.142 036000000015023014
3 439.142 036000000015023014 315.402 012004000005023010
3 315.402 012004000005023010 293.167 012004000015008010
3 293.167 012004000015008010 293.167 012004000015008010
3 293.167 012004000015008010 315.402 012004000005023010
3 315.402 012004000005023010 858.6416666666667 012004000005023014
3 858.6416666666667 012004000005023014 315.402 012004000005023010
3 315.402 012004000005023010 116.719 012005002015008010
3 116.719 012005002015008010 315.252 012004002005023010
3 315.252 012004002005023010 315.402 012004000005023010
3 315.402 012004000005023010 116.719 012005002015008010
3 116.719 012005002015008010 598.336 012005002015023010
3 598.336 012005002015023010 378.331 012003002015023010
3 378.331 012003002015023010 315.402 012004000005023010
3 315.402 012004000005023010 315.252 012004002005023010
3 315.252 012004002005023010 466.466 027004002005023010
3 466.466 027004002005023010 315.402 012004000005023010
3 315.402 012004000005023010 315.402 012004000005023010
3 315.402 012004000005023010 1621.95 012004000016023010
3 1621.95 012004000016023010 315.402 012004000005023010
3 315.402 012004000005023010 364.124 012004000005020010
3 364.124 012004000005020010 315.402 012004000005023010
3 315.402 012004000005023010 315.252 012004002005023010
3 315.252 012004002005023010 1758.11 012005000005020014
3 1758.11 012005000005020014 401.909 012005000005009014
3 401.909 012005000005009014 364.124 012004000005020010
3 364.124 012004000005020010 315.252 012004002005023010
3 315.252 012004002005023010 189.322 012004001005023010
3 189.322 012004001005023010 364.124 012004000005020010
3 364.124 012004000005020010 16709.2 012004002015009010
3 16709.2 012004002015009010 946.656 012004001015009010
3 946.656 012004001015009010 364.124 012004000005020010
3 364.124 012004000005020010 364.124 012004000005020010
3 364.124 012004000005020010 364.124 012004000005020010
3 364.124 012004000005020010 315.402 012004000005023010
3 315.402 012004000005023010 613.05 012004002015008010
3 613.05 012004002015008010 493.453 012004002015015010
3 493.453 012004002015015010 364.124 012004000005020010
3 364.124 012004000005020010 315.402 012004000005023010
3 315.402 012004000005023010 315.252 012004002005023010
3 315.252 012004002005023010 364.124 012004000005020010
3 364.124 012004000005020010 5492.720127272727 012004000015023010
3 5492.720127272727 012004000015023010 1611.91 012004000015023002
3 1611.91 012004000015023002 364.124 012004000005020010
3 364.124 012004000005020010 315.252 012004002005023010
3 315.252 012004002005023010 371.6 012004002000023010
3 371.6 012004002000023010 364.124 012004000005020010
3 364.124 012004000005020010 268.3 012004000000023010
3 268.3 012004000000023010 364.124 012004000005020010
3 364.124 012004000005020010 315.402 012004000005023010
3 315.402 012004000005023010 364.124 012004000005020010
3 364.124 012004000005020010 37948.6 012004000005001010
3 37948.6 012004000005001010 364.124 012004000005020010
3 364.124 012004000005020010 9853.833 012004002015023010
3 9853.833 012004002015023010 9853.833 012004002015023010
3 9853.833 012004002015023010 364.124 012004000005020010
3 364.124 012004000005020010 315.252 012004002005023010
3 315.252 012004002005023010 11335.5 012004002017023010
3 11335.5 012004002017023010 364.124 012004000005020010
3 364.124 012004000005020010 6276.651999999999 012004002005009010
3 6276.651999999999 012004002005009010 364.124 012004000005020010
3 364.124 012004000005020010 315.402 012004000005023010
3 315.402 012004000005023010 6276.651999999999 012004002005009010
3 6276.651999999999 012004002005009010 6276.651999999999 012004002005009010
3 6276.651999999999 012004002005009010 364.124 012004000005020010
3 364.124 012004000005020010 5492.720127272727 012004000015023010
3 5492.720127272727 012004000015023010 5492.720127272727 012004000015023010
3 5492.720127272727 012004000015023010 364.124 012004000005020010
3 364.124 012004000005020010 5492.720127272727 012004000015023010
3 5492.720127272727 012004000015023010 332.247 012003000015023010
3 332.247 012003000015023010 364.124 012004000005020010
3 364.124 012004000005020010 5492.720127272727 012004000015023010
3 5492.720127272727 012004000015023010 351.496 012000000015023010
3 351.496 012000000015023010 364.124 012004000005020010
3 364.124 012004000005020010 9853.833 012004002015023010
3 9853.833 012004002015023010 204.117 028004002015023010
3 204.117 028004002015023010 364.124 012004000005020010
3 364.124 012004000005020010 858.6416666666667 012004000005023014
3 858.6416666666667 012004000005023014 858.6416666666667 012004000005023014
3 858.6416666666667 012004000005023014 364.124 012004000005020010
3 364.124 012004000005020010 458.486 012004002005008014
3 458.486 012004002005008014 377.436 012004001005008014
3 377.436 012004001005008014 364.124 012004000005020010
3 364.124 012004000005020010 9853.833 012004002015023010
3 9853.833 012004002015023010 463.382 012004002015012010
3 463.382 012004002015012010 364.124 012004000005020010
3 364.124 012004000005020010 5492.720127272727 012004000015023010
3 5492.720127272727 012004000015023010 5492.720127272727 012004000015023010
3 5492.720127272727 012004000015023010 364.124 012004000005020010
3 364.124 012004000005020010 1821.84 012004002015023014
3 1821.84 012004002015023014 328.907 021004002015023014
3 328.907 021004002015023014 5492.720127272727 012004000015023010
3 5492.720127272727 012004000015023010 9853.833 012004002015023010
3 9853.833 012004002015023010 411.785 012004002015023007
3 411.785 012004002015023007 5492.720127272727 012004000015023010
3 5492.720127272727 012004000015023010 364.124 012004000005020010
3 364.124 012004000005020010 465.551 012004000005020016
3 465.551 012004000005020016 5492.720127272727 012004000015023010
3 5492.720127272727 012004000015023010 23399.545 012004000005008010
3 23399.545 012004000005008010 297.759 034004000005008010
3 297.759 034004000005008010 5492.720127272727 012004000015023010
3 5492.720127272727 012004000015023010 23399.545 012004000005008010
3 23399.545 012004000005008010 10957.6 012004002005008010
3 10957.6 012004002005008010 5492.720127272727 012004000015023010
3 5492.720127272727 012004000015023010 807.8667 012004000015020010
3 807.8667 012004000015020010 822.868 012004001015020010
3 822.868 012004001015020010 5492.720127272727 012004000015023010
3 5492.720127272727 012004000015023010 323.007 012005000005023010
3 323.007 012005000005023010 252.964 012005001005023010
3 252.964 012005001005023010 5492.720127272727 012004000015023010
3 5492.720127272727 012004000015023010 398.927 012005000005008010
3 398.927 012005000005008010 349.263 012000000005008010
3 349.263 012000000005008010 5492.720127272727 012004000015023010
3 5492.720127272727 012004000015023010 364.124 012004000005020010
3 364.124 012004000005020010 106.248 012004000005020009
3 106.248 012004000005020009 5492.720127272727 012004000015023010
3 5492.720127272727 012004000015023010 315.252 012004002005023010
3 315.252 012004002005023010 193.677 020004002005023010
3 193.677 020004002005023010 5492.720127272727 012004000015023010
3 5492.720127272727 012004000015023010 315.402 012004000005023010
3 315.402 012004000005023010 582.829 012004000012023010
3 582.829 012004000012023010 5492.720127272727 012004000015023010
3 5492.720127272727 012004000015023010 364.124 012004000005020010
3 364.124 012004000005020010 122.329 012004000005005010
3 122.329 012004000005005010 5492.720127272727 012004000015023010
3 5492.720127272727 012004000015023010 315.402 012004000005023010
3 315.402 012004000005023010 121.074 012004000005004010
3 121.074 012004000005004010 5492.720127272727 012004000015023010
3 5492.720127272727 012004000015023010 439.977 012005002005023010
3 439.977 012005002005023010 449.637 012005002005023012
3 449.637 012005002005023012 5492.720127272727 012004000015023010
3 5492.720127272727 012004000015023010 315.402 012004000005023010
3 315.402 012004000005023010 315.252 012004002005023010
3 315.252 012004002005023010 5492.720127272727 012004000015023010
3 5492.720127272727 012004000015023010 807.8667 012004000015020010
3 807.8667 012004000015020010 114.455 037004000015020010
3 114.455 037004000015020010 5492.720127272727 012004000015023010
3 5492.720127272727 012004000015023010 9853.833 012004002015023010
3 9853.833 012004002015023010 22785.4 012004002011023010
3 22785.4 012004002011023010 5492.720127272727 012004000015023010
3 5492.720127272727 012004000015023010 23399.545 012004000005008010
3 23399.545 012004000005008010 680.774 033004000005008010
3 680.774 033004000005008010 5492.720127272727 012004000015023010
3 5492.720127272727 012004000015023010 45687.9 012004000005008014
3 45687.9 012004000005008014 235.625 012004000005004014
3 235.625 012004000005004014 5492.720127272727 012004000015023010
3 5492.720127272727 012004000015023010 315.402 012004000005023010
3 315.402 012004000005023010 189.322 012004001005023010
3 189.322 012004001005023010 5492.720127272727 012004000015023010
3 5492.720127272727 012004000015023010 259.68375 012004000015023014
3 259.68375 012004000015023014 5492.720127272727 012004000015023010
3 5492.720127272727 012004000015023010 364.124 012004000005020010
3 364.124 012004000005020010 377.01 012004000005023009
3 377.01 012004000005023009 447.329 012004000005023001
3 447.329 012004000005023001 5492.720127272727 012004000015023010
3 5492.720127272727 012004000015023010 315.402 012004000005023010
3 315.402 012004000005023010 5492.720127272727 012004000015023010
3 5492.720127272727 012004000015023010 364.124 012004000005020010
3 364.124 012004000005020010 613.05 012004002015008010
3 613.05 012004002015008010 293.167 012004000015008010
3 293.167 012004000015008010 5492.720127272727 012004000015023010
3 5492.720127272727 012004000015023010 293.167 012004000015008010
3 293.167 012004000015008010 391.03 012005000015008010
3 391.03 012005000015008010 5492.720127272727 012004000015023010
3 5492.720127272727 012004000015023010 1852.52 037004000015008014
3 1852.52 037004000015008014 1423.42 037002000015008014
3 1423.42 037002000015008014 5492.720127272727 012004000015023010
3 5492.720127272727 012004000015023010 613.05 012004002015008010
3 613.05 012004002015008010 1850.52 012004002015008016
3 1850.52 012004002015008016 5492.720127272727 012004000015023010
3 5492.720127272727 012004000015023010 315.402 012004000005023010
3 315.402 012004000005023010 237.063 012001000005023010
3 237.063 012001000005023010 5492.720127272727 012004000015023010
3 5492.720127272727 012004000015023010 9853.833 012004002015023010
3 9853.833 012004002015023010 5492.720127272727 012004000015023010
3 5492.720127272727 012004000015023010 364.124 012004000005020010
3 364.124 012004000005020010 389.582 012004000015008014
3 389.582 012004000015008014 337.279 012004000015020014
3 337.279 012004000015020014 5492.720127272727 012004000015023010
3 5492.720127272727 012004000015023010 406.478 037004000015020014
3 406.478 037004000015020014 277.641 037004000008020014
3 277.641 037004000008020014 5492.720127272727 012004000015023010
3 5492.720127272727 012004000015023010 5492.720127272727 012004000015023010
3 5492.720127272727 012004000015023010 587.889 012002000015023010
3 587.889 012002000015023010 5492.720127272727 012004000015023010
3 5492.720127272727 012004000015023010 9853.833 012004002015023010
3 9853.833 012004002015023010 9853.833 012004002015023010
3 9853.833 012004002015023010 5492.720127272727 012004000015023010
3 5492.720127272727 012004000015023010 315.252 012004002005023010
3 315.252 012004002005023010 172.72 012001002005023010
3 172.72 012001002005023010 5492.720127272727 012004000015023010
3 5492.720127272727 012004000015023010 22849.3 037004000005023009
3 22849.3 037004000005023009 146.347 037004000005016009
3 146.347 037004000005016009 5492.720127272727 012004000015023010
3 5492.720127272727 012004000015023010 377.01 012004000005023009
3 377.01 012004000005023009 209.493 012004000001023009
3 209.493 012004000001023009 5492.720127272727 012004000015023010
3 5492.720127272727 012004000015023010 22024.4 037004000005020009
3 22024.4 037004000005020009 460.375 037004000021020009
3 460.375 037004000021020009 5492.720127272727 012004000015023010
3 5492.720127272727 012004000015023010 609.205 012004002021020010
3 609.205 012004002021020010 294.361 012004002021001010
3 294.361 012004002021001010 5492.720127272727 012004000015023010
3 5492.720127272727 012004000015023010 187.008 012004002005023014
3 187.008 012004002005023014 1908.54 012004002005023012
3 1908.54 012004002005023012 5492.720127272727 012004000015023010
3 5492.720127272727 012004000015023010 10957.6 012004002005008010
3 10957.6 012004002005008010 2137.8 012001002005008010
3 2137.8 012001002005008010 5492.720127272727 012004000015023010
3 5492.720127272727 012004000015023010 364.124 012004000005020010
3 364.124 012004000005020010 1669.91 018004000005020010
3 1669.91 018004000005020010 5492.720127272727 012004000015023010
3 5492.720127272727 012004000015023010 364.124 012004000005020010
3 364.124 012004000005020010 502.374 012004000009020010
3 502.374 012004000009020010 5492.720127272727 012004000015023010
3 5492.720127272727 012004000015023010 5492.720127272727 012004000015023010
3 5492.720127272727 012004000015023010 351.024 002004000015023010
3 351.024 002004000015023010 5492.720127272727 012004000015023010
3 5492.720127272727 012004000015023010 639.458 037004000015023010
3 639.458 037004000015023010 528.119 037004000007023010
3 528.119 037004000007023010 5492.720127272727 012004000015023010
3 5492.720127272727 012004000015023010 1615.71 037004002015023010
3 1615.71 037004002015023010 294.122 034004002015023010
3 294.122 034004002015023010 5492.720127272727 012004000015023010
3 5492.720127272727 012004000015023010 1788.7 012004002015020010
3 1788.7 012004002015020010 824.096 012004002015003010
3 824.096 012004002015003010 5492.720127272727 012004000015023010
3 5492.720127272727 012004000015023010 45965.49776666667 012005000005023014
3 45965.49776666667 012005000005023014 5492.720127272727 012004000015023010
3 5492.720127272727 012004000015023010 364.124 012004000005020010
3 364.124 012004000005020010 56549.9 012005002015020010
3 56549.9 012005002015020010 3341.14 012005000015020010
3 3341.14 012005000015020010 5492.720127272727 012004000015023010
3 5492.720127272727 012004000015023010 187.008 012004002005023014
3 187.008 012004002005023014 97.6889 012004002001023014
3 97.6889 012004002001023014 5492.720127272727 012004000015023010
3 5492.720127272727 012004000015023010 315.402 012004000005023010
3 315.402 012004000005023010 516.851 012004000011023010
3 516.851 012004000011023010 5492.720127272727 012004000015023010
3 5492.720127272727 012004000015023010 192.432 012004000001020014
3 192.432 012004000001020014 212.048 012004000023020014
3 212.048 012004000023020014 5492.720127272727 012004000015023010
3 5492.720127272727 012004000015023010 337.279 012004000015020014
3 337.279 012004000015020014 118.415 012004002015020014
3 118.415 012004002015020014 5492.720127272727 012004000015023010
3 5492.720127272727 012004000015023010 315.402 012004000005023010
3 315.402 012004000005023010 196.922 012004000013023010
3 196.922 012004000013023010 5492.720127272727 012004000015023010
3 5492.720127272727 012004000015023010 315.402 012004000005023010
3 315.402 012004000005023010 582.829 012004000012023010
3 582.829 012004000012023010 5492.720127272727 012004000015023010
3 5492.720127272727 012004000015023010 259.68375 012004000015023014
3 259.68375 012004000015023014 113.086 012004000001023014
3 113.086 012004000001023014 5492.720127272727 012004000015023010
3 5492.720127272727 012004000015023010 315.402 012004000005023010
3 315.402 012004000005023010 460.593 012004000005012010
3 460.593 012004000005012010 5492.720127272727 012004000015023010
3 5492.720127272727 012004000015023010 807.8667 012004000015020010
3 807.8667 012004000015020010 542.472 012004000015009010
3 542.472 012004000015009010 5492.720127272727 012004000015023010
3 5492.720127272727 012004000015023010 364.124 012004000005020010
3 364.124 012004000005020010 465.551 012004000005020016
3 465.551 012004000005020016 5492.720127272727 012004000015023010
3 5492.720127272727 012004000015023010 439.977 012005002005023010
3 439.977 012005002005023010 338.928 012003002005023010
3 338.928 012003002005023010 5492.720127272727 012004000015023010
3 5492.720127272727 012004000015023010 315.402 012004000005023010
3 315.402 012004000005023010 364.124 012004000005020010
3 364.124 012004000005020010 5492.720127272727 012004000015023010
3 5492.720127272727 012004000015023010 315.402 012004000005023010
3 315.402 012004000005023010 722.261 012004000005014010
3 722.261 012004000005014010 5492.720127272727 012004000015023010
3 5492.720127272727 012004000015023010 187.008 012004002005023014
3 187.008 012004002005023014 5492.720127272727 012004000015023010
3 5492.720127272727 012004000015023010 364.124 012004000005020010
3 364.124 012004000005020010 439.977 012005002005023010
3 439.977 012005002005023010 449.637 012005002005023012
3 449.637 012005002005023012 5492.720127272727 012004000015023010
3 5492.720127272727 012004000015023010 9853.833 012004002015023010
3 9853.833 012004002015023010 263.202 012004002015013010
3 263.202 012004002015013010 5492.720127272727 012004000015023010
3 5492.720127272727 012004000015023010 17781.547714285716 012004000001023010
3 17781.547714285716 012004000001023010 390.146 012000000001023010
3 390.146 012000000001023010 5492.720127272727 012004000015023010
3 5492.720127272727 012004000015023010 25729.051 012004000015014010
3 25729.051 012004000015014010 210.308 012001000015014010
3 210.308 012001000015014010 5492.720127272727 012004000015023010
3 5492.720127272727 012004000015023010 1801.5 012001000005020010
3 1801.5 012001000005020010 429.041 012001000005020008
3 429.041 012001000005020008 5492.720127272727 012004000015023010
3 5492.720127272727 012004000015023010 315.402 012004000005023010
3 315.402 012004000005023010 287.42 012000000005023010
3 287.42 012000000005023010 5492.720127272727 012004000015023010
3 5492.720127272727 012004000015023010 315.402 012004000005023010
3 315.402 012004000005023010 156.989 012004000007023010
3 156.989 012004000007023010 5492.720127272727 012004000015023010
3 5492.720127272727 012004000015023010 113.086 012004000001023014
3 113.086 012004000001023014 5492.720127272727 012004000015023010
3 5492.720127272727 012004000015023010 364.124 012004000005020010
3 364.124 012004000005020010 807.8667 012004000015020010
3 807.8667 012004000015020010 323.362 012004000015020003
3 323.362 012004000015020003 5492.720127272727 012004000015023010
3 5492.720127272727 012004000015023010 349.4225 012004000005023003
3 349.4225 012004000005023003 669.852 012004000005019003
3 669.852 012004000005019003 5492.720127272727 012004000015023010
3 5492.720127272727 012004000015023010 22236.7955 012004002005014014
3 22236.7955 012004002005014014 22236.7955 012004002005014014
3 22236.7955 012004002005014014 5492.720127272727 012004000015023010
3 5492.720127272727 012004000015023010 48289.4 012004000001014014
3 48289.4 012004000001014014 136.701 012002000001014014
3 136.701 012002000001014014 5492.720127272727 012004000015023010
3 5492.720127272727 012004000015023010 5492.720127272727 012004000015023010
3 5492.720127272727 012004000015023010 5492.720127272727 012004000015023010
3 5492.720127272727 012004000015023010 364.124 012004000005020010
3 364.124 012004000005020010 315.402 012004000005023010
3 315.402 012004000005023010 439.1 031004000005023010
3 439.1 031004000005023010 5492.720127272727 012004000015023010
3 5492.720127272727 012004000015023010 9853.833 012004002015023010
3 9853.833 012004002015023010 28241.0 012004002015023016
3 28241.0 012004002015023016 5492.720127272727 012004000015023010
3 5492.720127272727 012004000015023010 29185.2 012004000001014010
3 29185.2 012004000001014010 511.735 012004000001014009
3 511.735 012004000001014009 5492.720127272727 012004000015023010
3 5492.720127272727 012004000015023010 12191.520333333334 012004000001020010
3 12191.520333333334 012004000001020010 16080.155828571429 014004000001020010
3 16080.155828571429 014004000001020010 5492.720127272727 012004000015023010
3 5492.720127272727 012004000015023010 315.402 012004000005023010
3 315.402 012004000005023010 552.569 019004000005023010
3 552.569 019004000005023010 5492.720127272727 012004000015023010
3 5492.720127272727 012004000015023010 722.261 012004000005014010
3 722.261 012004000005014010 378.723 012004000006014010
3 378.723 012004000006014010 5492.720127272727 012004000015023010
3 5492.720127272727 012004000015023010 364.124 012004000005020010
3 364.124 012004000005020010 333.5615 012004001005020010
3 333.5615 012004001005020010 5492.720127272727 012004000015023010
3 5492.720127272727 012004000015023010 16080.155828571429 014004000001020010
3 16080.155828571429 014004000001020010 5492.720127272727 012004000015023010
3 5492.720127272727 012004000015023010 16080.155828571429 014004000001020010
3 16080.155828571429 014004000001020010 315.402 012004000005023010
3 315.402 012004000005023010 399.486 012004000005023008
3 399.486 012004000005023008 5492.720127272727 012004000015023010
3 5492.720127272727 012004000015023010 722.261 012004000005014010
3 722.261 012004000005014010 145.35 012004000005014007
3 145.35 012004000005014007 5492.720127272727 012004000015023010
3 5492.720127272727 012004000015023010 25729.051 012004000015014010
3 25729.051 012004000015014010 25729.051 012004000015014010
3 25729.051 012004000015014010 5492.720127272727 012004000015023010
3 5492.720127272727 012004000015023010 25729.051 012004000015014010
3 25729.051 012004000015014010 132.047 012004000015002010
3 132.047 012004000015002010 5492.720127272727 012004000015023010
3 5492.720127272727 012004000015023010 807.8667 012004000015020010
3 807.8667 012004000015020010 246.349 012004000016020010
3 246.349 012004000016020010 5492.720127272727 012004000015023010
3 5492.720127272727 012004000015023010 16080.155828571429 014004000001020010
3 16080.155828571429 014004000001020010 498.424 014004000001020003
3 498.424 014004000001020003 5492.720127272727 012004000015023010
3 5492.720127272727 012004000015023010 115.888 012004002005020010
3 115.888 012004002005020010 5492.720127272727 012004000015023010
3 5492.720127272727 012004000015023010 16080.155828571429 014004000001020010
3 16080.155828571429 014004000001020010 315.402 012004000005023010
3 315.402 012004000005023010 122.329 012004000005005010
3 122.329 012004000005005010 5492.720127272727 012004000015023010
3 5492.720127272727 012004000015023010 12191.520333333334 012004000001020010
3 12191.520333333334 012004000001020010 268.991 012004000008020010
3 268.991 012004000008020010 5492.720127272727 012004000015023010
3 5492.720127272727 012004000015023010 315.402 012004000005023010
3 315.402 012004000005023010 287.42 012000000005023010
3 287.42 012000000005023010 5492.720127272727 012004000015023010
3 5492.720127272727 012004000015023010 10936.437666666667 014004000005023010
3 10936.437666666667 014004000005023010 4996.24 014003000005023010
3 4996.24 014003000005023010 5492.720127272727 012004000015023010
3 5492.720127272727 012004000015023010 315.402 012004000005023010
3 315.402 012004000005023010 195.676 022004000005023010
3 195.676 022004000005023010 5492.720127272727 012004000015023010
3 5492.720127272727 012004000015023010 14216.464 014004000015023010
3 14216.464 014004000015023010 635.067 014004000015024010
3 635.067 014004000015024010 5492.720127272727 012004000015023010
3 5492.720127272727 012004000015023010 315.252 012004002005023010
3 315.252 012004002005023010 439.977 012005002005023010
3 439.977 012005002005023010 5492.720127272727 012004000015023010
3 5492.720127272727 012004000015023010 328.653 014004002005023010
3 328.653 014004002005023010 5492.720127272727 012004000015023010
3 5492.720127272727 012004000015023010 16080.155828571429 014004000001020010
3 16080.155828571429 014004000001020010 16080.155828571429 014004000001020010
3 16080.155828571429 014004000001020010 410.996 014006000001020010
3 410.996 014006000001020010 5492.720127272727 012004000015023010
3 5492.720127272727 012004000015023010 17781.547714285716 012004000001023010
3 17781.547714285716 012004000001023010 17781.547714285716 012004000001023010
3 17781.547714285716 012004000001023010 5492.720127272727 012004000015023010
3 5492.720127272727 012004000015023010 14508.9 014004002015023010
3 14508.9 014004002015023010 593.053 014004002015012010
3 593.053 014004002015012010 5492.720127272727 012004000015023010
3 5492.720127272727 012004000015023010 459.282 012004002005014010
3 459.282 012004002005014010 313.365 012004002023014010
3 313.365 012004002023014010 5492.720127272727 012004000015023010
3 5492.720127272727 012004000015023010 364.124 012004000005020010
3 364.124 012004000005020010 115.888 012004002005020010
3 115.888 012004002005020010 5492.720127272727 012004000015023010
3 5492.720127272727 012004000015023010 315.402 012004000005023010
3 315.402 012004000005023010 5492.720127272727 012004000015023010
3 5492.720127272727 012004000015023010 16080.155828571429 014004000001020010
3 16080.155828571429 014004000001020010 12331.252428571428 014004000001023010
3 12331.252428571428 014004000001023010 722.5179 014004001001023010
3 722.5179 014004001001023010 315.402 012004000005023010
3 315.402 012004000005023010 10936.437666666667 014004000005023010
3 10936.437666666667 014004000005023010 139.112 014004000005007010
3 139.112 014004000005007010 315.402 012004000005023010
3 315.402 012004000005023010 16080.155828571429 014004000001020010
3 16080.155828571429 014004000001020010 326.413 014004000001011010
3 326.413 014004000001011010 315.402 012004000005023010
3 315.402 012004000005023010 364.124 012004000005020010
3 364.124 012004000005020010 315.402 012004000005023010
3 315.402 012004000005023010 5492.720127272727 012004000015023010
3 5492.720127272727 012004000015023010 5492.720127272727 012004000015023010
3 5492.720127272727 012004000015023010 315.402 012004000005023010
3 315.402 012004000005023010 5492.720127272727 012004000015023010
3 5492.720127272727 012004000015023010 351.135 014004001005020010
3 351.135 014004001005020010 337.032 014004001011020010
3 337.032 014004001011020010 315.402 012004000005023010
3 315.402 012004000005023010 12191.520333333334 012004000001020010
3 12191.520333333334 012004000001020010 192.432 012004000001020014
3 192.432 012004000001020014 315.402 012004000005023010
3 315.402 012004000005023010 17781.547714285716 012004000001023010
3 17781.547714285716 012004000001023010 314.595 012004000023023010
3 314.595 012004000023023010 315.402 012004000005023010
3 315.402 012004000005023010 570.078 014004001005023010
3 570.078 014004001005023010 546.274 014004001005017010
3 546.274 014004001005017010 315.402 012004000005023010
3 315.402 012004000005023010 12191.520333333334 012004000001020010
3 12191.520333333334 012004000001020010 397.49 012006000001020010
3 397.49 012006000001020010 315.402 012004000005023010
3 315.402 012004000005023010 12191.520333333334 012004000001020010
3 12191.520333333334 012004000001020010 315.402 012004000005023010
3 315.402 012004000005023010 5492.720127272727 012004000015023010
3 5492.720127272727 012004000015023010 822.868 012004001015020010
3 822.868 012004001015020010 822.868 012004001015020010
3 822.868 012004001015020010 315.402 012004000005023010
3 315.402 012004000005023010 17781.547714285716 012004000001023010
3 17781.547714285716 012004000001023010 286.729 012004000008023010
3 286.729 012004000008023010 315.402 012004000005023010
3 315.402 012004000005023010 5492.720127272727 012004000015023010
3 5492.720127272727 012004000015023010 1611.91 012004000015023002
3 1611.91 012004000015023002 315.402 012004000005023010
3 315.402 012004000005023010 17781.547714285716 012004000001023010
3 17781.547714285716 012004000001023010 17781.547714285716 012004000001023010
3 17781.547714285716 012004000001023010 315.402 012004000005023010
3 315.402 012004000005023010 5492.720127272727 012004000015023010
3 5492.720127272727 012004000015023010 357.157 012004000015006010
3 357.157 012004000015006010 315.402 012004000005023010
3 315.402 012004000005023010 5492.720127272727 012004000015023010
3 5492.720127272727 012004000015023010 315.402 012004000005023010
3 315.402 012004000005023010 5492.720127272727 012004000015023010
3 5492.720127272727 012004000015023010 14216.464 014004000015023010
3 14216.464 014004000015023010 30864.1 014004001015023010
3 30864.1 014004001015023010 315.402 012004000005023010
3 315.402 012004000005023010 17781.547714285716 012004000001023010
3 17781.547714285716 012004000001023010 1508.38 029004000001023010
3 1508.38 029004000001023010 315.402 012004000005023010
3 315.402 012004000005023010 12331.252428571428 014004000001023010
3 12331.252428571428 014004000001023010 331.323 014004000013023010
3 331.323 014004000013023010 315.402 012004000005023010
3 315.402 012004000005023010 17781.547714285716 012004000001023010
3 17781.547714285716 012004000001023010 567.341 012004000017023010
3 567.341 012004000017023010 315.402 012004000005023010
3 315.402 012004000005023010 10936.437666666667 014004000005023010
3 10936.437666666667 014004000005023010 10936.437666666667 014004000005023010
3 10936.437666666667 014004000005023010 315.402 012004000005023010
3 315.402 012004000005023010 5492.720127272727 012004000015023010
3 5492.720127272727 012004000015023010 315.402 012004000005023010
3 315.402 012004000005023010 5492.720127272727 012004000015023010
3 5492.720127272727 012004000015023010 19531.1755 014004000015020010
3 19531.1755 014004000015020010 33819.6 014003000015020010
3 33819.6 014003000015020010 315.402 012004000005023010
3 315.402 012004000005023010 5492.720127272727 012004000015023010
3 5492.720127272727 012004000015023010 289.774 035004000015023010
3 289.774 035004000015023010 315.402 012004000005023010
3 315.402 012004000005023010 12331.252428571428 014004000001023010
3 12331.252428571428 014004000001023010 141.81 014004000001007010
3 141.81 014004000001007010 315.402 012004000005023010
3 315.402 012004000005023010 24445.9 012004001001020010
3 24445.9 012004001001020010 3504.62 012004001001002010
3 3504.62 012004001001002010 315.402 012004000005023010
3 315.402 012004000005023010 315.402 012004000005023010
3 315.402 012004000005023010 15029.4 012004000005023002
3 15029.4 012004000005023002 315.402 012004000005023010
3 315.402 012004000005023010 315.402 012004000005023010
3 315.402 012004000005023010 516.851 012004000011023010
3 516.851 012004000011023010 315.402 012004000005023010
3 315.402 012004000005023010 17781.547714285716 012004000001023010
3 17781.547714285716 012004000001023010 26546.2 012004000009023010
3 26546.2 012004000009023010 315.402 012004000005023010
3 315.402 012004000005023010 315.402 012004000005023010
3 315.402 012004000005023010 343.931 012004000005023016
3 343.931 012004000005023016 315.402 012004000005023010
3 315.402 012004000005023010 364.124 012004000005020010
3 364.124 012004000005020010 199.18 024004000005020010
3 199.18 024004000005020010 315.402 012004000005023010
3 315.402 012004000005023010 17781.547714285716 012004000001023010
3 17781.547714285716 012004000001023010 315.402 012004000005023010
3 315.402 012004000005023010 315.402 012004000005023010
3 315.402 012004000005023010 12331.252428571428 014004000001023010
3 12331.252428571428 014004000001023010 271.116 014004000010023010
3 271.116 014004000010023010 315.402 012004000005023010
3 315.402 012004000005023010 12331.252428571428 014004000001023010
3 12331.252428571428 014004000001023010 867.326 014003000001023010
3 867.326 014003000001023010 315.402 012004000005023010
3 315.402 012004000005023010 12191.520333333334 012004000001020010
3 12191.520333333334 012004000001020010 179.903 012001000001020010
3 179.903 012001000001020010 315.402 012004000005023010
3 315.402 012004000005023010 14216.464 014004000015023010
3 14216.464 014004000015023010 232.956 014001000015023010
3 232.956 014001000015023010 315.402 012004000005023010
3 315.402 012004000005023010 16080.155828571429 014004000001020010
3 16080.155828571429 014004000001020010 326.692 014004000001020005
3 326.692 014004000001020005 315.402 012004000005023010
3 315.402 012004000005023010 326.692 014004000001020005
3 326.692 014004000001020005 315.402 012004000005023010
3 315.402 012004000005023010 5492.720127272727 012004000015023010
3 5492.720127272727 012004000015023010 16080.155828571429 014004000001020010
3 16080.155828571429 014004000001020010 315.402 012004000005023010
3 315.402 012004000005023010 5492.720127272727 012004000015023010
3 5492.720127272727 012004000015023010 333.5615 012004001005020010
3 333.5615 012004001005020010 213.764 011004001005020010
3 213.764 011004001005020010 315.402 012004000005023010
3 315.402 012004000005023010 276.894 014004000005020010
3 276.894 014004000005020010 276.894 014004000005020010
3 276.894 014004000005020010 315.402 012004000005023010
3 315.402 012004000005023010 570.078 014004001005023010
3 570.078 014004001005023010 10936.437666666667 014004000005023010
3 10936.437666666667 014004000005023010 315.402 012004000005023010
3 315.402 012004000005023010 315.402 012004000005023010
3 315.402 012004000005023010 15029.4 012004000005023002
3 15029.4 012004000005023002 315.402 012004000005023010
3 315.402 012004000005023010 17781.547714285716 012004000001023010
3 17781.547714285716 012004000001023010 359.262 012004000001023005
3 359.262 012004000001023005 315.402 012004000005023010
3 315.402 012004000005023010 364.124 012004000005020010
3 364.124 012004000005020010 502.374 012004000009020010
3 502.374 012004000009020010 315.402 012004000005023010
3 315.402 012004000005023010 276.894 014004000005020010
3 276.894 014004000005020010 276.894 014004000005020010
3 276.894 014004000005020010 315.402 012004000005023010
3 315.402 012004000005023010 12331.252428571428 014004000001023010
3 12331.252428571428 014004000001023010 722.5179 014004001001023010
3 722.5179 014004001001023010 315.402 012004000005023010
3 315.402 012004000005023010 5492.720127272727 012004000015023010
3 5492.720127272727 012004000015023010 315.402 012004000005023010
3 315.402 012004000005023010 5492.720127272727 012004000015023010
3 5492.720127272727 012004000015023010 364.124 012004000005020010
3 364.124 012004000005020010 337.607 012004000005017010
3 337.607 012004000005017010 315.402 012004000005023010
3 315.402 012004000005023010 12331.252428571428 014004000001023010
3 12331.252428571428 014004000001023010 1255.7060000000001 014004002001023010
3 1255.7060000000001 014004002001023010 315.402 012004000005023010
3 315.402 012004000005023010 807.8667 012004000015020010
3 807.8667 012004000015020010 807.8667 012004000015020010
3 807.8667 012004000015020010 315.402 012004000005023010
3 315.402 012004000005023010 315.402 012004000005023010
3 315.402 012004000005023010 332.17 012004000005023006
3 332.17 012004000005023006 807.8667 012004000015020010
3 807.8667 012004000015020010 17781.547714285716 012004000001023010
3 17781.547714285716 012004000001023010 267.274 012004000010023010
3 267.274 012004000010023010 807.8667 012004000015020010
3 807.8667 012004000015020010 14216.464 014004000015023010
3 14216.464 014004000015023010 497.459 020004000015023010
3 497.459 020004000015023010 807.8667 012004000015020010
3 807.8667 012004000015020010 807.8667 012004000015020010
3 807.8667 012004000015020010 807.8667 012004000015020010
3 807.8667 012004000015020010 807.8667 012004000015020010
3 807.8667 012004000015020010 5492.720127272727 012004000015023010
3 5492.720127272727 012004000015023010 807.8667 012004000015020010
3 807.8667 012004000015020010 315.402 012004000005023010
3 315.402 012004000005023010 17781.547714285716 012004000001023010
3 17781.547714285716 012004000001023010 1792.6 012005000001023010
3 1792.6 012005000001023010 807.8667 012004000015020010
3 807.8667 012004000015020010 315.402 012004000005023010
3 315.402 012004000005023010 251.882 012003000005023010
3 251.882 012003000005023010 807.8667 012004000015020010
3 807.8667 012004000015020010 19531.1755 014004000015020010
3 19531.1755 014004000015020010 333.614 014004000015006010
3 333.614 014004000015006010 807.8667 012004000015020010
3 807.8667 012004000015020010 14216.464 014004000015023010
3 14216.464 014004000015023010 537.552 014004000015023011
3 537.552 014004000015023011 807.8667 012004000015020010
3 807.8667 012004000015020010 315.402 012004000005023010
3 315.402 012004000005023010 315.402 012004000005023010
3 315.402 012004000005023010 807.8667 012004000015020010
3 807.8667 012004000015020010 315.402 012004000005023010
3 315.402 012004000005023010 189.322 012004001005023010
3 189.322 012004001005023010 807.8667 012004000015020010
3 807.8667 012004000015020010 722.5179 014004001001023010
3 722.5179 014004001001023010 1255.7060000000001 014004002001023010
3 1255.7060000000001 014004002001023010 807.8667 012004000015020010
4 807.8667 012004000015020010 2328.45 012002002020000010
4 2328.45 012002002020000010 900.562 039002002020000010
4 900.562 039002002020000010 407.282 008001001000020018
4 407.282 008001001000020018 1679060.0 020002001025010007
4 1679060.0 020002001025010007 1359.85 020002001000010007
4 1359.85 020002001000010007 407.282 008001001000020018
4 407.282 008001001000020018 689.693 008000002020010005
4 689.693 008000002020010005 339.591 008000002020021005
4 339.591 008000002020021005 407.282 008001001000020018
4 407.282 008001001000020018 20229.183 008001001000021010
4 20229.183 008001001000021010 5721.3535 008001001011021010
4 5721.3535 008001001011021010 339.591 008000002020021005
4 339.591 008000002020021005 1001.5836666666667 008001002020015010
4 1001.5836666666667 008001002020015010 302.423 008001001020015010
4 302.423 008001001020015010 5721.3535 008001001011021010
4 5721.3535 008001001011021010 3555.92 039001002000021005
4 3555.92 039001002000021005 645.702 039001002000008005
4 645.702 039001002000008005 5721.3535 008001001011021010
4 5721.3535 008001001011021010 20467.5 008000002000010005
4 20467.5 008000002000010005 729.551 008000002000022005
4 729.551 008000002000022005 5721.3535 008001001011021010
4 5721.3535 008001001011021010 1356.451 020005002020015018
4 1356.451 020005002020015018 1356.451 020005002020015018
4 1356.451 020005002020015018 5721.3535 008001001011021010
4 5721.3535 008001001011021010 524.538 008000001020015010
4 524.538 008000001020015010 450.001 008000002020015010
4 450.001 008000002020015010 5721.3535 008001001011021010
4 5721.3535 008001001011021010 1028696.1 008001001000015005
4 1028696.1 008001001000015005 188.085 008001000000015005
4 188.085 008001000000015005 5721.3535 008001001011021010
4 5721.3535 008001001011021010 6721.2945 008001002020021010
4 6721.2945 008001002020021010 469.594 008000002020021010
4 469.594 008000002020021010 5721.3535 008001001011021010
4 5721.3535 008001001011021010 1001.5836666666667 008001002020015010
4 1001.5836666666667 008001002020015010 221.157 008001002020015006
4 221.157 008001002020015006 5721.3535 008001001011021010
4 5721.3535 008001001011021010 486.048 008000000020015005
4 486.048 008000000020015005 481.845 027000000020015005
4 481.845 027000000020015005 5721.3535 008001001011021010
4 5721.3535 008001001011021010 725.251 008000001020021006
4 725.251 008000001020021006 249.186 008000001020021017
4 249.186 008000001020021017 5721.3535 008001001011021010
4 5721.3535 008001001011021010 1028696.1 008001001000015005
4 1028696.1 008001001000015005 1028696.1 008001001000015005
4 1028696.1 008001001000015005 5721.3535 008001001011021010
4 5721.3535 008001001011021010 1861.72 008001002020015017
4 1861.72 008001002020015017 1861.72 008001002020015017
4 1861.72 008001002020015017 5721.3535 008001001011021010
4 5721.3535 008001001011021010 4643.060475 008000002000021006
4 4643.060475 008000002000021006 5721.3535 008001001011021010
4 5721.3535 008001001011021010 188.085 008001000000015005
4 188.085 008001000000015005 29344.0 008000002000021010
4 29344.0 008000002000021010 534.833 008000002002021010
4 534.833 008000002002021010 4643.060475 008000002000021006
4 4643.060475 008000002000021006 6721.2945 008001002020021010
4 6721.2945 008001002020021010 404.209 008001002020007010
4 404.209 008001002020007010 4643.060475 008000002000021006
4 4643.060475 008000002000021006 400.4924666666667 008000001000021006
4 400.4924666666667 008000001000021006 535.6857833333333 008000001000021013
4 535.6857833333333 008000001000021013 4643.060475 008000002000021006
4 4643.060475 008000002000021006 745.721 008000001011015006
4 745.721 008000001011015006 555.867 002000001011015006
4 555.867 002000001011015006 4643.060475 008000002000021006
4 4643.060475 008000002000021006 755.166 008000002011021006
4 755.166 008000002011021006 546.496 008000002011018006
4 546.496 008000002011018006 4643.060475 008000002000021006
4 4643.060475 008000002000021006 6525.731 008001001020021010
4 6525.731 008001001020021010 269.697 008001001020017010
4 269.697 008001001020017010 4643.060475 008000002000021006
4 4643.060475 008000002000021006 601.994 008001001011017005
4 601.994 008001001011017005 380.109 015001001011017005
4 380.109 015001001011017005 4643.060475 008000002000021006
4 4643.060475 008000002000021006 70982.1 008000002011021017
4 70982.1 008000002011021017 280.562 008000002011024017
4 280.562 008000002011024017 4643.060475 008000002000021006
4 4643.060475 008000002000021006 18429.5 008000002011021010
4 18429.5 008000002011021010 1576.24 008000000011021010
4 1576.24 008000000011021010 4643.060475 008000002000021006
4 4643.060475 008000002000021006 16350.2 008000001000015010
4 16350.2 008000001000015010 13889.7 008000001000015003
4 13889.7 008000001000015003 4643.060475 008000002000021006
4 4643.060475 008000002000021006 343.783 008000000000021005
4 343.783 008000000000021005 470.746 008001000000021005
4 470.746 008001000000021005 4643.060475 008000002000021006
4 4643.060475 008000002000021006 561.484 008000002011021013
4 561.484 008000002011021013 417.533 004000002011021013
4 417.533 004000002011021013 4643.060475 008000002000021006
4 4643.060475 008000002000021006 450.001 008000002020015010
4 450.001 008000002020015010 577.043 008004002020015010
4 577.043 008004002020015010 4643.060475 008000002000021006
4 4643.060475 008000002000021006 21804.3 008001002020021013
4 21804.3 008001002020021013 400.015 008001002017021013
4 400.015 008001002017021013 4643.060475 008000002000021006
4 4643.060475 008000002000021006 20229.183 008001001000021010
4 20229.183 008001001000021010 461.248 008001001007021010
4 461.248 008001001007021010 4643.060475 008000002000021006
4 4643.060475 008000002000021006 1991.89 008000001000021010
4 1991.89 008000001000021010 731.686 008000001000021000
4 731.686 008000001000021000 4643.060475 008000002000021006
4 4643.060475 008000002000021006 9917.085 008000001000015006
4 9917.085 008000001000015006 355.421 008005001000015006
4 355.421 008005001000015006 4643.060475 008000002000021006
4 4643.060475 008000002000021006 8208.878 008001001000021006
4 8208.878 008001001000021006 12385.5 008001001013021006
4 12385.5 008001001013021006 4643.060475 008000002000021006
4 4643.060475 008000002000021006 13984.4 008001002000015010
4 13984.4 008001002000015010 305.186 014001002000015010
4 305.186 014001002000015010 4643.060475 008000002000021006
4 4643.060475 008000002000021006 1001.5836666666667 008001002020015010
4 1001.5836666666667 008001002020015010 257.2 008001002020017010
4 257.2 008001002020017010 4643.060475 008000002000021006
4 4643.060475 008000002000021006 652.135 008001002011021005
4 652.135 008001002011021005 605.514 008000002011021005
4 605.514 008000002011021005 4643.060475 008000002000021006
4 4643.060475 008000002000021006 5721.3535 008001001011021010
4 5721.3535 008001001011021010 7753.02025 008001001011021012
4 7753.02025 008001001011021012 4643.060475 008000002000021006
4 4643.060475 008000002000021006 9807.175333333333 008000002000021013
4 9807.175333333333 008000002000021013 4643.060475 008000002000021006
4 4643.060475 008000002000021006 5721.3535 008001001011021010
4 5721.3535 008001001011021010 4643.060475 008000002000021006
4 4643.060475 008000002000021006 4643.060475 008000002000021006
4 4643.060475 008000002000021006 5721.3535 008001001011021010
4 5721.3535 008001001011021010 9807.175333333333 008000002000021013
4 9807.175333333333 008000002000021013 147.556 008000002008021013
4 147.556 008000002008021013 4643.060475 008000002000021006
4 4643.060475 008000002000021006 437.274 008001002008015005
4 437.274 008001002008015005 4643.060475 008000002000021006
4 4643.060475 008000002000021006 5721.3535 008001001011021010
4 5721.3535 008001001011021010 6525.731 008001001020021010
4 6525.731 008001001020021010 329.434 017001001020021010
4 329.434 017001001020021010 4643.060475 008000002000021006
4 4643.060475 008000002000021006 751.928 008000001000015005
4 751.928 008000001000015005 4643.060475 008000002000021006
4 4643.060475 008000002000021006 5721.3535 008001001011021010
4 5721.3535 008001001011021010 350.0435 008001002011021012
4 350.0435 008001002011021012 350.0435 008001002011021012
4 350.0435 008001002011021012 4643.060475 008000002000021006
4 4643.060475 008000002000021006 7753.02025 008001001011021012
4 7753.02025 008001001011021012 17238.5 008001001013021012
4 17238.5 008001001013021012 4643.060475 008000002000021006
4 4643.060475 008000002000021006 7753.02025 008001001011021012
4 7753.02025 008001001011021012 4643.060475 008000002000021006
4 4643.060475 008000002000021006 5721.3535 008001001011021010
4 5721.3535 008001001011021010 17872.9 008001002020021006
4 17872.9 008001002020021006 291.243 008001002020023006
4 291.243 008001002020023006 4643.060475 008000002000021006
4 4643.060475 008000002000021006 467.53 008001002000021010
4 467.53 008001002000021010 456.589 030001002000021010
4 456.589 030001002000021010 4643.060475 008000002000021006
4 4643.060475 008000002000021006 285.474 008001002008021013
4 285.474 008001002008021013 4643.060475 008000002000021006
4 4643.060475 008000002000021006 5721.3535 008001001011021010
4 5721.3535 008001001011021010 4194.171377777778 008000002000021012
4 4194.171377777778 008000002000021012 337.073 008000002000021015
4 337.073 008000002000021015 4643.060475 008000002000021006
4 4643.060475 008000002000021006 105.164 008001001000015012
4 105.164 008001001000015012 4643.060475 008000002000021006
4 4643.060475 008000002000021006 5721.3535 008001001011021010
4 5721.3535 008001001011021010 42661.0 008000002008015010
4 42661.0 008000002008015010 17268.9 008000001008015010
4 17268.9 008000001008015010 4643.060475 008000002000021006
4 4643.060475 008000002000021006 9654.55725 008001001008021012
4 9654.55725 008001001008021012 6219.454000000001 006001001008021012
4 6219.454000000001 006001001008021012 4643.060475 008000002000021006
4 4643.060475 008000002000021006 9917.085 008000001000015006
4 9917.085 008000001000015006 8400.99 037000001000015006
4 8400.99 037000001000015006 4643.060475 008000002000021006
4 4643.060475 008000002000021006 79883.9 008001000000021006
4 79883.9 008001000000021006 15999.6 008006000000021006
4 15999.6 008006000000021006 4643.060475 008000002000021006
4 4643.060475 008000002000021006 20229.183 008001001000021010
4 20229.183 008001001000021010 14933.7 008006001000021010
4 14933.7 008006001000021010 4643.060475 008000002000021006
4 4643.060475 008000002000021006 535.6857833333333 008000001000021013
4 535.6857833333333 008000001000021013 292.944 008000001000021011
4 292.944 008000001000021011 4643.060475 008000002000021006
4 4643.060475 008000002000021006 9211.805 008001001000021005
4 9211.805 008001001000021005 561.276 008001001023021005
4 561.276 008001001023021005 4643.060475 008000002000021006
4 4643.060475 008000002000021006 535.6857833333333 008000001000021013
4 535.6857833333333 008000001000021013 4643.060475 008000002000021006
4 4643.060475 008000002000021006 105.164 008001001000015012
4 105.164 008001001000015012 8028.016666666666 008001001000021013
4 8028.016666666666 008001001000021013 301.499 031001001000021013
4 301.499 031001001000021013 4643.060475 008000002000021006
4 4643.060475 008000002000021006 9816.534 006001001008021013
4 9816.534 006001001008021013 9816.534 006001001008021013
4 9816.534 006001001008021013 4643.060475 008000002000021006
4 4643.060475 008000002000021006 9816.534 006001001008021013
4 9816.534 006001001008021013 522.176 006001002008021013
4 522.176 006001002008021013 4643.060475 008000002000021006
4 4643.060475 008000002000021006 8862.669 008001000000021013
4 8862.669 008001000000021013 709.602 008003000000021013
4 709.602 008003000000021013 4643.060475 008000002000021006
4 4643.060475 008000002000021006 8028.016666666666 008001001000021013
4 8028.016666666666 008001001000021013 532.633 026001001000021013
4 532.633 026001001000021013 4643.060475 008000002000021006
4 4643.060475 008000002000021006 9211.805 008001001000021005
4 9211.805 008001001000021005 246.217 008001001000021012
4 246.217 008001001000021012 4643.060475 008000002000021006
4 4643.060475 008000002000021006 519.967 008000002008015013
4 519.967 008000002008015013 466.472 008000002008013013
4 466.472 008000002008013013 4643.060475 008000002000021006
4 4643.060475 008000002000021006 400.4924666666667 008000001000021006
4 400.4924666666667 008000001000021006 451.708 008000001000021001
4 451.708 008000001000021001 4643.060475 008000002000021006
4 4643.060475 008000002000021006 23517.3 008000001011021013
4 23517.3 008000001011021013 1766.55 008000001005021013
4 1766.55 008000001005021013 4643.060475 008000002000021006
4 4643.060475 008000002000021006 35214.6 008000002000015010
4 35214.6 008000002000015010 703.792 015000002000015010
4 703.792 015000002000015010 4643.060475 008000002000021006
4 4643.060475 008000002000021006 246.217 008001001000021012
4 246.217 008001001000021012 20174.426333333333 008001002000021012
4 20174.426333333333 008001002000021012 4643.060475 008000002000021006
4 4643.060475 008000002000021006 474.863 008000001000021005
4 474.863 008000001000021005 4643.060475 008000002000021006
4 4643.060475 008000002000021006 535.6857833333333 008000001000021013
4 535.6857833333333 008000001000021013 9654.55725 008001001008021012
4 9654.55725 008001001008021012 144.865 002001001008021012
4 144.865 002001001008021012 4643.060475 008000002000021006
4 4643.060475 008000002000021006 1901.79 008001001008021013
4 1901.79 008001001008021013 303.12 008004001008021013
4 303.12 008004001008021013 4643.060475 008000002000021006
4 4643.060475 008000002000021006 6429.881818181818 008000001000021012
4 6429.881818181818 008000001000021012 4194.171377777778 008000002000021012
4 4194.171377777778 008000002000021012 4643.060475 008000002000021006
4 4643.060475 008000002000021006 250.524 006000002000021012
4 250.524 006000002000021012 4643.060475 008000002000021006
4 4643.060475 008000002000021006 4194.171377777778 008000002000021012
4 4194.171377777778 008000002000021012 171.363 008001002000021013
4 171.363 008001002000021013 4643.060475 008000002000021006
4 4643.060475 008000002000021006 4194.171377777778 008000002000021012
4 4194.171377777778 008000002000021012 6219.454000000001 006001001008021012
4 6219.454000000001 006001001008021012 612.239 006001002008021012
4 612.239 006001002008021012 4643.060475 008000002000021006
4 4643.060475 008000002000021006 15894.4 008001002008021012
4 15894.4 008001002008021012 9781.394250000001 008001000008021012
4 9781.394250000001 008001000008021012 4643.060475 008000002000021006
4 4643.060475 008000002000021006 6429.881818181818 008000001000021012
4 6429.881818181818 008000001000021012 874.907 008000001000021003
4 874.907 008000001000021003 4643.060475 008000002000021006
4 4643.060475 008000002000021006 9781.394250000001 008001000008021012
4 9781.394250000001 008001000008021012 229.47 008001000008021013
4 229.47 008001000008021013 4643.060475 008000002000021006
4 4643.060475 008000002000021006 9654.55725 008001001008021012
4 9654.55725 008001001008021012 9781.394250000001 008001000008021012
4 9781.394250000001 008001000008021012 4643.060475 008000002000021006
4 4643.060475 008000002000021006 19845.481 008000000000021012
4 19845.481 008000000000021012 343.783 008000000000021005
4 343.783 008000000000021005 4643.060475 008000002000021006
4 4643.060475 008000002000021006 9781.394250000001 008001000008021012
4 9781.394250000001 008001000008021012 454.473 008001000003021012
4 454.473 008001000003021012 4643.060475 008000002000021006
4 4643.060475 008000002000021006 19845.481 008000000000021012
4 19845.481 008000000000021012 13900.639874999999 008001000000021012
4 13900.639874999999 008001000000021012 4643.060475 008000002000021006
4 4643.060475 008000002000021006 6429.881818181818 008000001000021012
4 6429.881818181818 008000001000021012 6737.869000000001 008000001009021012
4 6737.869000000001 008000001009021012 4643.060475 008000002000021006
4 4643.060475 008000002000021006 9933.663 008000002009021012
4 9933.663 008000002009021012 180.071 008000002009021014
4 180.071 008000002009021014 4643.060475 008000002000021006
4 4643.060475 008000002000021006 7753.02025 008001001011021012
4 7753.02025 008001001011021012 4643.060475 008000002000021006
4 4643.060475 008000002000021006 6737.869000000001 008000001009021012
4 6737.869000000001 008000001009021012 236.957 008000000000021014
4 236.957 008000000000021014 4643.060475 008000002000021006
4 4643.060475 008000002000021006 6737.869000000001 008000001009021012
4 6737.869000000001 008000001009021012 459.49 008000002000015012
4 459.49 008000002000015012 443.28 008000002000018012
4 443.28 008000002000018012 4643.060475 008000002000021006
4 4643.060475 008000002000021006 6737.869000000001 008000001009021012
4 6737.869000000001 008000001009021012 4643.060475 008000002000021006
4 4643.060475 008000002000021006 6737.869000000001 008000001009021012
4 6737.869000000001 008000001009021012 20229.183 008001001000021010
4 20229.183 008001001000021010 18776.4 008001001000014010
4 18776.4 008001001000014010 4643.060475 008000002000021006
4 4643.060475 008000002000021006 202.058 008001002000021006
4 202.058 008001002000021006 4643.060475 008000002000021006
4 4643.060475 008000002000021006 6737.869000000001 008000001009021012
4 6737.869000000001 008000001009021012 8208.878 008001001000021006
4 8208.878 008001001000021006 184.233 008001001024021006
4 184.233 008001001024021006 4643.060475 008000002000021006
4 4643.060475 008000002000021006 13900.639874999999 008001000000021012
4 13900.639874999999 008001000000021012 102.642 008001000021021012
4 102.642 008001000021021012 4643.060475 008000002000021006
4 4643.060475 008000002000021006 19845.481 008000000000021012
4 19845.481 008000000000021012 298.943 008000000000021004
4 298.943 008000000000021004 4643.060475 008000002000021006
4 4643.060475 008000002000021006 4643.060475 008000002000021006
4 4643.060475 008000002000021006 373.363 029000002000021006
4 373.363 029000002000021006 4643.060475 008000002000021006
4 4643.060475 008000002000021006 1821.19 029001001009021012
4 1821.19 029001001009021012 380.685 029001000009021012
4 380.685 029001000009021012 4643.060475 008000002000021006
4 4643.060475 008000002000021006 8862.669 008001000000021013
4 8862.669 008001000000021013 8862.669 008001000000021013
4 8862.669 008001000000021013 4643.060475 008000002000021006
4 4643.060475 008000002000021006 19615.639 008000000008021013
4 19615.639 008000000008021013 2048.86 008000000002021013
4 2048.86 008000000002021013 4643.060475 008000002000021006
4 4643.060475 008000002000021006 391.642 008000000021021012
4 391.642 008000000021021012 253.83 008000000021013012
4 253.83 008000000021013012 4643.060475 008000002000021006
4 4643.060475 008000002000021006 246.217 008001001000021012
4 246.217 008001001000021012 225.249 008001001000021007
4 225.249 008001001000021007 4643.060475 008000002000021006
4 4643.060475 008000002000021006 27389.1 008001000009021012
4 27389.1 008001000009021012 525.183 008001000009024012
4 525.183 008001000009024012 4643.060475 008000002000021006
4 4643.060475 008000002000021006 19615.639 008000000008021013
4 19615.639 008000000008021013 437.382 008000000008021015
4 437.382 008000000008021015 4643.060475 008000002000021006
4 4643.060475 008000002000021006 375.193 008000001008021012
4 375.193 008000001008021012 679.337 008000001008021016
4 679.337 008000001008021016 4643.060475 008000002000021006
4 4643.060475 008000002000021006 241.753 008000000008021012
4 241.753 008000000008021012 241.753 008000000008021012
4 241.753 008000000008021012 4643.060475 008000002000021006
4 4643.060475 008000002000021006 13900.639874999999 008001000000021012
4 13900.639874999999 008001000000021012 47157.0 008001000011021012
4 47157.0 008001000011021012 4643.060475 008000002000021006
4 4643.060475 008000002000021006 9807.175333333333 008000002000021013
4 9807.175333333333 008000002000021013 1802.42 008002002000021013
4 1802.42 008002002000021013 4643.060475 008000002000021006
4 4643.060475 008000002000021006 13900.639874999999 008001000000021012
4 13900.639874999999 008001000000021012 20174.426333333333 008001002000021012
4 20174.426333333333 008001002000021012 4643.060475 008000002000021006
4 4643.060475 008000002000021006 246.217 008001001000021012
4 246.217 008001001000021012 246.217 008001001000021012
4 246.217 008001001000021012 4643.060475 008000002000021006
4 4643.060475 008000002000021006 6429.881818181818 008000001000021012
4 6429.881818181818 008000001000021012 4643.060475 008000002000021006
4 4643.060475 008000002000021006 6737.869000000001 008000001009021012
4 6737.869000000001 008000001009021012 221.878 008001002008015012
4 221.878 008001002008015012 157.159 024001002008015012
4 157.159 024001002008015012 4643.060475 008000002000021006
4 4643.060475 008000002000021006 63229.9 008000002008021012
4 63229.9 008000002008021012 376.538 008002002008021012
4 376.538 008002002008021012 4643.060475 008000002000021006
4 4643.060475 008000002000021006 13900.639874999999 008001000000021012
4 13900.639874999999 008001000000021012 261.23 008001000010021012
4 261.23 008001000010021012 4643.060475 008000002000021006
4 4643.060475 008000002000021006 502.196 008001000009015012
4 502.196 008001000009015012 352.912 008001000017015012
4 352.912 008001000017015012 4643.060475 008000002000021006
4 4643.060475 008000002000021006 13900.639874999999 008001000000021012
4 13900.639874999999 008001000000021012 1879.45 032001000000021012
4 1879.45 032001000000021012 4643.060475 008000002000021006
4 4643.060475 008000002000021006 20174.426333333333 008001002000021012
4 20174.426333333333 008001002000021012 856.459 008001002000022012
4 856.459 008001002000022012 4643.060475 008000002000021006
4 4643.060475 008000002000021006 6429.881818181818 008000001000021012
4 6429.881818181818 008000001000021012 2476.46 008000001021021012
4 2476.46 008000001021021012 4643.060475 008000002000021006
4 4643.060475 008000002000021006 9286.43 008000002021021012
4 9286.43 008000002021021012 475.153 008004002021021012
4 475.153 008004002021021012 4643.060475 008000002000021006
4 4643.060475 008000002000021006 9654.55725 008001001008021012
4 9654.55725 008001001008021012 312.912 008001001008021008
4 312.912 008001001008021008 4643.060475 008000002000021006
4 4643.060475 008000002000021006 6535.720666666667 008000001008015012
4 6535.720666666667 008000001008015012 6535.720666666667 008000001008015012
4 6535.720666666667 008000001008015012 4643.060475 008000002000021006
4 4643.060475 008000002000021006 453.18600000000004 008000000008021006
4 453.18600000000004 008000000008021006 4643.060475 008000002000021006
4 4643.060475 008000002000021006 6737.869000000001 008000001009021012
4 6737.869000000001 008000001009021012 375.193 008000001008021012
4 375.193 008000001008021012 330.254 008000001001021012
4 330.254 008000001001021012 4643.060475 008000002000021006
4 4643.060475 008000002000021006 375.193 008000001008021012
4 375.193 008000001008021012 453.845 008000001006021012
4 453.845 008000001006021012 4643.060475 008000002000021006
4 4643.060475 008000002000021006 391.642 008000000021021012
4 391.642 008000000021021012 253.83 008000000021013012
4 253.83 008000000021013012 4643.060475 008000002000021006
4 4643.060475 008000002000021006 391.642 008000000021021012
4 391.642 008000000021021012 391.642 008000000021021012
4 391.642 008000000021021012 4643.060475 008000002000021006
4 4643.060475 008000002000021006 340.907 008000001001015012
4 340.907 008000001001015012 160.638 001000001001015012
4 160.638 001000001001015012 4643.060475 008000002000021006
4 4643.060475 008000002000021006 1862.08 008000000001015012
4 1862.08 008000000001015012 1629.59 008002000001015012
4 1629.59 008002000001015012 4643.060475 008000002000021006
4 4643.060475 008000002000021006 320.649 008001000000015006
4 320.649 008001000000015006 177.018 003001000000015006
4 177.018 003001000000015006 4643.060475 008000002000021006
4 4643.060475 008000002000021006 13900.639874999999 008001000000021012
4 13900.639874999999 008001000000021012 13900.639874999999 008001000000021012
4 13900.639874999999 008001000000021012 4643.060475 008000002000021006
4 4643.060475 008000002000021006 19845.481 008000000000021012
4 19845.481 008000000000021012 524.532 039000000000021012
4 524.532 039000000000021012 4643.060475 008000002000021006
4 4643.060475 008000002000021006 491.6515 039000001008021012
4 491.6515 039000001008021012 491.6515 039000001008021012
4 491.6515 039000001008021012 4643.060475 008000002000021006
4 4643.060475 008000002000021006 246.217 008001001000021012
4 246.217 008001001000021012 2180.02 008001001000021004
4 2180.02 008001001000021004 4643.060475 008000002000021006
4 4643.060475 008000002000021006 6429.881818181818 008000001000021012
4 6429.881818181818 008000001000021012 303.5825 008003001000021012
4 303.5825 008003001000021012 4643.060475 008000002000021006
4 4643.060475 008000002000021006 21664.4 008003001008021013
4 21664.4 008003001008021013 601.083 008003001004021013
4 601.083 008003001004021013 4643.060475 008000002000021006
4 4643.060475 008000002000021006 535.6857833333333 008000001000021013
4 535.6857833333333 008000001000021013 400.4924666666667 008000001000021006
4 400.4924666666667 008000001000021006 4643.060475 008000002000021006
4 4643.060475 008000002000021006 375.193 008000001008021012
4 375.193 008000001008021012 4643.060475 008000002000021006
4 4643.060475 008000002000021006 6737.869000000001 008000001009021012
4 6737.869000000001 008000001009021012 375.193 008000001008021012
4 375.193 008000001008021012 558.77 008000001008010012
4 558.77 008000001008010012 4643.060475 008000002000021006
4 4643.060475 008000002000021006 535.6857833333333 008000001000021013
4 535.6857833333333 008000001000021013 4643.060475 008000002000021006
4 4643.060475 008000002000021006 6737.869000000001 008000001009021012
4 6737.869000000001 008000001009021012 36673.0 008001001009021013
4 36673.0 008001001009021013 470.989 008003001009021013
4 470.989 008003001009021013 4643.060475 008000002000021006
4 4643.060475 008000002000021006 330.254 008000001001021012
4 330.254 008000001001021012 366.14 008002001001021012
4 366.14 008002001001021012 4643.060475 008000002000021006
4 4643.060475 008000002000021006 246.217 008001001000021012
4 246.217 008001001000021012 4643.060475 008000002000021006
4 4643.060475 008000002000021006 6737.869000000001 008000001009021012
4 6737.869000000001 008000001009021012 6429.881818181818 008000001000021012
4 6429.881818181818 008000001000021012 1609.62 002000001000021012
4 1609.62 002000001000021012 4643.060475 008000002000021006
4 4643.060475 008000002000021006 375.193 008000001008021012
4 375.193 008000001008021012 4643.060475 008000002000021006
4 4643.060475 008000002000021006 6737.869000000001 008000001009021012
4 6737.869000000001 008000001009021012 6429.881818181818 008000001000021012
4 6429.881818181818 008000001000021012 669.136 008002001000021012
4 669.136 008002001000021012 4643.060475 008000002000021006
4 4643.060475 008000002000021006 330.254 008000001001021012
4 330.254 008000001001021012 387.9705 008003001001021012
4 387.9705 008003001001021012 4643.060475 008000002000021006
4 4643.060475 008000002000021006 6429.881818181818 008000001000021012
4 6429.881818181818 008000001000021012 248.93 008000001000021009
4 248.93 008000001000021009 4643.060475 008000002000021006
4 4643.060475 008000002000021006 330.254 008000001001021012
4 330.254 008000001001021012 124.314 008000001002021012
4 124.314 008000001002021012 4643.060475 008000002000021006
4 4643.060475 008000002000021006 330.254 008000001001021012
4 330.254 008000001001021012 450.049 008000001001021003
4 450.049 008000001001021003 4643.060475 008000002000021006
4 4643.060475 008000002000021006 241.753 008000000008021012
4 241.753 008000000008021012 375.193 008000001008021012
4 375.193 008000001008021012 4643.060475 008000002000021006
4 4643.060475 008000002000021006 6535.720666666667 008000001008015012
4 6535.720666666667 008000001008015012 4643.060475 008000002000021006
4 4643.060475 008000002000021006 6737.869000000001 008000001009021012
4 6737.869000000001 008000001009021012 17650.9 008001001008015012
4 17650.9 008001001008015012 1856.68 008001001008005012
4 1856.68 008001001008005012 4643.060475 008000002000021006
4 4643.060475 008000002000021006 1901.79 008001001008021013
4 1901.79 008001001008021013 295.016 008001001008016013
4 295.016 008001001008016013 4643.060475 008000002000021006
4 4643.060475 008000002000021006 19915.25 008001001000016013
4 19915.25 008001001000016013 19915.25 008001001000016013
4 19915.25 008001001000016013 4643.060475 008000002000021006
4 4643.060475 008000002000021006 1731.25 008001001001015012
4 1731.25 008001001001015012 344.386 008003001001015012
4 344.386 008003001001015012 4643.060475 008000002000021006
4 4643.060475 008000002000021006 330.254 008000001001021012
4 330.254 008000001001021012 387.9705 008003001001021012
4 387.9705 008003001001021012 4643.060475 008000002000021006
4 4643.060475 008000002000021006 6429.881818181818 008000001000021012
4 6429.881818181818 008000001000021012 420.597 008004001000021012
4 420.597 008004001000021012 4643.060475 008000002000021006
4 4643.060475 008000002000021006 6429.881818181818 008000001000021012
4 6429.881818181818 008000001000021012 316.0925 008000001000021014
4 316.0925 008000001000021014 4643.060475 008000002000021006
4 4643.060475 008000002000021006 8028.016666666666 008001001000021013
4 8028.016666666666 008001001000021013 1778.68 008004001000021013
4 1778.68 008004001000021013 4643.060475 008000002000021006
4 4643.060475 008000002000021006 375.193 008000001008021012
4 375.193 008000001008021012 489.517 008000001008021007
4 489.517 008000001008021007 4643.060475 008000002000021006
4 4643.060475 008000002000021006 11513.3 008000001008021006
4 11513.3 008000001008021006 453.18600000000004 008000000008021006
4 453.18600000000004 008000000008021006 4643.060475 008000002000021006
4 4643.060475 008000002000021006 441.743 008001001021021006
4 441.743 008001001021021006 190.207 008001000021021006
4 190.207 008001000021021006 4643.060475 008000002000021006
4 4643.060475 008000002000021006 18776.3 008000000000015013
4 18776.3 008000000000015013 277.428 008000000000015009
4 277.428 008000000000015009 4643.060475 008000002000021006
4 4643.060475 008000002000021006 6429.881818181818 008000001000021012
4 6429.881818181818 008000001000021012 12377.438585714286 008000001000005012
4 12377.438585714286 008000001000005012 4643.060475 008000002000021006
4 4643.060475 008000002000021006 273.66200000000003 008000001000005013
4 273.66200000000003 008000001000005013 273.66200000000003 008000001000005013
4 273.66200000000003 008000001000005013 12377.438585714286 008000001000005012
4 12377.438585714286 008000001000005012 4194.171377777778 008000002000021012
4 4194.171377777778 008000002000021012 6429.881818181818 008000001000021012
4 6429.881818181818 008000001000021012 12377.438585714286 008000001000005012
4 12377.438585714286 008000001000005012 6429.881818181818 008000001000021012
4 6429.881818181818 008000001000021012 316.0925 008000001000021014
4 316.0925 008000001000021014 12377.438585714286 008000001000005012
4 12377.438585714286 008000001000005012 566.3275 008001001021021012
4 566.3275 008001001021021012 662.461 008001001021021007
4 662.461 008001001021021007 12377.438585714286 008000001000005012
4 12377.438585714286 008000001000005012 436.148 008001002021021012
4 436.148 008001002021021012 9286.43 008000002021021012
4 9286.43 008000002021021012 12377.438585714286 008000001000005012
4 12377.438585714286 008000001000005012 22476.7 008000000009005012
4 22476.7 008000000009005012 22100.0 029000000009005012
4 22100.0 029000000009005012 12377.438585714286 008000001000005012
4 12377.438585714286 008000001000005012 347.406 008000002009021013
4 347.406 008000002009021013 262.852 008000002009021011
4 262.852 008000002009021011 12377.438585714286 008000001000005012
4 12377.438585714286 008000001000005012 6429.881818181818 008000001000021012
4 6429.881818181818 008000001000021012 2476.46 008000001021021012
4 2476.46 008000001021021012 12377.438585714286 008000001000005012
4 12377.438585714286 008000001000005012 6737.869000000001 008000001009021012
4 6737.869000000001 008000001009021012 235.392 008005001009021012
4 235.392 008005001009021012 12377.438585714286 008000001000005012
4 12377.438585714286 008000001000005012 9933.663 008000002009021012
4 9933.663 008000002009021012 6737.869000000001 008000001009021012
4 6737.869000000001 008000001009021012 12377.438585714286 008000001000005012
4 12377.438585714286 008000001000005012 2476.46 008000001021021012
4 2476.46 008000001021021012 566.3275 008001001021021012
4 566.3275 008001001021021012 12377.438585714286 008000001000005012
4 12377.438585714286 008000001000005012 6429.881818181818 008000001000021012
4 6429.881818181818 008000001000021012 9880.209314285714 008000001000003012
4 9880.209314285714 008000001000003012 12377.438585714286 008000001000005012
4 12377.438585714286 008000001000005012 6429.881818181818 008000001000021012
4 6429.881818181818 008000001000021012 451.708 008000001000021001
4 451.708 008000001000021001 12377.438585714286 008000001000005012
4 12377.438585714286 008000001000005012 28442.7 008000001001003013
4 28442.7 008000001001003013 900.572 031000001001003013
4 900.572 031000001001003013 12377.438585714286 008000001000005012
4 12377.438585714286 008000001000005012 71512.9 008000001000003013
4 71512.9 008000001000003013 28181.5 008000001004003013
4 28181.5 008000001004003013 12377.438585714286 008000001000005012
4 12377.438585714286 008000001000005012 9880.209314285714 008000001000003012
4 9880.209314285714 008000001000003012 974.906 008000002000003012
4 974.906 008000002000003012 12377.438585714286 008000001000005012
4 12377.438585714286 008000001000005012 6429.881818181818 008000001000021012
4 6429.881818181818 008000001000021012 257.518 008000001000015012
4 257.518 008000001000015012 12377.438585714286 008000001000005012
4 12377.438585714286 008000001000005012 4194.171377777778 008000002000021012
4 4194.171377777778 008000002000021012 441.772 008000002000022012
4 441.772 008000002000022012 12377.438585714286 008000001000005012
4 12377.438585714286 008000001000005012 305.2745 008000002000005012
4 305.2745 008000002000005012 247.632 008000000000005012
4 247.632 008000000000005012 12377.438585714286 008000001000005012
4 12377.438585714286 008000001000005012 770.245 008000001001021006
4 770.245 008000001001021006 1113.74 008000001001014006
4 1113.74 008000001001014006 12377.438585714286 008000001000005012
4 12377.438585714286 008000001000005012 535.6857833333333 008000001000021013
4 535.6857833333333 008000001000021013 244.769 012000001000021013
4 244.769 012000001000021013 12377.438585714286 008000001000005012
4 12377.438585714286 008000001000005012 12377.438585714286 008000001000005012
4 12377.438585714286 008000001000005012 615.344 008000001000024012
4 615.344 008000001000024012 12377.438585714286 008000001000005012
4 12377.438585714286 008000001000005012 6429.881818181818 008000001000021012
4 6429.881818181818 008000001000021012 12377.438585714286 008000001000005012
4 12377.438585714286 008000001000005012 9880.209314285714 008000001000003012
4 9880.209314285714 008000001000003012 330.254 008000001001021012
4 330.254 008000001001021012 528.128 008000001012021012
4 528.128 008000001012021012 12377.438585714286 008000001000005012
4 12377.438585714286 008000001000005012 375.193 008000001008021012
4 375.193 008000001008021012 453.845 008000001006021012
4 453.845 008000001006021012 12377.438585714286 008000001000005012
4 12377.438585714286 008000001000005012 6429.881818181818 008000001000021012
4 6429.881818181818 008000001000021012 375.193 008000001008021012
4 375.193 008000001008021012 12377.438585714286 008000001000005012
4 12377.438585714286 008000001000005012 400.4924666666667 008000001000021006
4 400.4924666666667 008000001000021006 4643.060475 008000002000021006
4 4643.060475 008000002000021006 12377.438585714286 008000001000005012
4 12377.438585714286 008000001000005012 6429.881818181818 008000001000021012
4 6429.881818181818 008000001000021012 12377.438585714286 008000001000005012
4 12377.438585714286 008000001000005012 9880.209314285714 008000001000003012
4 9880.209314285714 008000001000003012 9880.209314285714 008000001000003012
4 9880.209314285714 008000001000003012 918.022 028000001000003012
4 918.022 028000001000003012 12377.438585714286 008000001000005012
4 12377.438585714286 008000001000005012 12377.438585714286 008000001000005012
4 12377.438585714286 008000001000005012 257.518 008000001000015012
4 257.518 008000001000015012 12377.438585714286 008000001000005012
4 12377.438585714286 008000001000005012 6429.881818181818 008000001000021012
4 6429.881818181818 008000001000021012 303.5825 008003001000021012
4 303.5825 008003001000021012 12377.438585714286 008000001000005012
4 12377.438585714286 008000001000005012 10210.3355 008000001008003012
4 10210.3355 008000001008003012 10210.3355 008000001008003012
4 10210.3355 008000001008003012 12377.438585714286 008000001000005012
4 12377.438585714286 008000001000005012 4194.171377777778 008000002000021012
4 4194.171377777778 008000002000021012 12377.438585714286 008000001000005012
4 12377.438585714286 008000001000005012 9880.209314285714 008000001000003012
4 9880.209314285714 008000001000003012 4194.171377777778 008000002000021012
4 4194.171377777778 008000002000021012 6429.881818181818 008000001000021012
4 6429.881818181818 008000001000021012 12377.438585714286 008000001000005012
4 12377.438585714286 008000001000005012 330.254 008000001001021012
4 330.254 008000001001021012 330.254 008000001001021012
4 330.254 008000001001021012 12377.438585714286 008000001000005012
4 12377.438585714286 008000001000005012 770.245 008000001001021006
4 770.245 008000001001021006 867.427 008005001001021006
4 867.427 008005001001021006 12377.438585714286 008000001000005012
4 12377.438585714286 008000001000005012 375.193 008000001008021012
4 375.193 008000001008021012 241.753 008000000008021012
4 241.753 008000000008021012 12377.438585714286 008000001000005012
4 12377.438585714286 008000001000005012 6429.881818181818 008000001000021012
4 6429.881818181818 008000001000021012 495.845 008000001000006012
4 495.845 008000001000006012 12377.438585714286 008000001000005012
4 12377.438585714286 008000001000005012 4194.171377777778 008000002000021012
4 4194.171377777778 008000002000021012 120.126 008000002000012012
4 120.126 008000002000012012 12377.438585714286 008000001000005012
4 12377.438585714286 008000001000005012 12377.438585714286 008000001000005012
4 12377.438585714286 008000001000005012 27.7348 008000001000011012
4 27.7348 008000001000011012 12377.438585714286 008000001000005012
4 12377.438585714286 008000001000005012 10210.3355 008000001008003012
4 10210.3355 008000001008003012 10210.3355 008000001008003012
4 10210.3355 008000001008003012 12377.438585714286 008000001000005012
4 12377.438585714286 008000001000005012 770.245 008000001001021006
4 770.245 008000001001021006 770.245 008000001001021006
4 770.245 008000001001021006 12377.438585714286 008000001000005012
4 12377.438585714286 008000001000005012 400.4924666666667 008000001000021006
4 400.4924666666667 008000001000021006 240.307 001000001000021006
4 240.307 001000001000021006 12377.438585714286 008000001000005012
4 12377.438585714286 008000001000005012 240.307 001000001000021006
4 240.307 001000001000021006 289.766 001000001005021006
4 289.766 001000001005021006 12377.438585714286 008000001000005012
4 12377.438585714286 008000001000005012 6429.881818181818 008000001000021012
4 6429.881818181818 008000001000021012 400.4924666666667 008000001000021006
4 400.4924666666667 008000001000021006 12377.438585714286 008000001000005012
4 12377.438585714286 008000001000005012 375.193 008000001008021012
4 375.193 008000001008021012 375.193 008000001008021012
4 375.193 008000001008021012 400.4924666666667 008000001000021006
4 400.4924666666667 008000001000021006 6429.881818181818 008000001000021012
4 6429.881818181818 008000001000021012 395.481 008000001010021012
4 395.481 008000001010021012 400.4924666666667 008000001000021006
4 400.4924666666667 008000001000021006 4194.171377777778 008000002000021012
4 4194.171377777778 008000002000021012 616.562 008000002016021012
4 616.562 008000002016021012 400.4924666666667 008000001000021006
4 400.4924666666667 008000001000021006 440.317 008000001001003012
4 440.317 008000001001003012 73.5453 008005001001003012
4 73.5453 008005001001003012 400.4924666666667 008000001000021006
4 400.4924666666667 008000001000021006 375.193 008000001008021012
4 375.193 008000001008021012 241.753 008000000008021012
4 241.753 008000000008021012 400.4924666666667 008000001000021006
4 400.4924666666667 008000001000021006 400.4924666666667 008000001000021006
4 400.4924666666667 008000001000021006 400.4924666666667 008000001000021006
4 400.4924666666667 008000001000021006 400.4924666666667 008000001000021006
4 400.4924666666667 008000001000021006 4643.060475 008000002000021006
4 4643.060475 008000002000021006 684.254 008000002000010006
4 684.254 008000002000010006 400.4924666666667 008000001000021006
4 400.4924666666667 008000001000021006 1782.53 008000002001010006
4 1782.53 008000002001010006 430.271 003000002001010006
4 430.271 003000002001010006 400.4924666666667 008000001000021006
4 400.4924666666667 008000001000021006 4194.171377777778 008000002000021012
4 4194.171377777778 008000002000021012 218.211 007000002000021012
4 218.211 007000002000021012 400.4924666666667 008000001000021006
4 400.4924666666667 008000001000021006 6429.881818181818 008000001000021012
4 6429.881818181818 008000001000021012 19845.481 008000000000021012
4 19845.481 008000000000021012 400.4924666666667 008000001000021006
4 400.4924666666667 008000001000021006 6429.881818181818 008000001000021012
4 6429.881818181818 008000001000021012 555.697 008000001011021012
4 555.697 008000001011021012 400.4924666666667 008000001000021006
4 400.4924666666667 008000001000021006 770.245 008000001001021006
4 770.245 008000001001021006 411.244 008001001001021006
4 411.244 008001001001021006 400.4924666666667 008000001000021006
4 400.4924666666667 008000001000021006 402.311 008001001009003006
4 402.311 008001001009003006 39.4767 008001001009024006
4 39.4767 008001001009024006 400.4924666666667 008000001000021006
4 400.4924666666667 008000001000021006 420.461 008000001001003006
4 420.461 008000001001003006 400.4924666666667 008000001000021006
4 400.4924666666667 008000001000021006 39.4767 008001001009024006
4 39.4767 008001001009024006 330.254 008000001001021012
4 330.254 008000001001021012 400.4924666666667 008000001000021006
4 400.4924666666667 008000001000021006 39.4767 008001001009024006
4 39.4767 008001001009024006 21078.0 008000001000003006
4 21078.0 008000001000003006 666.521 008000001000003011
4 666.521 008000001000003011 400.4924666666667 008000001000021006
4 400.4924666666667 008000001000021006 9880.209314285714 008000001000003012
4 9880.209314285714 008000001000003012 672.175 008000001000007012
4 672.175 008000001000007012 400.4924666666667 008000001000021006
4 400.4924666666667 008000001000021006 6429.881818181818 008000001000021012
4 6429.881818181818 008000001000021012 400.4924666666667 008000001000021006
4 400.4924666666667 008000001000021006 39.4767 008001001009024006
4 39.4767 008001001009024006 400.4924666666667 008000001000021006
4 400.4924666666667 008000001000021006 316.0925 008000001000021014
4 316.0925 008000001000021014 400.4924666666667 008000001000021006
4 400.4924666666667 008000001000021006 20383.9 008005002000021012
4 20383.9 008005002000021012 265.694 008005002024021012
4 265.694 008005002024021012 400.4924666666667 008000001000021006
4 400.4924666666667 008000001000021006 1868.98 008000002024021012
4 1868.98 008000002024021012 250.723 008000002024020012
4 250.723 008000002024020012 400.4924666666667 008000001000021006
4 400.4924666666667 008000001000021006 400.4924666666667 008000001000021006
4 400.4924666666667 008000001000021006 94.7141 008000001000024006
4 94.7141 008000001000024006 400.4924666666667 008000001000021006
4 400.4924666666667 008000001000021006 6429.881818181818 008000001000021012
4 6429.881818181818 008000001000021012 346.05 008005001000021012
4 346.05 008005001000021012 400.4924666666667 008000001000021006
4 400.4924666666667 008000001000021006 14196.6 008001001000024006
4 14196.6 008001001000024006 789.119 025001001000024006
4 789.119 025001001000024006 400.4924666666667 008000001000021006
4 400.4924666666667 008000001000021006 3766.61 008001001009021006
4 3766.61 008001001009021006 1059.22 008005001009021006
4 1059.22 008005001009021006 400.4924666666667 008000001000021006
4 400.4924666666667 008000001000021006 330.254 008000001001021012
4 330.254 008000001001021012 319.835 024000001001021012
4 319.835 024000001001021012 400.4924666666667 008000001000021006
4 400.4924666666667 008000001000021006 12377.438585714286 008000001000005012
4 12377.438585714286 008000001000005012 162.495 008000001011005012
4 162.495 008000001011005012 400.4924666666667 008000001000021006
4 400.4924666666667 008000001000021006 145.096 008000001011003012
4 145.096 008000001011003012 63.5434 008003001011003012
4 63.5434 008003001011003012 400.4924666666667 008000001000021006
4 400.4924666666667 008000001000021006 9880.209314285714 008000001000003012
4 9880.209314285714 008000001000003012 251.781 008000001000013012
4 251.781 008000001000013012 400.4924666666667 008000001000021006
4 400.4924666666667 008000001000021006 61637.7 008000001001013006
4 61637.7 008000001001013006 42298.2 008002001001013006
4 42298.2 008002001001013006 400.4924666666667 008000001000021006
4 400.4924666666667 008000001000021006 12377.438585714286 008000001000005012
4 12377.438585714286 008000001000005012 1727.92 008003001000005012
4 1727.92 008003001000005012 400.4924666666667 008000001000021006
4 400.4924666666667 008000001000021006 94.7141 008000001000024006
4 94.7141 008000001000024006 21820.2 008000001000008006
4 21820.2 008000001000008006 400.4924666666667 008000001000021006
4 400.4924666666667 008000001000021006 6737.869000000001 008000001009021012
4 6737.869000000001 008000001009021012 14046.1 008000001009008012
4 14046.1 008000001009008012 400.4924666666667 008000001000021006
4 400.4924666666667 008000001000021006 94.7141 008000001000024006
4 94.7141 008000001000024006 322.178 008002001000024006
4 322.178 008002001000024006 400.4924666666667 008000001000021006
4 400.4924666666667 008000001000021006 28712.8 008002001000003006
4 28712.8 008002001000003006 825.778 008002001008003006
4 825.778 008002001008003006 400.4924666666667 008000001000021006
4 400.4924666666667 008000001000021006 65003.8 008002001001003012
4 65003.8 008002001001003012 11626.2 008002001014003012
4 11626.2 008002001014003012 400.4924666666667 008000001000021006
4 400.4924666666667 008000001000021006 12377.438585714286 008000001000005012
4 12377.438585714286 008000001000005012 349.74 008002001000005012
4 349.74 008002001000005012 400.4924666666667 008000001000021006
4 400.4924666666667 008000001000021006 3766.61 008001001009021006
4 3766.61 008001001009021006 2407.41 008001001009021005
4 2407.41 008001001009021005 400.4924666666667 008000001000021006
4 400.4924666666667 008000001000021006 330.254 008000001001021012
4 330.254 008000001001021012 278.076 008004001001021012
4 278.076 008004001001021012 400.4924666666667 008000001000021006
4 400.4924666666667 008000001000021006 397.1 008001001009021012
4 397.1 008001001009021012 349.491 008001001009023012
4 349.491 008001001009023012 400.4924666666667 008000001000021006
4 400.4924666666667 008000001000021006 69630.0 008001001000003012
4 69630.0 008001001000003012 5352.52 008001001000003007
4 5352.52 008001001000003007 400.4924666666667 008000001000021006
4 400.4924666666667 008000001000021006 9880.209314285714 008000001000003012
4 9880.209314285714 008000001000003012 2190.59 008000000000003012
4 2190.59 008000000000003012 400.4924666666667 008000001000021006
4 400.4924666666667 008000001000021006 305.2745 008000002000005012
4 305.2745 008000002000005012 299.914 004000002000005012
4 299.914 004000002000005012 400.4924666666667 008000001000021006
4 400.4924666666667 008000001000021006 6429.881818181818 008000001000021012
4 6429.881818181818 008000001000021012 400.4924666666667 008000001000021006
4 400.4924666666667 008000001000021006 39.4767 008001001009024006
4 39.4767 008001001009024006 9880.209314285714 008000001000003012
4 9880.209314285714 008000001000003012 27.7348 008000001000011012
4 27.7348 008000001000011012 400.4924666666667 008000001000021006
4 400.4924666666667 008000001000021006 6429.881818181818 008000001000021012
4 6429.881818181818 008000001000021012 6429.881818181818 008000001000021012
4 6429.881818181818 008000001000021012 27.7348 008000001000011012
4 27.7348 008000001000011012 6428.8125 008001001009003012
4 6428.8125 008001001009003012 6428.8125 008001001009003012
4 6428.8125 008001001009003012 27.7348 008000001000011012
4 27.7348 008000001000011012 6428.8125 008001001009003012
4 6428.8125 008001001009003012 6428.8125 008001001009003012
4 6428.8125 008001001009003012 27.7348 008000001000011012
4 27.7348 008000001000011012 19377.916999999998 008005002000003012
4 19377.916999999998 008005002000003012 19377.916999999998 008005002000003012
4 19377.916999999998 008005002000003012 27.7348 008000001000011012
4 27.7348 008000001000011012 489.27649999999994 008003001011024012
4 489.27649999999994 008003001011024012 489.27649999999994 008003001011024012
4 489.27649999999994 008003001011024012 27.7348 008000001000011012
5 27.7348 008000001000011012 394.564 004002001012025012
5 394.564 004002001012025012 321.653 004002001017025012
5 321.653 004002001017025012 633.312 001003002012002012
5 633.312 001003002012002012 20181.3 004005001010025014
5 20181.3 004005001010025014 2045.13 004005001005025014
5 2045.13 004005001005025014 321.653 004002001017025012
5 321.653 004002001017025012 275.895 004001002015010014
5 275.895 004001002015010014 321.653 004002001017025012
5 321.653 004002001017025012 394.564 004002001012025012
5 394.564 004002001012025012 29914.4 020002001005010014
5 29914.4 020002001005010014 1799.53 020002000005010014
5 1799.53 020002000005010014 275.895 004001002015010014
5 275.895 004001002015010014 13022.9 020005001012025012
5 13022.9 020005001012025012 20508.674 013005001012025012
5 20508.674 013005001012025012 275.895 004001002015010014
5 275.895 004001002015010014 5301.612 020005002012007014
5 5301.612 020005002012007014 5301.612 020005002012007014
5 5301.612 020005002012007014 275.895 004001002015010014
5 275.895 004001002015010014 1310.94 004006002017010014
5 1310.94 004006002017010014 1060.17 004006002007010014
5 1060.17 004006002007010014 275.895 004001002015010014
5 275.895 004001002015010014 279.764 004005001012002012
5 279.764 004005001012002012 275.895 004001002015010014
5 275.895 004001002015010014 321.653 004002001017025012
5 321.653 004002001017025012 101252.0 004003001007010014
5 101252.0 004003001007010014 24063.3 004001001007010014
5 24063.3 004001001007010014 275.895 004001002015010014
5 275.895 004001002015010014 12711.5 004001001012025012
5 12711.5 004001001012025012 3730.54 004001001022025012
5 3730.54 004001001022025012 275.895 004001002015010014
5 275.895 004001002015010014 1832.42 013005002015025012
5 1832.42 013005002015025012 1631.64 013005000015025012
5 1631.64 013005000015025012 275.895 004001002015010014
5 275.895 004001002015010014 9627.07 004006001012002012
5 9627.07 004006001012002012 991.609 003006001012002012
5 991.609 003006001012002012 275.895 004001002015010014
5 275.895 004001002015010014 15114.8 013001001012010012
5 15114.8 013001001012010012 554.991 013005001012010012
5 554.991 013005001012010012 275.895 004001002015010014
5 275.895 004001002015010014 542.087 004005001012007012
5 542.087 004005001012007012 541.795 004005001007007012
5 541.795 004005001007007012 275.895 004001002015010014
5 275.895 004001002015010014 556.292 020005002012007012
5 556.292 020005002012007012 275.895 004001002015010014
5 275.895 004001002015010014 279.764 004005001012002012
5 279.764 004005001012002012 19558.6 004005002015010012
5 19558.6 004005002015010012 401.911 004005001015010012
5 401.911 004005001015010012 275.895 004001002015010014
5 275.895 004001002015010014 20508.674 013005001012025012
5 20508.674 013005001012025012 20325.6 013005001012019012
5 20325.6 013005001012019012 275.895 004001002015010014
5 275.895 004001002015010014 139.319 004005001012007014
5 139.319 004005001012007014 275.895 004001002015010014
5 275.895 004001002015010014 279.764 004005001012002012
5 279.764 004005001012002012 429.134 004005001015010014
5 429.134 004005001015010014 1031.7672499999999 004005001019010014
5 1031.7672499999999 004005001019010014 139.319 004005001012007014
5 139.319 004005001012007014 14627.2 004002001017010012
5 14627.2 004002001017010012 515.681 004002002017010012
5 515.681 004002002017010012 139.319 004005001012007014
5 139.319 004005001012007014 272.498 013002001017025014
5 272.498 013002001017025014 304.20799999999997 013002000017025014
5 304.20799999999997 013002000017025014 139.319 004005001012007014
5 139.319 004005001012007014 302.114 013002001012007012
5 302.114 013002001012007012 283.401 009002001012007012
5 283.401 009002001012007012 139.319 004005001012007014
5 139.319 004005001012007014 16491.9 013002001017007014
5 16491.9 013002001017007014 3141.0 013002001017007001
5 3141.0 013002001017007001 139.319 004005001012007014
5 139.319 004005001012007014 762.63 013002001012025012
5 762.63 013002001012025012 193.137 013002001012025008
5 193.137 013002001012025008 139.319 004005001012007014
5 139.319 004005001012007014 411.314 013002002015025008
5 411.314 013002002015025008 296.929 013002002015025009
5 296.929 013002002015025009 139.319 004005001012007014
5 139.319 004005001012007014 26441.1 013002001015007014
5 26441.1 013002001015007014 1152.11 013002001015000014
5 1152.11 013002001015000014 139.319 004005001012007014
5 139.319 004005001012007014 303.776 004002001012025014
5 303.776 004002001012025014 203.348 004002001012022014
5 203.348 004002001012022014 139.319 004005001012007014
5 139.319 004005001012007014 465.502 013005001015002014
5 465.502 013005001015002014 465.502 013005001015002014
5 465.502 013005001015002014 139.319 004005001012007014
5 139.319 004005001012007014 6633.517 004005001012010014
5 6633.517 004005001012010014 477.373 004005001012010005
5 477.373 004005001012010005 139.319 004005001012007014
5 139.319 004005001012007014 16381.6 004005001012025014
5 16381.6 004005001012025014 440.798 004005001012025000
5 440.798 004005001012025000 139.319 004005001012007014
5 139.319 004005001012007014 4034.8615 013005001017010014
5 4034.8615 013005001017010014 460.376 013004001017010014
5 460.376 013004001017010014 139.319 004005001012007014
5 139.319 004005001012007014 2063.66 013002001017010014
5 2063.66 013002001017010014 550.126 013002001018010014
5 550.126 013002001018010014 139.319 004005001012007014
5 139.319 004005001012007014 6680.765333333334 013002001017000014
5 6680.765333333334 013002001017000014 355.606 013002001024000014
5 355.606 013002001024000014 139.319 004005001012007014
5 139.319 004005001012007014 498.805 004005001017025014
5 498.805 004005001017025014 438.607 004002001017025014
5 438.607 004002001017025014 139.319 004005001012007014
5 139.319 004005001012007014 8510.221000000001 004005001017010014
5 8510.221000000001 004005001017010014 647.783 029005001017010014
5 647.783 029005001017010014 139.319 004005001012007014
5 139.319 004005001012007014 19339.9 013005001017025008
5 19339.9 013005001017025008 1660.15 013005001017025003
5 1660.15 013005001017025003 139.319 004005001012007014
5 139.319 004005001012007014 249.49099999999999 004001001012000014
5 249.49099999999999 004001001012000014 249.49099999999999 004001001012000014
5 249.49099999999999 004001001012000014 139.319 004005001012007014
5 139.319 004005001012007014 1152.11 013002001015000014
5 1152.11 013002001015000014 200.999 013002001015000016
5 200.999 013002001015000016 139.319 004005001012007014
5 139.319 004005001012007014 383.74 004005001017025008
5 383.74 004005001017025008 302.431 004005001008025008
5 302.431 004005001008025008 139.319 004005001012007014
5 139.319 004005001012007014 4034.8615 013005001017010014
5 4034.8615 013005001017010014 203.337 013005001019010014
5 203.337 013005001019010014 139.319 004005001012007014
5 139.319 004005001012007014 490.551 013001001019000014
5 490.551 013001001019000014 488.123 013001001019000016
5 488.123 013001001019000016 139.319 004005001012007014
5 139.319 004005001012007014 345.1813333333333 004001001012025014
5 345.1813333333333 004001001012025014 345.1813333333333 004001001012025014
5 345.1813333333333 004001001012025014 139.319 004005001012007014
5 139.319 004005001012007014 340.87 013002001015025014
5 340.87 013002001015025014 279.662 013002001015011014
5 279.662 013002001015011014 139.319 004005001012007014
5 139.319 004005001012007014 462.812 013002001019010014
5 462.812 013002001019010014 139.319 004005001012007014
5 139.319 004005001012007014 345.1813333333333 004001001012025014
5 345.1813333333333 004001001012025014 4034.8615 013005001017010014
5 4034.8615 013005001017010014 304.075 013005001017010016
5 304.075 013005001017010016 139.319 004005001012007014
5 139.319 004005001012007014 2024.62 013005001019025008
5 2024.62 013005001019025008 404.203 013005001019025017
5 404.203 013005001019025017 304.075 013005001017010016
5 304.075 013005001017010016 18256.2 013005001015025016
5 18256.2 013005001015025016 609.152 013005001014025016
5 609.152 013005001014025016 304.075 013005001017010016
5 304.075 013005001017010016 34079.4 013005001012007014
5 34079.4 013005001012007014 409.387 013005000012007014
5 409.387 013005000012007014 304.075 013005001017010016
5 304.075 013005001017010016 21319.559333333335 013005000017010014
5 21319.559333333335 013005000017010014 21319.559333333335 013005000017010014
5 21319.559333333335 013005000017010014 304.075 013005001017010016
5 304.075 013005001017010016 6680.765333333334 013002001017000014
5 6680.765333333334 013002001017000014 2732.05 013002001017000008
5 2732.05 013002001017000008 304.075 013005001017010016
5 304.075 013005001017010016 6680.765333333334 013002001017000014
5 6680.765333333334 013002001017000014 230.209 013002001017003014
5 230.209 013002001017003014 304.075 013005001017010016
5 304.075 013005001017010016 19270.7 013005001017007014
5 19270.7 013005001017007014 297.913 013001001017007014
5 297.913 013001001017007014 304.075 013005001017010016
5 304.075 013005001017010016 34375.17725 013005000019010014
5 34375.17725 013005000019010014 24170.7 013005000019005014
5 24170.7 013005000019005014 304.075 013005001017010016
5 304.075 013005001017010016 4034.8615 013005001017010014
5 4034.8615 013005001017010014 123.87 013005001017010018
5 123.87 013005001017010018 304.075 013005001017010016
5 304.075 013005001017010016 7493.967500000001 013005001019000008
5 7493.967500000001 013005001019000008 871.9223333333333 013001001019000008
5 871.9223333333333 013001001019000008 123.87 013005001017010018
5 123.87 013005001017010018 303.297 004005001019025008
5 303.297 004005001019025008 871.9223333333333 013001001019000008
5 871.9223333333333 013001001019000008 123.87 013005001017010018
5 123.87 013005001017010018 209.973 013005001012007008
5 209.973 013005001012007008 871.9223333333333 013001001019000008
5 871.9223333333333 013001001019000008 123.87 013005001017010018
5 123.87 013005001017010018 2372.13 013005001019010008
5 2372.13 013005001019010008 4396.290666666667 013000001019010008
5 4396.290666666667 013000001019010008 871.9223333333333 013001001019000008
5 871.9223333333333 013001001019000008 1596.12 013001000017025014
5 1596.12 013001000017025014 304.20799999999997 013002000017025014
5 304.20799999999997 013002000017025014 871.9223333333333 013001001019000008
5 871.9223333333333 013001001019000008 1031.7672499999999 004005001019010014
5 1031.7672499999999 004005001019010014 205.04149999999998 004005001019001014
5 205.04149999999998 004005001019001014 871.9223333333333 013001001019000008
5 871.9223333333333 013001001019000008 345.1813333333333 004001001012025014
5 345.1813333333333 004001001012025014 871.9223333333333 013001001019000008
5 871.9223333333333 013001001019000008 123.87 013005001017010018
5 123.87 013005001017010018 203.337 013005001019010014
5 203.337 013005001019010014 15868.3 013005001020010014
5 15868.3 013005001020010014 871.9223333333333 013001001019000008
5 871.9223333333333 013001001019000008 343.3496666666667 013005001012000014
5 343.3496666666667 013005001012000014 275.855 013005001012024014
5 275.855 013005001012024014 871.9223333333333 013001001019000008
5 871.9223333333333 013001001019000008 1042.438 013005000019010008
5 1042.438 013005000019010008 131.479 029005000019010008
5 131.479 029005000019010008 871.9223333333333 013001001019000008
5 871.9223333333333 013001001019000008 6862.124 004005001017007008
5 6862.124 004005001017007008 534.346 004002001017007008
5 534.346 004002001017007008 871.9223333333333 013001001019000008
5 871.9223333333333 013001001019000008 346.865 004001001019000018
5 346.865 004001001019000018 195.996 004001001019000014
5 195.996 004001001019000014 871.9223333333333 013001001019000008
5 871.9223333333333 013001001019000008 343.3496666666667 013005001012000014
5 343.3496666666667 013005001012000014 871.9223333333333 013001001019000008
5 871.9223333333333 013001001019000008 123.87 013005001017010018
5 123.87 013005001017010018 31952.149999999998 029005001019000008
5 31952.149999999998 029005001019000008 16428.6 037005001019000008
5 16428.6 037005001019000008 871.9223333333333 013001001019000008
5 871.9223333333333 013001001019000008 304.075 013005001017010016
5 304.075 013005001017010016 228.607 013005001017011016
5 228.607 013005001017011016 871.9223333333333 013001001019000008
5 871.9223333333333 013001001019000008 18055.5 013005001017001014
5 18055.5 013005001017001014 468.057 013004001017001014
5 468.057 013004001017001014 871.9223333333333 013001001019000008
5 871.9223333333333 013001001019000008 362.285 013005001017025014
5 362.285 013005001017025014 259.932 013005002017025014
5 259.932 013005002017025014 871.9223333333333 013001001019000008
5 871.9223333333333 013001001019000008 67771.6 013005000017000014
5 67771.6 013005000017000014 384.894 006005000017000014
5 384.894 006005000017000014 871.9223333333333 013001001019000008
5 871.9223333333333 013001001019000008 15816.2 006005001012001014
5 15816.2 006005001012001014 14495.7 006005002012001014
5 14495.7 006005002012001014 871.9223333333333 013001001019000008
5 871.9223333333333 013001001019000008 6633.517 004005001012010014
5 6633.517 004005001012010014 16162.4 004005001001010014
5 16162.4 004005001001010014 871.9223333333333 013001001019000008
5 871.9223333333333 013001001019000008 6633.517 004005001012010014
5 6633.517 004005001012010014 6633.517 004005001012010014
5 6633.517 004005001012010014 871.9223333333333 013001001019000008
5 871.9223333333333 013001001019000008 12303.866 013005001019007008
5 12303.866 013005001019007008 12303.866 013005001019007008
5 12303.866 013005001019007008 871.9223333333333 013001001019000008
5 871.9223333333333 013001001019000008 38537.7 013005001012001014
5 38537.7 013005001012001014 409.99 013005001012001016
5 409.99 013005001012001016 871.9223333333333 013001001019000008
5 871.9223333333333 013001001019000008 17805.6 029005001012000014
5 17805.6 029005001012000014 7678.36 029005001012000005
5 7678.36 029005001012000005 871.9223333333333 013001001019000008
5 871.9223333333333 013001001019000008 34375.17725 013005000019010014
5 34375.17725 013005000019010014 1753.12 013005000005010014
5 1753.12 013005000005010014 871.9223333333333 013001001019000008
5 871.9223333333333 013001001019000008 39800.2 004005000012001014
5 39800.2 004005000012001014 25378.4 004005001012001014
5 25378.4 004005001012001014 871.9223333333333 013001001019000008
5 871.9223333333333 013001001019000008 24535.6 029005001017010008
5 24535.6 029005001017010008 4253.31 029005001017010002
5 4253.31 029005001017010002 871.9223333333333 013001001019000008
5 871.9223333333333 013001001019000008 309.142 004005001012010008
5 309.142 004005001012010008 446.247 004005000012010008
5 446.247 004005000012010008 871.9223333333333 013001001019000008
5 871.9223333333333 013001001019000008 397.8085 004005001019000014
5 397.8085 004005001019000014 318.451 004002001019000014
5 318.451 004002001019000014 871.9223333333333 013001001019000008
5 871.9223333333333 013001001019000008 195.996 004001001019000014
5 195.996 004001001019000014 154.247 004001001003000014
5 154.247 004001001003000014 871.9223333333333 013001001019000008
5 871.9223333333333 013001001019000008 34375.17725 013005000019010014
5 34375.17725 013005000019010014 350.178 038005000019010014
5 350.178 038005000019010014 871.9223333333333 013001001019000008
5 871.9223333333333 013001001019000008 12303.866 013005001019007008
5 12303.866 013005001019007008 411.743 013003001019007008
5 411.743 013003001019007008 871.9223333333333 013001001019000008
5 871.9223333333333 013001001019000008 18748.4 013005001017000014
5 18748.4 013005001017000014 1926.63 013005001020000014
5 1926.63 013005001020000014 871.9223333333333 013001001019000008
5 871.9223333333333 013001001019000008 277.786 013005001003010014
5 277.786 013005001003010014 54.8531 013005001003010016
5 54.8531 013005001003010016 871.9223333333333 013001001019000008
5 871.9223333333333 013001001019000008 1388.1566666666668 013005001019010016
5 1388.1566666666668 013005001019010016 871.9223333333333 013001001019000008
5 871.9223333333333 013001001019000008 54.8531 013005001003010016
5 54.8531 013005001003010016 203.337 013005001019010014
5 203.337 013005001019010014 203.337 013005001019010014
5 203.337 013005001019010014 871.9223333333333 013001001019000008
5 871.9223333333333 013001001019000008 205.04149999999998 004005001019001014
5 205.04149999999998 004005001019001014 205.807 004005001019020014
5 205.807 004005001019020014 871.9223333333333 013001001019000008
5 871.9223333333333 013001001019000008 2389.62 013005001012010008
5 2389.62 013005001012010008 836.876 013005001006010008
5 836.876 013005001006010008 871.9223333333333 013001001019000008
5 871.9223333333333 013001001019000008 2137.59 004005001006010008
5 2137.59 004005001006010008 196.387 004001001006010008
5 196.387 004001001006010008 871.9223333333333 013001001019000008
5 871.9223333333333 013001001019000008 2286.72 013005001017020008
5 2286.72 013005001017020008 863.726 013000001017020008
5 863.726 013000001017020008 871.9223333333333 013001001019000008
5 871.9223333333333 013001001019000008 205.807 004005001019020014
5 205.807 004005001019020014 279.391 004005001019020015
5 279.391 004005001019020015 871.9223333333333 013001001019000008
5 871.9223333333333 013001001019000008 343.3496666666667 013005001012000014
5 343.3496666666667 013005001012000014 871.9223333333333 013001001019000008
5 871.9223333333333 013001001019000008 54.8531 013005001003010016
5 54.8531 013005001003010016 259.662 013005001003007016
5 259.662 013005001003007016 205.599 013005001019007016
5 205.599 013005001019007016 871.9223333333333 013001001019000008
5 871.9223333333333 013001001019000008 57029.4 004005001019001016
5 57029.4 004005001019001016 277.217 004005001019008016
5 277.217 004005001019008016 871.9223333333333 013001001019000008
5 871.9223333333333 013001001019000008 1980.3600000000001 013005000019010018
5 1980.3600000000001 013005000019010018 424.483 013005000019010005
5 424.483 013005000019010005 871.9223333333333 013001001019000008
5 871.9223333333333 013001001019000008 1061.8944999999999 013005001017010005
5 1061.8944999999999 013005001017010005 1061.8944999999999 013005001017010005
5 1061.8944999999999 013005001017010005 871.9223333333333 013001001019000008
5 871.9223333333333 013001001019000008 550.394 004005001019007016
5 550.394 004005001019007016 381.222 004002001019007016
5 381.222 004002001019007016 871.9223333333333 013001001019000008
5 871.9223333333333 013001001019000008 397.8085 004005001019000014
5 397.8085 004005001019000014 871.9223333333333 013001001019000008
5 871.9223333333333 013001001019000008 54.8531 013005001003010016
5 54.8531 013005001003010016 290.374 004001001003010014
5 290.374 004001001003010014 871.9223333333333 013001001019000008
5 871.9223333333333 013001001019000008 54.8531 013005001003010016
5 54.8531 013005001003010016 319.754 029005001019000016
5 319.754 029005001019000016 871.9223333333333 013001001019000008
5 871.9223333333333 013001001019000008 54.8531 013005001003010016
5 54.8531 013005001003010016 13437.3 004005001017010008
5 13437.3 004005001017010008 632.451 004005001017010009
5 632.451 004005001017010009 871.9223333333333 013001001019000008
5 871.9223333333333 013001001019000008 1903.97 004005001017001009
5 1903.97 004005001017001009 284.443 004005001017008009
5 284.443 004005001017008009 871.9223333333333 013001001019000008
5 871.9223333333333 013001001019000008 1538.64 004005000003008016
5 1538.64 004005000003008016 422.193 009005000003008016
5 422.193 009005000003008016 871.9223333333333 013001001019000008
5 871.9223333333333 013001001019000008 1388.1566666666668 013005001019010016
5 1388.1566666666668 013005001019010016 222.034 013005001016010016
5 222.034 013005001016010016 871.9223333333333 013001001019000008
5 871.9223333333333 013001001019000008 634.335 004001001016010014
5 634.335 004001001016010014 329.994 003001001016010014
5 329.994 003001001016010014 871.9223333333333 013001001019000008
5 871.9223333333333 013001001019000008 932.535 013005001003010008
5 932.535 013005001003010008 717.72 013005002003010008
5 717.72 013005002003010008 871.9223333333333 013001001019000008
5 871.9223333333333 013001001019000008 441.212 013001001019010008
5 441.212 013001001019010008 871.9223333333333 013001001019000008
5 871.9223333333333 013001001019000008 54.8531 013005001003010016
5 54.8531 013005001003010016 1102.12 029005001019007008
5 1102.12 029005001019007008 869.102 029005001017007008
5 869.102 029005001017007008 871.9223333333333 013001001019000008
5 871.9223333333333 013001001019000008 18622.8 013005001017020016
5 18622.8 013005001017020016 1661.85 013003001017020016
5 1661.85 013003001017020016 871.9223333333333 013001001019000008
5 871.9223333333333 013001001019000008 348.381 013005000017010016
5 348.381 013005000017010016 268.275 013002000017010016
5 268.275 013002000017010016 871.9223333333333 013001001019000008
5 871.9223333333333 013001001019000008 2026.23 004005001017010016
5 2026.23 004005001017010016 184.998 004005001017004016
5 184.998 004005001017004016 871.9223333333333 013001001019000008
5 871.9223333333333 013001001019000008 277.786 013005001003010014
5 277.786 013005001003010014 277.786 013005001003010014
5 277.786 013005001003010014 871.9223333333333 013001001019000008
5 871.9223333333333 013001001019000008 693.2015 029005001019010016
5 693.2015 029005001019010016 802.255 029005001019010006
5 802.255 029005001019010006 871.9223333333333 013001001019000008
5 871.9223333333333 013001001019000008 478.065 004001001017010014
5 478.065 004001001017010014 478.065 004001001017010014
5 478.065 004001001017010014 871.9223333333333 013001001019000008
5 871.9223333333333 013001001019000008 28030.8628 013005001019010018
5 28030.8628 013005001019010018 26725.0 013005001019007018
5 26725.0 013005001019007018 871.9223333333333 013001001019000008
5 871.9223333333333 013001001019000008 8510.221000000001 004005001017010014
5 8510.221000000001 004005001017010014 261.003 004003001017010014
5 261.003 004003001017010014 871.9223333333333 013001001019000008
5 871.9223333333333 013001001019000008 1031.7672499999999 004005001019010014
5 1031.7672499999999 004005001019010014 871.9223333333333 013001001019000008
5 871.9223333333333 013001001019000008 54.8531 013005001003010016
5 54.8531 013005001003010016 8006.5255 013005001012020008
5 8006.5255 013005001012020008 8006.5255 013005001012020008
5 8006.5255 013005001012020008 871.9223333333333 013001001019000008
5 871.9223333333333 013001001019000008 24129.6 013005001019000016
5 24129.6 013005001019000016 488.123 013001001019000016
5 488.123 013001001019000016 871.9223333333333 013001001019000008
5 871.9223333333333 013001001019000008 443.518 013001001012010018
5 443.518 013001001012010018 324.096 013001001004010018
5 324.096 013001001004010018 871.9223333333333 013001001019000008
5 871.9223333333333 013001001019000008 203.337 013005001019010014
5 203.337 013005001019010014 128.248 013005001019004014
5 128.248 013005001019004014 871.9223333333333 013001001019000008
5 871.9223333333333 013001001019000008 6862.124 004005001017007008
5 6862.124 004005001017007008 352.639 004004001017007008
5 352.639 004004001017007008 871.9223333333333 013001001019000008
5 871.9223333333333 013001001019000008 12303.866 013005001019007008
5 12303.866 013005001019007008 15592.2 013005001021007008
5 15592.2 013005001021007008 871.9223333333333 013001001019000008
5 871.9223333333333 013001001019000008 19065.912666666667 004005001019010008
5 19065.912666666667 004005001019010008 555.5515 004001001019010008
5 555.5515 004001001019010008 871.9223333333333 013001001019000008
5 871.9223333333333 013001001019000008 34375.17725 013005000019010014
5 34375.17725 013005000019010014 312.907 013002000019010014
5 312.907 013002000019010014 871.9223333333333 013001001019000008
5 871.9223333333333 013001001019000008 28030.8628 013005001019010018
5 28030.8628 013005001019010018 1980.3600000000001 013005000019010018
5 1980.3600000000001 013005000019010018 871.9223333333333 013001001019000008
5 871.9223333333333 013001001019000008 28030.8628 013005001019010018
5 28030.8628 013005001019010018 1895.77 013005001022010018
5 1895.77 013005001022010018 871.9223333333333 013001001019000008
5 871.9223333333333 013001001019000008 21618.3 004005001019004014
5 21618.3 004005001019004014 21425.4 004005001019015014
5 21425.4 004005001019015014 871.9223333333333 013001001019000008
5 871.9223333333333 013001001019000008 18241.828999999998 013005001019020016
5 18241.828999999998 013005001019020016 18241.828999999998 013005001019020016
5 18241.828999999998 013005001019020016 871.9223333333333 013001001019000008
5 871.9223333333333 013001001019000008 705.997 029005001019000014
5 705.997 029005001019000014 459.07 029005001019000013
5 459.07 029005001019000013 871.9223333333333 013001001019000008
5 871.9223333333333 013001001019000008 242.254 029005000019020013
5 242.254 029005000019020013 226.708 029001000019020013
5 226.708 029001000019020013 871.9223333333333 013001001019000008
5 871.9223333333333 013001001019000008 1636.86 013005001017000018
5 1636.86 013005001017000018 571.792 013000001017000018
5 571.792 013000001017000018 871.9223333333333 013001001019000008
5 871.9223333333333 013001001019000008 299.643 013001001017020018
5 299.643 013001001017020018 212.882 013001001017020008
5 212.882 013001001017020008 871.9223333333333 013001001019000008
5 871.9223333333333 013001001019000008 18816.84 004005001003020014
5 18816.84 004005001003020014 18816.84 004005001003020014
5 18816.84 004005001003020014 871.9223333333333 013001001019000008
5 871.9223333333333 013001001019000008 8510.221000000001 004005001017010014
5 8510.221000000001 004005001017010014 871.9223333333333 013001001019000008
5 871.9223333333333 013001001019000008 54.8531 013005001003010016
5 54.8531 013005001003010016 19596.6 013005001019001014
5 19596.6 013005001019001014 647.462 035005001019001014
5 647.462 035005001019001014 871.9223333333333 013001001019000008
5 871.9223333333333 013001001019000008 1077.609 004005001019010018
5 1077.609 004005001019010018 368.344 004004001019010018
5 368.344 004004001019010018 871.9223333333333 013001001019000008
5 871.9223333333333 013001001019000008 871.9223333333333 013001001019000008
5 871.9223333333333 013001001019000008 871.9223333333333 013001001019000008
5 871.9223333333333 013001001019000008 871.9223333333333 013001001019000008
5 871.9223333333333 013001001019000008 11596.5 013001001017010008
5 11596.5 013001001017010008 2097.56 013001001003010008
5 2097.56 013001001003010008 871.9223333333333 013001001019000008
5 871.9223333333333 013001001019000008 443.713 004005000003000018
5 443.713 004005000003000018 871.9223333333333 013001001019000008
5 871.9223333333333 013001001019000008 54.8531 013005001003010016
5 54.8531 013005001003010016 1042.438 013005000019010008
5 1042.438 013005000019010008 1846.26 013005000019000008
5 1846.26 013005000019000008 871.9223333333333 013001001019000008
5 871.9223333333333 013001001019000008 11311.1 013005000017000008
5 11311.1 013005000017000008 1239.45 013005000012000008
5 1239.45 013005000012000008 871.9223333333333 013001001019000008
5 871.9223333333333 013001001019000008 309.142 004005001012010008
5 309.142 004005001012010008 2064.69 004003001012010008
5 2064.69 004003001012010008 871.9223333333333 013001001019000008
5 871.9223333333333 013001001019000008 7493.967500000001 013005001019000008
5 7493.967500000001 013005001019000008 588.833 020005001019000008
5 588.833 020005001019000008 871.9223333333333 013001001019000008
5 871.9223333333333 013001001019000008 31952.149999999998 029005001019000008
5 31952.149999999998 029005001019000008 810.996 008005001019000008
5 810.996 008005001019000008 871.9223333333333 013001001019000008
5 871.9223333333333 013001001019000008 1873.73 029005001019010018
5 1873.73 029005001019010018 831.354 029005001019015018
5 831.354 029005001019015018 871.9223333333333 013001001019000008
5 871.9223333333333 013001001019000008 7771.32 029001001017001008
5 7771.32 029001001017001008 786.254 029004001017001008
5 786.254 029004001017001008 871.9223333333333 013001001019000008
5 871.9223333333333 013001001019000008 18241.828999999998 013005001019020016
5 18241.828999999998 013005001019020016 15491.5 013005001019020006
5 15491.5 013005001019020006 871.9223333333333 013001001019000008
5 871.9223333333333 013001001019000008 1388.1566666666668 013005001019010016
5 1388.1566666666668 013005001019010016 116.133 013005001012010016
5 116.133 013005001012010016 871.9223333333333 013001001019000008
5 871.9223333333333 013001001019000008 20115.7 029005001017004018
5 20115.7 029005001017004018 18371.3 029005001017004016
5 18371.3 029005001017004016 871.9223333333333 013001001019000008
5 871.9223333333333 013001001019000008 1016.1 013005001019020008
5 1016.1 013005001019020008 517.027 013005001019008008
5 517.027 013005001019008008 871.9223333333333 013001001019000008
5 871.9223333333333 013001001019000008 203.337 013005001019010014
5 203.337 013005001019010014 564.655 013005001001010014
5 564.655 013005001001010014 871.9223333333333 013001001019000008
5 871.9223333333333 013001001019000008 203.337 013005001019010014
5 203.337 013005001019010014 871.9223333333333 013001001019000008
5 871.9223333333333 013001001019000008 54.8531 013005001003010016
5 54.8531 013005001003010016 693.2015 029005001019010016
5 693.2015 029005001019010016 395.05 015005001019010016
5 395.05 015005001019010016 871.9223333333333 013001001019000008
5 871.9223333333333 013001001019000008 1031.7672499999999 004005001019010014
5 1031.7672499999999 004005001019010014 815.124 004006001019010014
5 815.124 004006001019010014 871.9223333333333 013001001019000008
5 871.9223333333333 013001001019000008 550.516 004005001003000008
5 550.516 004005001003000008 112.855 004005001003018008
5 112.855 004005001003018008 871.9223333333333 013001001019000008
5 871.9223333333333 013001001019000008 724.479 029005001019001014
5 724.479 029005001019001014 559.58 029000001019001014
5 559.58 029000001019001014 871.9223333333333 013001001019000008
5 871.9223333333333 013001001019000008 203.337 013005001019010014
5 203.337 013005001019010014 871.9223333333333 013001001019000008
5 871.9223333333333 013001001019000008 54.8531 013005001003010016
5 54.8531 013005001003010016 7390.395333333333 013005001019020018
5 7390.395333333333 013005001019020018 7390.395333333333 013005001019020018
5 7390.395333333333 013005001019020018 871.9223333333333 013001001019000008
5 871.9223333333333 013001001019000008 28030.8628 013005001019010018
5 28030.8628 013005001019010018 226.976 006005001019010018
5 226.976 006005001019010018 871.9223333333333 013001001019000008
5 871.9223333333333 013001001019000008 6783.04 029005001012010008
5 6783.04 029005001012010008 5464.82 029005002012010008
5 5464.82 029005002012010008 871.9223333333333 013001001019000008
5 871.9223333333333 013001001019000008 551.394 013001001017018016
5 551.394 013001001017018016 495.463 013001001017002016
5 495.463 013001001017002016 871.9223333333333 013001001019000008
5 871.9223333333333 013001001019000008 555.488 013001001003018014
5 555.488 013001001003018014 491.287 011001001003018014
5 491.287 011001001003018014 871.9223333333333 013001001019000008
5 871.9223333333333 013001001019000008 173.935 004005001003010014
5 173.935 004005001003010014 166.692 004005001008010014
5 166.692 004005001008010014 871.9223333333333 013001001019000008
5 871.9223333333333 013001001019000008 7390.395333333333 013005001019020018
5 7390.395333333333 013005001019020018 318.437 013005001019018018
5 318.437 013005001019018018 871.9223333333333 013001001019000008
5 871.9223333333333 013001001019000008 2372.13 013005001019010008
5 2372.13 013005001019010008 353.679 013005001019002008
5 353.679 013005001019002008 871.9223333333333 013001001019000008
5 871.9223333333333 013001001019000008 306.394 013001001017002008
5 306.394 013001001017002008 132.898 013001001017011008
5 132.898 013001001017011008 871.9223333333333 013001001019000008
5 871.9223333333333 013001001019000008 13471.5 013005001012000008
5 13471.5 013005001012000008 13471.5 013005001012000008
5 13471.5 013005001012000008 871.9223333333333 013001001019000008
5 871.9223333333333 013001001019000008 555.836 013001001017000008
5 555.836 013001001017000008 360.216 013001000017000008
5 360.216 013001000017000008 871.9223333333333 013001001019000008
5 871.9223333333333 013001001019000008 741.757 004005001019010016
5 741.757 004005001019010016 279.257 004005001010010016
5 279.257 004005001010010016 871.9223333333333 013001001019000008
5 871.9223333333333 013001001019000008 277.786 013005001003010014
5 277.786 013005001003010014 1864.35 013001001003010014
5 1864.35 013001001003010014 871.9223333333333 013001001019000008
5 871.9223333333333 013001001019000008 528.768 013005000019004016
5 528.768 013005000019004016 479.585 002005000019004016
5 479.585 002005000019004016 871.9223333333333 013001001019000008
5 871.9223333333333 013001001019000008 21319.559333333335 013005000017010014
5 21319.559333333335 013005000017010014 425.311 013005000017010017
5 425.311 013005000017010017 871.9223333333333 013001001019000008
5 871.9223333333333 013001001019000008 19065.912666666667 004005001019010008
5 19065.912666666667 004005001019010008 22115.7 004005001005010008
5 22115.7 004005001005010008 871.9223333333333 013001001019000008
5 871.9223333333333 013001001019000008 474.222 004005001019018008
5 474.222 004005001019018008 871.9223333333333 013001001019000008
5 871.9223333333333 013001001019000008 54.8531 013005001003010016
5 54.8531 013005001003010016 293.0333333333333 004005001019018018
5 293.0333333333333 004005001019018018 662.1566666666666 004001001019018018
5 662.1566666666666 004001001019018018 871.9223333333333 013001001019000008
5 871.9223333333333 013001001019000008 432.214 004001001003010018
5 432.214 004001001003010018 871.9223333333333 013001001019000008
5 871.9223333333333 013001001019000008 54.8531 013005001003010016
5 54.8531 013005001003010016 932.535 013005001003010008
5 932.535 013005001003010008 871.9223333333333 013001001019000008
5 871.9223333333333 013001001019000008 54.8531 013005001003010016
5 54.8531 013005001003010016 13934.7 029005001019018008
5 13934.7 029005001019018008 322.993 023005001019018008
5 322.993 023005001019018008 871.9223333333333 013001001019000008
5 871.9223333333333 013001001019000008 23279.2 013005001003010018
5 23279.2 013005001003010018 871.9223333333333 013001001019000008
5 871.9223333333333 013001001019000008 54.8531 013005001003010016
5 54.8531 013005001003010016 309.142 004005001012010008
5 309.142 004005001012010008 871.9223333333333 013001001019000008
5 871.9223333333333 013001001019000008 54.8531 013005001003010016
5 54.8531 013005001003010016 1077.609 004005001019010018
5 1077.609 004005001019010018 222.299 037005001019010018
5 222.299 037005001019010018 871.9223333333333 013001001019000008
5 871.9223333333333 013001001019000008 24129.6 013005001019000016
5 24129.6 013005001019000016 59.7219 013000001019000016
5 59.7219 013000001019000016 871.9223333333333 013001001019000008
5 871.9223333333333 013001001019000008 353.073 013005001019018016
5 353.073 013005001019018016 353.073 013005001019018016
5 353.073 013005001019018016 871.9223333333333 013001001019000008
5 871.9223333333333 013001001019000008 269.188 013001001012018008
5 269.188 013001001012018008 216.051 013001001024018008
5 216.051 013001001024018008 871.9223333333333 013001001019000008
5 871.9223333333333 013001001019000008 324.888 013000001012010008
5 324.888 013000001012010008 401.782 013001001012010008
5 401.782 013001001012010008 871.9223333333333 013001001019000008
5 871.9223333333333 013001001019000008 2389.62 013005001012010008
5 2389.62 013005001012010008 384.946 006005001012010008
5 384.946 006005001012010008 871.9223333333333 013001001019000008
5 871.9223333333333 013001001019000008 434.2975 013005001003000016
5 434.2975 013005001003000016 434.2975 013005001003000016
5 434.2975 013005001003000016 871.9223333333333 013001001019000008
5 871.9223333333333 013001001019000008 4396.290666666667 013000001019010008
5 4396.290666666667 013000001019010008 4396.290666666667 013000001019010008
5 4396.290666666667 013000001019010008 871.9223333333333 013001001019000008
5 871.9223333333333 013001001019000008 401.782 013001001012010008
5 401.782 013001001012010008 401.782 013001001012010008
5 401.782 013001001012010008 871.9223333333333 013001001019000008
5 871.9223333333333 013001001019000008 555.5515 004001001019010008
5 555.5515 004001001019010008 344.435 004001001009010008
5 344.435 004001001009010008 871.9223333333333 013001001019000008
5 871.9223333333333 013001001019000008 808.946 004000001019018008
5 808.946 004000001019018008 446.609 004000002019018008
5 446.609 004000002019018008 871.9223333333333 013001001019000008
5 871.9223333333333 013001001019000008 353.073 013005001019018016
5 353.073 013005001019018016 270.338 013005001005018016
5 270.338 013005001005018016 871.9223333333333 013001001019000008
5 871.9223333333333 013001001019000008 317.472 004001001003018016
5 317.472 004001001003018016 871.9223333333333 013001001019000008
5 871.9223333333333 013001001019000008 54.8531 013005001003010016
5 54.8531 013005001003010016 4660.648333333333 013001001019018008
5 4660.648333333333 013001001019018008 486.9 013004001019018008
5 486.9 013004001019018008 871.9223333333333 013001001019000008
5 871.9223333333333 013001001019000008 444.849 004005001003018016
5 444.849 004005001003018016 65.0317 004005001011018016
5 65.0317 004005001011018016 871.9223333333333 013001001019000008
5 871.9223333333333 013001001019000008 13471.5 013005001012000008
5 13471.5 013005001012000008 364.959 013005001012000017
5 364.959 013005001012000017 871.9223333333333 013001001019000008
5 871.9223333333333 013001001019000008 3322.27 004001001003018018
5 3322.27 004001001003018018 70.2718 004001001003018015
5 70.2718 004001001003018015 871.9223333333333 013001001019000008
5 871.9223333333333 013001001019000008 353.073 013005001019018016
5 353.073 013005001019018016 197.661 013005001007018016
5 197.661 013005001007018016 871.9223333333333 013001001019000008
5 871.9223333333333 013001001019000008 662.1566666666666 004001001019018018
5 662.1566666666666 004001001019018018 506.912 028001001019018018
5 506.912 028001001019018018 871.9223333333333 013001001019000008
5 871.9223333333333 013001001019000008 22842.9 013005001003000015
5 22842.9 013005001003000015 614.321 013005001002000015
5 614.321 013005001002000015 871.9223333333333 013001001019000008
5 871.9223333333333 013001001019000008 116.454 004001001019018015
5 116.454 004001001019018015 871.9223333333333 013001001019000008
5 871.9223333333333 013001001019000008 54.8531 013005001003010016
5 54.8531 013005001003010016 4660.648333333333 013001001019018008
5 4660.648333333333 013001001019018008 1806.41 013001001019018012
5 1806.41 013001001019018012 871.9223333333333 013001001019000008
5 871.9223333333333 013001001019000008 342.793 004005001012010015
5 342.793 004005001012010015 213.821 004005001012006015
5 213.821 004005001012006015 871.9223333333333 013001001019000008
5 871.9223333333333 013001001019000008 215.768 013000001019000008
5 215.768 013000001019000008 156.562 013000001017000008
5 156.562 013000001017000008 871.9223333333333 013001001019000008
5 871.9223333333333 013001001019000008 383.036 013000001012000016
5 383.036 013000001012000016 871.9223333333333 013001001019000008
5 871.9223333333333 013001001019000008 54.8531 013005001003010016
5 54.8531 013005001003010016 432.214 004001001003010018
5 432.214 004001001003010018 432.214 004001001003010018
5 432.214 004001001003010018 871.9223333333333 013001001019000008
5 871.9223333333333 013001001019000008 736.427 013000001011000016
5 736.427 013000001011000016 250.559 013000001011021016
5 250.559 013000001011021016 871.9223333333333 013001001019000008
5 871.9223333333333 013001001019000008 393.202 004005001011018018
5 393.202 004005001011018018 294.499 004004001011018018
5 294.499 004004001011018018 871.9223333333333 013001001019000008
5 871.9223333333333 013001001019000008 15657.7 004005001019000018
5 15657.7 004005001019000018 1731.88 004005002019000018
5 1731.88 004005002019000018 871.9223333333333 013001001019000008
5 871.9223333333333 013001001019000008 305.195 013005001012018015
5 305.195 013005001012018015 871.9223333333333 013001001019000008
5 871.9223333333333 013001001019000008 54.8531 013005001003010016
5 54.8531 013005001003010016 17217.7 004000001003018015
5 17217.7 004000001003018015 14940.7 004000001003018000
5 14940.7 004000001003018000 871.9223333333333 013001001019000008
5 871.9223333333333 013001001019000008 51100.6 004000001003010018
5 51100.6 004000001003010018 202.159 006000001003010018
5 202.159 006000001003010018 871.9223333333333 013001001019000008
5 871.9223333333333 013001001019000008 375.0665 006000001003010016
5 375.0665 006000001003010016 375.0665 006000001003010016
5 375.0665 006000001003010016 871.9223333333333 013001001019000008
5 871.9223333333333 013001001019000008 91.8411 004000001019018016
5 91.8411 004000001019018016 91.8411 004000001019018016
5 91.8411 004000001019018016 871.9223333333333 013001001019000008
5 871.9223333333333 013001001019000008 580.606 004005001019018016
5 580.606 004005001019018016 469.502 004005001019018005
5 469.502 004005001019018005 871.9223333333333 013001001019000008
5 871.9223333333333 013001001019000008 606.352 013005001011018018
5 606.352 013005001011018018 409.343 013005001011018008
5 409.343 013005001011018008 871.9223333333333 013001001019000008
5 871.9223333333333 013001001019000008 4660.648333333333 013001001019018008
5 4660.648333333333 013001001019018008 521.888 013001001019023008
5 521.888 013001001019023008 871.9223333333333 013001001019000008
5 871.9223333333333 013001001019000008 310.319 013005001019023018
5 310.319 013005001019023018 54.2071 013005001019023002
5 54.2071 013005001019023002 871.9223333333333 013001001019000008
5 871.9223333333333 013001001019000008 19065.912666666667 004005001019010008
5 19065.912666666667 004005001019010008 431.361 004002001019010008
5 431.361 004002001019010008 871.9223333333333 013001001019000008
5 871.9223333333333 013001001019000008 662.1566666666666 004001001019018018
5 662.1566666666666 004001001019018018 262.156 004001001019010018
5 262.156 004001001019010018 871.9223333333333 013001001019000008
5 871.9223333333333 013001001019000008 278.224 013001001019018015
5 278.224 013001001019018015 164.813 013001001019007015
5 164.813 013001001019007015 871.9223333333333 013001001019000008
5 871.9223333333333 013001001019000008 1695.6 013000001019023015
5 1695.6 013000001019023015 293.714 013000001008023015
5 293.714 013000001008023015 871.9223333333333 013001001019000008
5 871.9223333333333 013001001019000008 16995.5 013000001011018015
5 16995.5 013000001011018015 14324.1 013000001012018015
5 14324.1 013000001012018015 871.9223333333333 013001001019000008
5 871.9223333333333 013001001019000008 1099.6 004005001019000002
5 1099.6 004005001019000002 328.775 003005001019000002
5 328.775 003005001019000002 871.9223333333333 013001001019000008
5 871.9223333333333 013001001019000008 293.0333333333333 004005001019018018
5 293.0333333333333 004005001019018018 293.0333333333333 004005001019018018
5 293.0333333333333 004005001019018018 871.9223333333333 013001001019000008
5 871.9223333333333 013001001019000008 103.47 004000001019000018
5 103.47 004000001019000018 871.9223333333333 013001001019000008
5 871.9223333333333 013001001019000008 54.2071 013005001019023002
5 54.2071 013005001019023002 734.708 013000001019010018
5 734.708 013000001019010018 371.569 013000001019010009
5 371.569 013000001019010009 871.9223333333333 013001001019000008
5 871.9223333333333 013001001019000008 43985.4 004001001019018016
5 43985.4 004001001019018016 356.753 004001001019001016
5 356.753 004001001019001016 871.9223333333333 013001001019000008
5 871.9223333333333 013001001019000008 23268.4 013005001003018016
5 23268.4 013005001003018016 1856.42 013005001003020016
5 1856.42 013005001003020016 871.9223333333333 013001001019000008
5 871.9223333333333 013001001019000008 18940.0 013005001011010015
5 18940.0 013005001011010015 1755.44 013001001011010015
5 1755.44 013001001011010015 871.9223333333333 013001001019000008
5 871.9223333333333 013001001019000008 2107.03 004001001019000008
5 2107.03 004001001019000008 1816.63 015001001019000008
5 1816.63 015001001019000008 871.9223333333333 013001001019000008
5 871.9223333333333 013001001019000008 157.578 004005001019000008
5 157.578 004005001019000008 871.9223333333333 013001001019000008
5 871.9223333333333 013001001019000008 54.2071 013005001019023002
5 54.2071 013005001019023002 409.343 013005001011018008
5 409.343 013005001011018008 605.119 013005001011018007
5 605.119 013005001011018007 871.9223333333333 013001001019000008
5 871.9223333333333 013001001019000008 1711.14 004005001003018018
5 1711.14 004005001003018018 347.666 040005001003018018
5 347.666 040005001003018018 871.9223333333333 013001001019000008
5 871.9223333333333 013001001019000008 17008.8 013001001003000018
5 17008.8 013001001003000018 374.217 013001001013000018
5 374.217 013001001013000018 871.9223333333333 013001001019000008
5 871.9223333333333 013001001019000008 259.853 004005001019018015
5 259.853 004005001019018015 871.9223333333333 013001001019000008
5 871.9223333333333 013001001019000008 54.2071 013005001019023002
5 54.2071 013005001019023002 28030.8628 013005001019010018
5 28030.8628 013005001019010018 333.153 013005001019008018
5 333.153 013005001019008018 871.9223333333333 013001001019000008
5 871.9223333333333 013001001019000008 1880.15 004000001019000016
5 1880.15 004000001019000016 1654.35 004000001009000016
5 1654.35 004000001009000016 871.9223333333333 013001001019000008
6 871.9223333333333 013001001019000008 610.412 040004002007005009
6 610.412 040004002007005009 563.095 004000001017005018
6 563.095 004000001017005018 858.397 020000001000000012
6 858.397 020000001000000012 224.456 008001002012005009
6 224.456 008001002012005009 563.095 004000001017005018
6 563.095 004000001017005018 610.412 040004002007005009
6 610.412 040004002007005009 19080.6 040004001017010001
6 19080.6 040004001017010001 384.994 040004000017010001
6 384.994 040004000017010001 224.456 008001002012005009
6 224.456 008001002012005009 684.667 004004001012000009
6 684.667 004004001012000009 315.682 004004001012000014
6 315.682 004004001012000014 224.456 008001002012005009
6 224.456 008001002012005009 595.744 040000002012000005
6 595.744 040000002012000005 428.606 002000002012000005
6 428.606 002000002012000005 224.456 008001002012005009
6 224.456 008001002012005009 1419.42 040004002012005014
6 1419.42 040004002012005014 470.13 012004002012005014
6 470.13 012004002012005014 224.456 008001002012005009
6 224.456 008001002012005009 1826.93 040004001012005014
6 1826.93 040004001012005014 398.068 025004001012005014
6 398.068 025004001012005014 224.456 008001002012005009
6 224.456 008001002012005009 28629.5 025000000012005005
6 28629.5 025000000012005005 28562.7 025000000012005010
6 28562.7 025000000012005010 224.456 008001002012005009
6 224.456 008001002012005009 276.268 004000002012000014
6 276.268 004000002012000014 256.602 002000002012000014
6 256.602 002000002012000014 224.456 008001002012005009
6 224.456 008001002012005009 409.656 004000001012000014
6 409.656 004000001012000014 391.071 025000001012000014
6 391.071 025000001012000014 224.456 008001002012005009
6 224.456 008001002012005009 326.247 008000002012005014
6 326.247 008000002012005014 326.247 008000002012005014
6 326.247 008000002012005014 224.456 008001002012005009
6 224.456 008001002012005009 496.531 025001002012005014
6 496.531 025001002012005014 422.204 025001002012014014
6 422.204 025001002012014014 224.456 008001002012005009
6 224.456 008001002012005009 962.183 012004000012000014
6 962.183 012004000012000014 224.456 008001002012005009
6 224.456 008001002012005009 256.602 002000002012000014
6 256.602 002000002012000014 53913.4 025000002012000001
6 53913.4 025000002012000001 27197.7 025002002012000001
6 27197.7 025002002012000001 224.456 008001002012005009
6 224.456 008001002012005009 326.247 008000002012005014
6 326.247 008000002012005014 326.247 008000002012005014
6 326.247 008000002012005014 224.456 008001002012005009
6 224.456 008001002012005009 15354.110999999999 008000001017000014
6 15354.110999999999 008000001017000014 15354.110999999999 008000001017000014
6 15354.110999999999 008000001017000014 224.456 008001002012005009
6 224.456 008001002012005009 625.851 012001002017005014
6 625.851 012001002017005014 262.552 012001002017005012
6 262.552 012001002017005012 224.456 008001002012005009
6 224.456 008001002012005009 13466.0 040000002012000014
6 13466.0 040000002012000014 224.456 008001002012005009
6 224.456 008001002012005009 256.602 002000002012000014
6 256.602 002000002012000014 32663.7 002004002017000014
6 32663.7 002004002017000014 979.55 016004002017000014
6 979.55 016004002017000014 224.456 008001002012005009
6 224.456 008001002012005009 470.13 012004002012005014
6 470.13 012004002012005014 351.44 034004002012005014
6 351.44 034004002012005014 224.456 008001002012005009
6 224.456 008001002012005009 19418.320375 012000002012005014
6 19418.320375 012000002012005014 1126.5815 012000000012005014
6 1126.5815 012000000012005014 224.456 008001002012005009
6 224.456 008001002012005009 40645.3 004001002012000014
6 40645.3 004001002012000014 1501.78 033001002012000014
6 1501.78 033001002012000014 224.456 008001002012005009
6 224.456 008001002012005009 19418.320375 012000002012005014
6 19418.320375 012000002012005014 14518.2 012000002012009014
6 14518.2 012000002012009014 224.456 008001002012005009
6 224.456 008001002012005009 346.908 002001001012005014
6 346.908 002001001012005014 266.596 002001001012018014
6 266.596 002001001012018014 224.456 008001002012005009
6 224.456 008001002012005009 352.313 004001000012005014
6 352.313 004001000012005014 352.313 004001000012005014
6 352.313 004001000012005014 224.456 008001002012005009
6 224.456 008001002012005009 1126.5815 012000000012005014
6 1126.5815 012000000012005014 688.307 012000001012005014
6 688.307 012000001012005014 224.456 008001002012005009
6 224.456 008001002012005009 3480.0564285714286 012001002012005014
6 3480.0564285714286 012001002012005014 224.456 008001002012005009
6 224.456 008001002012005009 1126.5815 012000000012005014
6 1126.5815 012000000012005014 303.91 008001000012018014
6 303.91 008001000012018014 303.91 008001000012018014
6 303.91 008001000012018014 3480.0564285714286 012001002012005014
6 3480.0564285714286 012001002012005014 3480.0564285714286 012001002012005014
6 3480.0564285714286 012001002012005014 19515.1 012001002012005007
6 19515.1 012001002012005007 3480.0564285714286 012001002012005014
6 3480.0564285714286 012001002012005014 482.387 012001001012005014
6 482.387 012001001012005014 420.544 012001001012005008
6 420.544 012001001012005008 3480.0564285714286 012001002012005014
6 3480.0564285714286 012001002012005014 3480.0564285714286 012001002012005014
6 3480.0564285714286 012001002012005014 456.132 012002002012005014
6 456.132 012002002012005014 3480.0564285714286 012001002012005014
6 3480.0564285714286 012001002012005014 8388.131333333333 002000002012005014
6 8388.131333333333 002000002012005014 3480.0564285714286 012001002012005014
6 3480.0564285714286 012001002012005014 224.456 008001002012005009
6 224.456 008001002012005009 17006.49725 012000002012018014
6 17006.49725 012000002012018014 551.099 012000002012018013
6 551.099 012000002012018013 3480.0564285714286 012001002012005014
6 3480.0564285714286 012001002012005014 19418.320375 012000002012005014
6 19418.320375 012000002012005014 563.902 012000002012005009
6 563.902 012000002012005009 3480.0564285714286 012001002012005014
6 3480.0564285714286 012001002012005014 8388.131333333333 002000002012005014
6 8388.131333333333 002000002012005014 3480.0564285714286 012001002012005014
6 3480.0564285714286 012001002012005014 224.456 008001002012005009
6 224.456 008001002012005009 290.911 012001002012018014
6 290.911 012001002012018014 4178.699285714286 012003002012018014
6 4178.699285714286 012003002012018014 3480.0564285714286 012001002012005014
6 3480.0564285714286 012001002012005014 18903.7 002003002012005012
6 18903.7 002003002012005012 1593.7 002003002001005012
6 1593.7 002003002001005012 3480.0564285714286 012001002012005014
6 3480.0564285714286 012001002012005014 16393.4195 012000002012018012
6 16393.4195 012000002012018012 16393.4195 012000002012018012
6 16393.4195 012000002012018012 3480.0564285714286 012001002012005014
6 3480.0564285714286 012001002012005014 615.771 012000002012005012
6 615.771 012000002012005012 3480.0564285714286 012001002012005014
6 3480.0564285714286 012001002012005014 4178.699285714286 012003002012018014
6 4178.699285714286 012003002012018014 19418.320375 012000002012005014
6 19418.320375 012000002012005014 3480.0564285714286 012001002012005014
6 3480.0564285714286 012001002012005014 4178.699285714286 012003002012018014
6 4178.699285714286 012003002012018014 17006.49725 012000002012018014
6 17006.49725 012000002012018014 492.546 012000001012018014
6 492.546 012000001012018014 3480.0564285714286 012001002012005014
6 3480.0564285714286 012001002012005014 38186.0 002000001012018014
6 38186.0 002000001012018014 720.65 002000001012018011
6 720.65 002000001012018011 3480.0564285714286 012001002012005014
6 3480.0564285714286 012001002012005014 401.616 012003001012005014
6 401.616 012003001012005014 381.653 012003001012002014
6 381.653 012003001012002014 3480.0564285714286 012001002012005014
6 3480.0564285714286 012001002012005014 8388.131333333333 002000002012005014
6 8388.131333333333 002000002012005014 744.455 019000002012005014
6 744.455 019000002012005014 3480.0564285714286 012001002012005014
6 3480.0564285714286 012001002012005014 4178.699285714286 012003002012018014
6 4178.699285714286 012003002012018014 4178.699285714286 012003002012018014
6 4178.699285714286 012003002012018014 3480.0564285714286 012001002012005014
6 3480.0564285714286 012001002012005014 17006.49725 012000002012018014
6 17006.49725 012000002012018014 708.2402500000001 012004002012018014
6 708.2402500000001 012004002012018014 3480.0564285714286 012001002012005014
6 3480.0564285714286 012001002012005014 4178.699285714286 012003002012018014
6 4178.699285714286 012003002012018014 23776.0 012003002016018014
6 23776.0 012003002016018014 3480.0564285714286 012001002012005014
6 3480.0564285714286 012001002012005014 51099.0 012003000012005014
6 51099.0 012003000012005014 13123.4 012003000012005004
6 13123.4 012003000012005004 3480.0564285714286 012001002012005014
6 3480.0564285714286 012001002012005014 610.092 002001000012005014
6 610.092 002001000012005014 3480.0564285714286 012001002012005014
6 3480.0564285714286 012001002012005014 4178.699285714286 012003002012018014
6 4178.699285714286 012003002012018014 3480.0564285714286 012001002012005014
6 3480.0564285714286 012001002012005014 370.763 020001002012005014
6 370.763 020001002012005014 3480.0564285714286 012001002012005014
6 3480.0564285714286 012001002012005014 708.2402500000001 012004002012018014
6 708.2402500000001 012004002012018014 208.637 012005002012018014
6 208.637 012005002012018014 3480.0564285714286 012001002012005014
6 3480.0564285714286 012001002012005014 19418.320375 012000002012005014
6 19418.320375 012000002012005014 470.13 012004002012005014
6 470.13 012004002012005014 3480.0564285714286 012001002012005014
6 3480.0564285714286 012001002012005014 17006.49725 012000002012018014
6 17006.49725 012000002012018014 154.557 019000002012018014
6 154.557 019000002012018014 3480.0564285714286 012001002012005014
6 3480.0564285714286 012001002012005014 19418.320375 012000002012005014
6 19418.320375 012000002012005014 19418.320375 012000002012005014
6 19418.320375 012000002012005014 3480.0564285714286 012001002012005014
6 3480.0564285714286 012001002012005014 4914.617 008001002012018014
6 4914.617 008001002012018014 3480.0564285714286 012001002012005014
6 3480.0564285714286 012001002012005014 154.557 019000002012018014
6 154.557 019000002012018014 13206.893166666667 008004002012018014
6 13206.893166666667 008004002012018014 13206.893166666667 008004002012018014
6 13206.893166666667 008004002012018014 4914.617 008001002012018014
6 4914.617 008001002012018014 708.2402500000001 012004002012018014
6 708.2402500000001 012004002012018014 184.771 035004002012018014
6 184.771 035004002012018014 4914.617 008001002012018014
6 4914.617 008001002012018014 4914.617 008001002012018014
6 4914.617 008001002012018014 349.113 008001002012018017
6 349.113 008001002012018017 4914.617 008001002012018014
6 4914.617 008001002012018014 459.199 008001002012005014
6 459.199 008001002012005014 204.836 008004002012005014
6 204.836 008004002012005014 4914.617 008001002012018014
6 4914.617 008001002012018014 4914.617 008001002012018014
6 4914.617 008001002012018014 229.65825 008001002012013014
6 229.65825 008001002012013014 4914.617 008001002012018014
6 4914.617 008001002012018014 290.911 012001002012018014
6 290.911 012001002012018014 4178.699285714286 012003002012018014
6 4178.699285714286 012003002012018014 229.65825 008001002012013014
6 229.65825 008001002012013014 13761.3465 019003002012018014
6 13761.3465 019003002012018014 2258.11 019003002012012014
6 2258.11 019003002012012014 229.65825 008001002012013014
6 229.65825 008001002012013014 694.201 035004002012005014
6 694.201 035004002012005014 367.722 016004002012005014
6 367.722 016004002012005014 229.65825 008001002012013014
6 229.65825 008001002012013014 326.247 008000002012005014
6 326.247 008000002012005014 229.65825 008001002012013014
6 229.65825 008001002012013014 4914.617 008001002012018014
6 4914.617 008001002012018014 229.65825 008001002012013014
6 229.65825 008001002012013014 258.473 008001002012013005
6 258.473 008001002012013005 229.65825 008001002012013014
6 229.65825 008001002012013014 13206.893166666667 008004002012018014
6 13206.893166666667 008004002012018014 923.079 008004002012018008
6 923.079 008004002012018008 229.65825 008001002012013014
6 229.65825 008001002012013014 13206.893166666667 008004002012018014
6 13206.893166666667 008004002012018014 13206.893166666667 008004002012018014
6 13206.893166666667 008004002012018014 229.65825 008001002012013014
6 229.65825 008001002012013014 19418.320375 012000002012005014
6 19418.320375 012000002012005014 407.077 012000002012023014
6 407.077 012000002012023014 229.65825 008001002012013014
6 229.65825 008001002012013014 1914.83 008000002012018014
6 1914.83 008000002012018014 729.414 008000002018018014
6 729.414 008000002018018014 229.65825 008001002012013014
6 229.65825 008001002012013014 336.098 008003002012013014
6 336.098 008003002012013014 13644.794 007003002012013014
6 13644.794 007003002012013014 229.65825 008001002012013014
6 229.65825 008001002012013014 3480.0564285714286 012001002012005014
6 3480.0564285714286 012001002012005014 3480.0564285714286 012001002012005014
6 3480.0564285714286 012001002012005014 13644.794 007003002012013014
6 13644.794 007003002012013014 192.935 019004002012018014
6 192.935 019004002012018014 107.096 019004002003018014
6 107.096 019004002003018014 13644.794 007003002012013014
6 13644.794 007003002012013014 290.911 012001002012018014
6 290.911 012001002012018014 4178.699285714286 012003002012018014
6 4178.699285714286 012003002012018014 107.096 019004002003018014
6 107.096 019004002003018014 281.281 019001002012013014
6 281.281 019001002012013014 107.096 019004002003018014
6 107.096 019004002003018014 13644.794 007003002012013014
6 13644.794 007003002012013014 401.017 012003002003013014
6 401.017 012003002003013014 378.3108666666667 012003002003013010
6 378.3108666666667 012003002003013010 107.096 019004002003018014
6 107.096 019004002003018014 13206.893166666667 008004002012018014
6 13206.893166666667 008004002012018014 16132.6 008004002012018009
6 16132.6 008004002012018009 378.3108666666667 012003002003013010
6 378.3108666666667 012003002003013010 1536.87 007004002012018014
6 1536.87 007004002012018014 456.254 030004002012018014
6 456.254 030004002012018014 378.3108666666667 012003002003013010
6 378.3108666666667 012003002003013010 153.442 008003002012018014
6 153.442 008003002012018014 378.3108666666667 012003002003013010
6 378.3108666666667 012003002003013010 107.096 019004002003018014
6 107.096 019004002003018014 290.911 012001002012018014
6 290.911 012001002012018014 290.911 012001002012018014
6 290.911 012001002012018014 378.3108666666667 012003002003013010
6 378.3108666666667 012003002003013010 290.911 012001002012018014
6 290.911 012001002012018014 378.3108666666667 012003002003013010
6 378.3108666666667 012003002003013010 107.096 019004002003018014
6 107.096 019004002003018014 19070.673333333332 019003002003013014
6 19070.673333333332 019003002003013014 8443.028 019001002003013014
6 8443.028 019001002003013014 378.3108666666667 012003002003013010
6 378.3108666666667 012003002003013010 18099.75 019004002003013014
6 18099.75 019004002003013014 18099.75 019004002003013014
6 18099.75 019004002003013014 378.3108666666667 012003002003013010
6 378.3108666666667 012003002003013010 7388.762000000001 007001002012018014
6 7388.762000000001 007001002012018014 308.069 035001002012018014
6 308.069 035001002012018014 378.3108666666667 012003002003013010
6 378.3108666666667 012003002003013010 214.47 012003002012013014
6 214.47 012003002012013014 392.673 004003002012013014
6 392.673 004003002012013014 378.3108666666667 012003002003013010
6 378.3108666666667 012003002003013010 10818.299 019001002012018014
6 10818.299 019001002012018014 279.948 019001002012022014
6 279.948 019001002012022014 378.3108666666667 012003002003013010
6 378.3108666666667 012003002003013010 708.2402500000001 012004002012018014
6 708.2402500000001 012004002012018014 457.785 012004000012018014
6 457.785 012004000012018014 378.3108666666667 012003002003013010
6 378.3108666666667 012003002003013010 3480.0564285714286 012001002012005014
6 3480.0564285714286 012001002012005014 494.398 037001002012005014
6 494.398 037001002012005014 378.3108666666667 012003002003013010
6 378.3108666666667 012003002003013010 9963.303666666667 019003002012013014
6 9963.303666666667 019003002012013014 9963.303666666667 019003002012013014
6 9963.303666666667 019003002012013014 378.3108666666667 012003002003013010
6 378.3108666666667 012003002003013010 7388.762000000001 007001002012018014
6 7388.762000000001 007001002012018014 1979.28 007001002012018003
6 1979.28 007001002012018003 378.3108666666667 012003002003013010
6 378.3108666666667 012003002003013010 17804.05 007001002012013014
6 17804.05 007001002012013014 356.152 007001002012013013
6 356.152 007001002012013013 378.3108666666667 012003002003013010
6 378.3108666666667 012003002003013010 264.226 004003002012013013
6 264.226 004003002012013013 378.3108666666667 012003002003013010
6 378.3108666666667 012003002003013010 107.096 019004002003018014
6 107.096 019004002003018014 23220.6 004004002012013014
6 23220.6 004004002012013014 1739.94 004004000012013014
6 1739.94 004004000012013014 378.3108666666667 012003002003013010
6 378.3108666666667 012003002003013010 1070.0175 004001002012013010
6 1070.0175 004001002012013010 170.117 004001002012009010
6 170.117 004001002012009010 378.3108666666667 012003002003013010
6 378.3108666666667 012003002003013010 27439.0 012004002003013014
6 27439.0 012004002003013014 15197.1 012004002003013000
6 15197.1 012004002003013000 378.3108666666667 012003002003013010
6 378.3108666666667 012003002003013010 401.017 012003002003013014
6 401.017 012003002003013014 367.122 012003002003020014
6 367.122 012003002003020014 378.3108666666667 012003002003013010
6 378.3108666666667 012003002003013010 17804.05 007001002012013014
6 17804.05 007001002012013014 12162.5 007001002012013009
6 12162.5 007001002012013009 378.3108666666667 012003002003013010
6 378.3108666666667 012003002003013010 351.103 004001002003018009
6 351.103 004001002003018009 152.0 004001002003018002
6 152.0 004001002003018002 378.3108666666667 012003002003013010
6 378.3108666666667 012003002003013010 4351.266333333333 012001002012013014
6 4351.266333333333 012001002012013014 276.069 012001002012010014
6 276.069 012001002012010014 378.3108666666667 012003002003013010
6 378.3108666666667 012003002003013010 6980.8589999999995 012001002003018014
6 6980.8589999999995 012001002003018014 355.612 012000002003018014
6 355.612 012000002003018014 378.3108666666667 012003002003013010
6 378.3108666666667 012003002003013010 4178.699285714286 012003002012018014
6 4178.699285714286 012003002012018014 200.879 012003001012018014
6 200.879 012003001012018014 378.3108666666667 012003002003013010
6 378.3108666666667 012003002003013010 4351.266333333333 012001002012013014
6 4351.266333333333 012001002012013014 1659.3 012001002017013014
6 1659.3 012001002017013014 378.3108666666667 012003002003013010
6 378.3108666666667 012003002003013010 153.442 008003002012018014
6 153.442 008003002012018014 186.48 002003002012018014
6 186.48 002003002012018014 378.3108666666667 012003002003013010
6 378.3108666666667 012003002003013010 14017.55 012001002012013010
6 14017.55 012001002012013010 434.983 012001002012013016
6 434.983 012001002012013016 378.3108666666667 012003002003013010
6 378.3108666666667 012003002003013010 29640.4256 008003002003013014
6 29640.4256 008003002003013014 297.98249999999996 008003002024013014
6 297.98249999999996 008003002024013014 378.3108666666667 012003002003013010
6 378.3108666666667 012003002003013010 9963.303666666667 019003002012013014
6 9963.303666666667 019003002012013014 172.399 019003002012002014
6 172.399 019003002012002014 378.3108666666667 012003002003013010
6 378.3108666666667 012003002003013010 214.47 012003002012013014
6 214.47 012003002012013014 378.3108666666667 012003002003013010
6 378.3108666666667 012003002003013010 107.096 019004002003018014
6 107.096 019004002003018014 13761.3465 019003002012018014
6 13761.3465 019003002012018014 153.442 008003002012018014
6 153.442 008003002012018014 378.3108666666667 012003002003013010
6 378.3108666666667 012003002003013010 360.766 008001002024013014
6 360.766 008001002024013014 274.326 008005002024013014
6 274.326 008005002024013014 378.3108666666667 012003002003013010
6 378.3108666666667 012003002003013010 8443.028 019001002003013014
6 8443.028 019001002003013014 378.3108666666667 012003002003013010
6 378.3108666666667 012003002003013010 107.096 019004002003018014
6 107.096 019004002003018014 153.442 008003002012018014
6 153.442 008003002012018014 4914.617 008001002012018014
6 4914.617 008001002012018014 378.3108666666667 012003002003013010
6 378.3108666666667 012003002003013010 332.208 012001002024013014
6 332.208 012001002024013014 332.208 012001002024013014
6 332.208 012001002024013014 378.3108666666667 012003002003013010
6 378.3108666666667 012003002003013010 360.766 008001002024013014
6 360.766 008001002024013014 360.766 008001002024013014
6 360.766 008001002024013014 378.3108666666667 012003002003013010
6 378.3108666666667 012003002003013010 13644.794 007003002012013014
6 13644.794 007003002012013014 2289.13 007003002012013015
6 2289.13 007003002012013015 378.3108666666667 012003002003013010
6 378.3108666666667 012003002003013010 1933.3 008003002024018014
6 1933.3 008003002024018014 510.292 019003002024018014
6 510.292 019003002024018014 378.3108666666667 012003002003013010
6 378.3108666666667 012003002003013010 297.98249999999996 008003002024013014
6 297.98249999999996 008003002024013014 377.588 016003002024013014
6 377.588 016003002024013014 378.3108666666667 012003002003013010
6 378.3108666666667 012003002003013010 795.7845 008004002003013014
6 795.7845 008004002003013014 266.275 008004002003013010
6 266.275 008004002003013010 378.3108666666667 012003002003013010
6 378.3108666666667 012003002003013010 19070.673333333332 019003002003013014
6 19070.673333333332 019003002003013014 735.717 019003001003013014
6 735.717 019003001003013014 378.3108666666667 012003002003013010
6 378.3108666666667 012003002003013010 497.18600000000004 012001001012013014
6 497.18600000000004 012001001012013014 558.127 012003001012013014
6 558.127 012003001012013014 378.3108666666667 012003002003013010
6 378.3108666666667 012003002003013010 13365.472 019003002024013014
6 13365.472 019003002024013014 13365.472 019003002024013014
6 13365.472 019003002024013014 378.3108666666667 012003002003013010
6 378.3108666666667 012003002003013010 335.464 008001002003018014
6 335.464 008001002003018014 243.651 008001002019018014
6 243.651 008001002019018014 378.3108666666667 012003002003013010
6 378.3108666666667 012003002003013010 4351.266333333333 012001002012013014
6 4351.266333333333 012001002012013014 1732.97 012001002012013017
6 1732.97 012001002012013017 378.3108666666667 012003002003013010
6 378.3108666666667 012003002003013010 451.631 008001002003013010
6 451.631 008001002003013010 114.11095 008001002003006010
6 114.11095 008001002003006010 378.3108666666667 012003002003013010
6 378.3108666666667 012003002003013010 16047.8 008001002012013010
6 16047.8 008001002012013010 162.654 008001002012020010
6 162.654 008001002012020010 114.11095 008001002003006010
6 114.11095 008001002003006010 378.3108666666667 012003002003013010
6 378.3108666666667 012003002003013010 219.606 012003002003013015
6 219.606 012003002003013015 114.11095 008001002003006010
6 114.11095 008001002003006010 14732.4 012001002024006010
6 14732.4 012001002024006010 510.136 012001002023006010
6 510.136 012001002023006010 114.11095 008001002003006010
6 114.11095 008001002003006010 1917.08 012004002024013014
6 1917.08 012004002024013014 443.519 012004002002013014
6 443.519 012004002002013014 114.11095 008001002003006010
6 114.11095 008001002003006010 1049.0 008001002003013014
6 1049.0 008001002003013014 305.188 008000002003013014
6 305.188 008000002003013014 114.11095 008001002003006010
6 114.11095 008001002003006010 327.688 004003002024013014
6 327.688 004003002024013014 114.11095 008001002003006010
6 114.11095 008001002003006010 378.3108666666667 012003002003013010
6 378.3108666666667 012003002003013010 19070.673333333332 019003002003013014
6 19070.673333333332 019003002003013014 9784.06 019003002003013005
6 9784.06 019003002003013005 114.11095 008001002003006010
6 114.11095 008001002003006010 1049.0 008001002003013014
6 1049.0 008001002003013014 114.11095 008001002003006010
6 114.11095 008001002003006010 378.3108666666667 012003002003013010
6 378.3108666666667 012003002003013010 29640.4256 008003002003013014
6 29640.4256 008003002003013014 172.436 017003002003013014
6 172.436 017003002003013014 114.11095 008001002003006010
6 114.11095 008001002003006010 34007.55 008003002003018014
6 34007.55 008003002003018014 363.04 008003002003022014
6 363.04 008003002003022014 114.11095 008001002003006010
6 114.11095 008001002003006010 336.098 008003002012013014
6 336.098 008003002012013014 335.676 008003002012017014
6 335.676 008003002012017014 114.11095 008001002003006010
6 114.11095 008001002003006010 229.65825 008001002012013014
6 229.65825 008001002012013014 230.818 008001002000013014
6 230.818 008001002000013014 114.11095 008001002003006010
6 114.11095 008001002003006010 16465.0 007001002003013014
6 16465.0 007001002003013014 12337.6 007001001003013014
6 12337.6 007001001003013014 114.11095 008001002003006010
6 114.11095 008001002003006010 29640.4256 008003002003013014
6 29640.4256 008003002003013014 27688.7 008006002003013014
6 27688.7 008006002003013014 114.11095 008001002003006010
6 114.11095 008001002003006010 27.9418 004003002024018010
6 27.9418 004003002024018010 114.11095 008001002003006010
6 114.11095 008001002003006010 378.3108666666667 012003002003013010
6 378.3108666666667 012003002003013010 13835.165 004001002003018010
6 13835.165 004001002003018010 552.82 004001002003018006
6 552.82 004001002003018006 27.9418 004003002024018010
6 27.9418 004003002024018010 1776.66 008003002024018010
6 1776.66 008003002024018010 548.879 008003002022018010
6 548.879 008003002022018010 27.9418 004003002024018010
6 27.9418 004003002024018010 12400.306 012001002012006014
6 12400.306 012001002012006014 21680.8 016001002012006014
6 21680.8 016001002012006014 27.9418 004003002024018010
6 27.9418 004003002024018010 13835.165 004001002003018010
6 13835.165 004001002003018010 1623.26 004001002006018010
6 1623.26 004001002006018010 27.9418 004003002024018010
6 27.9418 004003002024018010 6980.8589999999995 012001002003018014
6 6980.8589999999995 012001002003018014 6980.8589999999995 012001002003018014
6 6980.8589999999995 012001002003018014 27.9418 004003002024018010
6 27.9418 004003002024018010 281.281 019001002012013014
6 281.281 019001002012013014 295.305 006001002012013014
6 295.305 006001002012013014 27.9418 004003002024018010
6 27.9418 004003002024018010 378.3108666666667 012003002003013010
6 378.3108666666667 012003002003013010 593.026 012003002003013017
6 593.026 012003002003013017 27.9418 004003002024018010
6 27.9418 004003002024018010 13761.3465 019003002012018014
6 13761.3465 019003002012018014 1785.15 033003002012018014
6 1785.15 033003002012018014 27.9418 004003002024018010
6 27.9418 004003002024018010 14017.55 012001002012013010
6 14017.55 012001002012013010 2862.45 012001002012013003
6 2862.45 012001002012013003 27.9418 004003002024018010
6 27.9418 004003002024018010 7366.864 012001002003013010
6 7366.864 012001002003013010 278.116 012001002003013015
6 278.116 012001002003013015 27.9418 004003002024018010
6 27.9418 004003002024018010 118.352 012001002003018010
6 118.352 012001002003018010 118.352 012001002003018010
6 118.352 012001002003018010 27.9418 004003002024018010
6 27.9418 004003002024018010 34007.55 008003002003018014
6 34007.55 008003002003018014 2073.58 008002002003018014
6 2073.58 008002002003018014 27.9418 004003002024018010
6 27.9418 004003002024018010 27980.8 012003002003018010
6 27980.8 012003002003018010 3366.02 030003002003018010
6 3366.02 030003002003018010 27.9418 004003002024018010
6 27.9418 004003002024018010 11749.8315 004001002003018014
6 11749.8315 004001002003018014 245.342 004001001003018014
6 245.342 004001001003018014 27.9418 004003002024018010
6 27.9418 004003002024018010 30879.7725 012003002003006014
6 30879.7725 012003002003006014 30879.7725 012003002003006014
6 30879.7725 012003002003006014 27.9418 004003002024018010
6 27.9418 004003002024018010 360.766 008001002024013014
6 360.766 008001002024013014 587.958 008001002023013014
6 587.958 008001002023013014 27.9418 004003002024018010
6 27.9418 004003002024018010 12400.306 012001002012006014
6 12400.306 012001002012006014 27.9418 004003002024018010
6 27.9418 004003002024018010 114.11095 008001002003006010
6 114.11095 008001002003006010 426.436 012003002024018014
6 426.436 012003002024018014 313.427 012003002024018005
6 313.427 012003002024018005 27.9418 004003002024018010
6 27.9418 004003002024018010 183568000.0 019001002003006005
6 183568000.0 019001002003006005 4825.39 019001002024006005
6 4825.39 019001002024006005 27.9418 004003002024018010
6 27.9418 004003002024018010 327.688 004003002024013014
6 327.688 004003002024013014 225.046 004003002024011014
6 225.046 004003002024011014 27.9418 004003002024018010
6 27.9418 004003002024018010 426.436 012003002024018014
6 426.436 012003002024018014 186.337 012001002024018014
6 186.337 012001002024018014 27.9418 004003002024018010
6 27.9418 004003002024018010 25447.5 012003002012006010
6 25447.5 012003002012006010 380.706 012003002012006018
6 380.706 012003002012006018 27.9418 004003002024018010
6 27.9418 004003002024018010 777.161 004003002003006014
6 777.161 004003002003006014 545.106 004001002003006014
6 545.106 004001002003006014 27.9418 004003002024018010
6 27.9418 004003002024018010 186.337 012001002024018014
6 186.337 012001002024018014 155.073 036001002024018014
6 155.073 036001002024018014 27.9418 004003002024018010
6 27.9418 004003002024018010 73380800.0 036003002003013014
6 73380800.0 036003002003013014 718.655 025003002003013014
6 718.655 025003002003013014 27.9418 004003002024018010
6 27.9418 004003002024018010 732.833 019001002003018010
6 732.833 019001002003018010 605.705 019001002003018016
6 605.705 019001002003018016 27.9418 004003002024018010
6 27.9418 004003002024018010 451.631 008001002003013010
6 451.631 008001002003013010 451.631 008001002003013010
6 451.631 008001002003013010 27.9418 004003002024018010
6 27.9418 004003002024018010 29640.4256 008003002003013014
6 29640.4256 008003002003013014 363.04 008003002003022014
6 363.04 008003002003022014 27.9418 004003002024018010
6 27.9418 004003002024018010 63123.6 004003002012006014
6 63123.6 004003002012006014 1843.98 004003002012006018
6 1843.98 004003002012006018 27.9418 004003002024018010
6 27.9418 004003002024018010 29127.6 008004002000013010
6 29127.6 008004002000013010 2170.19 008004001000013010
6 2170.19 008004001000013010 27.9418 004003002024018010
6 27.9418 004003002024018010 795.7845 008004002003013014
6 795.7845 008004002003013014 27.9418 004003002024018010
6 27.9418 004003002024018010 114.11095 008001002003006010
6 114.11095 008001002003006010 1949.665 008003002012013010
6 1949.665 008003002012013010 336.098 008003002012013014
6 336.098 008003002012013014 27.9418 004003002024018010
6 27.9418 004003002024018010 13761.3465 019003002012018014
6 13761.3465 019003002012018014 27.9418 004003002024018010
6 27.9418 004003002024018010 114.11095 008001002003006010
6 114.11095 008001002003006010 17279.6 004001002024013014
6 17279.6 004001002024013014 1844.11 004001002024013015
6 1844.11 004001002024013015 27.9418 004003002024018010
6 27.9418 004003002024018010 428.927 019001002024013014
6 428.927 019001002024013014 274.927 019004002024013014
6 274.927 019004002024013014 27.9418 004003002024018010
6 27.9418 004003002024018010 235.294 019001002024006014
6 235.294 019001002024006014 27.9418 004003002024018010
6 27.9418 004003002024018010 114.11095 008001002003006010
6 114.11095 008001002003006010 11749.8315 004001002003018014
6 11749.8315 004001002003018014 27.9418 004003002024018010
6 27.9418 004003002024018010 114.11095 008001002003006010
6 114.11095 008001002003006010 230.818 008001002000013014
6 230.818 008001002000013014 246.209 008001002000013011
6 246.209 008001002000013011 27.9418 004003002024018010
6 27.9418 004003002024018010 148.394 004001002003006010
6 148.394 004001002003006010 27.9418 004003002024018010
6 27.9418 004003002024018010 114.11095 008001002003006010
6 114.11095 008001002003006010 481.245 012001002003006014
6 481.245 012001002003006014 402.968 012004002003006014
6 402.968 012004002003006014 27.9418 004003002024018010
6 27.9418 004003002024018010 690.456 008003002003013010
6 690.456 008003002003013010 505.664 002003002003013010
6 505.664 002003002003013010 27.9418 004003002024018010
6 27.9418 004003002024018010 155.075 008001002024006014
6 155.075 008001002024006014 27.9418 004003002024018010
6 27.9418 004003002024018010 114.11095 008001002003006010
6 114.11095 008001002003006010 1070.0175 004001002012013010
6 1070.0175 004001002012013010 1635.82 013001002012013010
6 1635.82 013001002012013010 27.9418 004003002024018010
6 27.9418 004003002024018010 336.098 008003002012013014
6 336.098 008003002012013014 319.052 008003002014013014
6 319.052 008003002014013014 27.9418 004003002024018010
6 27.9418 004003002024018010 6980.8589999999995 012001002003018014
6 6980.8589999999995 012001002003018014 118.352 012001002003018010
6 118.352 012001002003018010 27.9418 004003002024018010
6 27.9418 004003002024018010 690.456 008003002003013010
6 690.456 008003002003013010 690.456 008003002003013010
6 690.456 008003002003013010 27.9418 004003002024018010
6 27.9418 004003002024018010 13835.165 004001002003018010
6 13835.165 004001002003018010 429.226 020001002003018010
6 429.226 020001002003018010 27.9418 004003002024018010
6 27.9418 004003002024018010 401.017 012003002003013014
6 401.017 012003002003013014 220.424 012003002001013014
6 220.424 012003002001013014 27.9418 004003002024018010
6 27.9418 004003002024018010 114.11095 008001002003006010
6 114.11095 008001002003006010 27.9418 004003002024018010
6 27.9418 004003002024018010 114.11095 008001002003006010
6 114.11095 008001002003006010 229.65825 008001002012013014
6 229.65825 008001002012013014 27.9418 004003002024018010
6 27.9418 004003002024018010 114.11095 008001002003006010
6 114.11095 008001002003006010 1753.29 019003002003018014
6 1753.29 019003002003018014 505.023 019005002003018014
6 505.023 019005002003018014 27.9418 004003002024018010
6 27.9418 004003002024018010 7366.864 012001002003013010
6 7366.864 012001002003013010 291.616 012001002003012010
6 291.616 012001002003012010 27.9418 004003002024018010
6 27.9418 004003002024018010 39022.2 012003002000018014
6 39022.2 012003002000018014 2265.23 012003002000018010
6 2265.23 012003002000018010 27.9418 004003002024018010
6 27.9418 004003002024018010 25763.3 008003002000013010
6 25763.3 008003002000013010 752.43 008003001000013010
6 752.43 008003001000013010 27.9418 004003002024018010
6 27.9418 004003002024018010 23178.6 008003001012013010
6 23178.6 008003001012013010 1949.665 008003002012013010
6 1949.665 008003002012013010 27.9418 004003002024018010
6 27.9418 004003002024018010 10150.459333333334 019001002003018014
6 10150.459333333334 019001002003018014 309.997 019001002003017014
6 309.997 019001002003017014 27.9418 004003002024018010
6 27.9418 004003002024018010 3199.04 008003002024006014
6 3199.04 008003002024006014 444.579 008003002001006014
6 444.579 008003002001006014 27.9418 004003002024018010
6 27.9418 004003002024018010 85651.3 008003002003006014
6 85651.3 008003002003006014 498.762 008003002010006014
6 498.762 008003002010006014 27.9418 004003002024018010
6 27.9418 004003002024018010 1925.9 008001002000006014
6 1925.9 008001002000006014 1663.47 008004002000006014
6 1663.47 008004002000006014 27.9418 004003002024018010
6 27.9418 004003002024018010 29640.4256 008003002003013014
6 29640.4256 008003002003013014 329.341 008003001003013014
6 329.341 008003001003013014 27.9418 004003002024018010
6 27.9418 004003002024018010 459.526 012003002003006010
6 459.526 012003002003006010 289.048 012003002003014010
6 289.048 012003002003014010 27.9418 004003002024018010
6 27.9418 004003002024018010 948.0039999999999 008004002000018010
6 948.0039999999999 008004002000018010 258.358 008004002024018010
6 258.358 008004002024018010 27.9418 004003002024018010
6 27.9418 004003002024018010 948.0039999999999 008004002000018010
6 948.0039999999999 008004002000018010 456.798 008004002000018007
6 456.798 008004002000018007 27.9418 004003002024018010
6 27.9418 004003002024018010 18017.2 012004002012013014
6 18017.2 012004002012013014 421.634 039004002012013014
6 421.634 039004002012013014 27.9418 004003002024018010
6 27.9418 004003002024018010 13835.165 004001002003018010
6 13835.165 004001002003018010 317.692 004001002003002010
6 317.692 004001002003002010 27.9418 004003002024018010
6 27.9418 004003002024018010 15362.3 012001002012006010
6 15362.3 012001002012006010 616.788 001001002012006010
6 616.788 001001002012006010 27.9418 004003002024018010
6 27.9418 004003002024018010 13450.1 012001002003013014
6 13450.1 012001002003013014 1742.41 012001001003013014
6 1742.41 012001001003013014 27.9418 004003002024018010
6 27.9418 004003002024018010 497.18600000000004 012001001012013014
6 497.18600000000004 012001001012013014 27.9418 004003002024018010
6 27.9418 004003002024018010 114.11095 008001002003006010
6 114.11095 008001002003006010 153.442 008003002012018014
6 153.442 008003002012018014 1005.18 008003000012018014
6 1005.18 008003000012018014 27.9418 004003002024018010
6 27.9418 004003002024018010 10818.299 019001002012018014
6 10818.299 019001002012018014 20838.6 016001002012018014
6 20838.6 016001002012018014 27.9418 004003002024018010
6 27.9418 004003002024018010 10150.459333333334 019001002003018014
6 10150.459333333334 019001002003018014 10150.459333333334 019001002003018014
6 10150.459333333334 019001002003018014 27.9418 004003002024018010
6 27.9418 004003002024018010 227.492 004001002024013010
6 227.492 004001002024013010 112.559 004000002024013010
6 112.559 004000002024013010 27.9418 004003002024018010
6 27.9418 004003002024018010 20345.9 004001002003013010
6 20345.9 004001002003013010 247.576 004004002003013010
6 247.576 004004002003013010 27.9418 004003002024018010
6 27.9418 004003002024018010 198.871 012000002003013014
6 198.871 012000002003013014 164.652 012000002003015014
6 164.652 012000002003015014 27.9418 004003002024018010
6 27.9418 004003002024018010 296.315 008001002024018014
6 296.315 008001002024018014 230.394 015001002024018014
6 230.394 015001002024018014 27.9418 004003002024018010
6 27.9418 004003002024018010 415.98 004004002003018010
6 415.98 004004002003018010 186.16 004004002003018017
6 186.16 004004002003018017 27.9418 004003002024018010
6 27.9418 004003002024018010 357.8 004003002003013014
6 357.8 004003002003013014 27.9418 004003002024018010
6 27.9418 004003002024018010 114.11095 008001002003006010
6 114.11095 008001002003006010 392.673 004003002012013014
6 392.673 004003002012013014 71.1741 004003002012008014
6 71.1741 004003002012008014 27.9418 004003002024018010
6 27.9418 004003002024018010 795.7845 008004002003013014
6 795.7845 008004002003013014 795.7845 008004002003013014
6 795.7845 008004002003013014 27.9418 004003002024018010
6 27.9418 004003002024018010 426.538 008003002012008014
6 426.538 008003002012008014 284.49 008003002012000014
6 284.49 008003002012000014 27.9418 004003002024018010
6 27.9418 004003002024018010 18814.1 004004002024013014
6 18814.1 004004002024013014 604.558 004004001024013014
6 604.558 004004001024013014 27.9418 004003002024018010
6 27.9418 004003002024018010 370.393 004001002012013014
6 370.393 004001002012013014 241.803 036001002012013014
6 241.803 036001002012013014 27.9418 004003002024018010
6 27.9418 004003002024018010 327.688 004003002024013014
6 327.688 004003002024013014 372.804 004003002008013014
6 372.804 004003002008013014 27.9418 004003002024018010
6 27.9418 004003002024018010 179.892 008003002003018010
6 179.892 008003002003018010 179.892 008003002003018010
6 179.892 008003002003018010 27.9418 004003002024018010
6 27.9418 004003002024018010 418.018 004003002012008010
6 418.018 004003002012008010 269.529 005003002012008010
6 269.529 005003002012008010 27.9418 004003002024018010
6 27.9418 004003002024018010 293.17 004003002003018014
6 293.17 004003002003018014 27.9418 004003002024018010
6 27.9418 004003002024018010 114.11095 008001002003006010
6 114.11095 008001002003006010 36253.0 019003002003008010
6 36253.0 019003002003008010 3787.97 019003001003008010
6 3787.97 019003001003008010 27.9418 004003002024018010
6 27.9418 004003002024018010 3965.1 019003002003018010
6 3965.1 019003002003018010 692.403 019003000003018010
6 692.403 019003000003018010 27.9418 004003002024018010
6 27.9418 004003002024018010 30226.3 019003002000006010
6 30226.3 019003002000006010 1337.6 019003002000015010
6 1337.6 019003002000015010 27.9418 004003002024018010
6 27.9418 004003002024018010 8443.028 019001002003013014
6 8443.028 019001002003013014 562.136 019001001003013014
6 562.136 019001001003013014 27.9418 004003002024018010
6 27.9418 004003002024018010 344.659 004000002003006014
6 344.659 004000002003006014 344.659 004000002003006014
6 344.659 004000002003006014 27.9418 004003002024018010
6 27.9418 004003002024018010 1971.54 019001002024008014
6 1971.54 019001002024008014 1637.21 019001002024024014
6 1637.21 019001002024024014 27.9418 004003002024018010
6 27.9418 004003002024018010 39287.8 019001002000013014
6 39287.8 019001002000013014 27502.9 019001002000013003
6 27502.9 019001002000013003 27.9418 004003002024018010
6 27.9418 004003002024018010 1748.72 019003002000018014
6 1748.72 019003002000018014 630.002 019003001000018014
6 630.002 019003001000018014 27.9418 004003002024018010
6 27.9418 004003002024018010 471.157 004000002012006014
6 471.157 004000002012006014 336.339 004000002012020014
6 336.339 004000002012020014 27.9418 004003002024018010
6 27.9418 004003002024018010 230.708 004001002000013014
6 230.708 004001002000013014 183.031 004001002022013014
6 183.031 004001002022013014 27.9418 004003002024018010
6 27.9418 004003002024018010 296.315 008001002024018014
6 296.315 008001002024018014 151.855 008004002024018014
6 151.855 008004002024018014 27.9418 004003002024018010
6 27.9418 004003002024018010 4517.02 012003002003008010
6 4517.02 012003002003008010 713.805 012003002024008010
6 713.805 012003002024008010 27.9418 004003002024018010
6 27.9418 004003002024018010 41450.5 012003002024008014
6 41450.5 012003002024008014 2983.43 036003002024008014
6 2983.43 036003002024008014 27.9418 004003002024018010
6 27.9418 004003002024018010 194382.0 019001002003013010
6 194382.0 019001002003013010 15598.6 021001002003013010
6 15598.6 021001002003013010 27.9418 004003002024018010
6 27.9418 004003002024018010 90651.8 008003002003008010
6 90651.8 008003002003008010 1940.41 008003002018008010
6 1940.41 008003002018008010 27.9418 004003002024018010
6 27.9418 004003002024018010 16840.1 019003002012006014
6 16840.1 019003002012006014 751.872 019005002012006014
6 751.872 019005002012006014 27.9418 004003002024018010
7 27.9418 004003002024018010 385228000.0 020001002005007001
7 385228000.0 020001002005007001 16106.7 020001002005024001
7 16106.7 020001002005024001 200.057 008001001007017018
7 200.057 008001001007017018 37826700.0 027002001025025005
7 37826700.0 027002001025025005 318.785 027002000025025005
7 318.785 027002000025025005 200.057 008001001007017018
7 200.057 008001001007017018 16361.085000000001 020000001007015010
7 16361.085000000001 020000001007015010 16361.085000000001 020000001007015010
7 16361.085000000001 020000001007015010 200.057 008001001007017018
7 200.057 008001001007017018 25264400.0 027005001025015001
7 25264400.0 027005001025015001 3585.14 027005001025020001
7 3585.14 027005001025020001 200.057 008001001007017018
7 200.057 008001001007017018 400893000.0 020002002002025005
7 400893000.0 020002002002025005 12769.6 020002002002025003
7 12769.6 020002002002025003 200.057 008001001007017018
7 200.057 008001001007017018 2351.29 008005002010002001
7 2351.29 008005002010002001 338.469 008005002010024001
7 338.469 008005002010024001 200.057 008001001007017018
7 200.057 008001001007017018 22652.9 008002001010024001
7 22652.9 008002001010024001 15398.9 008002002010024001
7 15398.9 008002002010024001 200.057 008001001007017018
7 200.057 008001001007017018 33159.957 008005002007024018
7 33159.957 008005002007024018 545.1370000000001 008005002009024018
7 545.1370000000001 008005002009024018 200.057 008001001007017018
7 200.057 008001001007017018 849.186 008005002025024001
7 849.186 008005002025024001 87.4296 005005002025024001
7 87.4296 005005002025024001 200.057 008001001007017018
7 200.057 008001001007017018 436.8365 023001002025017018
7 436.8365 023001002025017018 436.8365 023001002025017018
7 436.8365 023001002025017018 87.4296 005005002025024001
7 87.4296 005005002025024001 10803.3 023002002025024001
7 10803.3 023002002025024001 982.756 023000002025024001
7 982.756 023000002025024001 87.4296 005005002025024001
7 87.4296 005005002025024001 610.416 027005002007005018
7 610.416 027005002007005018 369.26 027005002007005015
7 369.26 027005002007005015 87.4296 005005002025024001
7 87.4296 005005002025024001 34647.3 008002002007005018
7 34647.3 008002002007005018 4955.13 008002002007005007
7 4955.13 008002002007005007 87.4296 005005002025024001
7 87.4296 005005002025024001 42225.30338666667 008001002025017018
7 42225.30338666667 008001002025017018 752.03075 008001002012017018
7 752.03075 008001002012017018 87.4296 005005002025024001
7 87.4296 005005002025024001 545.1370000000001 008005002009024018
7 545.1370000000001 008005002009024018 376.363 008005000009024018
7 376.363 008005000009024018 87.4296 005005002025024001
7 87.4296 005005002025024001 49074.1 008001000007017018
7 49074.1 008001000007017018 587.517 008001000016017018
7 587.517 008001000016017018 87.4296 005005002025024001
7 87.4296 005005002025024001 28178.3795 008005002010024018
7 28178.3795 008005002010024018 274.373 008005002010024011
7 274.373 008005002010024011 87.4296 005005002025024001
7 87.4296 005005002025024001 545.1370000000001 008005002009024018
7 545.1370000000001 008005002009024018 321.365 008005002019024018
7 321.365 008005002019024018 87.4296 005005002025024001
7 87.4296 005005002025024001 304.313 005005002009024018
7 304.313 005005002009024018 266.548 005005002009024015
7 266.548 005005002009024015 87.4296 005005002025024001
7 87.4296 005005002025024001 690.944 008005002009024001
7 690.944 008005002009024001 317.01 008005002007024001
7 317.01 008005002007024001 87.4296 005005002025024001
7 87.4296 005005002025024001 33159.957 008005002007024018
7 33159.957 008005002007024018 409.796 008005002007004018
7 409.796 008005002007004018 87.4296 005005002025024001
7 87.4296 005005002025024001 34898.6005 008005001010024018
7 34898.6005 008005001010024018 258.189 008005001010018018
7 258.189 008005001010018018 87.4296 005005002025024001
7 87.4296 005005002025024001 424.11766666666665 008005002010017018
7 424.11766666666665 008005002010017018 424.11766666666665 008005002010017018
7 424.11766666666665 008005002010017018 87.4296 005005002025024001
7 87.4296 005005002025024001 337143.0 005001001010024018
7 337143.0 005001001010024018 383.07 005005001010024018
7 383.07 005005001010024018 87.4296 005005002025024001
7 87.4296 005005002025024001 2132.84 005005001012024018
7 2132.84 005005001012024018 759.786 035005001012024018
7 759.786 035005001012024018 87.4296 005005002025024001
7 87.4296 005005002025024001 28178.3795 008005002010024018
7 28178.3795 008005002010024018 34898.6005 008005001010024018
7 34898.6005 008005001010024018 87.4296 005005002025024001
7 87.4296 005005002025024001 1812.605 008005002009018018
7 1812.605 008005002009018018 265.43 008005002009003018
7 265.43 008005002009003018 87.4296 005005002025024001
7 87.4296 005005002025024001 20307.6 008005002009024011
7 20307.6 008005002009024011 658.707 008005001009024011
7 658.707 008005001009024011 87.4296 005005002025024001
7 87.4296 005005002025024001 721.425 005005001007024018
7 721.425 005005001007024018 634.956 005005001007018018
7 634.956 005005001007018018 87.4296 005005002025024001
7 87.4296 005005002025024001 484.258 008001002012024015
7 484.258 008001002012024015 270.069 022001002012024015
7 270.069 022001002012024015 87.4296 005005002025024001
7 87.4296 005005002025024001 474.83 022005002009024018
7 474.83 022005002009024018 411.219 022005002009024012
7 411.219 022005002009024012 87.4296 005005002025024001
7 87.4296 005005002025024001 22249.6 005001002012017012
7 22249.6 005001002012017012 14365.3 005001001012017012
7 14365.3 005001001012017012 87.4296 005005002025024001
7 87.4296 005005002025024001 287.6685 005005002025003012
7 287.6685 005005002025003012 287.6685 005005002025003012
7 287.6685 005005002025003012 87.4296 005005002025024001
7 87.4296 005005002025024001 14360.57 008005002025017012
7 14360.57 008005002025017012 9949.12 008005002025017002
7 9949.12 008005002025017002 87.4296 005005002025024001
7 87.4296 005005002025024001 1831.36 005005002009017018
7 1831.36 005005002009017018 276.772 005005000009017018
7 276.772 005005000009017018 87.4296 005005002025024001
7 87.4296 005005002025024001 516.7 008005002007018018
7 516.7 008005002007018018 422.258 008005002020018018
7 422.258 008005002020018018 87.4296 005005002025024001
7 87.4296 005005002025024001 45085.2 008001002009003018
7 45085.2 008001002009003018 415.52049999999997 008001000009003018
7 415.52049999999997 008001000009003018 87.4296 005005002025024001
7 87.4296 005005002025024001 1767.41 008001001009003018
7 1767.41 008001001009003018 415.52049999999997 008001000009003018
7 415.52049999999997 008001000009003018 87.4296 005005002025024001
7 87.4296 005005002025024001 350.739 005005002025024012
7 350.739 005005002025024012 5811.11975 005005002025024013
7 5811.11975 005005002025024013 87.4296 005005002025024001
7 87.4296 005005002025024001 418.00199999999995 005005000025017018
7 418.00199999999995 005005000025017018 87.4296 005005002025024001
7 87.4296 005005002025024001 752.03075 008001002012017018
7 752.03075 008001002012017018 1812.605 008005002009018018
7 1812.605 008005002009018018 1557.07 008001002009018018
7 1557.07 008001002009018018 87.4296 005005002025024001
7 87.4296 005005002025024001 5811.11975 005005002025024013
7 5811.11975 005005002025024013 387.507 005003002025024013
7 387.507 005003002025024013 87.4296 005005002025024001
7 87.4296 005005002025024001 23660.0 005001002012018013
7 23660.0 005001002012018013 23660.0 005001002012018013
7 23660.0 005001002012018013 87.4296 005005002025024001
7 87.4296 005005002025024001 328.737 005005002012024018
7 328.737 005005002012024018 259.96 005005002012024011
7 259.96 005005002012024011 87.4296 005005002025024001
7 87.4296 005005002025024001 40043.623 008005002012017018
7 40043.623 008005002012017018 24702.1 008005002012017011
7 24702.1 008005002012017011 87.4296 005005002025024001
7 87.4296 005005002025024001 743.398 008005002025024011
7 743.398 008005002025024011 441.844 008005002015024011
7 441.844 008005002015024011 87.4296 005005002025024001
7 87.4296 005005002025024001 33159.957 008005002007024018
7 33159.957 008005002007024018 388.644 008001002007024018
7 388.644 008001002007024018 87.4296 005005002025024001
7 87.4296 005005002025024001 361.092 008005002025024018
7 361.092 008005002025024018 264.954 008005002025024005
7 264.954 008005002025024005 87.4296 005005002025024001
7 87.4296 005005002025024001 165.356 005001002010017018
7 165.356 005001002010017018 87.4296 005005002025024001
7 87.4296 005005002025024001 752.03075 008001002012017018
7 752.03075 008001002012017018 1725.72 008005002025003018
7 1725.72 008005002025003018 251.895 001005002025003018
7 251.895 001005002025003018 87.4296 005005002025024001
7 87.4296 005005002025024001 410.8455 005005001010003018
7 410.8455 005005001010003018 410.8455 005005001010003018
7 410.8455 005005001010003018 87.4296 005005002025024001
7 87.4296 005005002025024001 450.334 008001002007003012
7 450.334 008001002007003012 247.352 008001002011003012
7 247.352 008001002011003012 87.4296 005005002025024001
7 87.4296 005005002025024001 470.745 008005002025003012
7 470.745 008005002025003012 325.522 009005002025003012
7 325.522 009005002025003012 87.4296 005005002025024001
7 87.4296 005005002025024001 69282.4 008005000025017018
7 69282.4 008005000025017018 370.121 008005001025017018
7 370.121 008005001025017018 87.4296 005005002025024001
7 87.4296 005005002025024001 4153.845 005005002025017013
7 4153.845 005005002025017013 350.75 005005002025017007
7 350.75 005005002025017007 87.4296 005005002025024001
7 87.4296 005005002025024001 863.449 005001000025003001
7 863.449 005001000025003001 428.817 005004000025003001
7 428.817 005004000025003001 87.4296 005005002025024001
7 87.4296 005005002025024001 2577.83 008001000011003001
7 2577.83 008001000011003001 494.617 008001002011003001
7 494.617 008001002011003001 87.4296 005005002025024001
7 87.4296 005005002025024001 958.5839500000001 008005002025017013
7 958.5839500000001 008005002025017013 87.4296 005005002025024001
7 87.4296 005005002025024001 752.03075 008001002012017018
7 752.03075 008001002012017018 121418.0 008001002007017018
7 121418.0 008001002007017018 314.063 008001002007016018
7 314.063 008001002007016018 958.5839500000001 008005002025017013
7 958.5839500000001 008005002025017013 747.2835 008001002010017013
7 747.2835 008001002010017013 334.775 023001002010017013
7 334.775 023001002010017013 958.5839500000001 008005002025017013
7 958.5839500000001 008005002025017013 488.623 005005000007024013
7 488.623 005005000007024013 462.432 009005000007024013
7 462.432 009005000007024013 958.5839500000001 008005002025017013
7 958.5839500000001 008005002025017013 4153.845 005005002025017013
7 4153.845 005005002025017013 429.275 019005002025017013
7 429.275 019005002025017013 958.5839500000001 008005002025017013
7 958.5839500000001 008005002025017013 14360.57 008005002025017012
7 14360.57 008005002025017012 248.358 008005002025012012
7 248.358 008005002025012012 958.5839500000001 008005002025017013
7 958.5839500000001 008005002025017013 22104.0 005001001012017013
7 22104.0 005001001012017013 16596.0 005001001012016013
7 16596.0 005001001012016013 958.5839500000001 008005002025017013
7 958.5839500000001 008005002025017013 491.163 008001001025017013
7 491.163 008001001025017013 357.367 031001001025017013
7 357.367 031001001025017013 958.5839500000001 008005002025017013
7 958.5839500000001 008005002025017013 9839.07 005001002025024001
7 9839.07 005001002025024001 16155.6 005001002025003001
7 16155.6 005001002025003001 958.5839500000001 008005002025017013
7 958.5839500000001 008005002025017013 42225.30338666667 008001002025017018
7 42225.30338666667 008001002025017018 619.344 008001002025000018
7 619.344 008001002025000018 958.5839500000001 008005002025017013
7 958.5839500000001 008005002025017013 418.863 008001002012003018
7 418.863 008001002012003018 181.911 008001002012005018
7 181.911 008001002012005018 958.5839500000001 008005002025017013
7 958.5839500000001 008005002025017013 4800.0371000000005 005001002025017013
7 4800.0371000000005 005001002025017013 253.4205 005001002025017015
7 253.4205 005001002025017015 958.5839500000001 008005002025017013
7 958.5839500000001 008005002025017013 1757.01 005005002010005018
7 1757.01 005005002010005018 247.128 005005002005005018
7 247.128 005005002005005018 958.5839500000001 008005002025017013
7 958.5839500000001 008005002025017013 253.4205 005001002025017015
7 253.4205 005001002025017015 958.5839500000001 008005002025017013
7 958.5839500000001 008005002025017013 87.4296 005005002025024001
7 87.4296 005005002025024001 18557.6 005001002025005013
7 18557.6 005001002025005013 275.393 005001002025003013
7 275.393 005001002025003013 958.5839500000001 008005002025017013
7 958.5839500000001 008005002025017013 328.14300000000003 008005002025017018
7 328.14300000000003 008005002025017018 155.158 008005002002017018
7 155.158 008005002002017018 958.5839500000001 008005002025017013
7 958.5839500000001 008005002025017013 26735.639499999997 005001002025017018
7 26735.639499999997 005001002025017018 1717.09 005000002025017018
7 1717.09 005000002025017018 958.5839500000001 008005002025017013
7 958.5839500000001 008005002025017013 12867.6 005005002012017001
7 12867.6 005005002012017001 234.471 005005002012017016
7 234.471 005005002012017016 958.5839500000001 008005002025017013
7 958.5839500000001 008005002025017013 59237.4 005001002012005018
7 59237.4 005001002012005018 223.86 005005002012005018
7 223.86 005005002012005018 958.5839500000001 008005002025017013
7 958.5839500000001 008005002025017013 6497.696475000001 008001002010017018
7 6497.696475000001 008001002010017018 958.5839500000001 008005002025017013
7 958.5839500000001 008005002025017013 87.4296 005005002025024001
7 87.4296 005005002025024001 40043.623 008005002012017018
7 40043.623 008005002012017018 958.5839500000001 008005002025017013
7 958.5839500000001 008005002025017013 6497.696475000001 008001002010017018
7 6497.696475000001 008001002010017018 46403.033 005005002025017018
7 46403.033 005005002025017018 418.00199999999995 005005000025017018
7 418.00199999999995 005005000025017018 958.5839500000001 008005002025017013
7 958.5839500000001 008005002025017013 1803.55 005005002002017015
7 1803.55 005005002002017015 432.961 008005002002017015
7 432.961 008005002002017015 958.5839500000001 008005002025017013
7 958.5839500000001 008005002025017013 243.841 005005002012017018
7 243.841 005005002012017018 114.652 005003002012017018
7 114.652 005003002012017018 958.5839500000001 008005002025017013
7 958.5839500000001 008005002025017013 86.0251 005001002002024013
7 86.0251 005001002002024013 958.5839500000001 008005002025017013
7 958.5839500000001 008005002025017013 6497.696475000001 008001002010017018
7 6497.696475000001 008001002010017018 752.03075 008001002012017018
7 752.03075 008001002012017018 752.03075 008001002012017018
7 752.03075 008001002012017018 958.5839500000001 008005002025017013
7 958.5839500000001 008005002025017013 6497.696475000001 008001002010017018
7 6497.696475000001 008001002010017018 191.414 008001002010017017
7 191.414 008001002010017017 958.5839500000001 008005002025017013
7 958.5839500000001 008005002025017013 23213.733333333334 005001002012017018
7 23213.733333333334 005001002012017018 303.814 005001002017017018
7 303.814 005001002017017018 958.5839500000001 008005002025017013
7 958.5839500000001 008005002025017013 316.743 005001002010017013
7 316.743 005001002010017013 316.743 005001002010017013
7 316.743 005001002010017013 958.5839500000001 008005002025017013
7 958.5839500000001 008005002025017013 27045.3395 008001002010024018
7 27045.3395 008001002010024018 212.559 008001002010015018
7 212.559 008001002010015018 958.5839500000001 008005002025017013
7 958.5839500000001 008005002025017013 12570.435 008001002012015018
7 12570.435 008001002012015018 12570.435 008001002012015018
7 12570.435 008001002012015018 958.5839500000001 008005002025017013
7 958.5839500000001 008005002025017013 23213.733333333334 005001002012017018
7 23213.733333333334 005001002012017018 12564.0 005006002012017018
7 12564.0 005006002012017018 958.5839500000001 008005002025017013
7 958.5839500000001 008005002025017013 1099.2849999999999 005001002002017001
7 1099.2849999999999 005001002002017001 958.5839500000001 008005002025017013
7 958.5839500000001 008005002025017013 6497.696475000001 008001002010017018
7 6497.696475000001 008001002010017018 728.496 005003002002017001
7 728.496 005003002002017001 305.299 018003002002017001
7 305.299 018003002002017001 958.5839500000001 008005002025017013
7 958.5839500000001 008005002025017013 244.31550000000001 005001002012024015
7 244.31550000000001 005001002012024015 244.31550000000001 005001002012024015
7 244.31550000000001 005001002012024015 958.5839500000001 008005002025017013
7 958.5839500000001 008005002025017013 61203.0 005003002010017018
7 61203.0 005003002010017018 472.124 005000002010017018
7 472.124 005000002010017018 958.5839500000001 008005002025017013
7 958.5839500000001 008005002025017013 554.572 008001002002024001
7 554.572 008001002002024001 461.646 008001002009024001
7 461.646 008001002009024001 958.5839500000001 008005002025017013
7 958.5839500000001 008005002025017013 501.318 008001002012017013
7 501.318 008001002012017013 180.404 016001002012017013
7 180.404 016001002012017013 958.5839500000001 008005002025017013
7 958.5839500000001 008005002025017013 752.03075 008001002012017018
7 752.03075 008001002012017018 526.541 008004002012017018
7 526.541 008004002012017018 958.5839500000001 008005002025017013
7 958.5839500000001 008005002025017013 26735.639499999997 005001002025017018
7 26735.639499999997 005001002025017018 12085.7315 005001002011017018
7 12085.7315 005001002011017018 958.5839500000001 008005002025017013
7 958.5839500000001 008005002025017013 23213.733333333334 005001002012017018
7 23213.733333333334 005001002012017018 495.485 005001002012017011
7 495.485 005001002012017011 958.5839500000001 008005002025017013
7 958.5839500000001 008005002025017013 42225.30338666667 008001002025017018
7 42225.30338666667 008001002025017018 958.5839500000001 008005002025017013
7 958.5839500000001 008005002025017013 6497.696475000001 008001002010017018
7 6497.696475000001 008001002010017018 308.842 005001002002017018
7 308.842 005001002002017018 958.5839500000001 008005002025017013
7 958.5839500000001 008005002025017013 42225.30338666667 008001002025017018
7 42225.30338666667 008001002025017018 353.237 008003002011017018
7 353.237 008003002011017018 958.5839500000001 008005002025017013
7 958.5839500000001 008005002025017013 42225.30338666667 008001002025017018
7 42225.30338666667 008001002025017018 328.14300000000003 008005002025017018
7 328.14300000000003 008005002025017018 958.5839500000001 008005002025017013
7 958.5839500000001 008005002025017013 42225.30338666667 008001002025017018
7 42225.30338666667 008001002025017018 12085.7315 005001002011017018
7 12085.7315 005001002011017018 625.363 005001002011017006
7 625.363 005001002011017006 958.5839500000001 008005002025017013
7 958.5839500000001 008005002025017013 315.8163333333333 005001002025017001
7 315.8163333333333 005001002025017001 204.943 005001002025017014
7 204.943 005001002025017014 958.5839500000001 008005002025017013
7 958.5839500000001 008005002025017013 46403.033 005005002025017018
7 46403.033 005005002025017018 1688.76 004005002025017018
7 1688.76 004005002025017018 958.5839500000001 008005002025017013
7 958.5839500000001 008005002025017013 4153.845 005005002025017013
7 4153.845 005005002025017013 302.077 005005001025017013
7 302.077 005005001025017013 958.5839500000001 008005002025017013
7 958.5839500000001 008005002025017013 5054.405285714286 008001002025017001
7 5054.405285714286 008001002025017001 102.036 002001002025017001
7 102.036 002001002025017001 958.5839500000001 008005002025017013
7 958.5839500000001 008005002025017013 46403.033 005005002025017018
7 46403.033 005005002025017018 143.267 033005002025017018
7 143.267 033005002025017018 958.5839500000001 008005002025017013
7 958.5839500000001 008005002025017013 4800.0371000000005 005001002025017013
7 4800.0371000000005 005001002025017013 267.854 005001002025022013
7 267.854 005001002025022013 958.5839500000001 008005002025017013
7 958.5839500000001 008005002025017013 430.598 005001002025024018
7 430.598 005001002025024018 277.76303333333334 036001002025024018
7 277.76303333333334 036001002025024018 958.5839500000001 008005002025017013
7 958.5839500000001 008005002025017013 4800.0371000000005 005001002025017013
7 4800.0371000000005 005001002025017013 277.143 005001002009017013
7 277.143 005001002009017013 958.5839500000001 008005002025017013
7 958.5839500000001 008005002025017013 9839.07 005001002025024001
7 9839.07 005001002025024001 172.084 020001002025024001
7 172.084 020001002025024001 958.5839500000001 008005002025017013
7 958.5839500000001 008005002025017013 391.996 005005002025024018
7 391.996 005005002025024018 155.104 005005002019024018
7 155.104 005005002019024018 958.5839500000001 008005002025017013
7 958.5839500000001 008005002025017013 430.598 005001002025024018
7 430.598 005001002025024018 353.214 005001002015024018
7 353.214 005001002015024018 958.5839500000001 008005002025017013
7 958.5839500000001 008005002025017013 681.629 036003002025024001
7 681.629 036003002025024001 635.222 036003002018024001
7 635.222 036003002018024001 958.5839500000001 008005002025017013
7 958.5839500000001 008005002025017013 8353.53425 005001002025024013
7 8353.53425 005001002025024013 258.243 005001002025008013
7 258.243 005001002025008013 958.5839500000001 008005002025017013
7 958.5839500000001 008005002025017013 340.753 008001002025024018
7 340.753 008001002025024018 340.753 008001002025024018
7 340.753 008001002025024018 958.5839500000001 008005002025017013
7 958.5839500000001 008005002025017013 8353.53425 005001002025024013
7 8353.53425 005001002025024013 508.26 005001002025023013
7 508.26 005001002025023013 958.5839500000001 008005002025017013
7 958.5839500000001 008005002025017013 4800.0371000000005 005001002025017013
7 4800.0371000000005 005001002025017013 958.5839500000001 008005002025017013
7 958.5839500000001 008005002025017013 42225.30338666667 008001002025017018
7 42225.30338666667 008001002025017018 958.5839500000001 008005002025017013
7 958.5839500000001 008005002025017013 421.547 008002002025017013
7 421.547 008002002025017013 958.5839500000001 008005002025017013
7 958.5839500000001 008005002025017013 15618.5 036005002002017001
7 15618.5 036005002002017001 519.463 036005000002017001
7 519.463 036005000002017001 958.5839500000001 008005002025017013
7 958.5839500000001 008005002025017013 42225.30338666667 008001002025017018
7 42225.30338666667 008001002025017018 265.376 008001002025003018
7 265.376 008001002025003018 958.5839500000001 008005002025017013
7 958.5839500000001 008005002025017013 4305.490666666667 036001002025017013
7 4305.490666666667 036001002025017013 558.064 036001002014017013
7 558.064 036001002014017013 958.5839500000001 008005002025017013
7 958.5839500000001 008005002025017013 46403.033 005005002025017018
7 46403.033 005005002025017018 194.967 010005002025017018
7 194.967 010005002025017018 958.5839500000001 008005002025017013
7 958.5839500000001 008005002025017013 31902.1 036001002010017018
7 31902.1 036001002010017018 26593.7 036001002010007018
7 26593.7 036001002010007018 958.5839500000001 008005002025017013
7 958.5839500000001 008005002025017013 391.996 005005002025024018
7 391.996 005005002025024018 344.794 005005001025024018
7 344.794 005005001025024018 958.5839500000001 008005002025017013
7 958.5839500000001 008005002025017013 614.945 005005001025017018
7 614.945 005005001025017018 523.996 005004001025017018
7 523.996 005004001025017018 958.5839500000001 008005002025017013
7 958.5839500000001 008005002025017013 29694.6 036005002025024018
7 29694.6 036005002025024018 329.803 036002002025024018
7 329.803 036002002025024018 958.5839500000001 008005002025017013
7 958.5839500000001 008005002025017013 384.22200000000004 005002002025017018
7 384.22200000000004 005002002025017018 958.5839500000001 008005002025017013
7 958.5839500000001 008005002025017013 42225.30338666667 008001002025017018
7 42225.30338666667 008001002025017018 26735.639499999997 005001002025017018
7 26735.639499999997 005001002025017018 472.611 027001002025017018
7 472.611 027001002025017018 958.5839500000001 008005002025017013
7 958.5839500000001 008005002025017013 340.753 008001002025024018
7 340.753 008001002025024018 340.753 008001002025024018
7 340.753 008001002025024018 958.5839500000001 008005002025017013
7 958.5839500000001 008005002025017013 42225.30338666667 008001002025017018
7 42225.30338666667 008001002025017018 42225.30338666667 008001002025017018
7 42225.30338666667 008001002025017018 958.5839500000001 008005002025017013
7 958.5839500000001 008005002025017013 5811.11975 005005002025024013
7 5811.11975 005005002025024013 145.174 005005002025006013
7 145.174 005005002025006013 958.5839500000001 008005002025017013
7 958.5839500000001 008005002025017013 340.753 008001002025024018
7 340.753 008001002025024018 1681.79 008001002018024018
7 1681.79 008001002018024018 958.5839500000001 008005002025017013
7 958.5839500000001 008005002025017013 26735.639499999997 005001002025017018
7 26735.639499999997 005001002025017018 384.22200000000004 005002002025017018
7 384.22200000000004 005002002025017018 958.5839500000001 008005002025017013
7 958.5839500000001 008005002025017013 27045.3395 008001002010024018
7 27045.3395 008001002010024018 287.111 008001002010024006
7 287.111 008001002010024006 958.5839500000001 008005002025017013
7 958.5839500000001 008005002025017013 568.072 005001002025024006
7 568.072 005001002025024006 262.044 005001002008024006
7 262.044 005001002008024006 958.5839500000001 008005002025017013
7 958.5839500000001 008005002025017013 16116.9 005001002025017006
7 16116.9 005001002025017006 327.057 005001000025017006
7 327.057 005001000025017006 958.5839500000001 008005002025017013
7 958.5839500000001 008005002025017013 1099.2849999999999 005001002002017001
7 1099.2849999999999 005001002002017001 621.74 017001002002017001
7 621.74 017001002002017001 958.5839500000001 008005002025017013
7 958.5839500000001 008005002025017013 4462.660647058823 008001002025017013
7 4462.660647058823 008001002025017013 958.5839500000001 008005002025017013
7 958.5839500000001 008005002025017013 42225.30338666667 008001002025017018
7 42225.30338666667 008001002025017018 1255.6 008005002025017001
7 1255.6 008005002025017001 1255.6 008005002025017001
7 1255.6 008005002025017001 958.5839500000001 008005002025017013
7 958.5839500000001 008005002025017013 315.8163333333333 005001002025017001
7 315.8163333333333 005001002025017001 958.5839500000001 008005002025017013
7 958.5839500000001 008005002025017013 42225.30338666667 008001002025017018
7 42225.30338666667 008001002025017018 26735.639499999997 005001002025017018
7 26735.639499999997 005001002025017018 46403.033 005005002025017018
7 46403.033 005005002025017018 958.5839500000001 008005002025017013
7 958.5839500000001 008005002025017013 29694.6 036005002025024018
7 29694.6 036005002025024018 488.406 036005001025024018
7 488.406 036005001025024018 958.5839500000001 008005002025017013
7 958.5839500000001 008005002025017013 487.04 005005002010017018
7 487.04 005005002010017018 445.557 005005002016017018
7 445.557 005005002016017018 958.5839500000001 008005002025017013
7 958.5839500000001 008005002025017013 4462.660647058823 008001002025017013
7 4462.660647058823 008001002025017013 4462.660647058823 008001002025017013
7 4462.660647058823 008001002025017013 958.5839500000001 008005002025017013
7 958.5839500000001 008005002025017013 6497.696475000001 008001002010017018
7 6497.696475000001 008001002010017018 191.884 008001001010017018
7 191.884 008001001010017018 958.5839500000001 008005002025017013
7 958.5839500000001 008005002025017013 6497.696475000001 008001002010017018
7 6497.696475000001 008001002010017018 958.5839500000001 008005002025017013
7 958.5839500000001 008005002025017013 42225.30338666667 008001002025017018
7 42225.30338666667 008001002025017018 277.76303333333334 036001002025024018
7 277.76303333333334 036001002025024018 395.564 018001002025024018
7 395.564 018001002025024018 958.5839500000001 008005002025017013
7 958.5839500000001 008005002025017013 109.721 036001002025024013
7 109.721 036001002025024013 958.5839500000001 008005002025017013
7 958.5839500000001 008005002025017013 42225.30338666667 008001002025017018
7 42225.30338666667 008001002025017018 293.653 002005002025017013
7 293.653 002005002025017013 248.387 027005002025017013
7 248.387 027005002025017013 958.5839500000001 008005002025017013
7 958.5839500000001 008005002025017013 42225.30338666667 008001002025017018
7 42225.30338666667 008001002025017018 958.5839500000001 008005002025017013
7 958.5839500000001 008005002025017013 42225.30338666667 008001002025017018
7 42225.30338666667 008001002025017018 4462.660647058823 008001002025017013
7 4462.660647058823 008001002025017013 168.682 008001002017017013
7 168.682 008001002017017013 958.5839500000001 008005002025017013
7 958.5839500000001 008005002025017013 61962.1 036005002010017018
7 61962.1 036005002010017018 351.087 036005002010023018
7 351.087 036005002010023018 958.5839500000001 008005002025017013
7 958.5839500000001 008005002025017013 46403.033 005005002025017018
7 46403.033 005005002025017018 306.73 005005002025005018
7 306.73 005005002025005018 958.5839500000001 008005002025017013
7 958.5839500000001 008005002025017013 5054.405285714286 008001002025017001
7 5054.405285714286 008001002025017001 5855.315 008001002025017008
7 5855.315 008001002025017008 958.5839500000001 008005002025017013
7 958.5839500000001 008005002025017013 1611.08 002001002002024018
7 1611.08 002001002002024018 318.503 002001002022024018
7 318.503 002001002022024018 958.5839500000001 008005002025017013
7 958.5839500000001 008005002025017013 164.239 008001002022017018
7 164.239 008001002022017018 958.5839500000001 008005002025017013
7 958.5839500000001 008005002025017013 42225.30338666667 008001002025017018
7 42225.30338666667 008001002025017018 4462.660647058823 008001002025017013
7 4462.660647058823 008001002025017013 125.662 040001002025017013
7 125.662 040001002025017013 958.5839500000001 008005002025017013
7 958.5839500000001 008005002025017013 26735.639499999997 005001002025017018
7 26735.639499999997 005001002025017018 303.87 005001001025017018
7 303.87 005001001025017018 958.5839500000001 008005002025017013
7 958.5839500000001 008005002025017013 4800.0371000000005 005001002025017013
7 4800.0371000000005 005001002025017013 4153.845 005005002025017013
7 4153.845 005005002025017013 958.5839500000001 008005002025017013
7 958.5839500000001 008005002025017013 4462.660647058823 008001002025017013
7 4462.660647058823 008001002025017013 421.547 008002002025017013
7 421.547 008002002025017013 958.5839500000001 008005002025017013
7 958.5839500000001 008005002025017013 4305.490666666667 036001002025017013
7 4305.490666666667 036001002025017013 402.932 036001002025017010
7 402.932 036001002025017010 958.5839500000001 008005002025017013
7 958.5839500000001 008005002025017013 1685.44 005001002010024018
7 1685.44 005001002010024018 280.747 005001002010020018
7 280.747 005001002010020018 958.5839500000001 008005002025017013
7 958.5839500000001 008005002025017013 4462.660647058823 008001002025017013
7 4462.660647058823 008001002025017013 958.5839500000001 008005002025017013
7 958.5839500000001 008005002025017013 42225.30338666667 008001002025017018
7 42225.30338666667 008001002025017018 424.11766666666665 008005002010017018
7 424.11766666666665 008005002010017018 958.5839500000001 008005002025017013
7 958.5839500000001 008005002025017013 42225.30338666667 008001002025017018
7 42225.30338666667 008001002025017018 5054.405285714286 008001002025017001
7 5054.405285714286 008001002025017001 8615.37 008001002025007001
7 8615.37 008001002025007001 958.5839500000001 008005002025017013
7 958.5839500000001 008005002025017013 5054.405285714286 008001002025017001
7 5054.405285714286 008001002025017001 5054.405285714286 008001002025017001
7 5054.405285714286 008001002025017001 958.5839500000001 008005002025017013
7 958.5839500000001 008005002025017013 289.899 002001002002024013
7 289.899 002001002002024013 254.093 009001002002024013
7 254.093 009001002002024013 958.5839500000001 008005002025017013
7 958.5839500000001 008005002025017013 199.298 008001002002017018
7 199.298 008001002002017018 439.008 027001002002017018
7 439.008 027001002002017018 958.5839500000001 008005002025017013
7 958.5839500000001 008005002025017013 42225.30338666667 008001002025017018
7 42225.30338666667 008001002025017018 75464.4 008001002016017018
7 75464.4 008001002016017018 958.5839500000001 008005002025017013
7 958.5839500000001 008005002025017013 747.2835 008001002010017013
7 747.2835 008001002010017013 958.5839500000001 008005002025017013
7 958.5839500000001 008005002025017013 42225.30338666667 008001002025017018
7 42225.30338666667 008001002025017018 5054.405285714286 008001002025017001
7 5054.405285714286 008001002025017001 148.254 008001000025017001
7 148.254 008001000025017001 958.5839500000001 008005002025017013
7 958.5839500000001 008005002025017013 9839.07 005001002025024001
7 9839.07 005001002025024001 191.445 005001002025024014
7 191.445 005001002025024014 958.5839500000001 008005002025017013
7 958.5839500000001 008005002025017013 330.832 036005002025017013
7 330.832 036005002025017013 958.5839500000001 008005002025017013
7 958.5839500000001 008005002025017013 42225.30338666667 008001002025017018
7 42225.30338666667 008001002025017018 25285.8 002005002025024001
7 25285.8 002005002025024001 13051.8 002005002014024001
7 13051.8 002005002014024001 958.5839500000001 008005002025017013
7 958.5839500000001 008005002025017013 21527.6 036001002002017018
7 21527.6 036001002002017018 1694.61 030001002002017018
7 1694.61 030001002002017018 958.5839500000001 008005002025017013
7 958.5839500000001 008005002025017013 255.227 008001002025024013
7 255.227 008001002025024013 466.03 008001002025010013
7 466.03 008001002025010013 958.5839500000001 008005002025017013
7 958.5839500000001 008005002025017013 1679.24 005001002002024001
7 1679.24 005001002002024001 379.322 005001002002024011
7 379.322 005001002002024011 958.5839500000001 008005002025017013
7 958.5839500000001 008005002025017013 354.133 005001002002024018
7 354.133 005001002002024018 280.147 005001002002009018
7 280.147 005001002002009018 958.5839500000001 008005002025017013
7 958.5839500000001 008005002025017013 5054.405285714286 008001002025017001
7 5054.405285714286 008001002025017001 102.036 002001002025017001
7 102.036 002001002025017001 958.5839500000001 008005002025017013
7 958.5839500000001 008005002025017013 42225.30338666667 008001002025017018
7 42225.30338666667 008001002025017018 131.789 008001002025020018
7 131.789 008001002025020018 958.5839500000001 008005002025017013
7 958.5839500000001 008005002025017013 8353.53425 005001002025024013
7 8353.53425 005001002025024013 109.721 036001002025024013
7 109.721 036001002025024013 958.5839500000001 008005002025017013
7 958.5839500000001 008005002025017013 8353.53425 005001002025024013
7 8353.53425 005001002025024013 5811.11975 005005002025024013
7 5811.11975 005005002025024013 958.5839500000001 008005002025017013
7 958.5839500000001 008005002025017013 315.8163333333333 005001002025017001
7 315.8163333333333 005001002025017001 958.5839500000001 008005002025017013
7 958.5839500000001 008005002025017013 42225.30338666667 008001002025017018
7 42225.30338666667 008001002025017018 26735.639499999997 005001002025017018
7 26735.639499999997 005001002025017018 501.683 011001002025017018
7 501.683 011001002025017018 958.5839500000001 008005002025017013
7 958.5839500000001 008005002025017013 255.227 008001002025024013
7 255.227 008001002025024013 255.227 008001002025024013
7 255.227 008001002025024013 958.5839500000001 008005002025017013
7 958.5839500000001 008005002025017013 4462.660647058823 008001002025017013
7 4462.660647058823 008001002025017013 579.385 008001002013017013
7 579.385 008001002013017013 958.5839500000001 008005002025017013
7 958.5839500000001 008005002025017013 4153.845 005005002025017013
7 4153.845 005005002025017013 958.5839500000001 008005002025017013
7 958.5839500000001 008005002025017013 42225.30338666667 008001002025017018
7 42225.30338666667 008001002025017018 23246.5 002005002002024013
7 23246.5 002005002002024013 335.418 002005002002024008
7 335.418 002005002002024008 958.5839500000001 008005002025017013
7 958.5839500000001 008005002025017013 267.629 008001002002024013
7 267.629 008001002002024013 212.781 008001002002018013
7 212.781 008001002002018013 958.5839500000001 008005002025017013
7 958.5839500000001 008005002025017013 4800.0371000000005 005001002025017013
7 4800.0371000000005 005001002025017013 4153.845 005005002025017013
7 4153.845 005005002025017013 958.5839500000001 008005002025017013
7 958.5839500000001 008005002025017013 424.06 036001002002017013
7 424.06 036001002002017013 9388.2229 018001002002017013
7 9388.2229 018001002002017013 958.5839500000001 008005002025017013
7 958.5839500000001 008005002025017013 316.743 005001002010017013
7 316.743 005001002010017013 322.308 005001002010017010
7 322.308 005001002010017010 958.5839500000001 008005002025017013
7 958.5839500000001 008005002025017013 12579.157 018001002025017013
7 12579.157 018001002025017013 224.728 032001002025017013
7 224.728 032001002025017013 958.5839500000001 008005002025017013
7 958.5839500000001 008005002025017013 308.842 005001002002017018
7 308.842 005001002002017018 308.842 005001002002017018
7 308.842 005001002002017018 958.5839500000001 008005002025017013
7 958.5839500000001 008005002025017013 17865.9 036001002010017013
7 17865.9 036001002010017013 191.253 036001002010017017
7 191.253 036001002010017017 958.5839500000001 008005002025017013
7 958.5839500000001 008005002025017013 148.067 018001002025017018
7 148.067 018001002025017018 88.4936 017001002025017018
7 88.4936 017001002025017018 958.5839500000001 008005002025017013
7 958.5839500000001 008005002025017013 147.632 017001002025024018
7 147.632 017001002025024018 147.632 017001002025024018
7 147.632 017001002025024018 958.5839500000001 008005002025017013
7 958.5839500000001 008005002025017013 381694000.0 036005002025017001
7 381694000.0 036005002025017001 728.563 036005002025017006
7 728.563 036005002025017006 958.5839500000001 008005002025017013
7 958.5839500000001 008005002025017013 4462.660647058823 008001002025017013
7 4462.660647058823 008001002025017013 398.8295 008001002014017013
7 398.8295 008001002014017013 958.5839500000001 008005002025017013
7 958.5839500000001 008005002025017013 398.8295 008001002014017013
7 398.8295 008001002014017013 272.242 008001002006017013
7 272.242 008001002006017013 958.5839500000001 008005002025017013
7 958.5839500000001 008005002025017013 455.131 018005002002017013
7 455.131 018005002002017013 192.582 018003002002017013
7 192.582 018003002002017013 958.5839500000001 008005002025017013
7 958.5839500000001 008005002025017013 9388.2229 018001002002017013
7 9388.2229 018001002002017013 450.982 018004002002017013
7 450.982 018004002002017013 958.5839500000001 008005002025017013
7 958.5839500000001 008005002025017013 148.067 018001002025017018
7 148.067 018001002025017018 958.5839500000001 008005002025017013
7 958.5839500000001 008005002025017013 9388.2229 018001002002017013
7 9388.2229 018001002002017013 4462.660647058823 008001002025017013
7 4462.660647058823 008001002025017013 55.9532 008001002025014013
7 55.9532 008001002025014013 958.5839500000001 008005002025017013
7 958.5839500000001 008005002025017013 4305.490666666667 036001002025017013
7 4305.490666666667 036001002025017013 4305.490666666667 036001002025017013
7 4305.490666666667 036001002025017013 958.5839500000001 008005002025017013
7 958.5839500000001 008005002025017013 255.227 008001002025024013
7 255.227 008001002025024013 206.365 008001002025006013
7 206.365 008001002025006013 958.5839500000001 008005002025017013
7 958.5839500000001 008005002025017013 4305.490666666667 036001002025017013
7 4305.490666666667 036001002025017013 224.728 032001002025017013
7 224.728 032001002025017013 958.5839500000001 008005002025017013
7 958.5839500000001 008005002025017013 4153.845 005005002025017013
7 4153.845 005005002025017013 1848.51 023005002025017013
7 1848.51 023005002025017013 958.5839500000001 008005002025017013
7 958.5839500000001 008005002025017013 424.06 036001002002017013
7 424.06 036001002002017013 2201.5 036001002002007013
7 2201.5 036001002002007013 958.5839500000001 008005002025017013
7 958.5839500000001 008005002025017013 181.894 008001002025007013
7 181.894 008001002025007013 108.837 008001002025007009
7 108.837 008001002025007009 958.5839500000001 008005002025017013
7 958.5839500000001 008005002025017013 26735.639499999997 005001002025017018
7 26735.639499999997 005001002025017018 551.004 035001002025017018
7 551.004 035001002025017018 958.5839500000001 008005002025017013
7 958.5839500000001 008005002025017013 42225.30338666667 008001002025017018
7 42225.30338666667 008001002025017018 482.448 008001000025017018
7 482.448 008001000025017018 958.5839500000001 008005002025017013
7 958.5839500000001 008005002025017013 308.842 005001002002017018
7 308.842 005001002002017018 1985.02 005001001002017018
7 1985.02 005001001002017018 958.5839500000001 008005002025017013
7 958.5839500000001 008005002025017013 388.409 008001002002014013
7 388.409 008001002002014013 327.272 008001000002014013
7 327.272 008001000002014013 958.5839500000001 008005002025017013
7 958.5839500000001 008005002025017013 26991.4 018001002010024013
7 26991.4 018001002010024013 23739.5 018001002010022013
7 23739.5 018001002010022013 958.5839500000001 008005002025017013
7 958.5839500000001 008005002025017013 4462.660647058823 008001002025017013
7 4462.660647058823 008001002025017013 225.415 008001002007017013
7 225.415 008001002007017013 958.5839500000001 008005002025017013
7 958.5839500000001 008005002025017013 491.28 036001002007017013
7 491.28 036001002007017013 424.06 036001002002017013
7 424.06 036001002002017013 958.5839500000001 008005002025017013
7 958.5839500000001 008005002025017013 4305.490666666667 036001002025017013
7 4305.490666666667 036001002025017013 358.134 036001002025017016
7 358.134 036001002025017016 958.5839500000001 008005002025017013
7 958.5839500000001 008005002025017013 340.753 008001002025024018
7 340.753 008001002025024018 436.517 008002002025024018
7 436.517 008002002025024018 958.5839500000001 008005002025017013
7 958.5839500000001 008005002025017013 277.76303333333334 036001002025024018
7 277.76303333333334 036001002025024018 958.5839500000001 008005002025017013
7 958.5839500000001 008005002025017013 55.9532 008001002025014013
7 55.9532 008001002025014013 4153.845 005005002025017013
7 4153.845 005005002025017013 958.5839500000001 008005002025017013
7 958.5839500000001 008005002025017013 55.9532 008001002025014013
7 55.9532 008001002025014013 42225.30338666667 008001002025017018
7 42225.30338666667 008001002025017018 75347.3 008001002025005018
7 75347.3 008001002025005018 958.5839500000001 008005002025017013
7 958.5839500000001 008005002025017013 267.629 008001002002024013
7 267.629 008001002002024013 247.68 008001002013024013
7 247.68 008001002013024013 958.5839500000001 008005002025017013
7 958.5839500000001 008005002025017013 42225.30338666667 008001002025017018
7 42225.30338666667 008001002025017018 148.067 018001002025017018
7 148.067 018001002025017018 958.5839500000001 008005002025017013
7 958.5839500000001 008005002025017013 390.222 036001002025017018
7 390.222 036001002025017018 76.8914 036001000025017018
7 76.8914 036001000025017018 958.5839500000001 008005002025017013
7 958.5839500000001 008005002025017013 4305.490666666667 036001002025017013
7 4305.490666666667 036001002025017013 615.139 036001002025016013
7 615.139 036001002025016013 958.5839500000001 008005002025017013
7 958.5839500000001 008005002025017013 42225.30338666667 008001002025017018
7 42225.30338666667 008001002025017018 199.298 008001002002017018
7 199.298 008001002002017018 958.5839500000001 008005002025017013
7 958.5839500000001 008005002025017013 4305.490666666667 036001002025017013
7 4305.490666666667 036001002025017013 279.266 036001002011017013
7 279.266 036001002011017013 958.5839500000001 008005002025017013
7 958.5839500000001 008005002025017013 42225.30338666667 008001002025017018
7 42225.30338666667 008001002025017018 616.688 010001002025017018
7 616.688 010001002025017018 958.5839500000001 008005002025017013
7 958.5839500000001 008005002025017013 4800.0371000000005 005001002025017013
7 4800.0371000000005 005001002025017013 958.5839500000001 008005002025017013
7 958.5839500000001 008005002025017013 55.9532 008001002025014013
7 55.9532 008001002025014013 199.298 008001002002017018
7 199.298 008001002002017018 164.239 008001002022017018
7 164.239 008001002022017018 958.5839500000001 008005002025017013
7 958.5839500000001 008005002025017013 4462.660647058823 008001002025017013
7 4462.660647058823 008001002025017013 181.894 008001002025007013
7 181.894 008001002025007013 958.5839500000001 008005002025017013
7 958.5839500000001 008005002025017013 4305.490666666667 036001002025017013
7 4305.490666666667 036001002025017013 459.314 036001002006017013
7 459.314 036001002006017013 958.5839500000001 008005002025017013
7 958.5839500000001 008005002025017013 12579.157 018001002025017013
7 12579.157 018001002025017013 958.5839500000001 008005002025017013
7 958.5839500000001 008005002025017013 55.9532 008001002025014013
7 55.9532 008001002025014013 12579.157 018001002025017013
7 12579.157 018001002025017013 708.828 013001002025017013
7 708.828 013001002025017013 958.5839500000001 008005002025017013
7 958.5839500000001 008005002025017013 747.2835 008001002010017013
7 747.2835 008001002010017013 537.983 015001002010017013
7 537.983 015001002010017013 958.5839500000001 008005002025017013
7 958.5839500000001 008005002025017013 1816.37 008001002002017013
7 1816.37 008001002002017013 212.781 008001002002018013
7 212.781 008001002002018013 958.5839500000001 008005002025017013
7 958.5839500000001 008005002025017013 4462.660647058823 008001002025017013
7 4462.660647058823 008001002025017013 5855.315 008001002025017008
7 5855.315 008001002025017008 958.5839500000001 008005002025017013
7 958.5839500000001 008005002025017013 4462.660647058823 008001002025017013
7 4462.660647058823 008001002025017013 4462.660647058823 008001002025017013
7 4462.660647058823 008001002025017013 958.5839500000001 008005002025017013
7 958.5839500000001 008005002025017013 4462.660647058823 008001002025017013
7 4462.660647058823 008001002025017013 246.512 008001002019017013
7 246.512 008001002019017013 958.5839500000001 008005002025017013
7 958.5839500000001 008005002025017013 42225.30338666667 008001002025017018
7 42225.30338666667 008001002025017018 958.5839500000001 008005002025017013
7 958.5839500000001 008005002025017013 55.9532 008001002025014013
7 55.9532 008001002025014013 4800.0371000000005 005001002025017013
7 4800.0371000000005 005001002025017013 958.5839500000001 008005002025017013
7 958.5839500000001 008005002025017013 55.9532 008001002025014013
7 55.9532 008001002025014013 747.2835 008001002010017013
7 747.2835 008001002010017013 958.5839500000001 008005002025017013
7 958.5839500000001 008005002025017013 55.9532 008001002025014013
7 55.9532 008001002025014013 4462.660647058823 008001002025017013
7 4462.660647058823 008001002025017013 19765.796333333335 008001000025017013
7 19765.796333333335 008001000025017013 958.5839500000001 008005002025017013
7 958.5839500000001 008005002025017013 19765.796333333335 008001000025017013
7 19765.796333333335 008001000025017013 19765.796333333335 008001000025017013
7 19765.796333333335 008001000025017013 958.5839500000001 008005002025017013
8 958.5839500000001 008005002025017013 2033.38 012001001017007012
8 2033.38 012001001017007012 281.786 012004001017007012
8 281.786 012004001017007012 226.526 001005001005010007
8 226.526 001005001005010007 32273.1 020001000017017014
8 32273.1 020001000017017014 19887.0 020005000017017014
8 19887.0 020005000017017014 226.526 001005001005010007
8 226.526 001005001005010007 779.462 020000001017007012
8 779.462 020000001017007012 467.609 020000001017014012
8 467.609 020000001017014012 226.526 001005001005010007
8 226.526 001005001005010007 466.679 020000001002020012
8 466.679 020000001002020012 226.526 001005001005010007
8 226.526 001005001005010007 281.786 012004001017007012
8 281.786 012004001017007012 21144.0 020000001012020007
8 21144.0 020000001012020007 19565.7 020005001012020007
8 19565.7 020005001012020007 226.526 001005001005010007
8 226.526 001005001005010007 918945.0 031001001007017012
8 918945.0 031001001007017012 502.114 031001001005017012
8 502.114 031001001005017012 226.526 001005001005010007
8 226.526 001005001005010007 590.255 031000001005017012
8 590.255 031000001005017012 455.132 031004001005017012
8 455.132 031004001005017012 226.526 001005001005010007
8 226.526 001005001005010007 4237.17 020005001002017007
8 4237.17 020005001002017007 1012.22 020005001002001007
8 1012.22 020005001002001007 226.526 001005001005010007
8 226.526 001005001005010007 451.685 031004001005015012
8 451.685 031004001005015012 389.075 003004001005015012
8 389.075 003004001005015012 226.526 001005001005010007
8 226.526 001005001005010007 243.763 012000001005015012
8 243.763 012000001005015012 226.526 001005001005010007
8 226.526 001005001005010007 281.786 012004001017007012
8 281.786 012004001017007012 645.9535000000001 020000001017015012
8 645.9535000000001 020000001017015012 645.9535000000001 020000001017015012
8 645.9535000000001 020000001017015012 226.526 001005001005010007
8 226.526 001005001005010007 543.3065 012000001012015012
8 543.3065 012000001012015012 331.146 012000001003015012
8 331.146 012000001003015012 226.526 001005001005010007
8 226.526 001005001005010007 35089.95 012005000017015012
8 35089.95 012005000017015012 35089.95 012005000017015012
8 35089.95 012005000017015012 226.526 001005001005010007
8 226.526 001005001005010007 243.763 012000001005015012
8 243.763 012000001005015012 297.603 012000001019015012
8 297.603 012000001019015012 226.526 001005001005010007
8 226.526 001005001005010007 18586.6 003000001019010012
8 18586.6 003000001019010012 14633.3 003000001019005012
8 14633.3 003000001019005012 226.526 001005001005010007
8 226.526 001005001005010007 543.3065 012000001012015012
8 543.3065 012000001012015012 612.493 012000001012011012
8 612.493 012000001012011012 226.526 001005001005010007
8 226.526 001005001005010007 193.185 012000000012010012
8 193.185 012000000012010012 2737.72339 012000000012010004
8 2737.72339 012000000012010004 226.526 001005001005010007
8 226.526 001005001005010007 10169.989 012000000012015012
8 10169.989 012000000012015012 3360.06 012000000012015009
8 3360.06 012000000012015009 2737.72339 012000000012010004
8 2737.72339 012000000012010004 402.221 012000000005010012
8 402.221 012000000005010012 402.221 012000000005010012
8 402.221 012000000005010012 2737.72339 012000000012010004
8 2737.72339 012000000012010004 193.185 012000000012010012
8 193.185 012000000012010012 2737.72339 012000000012010004
8 2737.72339 012000000012010004 193.185 012000000012010012
8 193.185 012000000012010012 25046.0 012005000005007007
8 25046.0 012005000005007007 582.542 019005000005007007
8 582.542 019005000005007007 2737.72339 012000000012010004
8 2737.72339 012000000012010004 30080.8 012000000005015012
8 30080.8 012000000005015012 437.218 012000000005005012
8 437.218 012000000005005012 2737.72339 012000000012010004
8 2737.72339 012000000012010004 14923.139636363638 012000000012005012
8 14923.139636363638 012000000012005012 199.657 012004000012005012
8 199.657 012004000012005012 2737.72339 012000000012010004
8 2737.72339 012000000012010004 136.832 012000000017010012
8 136.832 012000000017010012 1770.67 012000000017019012
8 1770.67 012000000017019012 199.657 012004000012005012
8 199.657 012004000012005012 193.185 012000000012010012
8 193.185 012000000012010012 388.62 010000000012010012
8 388.62 010000000012010012 199.657 012004000012005012
8 199.657 012004000012005012 1240.12 012000001012005007
8 1240.12 012000001012005007 515.571 012000001015005007
8 515.571 012000001015005007 199.657 012004000012005012
8 199.657 012004000012005012 31627.0 012004000012010004
8 31627.0 012004000012010004 2886.0115555555553 012004000012010012
8 2886.0115555555553 012004000012010012 199.657 012004000012005012
8 199.657 012004000012005012 19244.6 001000001012015012
8 19244.6 001000001012015012 647.613 001000001012015003
8 647.613 001000001012015003 199.657 012004000012005012
8 199.657 012004000012005012 3220.07 012000001005010003
8 3220.07 012000001005010003 1290.48 028000001005010003
8 1290.48 028000001005010003 199.657 012004000012005012
8 199.657 012004000012005012 3832.2627272727273 012004001012010012
8 3832.2627272727273 012004001012010012 593.463 012004001012004012
8 593.463 012004001012004012 199.657 012004000012005012
8 199.657 012004000012005012 441.05 001005001012010012
8 441.05 001005001012010012 135.273 001005001012001012
8 135.273 001005001012001012 199.657 012004000012005012
8 199.657 012004000012005012 1848.15 012004001012001012
8 1848.15 012004001012001012 615.828 012004001012001001
8 615.828 012004001012001001 199.657 012004000012005012
8 199.657 012004000012005012 557.266 012004001012015004
8 557.266 012004001012015004 557.266 012004001012015004
8 557.266 012004001012015004 199.657 012004000012005012
8 199.657 012004000012005012 2553.63 012005001005010004
8 2553.63 012005001005010004 19194.261 012005000005010004
8 19194.261 012005000005010004 199.657 012004000012005012
8 199.657 012004000012005012 422.967 012000001012005012
8 422.967 012000001012005012 199.657 012004000012005012
8 199.657 012004000012005012 2737.72339 012000000012010004
8 2737.72339 012000000012010004 388.894 012000000012001012
8 388.894 012000000012001012 3254.66 012000000012003012
8 3254.66 012000000012003012 422.967 012000001012005012
8 422.967 012000001012005012 437.218 012000000005005012
8 437.218 012000000005005012 396.219 012005000005005012
8 396.219 012005000005005012 422.967 012000001012005012
8 422.967 012000001012005012 437.218 012000000005005012
8 437.218 012000000005005012 189.462 012000000005005013
8 189.462 012000000005005013 422.967 012000001012005012
8 422.967 012000001012005012 12005.29725 012000000012005004
8 12005.29725 012000000012005004 592.351 012000000001005004
8 592.351 012000000001005004 422.967 012000001012005012
8 422.967 012000001012005012 193.185 012000000012010012
8 193.185 012000000012010012 196.28449999999998 012000000004010012
8 196.28449999999998 012000000004010012 422.967 012000001012005012
8 422.967 012000001012005012 142.337 012000000012010013
8 142.337 012000000012010013 406.502 012000000012010003
8 406.502 012000000012010003 422.967 012000001012005012
8 422.967 012000001012005012 24040.2 012000000004010004
8 24040.2 012000000004010004 414.612 010000000004010004
8 414.612 010000000004010004 422.967 012000001012005012
8 422.967 012000001012005012 1867.36 001005000012005012
8 1867.36 001005000012005012 422.967 012000001012005012
8 422.967 012000001012005012 199.657 012004000012005012
8 199.657 012004000012005012 196.28449999999998 012000000004010012
8 196.28449999999998 012000000004010012 180.027 012000000004010014
8 180.027 012000000004010014 422.967 012000001012005012
8 422.967 012000001012005012 324.5 001005000012001012
8 324.5 001005000012001012 214.374 001002000012001012
8 214.374 001002000012001012 422.967 012000001012005012
8 422.967 012000001012005012 515.753 001000000005010012
8 515.753 001000000005010012 508.791 002000000005010012
8 508.791 002000000005010012 422.967 012000001012005012
8 422.967 012000001012005012 193.185 012000000012010012
8 193.185 012000000012010012 956.68875 012000002012010012
8 956.68875 012000002012010012 422.967 012000001012005012
8 422.967 012000001012005012 6074.066777777778 012005000012010012
8 6074.066777777778 012005000012010012 6074.066777777778 012005000012010012
8 6074.066777777778 012005000012010012 422.967 012000001012005012
8 422.967 012000001012005012 14923.139636363638 012000000012005012
8 14923.139636363638 012000000012005012 594.902 012000000012005010
8 594.902 012000000012005010 422.967 012000001012005012
8 422.967 012000001012005012 121808.0 001000000012005004
8 121808.0 001000000012005004 108283.0 001000000012005015
8 108283.0 001000000012005015 422.967 012000001012005012
8 422.967 012000001012005012 2886.0115555555553 012004000012010012
8 2886.0115555555553 012004000012010012 3832.2627272727273 012004001012010012
8 3832.2627272727273 012004001012010012 422.967 012000001012005012
8 422.967 012000001012005012 318.554 012005000004010012
8 318.554 012005000004010012 1882.88 012005000004004012
8 1882.88 012005000004004012 422.967 012000001012005012
8 422.967 012000001012005012 402.221 012000000005010012
8 402.221 012000000005010012 614.478 012001000005010012
8 614.478 012001000005010012 422.967 012000001012005012
8 422.967 012000001012005012 2285.61 012000000005001004
8 2285.61 012000000005001004 748.11 012000001005001004
8 748.11 012000001005001004 422.967 012000001012005012
8 422.967 012000001012005012 2886.0115555555553 012004000012010012
8 2886.0115555555553 012004000012010012 262.373 012001000012010012
8 262.373 012001000012010012 422.967 012000001012005012
8 422.967 012000001012005012 1824.89 012000000004005012
8 1824.89 012000000004005012 266.606 012000001004005012
8 266.606 012000001004005012 422.967 012000001012005012
8 422.967 012000001012005012 469.501 012005001012010012
8 469.501 012005001012010012 372.923 012005001012005012
8 372.923 012005001012005012 422.967 012000001012005012
8 422.967 012000001012005012 294497.0 012004000012001004
8 294497.0 012004000012001004 25985.8 012004000007001004
8 25985.8 012004000007001004 422.967 012000001012005012
8 422.967 012000001012005012 6074.066777777778 012005000012010012
8 6074.066777777778 012005000012010012 422.967 012000001012005012
8 422.967 012000001012005012 199.657 012004000012005012
8 199.657 012004000012005012 19194.261 012005000005010004
8 19194.261 012005000005010004 625.536 012005000005010001
8 625.536 012005000005010001 422.967 012000001012005012
8 422.967 012000001012005012 1768090.878 012004000012005004
8 1768090.878 012004000012005004 1768090.878 012004000012005004
8 1768090.878 012004000012005004 422.967 012000001012005012
8 422.967 012000001012005012 6568.6125 012000001012010004
8 6568.6125 012000001012010004 422.967 012000001012005012
8 422.967 012000001012005012 199.657 012004000012005012
8 199.657 012004000012005012 372.923 012005001012005012
8 372.923 012005001012005012 422.967 012000001012005012
8 422.967 012000001012005012 199.657 012004000012005012
8 199.657 012004000012005012 10975.3 012005001012010004
8 10975.3 012005001012010004 2817.73 012005001012019004
8 2817.73 012005001012019004 422.967 012000001012005012
8 422.967 012000001012005012 193.185 012000000012010012
8 193.185 012000000012010012 448.685 012000000012012012
8 448.685 012000000012012012 422.967 012000001012005012
8 422.967 012000001012005012 388.894 012000000012001012
8 388.894 012000000012001012 442.742 012000002012001012
8 442.742 012000002012001012 422.967 012000001012005012
8 422.967 012000001012005012 390.277 001000000012010012
8 390.277 001000000012010012 422.967 012000001012005012
8 422.967 012000001012005012 199.657 012004000012005012
8 199.657 012004000012005012 554.8813333333334 012000001012001012
8 554.8813333333334 012000001012001012 388.894 012000000012001012
8 388.894 012000000012001012 422.967 012000001012005012
8 422.967 012000001012005012 6074.066777777778 012005000012010012
8 6074.066777777778 012005000012010012 249.919 012005000012010013
8 249.919 012005000012010013 422.967 012000001012005012
8 422.967 012000001012005012 14923.139636363638 012000000012005012
8 14923.139636363638 012000000012005012 422.967 012000001012005012
8 422.967 012000001012005012 199.657 012004000012005012
8 199.657 012004000012005012 41958.5 012004001004010004
8 41958.5 012004001004010004 1655.94 012005001004010004
8 1655.94 012005001004010004 422.967 012000001012005012
8 422.967 012000001012005012 469.501 012005001012010012
8 469.501 012005001012010012 422.967 012000001012005012
8 422.967 012000001012005012 199.657 012004000012005012
8 199.657 012004000012005012 193.185 012000000012010012
8 193.185 012000000012010012 193.185 012000000012010012
8 193.185 012000000012010012 422.967 012000001012005012
8 422.967 012000001012005012 402.221 012000000005010012
8 402.221 012000000005010012 24120.4 012000000005003012
8 24120.4 012000000005003012 193.185 012000000012010012
8 193.185 012000000012010012 381.327 012000000005010004
8 381.327 012000000005010004 193.185 012000000012010012
8 193.185 012000000012010012 422.967 012000001012005012
8 422.967 012000001012005012 6074.066777777778 012005000012010012
8 6074.066777777778 012005000012010012 193.185 012000000012010012
8 193.185 012000000012010012 422.967 012000001012005012
8 422.967 012000001012005012 2737.72339 012000000012010004
8 2737.72339 012000000012010004 2737.72339 012000000012010004
8 2737.72339 012000000012010004 193.185 012000000012010012
8 193.185 012000000012010012 6074.066777777778 012005000012010012
8 6074.066777777778 012005000012010012 2886.0115555555553 012004000012010012
8 2886.0115555555553 012004000012010012 193.185 012000000012010012
8 193.185 012000000012010012 162.294 012000001012010012
8 162.294 012000001012010012 193.185 012000000012010012
8 193.185 012000000012010012 422.967 012000001012005012
8 422.967 012000001012005012 1019819.6015 012000001012005004
8 1019819.6015 012000001012005004 600.425 038000001012005004
8 600.425 038000001012005004 193.185 012000000012010012
8 193.185 012000000012010012 14923.139636363638 012000000012005012
8 14923.139636363638 012000000012005012 193.185 012000000012010012
8 193.185 012000000012010012 422.967 012000001012005012
8 422.967 012000001012005012 14923.139636363638 012000000012005012
8 14923.139636363638 012000000012005012 177.522 012000000012022012
8 177.522 012000000012022012 193.185 012000000012010012
8 193.185 012000000012010012 193.185 012000000012010012
8 193.185 012000000012010012 164.833 013000000012010012
8 164.833 013000000012010012 193.185 012000000012010012
8 193.185 012000000012010012 2737.72339 012000000012010004
8 2737.72339 012000000012010004 193.185 012000000012010012
8 193.185 012000000012010012 422.967 012000001012005012
8 422.967 012000001012005012 193.185 012000000012010012
8 193.185 012000000012010012 27798.9 012000000023010012
8 27798.9 012000000023010012 193.185 012000000012010012
8 193.185 012000000012010012 193.185 012000000012010012
8 193.185 012000000012010012 164.833 013000000012010012
8 164.833 013000000012010012 193.185 012000000012010012
8 193.185 012000000012010012 6074.066777777778 012005000012010012
8 6074.066777777778 012005000012010012 6074.066777777778 012005000012010012
8 6074.066777777778 012005000012010012 193.185 012000000012010012
8 193.185 012000000012010012 469.501 012005001012010012
8 469.501 012005001012010012 193.185 012000000012010012
8 193.185 012000000012010012 422.967 012000001012005012
8 422.967 012000001012005012 2032844.62 012005000012005004
8 2032844.62 012005000012005004 193.185 012000000012010012
8 193.185 012000000012010012 422.967 012000001012005012
8 422.967 012000001012005012 14923.139636363638 012000000012005012
8 14923.139636363638 012000000012005012 442.852 023000000012005012
8 442.852 023000000012005012 193.185 012000000012010012
8 193.185 012000000012010012 14923.139636363638 012000000012005012
8 14923.139636363638 012000000012005012 422.967 012000001012005012
8 422.967 012000001012005012 193.185 012000000012010012
8 193.185 012000000012010012 469.501 012005001012010012
8 469.501 012005001012010012 200.226 012005001012010005
8 200.226 012005001012010005 193.185 012000000012010012
8 193.185 012000000012010012 193.185 012000000012010012
8 193.185 012000000012010012 751.31 026000000012010012
8 751.31 026000000012010012 193.185 012000000012010012
8 193.185 012000000012010012 6074.066777777778 012005000012010012
8 6074.066777777778 012005000012010012 363.03 012005000012010014
8 363.03 012005000012010014 193.185 012000000012010012
8 193.185 012000000012010012 6568.6125 012000001012010004
8 6568.6125 012000001012010004 193.185 012000000012010012
8 193.185 012000000012010012 422.967 012000001012005012
8 422.967 012000001012005012 2886.0115555555553 012004000012010012
8 2886.0115555555553 012004000012010012 524.302 012004000011010012
8 524.302 012004000011010012 193.185 012000000012010012
8 193.185 012000000012010012 469.501 012005001012010012
8 469.501 012005001012010012 3832.2627272727273 012004001012010012
8 3832.2627272727273 012004001012010012 193.185 012000000012010012
8 193.185 012000000012010012 290.48 012004000012001012
8 290.48 012004000012001012 192.88 012004000012001016
8 192.88 012004000012001016 193.185 012000000012010012
8 193.185 012000000012010012 199.657 012004000012005012
8 199.657 012004000012005012 16702.0 012004000012009012
8 16702.0 012004000012009012 193.185 012000000012010012
8 193.185 012000000012010012 372.923 012005001012005012
8 372.923 012005001012005012 1931.8 012005001013005012
8 1931.8 012005001013005012 193.185 012000000012010012
8 193.185 012000000012010012 1019819.6015 012000001012005004
8 1019819.6015 012000001012005004 371.568 012000001012005013
8 371.568 012000001012005013 193.185 012000000012010012
8 193.185 012000000012010012 372.923 012005001012005012
8 372.923 012005001012005012 15343.9 008005001012005012
8 15343.9 008005001012005012 193.185 012000000012010012
8 193.185 012000000012010012 316.185 001000000012005012
8 316.185 001000000012005012 266.6 001000000012006012
8 266.6 001000000012006012 193.185 012000000012010012
8 193.185 012000000012010012 6074.066777777778 012005000012010012
8 6074.066777777778 012005000012010012 384.096 012005000002010012
8 384.096 012005000002010012 193.185 012000000012010012
8 193.185 012000000012010012 3832.2627272727273 012004001012010012
8 3832.2627272727273 012004001012010012 3832.2627272727273 012004001012010012
8 3832.2627272727273 012004001012010012 193.185 012000000012010012
8 193.185 012000000012010012 2737.72339 012000000012010004
8 2737.72339 012000000012010004 293.059 012002000012010004
8 293.059 012002000012010004 193.185 012000000012010012
8 193.185 012000000012010012 193.185 012000000012010012
8 193.185 012000000012010012 10169.989 012000000012015012
8 10169.989 012000000012015012 193.185 012000000012010012
8 193.185 012000000012010012 199.657 012004000012005012
8 199.657 012004000012005012 371.57 012004000012016012
8 371.57 012004000012016012 193.185 012000000012010012
8 193.185 012000000012010012 2737.72339 012000000012010004
8 2737.72339 012000000012010004 341.99 012000000012010016
8 341.99 012000000012010016 193.185 012000000012010012
8 193.185 012000000012010012 8518.772500000001 001004001012010012
8 8518.772500000001 001004001012010012 204.639 029004001012010012
8 204.639 029004001012010012 193.185 012000000012010012
8 193.185 012000000012010012 10169.989 012000000012015012
8 10169.989 012000000012015012 540.56 008000000012015012
8 540.56 008000000012015012 193.185 012000000012010012
8 193.185 012000000012010012 193.185 012000000012010012
8 193.185 012000000012010012 21848.7 012000000011010012
8 21848.7 012000000011010012 193.185 012000000012010012
8 193.185 012000000012010012 8518.772500000001 001004001012010012
8 8518.772500000001 001004001012010012 827.288 001004000012010012
8 827.288 001004000012010012 193.185 012000000012010012
8 193.185 012000000012010012 327.7525 012005000012001012
8 327.7525 012005000012001012 115.907 016005000012001012
8 115.907 016005000012001012 193.185 012000000012010012
8 193.185 012000000012010012 193.185 012000000012010012
8 193.185 012000000012010012 367.917 012000000012010011
8 367.917 012000000012010011 193.185 012000000012010012
8 193.185 012000000012010012 214.857 012005001012015012
8 214.857 012005001012015012 190.866 012005001018015012
8 190.866 012005001018015012 193.185 012000000012010012
8 193.185 012000000012010012 554.8813333333334 012000001012001012
8 554.8813333333334 012000001012001012 245.332 012000001012022012
8 245.332 012000001012022012 193.185 012000000012010012
8 193.185 012000000012010012 12005.29725 012000000012005004
8 12005.29725 012000000012005004 109.266 023000000012005004
8 109.266 023000000012005004 193.185 012000000012010012
8 193.185 012000000012010012 1694.39 023000000012010012
8 1694.39 023000000012010012 549.476 023000001012010012
8 549.476 023000001012010012 193.185 012000000012010012
8 193.185 012000000012010012 10500.705 016004001012015012
8 10500.705 016004001012015012 10500.705 016004001012015012
8 10500.705 016004001012015012 193.185 012000000012010012
8 193.185 012000000012010012 162.294 012000001012010012
8 162.294 012000001012010012 430.893 012000001012002012
8 430.893 012000001012002012 193.185 012000000012010012
8 193.185 012000000012010012 767.567 012005001012005004
8 767.567 012005001012005004 193.185 012000000012010012
8 193.185 012000000012010012 422.967 012000001012005012
8 422.967 012000001012005012 35215.3825 016000000012010012
8 35215.3825 016000000012010012 156.852 016000000012010004
8 156.852 016000000012010004 193.185 012000000012010012
8 193.185 012000000012010012 162.294 012000001012010012
8 162.294 012000001012010012 297.941 040000001012010012
8 297.941 040000001012010012 193.185 012000000012010012
8 193.185 012000000012010012 193.185 012000000012010012
8 193.185 012000000012010012 956.68875 012000002012010012
8 956.68875 012000002012010012 193.185 012000000012010012
8 193.185 012000000012010012 162.294 012000001012010012
8 162.294 012000001012010012 406.445 012000001012017012
8 406.445 012000001012017012 193.185 012000000012010012
8 193.185 012000000012010012 1019819.6015 012000001012005004
8 1019819.6015 012000001012005004 1019819.6015 012000001012005004
8 1019819.6015 012000001012005004 193.185 012000000012010012
8 193.185 012000000012010012 10169.989 012000000012015012
8 10169.989 012000000012015012 10169.989 012000000012015012
8 10169.989 012000000012015012 193.185 012000000012010012
8 193.185 012000000012010012 327.7525 012005000012001012
8 327.7525 012005000012001012 134.922 012005000023001012
8 134.922 012005000023001012 193.185 012000000012010012
8 193.185 012000000012010012 2737.72339 012000000012010004
8 2737.72339 012000000012010004 2737.72339 012000000012010004
8 2737.72339 012000000012010004 193.185 012000000012010012
8 193.185 012000000012010012 162.294 012000001012010012
8 162.294 012000001012010012 390.86 012000001008010012
8 390.86 012000001008010012 193.185 012000000012010012
8 193.185 012000000012010012 48156.2 012004000008001012
8 48156.2 012004000008001012 9211.4 012004000008001004
8 9211.4 012004000008001004 193.185 012000000012010012
8 193.185 012000000012010012 15660.0 012005001012001012
8 15660.0 012005001012001012 12872.3 012005001012001014
8 12872.3 012005001012001014 193.185 012000000012010012
8 193.185 012000000012010012 422.967 012000001012005012
8 422.967 012000001012005012 577.439 012002001012005012
8 577.439 012002001012005012 193.185 012000000012010012
8 193.185 012000000012010012 162.294 012000001012010012
8 162.294 012000001012010012 602.005 012000001012010008
8 602.005 012000001012010008 193.185 012000000012010012
8 193.185 012000000012010012 162.294 012000001012010012
8 162.294 012000001012010012 700.436 022000001012010012
8 700.436 022000001012010012 193.185 012000000012010012
8 193.185 012000000012010012 162.294 012000001012010012
8 162.294 012000001012010012 512.989 012000001012009012
8 512.989 012000001012009012 193.185 012000000012010012
8 193.185 012000000012010012 14923.139636363638 012000000012005012
8 14923.139636363638 012000000012005012 522.229 012000000012023012
8 522.229 012000000012023012 193.185 012000000012010012
8 193.185 012000000012010012 162.294 012000001012010012
8 162.294 012000001012010012 193.185 012000000012010012
8 193.185 012000000012010012 193.185 012000000012010012
8 193.185 012000000012010012 2032844.62 012005000012005004
8 2032844.62 012005000012005004 1003.03 012006000012005004
8 1003.03 012006000012005004 193.185 012000000012010012
8 193.185 012000000012010012 193.185 012000000012010012
8 193.185 012000000012010012 136.832 012000000017010012
8 136.832 012000000017010012 193.185 012000000012010012
8 193.185 012000000012010012 27307.1 012005000017010012
8 27307.1 012005000017010012 22099.7 012004000017010012
8 22099.7 012004000017010012 193.185 012000000012010012
8 193.185 012000000012010012 542.816 012005000012015004
8 542.816 012005000012015004 534.367 012005000020015004
8 534.367 012005000020015004 193.185 012000000012010012
8 193.185 012000000012010012 2886.0115555555553 012004000012010012
8 2886.0115555555553 012004000012010012 438.59 012004000012010011
8 438.59 012004000012010011 193.185 012000000012010012
8 193.185 012000000012010012 193.185 012000000012010012
8 193.185 012000000012010012 328.684 012000000012010014
8 328.684 012000000012010014 193.185 012000000012010012
8 193.185 012000000012010012 6074.066777777778 012005000012010012
8 6074.066777777778 012005000012010012 2616.89 012005000012010000
8 2616.89 012005000012010000 193.185 012000000012010012
8 193.185 012000000012010012 1928.57 016004000012005012
8 1928.57 016004000012005012 199.657 012004000012005012
8 199.657 012004000012005012 193.185 012000000012010012
8 193.185 012000000012010012 264.7 012000000012001004
8 264.7 012000000012001004 193.185 012000000012010012
8 193.185 012000000012010012 422.967 012000001012005012
8 422.967 012000001012005012 162.294 012000001012010012
8 162.294 012000001012010012 3832.2627272727273 012004001012010012
8 3832.2627272727273 012004001012010012 193.185 012000000012010012
8 193.185 012000000012010012 193.185 012000000012010012
8 193.185 012000000012010012 341.99 012000000012010016
8 341.99 012000000012010016 193.185 012000000012010012
8 193.185 012000000012010012 413.875 016000001012010012
8 413.875 016000001012010012 358.296 016000001012009012
8 358.296 016000001012009012 193.185 012000000012010012
8 193.185 012000000012010012 193.185 012000000012010012
8 193.185 012000000012010012 385.36 012000000012000012
8 385.36 012000000012000012 193.185 012000000012010012
8 193.185 012000000012010012 193.185 012000000012010012
8 193.185 012000000012010012 2886.0115555555553 012004000012010012
8 2886.0115555555553 012004000012010012 193.185 012000000012010012
8 193.185 012000000012010012 30036.8 012004001012005012
8 30036.8 012004001012005012 404.496 012004001012012012
8 404.496 012004001012012012 193.185 012000000012010012
8 193.185 012000000012010012 469.501 012005001012010012
8 469.501 012005001012010012 193.185 012000000012010012
8 193.185 012000000012010012 422.967 012000001012005012
8 422.967 012000001012005012 371.422 012005000012005012
8 371.422 012005000012005012 253.17 012005000012004012
8 253.17 012005000012004012 193.185 012000000012010012
8 193.185 012000000012010012 6074.066777777778 012005000012010012
8 6074.066777777778 012005000012010012 263.916 031005000012010012
8 263.916 031005000012010012 193.185 012000000012010012
8 193.185 012000000012010012 2737.72339 012000000012010004
8 2737.72339 012000000012010004 142.337 012000000012010013
8 142.337 012000000012010013 193.185 012000000012010012
8 193.185 012000000012010012 35215.3825 016000000012010012
8 35215.3825 016000000012010012 272.451 016000000002010012
8 272.451 016000000002010012 193.185 012000000012010012
8 193.185 012000000012010012 14923.139636363638 012000000012005012
8 14923.139636363638 012000000012005012 14923.139636363638 012000000012005012
8 14923.139636363638 012000000012005012 193.185 012000000012010012
8 193.185 012000000012010012 372.923 012005001012005012
8 372.923 012005001012005012 469.501 012005001012010012
8 469.501 012005001012010012 193.185 012000000012010012
8 193.185 012000000012010012 554.8813333333334 012000001012001012
8 554.8813333333334 012000001012001012 193.185 012000000012010012
8 193.185 012000000012010012 422.967 012000001012005012
8 422.967 012000001012005012 14826.9 016005001012010012
8 14826.9 016005001012010012 661.654 016005001012016012
8 661.654 016005001012016012 193.185 012000000012010012
8 193.185 012000000012010012 4872.26375 012005001012016012
8 4872.26375 012005001012016012 186.68 012005001001016012
8 186.68 012005001001016012 193.185 012000000012010012
8 193.185 012000000012010012 369.2154 012000000012016012
8 369.2154 012000000012016012 49.2682 012000000012016015
8 49.2682 012000000012016015 193.185 012000000012010012
8 193.185 012000000012010012 193.185 012000000012010012
8 193.185 012000000012010012 956.68875 012000002012010012
8 956.68875 012000002012010012 193.185 012000000012010012
8 193.185 012000000012010012 469.501 012005001012010012
8 469.501 012005001012010012 363.408 012003001012010012
8 363.408 012003001012010012 193.185 012000000012010012
8 193.185 012000000012010012 193.185 012000000012010012
8 193.185 012000000012010012 751.31 026000000012010012
8 751.31 026000000012010012 193.185 012000000012010012
8 193.185 012000000012010012 1019819.6015 012000001012005004
8 1019819.6015 012000001012005004 1724.3 001000001012005004
8 1724.3 001000001012005004 193.185 012000000012010012
8 193.185 012000000012010012 6074.066777777778 012005000012010012
8 6074.066777777778 012005000012010012 416.956 012005000010010012
8 416.956 012005000010010012 193.185 012000000012010012
8 193.185 012000000012010012 14939.882666666666 012005000012016012
8 14939.882666666666 012005000012016012 316.824 012001000012016012
8 316.824 012001000012016012 193.185 012000000012010012
8 193.185 012000000012010012 3832.2627272727273 012004001012010012
8 3832.2627272727273 012004001012010012 193.185 012000000012010012
8 193.185 012000000012010012 49.2682 012000000012016015
8 49.2682 012000000012016015 12005.29725 012000000012005004
8 12005.29725 012000000012005004 229.676 012000000012005000
8 229.676 012000000012005000 193.185 012000000012010012
8 193.185 012000000012010012 6568.6125 012000001012010004
8 6568.6125 012000001012010004 809.425 012000001012021004
8 809.425 012000001012021004 193.185 012000000012010012
8 193.185 012000000012010012 3832.2627272727273 012004001012010012
8 3832.2627272727273 012004001012010012 193.185 012000000012010012
8 193.185 012000000012010012 49.2682 012000000012016015
8 49.2682 012000000012016015 162.294 012000001012010012
8 162.294 012000001012010012 193.185 012000000012010012
8 193.185 012000000012010012 49.2682 012000000012016015
8 49.2682 012000000012016015 6074.066777777778 012005000012010012
8 6074.066777777778 012005000012010012 27307.1 012005000017010012
8 27307.1 012005000017010012 162.294 012000001012010012
8 162.294 012000001012010012 193.185 012000000012010012
8 193.185 012000000012010012 193.185 012000000012010012
8 193.185 012000000012010012 162.294 012000001012010012
8 162.294 012000001012010012 14923.139636363638 012000000012005012
8 14923.139636363638 012000000012005012 162.294 012000001012010012
8 162.294 012000001012010012 193.185 012000000012010012
8 193.185 012000000012010012 6568.6125 012000001012010004
8 6568.6125 012000001012010004 29159.6 012000002012010004
8 29159.6 012000002012010004 162.294 012000001012010012
8 162.294 012000001012010012 162.294 012000001012010012
8 162.294 012000001012010012 162.294 012000001012010012
8 162.294 012000001012010012 193.185 012000000012010012
8 193.185 012000000012010012 469.501 012005001012010012
8 469.501 012005001012010012 1768.05 012005001002010012
8 1768.05 012005001002010012 162.294 012000001012010012
8 162.294 012000001012010012 3832.2627272727273 012004001012010012
8 3832.2627272727273 012004001012010012 3832.2627272727273 012004001012010012
8 3832.2627272727273 012004001012010012 162.294 012000001012010012
8 162.294 012000001012010012 6074.066777777778 012005000012010012
8 6074.066777777778 012005000012010012 171.067 012005000014010012
8 171.067 012005000014010012 162.294 012000001012010012
8 162.294 012000001012010012 193.185 012000000012010012
8 193.185 012000000012010012 162.294 012000001012010012
8 162.294 012000001012010012 193.185 012000000012010012
8 193.185 012000000012010012 6074.066777777778 012005000012010012
8 6074.066777777778 012005000012010012 162.294 012000001012010012
8 162.294 012000001012010012 193.185 012000000012010012
8 193.185 012000000012010012 193.185 012000000012010012
8 193.185 012000000012010012 39063.7 012000000012010000
8 39063.7 012000000012010000 162.294 012000001012010012
8 162.294 012000001012010012 162.294 012000001012010012
8 162.294 012000001012010012 162.294 012000001012010012
8 162.294 012000001012010012 162.294 012000001012010012
8 162.294 012000001012010012 39810.431 012000000012010015
8 39810.431 012000000012010015 285.14 012006000012010015
8 285.14 012006000012010015 162.294 012000001012010012
8 162.294 012000001012010012 162.294 012000001012010012
8 162.294 012000001012010012 13937.7 010000001012010012
8 13937.7 010000001012010012 162.294 012000001012010012
8 162.294 012000001012010012 6074.066777777778 012005000012010012
8 6074.066777777778 012005000012010012 384.488 004005000012010012
8 384.488 004005000012010012 162.294 012000001012010012
8 162.294 012000001012010012 342.793 004005001012010015
8 342.793 004005001012010015 342.793 004005001012010015
8 342.793 004005001012010015 162.294 012000001012010012
8 162.294 012000001012010012 469.501 012005001012010012
8 469.501 012005001012010012 162.294 012000001012010012
8 162.294 012000001012010012 193.185 012000000012010012
8 193.185 012000000012010012 193.185 012000000012010012
8 193.185 012000000012010012 421.988 011000000012010012
8 421.988 011000000012010012 162.294 012000001012010012
8 162.294 012000001012010012 162.294 012000001012010012
8 162.294 012000001012010012 783.299 012000001012003012
8 783.299 012000001012003012 162.294 012000001012010012
8 162.294 012000001012010012 469.501 012005001012010012
8 469.501 012005001012010012 469.501 012005001012010012
8 469.501 012005001012010012 162.294 012000001012010012
8 162.294 012000001012010012 193.185 012000000012010012
8 193.185 012000000012010012 162.294 012000001012010012
8 162.294 012000001012010012 193.185 012000000012010012
8 193.185 012000000012010012 38144.9 012000001012005015
8 38144.9 012000001012005015 117.526 012000001012005017
8 117.526 012000001012005017 162.294 012000001012010012
8 162.294 012000001012010012 193.185 012000000012010012
8 193.185 012000000012010012 1736.72 012000000012010005
8 1736.72 012000000012010005 162.294 012000001012010012
8 162.294 012000001012010012 2886.0115555555553 012004000012010012
8 2886.0115555555553 012004000012010012 162.294 012000001012010012
8 162.294 012000001012010012 193.185 012000000012010012
8 193.185 012000000012010012 162.294 012000001012010012
8 162.294 012000001012010012 162.294 012000001012010012
8 162.294 012000001012010012 193.185 012000000012010012
8 193.185 012000000012010012 193.185 012000000012010012
8 193.185 012000000012010012 162.294 012000001012010012
8 162.294 012000001012010012 162.294 012000001012010012
8 162.294 012000001012010012 369.2154 012000000012016012
8 369.2154 012000000012016012 259.894 012000000022016012
8 259.894 012000000022016012 162.294 012000001012010012
8 162.294 012000001012010012 256.411 012004000012016015
8 256.411 012004000012016015 256.411 012004000012016015
8 256.411 012004000012016015 162.294 012000001012010012
8 162.294 012000001012010012 469.501 012005001012010012
8 469.501 012005001012010012 492.568 020005001012010012
8 492.568 020005001012010012 162.294 012000001012010012
8 162.294 012000001012010012 162.294 012000001012010012
8 162.294 012000001012010012 162.294 012000001012010012
8 162.294 012000001012010012 193.185 012000000012010012
8 193.185 012000000012010012 39810.431 012000000012010015
8 39810.431 012000000012010015 133.806 012001000012010015
8 133.806 012001000012010015 162.294 012000001012010012
8 162.294 012000001012010012 2032844.62 012005000012005004
8 2032844.62 012005000012005004 273.879 012005000017005004
8 273.879 012005000017005004 162.294 012000001012010012
8 162.294 012000001012010012 162.294 012000001012010012
8 162.294 012000001012010012 193.185 012000000012010012
8 193.185 012000000012010012 162.294 012000001012010012
8 162.294 012000001012010012 162.294 012000001012010012
8 162.294 012000001012010012 956.68875 012000002012010012
8 956.68875 012000002012010012 162.294 012000001012010012
8 162.294 012000001012010012 3832.2627272727273 012004001012010012
8 3832.2627272727273 012004001012010012 328.554 012004001012014012
8 328.554 012004001012014012 162.294 012000001012010012
8 162.294 012000001012010012 422.967 012000001012005012
8 422.967 012000001012005012 696.172 039000001012005012
8 696.172 039000001012005012 162.294 012000001012010012
8 162.294 012000001012010012 2886.0115555555553 012004000012010012
8 2886.0115555555553 012004000012010012 233.875 012004000012014012
8 233.875 012004000012014012 162.294 012000001012010012
8 162.294 012000001012010012 4872.26375 012005001012016012
8 4872.26375 012005001012016012 497.645 012004001012016012
8 497.645 012004001012016012 162.294 012000001012010012
8 162.294 012000001012010012 193.185 012000000012010012
8 193.185 012000000012010012 162.294 012000001012010012
8 162.294 012000001012010012 162.294 012000001012010012
8 162.294 012000001012010012 4872.26375 012005001012016012
8 4872.26375 012005001012016012 9025.818 012005002012016012
8 9025.818 012005002012016012 162.294 012000001012010012
8 162.294 012000001012010012 2886.0115555555553 012004000012010012
8 2886.0115555555553 012004000012010012 131.07 012004000023010012
8 131.07 012004000023010012 162.294 012000001012010012
8 162.294 012000001012010012 162.294 012000001012010012
8 162.294 012000001012010012 6880.9024 012000001024010012
8 6880.9024 012000001024010012 162.294 012000001012010012
8 162.294 012000001012010012 369.2154 012000000012016012
8 369.2154 012000000012016012 162.294 012000001012010012
8 162.294 012000001012010012 193.185 012000000012010012
8 193.185 012000000012010012 6074.066777777778 012005000012010012
8 6074.066777777778 012005000012010012 318.554 012005000004010012
8 318.554 012005000004010012 162.294 012000001012010012
8 162.294 012000001012010012 447.807 012000001012016004
8 447.807 012000001012016004 342.385 012000001012016017
8 342.385 012000001012016017 162.294 012000001012010012
8 162.294 012000001012010012 6880.9024 012000001024010012
8 6880.9024 012000001024010012 402.913 012000001024023012
8 402.913 012000001024023012 162.294 012000001012010012
8 162.294 012000001012010012 162.294 012000001012010012
8 162.294 012000001012010012 162.294 012000001012010012
8 162.294 012000001012010012 162.294 012000001012010012
8 162.294 012000001012010012 422.967 012000001012005012
8 422.967 012000001012005012 162.294 012000001012010012
8 162.294 012000001012010012 193.185 012000000012010012
8 193.185 012000000012010012 6568.6125 012000001012010004
8 6568.6125 012000001012010004 2737.72339 012000000012010004
8 2737.72339 012000000012010004 162.294 012000001012010012
8 162.294 012000001012010012 193.185 012000000012010012
8 193.185 012000000012010012 388.894 012000000012001012
8 388.894 012000000012001012 162.294 012000001012010012
8 162.294 012000001012010012 162.294 012000001012010012
8 162.294 012000001012010012 222.263 012001001012010012
8 222.263 012001001012010012 162.294 012000001012010012
8 162.294 012000001012010012 14939.882666666666 012005000012016012
8 14939.882666666666 012005000012016012 9025.818 012005002012016012
8 9025.818 012005002012016012 162.294 012000001012010012
8 162.294 012000001012010012 193.185 012000000012010012
8 193.185 012000000012010012 193.185 012000000012010012
8 193.185 012000000012010012 162.294 012000001012010012
8 162.294 012000001012010012 162.294 012000001012010012
8 162.294 012000001012010012 422.967 012000001012005012
8 422.967 012000001012005012 162.294 012000001012010012
8 162.294 012000001012010012 193.185 012000000012010012
8 193.185 012000000012010012 185.088 012000000012009012
8 185.088 012000000012009012 162.294 012000001012010012
8 162.294 012000001012010012 369.2154 012000000012016012
8 369.2154 012000000012016012 369.2154 012000000012016012
8 369.2154 012000000012016012 162.294 012000001012010012
8 162.294 012000001012010012 12005.29725 012000000012005004
8 12005.29725 012000000012005004 109.266 023000000012005004
8 109.266 023000000012005004 162.294 012000001012010012
8 162.294 012000001012010012 1019819.6015 012000001012005004
8 1019819.6015 012000001012005004 556.793 019000001012005004
8 556.793 019000001012005004 162.294 012000001012010012
8 162.294 012000001012010012 214.866 012000001012010015
8 214.866 012000001012010015 162.294 012000001012010012
8 162.294 012000001012010012 193.185 012000000012010012
8 193.185 012000000012010012 162.294 012000001012010012
8 162.294 012000001012010012 551.904 003000001012010012
8 551.904 003000001012010012 162.294 012000001012010012
8 162.294 012000001012010012 422.967 012000001012005012
8 422.967 012000001012005012 577.439 012002001012005012
8 577.439 012002001012005012 162.294 012000001012010012
8 162.294 012000001012010012 6568.6125 012000001012010004
8 6568.6125 012000001012010004 162.294 012000001012010012
8 162.294 012000001012010012 193.185 012000000012010012
8 193.185 012000000012010012 14923.139636363638 012000000012005012
8 14923.139636363638 012000000012005012 340.124 013000000012005012
8 340.124 013000000012005012 162.294 012000001012010012
8 162.294 012000001012010012 716.605 012004001012016004
8 716.605 012004001012016004 626.109 012004001000016004
8 626.109 012004001000016004 162.294 012000001012010012
8 162.294 012000001012010012 670.004 012000001024005004
8 670.004 012000001024005004 642.114 012003001024005004
8 642.114 012003001024005004 162.294 012000001012010012
8 162.294 012000001012010012 469.501 012005001012010012
8 469.501 012005001012010012 524.688 008005001012010012
8 524.688 008005001012010012 162.294 012000001012010012
8 162.294 012000001012010012 372.923 012005001012005012
8 372.923 012005001012005012 372.923 012005001012005012
8 372.923 012005001012005012 162.294 012000001012010012
8 162.294 012000001012010012 14939.882666666666 012005000012016012
8 14939.882666666666 012005000012016012 4872.26375 012005001012016012
8 4872.26375 012005001012016012 162.294 012000001012010012
8 162.294 012000001012010012 162.294 012000001012010012
8 162.294 012000001012010012 406.445 012000001012017012
8 406.445 012000001012017012 162.294 012000001012010012
8 162.294 012000001012010012 582.914 012005001012005015
8 582.914 012005001012005015 333.647 012005001001005015
8 333.647 012005001001005015 162.294 012000001012010012
8 162.294 012000001012010012 14082.1 012000001012016012
8 14082.1 012000001012016012 414.472 021000001012016012
8 414.472 021000001012016012 162.294 012000001012010012
8 162.294 012000001012010012 422.967 012000001012005012
8 422.967 012000001012005012 422.967 012000001012005012
8 422.967 012000001012005012 162.294 012000001012010012
8 162.294 012000001012010012 2900.02 012000001024010004
8 2900.02 012000001024010004 978.908 012000001024010010
8 978.908 012000001024010010 162.294 012000001012010012
9 162.294 012000001012010012 27540.7 023006002015010001
9 27540.7 023006002015010001 23599.0 023006002015010006
9 23599.0 023006002015010006 391.611 004000002017017018
9 391.611 004000002017017018 452.382 012000001015000010
9 452.382 012000001015000010 220.849 012000001017000010
9 220.849 012000001017000010 391.611 004000002017017018
9 391.611 004000002017017018 59806.8 001000001017025018
9 59806.8 001000001017025018 533.015 001000001017025011
9 533.015 001000001017025011 220.849 012000001017000010
9 220.849 012000001017000010 16781.9 016000001017007009
9 16781.9 016000001017007009 8285.17 016006001017007009
9 8285.17 016006001017007009 220.849 012000001017000010
9 220.849 012000001017000010 1764.92 016000000015010010
9 1764.92 016000000015010010 575.264 016000001015010010
9 575.264 016000001015010010 220.849 012000001017000010
9 220.849 012000001017000010 437.122 001002001015000010
9 437.122 001002001015000010 327.888 001002001015023010
9 327.888 001002001015023010 220.849 012000001017000010
9 220.849 012000001017000010 869.384 040002001015023010
9 869.384 040002001015023010 409.894 040002001023023010
9 409.894 040002001023023010 220.849 012000001017000010
9 220.849 012000001017000010 1977.83 004002001023023010
9 1977.83 004002001023023010 370.184 004002001023020010
9 370.184 004002001023020010 220.849 012000001017000010
9 220.849 012000001017000010 27591.6 001000001017020010
9 27591.6 001000001017020010 313.553 001000002017020010
9 313.553 001000002017020010 220.849 012000001017000010
9 220.849 012000001017000010 18290.7 001000001017023010
9 18290.7 001000001017023010 681.626 001000001017023001
9 681.626 001000001017023001 220.849 012000001017000010
9 220.849 012000001017000010 1961.73 004002001017017012
9 1961.73 004002001017017012 365.342 004002001017017014
9 365.342 004002001017017014 220.849 012000001017000010
9 220.849 012000001017000010 19768.8 040002001017007010
9 19768.8 040002001017007010 4633.18 040006001017007010
9 4633.18 040006001017007010 220.849 012000001017000010
9 220.849 012000001017000010 460.32949999999994 001002002023007010
9 460.32949999999994 001002002023007010 220.849 012000001017000010
9 220.849 012000001017000010 313.553 001000002017020010
9 313.553 001000002017020010 2156.96 001002001017023010
9 2156.96 001002001017023010 509.214 001005001017023010
9 509.214 001005001017023010 220.849 012000001017000010
9 220.849 012000001017000010 27957.0 004002002017007010
9 27957.0 004002002017007010 1890.85 004002002017007017
9 1890.85 004002002017007017 220.849 012000001017000010
9 220.849 012000001017000010 644.89 004000001017023010
9 644.89 004000001017023010 318.924 004000001000023010
9 318.924 004000001000023010 220.849 012000001017000010
9 220.849 012000001017000010 7735.371499999999 001000001015023010
9 7735.371499999999 001000001015023010 433.803 001004001015023010
9 433.803 001004001015023010 220.849 012000001017000010
9 220.849 012000001017000010 18290.7 001000001017023010
9 18290.7 001000001017023010 679.26 001000001017010010
9 679.26 001000001017010010 220.849 012000001017000010
9 220.849 012000001017000010 26720.3 004002001000020010
9 26720.3 004002001000020010 545.157 004002001000021010
9 545.157 004002001000021010 220.849 012000001017000010
9 220.849 012000001017000010 29214.8 012002002015020010
9 29214.8 012002002015020010 1788.7 012004002015020010
9 1788.7 012004002015020010 220.849 012000001017000010
9 220.849 012000001017000010 224.97615 001002002015020010
9 224.97615 001002002015020010 220.849 012000001017000010
9 220.849 012000001017000010 460.32949999999994 001002002023007010
9 460.32949999999994 001002002023007010 1612.86 001000002023020010
9 1612.86 001000002023020010 344.332 001001002023020010
9 344.332 001001002023020010 224.97615 001002002015020010
9 224.97615 001002002015020010 9348.5705 001002001000017010
9 9348.5705 001002001000017010 12151.762 001002001000017006
9 12151.762 001002001000017006 224.97615 001002002015020010
9 224.97615 001002002015020010 10604.6 001000002015020006
9 10604.6 001000002015020006 172.556 001000002000020006
9 172.556 001000002000020006 224.97615 001002002015020010
9 224.97615 001002002015020010 507.22 004000002015020006
9 507.22 004000002015020006 224.97615 001002002015020010
9 224.97615 001002002015020010 12151.762 001002001000017006
9 12151.762 001002001000017006 19311.7 004002002017017010
9 19311.7 004002002017017010 12450.4 027002002017017010
9 12450.4 027002002017017010 224.97615 001002002015020010
9 224.97615 001002002015020010 25907.8 001000001000007010
9 25907.8 001000001000007010 7333.71 035000001000007010
9 7333.71 035000001000007010 224.97615 001002002015020010
9 224.97615 001002002015020010 7735.371499999999 001000001015023010
9 7735.371499999999 001000001015023010 2217.19 001000001011023010
9 2217.19 001000001011023010 224.97615 001002002015020010
9 224.97615 001002002015020010 12649.225 001002002017017010
9 12649.225 001002002017017010 261.375 001003002017017010
9 261.375 001003002017017010 224.97615 001002002015020010
9 224.97615 001002002015020010 238.754 001000002017017010
9 238.754 001000002017017010 224.97615 001002002015020010
9 224.97615 001002002015020010 12151.762 001002001000017006
9 12151.762 001002001000017006 484.805 004000001015017006
9 484.805 004000001015017006 399.029 006000001015017006
9 399.029 006000001015017006 224.97615 001002002015020010
9 224.97615 001002002015020010 35223.0 001000002015020010
9 35223.0 001000002015020010 24212.5 006000002015020010
9 24212.5 006000002015020010 224.97615 001002002015020010
9 224.97615 001002002015020010 6988.214666666667 001002002000020010
9 6988.214666666667 001002002000020010 342.953 001005002000020010
9 342.953 001005002000020010 224.97615 001002002015020010
9 224.97615 001002002015020010 48443.5 001002002023023010
9 48443.5 001002002023023010 355.227 001002002011023010
9 355.227 001002002011023010 224.97615 001002002015020010
9 224.97615 001002002015020010 31637.5 001002002015000010
9 31637.5 001002002015000010 305.54 001002002015012010
9 305.54 001002002015012010 224.97615 001002002015020010
9 224.97615 001002002015020010 16665.795000000002 001002002017020010
9 16665.795000000002 001002002017020010 895.857 001002000017020010
9 895.857 001002000017020010 224.97615 001002002015020010
9 224.97615 001002002015020010 4173.168833333333 001002001017017010
9 4173.168833333333 001002001017017010 464.888 001002001005017010
9 464.888 001002001005017010 224.97615 001002002015020010
9 224.97615 001002002015020010 385.384 001003001017017010
9 385.384 001003001017017010 333.347 001003001017018010
9 333.347 001003001017018010 224.97615 001002002015020010
9 224.97615 001002002015020010 15183.8 012003001015017006
9 15183.8 012003001015017006 351.001 008003001015017006
9 351.001 008003001015017006 224.97615 001002002015020010
9 224.97615 001002002015020010 460.32949999999994 001002002023007010
9 460.32949999999994 001002002023007010 658.19 001002002006007010
9 658.19 001002002006007010 224.97615 001002002015020010
9 224.97615 001002002015020010 27651.8 012003002023017006
9 27651.8 012003002023017006 24140.7 012001002023017006
9 24140.7 012001002023017006 224.97615 001002002015020010
9 224.97615 001002002015020010 3478.51 001002002015017010
9 3478.51 001002002015017010 265.01 001002002015017012
9 265.01 001002002015017012 224.97615 001002002015020010
9 224.97615 001002002015020010 1845.63 001002002000017010
9 1845.63 001002002000017010 437.099 001002002000017003
9 437.099 001002002000017003 224.97615 001002002015020010
9 224.97615 001002002015020010 230.155 001002001023020010
9 230.155 001002001023020010 224.97615 001002002015020010
9 224.97615 001002002015020010 12151.762 001002001000017006
9 12151.762 001002001000017006 1795.57 012002001023007010
9 1795.57 012002001023007010 853.549 012002001016007010
9 853.549 012002001016007010 224.97615 001002002015020010
9 224.97615 001002002015020010 4173.168833333333 001002001017017010
9 4173.168833333333 001002001017017010 233.46189999999999 001005001017017010
9 233.46189999999999 001005001017017010 224.97615 001002002015020010
9 224.97615 001002002015020010 685.919 012002002015017010
9 685.919 012002002015017010 606.879 012002001015017010
9 606.879 012002001015017010 233.46189999999999 001005001017017010
9 233.46189999999999 001005001017017010 9348.5705 001002001000017010
9 9348.5705 001002001000017010 469.169 001002001000017015
9 469.169 001002001000017015 233.46189999999999 001005001017017010
9 233.46189999999999 001005001017017010 122520.0 001003001017017015
9 122520.0 001003001017017015 46007.9 001003001005017015
9 46007.9 001003001005017015 233.46189999999999 001005001017017010
9 233.46189999999999 001005001017017010 709.378 001002001023017015
9 709.378 001002001023017015 136.05 033002001023017015
9 136.05 033002001023017015 233.46189999999999 001005001017017010
9 233.46189999999999 001005001017017010 1221.9695 033002001017020010
9 1221.9695 033002001017020010 1221.9695 033002001017020010
9 1221.9695 033002001017020010 233.46189999999999 001005001017017010
9 233.46189999999999 001005001017017010 1976.35 001002001023007010
9 1976.35 001002001023007010 664.087 001002001021007010
9 664.087 001002001021007010 233.46189999999999 001005001017017010
9 233.46189999999999 001005001017017010 4173.168833333333 001002001017017010
9 4173.168833333333 001002001017017010 374.975 001002001017017000
9 374.975 001002001017017000 233.46189999999999 001005001017017010
9 233.46189999999999 001005001017017010 9747.948 001005001017020010
9 9747.948 001005001017020010 175.311 001005000017020010
9 175.311 001005000017020010 233.46189999999999 001005001017017010
9 233.46189999999999 001005001017017010 14867.000636363637 001002001015020010
9 14867.000636363637 001002001015020010 224.97615 001002002015020010
9 224.97615 001002002015020010 233.46189999999999 001005001017017010
9 233.46189999999999 001005001017017010 19258.9 012002001023017010
9 19258.9 012002001023017010 428.224 012002001004017010
9 428.224 012002001004017010 233.46189999999999 001005001017017010
9 233.46189999999999 001005001017017010 731.443 012005001023017010
9 731.443 012005001023017010 508.567 012005001023017017
9 508.567 012005001023017017 233.46189999999999 001005001017017010
9 233.46189999999999 001005001017017010 9747.948 001005001017020010
9 9747.948 001005001017020010 582.833 006005001017020010
9 582.833 006005001017020010 233.46189999999999 001005001017017010
9 233.46189999999999 001005001017017010 233.46189999999999 001005001017017010
9 233.46189999999999 001005001017017010 126.121 001005001017008010
9 126.121 001005001017008010 233.46189999999999 001005001017017010
9 233.46189999999999 001005001017017010 17654.532666666666 001002001023017006
9 17654.532666666666 001002001023017006 13884.4 036002001023017006
9 13884.4 036002001023017006 233.46189999999999 001005001017017010
9 233.46189999999999 001005001017017010 21362.7 001005001000008006
9 21362.7 001005001000008006 4973.25 029005001000008006
9 4973.25 029005001000008006 233.46189999999999 001005001017017010
9 233.46189999999999 001005001017017010 4923.64 029000001000020010
9 4923.64 029000001000020010 2999.35 029000001000016010
9 2999.35 029000001000016010 233.46189999999999 001005001017017010
9 233.46189999999999 001005001017017010 1894.44 001002001017008010
9 1894.44 001002001017008010 583.69 001002001003008010
9 583.69 001002001003008010 233.46189999999999 001005001017017010
9 233.46189999999999 001005001017017010 12649.225 001002002017017010
9 12649.225 001002002017017010 515.009 001002002020017010
9 515.009 001002002020017010 233.46189999999999 001005001017017010
9 233.46189999999999 001005001017017010 16665.795000000002 001002002017020010
9 16665.795000000002 001002002017020010 233.46189999999999 001005001017017010
9 233.46189999999999 001005001017017010 224.97615 001002002015020010
9 224.97615 001002002015020010 2269.39 001002001023017010
9 2269.39 001002001023017010 552.797 001002001025017010
9 552.797 001002001025017010 233.46189999999999 001005001017017010
9 233.46189999999999 001005001017017010 1848.35 001005001017017015
9 1848.35 001005001017017015 1844.29 001005001017017014
9 1844.29 001005001017017014 233.46189999999999 001005001017017010
9 233.46189999999999 001005001017017010 338.2315 001002002017000010
9 338.2315 001002002017000010 338.2315 001002002017000010
9 338.2315 001002002017000010 233.46189999999999 001005001017017010
9 233.46189999999999 001005001017017010 397.486 001002001000020006
9 397.486 001002001000020006 233.46189999999999 001005001017017010
9 233.46189999999999 001005001017017010 224.97615 001002002015020010
9 224.97615 001002002015020010 290.773 001002001017017006
9 290.773 001002001017017006 22012.9 001006001017017006
9 22012.9 001006001017017006 233.46189999999999 001005001017017010
9 233.46189999999999 001005001017017010 6800.1525 001002001017020010
9 6800.1525 001002001017020010 219.482 002002001017020010
9 219.482 002002001017020010 233.46189999999999 001005001017017010
9 233.46189999999999 001005001017017010 42.3525 001002001017020006
9 42.3525 001002001017020006 219.477 001002001017019006
9 219.477 001002001017019006 233.46189999999999 001005001017017010
9 233.46189999999999 001005001017017010 39232.2 001005000023008006
9 39232.2 001005000023008006 561.175 001005000005008006
9 561.175 001005000005008006 233.46189999999999 001005001017017010
9 233.46189999999999 001005001017017010 1080.7994999999999 001002000015017006
9 1080.7994999999999 001002000015017006 1080.7994999999999 001002000015017006
9 1080.7994999999999 001002000015017006 233.46189999999999 001005001017017010
9 233.46189999999999 001005001017017010 6800.1525 001002001017020010
9 6800.1525 001002001017020010 233.46189999999999 001005001017017010
9 233.46189999999999 001005001017017010 224.97615 001002002015020010
9 224.97615 001002002015020010 8092.87 001002001015020006
9 8092.87 001002001015020006 330.278 001003001015020006
9 330.278 001003001015020006 233.46189999999999 001005001017017010
9 233.46189999999999 001005001017017010 4173.168833333333 001002001017017010
9 4173.168833333333 001002001017017010 17732.0 001000001017017010
9 17732.0 001000001017017010 233.46189999999999 001005001017017010
9 233.46189999999999 001005001017017010 380.748 001005002017020006
9 380.748 001005002017020006 380.748 001005002017020006
9 380.748 001005002017020006 233.46189999999999 001005001017017010
9 233.46189999999999 001005001017017010 233.46189999999999 001005001017017010
9 233.46189999999999 001005001017017010 206.982 001005002017017010
9 206.982 001005002017017010 233.46189999999999 001005001017017010
9 233.46189999999999 001005001017017010 397.486 001002001000020006
9 397.486 001002001000020006 233.46189999999999 001005001017017010
9 233.46189999999999 001005001017017010 224.97615 001002002015020010
9 224.97615 001002002015020010 9348.5705 001002001000017010
9 9348.5705 001002001000017010 514.713 001002001012017010
9 514.713 001002001012017010 233.46189999999999 001005001017017010
9 233.46189999999999 001005001017017010 23658.5 033002001015017010
9 23658.5 033002001015017010 17881.8 033002001022017010
9 17881.8 033002001022017010 233.46189999999999 001005001017017010
9 233.46189999999999 001005001017017010 4173.168833333333 001002001017017010
9 4173.168833333333 001002001017017010 12649.225 001002002017017010
9 12649.225 001002002017017010 233.46189999999999 001005001017017010
9 233.46189999999999 001005001017017010 13152318.05 033002001017008006
9 13152318.05 033002001017008006 13152318.05 033002001017008006
9 13152318.05 033002001017008006 233.46189999999999 001005001017017010
9 233.46189999999999 001005001017017010 397.486 001002001000020006
9 397.486 001002001000020006 213.339 001002001000003006
9 213.339 001002001000003006 233.46189999999999 001005001017017010
9 233.46189999999999 001005001017017010 581.2539999999999 001002001015020015
9 581.2539999999999 001002001015020015 343.913 012002001015020015
9 343.913 012002001015020015 233.46189999999999 001005001017017010
9 233.46189999999999 001005001017017010 8092.87 001002001015020006
9 8092.87 001002001015020006 233.46189999999999 001005001017017010
9 233.46189999999999 001005001017017010 224.97615 001002002015020010
9 224.97615 001002002015020010 15244.37775 001005001000020010
9 15244.37775 001005001000020010 276.669 001005001004020010
9 276.669 001005001004020010 233.46189999999999 001005001017017010
9 233.46189999999999 001005001017017010 397.486 001002001000020006
9 397.486 001002001000020006 20803.3 001002001000015006
9 20803.3 001002001000015006 233.46189999999999 001005001017017010
9 233.46189999999999 001005001017017010 14867.000636363637 001002001015020010
9 14867.000636363637 001002001015020010 611.238 001002001011020010
9 611.238 001002001011020010 233.46189999999999 001005001017017010
9 233.46189999999999 001005001017017010 1777.89 001002001023008006
9 1777.89 001002001023008006 555.279 001005001023008006
9 555.279 001005001023008006 233.46189999999999 001005001017017010
9 233.46189999999999 001005001017017010 8092.87 001002001015020006
9 8092.87 001002001015020006 9129.357 003002001015020006
9 9129.357 003002001015020006 233.46189999999999 001005001017017010
9 233.46189999999999 001005001017017010 9129.357 003002001015020006
9 9129.357 003002001015020006 9129.357 003002001015020006
9 9129.357 003002001015020006 233.46189999999999 001005001017017010
9 233.46189999999999 001005001017017010 414.822 001002001023020015
9 414.822 001002001023020015 109.268 010002001023020015
9 109.268 010002001023020015 233.46189999999999 001005001017017010
9 233.46189999999999 001005001017017010 246.305 001002001000020015
9 246.305 001002001000020015 233.46189999999999 001005001017017010
9 233.46189999999999 001005001017017010 8092.87 001002001015020006
9 8092.87 001002001015020006 17654.532666666666 001002001023017006
9 17654.532666666666 001002001023017006 226.25 002002001023017006
9 226.25 002002001023017006 233.46189999999999 001005001017017010
9 233.46189999999999 001005001017017010 469.169 001002001000017015
9 469.169 001002001000017015 318.607 001002001000002015
9 318.607 001002001000002015 233.46189999999999 001005001017017010
9 233.46189999999999 001005001017017010 564.063 001005001015020010
9 564.063 001005001015020010 564.063 001005001015020010
9 564.063 001005001015020010 233.46189999999999 001005001017017010
9 233.46189999999999 001005001017017010 6800.1525 001002001017020010
9 6800.1525 001002001017020010 241.228 001003001017020010
9 241.228 001003001017020010 233.46189999999999 001005001017017010
9 233.46189999999999 001005001017017010 448.2495 001002001023020006
9 448.2495 001002001023020006 448.2495 001002001023020006
9 448.2495 001002001023020006 233.46189999999999 001005001017017010
9 233.46189999999999 001005001017017010 290.773 001002001017017006
9 290.773 001002001017017006 164.314 001002001017010006
9 164.314 001002001017010006 233.46189999999999 001005001017017010
9 233.46189999999999 001005001017017010 397.486 001002001000020006
9 397.486 001002001000020006 467.465 006002001000020006
9 467.465 006002001000020006 233.46189999999999 001005001017017010
9 233.46189999999999 001005001017017010 948.282 033002001017017006
9 948.282 033002001017017006 52266.6 033002000017017006
9 52266.6 033002000017017006 233.46189999999999 001005001017017010
9 233.46189999999999 001005001017017010 73023.0 001002001017020015
9 73023.0 001002001017020015 325.16 001002001002020015
9 325.16 001002001002020015 233.46189999999999 001005001017017010
9 233.46189999999999 001005001017017010 397.486 001002001000020006
9 397.486 001002001000020006 17225.046285714285 001002002000020006
9 17225.046285714285 001002002000020006 233.46189999999999 001005001017017010
9 233.46189999999999 001005001017017010 14867.000636363637 001002001015020010
9 14867.000636363637 001002001015020010 14867.000636363637 001002001015020010
9 14867.000636363637 001002001015020010 233.46189999999999 001005001017017010
9 233.46189999999999 001005001017017010 664.369 010002001000020010
9 664.369 010002001000020010 400.517 001002001000020010
9 400.517 001002001000020010 233.46189999999999 001005001017017010
9 233.46189999999999 001005001017017010 387919000.0 033002002023020006
9 387919000.0 033002002023020006 22794.4 033002001023020006
9 22794.4 033002001023020006 233.46189999999999 001005001017017010
9 233.46189999999999 001005001017017010 12151.762 001002001000017006
9 12151.762 001002001000017006 17383.0 001002001000017007
9 17383.0 001002001000017007 233.46189999999999 001005001017017010
9 233.46189999999999 001005001017017010 246.869 001002001015017015
9 246.869 001002001015017015 233.46189999999999 001005001017017010
9 233.46189999999999 001005001017017010 8092.87 001002001015020006
9 8092.87 001002001015020006 14295.9 033002001023020010
9 14295.9 033002001023020010 355.302 033000001023020010
9 355.302 033000001023020010 233.46189999999999 001005001017017010
9 233.46189999999999 001005001017017010 246.305 001002001000020015
9 246.305 001002001000020015 206.007 001002001012020015
9 206.007 001002001012020015 233.46189999999999 001005001017017010
9 233.46189999999999 001005001017017010 1765.24 033002001023017006
9 1765.24 033002001023017006 273.191 033002001023024006
9 273.191 033002001023024006 233.46189999999999 001005001017017010
9 233.46189999999999 001005001017017010 42.3525 001002001017020006
9 42.3525 001002001017020006 414.681 001002001004020006
9 414.681 001002001004020006 233.46189999999999 001005001017017010
9 233.46189999999999 001005001017017010 136.05 033002001023017015
9 136.05 033002001023017015 233.46189999999999 001005001017017010
9 233.46189999999999 001005001017017010 8092.87 001002001015020006
9 8092.87 001002001015020006 246.305 001002001000020015
9 246.305 001002001000020015 233.46189999999999 001005001017017010
9 233.46189999999999 001005001017017010 8092.87 001002001015020006
9 8092.87 001002001015020006 469.169 001002001000017015
9 469.169 001002001000017015 233.46189999999999 001005001017017010
9 233.46189999999999 001005001017017010 8092.87 001002001015020006
9 8092.87 001002001015020006 397.486 001002001000020006
9 397.486 001002001000020006 233.46189999999999 001005001017017010
9 233.46189999999999 001005001017017010 8092.87 001002001015020006
9 8092.87 001002001015020006 581.2539999999999 001002001015020015
9 581.2539999999999 001002001015020015 494.872 015002001015020015
9 494.872 015002001015020015 233.46189999999999 001005001017017010
9 233.46189999999999 001005001017017010 426.506 001005002015017006
9 426.506 001005002015017006 300.271 001005002015017007
9 300.271 001005002015017007 233.46189999999999 001005001017017010
9 233.46189999999999 001005001017017010 513.754 001005001000017010
9 513.754 001005001000017010 383.484 001005001000008010
9 383.484 001005001000008010 233.46189999999999 001005001017017010
9 233.46189999999999 001005001017017010 400.517 001002001000020010
9 400.517 001002001000020010 250.203 001000001000020010
9 250.203 001000001000020010 233.46189999999999 001005001017017010
9 233.46189999999999 001005001017017010 397.486 001002001000020006
9 397.486 001002001000020006 273.676 001002001000013006
9 273.676 001002001000013006 233.46189999999999 001005001017017010
9 233.46189999999999 001005001017017010 17654.532666666666 001002001023017006
9 17654.532666666666 001002001023017006 11129.2 012002001023017006
9 11129.2 012002001023017006 233.46189999999999 001005001017017010
9 233.46189999999999 001005001017017010 30592.8 012002001015020006
9 30592.8 012002001015020006 28663.6 012002001015023006
9 28663.6 012002001015023006 233.46189999999999 001005001017017010
9 233.46189999999999 001005001017017010 8092.87 001002001015020006
9 8092.87 001002001015020006 474.97 010002001015020006
9 474.97 010002001015020006 233.46189999999999 001005001017017010
9 233.46189999999999 001005001017017010 3657.51 001002002023020006
9 3657.51 001002002023020006 636.158 001002002023005006
9 636.158 001002002023005006 233.46189999999999 001005001017017010
9 233.46189999999999 001005001017017010 8092.87 001002001015020006
9 8092.87 001002001015020006 233.46189999999999 001005001017017010
9 233.46189999999999 001005001017017010 8092.87 001002001015020006
9 8092.87 001002001015020006 766.996 033002001017017015
9 766.996 033002001017017015 581.466 010002001017017015
9 581.466 010002001017017015 233.46189999999999 001005001017017010
9 233.46189999999999 001005001017017010 42.3525 001002001017020006
9 42.3525 001002001017020006 42.3525 001002001017020006
9 42.3525 001002001017020006 233.46189999999999 001005001017017010
9 233.46189999999999 001005001017017010 549.19 010002001017020006
9 549.19 010002001017020006 42.3525 001002001017020006
9 42.3525 001002001017020006 233.46189999999999 001005001017017010
9 233.46189999999999 001005001017017010 17225.046285714285 001002002000020006
9 17225.046285714285 001002002000020006 92.4742 001002002000016006
9 92.4742 001002002000016006 42.3525 001002001017020006
9 42.3525 001002001017020006 290.773 001002001017017006
9 290.773 001002001017017006 522.721 001002001017017004
9 522.721 001002001017017004 42.3525 001002001017020006
9 42.3525 001002001017020006 6800.1525 001002001017020010
9 6800.1525 001002001017020010 42.3525 001002001017020006
9 42.3525 001002001017020006 233.46189999999999 001005001017017010
9 233.46189999999999 001005001017017010 400.517 001002001000020010
9 400.517 001002001000020010 400.517 001002001000020010
9 400.517 001002001000020010 42.3525 001002001017020006
9 42.3525 001002001017020006 400.517 001002001000020010
9 400.517 001002001000020010 6988.214666666667 001002002000020010
9 6988.214666666667 001002002000020010 42.3525 001002001017020006
9 42.3525 001002001017020006 4173.168833333333 001002001017017010
9 4173.168833333333 001002001017017010 42.3525 001002001017020006
9 42.3525 001002001017020006 233.46189999999999 001005001017017010
9 233.46189999999999 001005001017017010 17225.046285714285 001002002000020006
9 17225.046285714285 001002002000020006 547.063 001002002000020002
9 547.063 001002002000020002 42.3525 001002001017020006
9 42.3525 001002001017020006 270.399 001002001000016006
9 270.399 001002001000016006 42.3525 001002001017020006
9 42.3525 001002001017020006 233.46189999999999 001005001017017010
9 233.46189999999999 001005001017017010 12151.762 001002001000017006
9 12151.762 001002001000017006 2044.88 012002001000017006
9 2044.88 012002001000017006 42.3525 001002001017020006
9 42.3525 001002001017020006 400.517 001002001000020010
9 400.517 001002001000020010 400.517 001002001000020010
9 400.517 001002001000020010 42.3525 001002001017020006
9 42.3525 001002001017020006 397.486 001002001000020006
9 397.486 001002001000020006 397.486 001002001000020006
9 397.486 001002001000020006 42.3525 001002001017020006
9 42.3525 001002001017020006 429.637 001002001017016006
9 429.637 001002001017016006 254.075 001000001017016006
9 254.075 001000001017016006 42.3525 001002001017020006
9 42.3525 001002001017020006 397.486 001002001000020006
9 397.486 001002001000020006 823.413 007002001000020006
9 823.413 007002001000020006 42.3525 001002001017020006
9 42.3525 001002001017020006 400.517 001002001000020010
9 400.517 001002001000020010 42.3525 001002001017020006
9 42.3525 001002001017020006 233.46189999999999 001005001017017010
9 233.46189999999999 001005001017017010 27287.4 001002001000016010
9 27287.4 001002001000016010 398.567 001002001000005010
9 398.567 001002001000005010 42.3525 001002001017020006
9 42.3525 001002001017020006 3246.61 001002002000016010
9 3246.61 001002002000016010 678.151 001000002000016010
9 678.151 001000002000016010 42.3525 001002001017020006
9 42.3525 001002001017020006 397.486 001002001000020006
9 397.486 001002001000020006 165.725 001002001002020006
9 165.725 001002001002020006 42.3525 001002001017020006
9 42.3525 001002001017020006 8092.87 001002001015020006
9 8092.87 001002001015020006 4426.6 014002001015020006
9 4426.6 014002001015020006 42.3525 001002001017020006
9 42.3525 001002001017020006 8092.87 001002001015020006
9 8092.87 001002001015020006 261.0691 001004001015020006
9 261.0691 001004001015020006 42.3525 001002001017020006
9 42.3525 001002001017020006 796.4165 001005001000020006
9 796.4165 001005001000020006 796.4165 001005001000020006
9 796.4165 001005001000020006 42.3525 001002001017020006
9 42.3525 001002001017020006 397.486 001002001000020006
9 397.486 001002001000020006 16918.8 002002001000020006
9 16918.8 002002001000020006 42.3525 001002001017020006
9 42.3525 001002001017020006 42.3525 001002001017020006
9 42.3525 001002001017020006 679.41 017002001017020006
9 679.41 017002001017020006 42.3525 001002001017020006
9 42.3525 001002001017020006 14867.000636363637 001002001015020010
9 14867.000636363637 001002001015020010 42.3525 001002001017020006
9 42.3525 001002001017020006 233.46189999999999 001005001017017010
9 233.46189999999999 001005001017017010 14867.000636363637 001002001015020010
9 14867.000636363637 001002001015020010 2024.44 027002001015020010
9 2024.44 027002001015020010 42.3525 001002001017020006
9 42.3525 001002001017020006 14867.000636363637 001002001015020010
9 14867.000636363637 001002001015020010 42.3525 001002001017020006
9 42.3525 001002001017020006 233.46189999999999 001005001017017010
9 233.46189999999999 001005001017017010 400.517 001002001000020010
9 400.517 001002001000020010 42.3525 001002001017020006
9 42.3525 001002001017020006 233.46189999999999 001005001017017010
9 233.46189999999999 001005001017017010 290.773 001002001017017006
9 290.773 001002001017017006 470.294 001002001017009006
9 470.294 001002001017009006 42.3525 001002001017020006
9 42.3525 001002001017020006 17883.8 001002002015017006
9 17883.8 001002002015017006 555.529 001002002002017006
9 555.529 001002002002017006 42.3525 001002001017020006
9 42.3525 001002001017020006 42.3525 001002001017020006
9 42.3525 001002001017020006 9408.2525 001002002017020006
9 9408.2525 001002002017020006 42.3525 001002001017020006
9 42.3525 001002001017020006 526.835 001002001015017010
9 526.835 001002001015017010 444.613 002002001015017010
9 444.613 002002001015017010 42.3525 001002001017020006
9 42.3525 001002001017020006 14867.000636363637 001002001015020010
9 14867.000636363637 001002001015020010 523.674 001002001015021010
9 523.674 001002001015021010 42.3525 001002001017020006
9 42.3525 001002001017020006 278.857 001004001000020010
9 278.857 001004001000020010 278.857 001004001000020010
9 278.857 001004001000020010 42.3525 001002001017020006
9 42.3525 001002001017020006 15244.37775 001005001000020010
9 15244.37775 001005001000020010 160.858 001005001000020003
9 160.858 001005001000020003 42.3525 001002001017020006
9 42.3525 001002001017020006 397.486 001002001000020006
9 397.486 001002001000020006 17225.046285714285 001002002000020006
9 17225.046285714285 001002002000020006 42.3525 001002001017020006
9 42.3525 001002001017020006 42.3525 001002001017020006
9 42.3525 001002001017020006 290.773 001002001017017006
9 290.773 001002001017017006 42.3525 001002001017020006
9 42.3525 001002001017020006 397.486 001002001000020006
9 397.486 001002001000020006 246.305 001002001000020015
9 246.305 001002001000020015 42.3525 001002001017020006
9 42.3525 001002001017020006 1235.01 001002002015020006
9 1235.01 001002002015020006 357.617 001002002015020001
9 357.617 001002002015020001 42.3525 001002001017020006
9 42.3525 001002001017020006 245.691 001004001015017010
9 245.691 001004001015017010 42.3525 001002001017020006
9 42.3525 001002001017020006 233.46189999999999 001005001017017010
9 233.46189999999999 001005001017017010 397.486 001002001000020006
9 397.486 001002001000020006 397.486 001002001000020006
9 397.486 001002001000020006 42.3525 001002001017020006
9 42.3525 001002001017020006 397.486 001002001000020006
9 397.486 001002001000020006 394.006 001003001000020006
9 394.006 001003001000020006 42.3525 001002001017020006
9 42.3525 001002001017020006 9348.5705 001002001000017010
9 9348.5705 001002001000017010 278.402 001002001000017016
9 278.402 001002001000017016 42.3525 001002001017020006
9 42.3525 001002001017020006 526.835 001002001015017010
9 526.835 001002001015017010 398.473 001002001015017001
9 398.473 001002001015017001 42.3525 001002001017020006
9 42.3525 001002001017020006 397.486 001002001000020006
9 397.486 001002001000020006 326.6885 001002001000002006
9 326.6885 001002001000002006 42.3525 001002001017020006
9 42.3525 001002001017020006 326.6885 001002001000002006
9 326.6885 001002001000002006 42.3525 001002001017020006
9 42.3525 001002001017020006 233.46189999999999 001005001017017010
9 233.46189999999999 001005001017017010 15244.37775 001005001000020010
9 15244.37775 001005001000020010 42.3525 001002001017020006
9 42.3525 001002001017020006 233.46189999999999 001005001017017010
9 233.46189999999999 001005001017017010 796.4165 001005001000020006
9 796.4165 001005001000020006 42.3525 001002001017020006
9 42.3525 001002001017020006 233.46189999999999 001005001017017010
9 233.46189999999999 001005001017017010 397.486 001002001000020006
9 397.486 001002001000020006 237.678 001002001000012006
9 237.678 001002001000012006 42.3525 001002001017020006
9 42.3525 001002001017020006 400.517 001002001000020010
9 400.517 001002001000020010 303.19 001002001001020010
9 303.19 001002001001020010 42.3525 001002001017020006
9 42.3525 001002001017020006 6800.1525 001002001017020010
9 6800.1525 001002001017020010 42.3525 001002001017020006
9 42.3525 001002001017020006 233.46189999999999 001005001017017010
9 233.46189999999999 001005001017017010 8092.87 001002001015020006
9 8092.87 001002001015020006 1199.41 008002001015020006
9 1199.41 008002001015020006 42.3525 001002001017020006
9 42.3525 001002001017020006 278.857 001004001000020010
9 278.857 001004001000020010 705.812 001004001000008010
9 705.812 001004001000008010 42.3525 001002001017020006
9 42.3525 001002001017020006 397.486 001002001000020006
9 397.486 001002001000020006 2757.54 013002001000020006
9 2757.54 013002001000020006 42.3525 001002001017020006
9 42.3525 001002001017020006 17225.046285714285 001002002000020006
9 17225.046285714285 001002002000020006 17225.046285714285 001002002000020006
9 17225.046285714285 001002002000020006 42.3525 001002001017020006
9 42.3525 001002001017020006 480.29966666666667 001005001015020006
9 480.29966666666667 001005001015020006 447.756 001001001015020006
9 447.756 001001001015020006 42.3525 001002001017020006
9 42.3525 001002001017020006 397.486 001002001000020006
9 397.486 001002001000020006 397.486 001002001000020006
9 397.486 001002001000020006 42.3525 001002001017020006
9 42.3525 001002001017020006 8092.87 001002001015020006
9 8092.87 001002001015020006 551.522 034002001015020006
9 551.522 034002001015020006 42.3525 001002001017020006
9 42.3525 001002001017020006 397.486 001002001000020006
9 397.486 001002001000020006 42.3525 001002001017020006
9 42.3525 001002001017020006 233.46189999999999 001005001017017010
9 233.46189999999999 001005001017017010 6800.1525 001002001017020010
9 6800.1525 001002001017020010 6800.1525 001002001017020010
9 6800.1525 001002001017020010 42.3525 001002001017020006
9 42.3525 001002001017020006 1336.867 001005001017020006
9 1336.867 001005001017020006 42.3525 001002001017020006
9 42.3525 001002001017020006 233.46189999999999 001005001017017010
9 233.46189999999999 001005001017017010 6800.1525 001002001017020010
9 6800.1525 001002001017020010 1959.34 001002001017018010
9 1959.34 001002001017018010 42.3525 001002001017020006
9 42.3525 001002001017020006 8092.87 001002001015020006
9 8092.87 001002001015020006 399.422 001002001015019006
9 399.422 001002001015019006 42.3525 001002001017020006
9 42.3525 001002001017020006 261.0691 001004001015020006
9 261.0691 001004001015020006 42.3525 001002001017020006
9 42.3525 001002001017020006 233.46189999999999 001005001017017010
9 233.46189999999999 001005001017017010 480.29966666666667 001005001015020006
9 480.29966666666667 001005001015020006 279.009 010005001015020006
9 279.009 010005001015020006 42.3525 001002001017020006
9 42.3525 001002001017020006 17225.046285714285 001002002000020006
9 17225.046285714285 001002002000020006 172.556 001000002000020006
9 172.556 001000002000020006 42.3525 001002001017020006
9 42.3525 001002001017020006 564.063 001005001015020010
9 564.063 001005001015020010 564.063 001005001015020010
9 564.063 001005001015020010 42.3525 001002001017020006
9 42.3525 001002001017020006 11843.49 001004001000020006
9 11843.49 001004001000020006 510.996 001004001002020006
9 510.996 001004001002020006 42.3525 001002001017020006
9 42.3525 001002001017020006 397.486 001002001000020006
9 397.486 001002001000020006 467.465 006002001000020006
9 467.465 006002001000020006 42.3525 001002001017020006
9 42.3525 001002001017020006 304.081 006002002000020006
9 304.081 006002002000020006 203.462 006005002000020006
9 203.462 006005002000020006 42.3525 001002001017020006
9 42.3525 001002001017020006 6800.1525 001002001017020010
9 6800.1525 001002001017020010 6800.1525 001002001017020010
9 6800.1525 001002001017020010 42.3525 001002001017020006
9 42.3525 001002001017020006 8092.87 001002001015020006
9 8092.87 001002001015020006 587.469 007002001015020006
9 587.469 007002001015020006 42.3525 001002001017020006
9 42.3525 001002001017020006 397.486 001002001000020006
9 397.486 001002001000020006 356.93 001002001000020009
9 356.93 001002001000020009 42.3525 001002001017020006
9 42.3525 001002001017020006 8092.87 001002001015020006
9 8092.87 001002001015020006 8092.87 001002001015020006
9 8092.87 001002001015020006 42.3525 001002001017020006
9 42.3525 001002001017020006 9408.2525 001002002017020006
9 9408.2525 001002002017020006 617.744 001002002017020008
9 617.744 001002002017020008 42.3525 001002001017020006
9 42.3525 001002001017020006 9747.948 001005001017020010
9 9747.948 001005001017020010 200.735 001005002017020010
9 200.735 001005002017020010 42.3525 001002001017020006
9 42.3525 001002001017020006 14867.000636363637 001002001015020010
9 14867.000636363637 001002001015020010 177.125 001000001015020010
9 177.125 001000001015020010 42.3525 001002001017020006
9 42.3525 001002001017020006 290.773 001002001017017006
9 290.773 001002001017017006 948.282 033002001017017006
9 948.282 033002001017017006 42.3525 001002001017020006
9 42.3525 001002001017020006 12151.762 001002001000017006
9 12151.762 001002001000017006 42.3525 001002001017020006
9 42.3525 001002001017020006 233.46189999999999 001005001017017010
9 233.46189999999999 001005001017017010 8092.87 001002001015020006
9 8092.87 001002001015020006 42.3525 001002001017020006
9 42.3525 001002001017020006 233.46189999999999 001005001017017010
9 233.46189999999999 001005001017017010 14867.000636363637 001002001015020010
9 14867.000636363637 001002001015020010 364.28 001002001003020010
9 364.28 001002001003020010 42.3525 001002001017020006
9 42.3525 001002001017020006 8092.87 001002001015020006
9 8092.87 001002001015020006 42.3525 001002001017020006
9 42.3525 001002001017020006 233.46189999999999 001005001017017010
9 233.46189999999999 001005001017017010 573.007 001004001015020010
9 573.007 001004001015020010 402.497 001004001015020000
9 402.497 001004001015020000 42.3525 001002001017020006
9 42.3525 001002001017020006 42.3525 001002001017020006
9 42.3525 001002001017020006 165.725 001002001002020006
9 165.725 001002001002020006 42.3525 001002001017020006
9 42.3525 001002001017020006 400.517 001002001000020010
9 400.517 001002001000020010 400.517 001002001000020010
9 400.517 001002001000020010 42.3525 001002001017020006
9 42.3525 001002001017020006 15244.37775 001005001000020010
9 15244.37775 001005001000020010 56405.6 001005000000020010
9 56405.6 001005000000020010 42.3525 001002001017020006
9 42.3525 001002001017020006 8092.87 001002001015020006
9 8092.87 001002001015020006 1235.01 001002002015020006
9 1235.01 001002002015020006 42.3525 001002001017020006
9 42.3525 001002001017020006 146.198 001004001015017006
9 146.198 001004001015017006 42.3525 001002001017020006
9 42.3525 001002001017020006 233.46189999999999 001005001017017010
9 233.46189999999999 001005001017017010 261.0691 001004001015020006
9 261.0691 001004001015020006 315.833 001004001008020006
9 315.833 001004001008020006 42.3525 001002001017020006
9 42.3525 001002001017020006 1871.09 001005001017017006
9 1871.09 001005001017017006 703.435 001005001003017006
9 703.435 001005001003017006 42.3525 001002001017020006
9 42.3525 001002001017020006 480.29966666666667 001005001015020006
9 480.29966666666667 001005001015020006 386.041 001005001015020002
9 386.041 001005001015020002 42.3525 001002001017020006
9 42.3525 001002001017020006 6800.1525 001002001017020010
9 6800.1525 001002001017020010 15185.8 011002001017020010
9 15185.8 011002001017020010 42.3525 001002001017020006
9 42.3525 001002001017020006 397.486 001002001000020006
9 397.486 001002001000020006 42.3525 001002001017020006
9 42.3525 001002001017020006 233.46189999999999 001005001017017010
9 233.46189999999999 001005001017017010 9747.948 001005001017020010
9 9747.948 001005001017020010 9747.948 001005001017020010
9 9747.948 001005001017020010 42.3525 001002001017020006
9 42.3525 001002001017020006 564.063 001005001015020010
9 564.063 001005001015020010 564.063 001005001015020010
9 564.063 001005001015020010 42.3525 001002001017020006
9 42.3525 001002001017020006 42.3525 001002001017020006
9 42.3525 001002001017020006 1336.867 001005001017020006
9 1336.867 001005001017020006 42.3525 001002001017020006
9 42.3525 001002001017020006 1235.01 001002002015020006
9 1235.01 001002002015020006 374.659 001002002015021006
9 374.659 001002002015021006 42.3525 001002001017020006
9 42.3525 001002001017020006 1265.5015 001004001015021006
9 1265.5015 001004001015021006 1265.5015 001004001015021006
9 1265.5015 001004001015021006 42.3525 001002001017020006
9 42.3525 001002001017020006 217.132 001004001017020006
9 217.132 001004001017020006 42.3525 001002001017020006
9 42.3525 001002001017020006 233.46189999999999 001005001017017010
9 233.46189999999999 001005001017017010 8092.87 001002001015020006
9 8092.87 001002001015020006 226.127 001002001015020002
9 226.127 001002001015020002 42.3525 001002001017020006
9 42.3525 001002001017020006 6988.214666666667 001002002000020010
9 6988.214666666667 001002002000020010 11543.3 001006002000020010
9 11543.3 001006002000020010 42.3525 001002001017020006
9 42.3525 001002001017020006 42.3525 001002001017020006
9 42.3525 001002001017020006 165.725 001002001002020006
9 165.725 001002001002020006 42.3525 001002001017020006
9 42.3525 001002001017020006 400.517 001002001000020010
9 400.517 001002001000020010 236.333 001002001000020003
9 236.333 001002001000020003 42.3525 001002001017020006
9 42.3525 001002001017020006 796.4165 001005001000020006
9 796.4165 001005001000020006 247.759 001005001016020006
9 247.759 001005001016020006 42.3525 001002001017020006
9 42.3525 001002001017020006 6800.1525 001002001017020010
9 6800.1525 001002001017020010 17526.5 036002001017020010
9 17526.5 036002001017020010 42.3525 001002001017020006
9 42.3525 001002001017020006 502.601 001002001015017006
9 502.601 001002001015017006 42.3525 001002001017020006
9 42.3525 001002001017020006 233.46189999999999 001005001017017010
9 233.46189999999999 001005001017017010 42.3525 001002001017020006
9 42.3525 001002001017020006 42.3525 001002001017020006
9 42.3525 001002001017020006 42.3525 001002001017020006
9 42.3525 001002001017020006 397.486 001002001000020006
9 397.486 001002001000020006 294.218 001002000000020006
9 294.218 001002000000020006 42.3525 001002001017020006
9 42.3525 001002001017020006 14867.000636363637 001002001015020010
9 14867.000636363637 001002001015020010 581.2539999999999 001002001015020015
9 581.2539999999999 001002001015020015 42.3525 001002001017020006
9 42.3525 001002001017020006 42.3525 001002001017020006
9 42.3525 001002001017020006 16795.3 001002001008020006
9 16795.3 001002001008020006 42.3525 001002001017020006
9 42.3525 001002001017020006 4173.168833333333 001002001017017010
9 4173.168833333333 001002001017017010 395.449 001001001017017010
9 395.449 001001001017017010 42.3525 001002001017020006
9 42.3525 001002001017020006 11843.49 001004001000020006
9 11843.49 001004001000020006 492.587 001004001000020009
9 492.587 001004001000020009 42.3525 001002001017020006
9 42.3525 001002001017020006 8092.87 001002001015020006
9 8092.87 001002001015020006 521.253 001002001015016006
9 521.253 001002001015016006 42.3525 001002001017020006
9 42.3525 001002001017020006 8092.87 001002001015020006
9 8092.87 001002001015020006 287.376 001002001012020006
9 287.376 001002001012020006 42.3525 001002001017020006
9 42.3525 001002001017020006 1235.01 001002002015020006
9 1235.01 001002002015020006 42.3525 001002001017020006
9 42.3525 001002001017020006 233.46189999999999 001005001017017010
9 233.46189999999999 001005001017017010 8092.87 001002001015020006
9 8092.87 001002001015020006 7253.76 037002001015020006
9 7253.76 037002001015020006 42.3525 001002001017020006
9 42.3525 001002001017020006 397.486 001002001000020006
9 397.486 001002001000020006 397.486 001002001000020006
9 397.486 001002001000020006 42.3525 001002001017020006
10 42.3525 001002001017020006 9737540.0 031002002025000001
10 9737540.0 031002002025000001 2432.32 031002000025000001
10 2432.32 031002000025000001 44.5822 001005001010017000
10 44.5822 001005001010017000 1568.58 023003002002000001
10 1568.58 023003002002000001 686.411 032003002002000001
10 686.411 032003002002000001 44.5822 001005001010017000
10 44.5822 001005001010017000 27970.0 012002002025000010
10 27970.0 012002002025000010 8244.42 037002002025000010
10 8244.42 037002002025000010 44.5822 001005001010017000
10 44.5822 001005001010017000 820.245 031000002010000010
10 820.245 031000002010000010 44.5822 001005001010017000
10 44.5822 001005001010017000 261.153 023004001002005018
10 261.153 023004001002005018 26618.8 023004000010000001
10 26618.8 023004000010000001 749.815 023002000010000001
10 749.815 023002000010000001 44.5822 001005001010017000
10 44.5822 001005001010017000 53856.0 032004002010020001
10 53856.0 032004002010020001 37668.1 032005002010020001
10 37668.1 032005002010020001 44.5822 001005001010017000
10 44.5822 001005001010017000 1764.7695 031000001025000010
10 1764.7695 031000001025000010 245.795 031000001025018010
10 245.795 031000001025018010 44.5822 001005001010017000
10 44.5822 001005001010017000 237097000.0 031002002010018012
10 237097000.0 031002002010018012 1306.64 031000002010018012
10 1306.64 031000002010018012 44.5822 001005001010017000
10 44.5822 001005001010017000 1105.1154999999999 031005001025000010
10 1105.1154999999999 031005001025000010 2045.9 031005001025000017
10 2045.9 031005001025000017 44.5822 001005001010017000
10 44.5822 001005001010017000 599.807 004000002025000018
10 599.807 004000002025000018 599.807 004000002025000018
10 599.807 004000002025000018 44.5822 001005001010017000
10 44.5822 001005001010017000 312490000.0 023005001025000000
10 312490000.0 023005001025000000 3763.73 023005001025012000
10 3763.73 023005001025012000 44.5822 001005001010017000
10 44.5822 001005001010017000 45028100.0 031002001025000010
10 45028100.0 031002001025000010 8978.46 031002001025000002
10 8978.46 031002001025000002 44.5822 001005001010017000
10 44.5822 001005001010017000 4858.63775 031000001025017017
10 4858.63775 031000001025017017 4858.63775 031000001025017017
10 4858.63775 031000001025017017 44.5822 001005001010017000
10 44.5822 001005001010017000 4429.4984 031004001010000017
10 4429.4984 031004001010000017 4429.4984 031004001010000017
10 4429.4984 031004001010000017 44.5822 001005001010017000
10 44.5822 001005001010017000 6312.535833333333 031000001025000017
10 6312.535833333333 031000001025000017 216.03016666666664 032000001025000017
10 216.03016666666664 032000001025000017 44.5822 001005001010017000
10 44.5822 001005001010017000 17975.431 001000001002000017
10 17975.431 001000001002000017 203.372 001000001002022017
10 203.372 001000001002022017 44.5822 001005001010017000
10 44.5822 001005001010017000 11565.615000000002 031000001002017000
10 11565.615000000002 031000001002017000 1430.8 031003001002017000
10 1430.8 031003001002017000 44.5822 001005001010017000
10 44.5822 001005001010017000 53914.2015 031000001002000017
10 53914.2015 031000001002000017 44.5822 001005001010017000
10 44.5822 001005001010017000 216.03016666666664 032000001025000017
10 216.03016666666664 032000001025000017 17975.431 001000001002000017
10 17975.431 001000001002000017 167.29 001000001023000017
10 167.29 001000001023000017 44.5822 001005001010017000
10 44.5822 001005001010017000 9657.99688 001005001002000010
10 9657.99688 001005001002000010 9657.99688 001005001002000010
10 9657.99688 001005001002000010 44.5822 001005001010017000
10 44.5822 001005001010017000 1105.1154999999999 031005001025000010
10 1105.1154999999999 031005001025000010 44.5822 001005001010017000
10 44.5822 001005001010017000 216.03016666666664 032000001025000017
10 216.03016666666664 032000001025000017 9764.7093 001005001002000017
10 9764.7093 001005001002000017 10079.313 001005001006000017
10 10079.313 001005001006000017 44.5822 001005001010017000
10 44.5822 001005001010017000 369.291 001005001025000017
10 369.291 001005001025000017 271.294 001005001025011017
10 271.294 001005001025011017 44.5822 001005001010017000
10 44.5822 001005001010017000 369.291 001005001025000017
10 369.291 001005001025000017 451.451 001005001025017017
10 451.451 001005001025017017 44.5822 001005001010017000
10 44.5822 001005001010017000 1764.7695 031000001025000010
10 1764.7695 031000001025000010 44.5822 001005001010017000
10 44.5822 001005001010017000 216.03016666666664 032000001025000017
10 216.03016666666664 032000001025000017 488.904 032005001002000017
10 488.904 032005001002000017 44.5822 001005001010017000
10 44.5822 001005001010017000 216.03016666666664 032000001025000017
10 216.03016666666664 032000001025000017 9764.7093 001005001002000017
10 9764.7093 001005001002000017 79321.5 010005001002000017
10 79321.5 010005001002000017 44.5822 001005001010017000
10 44.5822 001005001010017000 20897.6 032000001010017017
10 20897.6 032000001010017017 480.716 032000001006017017
10 480.716 032000001006017017 44.5822 001005001010017000
10 44.5822 001005001010017000 7800.693444444444 001000001025000017
10 7800.693444444444 001000001025000017 456.073 001000002025000017
10 456.073 001000002025000017 44.5822 001005001010017000
10 44.5822 001005001010017000 27700.6 031005001002022017
10 27700.6 031005001002022017 16268.6 031005001002022012
10 16268.6 031005001002022012 44.5822 001005001010017000
10 44.5822 001005001010017000 17975.431 001000001002000017
10 17975.431 001000001002000017 914.6245 001004001002000017
10 914.6245 001004001002000017 44.5822 001005001010017000
10 44.5822 001005001010017000 563.67 001004001025017000
10 563.67 001004001025017000 628.872 001004001025017010
10 628.872 001004001025017010 44.5822 001005001010017000
10 44.5822 001005001010017000 241.077 031000001006017017
10 241.077 031000001006017017 44.5822 001005001010017000
10 44.5822 001005001010017000 216.03016666666664 032000001025000017
10 216.03016666666664 032000001025000017 2045.9 031005001025000017
10 2045.9 031005001025000017 2045.9 031005001025000017
10 2045.9 031005001025000017 44.5822 001005001010017000
10 44.5822 001005001010017000 2045.9 031005001025000017
10 2045.9 031005001025000017 159.305 031006001025000017
10 159.305 031006001025000017 44.5822 001005001010017000
10 44.5822 001005001010017000 18384.3 031000001025000000
10 18384.3 031000001025000000 770.974 031006001025000000
10 770.974 031006001025000000 44.5822 001005001010017000
10 44.5822 001005001010017000 241.077 031000001006017017
10 241.077 031000001006017017 241.077 031000001006017017
10 241.077 031000001006017017 44.5822 001005001010017000
10 44.5822 001005001010017000 8251.6429 001004001010000017
10 8251.6429 001004001010000017 44.5822 001005001010017000
10 44.5822 001005001010017000 216.03016666666664 032000001025000017
10 216.03016666666664 032000001025000017 16837.9 001005001025000010
10 16837.9 001005001025000010 398.964 003005001025000010
10 398.964 003005001025000010 44.5822 001005001010017000
10 44.5822 001005001010017000 11173.903499999999 001000001025017017
10 11173.903499999999 001000001025017017 44.5822 001005001010017000
10 44.5822 001005001010017000 216.03016666666664 032000001025000017
10 216.03016666666664 032000001025000017 14941.251333333334 001004001025000017
10 14941.251333333334 001004001025000017 299.181 036004001025000017
10 299.181 036004001025000017 44.5822 001005001010017000
10 44.5822 001005001010017000 10325.524 001004001010000010
10 10325.524 001004001010000010 351.051 001004001023000010
10 351.051 001004001023000010 44.5822 001005001010017000
10 44.5822 001005001010017000 27357.06 001005001010000000
10 27357.06 001005001010000000 366.035 002005001010000000
10 366.035 002005001010000000 44.5822 001005001010017000
10 44.5822 001005001010017000 1061.14 001004001010017000
10 1061.14 001004001010017000 301.344 001004001007017000
10 301.344 001004001007017000 44.5822 001005001010017000
10 44.5822 001005001010017000 2045.9 031005001025000017
10 2045.9 031005001025000017 529.718 031005001025004017
10 529.718 031005001025004017 44.5822 001005001010017000
10 44.5822 001005001010017000 779.029 031005001006004017
10 779.029 031005001006004017 642.446 031005001003004017
10 642.446 031005001003004017 44.5822 001005001010017000
10 44.5822 001005001010017000 188.407 001000001010000017
10 188.407 001000001010000017 156.735 001000001010016017
10 156.735 001000001010016017 44.5822 001005001010017000
10 44.5822 001005001010017000 369.291 001005001025000017
10 369.291 001005001025000017 44.5822 001005001010017000
10 44.5822 001005001010017000 216.03016666666664 032000001025000017
10 216.03016666666664 032000001025000017 441.297 001005001006017000
10 441.297 001005001006017000 410.616 001002001006017000
10 410.616 001002001006017000 44.5822 001005001010017000
10 44.5822 001005001010017000 1235.982 031005001002000017
10 1235.982 031005001002000017 1235.982 031005001002000017
10 1235.982 031005001002000017 44.5822 001005001010017000
10 44.5822 001005001010017000 7800.693444444444 001000001025000017
10 7800.693444444444 001000001025000017 456.073 001000002025000017
10 456.073 001000002025000017 44.5822 001005001010017000
10 44.5822 001005001010017000 451.451 001005001025017017
10 451.451 001005001025017017 476.79 001005000025017017
10 476.79 001005000025017017 44.5822 001005001010017000
10 44.5822 001005001010017000 7354.482 001000001025000010
10 7354.482 001000001025000010 217.491 004000001025000010
10 217.491 004000001025000010 44.5822 001005001010017000
10 44.5822 001005001010017000 188.407 001000001010000017
10 188.407 001000001010000017 223.065 001000001010009017
10 223.065 001000001010009017 44.5822 001005001010017000
10 44.5822 001005001010017000 52812.6 032004001010009017
10 52812.6 032004001010009017 498.99 032003001010009017
10 498.99 032003001010009017 44.5822 001005001010017000
10 44.5822 001005001010017000 369.291 001005001025000017
10 369.291 001005001025000017 166.051 001005001019000017
10 166.051 001005001019000017 44.5822 001005001010017000
10 44.5822 001005001010017000 17472.7 031000001010000017
10 17472.7 031000001010000017 853.567 031000001005000017
10 853.567 031000001005000017 44.5822 001005001010017000
10 44.5822 001005001010017000 532.731 001005001005000017
10 532.731 001005001005000017 10079.313 001005001006000017
10 10079.313 001005001006000017 44.5822 001005001010017000
10 44.5822 001005001010017000 1119881.67 032000001025000010
10 1119881.67 032000001025000010 44.5822 001005001010017000
10 44.5822 001005001010017000 216.03016666666664 032000001025000017
10 216.03016666666664 032000001025000017 17975.431 001000001002000017
10 17975.431 001000001002000017 336.817 001000001002010017
10 336.817 001000001002010017 44.5822 001005001010017000
10 44.5822 001005001010017000 27261408.0 001006001025000010
10 27261408.0 001006001025000010 7181.687333333333 001004001025000010
10 7181.687333333333 001004001025000010 44.5822 001005001010017000
10 44.5822 001005001010017000 1815.47 031005001010000017
10 1815.47 031005001010000017 480.042 031001001010000017
10 480.042 031001001010000017 44.5822 001005001010017000
10 44.5822 001005001010017000 268.028 032004001010000017
10 268.028 032004001010000017 44.5822 001005001010017000
10 44.5822 001005001010017000 216.03016666666664 032000001025000017
10 216.03016666666664 032000001025000017 3676.86 031005001025017010
10 3676.86 031005001025017010 2570.39 037005001025017010
10 2570.39 037005001025017010 44.5822 001005001010017000
10 44.5822 001005001010017000 12849.671083333333 001005001010000010
10 12849.671083333333 001005001010000010 10325.524 001004001010000010
10 10325.524 001004001010000010 44.5822 001005001010017000
10 44.5822 001005001010017000 563.67 001004001025017000
10 563.67 001004001025017000 44.5822 001005001010017000
10 44.5822 001005001010017000 216.03016666666664 032000001025000017
10 216.03016666666664 032000001025000017 7800.693444444444 001000001025000017
10 7800.693444444444 001000001025000017 7800.693444444444 001000001025000017
10 7800.693444444444 001000001025000017 44.5822 001005001010017000
10 44.5822 001005001010017000 53242.6 001006001025000017
10 53242.6 001006001025000017 755.375 032006001025000017
10 755.375 032006001025000017 44.5822 001005001010017000
10 44.5822 001005001010017000 61825.0 001000001006000017
10 61825.0 001000001006000017 188.407 001000001010000017
10 188.407 001000001010000017 44.5822 001005001010017000
10 44.5822 001005001010017000 2045.9 031005001025000017
10 2045.9 031005001025000017 192.218 031002001025000017
10 192.218 031002001025000017 44.5822 001005001010017000
10 44.5822 001005001010017000 278.665 001004001006000017
10 278.665 001004001006000017 44.5822 001005001010017000
10 44.5822 001005001010017000 216.03016666666664 032000001025000017
10 216.03016666666664 032000001025000017 188.407 001000001010000017
10 188.407 001000001010000017 412.895 001000000010000017
10 412.895 001000000010000017 44.5822 001005001010017000
10 44.5822 001005001010017000 576.639 032005001010000017
10 576.639 032005001010000017 355.744 032005001010017017
10 355.744 032005001010017017 44.5822 001005001010017000
10 44.5822 001005001010017000 127288000.0 031006001010000000
10 127288000.0 031006001010000000 975.772 006006001010000000
10 975.772 006006001010000000 44.5822 001005001010017000
10 44.5822 001005001010017000 35843.5 032004001025000000
10 35843.5 032004001025000000 2371.21 027004001025000000
10 2371.21 027004001025000000 44.5822 001005001010017000
10 44.5822 001005001010017000 240833.0 032000001002000017
10 240833.0 032000001002000017 15725.3 032000001002007017
10 15725.3 032000001002007017 44.5822 001005001010017000
10 44.5822 001005001010017000 10079.313 001005001006000017
10 10079.313 001005001006000017 278.665 001004001006000017
10 278.665 001004001006000017 44.5822 001005001010017000
10 44.5822 001005001010017000 27261408.0 001006001025000010
10 27261408.0 001006001025000010 22436.0 001002001025000010
10 22436.0 001002001025000010 44.5822 001005001010017000
10 44.5822 001005001010017000 15215.9 001000001006000010
10 15215.9 001000001006000010 257.266 001002001006000010
10 257.266 001002001006000010 44.5822 001005001010017000
10 44.5822 001005001010017000 21052.889499999997 032002001025000017
10 21052.889499999997 032002001025000017 21052.889499999997 032002001025000017
10 21052.889499999997 032002001025000017 44.5822 001005001010017000
10 44.5822 001005001010017000 1232.5439999999999 032005001025000017
10 1232.5439999999999 032005001025000017 216.03016666666664 032000001025000017
10 216.03016666666664 032000001025000017 44.5822 001005001010017000
10 44.5822 001005001010017000 7800.693444444444 001000001025000017
10 7800.693444444444 001000001025000017 396.588 001000001008000017
10 396.588 001000001008000017 44.5822 001005001010017000
10 44.5822 001005001010017000 163.185 001005001010000017
10 163.185 001005001010000017 819.455 001005001010001017
10 819.455 001005001010001017 44.5822 001005001010017000
10 44.5822 001005001010017000 459.461 031000001025017010
10 459.461 031000001025017010 459.461 031000001025017010
10 459.461 031000001025017010 44.5822 001005001010017000
10 44.5822 001005001010017000 2045.9 031005001025000017
10 2045.9 031005001025000017 207.99 031005001019000017
10 207.99 031005001019000017 44.5822 001005001010017000
10 44.5822 001005001010017000 2942270000.0 031000001002000000
10 2942270000.0 031000001002000000 48593100.0 031000001003000000
10 48593100.0 031000001003000000 44.5822 001005001010017000
10 44.5822 001005001010017000 11565.615000000002 031000001002017000
10 11565.615000000002 031000001002017000 472.958 031000001002017015
10 472.958 031000001002017015 44.5822 001005001010017000
10 44.5822 001005001010017000 10816.3 001006001006000017
10 10816.3 001006001006000017 44.5822 001005001010017000
10 44.5822 001005001010017000 216.03016666666664 032000001025000017
10 216.03016666666664 032000001025000017 17467.8 031000001006017000
10 17467.8 031000001006017000 44.5822 001005001010017000
10 44.5822 001005001010017000 216.03016666666664 032000001025000017
10 216.03016666666664 032000001025000017 4858.63775 031000001025017017
10 4858.63775 031000001025017017 339.936 031000001003017017
10 339.936 031000001003017017 44.5822 001005001010017000
10 44.5822 001005001010017000 2292680000.0 001006001010000017
10 2292680000.0 001006001010000017 10235600.0 001006001012000017
10 10235600.0 001006001012000017 44.5822 001005001010017000
10 44.5822 001005001010017000 188.407 001000001010000017
10 188.407 001000001010000017 277.843 001000001010000014
10 277.843 001000001010000014 44.5822 001005001010017000
10 44.5822 001005001010017000 163.185 001005001010000017
10 163.185 001005001010000017 506.976 001005001010000005
10 506.976 001005001010000005 44.5822 001005001010017000
10 44.5822 001005001010017000 188.407 001000001010000017
10 188.407 001000001010000017 1767.54 001000001021000017
10 1767.54 001000001021000017 44.5822 001005001010017000
10 44.5822 001005001010017000 9764.7093 001005001002000017
10 9764.7093 001005001002000017 44.5822 001005001010017000
10 44.5822 001005001010017000 216.03016666666664 032000001025000017
10 216.03016666666664 032000001025000017 7800.693444444444 001000001025000017
10 7800.693444444444 001000001025000017 3250.11 039000001025000017
10 3250.11 039000001025000017 44.5822 001005001010017000
10 44.5822 001005001010017000 9764.7093 001005001002000017
10 9764.7093 001005001002000017 163.185 001005001010000017
10 163.185 001005001010000017 44.5822 001005001010017000
10 44.5822 001005001010017000 163.185 001005001010000017
10 163.185 001005001010000017 229.36 001005001010013017
10 229.36 001005001010013017 44.5822 001005001010017000
10 44.5822 001005001010017000 12849.671083333333 001005001010000010
10 12849.671083333333 001005001010000010 44.5822 001005001010017000
10 44.5822 001005001010017000 216.03016666666664 032000001025000017
10 216.03016666666664 032000001025000017 7997.99825 001000001010017017
10 7997.99825 001000001010017017 156.735 001000001010016017
10 156.735 001000001010016017 44.5822 001005001010017000
10 44.5822 001005001010017000 27357.06 001005001010000000
10 27357.06 001005001010000000 355.176 001005001003000000
10 355.176 001005001003000000 44.5822 001005001010017000
10 44.5822 001005001010017000 576.639 032005001010000017
10 576.639 032005001010000017 576.639 032005001010000017
10 576.639 032005001010000017 44.5822 001005001010017000
10 44.5822 001005001010017000 1815.47 031005001010000017
10 1815.47 031005001010000017 7059.0935 031002001010000017
10 7059.0935 031002001010000017 44.5822 001005001010017000
10 44.5822 001005001010017000 7818.418571428571 001000001010000010
10 7818.418571428571 001000001010000010 7818.418571428571 001000001010000010
10 7818.418571428571 001000001010000010 44.5822 001005001010017000
10 44.5822 001005001010017000 188.407 001000001010000017
10 188.407 001000001010000017 119.43 014000001010000017
10 119.43 014000001010000017 44.5822 001005001010017000
10 44.5822 001005001010017000 7997.99825 001000001010017017
10 7997.99825 001000001010017017 192.924 036000001010017017
10 192.924 036000001010017017 44.5822 001005001010017000
10 44.5822 001005001010017000 1329450000.0 031005001002000000
10 1329450000.0 031005001002000000 1476.45 031005001002000001
10 1476.45 031005001002000001 44.5822 001005001010017000
10 44.5822 001005001010017000 350.585 001000001025000000
10 350.585 001000001025000000 318.244 001000001025008000
10 318.244 001000001025008000 44.5822 001005001010017000
10 44.5822 001005001010017000 15375.333999999999 032005001006000010
10 15375.333999999999 032005001006000010 15375.333999999999 032005001006000010
10 15375.333999999999 032005001006000010 44.5822 001005001010017000
10 44.5822 001005001010017000 706.698 031000001006000010
10 706.698 031000001006000010 44.5822 001005001010017000
10 44.5822 001005001010017000 216.03016666666664 032000001025000017
10 216.03016666666664 032000001025000017 17472.7 031000001010000017
10 17472.7 031000001010000017 488.773 031000001019000017
10 488.773 031000001019000017 44.5822 001005001010017000
10 44.5822 001005001010017000 188.407 001000001010000017
10 188.407 001000001010000017 830.038 001000001010000002
10 830.038 001000001010000002 44.5822 001005001010017000
10 44.5822 001005001010017000 366.256 001000001002000010
10 366.256 001000001002000010 239.118 001000001002017010
10 239.118 001000001002017010 44.5822 001005001010017000
10 44.5822 001005001010017000 12849.671083333333 001005001010000010
10 12849.671083333333 001005001010000010 44553.4 001005000010000010
10 44553.4 001005000010000010 44.5822 001005001010017000
10 44.5822 001005001010017000 163.185 001005001010000017
10 163.185 001005001010000017 1752.49 014005001010000017
10 1752.49 014005001010000017 44.5822 001005001010017000
10 44.5822 001005001010017000 27357.06 001005001010000000
10 27357.06 001005001010000000 29243.7 001005001022000000
10 29243.7 001005001022000000 44.5822 001005001010017000
10 44.5822 001005001010017000 163.185 001005001010000017
10 163.185 001005001010000017 44.5822 001005001010017000
10 44.5822 001005001010017000 216.03016666666664 032000001025000017
10 216.03016666666664 032000001025000017 26999.2 001000001010017010
10 26999.2 001000001010017010 315.615 001000001019017010
10 315.615 001000001019017010 44.5822 001005001010017000
10 44.5822 001005001010017000 163.185 001005001010000017
10 163.185 001005001010000017 266.799 001005001010021017
10 266.799 001005001010021017 44.5822 001005001010017000
10 44.5822 001005001010017000 2502390000.0 032005001002000000
10 2502390000.0 032005001002000000 1668310000.0 032005001000000000
10 1668310000.0 032005001000000000 44.5822 001005001010017000
10 44.5822 001005001010017000 163.185 001005001010000017
10 163.185 001005001010000017 163.185 001005001010000017
10 163.185 001005001010000017 44.5822 001005001010017000
10 44.5822 001005001010017000 188.407 001000001010000017
10 188.407 001000001010000017 321.708 001000001010000006
10 321.708 001000001010000006 44.5822 001005001010017000
10 44.5822 001005001010017000 7800.693444444444 001000001025000017
10 7800.693444444444 001000001025000017 443.043 001000001025003017
10 443.043 001000001025003017 44.5822 001005001010017000
10 44.5822 001005001010017000 7818.418571428571 001000001010000010
10 7818.418571428571 001000001010000010 366.171 001000001010000003
10 366.171 001000001010000003 44.5822 001005001010017000
10 44.5822 001005001010017000 2100.93 001004001010000003
10 2100.93 001004001010000003 506.93 001004001010000009
10 506.93 001004001010000009 44.5822 001005001010017000
10 44.5822 001005001010017000 471.737 001005001025000009
10 471.737 001005001025000009 659.391 012005001025000009
10 659.391 012005001025000009 44.5822 001005001010017000
10 44.5822 001005001010017000 2045.9 031005001025000017
10 2045.9 031005001025000017 243.859 023005001025000017
10 243.859 023005001025000017 44.5822 001005001010017000
10 44.5822 001005001010017000 16837.9 001005001025000010
10 16837.9 001005001025000010 7181.687333333333 001004001025000010
10 7181.687333333333 001004001025000010 44.5822 001005001010017000
10 44.5822 001005001010017000 28496.42666666667 001004001025017017
10 28496.42666666667 001004001025017017 91.3865 017004001025017017
10 91.3865 017004001025017017 44.5822 001005001010017000
10 44.5822 001005001010017000 9764.7093 001005001002000017
10 9764.7093 001005001002000017 548.068 024005001002000017
10 548.068 024005001002000017 44.5822 001005001010017000
10 44.5822 001005001010017000 9764.7093 001005001002000017
10 9764.7093 001005001002000017 446.451 001005001002000015
10 446.451 001005001002000015 44.5822 001005001010017000
10 44.5822 001005001010017000 1119881.67 032000001025000010
10 1119881.67 032000001025000010 44.5822 001005001010017000
10 44.5822 001005001010017000 216.03016666666664 032000001025000017
10 216.03016666666664 032000001025000017 3241015.2 017005001010000010
10 3241015.2 017005001010000010 539.888 017005001020000010
10 539.888 017005001020000010 44.5822 001005001010017000
10 44.5822 001005001010017000 520.447 017004001010000017
10 520.447 017004001010000017 154.721 017004001010000014
10 154.721 017004001010000014 44.5822 001005001010017000
10 44.5822 001005001010017000 163.185 001005001010000017
10 163.185 001005001010000017 163.185 001005001010000017
10 163.185 001005001010000017 44.5822 001005001010017000
10 44.5822 001005001010017000 16330.0 032000001010000017
10 16330.0 032000001010000017 6279.19 032000000010000017
10 6279.19 032000000010000017 44.5822 001005001010017000
10 44.5822 001005001010017000 383.2103333333333 031004001025000017
10 383.2103333333333 031004001025000017 44.5822 001005001010017000
10 44.5822 001005001010017000 216.03016666666664 032000001025000017
10 216.03016666666664 032000001025000017 42487.6 001000001002017017
10 42487.6 001000001002017017 697.621 001004001002017017
10 697.621 001004001002017017 44.5822 001005001010017000
10 44.5822 001005001010017000 12849.671083333333 001005001010000010
10 12849.671083333333 001005001010000010 279.449 001005001010000013
10 279.449 001005001010000013 44.5822 001005001010017000
10 44.5822 001005001010017000 977.482 031004001010000010
10 977.482 031004001010000010 938.744 031004002010000010
10 938.744 031004002010000010 44.5822 001005001010017000
10 44.5822 001005001010017000 576.639 032005001010000017
10 576.639 032005001010000017 576.639 032005001010000017
10 576.639 032005001010000017 44.5822 001005001010017000
10 44.5822 001005001010017000 7818.418571428571 001000001010000010
10 7818.418571428571 001000001010000010 188.407 001000001010000017
10 188.407 001000001010000017 44.5822 001005001010017000
10 44.5822 001005001010017000 16000.981333333333 001004001010000000
10 16000.981333333333 001004001010000000 336.897 001004001010015000
10 336.897 001004001010015000 44.5822 001005001010017000
10 44.5822 001005001010017000 447.786 001005001010015017
10 447.786 001005001010015017 216.714 001005001010009017
10 216.714 001005001010009017 44.5822 001005001010017000
10 44.5822 001005001010017000 608.379 017000001002000010
10 608.379 017000001002000010 44.5822 001005001010017000
10 44.5822 001005001010017000 216.03016666666664 032000001025000017
10 216.03016666666664 032000001025000017 19644.8275 001005001002017017
10 19644.8275 001005001002017017 44.5822 001005001010017000
10 44.5822 001005001010017000 216.03016666666664 032000001025000017
10 216.03016666666664 032000001025000017 16243.018 017005001002017017
10 16243.018 017005001002017017 16243.018 017005001002017017
10 16243.018 017005001002017017 44.5822 001005001010017000
10 44.5822 001005001010017000 119.107 031005001010017017
10 119.107 031005001010017017 44.5822 001005001010017000
10 44.5822 001005001010017000 216.03016666666664 032000001025000017
10 216.03016666666664 032000001025000017 369.291 001005001025000017
10 369.291 001005001025000017 1733.0 001005001025005017
10 1733.0 001005001025005017 44.5822 001005001010017000
10 44.5822 001005001010017000 16837.9 001005001025000010
10 16837.9 001005001025000010 16022.8 029005001025000010
10 16022.8 029005001025000010 44.5822 001005001010017000
10 44.5822 001005001010017000 7354.482 001000001025000010
10 7354.482 001000001025000010 366.256 001000001002000010
10 366.256 001000001002000010 44.5822 001005001010017000
10 44.5822 001005001010017000 19031.613666666664 017005001010000017
10 19031.613666666664 017005001010000017 385.141 017005001010005017
10 385.141 017005001010005017 44.5822 001005001010017000
10 44.5822 001005001010017000 369.291 001005001025000017
10 369.291 001005001025000017 369.291 001005001025000017
10 369.291 001005001025000017 44.5822 001005001010017000
10 44.5822 001005001010017000 16837.9 001005001025000010
10 16837.9 001005001025000010 731.916 001005001000000010
10 731.916 001005001000000010 44.5822 001005001010017000
10 44.5822 001005001010017000 7997.99825 001000001010017017
10 7997.99825 001000001010017017 510.116 015000001010017017
10 510.116 015000001010017017 44.5822 001005001010017000
10 44.5822 001005001010017000 67320.8 017005001025000017
10 67320.8 017005001025000017 15999.1 017005001025007017
10 15999.1 017005001025007017 44.5822 001005001010017000
10 44.5822 001005001010017000 19031.613666666664 017005001010000017
10 19031.613666666664 017005001010000017 19031.613666666664 017005001010000017
10 19031.613666666664 017005001010000017 44.5822 001005001010017000
10 44.5822 001005001010017000 8251.6429 001004001010000017
10 8251.6429 001004001010000017 186.691 012004001010000017
10 186.691 012004001010000017 44.5822 001005001010017000
10 44.5822 001005001010017000 6312.535833333333 031000001025000017
10 6312.535833333333 031000001025000017 609.25 031000001001000017
10 609.25 031000001001000017 44.5822 001005001010017000
10 44.5822 001005001010017000 366.256 001000001002000010
10 366.256 001000001002000010 240.295 004000001002000010
10 240.295 004000001002000010 44.5822 001005001010017000
10 44.5822 001005001010017000 2045.9 031005001025000017
10 2045.9 031005001025000017 383.2103333333333 031004001025000017
10 383.2103333333333 031004001025000017 44.5822 001005001010017000
10 44.5822 001005001010017000 3241015.2 017005001010000010
10 3241015.2 017005001010000010 2380.24 017005001015000010
10 2380.24 017005001015000010 44.5822 001005001010017000
10 44.5822 001005001010017000 32003.4 001005001015017017
10 32003.4 001005001015017017 524.027 001005001015020017
10 524.027 001005001015020017 44.5822 001005001010017000
10 44.5822 001005001010017000 451.451 001005001025017017
10 451.451 001005001025017017 317.951 001005001025020017
10 317.951 001005001025020017 44.5822 001005001010017000
10 44.5822 001005001010017000 468.219 001005001025000000
10 468.219 001005001025000000 44.5822 001005001010017000
10 44.5822 001005001010017000 216.03016666666664 032000001025000017
10 216.03016666666664 032000001025000017 163.185 001005001010000017
10 163.185 001005001010000017 163.185 001005001010000017
10 163.185 001005001010000017 44.5822 001005001010017000
10 44.5822 001005001010017000 53914.2015 031000001002000017
10 53914.2015 031000001002000017 5066.58 031000000002000017
10 5066.58 031000000002000017 44.5822 001005001010017000
10 44.5822 001005001010017000 6766.28 031004001025017000
10 6766.28 031004001025017000 1141.29 031004001009017000
10 1141.29 031004001009017000 44.5822 001005001010017000
10 44.5822 001005001010017000 4858.63775 031000001025017017
10 4858.63775 031000001025017017 146.59 031000001004017017
10 146.59 031000001004017017 44.5822 001005001010017000
10 44.5822 001005001010017000 36205.6 031005001010000010
10 36205.6 031005001010000010 1815.47 031005001010000017
10 1815.47 031005001010000017 44.5822 001005001010017000
10 44.5822 001005001010017000 576.639 032005001010000017
10 576.639 032005001010000017 698.516 032005001023000017
10 698.516 032005001023000017 44.5822 001005001010017000
10 44.5822 001005001010017000 163.185 001005001010000017
10 163.185 001005001010000017 166.051 001005001019000017
10 166.051 001005001019000017 44.5822 001005001010017000
10 44.5822 001005001010017000 7354.482 001000001025000010
10 7354.482 001000001025000010 549.897 001000001004000010
10 549.897 001000001004000010 44.5822 001005001010017000
10 44.5822 001005001010017000 1263230.0 031000001010000010
10 1263230.0 031000001010000010 3859.83 031001001010000010
10 3859.83 031001001010000010 44.5822 001005001010017000
10 44.5822 001005001010017000 7997.99825 001000001010017017
10 7997.99825 001000001010017017 291.139 009000001010017017
10 291.139 009000001010017017 44.5822 001005001010017000
10 44.5822 001005001010017000 11173.903499999999 001000001025017017
10 11173.903499999999 001000001025017017 318.637 035000001025017017
10 318.637 035000001025017017 44.5822 001005001010017000
10 44.5822 001005001010017000 2468.85 032000001010017010
10 2468.85 032000001010017010 892.226 026000001010017010
10 892.226 026000001010017010 44.5822 001005001010017000
10 44.5822 001005001010017000 121779000.0 026000001010000010
10 121779000.0 026000001010000010 2130.1 026000001010023010
10 2130.1 026000001010023010 44.5822 001005001010017000
10 44.5822 001005001010017000 18361.8 017005001010017010
10 18361.8 017005001010017010 676.718 017005001010019010
10 676.718 017005001010019010 44.5822 001005001010017000
10 44.5822 001005001010017000 11173.903499999999 001000001025017017
10 11173.903499999999 001000001025017017 278.899 001000001025022017
10 278.899 001000001025022017 44.5822 001005001010017000
10 44.5822 001005001010017000 313.934 031005001025017017
10 313.934 031005001025017017 44.5822 001005001010017000
10 44.5822 001005001010017000 216.03016666666664 032000001025000017
10 216.03016666666664 032000001025000017 7818.418571428571 001000001010000010
10 7818.418571428571 001000001010000010 44.5822 001005001010017000
10 44.5822 001005001010017000 216.03016666666664 032000001025000017
10 216.03016666666664 032000001025000017 16837.9 001005001025000010
10 16837.9 001005001025000010 16837.9 001005001025000010
10 16837.9 001005001025000010 44.5822 001005001010017000
10 44.5822 001005001010017000 2045.9 031005001025000017
10 2045.9 031005001025000017 2553.0 031005002025000017
10 2553.0 031005002025000017 44.5822 001005001010017000
10 44.5822 001005001010017000 14941.251333333334 001004001025000017
10 14941.251333333334 001004001025000017 44.5822 001005001010017000
10 44.5822 001005001010017000 216.03016666666664 032000001025000017
10 216.03016666666664 032000001025000017 1232.5439999999999 032005001025000017
10 1232.5439999999999 032005001025000017 216.03016666666664 032000001025000017
10 216.03016666666664 032000001025000017 44.5822 001005001010017000
10 44.5822 001005001010017000 7800.693444444444 001000001025000017
10 7800.693444444444 001000001025000017 149.209 029000001025000017
10 149.209 029000001025000017 44.5822 001005001010017000
10 44.5822 001005001010017000 7800.693444444444 001000001025000017
10 7800.693444444444 001000001025000017 3351.56 001000001024000017
10 3351.56 001000001024000017 44.5822 001005001010017000
10 44.5822 001005001010017000 242.7665 001005001024000017
10 242.7665 001005001024000017 242.7665 001005001024000017
10 242.7665 001005001024000017 44.5822 001005001010017000
10 44.5822 001005001010017000 28496.42666666667 001004001025017017
10 28496.42666666667 001004001025017017 426.419 001004001010017017
10 426.419 001004001010017017 44.5822 001005001010017000
10 44.5822 001005001010017000 1395.127 031004001025000010
10 1395.127 031004001025000010 44.5822 001005001010017000
10 44.5822 001005001010017000 216.03016666666664 032000001025000017
10 216.03016666666664 032000001025000017 2045.9 031005001025000017
10 2045.9 031005001025000017 6312.535833333333 031000001025000017
10 6312.535833333333 031000001025000017 44.5822 001005001010017000
10 44.5822 001005001010017000 28496.42666666667 001004001025017017
10 28496.42666666667 001004001025017017 375.042 001004001025017016
10 375.042 001004001025017016 44.5822 001005001010017000
10 44.5822 001005001010017000 914.6245 001004001002000017
10 914.6245 001004001002000017 914.6245 001004001002000017
10 914.6245 001004001002000017 44.5822 001005001010017000
10 44.5822 001005001010017000 5400.9 032004001025017000
10 5400.9 032004001025017000 905.668 032004001006017000
10 905.668 032004001006017000 44.5822 001005001010017000
10 44.5822 001005001010017000 27357.06 001005001010000000
10 27357.06 001005001010000000 597.329 003005001010000000
10 597.329 003005001010000000 44.5822 001005001010017000
10 44.5822 001005001010017000 9764.7093 001005001002000017
10 9764.7093 001005001002000017 642.905 005005001002000017
10 642.905 005005001002000017 44.5822 001005001010017000
10 44.5822 001005001010017000 235803.0 017005001002000017
10 235803.0 017005001002000017 22037.1 017005001022000017
10 22037.1 017005001022000017 44.5822 001005001010017000
10 44.5822 001005001010017000 128466000.0 017004001002000010
10 128466000.0 017004001002000010 26975.9 017005001002000010
10 26975.9 017005001002000010 44.5822 001005001010017000
10 44.5822 001005001010017000 914.6245 001004001002000017
10 914.6245 001004001002000017 259.167 001004001002020017
10 259.167 001004001002020017 44.5822 001005001010017000
10 44.5822 001005001010017000 576.639 032005001010000017
10 576.639 032005001010000017 576.639 032005001010000017
10 576.639 032005001010000017 44.5822 001005001010017000
10 44.5822 001005001010017000 1229.54 001005001010017017
10 1229.54 001005001010017017 401.812 001005001010017001
10 401.812 001005001010017001 44.5822 001005001010017000
10 44.5822 001005001010017000 361.044 017000001025017017
10 361.044 017000001025017017 252.835 002000001025017017
10 252.835 002000001025017017 44.5822 001005001010017000
10 44.5822 001005001010017000 188.407 001000001010000017
10 188.407 001000001010000017 233.047 001000001010000001
10 233.047 001000001010000001 44.5822 001005001010017000
10 44.5822 001005001010017000 337.186 001004001002000010
10 337.186 001004001002000010 67.3974 001004001002000004
10 67.3974 001004001002000004 44.5822 001005001010017000
10 44.5822 001005001010017000 29633.3 001005001010017010
10 29633.3 001005001010017010 386.469 001003001010017010
10 386.469 001003001010017010 44.5822 001005001010017000
10 44.5822 001005001010017000 9657.99688 001005001002000010
10 9657.99688 001005001002000010 446.451 001005001002000015
10 446.451 001005001002000015 44.5822 001005001010017000
10 44.5822 001005001010017000 369.291 001005001025000017
10 369.291 001005001025000017 369.291 001005001025000017
10 369.291 001005001025000017 44.5822 001005001010017000
10 44.5822 001005001010017000 8251.6429 001004001010000017
10 8251.6429 001004001010000017 44.5822 001005001010017000
10 44.5822 001005001010017000 216.03016666666664 032000001025000017
10 216.03016666666664 032000001025000017 4429.4984 031004001010000017
10 4429.4984 031004001010000017 260.629 031003001010000017
10 260.629 031003001010000017 44.5822 001005001010017000
10 44.5822 001005001010017000 35843.5 032004001025000000
10 35843.5 032004001025000000 35843.5 032004001025000000
10 35843.5 032004001025000000 44.5822 001005001010017000
10 44.5822 001005001010017000 366.256 001000001002000010
10 366.256 001000001002000010 85.5486 001000002002000010
10 85.5486 001000002002000010 44.5822 001005001010017000
10 44.5822 001005001010017000 12849.671083333333 001005001010000010
10 12849.671083333333 001005001010000010 1820.2 001005001010000009
10 1820.2 001005001010000009 44.5822 001005001010017000
10 44.5822 001005001010017000 15024.7015 001000001010000004
10 15024.7015 001000001010000004 44.5822 001005001010017000
10 44.5822 001005001010017000 216.03016666666664 032000001025000017
10 216.03016666666664 032000001025000017 17975.431 001000001002000017
10 17975.431 001000001002000017 485.596 001000001002018017
10 485.596 001000001002018017 44.5822 001005001010017000
10 44.5822 001005001010017000 4429.4984 031004001010000017
10 4429.4984 031004001010000017 7059.0935 031002001010000017
10 7059.0935 031002001010000017 44.5822 001005001010017000
10 44.5822 001005001010017000 7818.418571428571 001000001010000010
10 7818.418571428571 001000001010000010 44.5822 001005001010017000
10 44.5822 001005001010017000 216.03016666666664 032000001025000017
10 216.03016666666664 032000001025000017 12849.671083333333 001005001010000010
10 12849.671083333333 001005001010000010 212.725 001005001007000010
10 212.725 001005001007000010 44.5822 001005001010017000
10 44.5822 001005001010017000 9764.7093 001005001002000017
10 9764.7093 001005001002000017 144.693 001005000002000017
10 144.693 001005000002000017 44.5822 001005001010017000
10 44.5822 001005001010017000 7181.687333333333 001004001025000010
10 7181.687333333333 001004001025000010 125.733 001004001020000010
10 125.733 001004001020000010 44.5822 001005001010017000
10 44.5822 001005001010017000 576.639 032005001010000017
10 576.639 032005001010000017 374.58 039005001010000017
10 374.58 039005001010000017 44.5822 001005001010017000
10 44.5822 001005001010017000 16000.981333333333 001004001010000000
10 16000.981333333333 001004001010000000 586.055 001004001010002000
10 586.055 001004001010002000 44.5822 001005001010017000
10 44.5822 001005001010017000 4429.4984 031004001010000017
10 4429.4984 031004001010000017 44.5822 001005001010017000
10 44.5822 001005001010017000 216.03016666666664 032000001025000017
10 216.03016666666664 032000001025000017 27357.06 001005001010000000
10 27357.06 001005001010000000 1904.82 001005001000000000
10 1904.82 001005001000000000 44.5822 001005001010017000
10 44.5822 001005001010017000 369.291 001005001025000017
10 369.291 001005001025000017 636.696 001005000025000017
10 636.696 001005000025000017 44.5822 001005001010017000
10 44.5822 001005001010017000 9012.418 001004001025000004
10 9012.418 001004001025000004 9012.418 001004001025000004
10 9012.418 001004001025000004 44.5822 001005001010017000
10 44.5822 001005001010017000 12849.671083333333 001005001010000010
10 12849.671083333333 001005001010000010 465.384 001005001010024010
10 465.384 001005001010024010 44.5822 001005001010017000
10 44.5822 001005001010017000 9657.99688 001005001002000010
10 9657.99688 001005001002000010 44.5822 001005001010017000
10 44.5822 001005001010017000 216.03016666666664 032000001025000017
10 216.03016666666664 032000001025000017 9012.418 001004001025000004
10 9012.418 001004001025000004 18971.5 001002001025000004
10 18971.5 001002001025000004 44.5822 001005001010017000
10 44.5822 001005001010017000 471.61 001005001010000004
10 471.61 001005001010000004 369.463 001005001010000016
10 369.463 001005001010000016 44.5822 001005001010017000
10 44.5822 001005001010017000 163.185 001005001010000017
10 163.185 001005001010000017 360.27 001002001010000017
10 360.27 001002001010000017 44.5822 001005001010017000
10 44.5822 001005001010017000 12849.671083333333 001005001010000010
10 12849.671083333333 001005001010000010 12849.671083333333 001005001010000010
10 12849.671083333333 001005001010000010 44.5822 001005001010017000
10 44.5822 001005001010017000 23313600.0 032004001002017010
10 23313600.0 032004001002017010 253.031 032004001002017004
10 253.031 032004001002017004 44.5822 001005001010017000
10 44.5822 001005001010017000 477.464 031005001002017017
10 477.464 031005001002017017 119.107 031005001010017017
10 119.107 031005001010017017 44.5822 001005001010017000
10 44.5822 001005001010017000 36205.6 031005001010000010
10 36205.6 031005001010000010 36205.6 031005001010000010
10 36205.6 031005001010000010 44.5822 001005001010017000
10 44.5822 001005001010017000 163.185 001005001010000017
10 163.185 001005001010000017 116.921 001005001007000017
10 116.921 001005001007000017 44.5822 001005001010017000
10 44.5822 001005001010017000 1119881.67 032000001025000010
10 1119881.67 032000001025000010 627.024 032000002025000010
10 627.024 032000002025000010 44.5822 001005001010017000
10 44.5822 001005001010017000 239.118 001000001002017010
10 239.118 001000001002017010 295.37 001000001002017012
10 295.37 001000001002017012 44.5822 001005001010017000
10 44.5822 001005001010017000 11173.903499999999 001000001025017017
10 11173.903499999999 001000001025017017 529.432 001002001025017017
10 529.432 001002001025017017 44.5822 001005001010017000
10 44.5822 001005001010017000 3805.47 031004001010000000
10 3805.47 031004001010000000 142.892 031004001010000002
10 142.892 031004001010000002 44.5822 001005001010017000
10 44.5822 001005001010017000 163.185 001005001010000017
10 163.185 001005001010000017 44.5822 001005001010017000
10 44.5822 001005001010017000 216.03016666666664 032000001025000017
10 216.03016666666664 032000001025000017 17472.7 031000001010000017
10 17472.7 031000001010000017 481.55 031006001010000017
10 481.55 031006001010000017 44.5822 001005001010017000
10 44.5822 001005001010017000 16837.9 001005001025000010
10 16837.9 001005001025000010 15133.9 001005001020000010
10 15133.9 001005001020000010 44.5822 001005001010017000
10 44.5822 001005001010017000 426.908 001005001002000000
10 426.908 001005001002000000 81.5253 001005001014000000
10 81.5253 001005001014000000 44.5822 001005001010017000
10 44.5822 001005001010017000 17801.4 032005001014000017
10 17801.4 032005001014000017 4816.67 032005001014000000
10 4816.67 032005001014000000 44.5822 001005001010017000
10 44.5822 001005001010017000 369.291 001005001025000017
10 369.291 001005001025000017 856.932 001001001025000017
10 856.932 001001001025000017 44.5822 001005001010017000
10 44.5822 001005001010017000 16330.0 032000001010000017
10 16330.0 032000001010000017 491.911 032000001016000017
10 491.911 032000001016000017 44.5822 001005001010017000
10 44.5822 001005001010017000 12849.671083333333 001005001010000010
10 12849.671083333333 001005001010000010 18046.9 001001001010000010
10 18046.9 001001001010000010 44.5822 001005001010017000
10 44.5822 001005001010017000 554.795 001001001010000017
10 554.795 001001001010000017 381.357 001001001003000017
10 381.357 001001001003000017 44.5822 001005001010017000
10 44.5822 001005001010017000 369.291 001005001025000017
10 369.291 001005001025000017 455.909 001005001017000017
10 455.909 001005001017000017 44.5822 001005001010017000
10 44.5822 001005001010017000 7354.482 001000001025000010
10 7354.482 001000001025000010 321.748 001000001025000007
10 321.748 001000001025000007 44.5822 001005001010017000
10 44.5822 001005001010017000 188.407 001000001010000017
10 188.407 001000001010000017 277.843 001000001010000014
10 277.843 001000001010000014 44.5822 001005001010017000
10 44.5822 001005001010017000 15024.7015 001000001010000004
10 15024.7015 001000001010000004 505.765 001000000010000004
10 505.765 001000000010000004 44.5822 001005001010017000
10 44.5822 001005001010017000 29633.3 001005001010017010
10 29633.3 001005001010017010 29633.3 001005001010017010
10 29633.3 001005001010017010 44.5822 001005001010017000
10 44.5822 001005001010017000 9764.7093 001005001002000017
10 9764.7093 001005001002000017 301.023 001005001002021017
10 301.023 001005001002021017 44.5822 001005001010017000
10 44.5822 001005001010017000 2502390000.0 032005001002000000
10 2502390000.0 032005001002000000 767109000.0 009005001002000000
10 767109000.0 009005001002000000 44.5822 001005001010017000
10 44.5822 001005001010017000 1545.7 009005001010000004
10 1545.7 009005001010000004 600.919 009005001010000011
10 600.919 009005001010000011 44.5822 001005001010017000
10 44.5822 001005001010017000 16000.981333333333 001004001010000000
10 16000.981333333333 001004001010000000 1652.37 001004001010000007
10 1652.37 001004001010000007 44.5822 001005001010017000
10 44.5822 001005001010017000 8251.6429 001004001010000017
10 8251.6429 001004001010000017 390.969 001004001010002017
10 390.969 001004001010002017 44.5822 001005001010017000
10 44.5822 001005001010017000 163.185 001005001010000017
10 163.185 001005001010000017 44.5822 001005001010017000
10 44.5822 001005001010017000 163.185 001005001010000017
10 163.185 001005001010000017 2045.9 031005001025000017
10 2045.9 031005001025000017 561.673 025005001025000017
10 561.673 025005001025000017 44.5822 001005001010017000
10 44.5822 001005001010017000 369.291 001005001025000017
10 369.291 001005001025000017 223.065 001003001025000017
10 223.065 001003001025000017 44.5822 001005001010017000
10 44.5822 001005001010017000 383.2103333333333 031004001025000017
10 383.2103333333333 031004001025000017 291.237 031001001025000017
10 291.237 031001001025000017 44.5822 001005001010017000
10 44.5822 001005001010017000 1395.127 031004001025000010
10 1395.127 031004001025000010 1109.85 031004001022000010
10 1109.85 031004001022000010 44.5822 001005001010017000
10 44.5822 001005001010017000 5760.35 031005001025000004
10 5760.35 031005001025000004 4683.68 031004001025000004
10 4683.68 031004001025000004 44.5822 001005001010017000
10 44.5822 001005001010017000 163.185 001005001010000017
10 163.185 001005001010000017 229.36 001005001010013017
10 229.36 001005001010013017 44.5822 001005001010017000
10 44.5822 001005001010017000 163.185 001005001010000017
10 163.185 001005001010000017 163.185 001005001010000017
10 163.185 001005001010000017 44.5822 001005001010017000
10 44.5822 001005001010017000 369.291 001005001025000017
10 369.291 001005001025000017 471.737 001005001025000009
10 471.737 001005001025000009 44.5822 001005001010017000
10 44.5822 001005001010017000 12849.671083333333 001005001010000010
10 12849.671083333333 001005001010000010 12849.671083333333 001005001010000010
10 12849.671083333333 001005001010000010 44.5822 001005001010017000
10 44.5822 001005001010017000 1229.54 001005001010017017
10 1229.54 001005001010017017 393.393 001005001013017017
10 393.393 001005001013017017 44.5822 001005001010017000
10 44.5822 001005001010017000 9764.7093 001005001002000017
10 9764.7093 001005001002000017 428.573 001003001002000017
10 428.573 001003001002000017 44.5822 001005001010017000
10 44.5822 001005001010017000 9657.99688 001005001002000010
10 9657.99688 001005001002000010 366.256 001000001002000010
10 366.256 001000001002000010 44.5822 001005001010017000
10 44.5822 001005001010017000 5508.16 032005001010000000
10 5508.16 032005001010000000 44.5822 001005001010017000
10 44.5822 001005001010017000 163.185 001005001010000017
10 163.185 001005001010000017 426.908 001005001002000000
10 426.908 001005001002000000 499.843 001005001001000000
10 499.843 001005001001000000 44.5822 001005001010017000
10 44.5822 001005001010017000 14941.251333333334 001004001025000017
10 14941.251333333334 001004001025000017 2144.82 001004001025000001
10 2144.82 001004001025000001 44.5822 001005001010017000
10 44.5822 001005001010017000 19644.8275 001005001002017017
10 19644.8275 001005001002017017 420.348 001005001004017017
10 420.348 001005001004017017 44.5822 001005001010017000
10 44.5822 001005001010017000 125266000.0 032005001010017004
10 125266000.0 032005001010017004 9934.45 032005001008017004
10 9934.45 032005001008017004 44.5822 001005001010017000
10 44.5822 001005001010017000 1815.47 031005001010000017
10 1815.47 031005001010000017 478.284 031005001010003017
10 478.284 031005001010003017 44.5822 001005001010017000
10 44.5822 001005001010017000 7818.418571428571 001000001010000010
10 7818.418571428571 001000001010000010 44.5822 001005001010017000
10 44.5822 001005001010017000 163.185 001005001010000017
