Run Fitness1 Solution1 Fitness2 Solution2
1 590.239 029005000028044020 184.672 008000001037009016
1 184.672 008000001037009016 212.429 100001000021034002
1 212.429 100001000021034002 583.938 029000001028016022
1 583.938 029000001028016022 120.949 029000001041016022
1 120.949 029000001041016022 184.672 008000001037009016
1 184.672 008000001037009016 3902700.0 031003002037011016
1 3902700.0 031003002037011016 19452.6 031003002030011016
1 19452.6 031003002030011016 120.949 029000001041016022
1 120.949 029000001041016022 27520.3 002004001022037019
1 27520.3 002004001022037019 1021.76 002004001042037019
1 1021.76 002004001042037019 120.949 029000001041016022
1 120.949 029000001041016022 718.28 002005000012014011
1 718.28 002005000012014011 474.759 002000000012014011
1 474.759 002000000012014011 120.949 029000001041016022
1 120.949 029000001041016022 1765.63 008003001008010016
1 1765.63 008003001008010016 1599.48 008003001004010016
1 1599.48 008003001004010016 120.949 029000001041016022
1 120.949 029000001041016022 2505.71 044002000006028011
1 2505.71 044002000006028011 607.931 044002000023028011
1 607.931 044002000023028011 120.949 029000001041016022
1 120.949 029000001041016022 1045.31 002006000028010019
1 1045.31 002006000028010019 120.949 029000001041016022
1 120.949 029000001041016022 184.672 008000001037009016
1 184.672 008000001037009016 445.035 010000000023001019
1 445.035 010000000023001019 427.611 010001000023001019
1 427.611 010001000023001019 120.949 029000001041016022
1 120.949 029000001041016022 231.037 070000000048030022
1 231.037 070000000048030022 188.707 070000000048030021
1 188.707 070000000048030021 120.949 029000001041016022
1 120.949 029000001041016022 1782.68 019001000023028019
1 1782.68 019001000023028019 594.84 019001000023028032
1 594.84 019001000023028032 120.949 029000001041016022
1 120.949 029000001041016022 19318.8 029000002028012005
1 19318.8 029000002028012005 5940.55 029000002028033005
1 5940.55 029000002028033005 120.949 029000001041016022
1 120.949 029000001041016022 1591.56 056004002023042011
1 1591.56 056004002023042011 1591.56 056004002023042011
1 1591.56 056004002023042011 120.949 029000001041016022
1 120.949 029000001041016022 14645.8 002000001041050011
1 14645.8 002000001041050011 408.881 002000001040050011
1 408.881 002000001040050011 120.949 029000001041016022
1 120.949 029000001041016022 5328.42 056000001016028016
1 5328.42 056000001016028016 669.23 056000001038028016
1 669.23 056000001038028016 120.949 029000001041016022
1 120.949 029000001041016022 231.313 011004002023030016
1 231.313 011004002023030016 227.517 011004001023030016
1 227.517 011004001023030016 120.949 029000001041016022
1 120.949 029000001041016022 5582.52 052006000033031006
1 5582.52 052006000033031006 1399.87 023006000033031006
1 1399.87 023006000033031006 120.949 029000001041016022
1 120.949 029000001041016022 470.799 032003000023035007
1 470.799 032003000023035007 120.949 029000001041016022
1 120.949 029000001041016022 184.672 008000001037009016
1 184.672 008000001037009016 799.858 010000000013026011
1 799.858 010000000013026011 650.038 010000000013021011
1 650.038 010000000013021011 120.949 029000001041016022
1 120.949 029000001041016022 698.071 002000002043042004
1 698.071 002000002043042004 273.958 002000002047042004
1 273.958 002000002047042004 120.949 029000001041016022
1 120.949 029000001041016022 32058.1 016001002023014016
1 32058.1 016001002023014016 569.896 016001002023014003
1 569.896 016001002023014003 120.949 029000001041016022
1 120.949 029000001041016022 471.834 029003000023042015
1 471.834 029003000023042015 214.157 029003000038042015
1 214.157 029003000038042015 120.949 029000001041016022
1 120.949 029000001041016022 122536.0 032006001046012019
1 122536.0 032006001046012019 4372.74 032006002046012019
1 4372.74 032006002046012019 120.949 029000001041016022
1 120.949 029000001041016022 53403.7 010003000023050005
1 53403.7 010003000023050005 644.947 010003000023048005
1 644.947 010003000023048005 120.949 029000001041016022
1 120.949 029000001041016022 28603.9 029000000040042011
1 28603.9 029000000040042011 490.79 029000000048042011
1 490.79 029000000048042011 120.949 029000001041016022
1 120.949 029000001041016022 2508.66 035003000023021022
1 2508.66 035003000023021022 1854.29 035003000023021035
1 1854.29 035003000023021035 120.949 029000001041016022
1 120.949 029000001041016022 62564500.0 056000001023050003
1 62564500.0 056000001023050003 20706.2 056000001007050003
1 20706.2 056000001007050003 120.949 029000001041016022
1 120.949 029000001041016022 317977000.0 044006001023030004
1 317977000.0 044006001023030004 746.941 044000001023030004
1 746.941 044000001023030004 120.949 029000001041016022
1 120.949 029000001041016022 166.93 002005001023016015
1 166.93 002005001023016015 157.038 002005001023004015
1 157.038 002005001023004015 120.949 029000001041016022
1 120.949 029000001041016022 42800.3 002004001046026032
1 42800.3 002004001046026032 1773.84 054004001046026032
1 1773.84 054004001046026032 120.949 029000001041016022
1 120.949 029000001041016022 149.09 031000002023037021
1 149.09 031000002023037021 120.949 029000001041016022
1 120.949 029000001041016022 157.038 002005001023004015
1 157.038 002005001023004015 566.325 010002000023042022
1 566.325 010002000023042022 120.949 029000001041016022
1 120.949 029000001041016022 149.09 031000002023037021
1 149.09 031000002023037021 756.012 029001000038039011
1 756.012 029001000038039011 456.701 099001000038039011
1 456.701 099001000038039011 120.949 029000001041016022
1 120.949 029000001041016022 326.227 002000001047014011
1 326.227 002000001047014011 326.227 002000001047014011
1 326.227 002000001047014011 120.949 029000001041016022
1 120.949 029000001041016022 24074.1 100000000023035019
1 24074.1 100000000023035019 596.025 100000000023035033
1 596.025 100000000023035033 120.949 029000001041016022
1 120.949 029000001041016022 2000.23 002004000012009015
1 2000.23 002004000012009015 671.658 002003000012009015
1 671.658 002003000012009015 120.949 029000001041016022
1 120.949 029000001041016022 3122.61 044000002023027005
1 3122.61 044000002023027005 1189.56 044000001023027005
1 1189.56 044000001023027005 120.949 029000001041016022
1 120.949 029000001041016022 657487.0 100001001027030032
1 657487.0 100001001027030032 13673.8 068001001027030032
1 13673.8 068001001027030032 120.949 029000001041016022
1 120.949 029000001041016022 273.25 016000000023004017
1 273.25 016000000023004017 213.759 016000000023049017
1 213.759 016000000023049017 120.949 029000001041016022
1 120.949 029000001041016022 308.265 002004001023050022
1 308.265 002004001023050022 108.476 002004002023050022
1 108.476 002004002023050022 120.949 029000001041016022
1 120.949 029000001041016022 3011.19 100003001023037022
1 3011.19 100003001023037022 1689.85 100003001023047022
1 1689.85 100003001023047022 108.476 002004002023050022
1 108.476 002004002023050022 213.318 011000000027009000
1 213.318 011000000027009000 23.7139 011000000027009009
1 23.7139 011000000027009009 108.476 002004002023050022
1 108.476 002004002023050022 32518.1 029001000047050016
1 32518.1 029001000047050016 678.262 042001000047050016
1 678.262 042001000047050016 23.7139 011000000027009009
1 23.7139 011000000027009009 529.63 010002000029050021
1 529.63 010002000029050021 413.64 010002000013050021
1 413.64 010002000013050021 23.7139 011000000027009009
1 23.7139 011000000027009009 78103.3 002003001047009022
1 78103.3 002003001047009022 384.626 002003001047009019
1 384.626 002003001047009019 23.7139 011000000027009009
1 23.7139 011000000027009009 420.301 029005000023042011
1 420.301 029005000023042011 23.7139 011000000027009009
1 23.7139 011000000027009009 108.476 002004002023050022
1 108.476 002004002023050022 699.032 070000000023001011
1 699.032 070000000023001011 472.399 070000000023006011
1 472.399 070000000023006011 23.7139 011000000027009009
1 23.7139 011000000027009009 504.866 002000000023001015
1 504.866 002000000023001015 504.075 002000001023001015
1 504.075 002000001023001015 23.7139 011000000027009009
1 23.7139 011000000027009009 500.706 011000000023001000
1 500.706 011000000023001000 383.287 011000000023028000
1 383.287 011000000023028000 23.7139 011000000027009009
1 23.7139 011000000027009009 978.321 011003000023042021
1 978.321 011003000023042021 728.547 059003000023042021
1 728.547 059003000023042021 23.7139 011000000027009009
1 23.7139 011000000027009009 177.7 016000002046001021
1 177.7 016000002046001021 23.7139 011000000027009009
1 23.7139 011000000027009009 108.476 002004002023050022
1 108.476 002004002023050022 578.506 002000001048004022
1 578.506 002000001048004022 484.777 002000001014004022
1 484.777 002000001014004022 23.7139 011000000027009009
1 23.7139 011000000027009009 263.421 002005002023016015
1 263.421 002005002023016015 128.171 002005002047016015
1 128.171 002005002047016015 23.7139 011000000027009009
1 23.7139 011000000027009009 127.654 002001002021001019
1 127.654 002001002021001019 23.7139 011000000027009009
1 23.7139 011000000027009009 108.476 002004002023050022
1 108.476 002004002023050022 2088.4 002000002047004011
1 2088.4 002000002047004011 187.085 002002002047004011
1 187.085 002002002047004011 23.7139 011000000027009009
1 23.7139 011000000027009009 566.166 019000000047050021
1 566.166 019000000047050021 358.025 019000000047049021
1 358.025 019000000047049021 23.7139 011000000027009009
1 23.7139 011000000027009009 2030.54 011005000047030015
1 2030.54 011005000047030015 317.825 011005000047047015
1 317.825 011005000047047015 23.7139 011000000027009009
1 23.7139 011000000027009009 16191.1 016001001027006009
1 16191.1 016001001027006009 592.095 016001001019006009
1 592.095 016001001019006009 23.7139 011000000027009009
1 23.7139 011000000027009009 2102.05 011001001046004009
1 2102.05 011001001046004009 23.7139 011000000027009009
1 23.7139 011000000027009009 108.476 002004002023050022
1 108.476 002004002023050022 4408.1 070000001027014011
1 4408.1 070000001027014011 4221.78 070000001027034011
1 4221.78 070000001027034011 23.7139 011000000027009009
1 23.7139 011000000027009009 11040300.0 029001002029001019
1 11040300.0 029001002029001019 18902.7 067001002029001019
1 18902.7 067001002029001019 23.7139 011000000027009009
1 23.7139 011000000027009009 1048.896 002001000047030016
1 1048.896 002001000047030016 1048.896 002001000047030016
1 1048.896 002001000047030016 23.7139 011000000027009009
1 23.7139 011000000027009009 728.001 010005002021016021
1 728.001 010005002021016021 292.601 010005002039016021
1 292.601 010005002039016021 23.7139 011000000027009009
1 23.7139 011000000027009009 21246.1 011005002047030000
1 21246.1 011005002047030000 15996.4 011005002009030000
1 15996.4 011005002009030000 23.7139 011000000027009009
1 23.7139 011000000027009009 2112.18 070000000047001016
1 2112.18 070000000047001016 354.832 070000000047038016
1 354.832 070000000047038016 23.7139 011000000027009009
1 23.7139 011000000027009009 42470.1 002004000023042004
1 42470.1 002004000023042004 266.136 002004000023042040
1 266.136 002004000023042040 23.7139 011000000027009009
1 23.7139 011000000027009009 228.149 002002000048004019
1 228.149 002002000048004019 101.344 056002000048004019
1 101.344 056002000048004019 23.7139 011000000027009009
1 23.7139 011000000027009009 50388.0 029000001047004011
1 50388.0 029000001047004011 10460.7 043000001047004011
1 10460.7 043000001047004011 23.7139 011000000027009009
1 23.7139 011000000027009009 113.208 019000000027030016
1 113.208 019000000027030016 67.9059 019000000027030031
1 67.9059 019000000027030031 23.7139 011000000027009009
1 23.7139 011000000027009009 480.76 011003002023030040
1 480.76 011003002023030040 456.975 011003002023030033
1 456.975 011003002023030033 23.7139 011000000027009009
1 23.7139 011000000027009009 46433.9 032002000023050009
1 46433.9 032002000023050009 514.512 032002000046050009
1 514.512 032002000046050009 23.7139 011000000027009009
1 23.7139 011000000027009009 53852.8 002001000023016021
1 53852.8 002001000023016021 49467.4 002002000023016021
1 49467.4 002002000023016021 23.7139 011000000027009009
1 23.7139 011000000027009009 45888.9 029000000018030004
1 45888.9 029000000018030004 5227.86 029002000018030004
1 5227.86 029002000018030004 23.7139 011000000027009009
1 23.7139 011000000027009009 415.424 029000000027050007
1 415.424 029000000027050007 415.424 029000000027050007
1 415.424 029000000027050007 23.7139 011000000027009009
1 23.7139 011000000027009009 760.418 016000000023016021
1 760.418 016000000023016021 464.394 016000000023016034
1 464.394 016000000023016034 23.7139 011000000027009009
1 23.7139 011000000027009009 506.958 019003002047004019
1 506.958 019003002047004019 483.085 019003002011004019
1 483.085 019003002011004019 23.7139 011000000027009009
1 23.7139 011000000027009009 723.577 002002000039030021
1 723.577 002002000039030021 584.454 067002000039030021
1 584.454 067002000039030021 23.7139 011000000027009009
1 23.7139 011000000027009009 24125.2 029000000048004000
1 24125.2 029000000048004000 19172.7 029004000048004000
1 19172.7 029004000048004000 23.7139 011000000027009009
1 23.7139 011000000027009009 593.63 002003000021016033
1 593.63 002003000021016033 399.611 043003000021016033
1 399.611 043003000021016033 23.7139 011000000027009009
1 23.7139 011000000027009009 1565.26 010000000023050031
1 1565.26 010000000023050031 726.951 010000000003050031
1 726.951 010000000003050031 23.7139 011000000027009009
1 23.7139 011000000027009009 224.772 010000000018016015
1 224.772 010000000018016015 23.7139 011000000027009009
1 23.7139 011000000027009009 67.9059 019000000027030031
1 67.9059 019000000027030031 372.455 011004000047042019
1 372.455 011004000047042019 208.398 011004000047042024
1 208.398 011004000047042024 23.7139 011000000027009009
1 23.7139 011000000027009009 2370.19 002001000041042016
1 2370.19 002001000041042016 302.975 002001000041042014
1 302.975 002001000041042014 23.7139 011000000027009009
1 23.7139 011000000027009009 1771.27 029004002021049019
1 1771.27 029004002021049019 532.684 029004002021049029
1 532.684 029004002021049029 23.7139 011000000027009009
1 23.7139 011000000027009009 1960.46 019004002027030012
1 1960.46 019004002027030012 723.326 019004002023030012
1 723.326 019004002023030012 23.7139 011000000027009009
1 23.7139 011000000027009009 2620.32 011000001047042004
1 2620.32 011000001047042004 991.574 053000001047042004
1 991.574 053000001047042004 23.7139 011000000027009009
1 23.7139 011000000027009009 494.755 002002001023050015
1 494.755 002002001023050015 384.178 002004001023050015
1 384.178 002004001023050015 23.7139 011000000027009009
1 23.7139 011000000027009009 564.742 002002000023016009
1 564.742 002002000023016009 143.512 002002000023016015
1 143.512 002002000023016015 23.7139 011000000027009009
1 23.7139 011000000027009009 346.52 002000002037004000
1 346.52 002000002037004000 346.52 002000002037004000
1 346.52 002000002037004000 23.7139 011000000027009009
1 23.7139 011000000027009009 13492.2 002000002047016019
1 13492.2 002000002047016019 617.511 002000002047016022
1 617.511 002000002047016022 23.7139 011000000027009009
1 23.7139 011000000027009009 296.182 029000000023030021
1 296.182 029000000023030021 277.698 029000000023030016
1 277.698 029000000023030016 23.7139 011000000027009009
1 23.7139 011000000027009009 29695.0 019000000048004019
1 29695.0 019000000048004019 24499.9 037000000048004019
1 24499.9 037000000048004019 23.7139 011000000027009009
1 23.7139 011000000027009009 1805.94 002004002038016033
1 1805.94 002004002038016033 494.153 027004002038016033
1 494.153 027004002038016033 23.7139 011000000027009009
1 23.7139 011000000027009009 1951.5 002003002038030031
1 1951.5 002003002038030031 952.297 002003002038030017
1 952.297 002003002038030017 23.7139 011000000027009009
1 23.7139 011000000027009009 316.046 002000000023050015
1 316.046 002000000023050015 261.726 035000000023050015
1 261.726 035000000023050015 23.7139 011000000027009009
1 23.7139 011000000027009009 28529.4 002000000027034021
1 28529.4 002000000027034021 958.757 002000000027034025
1 958.757 002000000027034025 23.7139 011000000027009009
1 23.7139 011000000027009009 390.339 002005001027004015
1 390.339 002005001027004015 357.057 002005001027009015
1 357.057 002005001027009015 23.7139 011000000027009009
1 23.7139 011000000027009009 465.704 002005000047034007
1 465.704 002005000047034007 221.012 002005000023034007
1 221.012 002005000023034007 23.7139 011000000027009009
1 23.7139 011000000027009009 2220.82 019002000021016009
1 2220.82 019002000021016009 23.7139 011000000027009009
1 23.7139 011000000027009009 67.9059 019000000027030031
1 67.9059 019000000027030031 599.615 002000000047034019
1 599.615 002000000047034019 542.325 002000000014034019
1 542.325 002000000014034019 23.7139 011000000027009009
1 23.7139 011000000027009009 344.175 011000002023049021
1 344.175 011000002023049021 181.211 011000002023049033
1 181.211 011000002023049033 23.7139 011000000027009009
1 23.7139 011000000027009009 431.481 011001000023049019
1 431.481 011001000023049019 431.481 011001000023049019
1 431.481 011001000023049019 23.7139 011000000027009009
1 23.7139 011000000027009009 26225.6 011000002023034007
1 26225.6 011000002023034007 2137.81 011000002023034013
1 2137.81 011000002023034013 23.7139 011000000027009009
1 23.7139 011000000027009009 1943.37 010000002048041004
1 1943.37 010000002048041004 366.762 010000002048041029
1 366.762 010000002048041029 23.7139 011000000027009009
1 23.7139 011000000027009009 1902.6 002000002041030007
1 1902.6 002000002041030007 992.552 029000002041030007
1 992.552 029000002041030007 23.7139 011000000027009009
1 23.7139 011000000027009009 679.938 011000000023030021
1 679.938 011000000023030021 251.959 039000000023030021
1 251.959 039000000023030021 23.7139 011000000027009009
1 23.7139 011000000027009009 537734000.0 056000002023009000
1 537734000.0 056000002023009000 481435000.0 056000002032009000
1 481435000.0 056000002032009000 23.7139 011000000027009009
1 23.7139 011000000027009009 441.548 011000000047034007
1 441.548 011000000047034007 23.7139 011000000027009009
1 23.7139 011000000027009009 67.9059 019000000027030031
1 67.9059 019000000027030031 130.59 002000001023016016
1 130.59 002000001023016016 95.8027 002000001014016016
1 95.8027 002000001014016016 23.7139 011000000027009009
1 23.7139 011000000027009009 422.514 002003000021050019
1 422.514 002003000021050019 333.985 002003000043050019
1 333.985 002003000043050019 23.7139 011000000027009009
1 23.7139 011000000027009009 3962.51 002000002041050021
1 3962.51 002000002041050021 651.983 013000002041050021
1 651.983 013000002041050021 23.7139 011000000027009009
1 23.7139 011000000027009009 390.324 002004000021050015
1 390.324 002004000021050015 284.295 002004000020050015
1 284.295 002004000020050015 23.7139 011000000027009009
1 23.7139 011000000027009009 5948.67 070000001023016021
1 5948.67 070000001023016021 934.423 070003001023016021
1 934.423 070003001023016021 23.7139 011000000027009009
1 23.7139 011000000027009009 1949.14 002000000023042021
1 1949.14 002000000023042021 512.985 002000001023042021
1 512.985 002000001023042021 23.7139 011000000027009009
1 23.7139 011000000027009009 614.785 100000000047004016
1 614.785 100000000047004016 23.7139 011000000027009009
1 23.7139 011000000027009009 67.9059 019000000027030031
1 67.9059 019000000027030031 17240.3 011001002048049022
1 17240.3 011001002048049022 23.7139 011000000027009009
1 23.7139 011000000027009009 67.9059 019000000027030031
1 67.9059 019000000027030031 46528.1 011002000023042015
1 46528.1 011002000023042015 1991.03 011002001023042015
1 1991.03 011002001023042015 23.7139 011000000027009009
1 23.7139 011000000027009009 1867.15 011000000023004015
1 1867.15 011000000023004015 162.571 011000000023004006
1 162.571 011000000023004006 23.7139 011000000027009009
1 23.7139 011000000027009009 26413.5 010000002038009021
1 26413.5 010000002038009021 317.971 010004002038009021
1 317.971 010004002038009021 23.7139 011000000027009009
1 23.7139 011000000027009009 36123.5 019000000047016016
1 36123.5 019000000047016016 343.148 019004000047016016
1 343.148 019004000047016016 23.7139 011000000027009009
1 23.7139 011000000027009009 1586.72 002001000027016015
1 1586.72 002001000027016015 362.36 002005000027016015
1 362.36 002005000027016015 23.7139 011000000027009009
1 23.7139 011000000027009009 19235.0 029000000047030000
1 19235.0 029000000047030000 2001.93 083000000047030000
1 2001.93 083000000047030000 23.7139 011000000027009009
1 23.7139 011000000027009009 34110.0 002000001047034015
1 34110.0 002000001047034015 719.703 002001001047034015
1 719.703 002001001047034015 23.7139 011000000027009009
1 23.7139 011000000027009009 16268.9 029000002027030016
1 16268.9 029000002027030016 2131.88 029000000027030016
1 2131.88 029000000027030016 23.7139 011000000027009009
1 23.7139 011000000027009009 16698.1 016000000047034016
1 16698.1 016000000047034016 446.25 016000001047034016
1 446.25 016000001047034016 23.7139 011000000027009009
1 23.7139 011000000027009009 457.615 002000002047050016
1 457.615 002000002047050016 278.097 028000002047050016
1 278.097 028000002047050016 23.7139 011000000027009009
1 23.7139 011000000027009009 846.689 002000001023050024
1 846.689 002000001023050024 625.346 020000001023050024
1 625.346 020000001023050024 23.7139 011000000027009009
1 23.7139 011000000027009009 22662.1 002002000021030016
1 22662.1 002002000021030016 272.557 058002000021030016
1 272.557 058002000021030016 23.7139 011000000027009009
1 23.7139 011000000027009009 42037.8 002005001023030016
1 42037.8 002005001023030016 385.292 002005001023030033
1 385.292 002005001023030033 23.7139 011000000027009009
1 23.7139 011000000027009009 792.071 011000000023004016
1 792.071 011000000023004016 749.758 011000002023004016
1 749.758 011000002023004016 23.7139 011000000027009009
1 23.7139 011000000027009009 2006.69 028000001027009021
1 2006.69 028000001027009021 1584.93 084000001027009021
1 1584.93 084000001027009021 23.7139 011000000027009009
1 23.7139 011000000027009009 444.504 002005000023016021
1 444.504 002005000023016021 162.323 002004000023016021
1 162.323 002004000023016021 23.7139 011000000027009009
1 23.7139 011000000027009009 574.379 010002002023030012
1 574.379 010002002023030012 469.934 022002002023030012
1 469.934 022002002023030012 23.7139 011000000027009009
1 23.7139 011000000027009009 562.531 028005001041050015
1 562.531 028005001041050015 184.264 028005001041013015
1 184.264 028005001041013015 23.7139 011000000027009009
1 23.7139 011000000027009009 1695.62 070004000023004015
1 1695.62 070004000023004015 223.214 047004000023004015
1 223.214 047004000023004015 23.7139 011000000027009009
1 23.7139 011000000027009009 56116.7 011000000048016022
1 56116.7 011000000048016022 659.61 011000002048016022
1 659.61 011000002048016022 23.7139 011000000027009009
1 23.7139 011000000027009009 21079.5 011000000023042022
1 21079.5 011000000023042022 648.039 011000001023042022
1 648.039 011000001023042022 23.7139 011000000027009009
1 23.7139 011000000027009009 1897.22 002001002023009040
1 1897.22 002001002023009040 514.656 002004002023009040
1 514.656 002004002023009040 23.7139 011000000027009009
1 23.7139 011000000027009009 402.956 028004000023034011
1 402.956 028004000023034011 343.791 028005000023034011
1 343.791 028005000023034011 23.7139 011000000027009009
1 23.7139 011000000027009009 37156.5 002004001023004015
1 37156.5 002004001023004015 18201.3 002004001031004015
1 18201.3 002004001031004015 23.7139 011000000027009009
1 23.7139 011000000027009009 353.332 002000002047050015
1 353.332 002000002047050015 343.771 002000002023050015
1 343.771 002000002023050015 23.7139 011000000027009009
1 23.7139 011000000027009009 22062.1 002000000023030009
1 22062.1 002000000023030009 527.298 002000000040030009
1 527.298 002000000040030009 23.7139 011000000027009009
1 23.7139 011000000027009009 502.888 002004001023016000
1 502.888 002004001023016000 433.949 091004001023016000
1 433.949 091004001023016000 23.7139 011000000027009009
1 23.7139 011000000027009009 1863.74 011000000023050015
1 1863.74 011000000023050015 483.847 011000000031050015
1 483.847 011000000031050015 23.7139 011000000027009009
1 23.7139 011000000027009009 2392.76 019000000023016004
1 2392.76 019000000023016004 810.001 019000000023021004
1 810.001 019000000023021004 23.7139 011000000027009009
1 23.7139 011000000027009009 1608.16 002002000047034033
1 1608.16 002002000047034033 459.006 002002000048034033
1 459.006 002002000048034033 23.7139 011000000027009009
1 23.7139 011000000027009009 54836.7 002001000027050019
1 54836.7 002001000027050019 420.073 002001001027050019
1 420.073 002001001027050019 23.7139 011000000027009009
1 23.7139 011000000027009009 77942.0 002000002047016021
1 77942.0 002000002047016021 530.913 097000002047016021
1 530.913 097000002047016021 23.7139 011000000027009009
1 23.7139 011000000027009009 15072.0 002000001048009021
1 15072.0 002000001048009021 408.901 002000001048005021
1 408.901 002000001048005021 23.7139 011000000027009009
1 23.7139 011000000027009009 546.0889999999999 028000000037037015
1 546.0889999999999 028000000037037015 546.0889999999999 028000000037037015
1 546.0889999999999 028000000037037015 23.7139 011000000027009009
1 23.7139 011000000027009009 36564.8 002005001021013015
1 36564.8 002005001021013015 358.452 011005001021013015
1 358.452 011005001021013015 23.7139 011000000027009009
1 23.7139 011000000027009009 414.139 002004000023004022
1 414.139 002004000023004022 23.7139 011000000027009009
1 23.7139 011000000027009009 67.9059 019000000027030031
1 67.9059 019000000027030031 438.185 016001000023030021
1 438.185 016001000023030021 264.872 061001000023030021
1 264.872 061001000023030021 23.7139 011000000027009009
1 23.7139 011000000027009009 753.322 002000000047050015
1 753.322 002000000047050015 753.322 002000000047050015
1 753.322 002000000047050015 23.7139 011000000027009009
1 23.7139 011000000027009009 34644.0 019000002023050016
1 34644.0 019000002023050016 4863.89 095000002023050016
1 4863.89 095000002023050016 23.7139 011000000027009009
1 23.7139 011000000027009009 146.526 028004001046034000
1 146.526 028004001046034000 141.791 097004001046034000
1 141.791 097004001046034000 23.7139 011000000027009009
1 23.7139 011000000027009009 252948.0 070002001023030007
1 252948.0 070002001023030007 2440.47 013002001023030007
1 2440.47 013002001023030007 23.7139 011000000027009009
1 23.7139 011000000027009009 617.673 002000000023013024
1 617.673 002000000023013024 487.0376666666667 002000000023013031
1 487.0376666666667 002000000023013031 23.7139 011000000027009009
1 23.7139 011000000027009009 279.127 002000000014009015
1 279.127 002000000014009015 279.127 002000000014009015
1 279.127 002000000014009015 23.7139 011000000027009009
1 23.7139 011000000027009009 6651.919000000001 002000002023030021
1 6651.919000000001 002000002023030021 6651.919000000001 002000002023030021
1 6651.919000000001 002000002023030021 23.7139 011000000027009009
1 23.7139 011000000027009009 16462.454 028003001023050000
1 16462.454 028003001023050000 16462.454 028003001023050000
1 16462.454 028003001023050000 23.7139 011000000027009009
1 23.7139 011000000027009009 24027.1 028000000023034015
1 24027.1 028000000023034015 1839.98 028000000009034015
1 1839.98 028000000009034015 23.7139 011000000027009009
1 23.7139 011000000027009009 247.74 002004000047013011
1 247.74 002004000047013011 67.3683 002004000008013011
1 67.3683 002004000008013011 23.7139 011000000027009009
1 23.7139 011000000027009009 457.468 002001000037016002
1 457.468 002001000037016002 323.131 002005000037016002
1 323.131 002005000037016002 23.7139 011000000027009009
1 23.7139 011000000027009009 20139.0 029005001023016015
1 20139.0 029005001023016015 5498.71 046005001023016015
1 5498.71 046005001023016015 23.7139 011000000027009009
1 23.7139 011000000027009009 1978.83 016004000018016015
1 1978.83 016004000018016015 489.309 016005000018016015
1 489.309 016005000018016015 23.7139 011000000027009009
1 23.7139 011000000027009009 487.0376666666667 002000000023013031
1 487.0376666666667 002000000023013031 487.0376666666667 002000000023013031
1 487.0376666666667 002000000023013031 23.7139 011000000027009009
1 23.7139 011000000027009009 424.737 097004000023034007
1 424.737 097004000023034007 418.188 097004000011034007
1 418.188 097004000011034007 23.7139 011000000027009009
1 23.7139 011000000027009009 365.399 019000000023009021
1 365.399 019000000023009021 285.865 019000000023049021
1 285.865 019000000023049021 23.7139 011000000027009009
1 23.7139 011000000027009009 602.023 019002000023016040
1 602.023 019002000023016040 417.712 019002000007016040
1 417.712 019002000007016040 23.7139 011000000027009009
1 23.7139 011000000027009009 16977.5 002001001023014019
1 16977.5 002001001023014019 9169.85 014001001023014019
1 9169.85 014001001023014019 23.7139 011000000027009009
1 23.7139 011000000027009009 4343.96 028000002023016015
1 4343.96 028000002023016015 574.987 028000002023016022
1 574.987 028000002023016022 23.7139 011000000027009009
1 23.7139 011000000027009009 19489.3 061005001046041011
1 19489.3 061005001046041011 18319.3 061005001046041020
1 18319.3 061005001046041020 23.7139 011000000027009009
1 23.7139 011000000027009009 1808.23 002000000046049016
1 1808.23 002000000046049016 270.962 002000000046042016
1 270.962 002000000046042016 23.7139 011000000027009009
1 23.7139 011000000027009009 738.613 011003002023030009
1 738.613 011003002023030009 474.968 011005002023030009
1 474.968 011005002023030009 23.7139 011000000027009009
1 23.7139 011000000027009009 34724.0 019000000014016022
1 34724.0 019000000014016022 488.299 087000000014016022
1 488.299 087000000014016022 23.7139 011000000027009009
1 23.7139 011000000027009009 42784.4 028002000023030015
1 42784.4 028002000023030015 816.633 046002000023030015
1 816.633 046002000023030015 23.7139 011000000027009009
1 23.7139 011000000027009009 26293.9 002000000046016015
1 26293.9 002000000046016015 825.201 002000000046016009
1 825.201 002000000046016009 23.7139 011000000027009009
1 23.7139 011000000027009009 523.684 002002001046041016
1 523.684 002002001046041016 523.684 002002001046041016
1 523.684 002002001046041016 23.7139 011000000027009009
1 23.7139 011000000027009009 30262.7 011000000023004022
1 30262.7 011000000023004022 539.757 011003000023004022
1 539.757 011003000023004022 23.7139 011000000027009009
1 23.7139 011000000027009009 61446.5 010004001023030022
1 61446.5 010004001023030022 532.113 010004001023023022
1 532.113 010004001023023022 23.7139 011000000027009009
1 23.7139 011000000027009009 275.001 013004002023004015
1 275.001 013004002023004015 23.7139 011000000027009009
1 23.7139 011000000027009009 67.3683 002004000008013011
1 67.3683 002004000008013011 886.53 002000000037042040
1 886.53 002000000037042040 382.79 002002000037042040
1 382.79 002002000037042040 23.7139 011000000027009009
2 23.7139 011000000027009009 6999.02 055006000035008000
2 6999.02 055006000035008000 406.706 055006000035008014
2 406.706 055006000035008014 151.048 008004000012014019
2 151.048 008004000012014019 16708.8 052006001009012005
2 16708.8 052006001009012005 151.048 008004000012014019
2 151.048 008004000012014019 152.231 007004000025036017
2 152.231 007004000025036017 20041.1 049004001032042007
2 20041.1 049004001032042007 531.331 005004001032042007
2 531.331 005004001032042007 151.048 008004000012014019
2 151.048 008004000012014019 20629.2 044004001022007006
2 20629.2 044004001022007006 2441.03 023004001022007006
2 2441.03 023004001022007006 151.048 008004000012014019
2 151.048 008004000012014019 460.486 004003001034044017
2 460.486 004003001034044017 348.043 004003001014044017
2 348.043 004003001014044017 151.048 008004000012014019
2 151.048 008004000012014019 1112.41 026004001006012022
2 1112.41 026004001006012022 674.435 026004000006012022
2 674.435 026004000006012022 151.048 008004000012014019
2 151.048 008004000012014019 5700760.0 023003001014007017
2 5700760.0 023003001014007017 303.439 023003002014007017
2 303.439 023003002014007017 151.048 008004000012014019
2 151.048 008004000012014019 2308.87 014004001002003021
2 2308.87 014004001002003021 613.217 014004001045003021
2 613.217 014004001045003021 151.048 008004000012014019
2 151.048 008004000012014019 500.513 028004001027044017
2 500.513 028004001027044017 422.135 027004001027044017
2 422.135 027004001027044017 151.048 008004000012014019
2 151.048 008004000012014019 1734.75 019000000040012004
2 1734.75 019000000040012004 304.782 019000000003012004
2 304.782 019000000003012004 151.048 008004000012014019
2 151.048 008004000012014019 8743.44 008006000002003004
2 8743.44 008006000002003004 774.264 008006000002003009
2 774.264 008006000002003009 151.048 008004000012014019
2 151.048 008004000012014019 739.541 031000001006039013
2 739.541 031000001006039013 512.306 031000001006039029
2 512.306 031000001006039029 151.048 008004000012014019
2 151.048 008004000012014019 15987.6 062002001006043002
2 15987.6 062002001006043002 6023.48 062002001006043024
2 6023.48 062002001006043024 151.048 008004000012014019
2 151.048 008004000012014019 21175.3 053000001044044021
2 21175.3 053000001044044021 2480.31 053000001044032021
2 2480.31 053000001044032021 151.048 008004000012014019
2 151.048 008004000012014019 436.87 044000000045005009
2 436.87 044000000045005009 151.048 008004000012014019
2 151.048 008004000012014019 152.231 007004000025036017
2 152.231 007004000025036017 548.688 046001001046019017
2 548.688 046001001046019017 534.077 055001001046019017
2 534.077 055001001046019017 151.048 008004000012014019
2 151.048 008004000012014019 282.922 058000000046050013
2 282.922 058000000046050013 252.523 058005000046050013
2 252.523 058005000046050013 151.048 008004000012014019
2 151.048 008004000012014019 397.54600000000005 031000000006029019
2 397.54600000000005 031000000006029019 397.54600000000005 031000000006029019
2 397.54600000000005 031000000006029019 151.048 008004000012014019
2 151.048 008004000012014019 53702.4 004003001002025023
2 53702.4 004003001002025023 23363.9 015003001002025023
2 23363.9 015003001002025023 151.048 008004000012014019
2 151.048 008004000012014019 17749.9 053006000000029017
2 17749.9 053006000000029017 3204.54 053006000000044017
2 3204.54 053006000000044017 151.048 008004000012014019
2 151.048 008004000012014019 756.128 011006000040025022
2 756.128 011006000040025022 308.714 011006000040025032
2 308.714 011006000040025032 151.048 008004000012014019
2 151.048 008004000012014019 19184.5 044000000045019014
2 19184.5 044000000045019014 17345.6 044000000045001014
2 17345.6 044000000045001014 151.048 008004000012014019
2 151.048 008004000012014019 24452.7 014000001045029017
2 24452.7 014000001045029017 646.525 014000001022029017
2 646.525 014000001022029017 151.048 008004000012014019
2 151.048 008004000012014019 2472.6274999999996 008000002027044013
2 2472.6274999999996 008000002027044013 2472.6274999999996 008000002027044013
2 2472.6274999999996 008000002027044013 151.048 008004000012014019
2 151.048 008004000012014019 826.801 028004001045044017
2 826.801 028004001045044017 554.459 028004001045003017
2 554.459 028004001045003017 151.048 008004000012014019
2 151.048 008004000012014019 391.186 044001000045044017
2 391.186 044001000045044017 327.689 015001000045044017
2 327.689 015001000045044017 151.048 008004000012014019
2 151.048 008004000012014019 9217560000.0 005006001045044014
2 9217560000.0 005006001045044014 39886.2 005006001045044004
2 39886.2 005006001045044004 151.048 008004000012014019
2 151.048 008004000012014019 146479000.0 010006001006026004
2 146479000.0 010006001006026004 13815.2 010004001006026004
2 13815.2 010004001006026004 151.048 008004000012014019
2 151.048 008004000012014019 995012000.0 015006000006050013
2 995012000.0 015006000006050013 56169.4 015006000006050024
2 56169.4 015006000006050024 151.048 008004000012014019
2 151.048 008004000012014019 38987.0 031000000045000009
2 38987.0 031000000045000009 6842.01 031000000045000022
2 6842.01 031000000045000022 151.048 008004000012014019
2 151.048 008004000012014019 3450.6565 028000002032003004
2 3450.6565 028000002032003004 3450.6565 028000002032003004
2 3450.6565 028000002032003004 151.048 008004000012014019
2 151.048 008004000012014019 503204000.0 014006000028036004
2 503204000.0 014006000028036004 162.518 014004000028036004
2 162.518 014004000028036004 151.048 008004000012014019
2 151.048 008004000012014019 5003.59 023003001006008002
2 5003.59 023003001006008002 745.894 023003001043008002
2 745.894 023003001043008002 151.048 008004000012014019
2 151.048 008004000012014019 9808.87 011006000014042013
2 9808.87 011006000014042013 942.491 011006000014027013
2 942.491 011006000014027013 151.048 008004000012014019
2 151.048 008004000012014019 2297.9 035005001032025017
2 2297.9 035005001032025017 1290.58 035005001004025017
2 1290.58 035005001004025017 151.048 008004000012014019
2 151.048 008004000012014019 555.569 055000000034039013
2 555.569 055000000034039013 74.2519 055000000034039028
2 74.2519 055000000034039028 151.048 008004000012014019
2 151.048 008004000012014019 1437.266 028001000014008032
2 1437.266 028001000014008032 1437.266 028001000014008032
2 1437.266 028001000014008032 74.2519 055000000034039028
2 74.2519 055000000034039028 577.829 031006000043019009
2 577.829 031006000043019009 524.948 031006000043019035
2 524.948 031006000043019035 74.2519 055000000034039028
2 74.2519 055000000034039028 83458.2 008000000034039032
2 83458.2 008000000034039032 30998.9 008001000034039032
2 30998.9 008001000034039032 74.2519 055000000034039028
2 74.2519 055000000034039028 835.937 035004002038008009
2 835.937 035004002038008009 360.186 035004002038037009
2 360.186 035004002038037009 74.2519 055000000034039028
2 74.2519 055000000034039028 31609.6 027004000003042017
2 31609.6 027004000003042017 320.602 027004000003042026
2 320.602 027004000003042026 74.2519 055000000034039028
2 74.2519 055000000034039028 589.998 028004000046039021
2 589.998 028004000046039021 387.819 028004000046048021
2 387.819 028004000046048021 74.2519 055000000034039028
2 74.2519 055000000034039028 572.821 055000000046019032
2 572.821 055000000046019032 534.813 055006000046019032
2 534.813 055006000046019032 74.2519 055000000034039028
2 74.2519 055000000034039028 327865.0 035003000045050009
2 327865.0 035003000045050009 41172.8 054003000045050009
2 41172.8 054003000045050009 74.2519 055000000034039028
2 74.2519 055000000034039028 65913.7 005004000027028009
2 65913.7 005004000027028009 275.596 005004000010028009
2 275.596 005004000010028009 74.2519 055000000034039028
2 74.2519 055000000034039028 1564.03 055001000035050019
2 1564.03 055001000035050019 532.669 055001000035020019
2 532.669 055001000035020019 74.2519 055000000034039028
2 74.2519 055000000034039028 4082.94 073004002034007017
2 4082.94 073004002034007017 906.56 073005002034007017
2 906.56 073005002034007017 74.2519 055000000034039028
2 74.2519 055000000034039028 150006.0 055004001006012017
2 150006.0 055004001006012017 660.948 055004001006043017
2 660.948 055004001006043017 74.2519 055000000034039028
2 74.2519 055000000034039028 8605.68 055006001003019028
2 8605.68 055006001003019028 7389.85 055006001003009028
2 7389.85 055006001003009028 74.2519 055000000034039028
2 74.2519 055000000034039028 48321.7 055000001014048013
2 48321.7 055000001014048013 9387.14 055000001014021013
2 9387.14 055000001014021013 74.2519 055000000034039028
2 74.2519 055000000034039028 25045000.0 055006001040050019
2 25045000.0 055006001040050019 433.735 055006001040045019
2 433.735 055006001040045019 74.2519 055000000034039028
2 74.2519 055000000034039028 2318560.0 058003000012042032
2 2318560.0 058003000012042032 166808.0 058003000012023032
2 166808.0 058003000012023032 74.2519 055000000034039028
2 74.2519 055000000034039028 44636.4 028002000012048017
2 44636.4 028002000012048017 1941.2 028002000040048017
2 1941.2 028002000040048017 74.2519 055000000034039028
2 74.2519 055000000034039028 43163.8 005002002032044009
2 43163.8 005002002032044009 11025.9 005002002032044005
2 11025.9 005002002032044005 74.2519 055000000034039028
2 74.2519 055000000034039028 28949.7 055000001043019022
2 28949.7 055000001043019022 11303.6 055001001043019022
2 11303.6 055001001043019022 74.2519 055000000034039028
2 74.2519 055000000034039028 598.432 053004001032003010
2 598.432 053004001032003010 314.635 053004001041003010
2 314.635 053004001041003010 74.2519 055000000034039028
2 74.2519 055000000034039028 737.572 044001000044039009
2 737.572 044001000044039009 458.29 044001000044037009
2 458.29 044001000044037009 74.2519 055000000034039028
2 74.2519 055000000034039028 36658.9 035004000046029013
2 36658.9 035004000046029013 598.43 035004002046029013
2 598.43 035004002046029013 74.2519 055000000034039028
2 74.2519 055000000034039028 59567.4 027003000006042026
2 59567.4 027003000006042026 693.056 027003000006042005
2 693.056 027003000006042005 74.2519 055000000034039028
2 74.2519 055000000034039028 1703.52 011006000045039017
2 1703.52 011006000045039017 649.918 011006000045039032
2 649.918 011006000045039032 74.2519 055000000034039028
2 74.2519 055000000034039028 808.472 028000001014029019
2 808.472 028000001014029019 477.061 028000001008029019
2 477.061 028000001008029019 74.2519 055000000034039028
2 74.2519 055000000034039028 1392.98 055001001006044017
2 1392.98 055001001006044017 855.753 058001001006044017
2 855.753 058001001006044017 74.2519 055000000034039028
2 74.2519 055000000034039028 392.51 005003001046039013
2 392.51 005003001046039013 298.57 092003001046039013
2 298.57 092003001046039013 74.2519 055000000034039028
2 74.2519 055000000034039028 409.27 035004000006039019
2 409.27 035004000006039019 259.813 035004000006039006
2 259.813 035004000006039006 74.2519 055000000034039028
2 74.2519 055000000034039028 303.369 005004000014040013
2 303.369 005004000014040013 74.2519 055000000034039028
2 74.2519 055000000034039028 151.048 008004000012014019
2 151.048 008004000012014019 22695.8 028006000010014017
2 22695.8 028006000010014017 400.822 050006000010014017
2 400.822 050006000010014017 74.2519 055000000034039028
2 74.2519 055000000034039028 400.383 035000000043036028
2 400.383 035000000043036028 172.601 035000000043012028
2 172.601 035000000043012028 74.2519 055000000034039028
2 74.2519 055000000034039028 1045580000.0 005006001034043013
2 1045580000.0 005006001034043013 118.947 005005001034043013
2 118.947 005005001034043013 74.2519 055000000034039028
2 74.2519 055000000034039028 1793480000.0 035006001027045004
2 1793480000.0 035006001027045004 1376.5 035004001027045004
2 1376.5 035004001027045004 74.2519 055000000034039028
2 74.2519 055000000034039028 2224.56 005005000043036000
2 2224.56 005005000043036000 576.435 005005002043036000
2 576.435 005005002043036000 74.2519 055000000034039028
2 74.2519 055000000034039028 112056.0 005000000046043009
2 112056.0 005000000046043009 22258.9 005001000046043009
2 22258.9 005001000046043009 74.2519 055000000034039028
2 74.2519 055000000034039028 289.855 046004000041037019
2 289.855 046004000041037019 127.135 032004000041037019
2 127.135 032004000041037019 74.2519 055000000034039028
2 74.2519 055000000034039028 949.624 053006000046014019
2 949.624 053006000046014019 376.95 053004000046014019
2 376.95 053004000046014019 74.2519 055000000034039028
2 74.2519 055000000034039028 376698.0 035004000014005013
2 376698.0 035004000014005013 482.827 035004000014005039
2 482.827 035004000014005039 74.2519 055000000034039028
2 74.2519 055000000034039028 506.246 055002000006037019
2 506.246 055002000006037019 74.2519 055000000034039028
2 74.2519 055000000034039028 118.947 005005001034043013
2 118.947 005005001034043013 42163.3 005001000046029000
2 42163.3 005001000046029000 705.779 005003000046029000
2 705.779 005003000046029000 74.2519 055000000034039028
2 74.2519 055000000034039028 3539.42 011000000006039004
2 3539.42 011000000006039004 2058.24 011000000016039004
2 2058.24 011000000016039004 74.2519 055000000034039028
2 74.2519 055000000034039028 31366.8 031005001038019019
2 31366.8 031005001038019019 417.882 031005000038019019
2 417.882 031005000038019019 74.2519 055000000034039028
2 74.2519 055000000034039028 44.1945 035000000010019013
2 44.1945 035000000010019013 74.2519 055000000034039028
2 74.2519 055000000034039028 118.947 005005001034043013
2 118.947 005005001034043013 50436.4 023000000035039019
2 50436.4 023000000035039019 20837.5 046000000035039019
2 20837.5 046000000035039019 44.1945 035000000010019013
2 44.1945 035000000010019013 1992950000.0 005006000040039017
2 1992950000.0 005006000040039017 494859000.0 005006000040012017
2 494859000.0 005006000040012017 44.1945 035000000010019013
2 44.1945 035000000010019013 851.509 031002001045039019
2 851.509 031002001045039019 382.966 031002001046039019
2 382.966 031002001046039019 44.1945 035000000010019013
2 44.1945 035000000010019013 1979.13 028003000041050004
2 1979.13 028003000041050004 877.112 028003000041013004
2 877.112 028003000041013004 44.1945 035000000010019013
2 44.1945 035000000010019013 1910.32 055001000006037019
2 1910.32 055001000006037019 183.347 055001000006038019
2 183.347 055001000006038019 44.1945 035000000010019013
2 44.1945 035000000010019013 6290000.0 028003002028033009
2 6290000.0 028003002028033009 31444.0 028003002028033034
2 31444.0 028003002028033034 44.1945 035000000010019013
2 44.1945 035000000010019013 625.832 035006000034044013
2 625.832 035006000034044013 625.832 035006000034044013
2 625.832 035006000034044013 44.1945 035000000010019013
2 44.1945 035000000010019013 484.696 062001000014036026
2 484.696 062001000014036026 395.957 062001000014040026
2 395.957 062001000014040026 44.1945 035000000010019013
2 44.1945 035000000010019013 115544.0 004003000010007028
2 115544.0 004003000010007028 817.746 004003000007007028
2 817.746 004003000007007028 44.1945 035000000010019013
2 44.1945 035000000010019013 93.1196 035000000014037017
2 93.1196 035000000014037017 66.9949 024000000014037017
2 66.9949 024000000014037017 44.1945 035000000010019013
2 44.1945 035000000010019013 21120.6 023001000043012021
2 21120.6 023001000043012021 335.996 023001000029012021
2 335.996 023001000029012021 44.1945 035000000010019013
2 44.1945 035000000010019013 34187.3 055000000014037010
2 34187.3 055000000014037010 21458.4 053000000014037010
2 21458.4 053000000014037010 44.1945 035000000010019013
2 44.1945 035000000010019013 136.09 062004000014029017
2 136.09 062004000014029017 44.1945 035000000010019013
2 44.1945 035000000010019013 66.9949 024000000014037017
2 66.9949 024000000014037017 237.729 031003001014045009
2 237.729 031003001014045009 44.1945 035000000010019013
2 44.1945 035000000010019013 66.9949 024000000014037017
2 66.9949 024000000014037017 706140000.0 053004000014007013
2 706140000.0 053004000014007013 277012000.0 053004000014014013
2 277012000.0 053004000014014013 44.1945 035000000010019013
2 44.1945 035000000010019013 581.148 055005001003037021
2 581.148 055005001003037021 255.259 055005001003037044
2 255.259 055005001003037044 44.1945 035000000010019013
2 44.1945 035000000010019013 627.325 027000001012029019
2 627.325 027000001012029019 426.043 027004001012029019
2 426.043 027004001012029019 44.1945 035000000010019013
2 44.1945 035000000010019013 283.071 031002000003039017
2 283.071 031002000003039017 127.407 005002000003039017
2 127.407 005002000003039017 44.1945 035000000010019013
2 44.1945 035000000010019013 447.683 058001000014039010
2 447.683 058001000014039010 360.987 058001000028039010
2 360.987 058001000028039010 44.1945 035000000010019013
2 44.1945 035000000010019013 172906000.0 055006000034037013
2 172906000.0 055006000034037013 925.856 055006000034006013
2 925.856 055006000034006013 44.1945 035000000010019013
2 44.1945 035000000010019013 333.065 058000000045036017
2 333.065 058000000045036017 219.696 058000000045046017
2 219.696 058000000045046017 44.1945 035000000010019013
2 44.1945 035000000010019013 20606.8 035004000043014000
2 20606.8 035004000043014000 516.159 035004000043014041
2 516.159 035004000043014041 44.1945 035000000010019013
2 44.1945 035000000010019013 140997000.0 035002002014039004
2 140997000.0 035002002014039004 5057.78 035002002023039004
2 5057.78 035002002023039004 44.1945 035000000010019013
2 44.1945 035000000010019013 16976.9 024004000046044013
2 16976.9 024004000046044013 599.83 024004000046044041
2 599.83 024004000046044041 44.1945 035000000010019013
2 44.1945 035000000010019013 873643000.0 027006000010039013
2 873643000.0 027006000010039013 6083.72 027006000010039005
2 6083.72 027006000010039005 44.1945 035000000010019013
2 44.1945 035000000010019013 137580.0 055003000003038044
2 137580.0 055003000003038044 115839.0 055003001003038044
2 115839.0 055003001003038044 44.1945 035000000010019013
2 44.1945 035000000010019013 38112.5 055003000012044013
2 38112.5 055003000012044013 779.553 095003000012044013
2 779.553 095003000012044013 44.1945 035000000010019013
2 44.1945 035000000010019013 52154.9 008004000006050017
2 52154.9 008004000006050017 393.083 026004000006050017
2 393.083 026004000006050017 44.1945 035000000010019013
2 44.1945 035000000010019013 376.5825 058000000002014028
2 376.5825 058000000002014028 376.5825 058000000002014028
2 376.5825 058000000002014028 44.1945 035000000010019013
2 44.1945 035000000010019013 16903.9 058004000034012017
2 16903.9 058004000034012017 352.04 058004000034023017
2 352.04 058004000034023017 44.1945 035000000010019013
2 44.1945 035000000010019013 60431.9 005000000012037019
2 60431.9 005000000012037019 378.906 005000000020037019
2 378.906 005000000020037019 44.1945 035000000010019013
2 44.1945 035000000010019013 686.183 062002001014039017
2 686.183 062002001014039017 44.1945 035000000010019013
2 44.1945 035000000010019013 66.9949 024000000014037017
2 66.9949 024000000014037017 718.707 058000000034036013
2 718.707 058000000034036013 324.58 058000000003036013
2 324.58 058000000003036013 44.1945 035000000010019013
2 44.1945 035000000010019013 321.628 005003000041014021
2 321.628 005003000041014021 218.494 005003000041014027
2 218.494 005003000041014027 44.1945 035000000010019013
2 44.1945 035000000010019013 41935.8 005004000014036028
2 41935.8 005004000014036028 450.324 005001000014036028
2 450.324 005001000014036028 44.1945 035000000010019013
2 44.1945 035000000010019013 1917.75 035000000040036013
2 1917.75 035000000040036013 1661.74 035000000040039013
2 1661.74 035000000040039013 44.1945 035000000010019013
2 44.1945 035000000010019013 41721.1 035000000002037019
2 41721.1 035000000002037019 1810.33 035000000020037019
2 1810.33 035000000020037019 44.1945 035000000010019013
2 44.1945 035000000010019013 446.154 023004000014019017
2 446.154 023004000014019017 340.56 023004000014019024
2 340.56 023004000014019024 44.1945 035000000010019013
2 44.1945 035000000010019013 48181.7 035006000006050019
2 48181.7 035006000006050019 30289.6 002006000006050019
2 30289.6 002006000006050019 44.1945 035000000010019013
2 44.1945 035000000010019013 1965.3 053000000014028021
2 1965.3 053000000014028021 44.1945 035000000010019013
2 44.1945 035000000010019013 66.9949 024000000014037017
2 66.9949 024000000014037017 273.318 055004000041039017
2 273.318 055004000041039017 273.318 055004000041039017
2 273.318 055004000041039017 44.1945 035000000010019013
2 44.1945 035000000010019013 218.116 046004000014028026
2 218.116 046004000014028026 126.204 017004000014028026
2 126.204 017004000014028026 44.1945 035000000010019013
2 44.1945 035000000010019013 1438.926 005004000003037004
2 1438.926 005004000003037004 1438.926 005004000003037004
2 1438.926 005004000003037004 44.1945 035000000010019013
2 44.1945 035000000010019013 229.096 017004000028050027
2 229.096 017004000028050027 211.104 017004000031050027
2 211.104 017004000031050027 44.1945 035000000010019013
2 44.1945 035000000010019013 13903.291500000001 005004000034040021
2 13903.291500000001 005004000034040021 13903.291500000001 005004000034040021
2 13903.291500000001 005004000034040021 44.1945 035000000010019013
2 44.1945 035000000010019013 30747.4 023003000046028021
2 30747.4 023003000046028021 7865.6 023003000046017021
2 7865.6 023003000046017021 44.1945 035000000010019013
2 44.1945 035000000010019013 12223.3 058002000003007019
2 12223.3 058002000003007019 478.364 058002000003007009
2 478.364 058002000003007009 44.1945 035000000010019013
2 44.1945 035000000010019013 34196.3 058004000003040032
2 34196.3 058004000003040032 505.223 058004000003021032
2 505.223 058004000003021032 44.1945 035000000010019013
2 44.1945 035000000010019013 72029.9 032003000045037010
2 72029.9 032003000045037010 27790.1 032003000037037010
2 27790.1 032003000037037010 44.1945 035000000010019013
2 44.1945 035000000010019013 483.683 024004000038039027
2 483.683 024004000038039027 315.668 024004000038031027
2 315.668 024004000038031027 44.1945 035000000010019013
2 44.1945 035000000010019013 22938.5 058003002034036027
2 22938.5 058003002034036027 501.296 026003002034036027
2 501.296 026003002034036027 44.1945 035000000010019013
2 44.1945 035000000010019013 1071.51 023006002028036017
2 1071.51 023006002028036017 891.309 023006002028036016
2 891.309 023006002028036016 44.1945 035000000010019013
2 44.1945 035000000010019013 1793.3 058002000014037028
2 1793.3 058002000014037028 639.797 058002000014012028
2 639.797 058002000014012028 44.1945 035000000010019013
2 44.1945 035000000010019013 193.396 046004000014023017
2 193.396 046004000014023017 44.1945 035000000010019013
2 44.1945 035000000010019013 66.9949 024000000014037017
2 66.9949 024000000014037017 173.719 092004000006025026
2 173.719 092004000006025026 44.1945 035000000010019013
2 44.1945 035000000010019013 66.9949 024000000014037017
2 66.9949 024000000014037017 297.515 017004000014029027
2 297.515 017004000014029027 213.116 011004000014029027
2 213.116 011004000014029027 44.1945 035000000010019013
2 44.1945 035000000010019013 13867.19 046004000029028004
2 13867.19 046004000029028004 13867.19 046004000029028004
2 13867.19 046004000029028004 44.1945 035000000010019013
2 44.1945 035000000010019013 32682.9 062003000043044009
2 32682.9 062003000043044009 4394.55 051003000043044009
2 4394.55 051003000043044009 44.1945 035000000010019013
2 44.1945 035000000010019013 34278.4 005004000034028013
2 34278.4 005004000034028013 560.624 005003000034028013
2 560.624 005003000034028013 44.1945 035000000010019013
2 44.1945 035000000010019013 243.437 058000000014044032
2 243.437 058000000014044032 140.354 060000000014044032
2 140.354 060000000014044032 44.1945 035000000010019013
2 44.1945 035000000010019013 1688.22 055004000028044028
2 1688.22 055004000028044028 899.839 055002000028044028
2 899.839 055002000028044028 44.1945 035000000010019013
2 44.1945 035000000010019013 712.631 017002000046045017
2 712.631 017002000046045017 445.635 017002000046008017
2 445.635 017002000046008017 44.1945 035000000010019013
2 44.1945 035000000010019013 487.163 005002000014014021
2 487.163 005002000014014021 334.578 005002000005014021
2 334.578 005002000005014021 44.1945 035000000010019013
2 44.1945 035000000010019013 507.989 055000000028039017
2 507.989 055000000028039017 194.169 055000000028018017
2 194.169 055000000028018017 44.1945 035000000010019013
2 44.1945 035000000010019013 1712.71 058000000014039013
2 1712.71 058000000014039013 288.864 086000000014039013
2 288.864 086000000014039013 44.1945 035000000010019013
2 44.1945 035000000010019013 401.907 017004000028039013
2 401.907 017004000028039013 327.111 017003000028039013
2 327.111 017003000028039013 44.1945 035000000010019013
2 44.1945 035000000010019013 144.642 062000000034037009
2 144.642 062000000034037009 74.9015 062000000009037009
2 74.9015 062000000009037009 44.1945 035000000010019013
2 44.1945 035000000010019013 506.289 035004000014029017
2 506.289 035004000014029017 202.099 035004000014037017
2 202.099 035004000014037017 44.1945 035000000010019013
2 44.1945 035000000010019013 643.065 035004000046040009
2 643.065 035004000046040009 448.661 035002000046040009
2 448.661 035002000046040009 44.1945 035000000010019013
2 44.1945 035000000010019013 500.472 014004000012036028
2 500.472 014004000012036028 424.79 014004000035036028
2 424.79 014004000035036028 44.1945 035000000010019013
2 44.1945 035000000010019013 660.146 024000000010028027
2 660.146 024000000010028027 421.142 024000000010028032
2 421.142 024000000010028032 44.1945 035000000010019013
2 44.1945 035000000010019013 386.09000000000003 086005000014038013
2 386.09000000000003 086005000014038013 386.09000000000003 086005000014038013
2 386.09000000000003 086005000014038013 44.1945 035000000010019013
2 44.1945 035000000010019013 640.791 005005001014012017
2 640.791 005005001014012017 222.596 005005002014012017
2 222.596 005005002014012017 44.1945 035000000010019013
2 44.1945 035000000010019013 57429.6 005002000014043009
2 57429.6 005002000014043009 14176.4 005002001014043009
2 14176.4 005002001014043009 44.1945 035000000010019013
2 44.1945 035000000010019013 609.82 035003000014040021
2 609.82 035003000014040021 609.82 035003000014040021
2 609.82 035003000014040021 44.1945 035000000010019013
2 44.1945 035000000010019013 137.749 035000000010028021
2 137.749 035000000010028021 78.1714 035000000010038021
2 78.1714 035000000010038021 44.1945 035000000010019013
2 44.1945 035000000010019013 28844.4 005004000012037009
2 28844.4 005004000012037009 615.067 005004000026037009
2 615.067 005004000026037009 44.1945 035000000010019013
2 44.1945 035000000010019013 731.845 005004000046046017
2 731.845 005004000046046017 162.967 096004000046046017
2 162.967 096004000046046017 44.1945 035000000010019013
2 44.1945 035000000010019013 20003.2 005004000009040013
2 20003.2 005004000009040013 483.475 005004000007040013
2 483.475 005004000007040013 44.1945 035000000010019013
2 44.1945 035000000010019013 51647.5 005003000003050013
2 51647.5 005003000003050013 807.982 005001000003050013
2 807.982 005001000003050013 44.1945 035000000010019013
2 44.1945 035000000010019013 1091.172 035000000028028021
2 1091.172 035000000028028021 1091.172 035000000028028021
2 1091.172 035000000028028021 44.1945 035000000010019013
2 44.1945 035000000010019013 230.342 005000000014039017
2 230.342 005000000014039017 44.1945 035000000010019013
2 44.1945 035000000010019013 66.9949 024000000014037017
2 66.9949 024000000014037017 262.523 058004000014044027
2 262.523 058004000014044027 127.469 097004000014044027
2 127.469 097004000014044027 44.1945 035000000010019013
2 44.1945 035000000010019013 33627.8 035002000025028017
2 33627.8 035002000025028017 352.927 035002000033028017
2 352.927 035002000033028017 44.1945 035000000010019013
2 44.1945 035000000010019013 15349.1 035000000014014019
2 15349.1 035000000014014019 391.859 035002000014014019
2 391.859 035002000014014019 44.1945 035000000010019013
2 44.1945 035000000010019013 2000.23 035000002041014013
2 2000.23 035000002041014013 837.967 035006002041014013
2 837.967 035006002041014013 44.1945 035000000010019013
2 44.1945 035000000010019013 26087.3 055005000014028027
2 26087.3 055005000014028027 330.79 055005000014028029
2 330.79 055005000014028029 44.1945 035000000010019013
2 44.1945 035000000010019013 2229.43 055002000046014017
2 2229.43 055002000046014017 884.142 055002000046014027
2 884.142 055002000046014027 44.1945 035000000010019013
2 44.1945 035000000010019013 611.905 092004000045037013
2 611.905 092004000045037013 465.341 092004000045037022
2 465.341 092004000045037022 44.1945 035000000010019013
2 44.1945 035000000010019013 635.653 024004000041037027
2 635.653 024004000041037027 472.12 004004000041037027
2 472.12 004004000041037027 44.1945 035000000010019013
2 44.1945 035000000010019013 413.441 035004000034029028
2 413.441 035004000034029028 284.676 035004002034029028
2 284.676 035004002034029028 44.1945 035000000010019013
2 44.1945 035000000010019013 390.244 035004000014050026
2 390.244 035004000014050026 177.595 035004000014014026
2 177.595 035004000014014026 44.1945 035000000010019013
2 44.1945 035000000010019013 2398.74 007000001034050028
2 2398.74 007000001034050028 44.1945 035000000010019013
2 44.1945 035000000010019013 66.9949 024000000014037017
2 66.9949 024000000014037017 17856.3 097004000034012017
2 17856.3 097004000034012017 547.919 097004000034012035
2 547.919 097004000034012035 44.1945 035000000010019013
2 44.1945 035000000010019013 56945.9 017000000041038017
2 56945.9 017000000041038017 26474.3 017002000041038017
2 26474.3 017002000041038017 44.1945 035000000010019013
2 44.1945 035000000010019013 20227.7 035002001014037021
2 20227.7 035002001014037021 1913.45 035002001043037021
2 1913.45 035002001043037021 44.1945 035000000010019013
2 44.1945 035000000010019013 65111.3 058000000014028009
2 65111.3 058000000014028009 39335.1 058000000014028020
2 39335.1 058000000014028020 44.1945 035000000010019013
2 44.1945 035000000010019013 1566.73 005000000014014017
2 1566.73 005000000014014017 753.338 005000000014014012
2 753.338 005000000014014012 44.1945 035000000010019013
2 44.1945 035000000010019013 78314098.65 062000002012028013
2 78314098.65 062000002012028013 78314098.65 062000002012028013
2 78314098.65 062000002012028013 44.1945 035000000010019013
2 44.1945 035000000010019013 1955740000.0 035003000014014000
2 1955740000.0 035003000014014000 13345.4 035003000014028000
2 13345.4 035003000014028000 44.1945 035000000010019013
2 44.1945 035000000010019013 579.979 032004000014044021
2 579.979 032004000014044021 81.8105 032004000014044028
2 81.8105 032004000014044028 44.1945 035000000010019013
2 44.1945 035000000010019013 474.949 058004000010038004
2 474.949 058004000010038004 251.844 067004000010038004
2 251.844 067004000010038004 44.1945 035000000010019013
2 44.1945 035000000010019013 287.012 032000000014014019
2 287.012 032000000014014019 48.3405 032000000045014019
2 48.3405 032000000045014019 44.1945 035000000010019013
2 44.1945 035000000010019013 318.805 007000000045018028
2 318.805 007000000045018028 318.805 007000000045018028
2 318.805 007000000045018028 44.1945 035000000010019013
2 44.1945 035000000010019013 28434.7 011004000014039019
2 28434.7 011004000014039019 236.169 011004000010039019
2 236.169 011004000010039019 44.1945 035000000010019013
2 44.1945 035000000010019013 1841.57 035004000014039004
2 1841.57 035004000014039004 305.934 035004000014039019
2 305.934 035004000014039019 44.1945 035000000010019013
2 44.1945 035000000010019013 457168000.0 055003000006012021
2 457168000.0 055003000006012021 2206.76 055003000006048021
2 2206.76 055003000006048021 44.1945 035000000010019013
2 44.1945 035000000010019013 179.30775 005004000046037004
2 179.30775 005004000046037004 179.30775 005004000046037004
2 179.30775 005004000046037004 44.1945 035000000010019013
2 44.1945 035000000010019013 306.164 055004000043039004
2 306.164 055004000043039004 306.164 055004000043039004
2 306.164 055004000043039004 44.1945 035000000010019013
2 44.1945 035000000010019013 441.95 055000000045038027
2 441.95 055000000045038027 441.95 055000000045038027
2 441.95 055000000045038027 44.1945 035000000010019013
2 44.1945 035000000010019013 655.847 024004000034050004
2 655.847 024004000034050004 389.33 024002000034050004
2 389.33 024002000034050004 44.1945 035000000010019013
2 44.1945 035000000010019013 58535.0 005004000041037006
2 58535.0 005004000041037006 49156.0 005004000041037002
2 49156.0 005004000041037002 44.1945 035000000010019013
2 44.1945 035000000010019013 88983.5 014004000014029017
2 88983.5 014004000014029017 602.794 014004000014023017
2 602.794 014004000014023017 44.1945 035000000010019013
2 44.1945 035000000010019013 1976.65 046005001014037032
2 1976.65 046005001014037032 745.807 046005001021037032
2 745.807 046005001021037032 44.1945 035000000010019013
2 44.1945 035000000010019013 76.55395 035000000014039027
2 76.55395 035000000014039027 76.55395 035000000014039027
2 76.55395 035000000014039027 44.1945 035000000010019013
2 44.1945 035000000010019013 653.619 058004000012037021
2 653.619 058004000012037021 491.447 058001000012037021
2 491.447 058001000012037021 44.1945 035000000010019013
2 44.1945 035000000010019013 2152.89 024000000046012004
2 2152.89 024000000046012004 1692.91 024001000046012004
2 1692.91 024001000046012004 44.1945 035000000010019013
2 44.1945 035000000010019013 267.024 035000000014039026
2 267.024 035000000014039026 31.4304 035000000012039026
2 31.4304 035000000012039026 44.1945 035000000010019013
2 44.1945 035000000010019013 1915.76 035004000014037027
2 1915.76 035004000014037027 31.4304 035000000012039026
2 31.4304 035000000012039026 44.1945 035000000010019013
2 44.1945 035000000010019013 332.174 008004000003012028
2 332.174 008004000003012028 31.4304 035000000012039026
2 31.4304 035000000012039026 44.1945 035000000010019013
2 44.1945 035000000010019013 2322.16 005003000012050013
2 2322.16 005003000012050013 2019.96 005003000012040013
2 2019.96 005003000012040013 31.4304 035000000012039026
2 31.4304 035000000012039026 321.25 035000000031029017
2 321.25 035000000031029017 31.4304 035000000012039026
2 31.4304 035000000012039026 44.1945 035000000010019013
2 44.1945 035000000010019013 1812.88 035004000041046017
2 1812.88 035004000041046017 581.256 054004000041046017
2 581.256 054004000041046017 31.4304 035000000012039026
2 31.4304 035000000012039026 26729.2 011004000028039027
2 26729.2 011004000028039027 559.562 011002000028039027
2 559.562 011002000028039027 31.4304 035000000012039026
2 31.4304 035000000012039026 282.927 096005000014046027
2 282.927 096005000014046027 92.731 082005000014046027
2 92.731 082005000014046027 31.4304 035000000012039026
2 31.4304 035000000012039026 390.467 017003000010037017
2 390.467 017003000010037017 169.261 017003000010037019
2 169.261 017003000010037019 31.4304 035000000012039026
2 31.4304 035000000012039026 21251.1 055000000034036004
2 21251.1 055000000034036004 400.979 055004000034036004
2 400.979 055004000034036004 31.4304 035000000012039026
3 31.4304 035000000012039026 3780.0 055001001020035016
3 3780.0 055001001020035016 565.969 055001001020040016
3 565.969 055001001020040016 269.94 019003000043034018
3 269.94 019003000043034018 30702.7 035004001006040005
3 30702.7 035004001006040005 1150.92 035004001006039005
3 1150.92 035004001006039005 269.94 019003000043034018
3 269.94 019003000043034018 11270.1 067004002048021012
3 11270.1 067004002048021012 5822.49 074004002048021012
3 5822.49 074004002048021012 269.94 019003000043034018
3 269.94 019003000043034018 26778.4 044001000030027011
3 26778.4 044001000030027011 11631.9 073001000030027011
3 11631.9 073001000030027011 269.94 019003000043034018
3 269.94 019003000043034018 260.71 008004000006042022
3 260.71 008004000006042022 217.493 008004000006016022
3 217.493 008004000006016022 269.94 019003000043034018
3 269.94 019003000043034018 448.447 022004001024028005
3 448.447 022004001024028005 424.2 022004001017028005
3 424.2 022004001017028005 217.493 008004000006016022
3 217.493 008004000006016022 1572.33 073003000006038014
3 1572.33 073003000006038014 238.683 073003000006038018
3 238.683 073003000006038018 217.493 008004000006016022
3 217.493 008004000006016022 781.494 055002000012038001
3 781.494 055002000012038001 708.639 096002000012038001
3 708.639 096002000012038001 217.493 008004000006016022
3 217.493 008004000006016022 426.676 014001002018038001
3 426.676 014001002018038001 318.103 014001002018022001
3 318.103 014001002018022001 217.493 008004000006016022
3 217.493 008004000006016022 472.813 043005000030039022
3 472.813 043005000030039022 275.103 088005000030039022
3 275.103 088005000030039022 217.493 008004000006016022
3 217.493 008004000006016022 503.769 047004000033038005
3 503.769 047004000033038005 272.13 047000000033038005
3 272.13 047000000033038005 217.493 008004000006016022
3 217.493 008004000006016022 360.492 071001000043028001
3 360.492 071001000043028001 217.493 008004000006016022
3 217.493 008004000006016022 238.683 073003000006038018
3 238.683 073003000006038018 477.938 014005000012047001
3 477.938 014005000012047001 357.453 014005000012047016
3 357.453 014005000012047016 217.493 008004000006016022
3 217.493 008004000006016022 1462.84 022001000017035001
3 1462.84 022001000017035001 460.335 022001000028035001
3 460.335 022001000028035001 217.493 008004000006016022
3 217.493 008004000006016022 23582.6 022004000047038016
3 23582.6 022004000047038016 819.074 022003000047038016
3 819.074 022003000047038016 217.493 008004000006016022
3 217.493 008004000006016022 68775.0 028006000047034022
3 68775.0 028006000047034022 68775.0 028006000047034022
3 68775.0 028006000047034022 217.493 008004000006016022
3 217.493 008004000006016022 15688.6 096000002012011005
3 15688.6 096000002012011005 556.261 008000002012011005
3 556.261 008000002012011005 217.493 008004000006016022
3 217.493 008004000006016022 429.636 014004000024014013
3 429.636 014004000024014013 377.977 014004000024014029
3 377.977 014004000024014029 217.493 008004000006016022
3 217.493 008004000006016022 564.361 022000002031038001
3 564.361 022000002031038001 464.48 022000002031049001
3 464.48 022000002031049001 217.493 008004000006016022
3 217.493 008004000006016022 7238.23 088002002018032013
3 7238.23 088002002018032013 1133.88 091002002018032013
3 1133.88 091002002018032013 217.493 008004000006016022
3 217.493 008004000006016022 9412.48 073004001012030001
3 9412.48 073004001012030001 425.435 011004001012030001
3 425.435 011004001012030001 217.493 008004000006016022
3 217.493 008004000006016022 74629400.0 062001000018038001
3 74629400.0 062001000018038001 19217.0 062001000018038027
3 19217.0 062001000018038027 217.493 008004000006016022
3 217.493 008004000006016022 525.477 073000000000042001
3 525.477 073000000000042001 366.447 073000000024042001
3 366.447 073000000024042001 217.493 008004000006016022
3 217.493 008004000006016022 176449000.0 055002001020028001
3 176449000.0 055002001020028001 11328.1 055004001020028001
3 11328.1 055004001020028001 217.493 008004000006016022
3 217.493 008004000006016022 183661000.0 046002002033035013
3 183661000.0 046002002033035013 590.624 046002001033035013
3 590.624 046002001033035013 217.493 008004000006016022
3 217.493 008004000006016022 470.043 022000000017035011
3 470.043 022000000017035011 361.967 022000000017035016
3 361.967 022000000017035016 217.493 008004000006016022
3 217.493 008004000006016022 450.343 010000000012014022
3 450.343 010000000012014022 279.585 010000000012014023
3 279.585 010000000012014023 217.493 008004000006016022
3 217.493 008004000006016022 82418.9 055002000028022014
3 82418.9 055002000028022014 80473.8 055002000028034014
3 80473.8 055002000028034014 217.493 008004000006016022
3 217.493 008004000006016022 324.445 022004000012038022
3 324.445 022004000012038022 254.089 022004000012038018
3 254.089 022004000012038018 217.493 008004000006016022
3 217.493 008004000006016022 43236.534999999996 047002000000028001
3 43236.534999999996 047002000000028001 43236.534999999996 047002000000028001
3 43236.534999999996 047002000000028001 217.493 008004000006016022
3 217.493 008004000006016022 364.803 022000001043038018
3 364.803 022000001043038018 233.984 022003001043038018
3 233.984 022003001043038018 217.493 008004000006016022
3 217.493 008004000006016022 410.163 022000000033039045
3 410.163 022000000033039045 295.383 022000000033039016
3 295.383 022000000033039016 217.493 008004000006016022
3 217.493 008004000006016022 89174.4 008000000018022022
3 89174.4 008000000018022022 404.82 008000000047022022
3 404.82 008000000047022022 217.493 008004000006016022
3 217.493 008004000006016022 13095.1 058000000031030001
3 13095.1 058000000031030001 504.138 058000000031033001
3 504.138 058000000031033001 217.493 008004000006016022
3 217.493 008004000006016022 1075.22 022001000012022005
3 1075.22 022001000012022005 641.392 022001000008022005
3 641.392 022001000008022005 217.493 008004000006016022
3 217.493 008004000006016022 116011.95 022004000012014005
3 116011.95 022004000012014005 116011.95 022004000012014005
3 116011.95 022004000012014005 217.493 008004000006016022
3 217.493 008004000006016022 26665.7 022001002047030023
3 26665.7 022001002047030023 13074.0 022001001047030023
3 13074.0 022001001047030023 217.493 008004000006016022
3 217.493 008004000006016022 1855.84 008000000012028016
3 1855.84 008000000012028016 1812.05 063000000012028016
3 1812.05 063000000012028016 217.493 008004000006016022
3 217.493 008004000006016022 339.414 073004000043038023
3 339.414 073004000043038023 303.018 073004000027038023
3 303.018 073004000027038023 217.493 008004000006016022
3 217.493 008004000006016022 738.473 073000001043038023
3 738.473 073000001043038023 708.548 073000000043038023
3 708.548 073000000043038023 217.493 008004000006016022
3 217.493 008004000006016022 18997.5 047001000030038011
3 18997.5 047001000030038011 144.776 047001000011038011
3 144.776 047001000011038011 217.493 008004000006016022
3 217.493 008004000006016022 49973.6 014000000033042023
3 49973.6 014000000033042023 1901.51 014000000033042043
3 1901.51 014000000033042043 144.776 047001000011038011
3 144.776 047001000011038011 1844.86 014002000031038022
3 1844.86 014002000031038022 460.081 014002000031019022
3 460.081 014002000031019022 144.776 047001000011038011
3 144.776 047001000011038011 1662.81 047001000043031022
3 1662.81 047001000043031022 1600.02 047001000043009022
3 1600.02 047001000043009022 144.776 047001000011038011
3 144.776 047001000011038011 2069.22 071000000028038013
3 2069.22 071000000028038013 414.624 071000000028038009
3 414.624 071000000028038009 144.776 047001000011038011
3 144.776 047001000011038011 515.933 043001000031038005
3 515.933 043001000031038005 261.998 043001000033038005
3 261.998 043001000033038005 144.776 047001000011038011
3 144.776 047001000011038011 783416000.0 073001000012014016
3 783416000.0 073001000012014016 60617.9 073001000012014028
3 60617.9 073001000012014028 144.776 047001000011038011
3 144.776 047001000011038011 274768.0 008003001012022001
3 274768.0 008003001012022001 2238.83 008003001012022044
3 2238.83 008003001012022044 144.776 047001000011038011
3 144.776 047001000011038011 2838.79 073005001012047022
3 2838.79 073005001012047022 144.776 047001000011038011
3 144.776 047001000011038011 217.493 008004000006016022
3 217.493 008004000006016022 19456.1 043004002033022022
3 19456.1 043004002033022022 1963.29 043004000033022022
3 1963.29 043004000033022022 144.776 047001000011038011
3 144.776 047001000011038011 22419.9 043005000033038001
3 22419.9 043005000033038001 520.704 043005000033003001
3 520.704 043005000033003001 144.776 047001000011038011
3 144.776 047001000011038011 5403.85 073001001011025005
3 5403.85 073001001011025005 600.874 073004001011025005
3 600.874 073004001011025005 144.776 047001000011038011
3 144.776 047001000011038011 43716.4 073004001047047009
3 43716.4 073004001047047009 541.465 073004001002047009
3 541.465 073004001002047009 144.776 047001000011038011
3 144.776 047001000011038011 57723.2 008000000000014022
3 57723.2 008000000000014022 17476.1 008003000000014022
3 17476.1 008003000000014022 144.776 047001000011038011
3 144.776 047001000011038011 4973.04 071001001047019013
3 4973.04 071001001047019013 891.146 071001001047010013
3 891.146 071001001047010013 144.776 047001000011038011
3 144.776 047001000011038011 280.963 010000000012038001
3 280.963 010000000012038001 243.975 010000000049038001
3 243.975 010000000049038001 144.776 047001000011038011
3 144.776 047001000011038011 2648.405 043003000000038022
3 2648.405 043003000000038022 2648.405 043003000000038022
3 2648.405 043003000000038022 144.776 047001000011038011
3 144.776 047001000011038011 30968.6 022004002011049018
3 30968.6 022004002011049018 508.147 022004000011049018
3 508.147 022004000011049018 144.776 047001000011038011
3 144.776 047001000011038011 558.839 017000000043028023
3 558.839 017000000043028023 529.932 017000000043028024
3 529.932 017000000043028024 144.776 047001000011038011
3 144.776 047001000011038011 2454790.0 073001002028039022
3 2454790.0 073001002028039022 18058.6 073001002028039027
3 18058.6 073001002028039027 144.776 047001000011038011
3 144.776 047001000011038011 25314.5 022000000031038018
3 25314.5 022000000031038018 23575.2 022000000031016018
3 23575.2 022000000031016018 144.776 047001000011038011
3 144.776 047001000011038011 328.463 008004002024049001
3 328.463 008004002024049001 99.3834 008005002024049001
3 99.3834 008005002024049001 144.776 047001000011038011
3 144.776 047001000011038011 41424.8 022000000049030018
3 41424.8 022000000049030018 20252.1 059000000049030018
3 20252.1 059000000049030018 99.3834 008005002024049001
3 99.3834 008005002024049001 628.623 014000000028038018
3 628.623 014000000028038018 518.004 014003000028038018
3 518.004 014003000028038018 99.3834 008005002024049001
3 99.3834 008005002024049001 376572000.0 022003000024042001
3 376572000.0 022003000024042001 81532.6 022003000024042040
3 81532.6 022003000024042040 99.3834 008005002024049001
3 99.3834 008005002024049001 34394.5 008000000024016005
3 34394.5 008000000024016005 748.955 062000000024016005
3 748.955 062000000024016005 99.3834 008005002024049001
3 99.3834 008005002024049001 1741.53 010004000043028014
3 1741.53 010004000043028014 413.492 067004000043028014
3 413.492 067004000043028014 99.3834 008005002024049001
3 99.3834 008005002024049001 342.043 008004000033014016
3 342.043 008004000033014016 279.065 008004000033014018
3 279.065 008004000033014018 99.3834 008005002024049001
3 99.3834 008005002024049001 416.652 047000000027047011
3 416.652 047000000027047011 388.337 047004000027047011
3 388.337 047004000027047011 99.3834 008005002024049001
3 99.3834 008005002024049001 28673.8 014004000031028005
3 28673.8 014004000031028005 543.541 014004000031023005
3 543.541 014004000031023005 99.3834 008005002024049001
3 99.3834 008005002024049001 23723.9 010004002024034014
3 23723.9 010004002024034014 439.996 015004002024034014
3 439.996 015004002024034014 99.3834 008005002024049001
3 99.3834 008005002024049001 2609.42 022003000017014022
3 2609.42 022003000017014022 193.054 022002000017014022
3 193.054 022002000017014022 99.3834 008005002024049001
3 99.3834 008005002024049001 345.048 010001000012014022
3 345.048 010001000012014022 158.97 010006000012014022
3 158.97 010006000012014022 99.3834 008005002024049001
3 99.3834 008005002024049001 861.68 022004001006049005
3 861.68 022004001006049005 788.275 022002001006049005
3 788.275 022002001006049005 99.3834 008005002024049001
3 99.3834 008005002024049001 534.42 014000000043038018
3 534.42 014000000043038018 415.96 043000000043038018
3 415.96 043000000043038018 99.3834 008005002024049001
3 99.3834 008005002024049001 19869.0 022000000024014001
3 19869.0 022000000024014001 581.606 022000000024014018
3 581.606 022000000024014018 99.3834 008005002024049001
3 99.3834 008005002024049001 356.648 015004000012035011
3 356.648 015004000012035011 206.565 015004000012035041
3 206.565 015004000012035041 99.3834 008005002024049001
3 99.3834 008005002024049001 24597.2 015004000024042005
3 24597.2 015004000024042005 15818.3 098004000024042005
3 15818.3 098004000024042005 99.3834 008005002024049001
3 99.3834 008005002024049001 27878.1 067000000012039001
3 27878.1 067000000012039001 230.841 067000000012039036
3 230.841 067000000012039036 99.3834 008005002024049001
3 99.3834 008005002024049001 1090.43 067004000047014001
3 1090.43 067004000047014001 99.3834 008005002024049001
3 99.3834 008005002024049001 144.776 047001000011038011
3 144.776 047001000011038011 787.228 022006000033039005
3 787.228 022006000033039005 520.274 022006000048039005
3 520.274 022006000048039005 99.3834 008005002024049001
3 99.3834 008005002024049001 120.136 019004000033014023
3 120.136 019004000033014023 97.8573 019004000010014023
3 97.8573 019004000010014023 99.3834 008005002024049001
3 99.3834 008005002024049001 425.38 010000000033038023
3 425.38 010000000033038023 370.593 010002000033038023
3 370.593 010002000033038023 97.8573 019004000010014023
3 97.8573 019004000010014023 75082.1 011002000011038022
3 75082.1 011002000011038022 38646.9 011002000011036022
3 38646.9 011002000011036022 97.8573 019004000010014023
3 97.8573 019004000010014023 305.172 047004002006038022
3 305.172 047004002006038022 263.957 047004002009038022
3 263.957 047004002009038022 97.8573 019004000010014023
3 97.8573 019004000010014023 16311.5 043004000010038014
3 16311.5 043004000010038014 222.887 043004000010046014
3 222.887 043004000010046014 97.8573 019004000010014023
3 97.8573 019004000010014023 898.406 019006002006022045
3 898.406 019006002006022045 674.059 063006002006022045
3 674.059 063006002006022045 97.8573 019004000010014023
3 97.8573 019004000010014023 17738.7 047005000010049018
3 17738.7 047005000010049018 392.478 047005000010049021
3 392.478 047005000010049021 97.8573 019004000010014023
3 97.8573 019004000010014023 530.155 008003000033014022
3 530.155 008003000033014022 158.21 008003002033014022
3 158.21 008003002033014022 97.8573 019004000010014023
3 97.8573 019004000010014023 16785000.0 055004000012038001
3 16785000.0 055004000012038001 22792.5 055004000012035001
3 22792.5 055004000012035001 97.8573 019004000010014023
3 97.8573 019004000010014023 1930.87 022003002049038001
3 1930.87 022003002049038001 662.785 022004002049038001
3 662.785 022004002049038001 97.8573 019004000010014023
3 97.8573 019004000010014023 40244.7 073004000012014001
3 40244.7 073004000012014001 40244.7 073004000012014001
3 40244.7 073004000012014001 97.8573 019004000010014023
3 97.8573 019004000010014023 549.496 047000000030039022
3 549.496 047000000030039022 549.496 047000000030039022
3 549.496 047000000030039022 97.8573 019004000010014023
3 97.8573 019004000010014023 14187.9 047003002043022022
3 14187.9 047003002043022022 10329.5 047003002046022022
3 10329.5 047003002046022022 97.8573 019004000010014023
3 97.8573 019004000010014023 17619.2 010001000030042001
3 17619.2 010001000030042001 14136.3 018001000030042001
3 14136.3 018001000030042001 97.8573 019004000010014023
3 97.8573 019004000010014023 2784.47 073003000006038021
3 2784.47 073003000006038021 634.584 073003000030038021
3 634.584 073003000030038021 97.8573 019004000010014023
3 97.8573 019004000010014023 622.209 014003000009038022
3 622.209 014003000009038022 490.687 014003000016038022
3 490.687 014003000016038022 97.8573 019004000010014023
3 97.8573 019004000010014023 1801.47 073000000033014022
3 1801.47 073000000033014022 686.491 073000000033014015
3 686.491 073000000033014015 97.8573 019004000010014023
3 97.8573 019004000010014023 1667.45 014004000024014018
3 1667.45 014004000024014018 716.822 014002000024014018
3 716.822 014002000024014018 97.8573 019004000010014023
3 97.8573 019004000010014023 16287.507000000001 022004000006038016
3 16287.507000000001 022004000006038016 16287.507000000001 022004000006038016
3 16287.507000000001 022004000006038016 97.8573 019004000010014023
3 97.8573 019004000010014023 1537.917 073004000012014022
3 1537.917 073004000012014022 1537.917 073004000012014022
3 1537.917 073004000012014022 97.8573 019004000010014023
3 97.8573 019004000010014023 20075.8 022004002012049022
3 20075.8 022004002012049022 543.593 022001002012049022
3 543.593 022001002012049022 97.8573 019004000010014023
3 97.8573 019004000010014023 331.472 047001000017049022
3 331.472 047001000017049022 213.131 047004000017049022
3 213.131 047004000017049022 97.8573 019004000010014023
3 97.8573 019004000010014023 376.984 047000000047014036
3 376.984 047000000047014036 206.821 047000000047033036
3 206.821 047000000047033036 97.8573 019004000010014023
3 97.8573 019004000010014023 770.961 073003000043049018
3 770.961 073003000043049018 632.433 058003000043049018
3 632.433 058003000043049018 97.8573 019004000010014023
3 97.8573 019004000010014023 516.372 022000000012038022
3 516.372 022000000012038022 346.684 022000000012044022
3 346.684 022000000012044022 97.8573 019004000010014023
3 97.8573 019004000010014023 301.548 014000000033049022
3 301.548 014000000033049022 273.736 014000000033029022
3 273.736 014000000033029022 97.8573 019004000010014023
3 97.8573 019004000010014023 20237.0 047004000010014001
3 20237.0 047004000010014001 17272.8 080004000010014001
3 17272.8 080004000010014001 97.8573 019004000010014023
3 97.8573 019004000010014023 20821.7 019005000017038023
3 20821.7 019005000017038023 714.389 019000000017038023
3 714.389 019000000017038023 97.8573 019004000010014023
3 97.8573 019004000010014023 17829.522500000003 067005000012034023
3 17829.522500000003 067005000012034023 17829.522500000003 067005000012034023
3 17829.522500000003 067005000012034023 97.8573 019004000010014023
3 97.8573 019004000010014023 225.974 010000000008038001
3 225.974 010000000008038001 82.1829 010000000008029001
3 82.1829 010000000008029001 97.8573 019004000010014023
3 97.8573 019004000010014023 39831.6 015003000008049023
3 39831.6 015003000008049023 1902.1 015003000016049023
3 1902.1 015003000016049023 82.1829 010000000008029001
3 82.1829 010000000008029001 506.556 047000000033038016
3 506.556 047000000033038016 465.12 052000000033038016
3 465.12 052000000033038016 82.1829 010000000008029001
3 82.1829 010000000008029001 21651.3 010005000033038001
3 21651.3 010005000033038001 2258.15 010005000005038001
3 2258.15 010005000005038001 82.1829 010000000008029001
3 82.1829 010000000008029001 2119.08 073003000043038041
3 2119.08 073003000043038041 2119.08 073003000043038041
3 2119.08 073003000043038041 82.1829 010000000008029001
3 82.1829 010000000008029001 70095.7 010001000012038041
3 70095.7 010001000012038041 322.281 010001000012038006
3 322.281 010001000012038006 82.1829 010000000008029001
3 82.1829 010000000008029001 1831.56 073003000006038022
3 1831.56 073003000006038022 269.365 019003000006038022
3 269.365 019003000006038022 82.1829 010000000008029001
3 82.1829 010000000008029001 1734.17 010004000024014022
3 1734.17 010004000024014022 456.287 045004000024014022
3 456.287 045004000024014022 82.1829 010000000008029001
3 82.1829 010000000008029001 506.337 014003000012049036
3 506.337 014003000012049036 404.357 006003000012049036
3 404.357 006003000012049036 82.1829 010000000008029001
3 82.1829 010000000008029001 520.682 022001000012028036
3 520.682 022001000012028036 475.151 022004000012028036
3 475.151 022004000012028036 82.1829 010000000008029001
3 82.1829 010000000008029001 376.328 010000000024033018
3 376.328 010000000024033018 300.523 010000000045033018
3 300.523 010000000045033018 82.1829 010000000008029001
3 82.1829 010000000008029001 1753.51 010003000011014022
3 1753.51 010003000011014022 248.973 010003000011014000
3 248.973 010003000011014000 82.1829 010000000008029001
3 82.1829 010000000008029001 15112.8 019004002033038018
3 15112.8 019004002033038018 456.986 018004002033038018
3 456.986 018004002033038018 82.1829 010000000008029001
3 82.1829 010000000008029001 313.156 047000000033038001
3 313.156 047000000033038001 84.8213 061000000033038001
3 84.8213 061000000033038001 82.1829 010000000008029001
3 82.1829 010000000008029001 314915000.0 019003000024014001
3 314915000.0 019003000024014001 25139.4 019003001024014001
3 25139.4 019003001024014001 82.1829 010000000008029001
3 82.1829 010000000008029001 407.05 014004000043038016
3 407.05 014004000043038016 198.609 014001000043038016
3 198.609 014001000043038016 82.1829 010000000008029001
3 82.1829 010000000008029001 53383.5 010000000009029041
3 53383.5 010000000009029041 1602.44 038000000009029041
3 1602.44 038000000009029041 82.1829 010000000008029001
3 82.1829 010000000008029001 20528.3 043001000017014022
3 20528.3 043001000017014022 654.215 043004000017014022
3 654.215 043004000017014022 82.1829 010000000008029001
3 82.1829 010000000008029001 12956.9 067004000043038001
3 12956.9 067004000043038001 8280.55 067004000043005001
3 8280.55 067004000043005001 82.1829 010000000008029001
3 82.1829 010000000008029001 7440.97 008006000006014001
3 7440.97 008006000006014001 619.477 008003000006014001
3 619.477 008003000006014001 82.1829 010000000008029001
3 82.1829 010000000008029001 921.8765 061004002033038001
3 921.8765 061004002033038001 921.8765 061004002033038001
3 921.8765 061004002033038001 82.1829 010000000008029001
3 82.1829 010000000008029001 29756.8 010004000008038023
3 29756.8 010004000008038023 31.143 010004002008038023
3 31.143 010004002008038023 82.1829 010000000008029001
3 82.1829 010000000008029001 666.785 022004000017038001
3 666.785 022004000017038001 614.615 022004000017011001
3 614.615 022004000017011001 31.143 010004002008038023
3 31.143 010004002008038023 84.2915 010003002010049016
3 84.2915 010003002010049016 31.143 010004002008038023
3 31.143 010004002008038023 82.1829 010000000008029001
3 82.1829 010000000008029001 3355.54 047003000010038000
3 3355.54 047003000010038000 565.22 023003000010038000
3 565.22 023003000010038000 31.143 010004002008038023
3 31.143 010004002008038023 17541.2 022003000006038001
3 17541.2 022003000006038001 696.43 022003000006016001
3 696.43 022003000006016001 31.143 010004002008038023
3 31.143 010004002008038023 710.102 010003002027033001
3 710.102 010003002027033001 635.21 037003002027033001
3 635.21 037003002027033001 31.143 010004002008038023
3 31.143 010004002008038023 328.796 008004000006038001
3 328.796 008004000006038001 31.143 010004002008038023
3 31.143 010004002008038023 82.1829 010000000008029001
3 82.1829 010000000008029001 98.6395 010004000045038022
3 98.6395 010004000045038022 31.143 010004002008038023
3 31.143 010004002008038023 82.1829 010000000008029001
3 82.1829 010000000008029001 417.007 010004000024039018
3 417.007 010004000024039018 212.733 010004000024037018
3 212.733 010004000024037018 31.143 010004002008038023
3 31.143 010004002008038023 3227.49 008005000011039022
3 3227.49 008005000011039022 388.192 008005000033039022
3 388.192 008005000033039022 31.143 010004002008038023
3 31.143 010004002008038023 239.713 010004000009038022
3 239.713 010004000009038022 111.913 010004000009023022
3 111.913 010004000009023022 31.143 010004002008038023
3 31.143 010004002008038023 1822.17 014004000033014041
3 1822.17 014004000033014041 1666.99 074004000033014041
3 1666.99 074004000033014041 31.143 010004002008038023
3 31.143 010004002008038023 12255.936 008000000033014022
3 12255.936 008000000033014022 12255.936 008000000033014022
3 12255.936 008000000033014022 31.143 010004002008038023
3 31.143 010004002008038023 501.813 010004000033038001
3 501.813 010004000033038001 391.606 010004000033038025
3 391.606 010004000033038025 31.143 010004002008038023
3 31.143 010004002008038023 683.318 088001000006014001
3 683.318 088001000006014001 31.143 010004002008038023
3 31.143 010004002008038023 82.1829 010000000008029001
3 82.1829 010000000008029001 39274.5 010004000043014041
3 39274.5 010004000043014041 30548.8 060004000043014041
3 30548.8 060004000043014041 31.143 010004002008038023
3 31.143 010004002008038023 41620.2 010004000047038022
3 41620.2 010004000047038022 24457.4 010004000047033022
3 24457.4 010004000047033022 31.143 010004002008038023
3 31.143 010004002008038023 243.597 088000000012049041
3 243.597 088000000012049041 204.985 091000000012049041
3 204.985 091000000012049041 31.143 010004002008038023
3 31.143 010004002008038023 129.951 010000000045049016
3 129.951 010000000045049016 31.143 010004002008038023
3 31.143 010004002008038023 82.1829 010000000008029001
3 82.1829 010000000008029001 57701.3 008000000012035041
3 57701.3 008000000012035041 1751.47 008002000012035041
3 1751.47 008002000012035041 31.143 010004002008038023
3 31.143 010004002008038023 557.85 022000000030039023
3 557.85 022000000030039023 399.606 022000000030041023
3 399.606 022000000030041023 31.143 010004002008038023
3 31.143 010004002008038023 95740.0 015004000012014001
3 95740.0 015004000012014001 1583.99 015004000001014001
3 1583.99 015004000001014001 31.143 010004002008038023
3 31.143 010004002008038023 3113.25 010001000024038018
3 3113.25 010001000024038018 396.744 010001000024038005
3 396.744 010001000024038005 31.143 010004002008038023
3 31.143 010004002008038023 338.176 019000000033038001
3 338.176 019000000033038001 31.143 010004002008038023
3 31.143 010004002008038023 82.1829 010000000008029001
3 82.1829 010000000008029001 16718.7 010004000043033016
3 16718.7 010004000043033016 1562.43 092004000043033016
3 1562.43 092004000043033016 31.143 010004002008038023
3 31.143 010004002008038023 50195.5 022000000009038018
3 50195.5 022000000009038018 98.2955 010000000009038018
3 98.2955 010000000009038018 31.143 010004002008038023
3 31.143 010004002008038023 205.364 047001000027038036
3 205.364 047001000027038036 164.921 047001000027037036
3 164.921 047001000027037036 31.143 010004002008038023
3 31.143 010004002008038023 407.637 015004000045039022
3 407.637 015004000045039022 280.43 082004000045039022
3 280.43 082004000045039022 31.143 010004002008038023
3 31.143 010004002008038023 29727.8 010004000033038022
3 29727.8 010004000033038022 419.771 010001000033038022
3 419.771 010001000033038022 31.143 010004002008038023
3 31.143 010004002008038023 2227.45 008003000033046023
3 2227.45 008003000033046023 618.392 008003000013046023
3 618.392 008003000013046023 31.143 010004002008038023
3 31.143 010004002008038023 659.649 010003000009039018
3 659.649 010003000009039018 299.479 009003000009039018
3 299.479 009003000009039018 31.143 010004002008038023
3 31.143 010004002008038023 13332.0 019004000043049005
3 13332.0 019004000043049005 158.227 019004000043049017
3 158.227 019004000043049017 31.143 010004002008038023
3 31.143 010004002008038023 77611.9 091001000033038041
3 77611.9 091001000033038041 160.504 091001000033038019
3 160.504 091001000033038019 31.143 010004002008038023
3 31.143 010004002008038023 5093.89 019004000006014017
3 5093.89 019004000006014017 422.172 071004000006014017
3 422.172 071004000006014017 31.143 010004002008038023
3 31.143 010004002008038023 52184.3 088004000033023041
3 52184.3 088004000033023041 702.94 088003000033023041
3 702.94 088003000033023041 31.143 010004002008038023
3 31.143 010004002008038023 1949.851 047000000043029022
3 1949.851 047000000043029022 1949.851 047000000043029022
3 1949.851 047000000043029022 31.143 010004002008038023
3 31.143 010004002008038023 31661.0 010000000043038022
3 31661.0 010000000043038022 29121.0 010004000043038022
3 29121.0 010004000043038022 31.143 010004002008038023
3 31.143 010004002008038023 21003.6 010006000033014022
3 21003.6 010006000033014022 2181.82 010006000033012022
3 2181.82 010006000033012022 31.143 010004002008038023
3 31.143 010004002008038023 1956.74 047003000033038016
3 1956.74 047003000033038016 631.781 003003000033038016
3 631.781 003003000033038016 31.143 010004002008038023
3 31.143 010004002008038023 253.705 003004000033046018
3 253.705 003004000033046018 227.364 003004000033046021
3 227.364 003004000033046021 31.143 010004002008038023
3 31.143 010004002008038023 84139.5 019004000043038041
3 84139.5 019004000043038041 859.394 019000000043038041
3 859.394 019000000043038041 31.143 010004002008038023
3 31.143 010004002008038023 39585.0 010000000027033022
3 39585.0 010000000027033022 2015.51 092000000027033022
3 2015.51 092000000027033022 31.143 010004002008038023
3 31.143 010004002008038023 5499.37 019003000045049041
3 5499.37 019003000045049041 612.955 019003000013049041
3 612.955 019003000013049041 31.143 010004002008038023
3 31.143 010004002008038023 1189.42 047003000012049036
3 1189.42 047003000012049036 472.714 047003000019049036
3 472.714 047003000019049036 31.143 010004002008038023
3 31.143 010004002008038023 59355.5 010004000009038023
3 59355.5 010004000009038023 451.188 010004000009038015
3 451.188 010004000009038015 31.143 010004002008038023
3 31.143 010004002008038023 76.2967 008003000030037022
3 76.2967 008003000030037022 31.143 010004002008038023
3 31.143 010004002008038023 82.1829 010000000008029001
3 82.1829 010000000008029001 142.415 019001000033014022
3 142.415 019001000033014022 57.2454 019001000014014022
3 57.2454 019001000014014022 31.143 010004002008038023
3 31.143 010004002008038023 325.548 010003002012038018
3 325.548 010003002012038018 160.216 010003002012045018
3 160.216 010003002012045018 31.143 010004002008038023
3 31.143 010004002008038023 2062.83 019003000010038014
3 2062.83 019003000010038014 512.768 019003002010038014
3 512.768 019003002010038014 31.143 010004002008038023
3 31.143 010004002008038023 14446.6 047001001030037022
3 14446.6 047001001030037022 544.979 047004001030037022
3 544.979 047004001030037022 31.143 010004002008038023
3 31.143 010004002008038023 407.792 091004000008023022
3 407.792 091004000008023022 232.467 091004000008032022
3 232.467 091004000008032022 31.143 010004002008038023
3 31.143 010004002008038023 161.017 008004000024038018
3 161.017 008004000024038018 31.143 010004002008038023
3 31.143 010004002008038023 57.2454 019001000014014022
3 57.2454 019001000014014022 296.293 010000000012038041
3 296.293 010000000012038041 31.143 010004002008038023
3 31.143 010004002008038023 57.2454 019001000014014022
3 57.2454 019001000014014022 618.387 019004002024042023
3 618.387 019004002024042023 287.917 019004000024042023
3 287.917 019004000024042023 31.143 010004002008038023
3 31.143 010004002008038023 48923.2 010004000049014022
3 48923.2 010004000049014022 24170.2 021004000049014022
3 24170.2 021004000049014022 31.143 010004002008038023
3 31.143 010004002008038023 495.107 047000000033046011
3 495.107 047000000033046011 31.143 010004002008038023
3 31.143 010004002008038023 57.2454 019001000014014022
3 57.2454 019001000014014022 180.391 073000000043014018
3 180.391 073000000043014018 120.237 073000000000014018
3 120.237 073000000000014018 31.143 010004002008038023
3 31.143 010004002008038023 655.018 022001002009038022
3 655.018 022001002009038022 412.749 022001002009048022
3 412.749 022001002009048022 31.143 010004002008038023
3 31.143 010004002008038023 36338.7 010000000043038018
3 36338.7 010000000043038018 11125.9 010000001043038018
3 11125.9 010000001043038018 31.143 010004002008038023
3 31.143 010004002008038023 50386.6 091002000012037036
3 50386.6 091002000012037036 325.831 076002000012037036
3 325.831 076002000012037036 31.143 010004002008038023
3 31.143 010004002008038023 15128.855 008003000033038014
3 15128.855 008003000033038014 15128.855 008003000033038014
3 15128.855 008003000033038014 31.143 010004002008038023
3 31.143 010004002008038023 441.402 010000000043014001
3 441.402 010000000043014001 435.844 010000000043014017
3 435.844 010000000043014017 31.143 010004002008038023
3 31.143 010004002008038023 36243.6 010002002009038022
3 36243.6 010002002009038022 29.5893 010002002009038038
3 29.5893 010002002009038038 31.143 010004002008038023
3 31.143 010004002008038023 18259.3 073005001049038041
3 18259.3 073005001049038041 489.667 073005001049021041
3 489.667 073005001049021041 29.5893 010002002009038038
4 29.5893 010002002009038038 30033.9 047002000033033014
4 30033.9 047002000033033014 289.559 047002000045033014
4 289.559 047002000045033014 103.826 011000001015001018
4 103.826 011000001015001018 76543700.0 013006001043011011
4 76543700.0 013006001043011011 319007.0 013006001043011016
4 319007.0 013006001043011016 103.826 011000001015001018
4 103.826 011000001015001018 2045.7 047004002039035023
4 2045.7 047004002039035023 688.688 047000002039035023
4 688.688 047000002039035023 103.826 011000001015001018
4 103.826 011000001015001018 496.573 010004000032024000
4 496.573 010004000032024000 472.077 019004000032024000
4 472.077 019004000032024000 103.826 011000001015001018
4 103.826 011000001015001018 21232.3 010005002050010018
4 21232.3 010005002050010018 5102.02 042005002050010018
4 5102.02 042005002050010018 103.826 011000001015001018
4 103.826 011000001015001018 23807.7 020006002017040018
4 23807.7 020006002017040018 103.826 011000001015001018
4 103.826 011000001015001018 118.804 016001001018027022
4 118.804 016001001018027022 15024.9 058001002018034018
4 15024.9 058001002018034018 309.314 058001002018034039
4 309.314 058001002018034039 103.826 011000001015001018
4 103.826 011000001015001018 20616.6 011001002024034022
4 20616.6 011001002024034022 225.138 011001000024034022
4 225.138 011001000024034022 103.826 011000001015001018
4 103.826 011000001015001018 414.79 019003001045023019
4 414.79 019003001045023019 103.826 011000001015001018
4 103.826 011000001015001018 118.804 016001001018027022
4 118.804 016001001018027022 1926.85 020005000045047020
4 1926.85 020005000045047020 1917.35 020005000045047003
4 1917.35 020005000045047003 103.826 011000001015001018
4 103.826 011000001015001018 184829.0 029004002002010007
4 184829.0 029004002002010007 543.243 052004002002010007
4 543.243 052004002002010007 103.826 011000001015001018
4 103.826 011000001015001018 32719.0 047006002045046007
4 32719.0 047006002045046007 13958.7 047001002045046007
4 13958.7 047001002045046007 103.826 011000001015001018
4 103.826 011000001015001018 19919.8 010000002039010023
4 19919.8 010000002039010023 15093.9 010001002039010023
4 15093.9 010001002039010023 103.826 011000001015001018
4 103.826 011000001015001018 954.425 047003000018023023
4 954.425 047003000018023023 645.496 047003000018023040
4 645.496 047003000018023040 103.826 011000001015001018
4 103.826 011000001015001018 71081500.0 044003000015025018
4 71081500.0 044003000015025018 61370.4 011003000015025018
4 61370.4 011003000015025018 103.826 011000001015001018
4 103.826 011000001015001018 633451.0 052005002021002012
4 633451.0 052005002021002012 1488.7 052005000021002012
4 1488.7 052005000021002012 103.826 011000001015001018
4 103.826 011000001015001018 102.635 020001001036023019
4 102.635 020001001036023019 102.635 020001001036023019
4 102.635 020001001036023019 103.826 011000001015001018
4 103.826 011000001015001018 15653.9 052005001029020040
4 15653.9 052005001029020040 293.254 052005002029020040
4 293.254 052005002029020040 102.635 020001001036023019
4 102.635 020001001036023019 25598.1 017003001021020009
4 25598.1 017003001021020009 853.3 017003001021041009
4 853.3 017003001021041009 102.635 020001001036023019
4 102.635 020001001036023019 153667000.0 047005002029035008
4 153667000.0 047005002029035008 3655.75 047005002029047008
4 3655.75 047005002029047008 102.635 020001001036023019
4 102.635 020001001036023019 17614.385 028001001029003019
4 17614.385 028001001029003019 17614.385 028001001029003019
4 17614.385 028001001029003019 102.635 020001001036023019
4 102.635 020001001036023019 374.247 047004000046021019
4 374.247 047004000046021019 332.583 047004000046021008
4 332.583 047004000046021008 102.635 020001001036023019
4 102.635 020001001036023019 4994750000.0 020003000029010003
4 4994750000.0 020003000029010003 721.891 020003000029044003
4 721.891 020003000029044003 102.635 020001001036023019
4 102.635 020001001036023019 24568.4 020004000015028014
4 24568.4 020004000015028014 804.076 020004001015028014
4 804.076 020004001015028014 102.635 020001001036023019
4 102.635 020001001036023019 24001.4 020001000045020005
4 24001.4 020001000045020005 1195.58 020004000045020005
4 1195.58 020004000045020005 102.635 020001001036023019
4 102.635 020001001036023019 495.026 067002000039027003
4 495.026 067002000039027003 217.885 067000000039027003
4 217.885 067000000039027003 102.635 020001001036023019
4 102.635 020001001036023019 39439.0 067001000024020003
4 39439.0 067001000024020003 25124.8 067001000024003003
4 25124.8 067001000024003003 102.635 020001001036023019
4 102.635 020001001036023019 953.505 047005001039010012
4 953.505 047005001039010012 532.692 019005001039010012
4 532.692 019005001039010012 102.635 020001001036023019
4 102.635 020001001036023019 35.3593 010000001039008008
4 35.3593 010000001039008008 102.635 020001001036023019
4 102.635 020001001036023019 103.826 011000001015001018
4 103.826 011000001015001018 50093.3 062005000046050024
4 50093.3 062005000046050024 630.351 062005000047050024
4 630.351 062005000047050024 35.3593 010000001039008008
4 35.3593 010000001039008008 3700450.0 035006000045027007
4 3700450.0 035006000045027007 5017.7 035006000026027007
4 5017.7 035006000026027007 35.3593 010000001039008008
4 35.3593 010000001039008008 26384.3 067001001043024023
4 26384.3 067001001043024023 14199.8 067001001015024023
4 14199.8 067001001015024023 35.3593 010000001039008008
4 35.3593 010000001039008008 21415.9 020003001021025019
4 21415.9 020003001021025019 668.325 020003001021037019
4 668.325 020003001021037019 35.3593 010000001039008008
4 35.3593 010000001039008008 22808.7 020001000039028005
4 22808.7 020001000039028005 228.991 068001000039028005
4 228.991 068001000039028005 35.3593 010000001039008008
4 35.3593 010000001039008008 244.014 019005000048001023
4 244.014 019005000048001023 35.3593 010000001039008008
4 35.3593 010000001039008008 102.635 020001001036023019
4 102.635 020001001036023019 1807.32 017001002036040024
4 1807.32 017001002036040024 1016.23 077001002036040024
4 1016.23 077001002036040024 35.3593 010000001039008008
4 35.3593 010000001039008008 909.331 058000001039044019
4 909.331 058000001039044019 701.74 058000001039001019
4 701.74 058000001039001019 35.3593 010000001039008008
4 35.3593 010000001039008008 38557.6 052002002048023024
4 38557.6 052002002048023024 12767.8 052002002048007024
4 12767.8 052002002048007024 35.3593 010000001039008008
4 35.3593 010000001039008008 249004.0 067000001006023000
4 249004.0 067000001006023000 1048.44 067001001006023000
4 1048.44 067001001006023000 35.3593 010000001039008008
4 35.3593 010000001039008008 28310.1 023001002041010023
4 28310.1 023001002041010023 443.729 023001002041010020
4 443.729 023001002041010020 35.3593 010000001039008008
4 35.3593 010000001039008008 681417000.0 058003001002024024
4 681417000.0 058003001002024024 5370.83 058003001002039024
4 5370.83 058003001002039024 35.3593 010000001039008008
4 35.3593 010000001039008008 15075.4 100000002036023012
4 15075.4 100000002036023012 13407.0 100001002036023012
4 13407.0 100001002036023012 35.3593 010000001039008008
4 35.3593 010000001039008008 586.838 047004000015044012
4 586.838 047004000015044012 328.021 047004000017044012
4 328.021 047004000017044012 35.3593 010000001039008008
4 35.3593 010000001039008008 466.504 010000000046023019
4 466.504 010000000046023019 412.853 010000001046023019
4 412.853 010000001046023019 35.3593 010000001039008008
4 35.3593 010000001039008008 38981.2 025001000036026019
4 38981.2 025001000036026019 27805.7 025006000036026019
4 27805.7 025006000036026019 35.3593 010000001039008008
4 35.3593 010000001039008008 413.184 068005000016037040
4 413.184 068005000016037040 306.266 068004000016037040
4 306.266 068004000016037040 35.3593 010000001039008008
4 35.3593 010000001039008008 629.863 019000000002021019
4 629.863 019000000002021019 343.066 026000000002021019
4 343.066 026000000002021019 35.3593 010000001039008008
4 35.3593 010000001039008008 810.923 023005001002023005
4 810.923 023005001002023005 779.451 023005001025023005
4 779.451 023005001025023005 35.3593 010000001039008008
4 35.3593 010000001039008008 405.622 068001001043046023
4 405.622 068001001043046023 403.761 068001001043029023
4 403.761 068001001043029023 35.3593 010000001039008008
4 35.3593 010000001039008008 469.571 011002000050001040
4 469.571 011002000050001040 396.629 049002000050001040
4 396.629 049002000050001040 35.3593 010000001039008008
4 35.3593 010000001039008008 19016.0 068000000036030000
4 19016.0 068000000036030000 12519.6 068006000036030000
4 12519.6 068006000036030000 35.3593 010000001039008008
4 35.3593 010000001039008008 794.652 058005001032037003
4 794.652 058005001032037003 268.539 058005001032037031
4 268.539 058005001032037031 35.3593 010000001039008008
4 35.3593 010000001039008008 55015.7 010005000017027005
4 55015.7 010005000017027005 402.382 010005000017027023
4 402.382 010005000017027023 35.3593 010000001039008008
4 35.3593 010000001039008008 26021.0 068001001048001023
4 26021.0 068001001048001023 2710.39 068001001036001023
4 2710.39 068001001036001023 35.3593 010000001039008008
4 35.3593 010000001039008008 37319.4 010004001016021023
4 37319.4 010004001016021023 135.601 010004001028021023
4 135.601 010004001028021023 35.3593 010000001039008008
4 35.3593 010000001039008008 2355.53 047004000029030000
4 2355.53 047004000029030000 1917.24 043004000029030000
4 1917.24 043004000029030000 35.3593 010000001039008008
4 35.3593 010000001039008008 1795.681 019002000046021019
4 1795.681 019002000046021019 1795.681 019002000046021019
4 1795.681 019002000046021019 35.3593 010000001039008008
4 35.3593 010000001039008008 15801.6 020000001039021012
4 15801.6 020000001039021012 2419.97 020000002039021012
4 2419.97 020000002039021012 35.3593 010000001039008008
4 35.3593 010000001039008008 545.761 010002000036008019
4 545.761 010002000036008019 480.956 010000000036008019
4 480.956 010000000036008019 35.3593 010000001039008008
4 35.3593 010000001039008008 33973.6 058001001002044019
4 33973.6 058001001002044019 33191.9 058001000002044019
4 33191.9 058001000002044019 35.3593 010000001039008008
4 35.3593 010000001039008008 348.841 052004000036034003
4 348.841 052004000036034003 348.841 052004000036034003
4 348.841 052004000036034003 35.3593 010000001039008008
4 35.3593 010000001039008008 846.811 019003000016023007
4 846.811 019003000016023007 759.085 019003002016023007
4 759.085 019003002016023007 35.3593 010000001039008008
4 35.3593 010000001039008008 31560.8 068001001015027023
4 31560.8 068001001015027023 1177.58 068001001015027027
4 1177.58 068001001015027027 35.3593 010000001039008008
4 35.3593 010000001039008008 1977.83 019000000046001003
4 1977.83 019000000046001003 1824.43 019000000046017003
4 1824.43 019000000046017003 35.3593 010000001039008008
4 35.3593 010000001039008008 534.988 047005000016010019
4 534.988 047005000016010019 468.844 047005000041010019
4 468.844 047005000041010019 35.3593 010000001039008008
4 35.3593 010000001039008008 348.028 052004001029034023
4 348.028 052004001029034023 282.416 052004001005034023
4 282.416 052004001005034023 35.3593 010000001039008008
4 35.3593 010000001039008008 232.388 047005000016030023
4 232.388 047005000016030023 85.7201 047005000016018023
4 85.7201 047005000016018023 35.3593 010000001039008008
4 35.3593 010000001039008008 84.2122 067001000046034022
4 84.2122 067001000046034022 35.3593 010000001039008008
4 35.3593 010000001039008008 85.7201 047005000016018023
4 85.7201 047005000016018023 748.907 052003001029021019
4 748.907 052003001029021019 568.161 052003001029021038
4 568.161 052003001029021038 35.3593 010000001039008008
4 35.3593 010000001039008008 142010000.0 052003000046030019
4 142010000.0 052003000046030019 448.821 052003000046010019
4 448.821 052003000046010019 35.3593 010000001039008008
4 35.3593 010000001039008008 11589.8 011001001029024023
4 11589.8 011001001029024023 418.411 011001001029024029
4 418.411 011001001029024029 35.3593 010000001039008008
4 35.3593 010000001039008008 14465.6 011005002036001023
4 14465.6 011005002036001023 136.683 011005002047001023
4 136.683 011005002047001023 35.3593 010000001039008008
4 35.3593 010000001039008008 484.043 049005001043044022
4 484.043 049005001043044022 479.774 049005001043017022
4 479.774 049005001043017022 35.3593 010000001039008008
4 35.3593 010000001039008008 64391.8 047002000015028023
4 64391.8 047002000015028023 680.515 047002000027028023
4 680.515 047002000027028023 35.3593 010000001039008008
4 35.3593 010000001039008008 295.241 011005001047034023
4 295.241 011005001047034023 35.3593 010000001039008008
4 35.3593 010000001039008008 84.2122 067001000046034022
4 84.2122 067001000046034022 34772.1 052005000046021019
4 34772.1 052005000046021019 1957.63 052005000046033019
4 1957.63 052005000046033019 35.3593 010000001039008008
4 35.3593 010000001039008008 18195.8 020005002018044019
4 18195.8 020005002018044019 338.803 020005002047044019
4 338.803 020005002047044019 35.3593 010000001039008008
4 35.3593 010000001039008008 16151.3 068004000041031020
4 16151.3 068004000041031020 14940.9 068004002041031020
4 14940.9 068004002041031020 35.3593 010000001039008008
4 35.3593 010000001039008008 2725.13 026005001018037007
4 2725.13 026005001018037007 909.674 035005001018037007
4 909.674 035005001018037007 35.3593 010000001039008008
4 35.3593 010000001039008008 406.095 052001000047037019
4 406.095 052001000047037019 35.3593 010000001039008008
4 35.3593 010000001039008008 84.2122 067001000046034022
4 84.2122 067001000046034022 401.423 026003000050044029
4 401.423 026003000050044029 390.918 026003000012044029
4 390.918 026003000012044029 35.3593 010000001039008008
4 35.3593 010000001039008008 845.237 010004001050044018
4 845.237 010004001050044018 251.596 010004002050044018
4 251.596 010004002050044018 35.3593 010000001039008008
4 35.3593 010000001039008008 1134.03 044004001045028007
4 1134.03 044004001045028007 567.788 044004000045028007
4 567.788 044004000045028007 35.3593 010000001039008008
4 35.3593 010000001039008008 49218.0 023004000018044019
4 49218.0 023004000018044019 484.643 023004000035044019
4 484.643 023004000035044019 35.3593 010000001039008008
4 35.3593 010000001039008008 455.216 020000000047034022
4 455.216 020000000047034022 254.562 020001000047034022
4 254.562 020001000047034022 35.3593 010000001039008008
4 35.3593 010000001039008008 578.093 068002000036021022
4 578.093 068002000036021022 406.237 011002000036021022
4 406.237 011002000036021022 35.3593 010000001039008008
4 35.3593 010000001039008008 28910.4 011005001006024022
4 28910.4 011005001006024022 414.759 011005001047024022
4 414.759 011005001047024022 35.3593 010000001039008008
4 35.3593 010000001039008008 1962.25 010001001046044022
4 1962.25 010001001046044022 411.625 010001001046036022
4 411.625 010001001046036022 35.3593 010000001039008008
4 35.3593 010000001039008008 30841.5 010005002039034040
4 30841.5 010005002039034040 539.422 010005002039033040
4 539.422 010005002039033040 35.3593 010000001039008008
4 35.3593 010000001039008008 10063.1 020001002047029022
4 10063.1 020001002047029022 670.098 020001002047029025
4 670.098 020001002047029025 35.3593 010000001039008008
4 35.3593 010000001039008008 29634.3 011001000046020023
4 29634.3 011001000046020023 344.737 011001002046020023
4 344.737 011001002046020023 35.3593 010000001039008008
4 35.3593 010000001039008008 60019.9 010004000017044019
4 60019.9 010004000017044019 440.723 072004000017044019
4 440.723 072004000017044019 35.3593 010000001039008008
4 35.3593 010000001039008008 9389.21 068000001039021008
4 9389.21 068000001039021008 3575.06 068000001033021008
4 3575.06 068000001033021008 35.3593 010000001039008008
4 35.3593 010000001039008008 26350.2 047001000046001019
4 26350.2 047001000046001019 14633.2 047005000046001019
4 14633.2 047005000046001019 35.3593 010000001039008008
4 35.3593 010000001039008008 2014.16 026002000047020019
4 2014.16 026002000047020019 589.434 026002000047020043
4 589.434 026002000047020043 35.3593 010000001039008008
4 35.3593 010000001039008008 417.462 010001002017001023
4 417.462 010001002017001023 395.043 040001002017001023
4 395.043 040001002017001023 35.3593 010000001039008008
4 35.3593 010000001039008008 2487.38 068004001018044019
4 2487.38 068004001018044019 272.673 068004000018044019
4 272.673 068004000018044019 35.3593 010000001039008008
4 35.3593 010000001039008008 644.275 052003000046034022
4 644.275 052003000046034022 375.044 052003000046034024
4 375.044 052003000046034024 35.3593 010000001039008008
4 35.3593 010000001039008008 18949.8 047004000028018023
4 18949.8 047004000028018023 703.671 047004000046018023
4 703.671 047004000046018023 35.3593 010000001039008008
4 35.3593 010000001039008008 26767.7 010003001017027003
4 26767.7 010003001017027003 534.865 010003001017015003
4 534.865 010003001017015003 35.3593 010000001039008008
4 35.3593 010000001039008008 317.901 058004000047034003
4 317.901 058004000047034003 237.172 058004000047042003
4 237.172 058004000047042003 35.3593 010000001039008008
4 35.3593 010000001039008008 18903.6 052001000039033023
4 18903.6 052001000039033023 733.577 052006000039033023
4 733.577 052006000039033023 35.3593 010000001039008008
4 35.3593 010000001039008008 273.974 020004000036037003
4 273.974 020004000036037003 35.3593 010000001039008008
4 35.3593 010000001039008008 84.2122 067001000046034022
4 84.2122 067001000046034022 529.022 011000000018023014
4 529.022 011000000018023014 484.777 011000001018023014
4 484.777 011000001018023014 35.3593 010000001039008008
4 35.3593 010000001039008008 250.92 016004001016034040
4 250.92 016004001016034040 35.3593 010000001039008008
4 35.3593 010000001039008008 84.2122 067001000046034022
4 84.2122 067001000046034022 1847.64 016001000047044023
4 1847.64 016001000047044023 584.427 016001000047044043
4 584.427 016001000047044043 35.3593 010000001039008008
4 35.3593 010000001039008008 447.764 047000002005042040
4 447.764 047000002005042040 223.613 047000002002042040
4 223.613 047000002002042040 35.3593 010000001039008008
4 35.3593 010000001039008008 25519.8 016005002029020040
4 25519.8 016005002029020040 412.186 016005002029040040
4 412.186 016005002029040040 35.3593 010000001039008008
4 35.3593 010000001039008008 4057.59 049001002036001022
4 4057.59 049001002036001022 3221.45 049005002036001022
4 3221.45 049005002036001022 35.3593 010000001039008008
4 35.3593 010000001039008008 3785.8 016004002047031019
4 3785.8 016004002047031019 669.598 004004002047031019
4 669.598 004004002047031019 35.3593 010000001039008008
4 35.3593 010000001039008008 3588.01 011005000005021003
4 3588.01 011005000005021003 574.669 011005000040021003
4 574.669 011005000040021003 35.3593 010000001039008008
4 35.3593 010000001039008008 1755.92 052001000046034019
4 1755.92 052001000046034019 216.207 052001000001034019
4 216.207 052001000001034019 35.3593 010000001039008008
4 35.3593 010000001039008008 460.748 026001001050020022
4 460.748 026001001050020022 371.911 026001002050020022
4 371.911 026001002050020022 35.3593 010000001039008008
4 35.3593 010000001039008008 33299.8 047001001043018003
4 33299.8 047001001043018003 1357.84 047001001043045003
4 1357.84 047001001043045003 35.3593 010000001039008008
4 35.3593 010000001039008008 1093.26 068004002039020008
4 1093.26 068004002039020008 35.3593 010000001039008008
4 35.3593 010000001039008008 84.2122 067001000046034022
4 84.2122 067001000046034022 594.392 058005001024023040
4 594.392 058005001024023040 425.487 058000001024023040
4 425.487 058000001024023040 35.3593 010000001039008008
4 35.3593 010000001039008008 65571100.0 067005002018028018
4 65571100.0 067005002018028018 11705900.0 067004002018028018
4 11705900.0 067004002018028018 35.3593 010000001039008008
4 35.3593 010000001039008008 250.227 067005000047044022
4 250.227 067005000047044022 31.2102 067005000047044009
4 31.2102 067005000047044009 35.3593 010000001039008008
4 35.3593 010000001039008008 1764.1 010000002047044022
4 1764.1 010000002047044022 279.775 010000000047044022
4 279.775 010000000047044022 31.2102 067005000047044009
4 31.2102 067005000047044009 554.727 052005002046044019
4 554.727 052005002046044019 114.296 026005002046044019
4 114.296 026005002046044019 31.2102 067005000047044009
4 31.2102 067005000047044009 825.476 068004001029034040
4 825.476 068004001029034040 400.463 082004001029034040
4 400.463 082004001029034040 31.2102 067005000047044009
4 31.2102 067005000047044009 182.835 058005000045042023
4 182.835 058005000045042023 31.2102 067005000047044009
4 31.2102 067005000047044009 35.3593 010000001039008008
4 35.3593 010000001039008008 591.602 058005000018030008
4 591.602 058005000018030008 527.773 058005000018048008
4 527.773 058005000018048008 31.2102 067005000047044009
4 31.2102 067005000047044009 11642.6 019005001032034023
4 11642.6 019005001032034023 645.025 019005001032037023
4 645.025 019005001032037023 31.2102 067005000047044009
4 31.2102 067005000047044009 266.718 026000000047001007
4 266.718 026000000047001007 105.788 049000000047001007
4 105.788 049000000047001007 31.2102 067005000047044009
4 31.2102 067005000047044009 490.901 068005000047044019
4 490.901 068005000047044019 406.733 068005000047044026
4 406.733 068005000047044026 31.2102 067005000047044009
4 31.2102 067005000047044009 346.834 010001000029001019
4 346.834 010001000029001019 310.713 017001000029001019
4 310.713 017001000029001019 31.2102 067005000047044009
4 31.2102 067005000047044009 1926.6 058005000046034040
4 1926.6 058005000046034040 291.667 058005001046034040
4 291.667 058005001046034040 31.2102 067005000047044009
4 31.2102 067005000047044009 441.522 052000000036034023
4 441.522 052000000036034023 287.581 052005000036034023
4 287.581 052005000036034023 31.2102 067005000047044009
4 31.2102 067005000047044009 32909.6 067004000047008039
4 32909.6 067004000047008039 3201.47 067005000047008039
4 3201.47 067005000047008039 31.2102 067005000047044009
4 31.2102 067005000047044009 273.065 067001000047023019
4 273.065 067001000047023019 234.102 067001000047023032
4 234.102 067001000047023032 31.2102 067005000047044009
4 31.2102 067005000047044009 400.727 047001000047042008
4 400.727 047001000047042008 331.509 047005000047042008
4 331.509 047005000047042008 31.2102 067005000047044009
4 31.2102 067005000047044009 42535.3 067001000018034040
4 42535.3 067001000018034040 380.57 067001000018034045
4 380.57 067001000018034045 31.2102 067005000047044009
4 31.2102 067005000047044009 68899.2 010001000036042040
4 68899.2 010001000036042040 49200.6 047001000036042040
4 49200.6 047001000036042040 31.2102 067005000047044009
4 31.2102 067005000047044009 729.595 020005002047034019
4 729.595 020005002047034019 651.144 020005002047034003
4 651.144 020005002047034003 31.2102 067005000047044009
4 31.2102 067005000047044009 517.876 043004000029031023
4 517.876 043004000029031023 186.472 043004000029031012
4 186.472 043004000029031012 31.2102 067005000047044009
4 31.2102 067005000047044009 22660.4 026005000029042022
4 22660.4 026005000029042022 454.251 026005000008042022
4 454.251 026005000008042022 31.2102 067005000047044009
4 31.2102 067005000047044009 22469.2 067000000047023023
4 22469.2 067000000047023023 458.335 067000000047046023
4 458.335 067000000047046023 31.2102 067005000047044009
4 31.2102 067005000047044009 838.706 047004000016037018
4 838.706 047004000016037018 213.357 047001000016037018
4 213.357 047001000016037018 31.2102 067005000047044009
4 31.2102 067005000047044009 40232.6 058005000046044023
4 40232.6 058005000046044023 12736.7 058005000046017023
4 12736.7 058005000046017023 31.2102 067005000047044009
4 31.2102 067005000047044009 20245.2 058004000046033023
4 20245.2 058004000046033023 242.027 088004000046033023
4 242.027 088004000046033023 31.2102 067005000047044009
4 31.2102 067005000047044009 32216.7 020005000047001019
4 32216.7 020005000047001019 221.88 038005000047001019
4 221.88 038005000047001019 31.2102 067005000047044009
4 31.2102 067005000047044009 19596.9 010004000029042022
4 19596.9 010004000029042022 601.675 010004000012042022
4 601.675 010004000012042022 31.2102 067005000047044009
4 31.2102 067005000047044009 911.351 026001001001031019
4 911.351 026001001001031019 31.2102 067005000047044009
4 31.2102 067005000047044009 35.3593 010000001039008008
4 35.3593 010000001039008008 337.352 011000001005018019
4 337.352 011000001005018019 280.628 007000001005018019
4 280.628 007000001005018019 31.2102 067005000047044009
4 31.2102 067005000047044009 1783.84 058002000024037019
4 1783.84 058002000024037019 828.332 058002000024037035
4 828.332 058002000024037035 31.2102 067005000047044009
4 31.2102 067005000047044009 16486.2 067004002047034005
4 16486.2 067004002047034005 4591.08 067001002047034005
4 4591.08 067001002047034005 31.2102 067005000047044009
4 31.2102 067005000047044009 632.144 016002000047034032
4 632.144 016002000047034032 427.029 016002000047025032
4 427.029 016002000047025032 31.2102 067005000047044009
4 31.2102 067005000047044009 203.294 026005002001023031
4 203.294 026005002001023031 189.45 026005002001017031
4 189.45 026005002001017031 31.2102 067005000047044009
4 31.2102 067005000047044009 53163.3 026001002036021009
4 53163.3 026001002036021009 2243.67 026001001036021009
4 2243.67 026001001036021009 31.2102 067005000047044009
4 31.2102 067005000047044009 3140.45 088004000029023005
4 3140.45 088004000029023005 31.2102 067005000047044009
4 31.2102 067005000047044009 35.3593 010000001039008008
4 35.3593 010000001039008008 92.6582 010005001045033040
4 92.6582 010005001045033040 31.2102 067005000047044009
4 31.2102 067005000047044009 35.3593 010000001039008008
4 35.3593 010000001039008008 226.482 047001002045033040
4 226.482 047001002045033040 31.2102 067005000047044009
4 31.2102 067005000047044009 35.3593 010000001039008008
4 35.3593 010000001039008008 1799.96 020001000050018023
4 1799.96 020001000050018023 508.113 020001000050018031
4 508.113 020001000050018031 31.2102 067005000047044009
4 31.2102 067005000047044009 17163.4 047005001047023019
4 17163.4 047005001047023019 845.639 047005001048023019
4 845.639 047005001048023019 31.2102 067005000047044009
4 31.2102 067005000047044009 215814000.0 058001002001017019
4 215814000.0 058001002001017019 20982400.0 058001002001001019
4 20982400.0 058001002001001019 31.2102 067005000047044009
4 31.2102 067005000047044009 299.407 058005000036044023
4 299.407 058005000036044023 244.534 068005000036044023
4 244.534 068005000036044023 31.2102 067005000047044009
4 31.2102 067005000047044009 418.449 058001000047034019
4 418.449 058001000047034019 237.904 058001000047010019
4 237.904 058001000047010019 31.2102 067005000047044009
4 31.2102 067005000047044009 59129.5 067004000036034023
4 59129.5 067004000036034023 52673.4 032004000036034023
4 52673.4 032004000036034023 31.2102 067005000047044009
4 31.2102 067005000047044009 197.966 007005000015033005
4 197.966 007005000015033005 152.397 027005000015033005
4 152.397 027005000015033005 31.2102 067005000047044009
4 31.2102 067005000047044009 589.303 047005000039033007
4 589.303 047005000039033007 31.2102 067005000047044009
4 31.2102 067005000047044009 35.3593 010000001039008008
4 35.3593 010000001039008008 451.794 058005001047017019
4 451.794 058005001047017019 193.988 058005001047017039
4 193.988 058005001047017039 31.2102 067005000047044009
4 31.2102 067005000047044009 29979.4 010005000018021018
4 29979.4 010005000018021018 353.441 038005000018021018
4 353.441 038005000018021018 31.2102 067005000047044009
4 31.2102 067005000047044009 2216.19 067004000047008019
4 2216.19 067004000047008019 954.756 067004002047008019
4 954.756 067004002047008019 31.2102 067005000047044009
4 31.2102 067005000047044009 573601.0 088001000015021023
4 573601.0 088001000015021023 540.21 088001002015021023
4 540.21 088001002015021023 31.2102 067005000047044009
4 31.2102 067005000047044009 13750.1 011001002001033019
4 13750.1 011001002001033019 166.085 011001002001033024
4 166.085 011001002001033024 31.2102 067005000047044009
4 31.2102 067005000047044009 21163.3 010005000046037040
4 21163.3 010005000046037040 313.892 010005001046037040
4 313.892 010005001046037040 31.2102 067005000047044009
4 31.2102 067005000047044009 102884000.0 088000001002001009
4 102884000.0 088000001002001009 619.898 002000001002001009
4 619.898 002000001002001009 31.2102 067005000047044009
4 31.2102 067005000047044009 34743.1 026002000050028018
4 34743.1 026002000050028018 672.586 026002000050039018
4 672.586 026002000050039018 31.2102 067005000047044009
4 31.2102 067005000047044009 50906.5 010000000047044031
4 50906.5 010000000047044031 556.088 010000000047044026
4 556.088 010000000047044026 31.2102 067005000047044009
4 31.2102 067005000047044009 302.469 010000001018001023
4 302.469 010000001018001023 31.2102 067005000047044009
4 31.2102 067005000047044009 35.3593 010000001039008008
4 35.3593 010000001039008008 545.442 058005001024017018
4 545.442 058005001024017018 397.707 058005001024046018
4 397.707 058005001024046018 31.2102 067005000047044009
4 31.2102 067005000047044009 15949.8 067004001046044022
4 15949.8 067004001046044022 551.612 067004002046044022
4 551.612 067004002046044022 31.2102 067005000047044009
4 31.2102 067005000047044009 221572000.0 058005001045001007
4 221572000.0 058005001045001007 3575.73 058005001026001007
4 3575.73 058005001026001007 31.2102 067005000047044009
4 31.2102 067005000047044009 309.838 067001000039033023
4 309.838 067001000039033023 31.2102 067005000047044009
4 31.2102 067005000047044009 35.3593 010000001039008008
4 35.3593 010000001039008008 334.829 026004002047044019
4 334.829 026004002047044019 308.417 026005002047044019
4 308.417 026005002047044019 31.2102 067005000047044009
4 31.2102 067005000047044009 368.144 067001000045033019
4 368.144 067001000045033019 31.2102 067005000047044009
4 31.2102 067005000047044009 35.3593 010000001039008008
4 35.3593 010000001039008008 27182.5 011005000029042009
4 27182.5 011005000029042009 535.343 024005000029042009
4 535.343 024005000029042009 31.2102 067005000047044009
4 31.2102 067005000047044009 39845.8 026001002016018031
4 39845.8 026001002016018031 410.112 026004002016018031
4 410.112 026004002016018031 31.2102 067005000047044009
4 31.2102 067005000047044009 316.909 043005000016031023
4 316.909 043005000016031023 31.2102 067005000047044009
4 31.2102 067005000047044009 35.3593 010000001039008008
4 35.3593 010000001039008008 56140.3 067005000047033023
4 56140.3 067005000047033023 562.415 061005000047033023
4 562.415 061005000047033023 31.2102 067005000047044009
4 31.2102 067005000047044009 266.713 010004001001023005
4 266.713 010004001001023005 31.2102 067005000047044009
4 31.2102 067005000047044009 35.3593 010000001039008008
4 35.3593 010000001039008008 2464.85 026001002016034005
4 2464.85 026001002016034005 469.893 003001002016034005
4 469.893 003001002016034005 31.2102 067005000047044009
4 31.2102 067005000047044009 49651.4 011005000047034019
4 49651.4 011005000047034019 27574.9 011005000003034019
4 27574.9 011005000003034019 31.2102 067005000047044009
4 31.2102 067005000047044009 1770.18 049005000036033019
4 1770.18 049005000036033019 517.403 049006000036033019
4 517.403 049006000036033019 31.2102 067005000047044009
4 31.2102 067005000047044009 13144.0 010001001047033022
4 13144.0 010001001047033022 12296.7 010001001047000022
4 12296.7 010001001047000022 31.2102 067005000047044009
4 31.2102 067005000047044009 89540.8 058004000046001005
4 89540.8 058004000046001005 34648.8 058004000026001005
4 34648.8 058004000026001005 31.2102 067005000047044009
4 31.2102 067005000047044009 75790.4 047000000026021007
4 75790.4 047000000026021007 15500.3 047000000026036007
4 15500.3 047000000026036007 31.2102 067005000047044009
4 31.2102 067005000047044009 325.686 052000000047001022
4 325.686 052000000047001022 31.2102 067005000047044009
4 31.2102 067005000047044009 35.3593 010000001039008008
4 35.3593 010000001039008008 39830.5 068005000047033040
4 39830.5 068005000047033040 701.259 068005000047033031
4 701.259 068005000047033031 31.2102 067005000047044009
4 31.2102 067005000047044009 301.517 011005000047044019
4 301.517 011005000047044019 47.3875 011005000047036019
4 47.3875 011005000047036019 31.2102 067005000047044009
4 31.2102 067005000047044009 455.381 049004000018001019
4 455.381 049004000018001019 31.2102 067005000047044009
4 31.2102 067005000047044009 35.3593 010000001039008008
4 35.3593 010000001039008008 237.784 020005001018023019
4 237.784 020005001018023019 54.3604 020003001018023019
4 54.3604 020003001018023019 31.2102 067005000047044009
4 31.2102 067005000047044009 716.527 067004001016042019
4 716.527 067004001016042019 154.371 067004001042042019
4 154.371 067004001042042019 31.2102 067005000047044009
4 31.2102 067005000047044009 38132.4 011005000036023019
4 38132.4 011005000036023019 410.322 087005000036023019
4 410.322 087005000036023019 31.2102 067005000047044009
4 31.2102 067005000047044009 427.227 010002000046044031
4 427.227 010002000046044031 322.973 010002000003044031
4 322.973 010002000003044031 31.2102 067005000047044009
4 31.2102 067005000047044009 27749.2 026004001015044012
4 27749.2 026004001015044012 129.226 026004000015044012
4 129.226 026004000015044012 31.2102 067005000047044009
4 31.2102 067005000047044009 28940.3 068005000047034018
4 28940.3 068005000047034018 24090.3 068005000035034018
4 24090.3 068005000035034018 31.2102 067005000047044009
4 31.2102 067005000047044009 18153.87 010001000018033018
4 18153.87 010001000018033018 18153.87 010001000018033018
4 18153.87 010001000018033018 31.2102 067005000047044009
5 31.2102 067005000047044009 19523.9 035004002025041007
5 19523.9 035004002025041007 586.042 035005002025041007
5 586.042 035005002025041007 404.437 029005002042045024
5 404.437 029005002042045024 3256090.0 049001002001016003
5 3256090.0 049001002001016003 7954.69 049001002001016008
5 7954.69 049001002001016008 404.437 029005002042045024
5 404.437 029005002042045024 1621213850.0 059003000047016008
5 1621213850.0 059003000047016008 1621213850.0 059003000047016008
5 1621213850.0 059003000047016008 404.437 029005002042045024
5 404.437 029005002042045024 1670.93 037004000024039045
5 1670.93 037004000024039045 856.225 037006000024039045
5 856.225 037006000024039045 404.437 029005002042045024
5 404.437 029005002042045024 250.248 007004001025039012
5 250.248 007004001025039012 250.248 007004001025039012
5 250.248 007004001025039012 404.437 029005002042045024
5 404.437 029005002042045024 17770.5 035000002039047008
5 17770.5 035000002039047008 2896.69 035000002008047008
5 2896.69 035000002008047008 250.248 007004001025039012
5 250.248 007004001025039012 123991000.0 062001002032034008
5 123991000.0 062001002032034008 37863.0 024001002032034008
5 37863.0 024001002032034008 250.248 007004001025039012
5 250.248 007004001025039012 32969.3 074004000041022012
5 32969.3 074004000041022012 1740.08 074004000041022034
5 1740.08 074004000041022034 250.248 007004001025039012
5 250.248 007004001025039012 5765.44 058004001003039004
5 5765.44 058004001003039004 2208.48 058004001003031004
5 2208.48 058004001003031004 250.248 007004001025039012
5 250.248 007004001025039012 850.21 049004000013047001
5 850.21 049004000013047001 535.43 049004000041047001
5 535.43 049004000041047001 250.248 007004001025039012
5 250.248 007004001025039012 3401.64 059000002040039001
5 3401.64 059000002040039001 724.779 022000002040039001
5 724.779 022000002040039001 250.248 007004001025039012
5 250.248 007004001025039012 387.224 005000001001028010
5 387.224 005000001001028010 289.819 005000001002028010
5 289.819 005000001002028010 250.248 007004001025039012
5 250.248 007004001025039012 1720.03 067004000009039010
5 1720.03 067004000009039010 565.901 067004000048039010
5 565.901 067004000048039010 250.248 007004001025039012
5 250.248 007004001025039012 641.694 005004001050047007
5 641.694 005004001050047007 496.43 005004000050047007
5 496.43 005004000050047007 250.248 007004001025039012
5 250.248 007004001025039012 933.113 058000001045020004
5 933.113 058000001045020004 250.248 007004001025039012
5 250.248 007004001025039012 250.248 007004001025039012
5 250.248 007004001025039012 270.2495 031001000015047004
5 270.2495 031001000015047004 270.2495 031001000015047004
5 270.2495 031001000015047004 250.248 007004001025039012
5 250.248 007004001025039012 373.55550000000005 035005000043031022
5 373.55550000000005 035005000043031022 373.55550000000005 035005000043031022
5 373.55550000000005 035005000043031022 270.2495 031001000015047004
5 270.2495 031001000015047004 13131.9 035005001041032001
5 13131.9 035005001041032001 4232.05 035004001041032001
5 4232.05 035004001041032001 270.2495 031001000015047004
5 270.2495 031001000015047004 410.997 035000000040045004
5 410.997 035000000040045004 261.208 035000000040045022
5 261.208 035000000040045022 270.2495 031001000015047004
5 270.2495 031001000015047004 507.993 037004000015032008
5 507.993 037004000015032008 270.2495 031001000015047004
5 270.2495 031001000015047004 250.248 007004001025039012
5 250.248 007004001025039012 157.635 037004000019047012
5 157.635 037004000019047012 107.217 063004000019047012
5 107.217 063004000019047012 270.2495 031001000015047004
5 270.2495 031001000015047004 317.926 022004000009022001
5 317.926 022004000009022001 302.057 078004000009022001
5 302.057 078004000009022001 107.217 063004000019047012
5 107.217 063004000019047012 2159.25 043000000003041020
5 2159.25 043000000003041020 450.556 043000000022041020
5 450.556 043000000022041020 107.217 063004000019047012
5 107.217 063004000019047012 2303.71 037002000024032005
5 2303.71 037002000024032005 316.887 037002000024032021
5 316.887 037002000024032021 107.217 063004000019047012
5 107.217 063004000019047012 606.64 004004001043039008
5 606.64 004004001043039008 394.252 004004001043039027
5 394.252 004004001043039027 107.217 063004000019047012
5 107.217 063004000019047012 2149.22 035004001009047008
5 2149.22 035004001009047008 1702.32 035004001009047033
5 1702.32 035004001009047033 107.217 063004000019047012
5 107.217 063004000019047012 54385.9 044002000019032007
5 54385.9 044002000019032007 52305.6 044002000019032014
5 52305.6 044002000019032014 107.217 063004000019047012
5 107.217 063004000019047012 34218.6 035004002041041024
5 34218.6 035004002041041024 1983.31 035006002041041024
5 1983.31 035006002041041024 107.217 063004000019047012
5 107.217 063004000019047012 14313.1 022005001043020004
5 14313.1 022005001043020004 12425.4 022005001009020004
5 12425.4 022005001009020004 107.217 063004000019047012
5 107.217 063004000019047012 69674.6 055002000003047022
5 69674.6 055002000003047022 2031.8 055002000003027022
5 2031.8 055002000003027022 107.217 063004000019047012
5 107.217 063004000019047012 691.467 007004001025014022
5 691.467 007004001025014022 408.374 007004000025014022
5 408.374 007004000025014022 107.217 063004000019047012
5 107.217 063004000019047012 672.985 043000000041045002
5 672.985 043000000041045002 632.815 043000000045045002
5 632.815 043000000045045002 107.217 063004000019047012
5 107.217 063004000019047012 27382.9 031005000025014007
5 27382.9 031005000025014007 14637.9 031006000025014007
5 14637.9 031006000025014007 107.217 063004000019047012
5 107.217 063004000019047012 238.181 004004000050039022
5 238.181 004004000050039022 107.217 063004000019047012
5 107.217 063004000019047012 270.2495 031001000015047004
5 270.2495 031001000015047004 200.914 004003000039032010
5 200.914 004003000039032010 107.217 063004000019047012
5 107.217 063004000019047012 270.2495 031001000015047004
5 270.2495 031001000015047004 2032.06 007004002024028001
5 2032.06 007004002024028001 476.769 007004002024024001
5 476.769 007004002024024001 107.217 063004000019047012
5 107.217 063004000019047012 909.883 049004001025024007
5 909.883 049004001025024007 135.2 049004001025024033
5 135.2 049004001025024033 107.217 063004000019047012
5 107.217 063004000019047012 416.204 043004000040045021
5 416.204 043004000040045021 310.341 043004000040034021
5 310.341 043004000040034021 107.217 063004000019047012
5 107.217 063004000019047012 207.007 004005000001018004
5 207.007 004005000001018004 107.217 063004000019047012
5 107.217 063004000019047012 270.2495 031001000015047004
5 270.2495 031001000015047004 435.7315 037004000033047024
5 435.7315 037004000033047024 435.7315 037004000033047024
5 435.7315 037004000033047024 107.217 063004000019047012
5 107.217 063004000019047012 46178.2 067005000025014045
5 46178.2 067005000025014045 623.761 067001000025014045
5 623.761 067001000025014045 107.217 063004000019047012
5 107.217 063004000019047012 7231.08 031004000043031004
5 7231.08 031004000043031004 775.878 031004001043031004
5 775.878 031004001043031004 107.217 063004000019047012
5 107.217 063004000019047012 29959.7 005004000025041008
5 29959.7 005004000025041008 634.496 005004000048041008
5 634.496 005004000048041008 107.217 063004000019047012
5 107.217 063004000019047012 139652000.0 043000001002031008
5 139652000.0 043000001002031008 30771.5 043006001002031008
5 30771.5 043006001002031008 107.217 063004000019047012
5 107.217 063004000019047012 8613.555 055000000025028014
5 8613.555 055000000025028014 8613.555 055000000025028014
5 8613.555 055000000025028014 107.217 063004000019047012
5 107.217 063004000019047012 246.474 004004001040050001
5 246.474 004004001040050001 107.217 063004000019047012
5 107.217 063004000019047012 270.2495 031001000015047004
5 270.2495 031001000015047004 22819.7 007004001025045012
5 22819.7 007004001025045012 498.063 007004001029045012
5 498.063 007004001029045012 107.217 063004000019047012
5 107.217 063004000019047012 217.089 031005000043047033
5 217.089 031005000043047033 107.217 063004000019047012
5 107.217 063004000019047012 270.2495 031001000015047004
5 270.2495 031001000015047004 18597.4 035000001040028014
5 18597.4 035000001040028014 284.627 035000000040028014
5 284.627 035000000040028014 107.217 063004000019047012
5 107.217 063004000019047012 19771.1 004004001040039022
5 19771.1 004004001040039022 1758.84 004001001040039022
5 1758.84 004001001040039022 107.217 063004000019047012
5 107.217 063004000019047012 500.315 049004002002022020
5 500.315 049004002002022020 107.217 063004000019047012
5 107.217 063004000019047012 270.2495 031001000015047004
5 270.2495 031001000015047004 416.505 035000000025047004
5 416.505 035000000025047004 107.217 063004000019047012
5 107.217 063004000019047012 270.2495 031001000015047004
5 270.2495 031001000015047004 640.774 031004000043028022
5 640.774 031004000043028022 574.764 031004002043028022
5 574.764 031004002043028022 107.217 063004000019047012
5 107.217 063004000019047012 130.175 035001000015039033
5 130.175 035001000015039033 60.84 035001000015039026
5 60.84 035001000015039026 107.217 063004000019047012
5 107.217 063004000019047012 68.012 055000000025039022
5 68.012 055000000025039022 60.84 035001000015039026
5 60.84 035001000015039026 107.217 063004000019047012
5 107.217 063004000019047012 40973.0 037005000033047022
5 40973.0 037005000033047022 157.754 037005000037047022
5 157.754 037005000037047022 60.84 035001000015039026
5 60.84 035001000015039026 16128.2 004004002040041021
5 16128.2 004004002040041021 701.372 004004001040041021
5 701.372 004004001040041021 60.84 035001000015039026
5 60.84 035001000015039026 68048.0 004004000019047001
5 68048.0 004004000019047001 507.514 004004000011047001
5 507.514 004004000011047001 60.84 035001000015039026
5 60.84 035001000015039026 27843.5 031004000043039022
5 27843.5 031004000043039022 407.126 085004000043039022
5 407.126 085004000043039022 60.84 035001000015039026
5 60.84 035001000015039026 17177.2 067004000025014024
5 17177.2 067004000025014024 29.3103 067004000025029024
5 29.3103 067004000025029024 60.84 035001000015039026
5 60.84 035001000015039026 559.349 085004000015045027
5 559.349 085004000015045027 351.223 085005000015045027
5 351.223 085005000015045027 29.3103 067004000025029024
5 29.3103 067004000025029024 480.393 031004000043045020
5 480.393 031004000043045020 261.846 031004000009045020
5 261.846 031004000009045020 29.3103 067004000025029024
5 29.3103 067004000025029024 35691.3 035003001001045004
5 35691.3 035003001001045004 2564.91 035003001013045004
5 2564.91 035003001013045004 29.3103 067004000025029024
5 29.3103 067004000025029024 438.164 007000000002024012
5 438.164 007000000002024012 409.457 040000000002024012
5 409.457 040000000002024012 29.3103 067004000025029024
5 29.3103 067004000025029024 50073.0 031000000025045033
5 50073.0 031000000025045033 15788.1 031000000025045007
5 15788.1 031000000025045007 29.3103 067004000025029024
5 29.3103 067004000025029024 22904.7 007004001037032020
5 22904.7 007004001037032020 445.262 007004002037032020
5 445.262 007004002037032020 29.3103 067004000025029024
5 29.3103 067004000025029024 419.157 004005000040041021
5 419.157 004005000040041021 295.566 004005000040045021
5 295.566 004005000040045021 29.3103 067004000025029024
5 29.3103 067004000025029024 23523.2 063004000040031033
5 23523.2 063004000040031033 19059.0 063004001040031033
5 19059.0 063004001040031033 29.3103 067004000025029024
5 29.3103 067004000025029024 523.313 031004000042032027
5 523.313 031004000042032027 82.2288 031004001042032027
5 82.2288 031004001042032027 29.3103 067004000025029024
5 29.3103 067004000025029024 202.779 004000000043045021
5 202.779 004000000043045021 135.619 004000000043033021
5 135.619 004000000043033021 29.3103 067004000025029024
5 29.3103 067004000025029024 1722.52 035004000001028014
5 1722.52 035004000001028014 218.43 035004000001028016
5 218.43 035004000001028016 29.3103 067004000025029024
5 29.3103 067004000025029024 13928.4 067001001040047004
5 13928.4 067001001040047004 926.027 067001001022047004
5 926.027 067001001022047004 29.3103 067004000025029024
5 29.3103 067004000025029024 567.662 007005000043032004
5 567.662 007005000043032004 361.251 007002000043032004
5 361.251 007002000043032004 29.3103 067004000025029024
5 29.3103 067004000025029024 2238.29 040005001002039022
5 2238.29 040005001002039022 116.874 040005001002039044
5 116.874 040005001002039044 29.3103 067004000025029024
5 29.3103 067004000025029024 80499.0 029003000001045014
5 80499.0 029003000001045014 7879.91 029003000001040014
5 7879.91 029003000001040014 29.3103 067004000025029024
5 29.3103 067004000025029024 38084.8 085005000040045033
5 38084.8 085005000040045033 34080.8 085005000027045033
5 34080.8 085005000027045033 29.3103 067004000025029024
5 29.3103 067004000025029024 57461.2 007000001002047014
5 57461.2 007000001002047014 20662.2 007000001023047014
5 20662.2 007000001023047014 29.3103 067004000025029024
5 29.3103 067004000025029024 17974.7 049004000015022024
5 17974.7 049004000015022024 114.506 098004000015022024
5 114.506 098004000015022024 29.3103 067004000025029024
5 29.3103 067004000025029024 46661.7 055004000015039004
5 46661.7 055004000015039004 802.542 055001000015039004
5 802.542 055001000015039004 29.3103 067004000025029024
5 29.3103 067004000025029024 231.201 029000000040028022
5 231.201 029000000040028022 29.3103 067004000025029024
5 29.3103 067004000025029024 60.84 035001000015039026
5 60.84 035001000015039026 532.622 037000000025039010
5 532.622 037000000025039010 218.77 037000000038039010
5 218.77 037000000038039010 29.3103 067004000025029024
5 29.3103 067004000025029024 571.923 035000000043031033
5 571.923 035000000043031033 363.174 035000000043040033
5 363.174 035000000043040033 29.3103 067004000025029024
5 29.3103 067004000025029024 684.694 035004001039028012
5 684.694 035004001039028012 684.694 035004001039028012
5 684.694 035004001039028012 29.3103 067004000025029024
5 29.3103 067004000025029024 20331.4335 007004000025039033
5 20331.4335 007004000025039033 20331.4335 007004000025039033
5 20331.4335 007004000025039033 29.3103 067004000025029024
5 29.3103 067004000025029024 662.504 037000001040039004
5 662.504 037000001040039004 29.3103 067004000025029024
5 29.3103 067004000025029024 60.84 035001000015039026
5 60.84 035001000015039026 10449.643 035001000033032027
5 10449.643 035001000033032027 10449.643 035001000033032027
5 10449.643 035001000033032027 29.3103 067004000025029024
5 29.3103 067004000025029024 46054.3 037005000009039022
5 46054.3 037005000009039022 1765.59 037004000009039022
5 1765.59 037004000009039022 29.3103 067004000025029024
5 29.3103 067004000025029024 320.12 085001000043022027
5 320.12 085001000043022027 210.244 085005000043022027
5 210.244 085005000043022027 29.3103 067004000025029024
5 29.3103 067004000025029024 2248.39 031003000002039014
5 2248.39 031003000002039014 585.829 068003000002039014
5 585.829 068003000002039014 29.3103 067004000025029024
5 29.3103 067004000025029024 382.391 037005000001039027
5 382.391 037005000001039027 337.55 037005000001039033
5 337.55 037005000001039033 29.3103 067004000025029024
5 29.3103 067004000025029024 1910.34 005004001019028027
5 1910.34 005004001019028027 376.681 005004001019028032
5 376.681 005004001019028032 29.3103 067004000025029024
5 29.3103 067004000025029024 694.616 031005000019047026
5 694.616 031005000019047026 360.936 031005000021047026
5 360.936 031005000021047026 29.3103 067004000025029024
5 29.3103 067004000025029024 24070.050000000003 063004000039047004
5 24070.050000000003 063004000039047004 24070.050000000003 063004000039047004
5 24070.050000000003 063004000039047004 29.3103 067004000025029024
5 29.3103 067004000025029024 56133.3 037005000002039024
5 56133.3 037005000002039024 2022.37 065005000002039024
5 2022.37 065005000002039024 29.3103 067004000025029024
5 29.3103 067004000025029024 35837.3 035001000025039033
5 35837.3 035001000025039033 332.413 035001000036039033
5 332.413 035001000036039033 29.3103 067004000025029024
5 29.3103 067004000025029024 929.364 004004000002039010
5 929.364 004004000002039010 571.934 004004000002039016
5 571.934 004004000002039016 29.3103 067004000025029024
5 29.3103 067004000025029024 9603.74 037003000025032004
5 9603.74 037003000025032004 9603.74 037003000025032004
5 9603.74 037003000025032004 29.3103 067004000025029024
5 29.3103 067004000025029024 16405.7 078004000009024021
5 16405.7 078004000009024021 15915.7 078004002009024021
5 15915.7 078004002009024021 29.3103 067004000025029024
5 29.3103 067004000025029024 566.02 037001000019032012
5 566.02 037001000019032012 556.485 037001000019022012
5 556.485 037001000019022012 29.3103 067004000025029024
5 29.3103 067004000025029024 1646.87 037004000040039022
5 1646.87 037004000040039022 55.2816 037004001040039022
5 55.2816 037004001040039022 29.3103 067004000025029024
5 29.3103 067004000025029024 321.901 037004000009028027
5 321.901 037004000009028027 167.027 037004000009038027
5 167.027 037004000009038027 29.3103 067004000025029024
5 29.3103 067004000025029024 24401.7 022004000040045022
5 24401.7 022004000040045022 410.868 022004000040040022
5 410.868 022004000040040022 29.3103 067004000025029024
5 29.3103 067004000025029024 22576.1 037004000040045010
5 22576.1 037004000040045010 791.525 037004001040045010
5 791.525 037004001040045010 29.3103 067004000025029024
5 29.3103 067004000025029024 30927.0 098005000015040022
5 30927.0 098005000015040022 208.014 098004000015040022
5 208.014 098004000015040022 29.3103 067004000025029024
5 29.3103 067004000025029024 712.586 007004001002033012
5 712.586 007004001002033012 44.0711 011004001002033012
5 44.0711 011004001002033012 29.3103 067004000025029024
5 29.3103 067004000025029024 923684.0 031004000025028004
5 923684.0 031004000025028004 26510.9 031004000042028004
5 26510.9 031004000042028004 29.3103 067004000025029024
5 29.3103 067004000025029024 21676.1 031004000039032022
5 21676.1 031004000039032022 21676.1 031004000039032022
5 21676.1 031004000039032022 29.3103 067004000025029024
5 29.3103 067004000025029024 81520.6 037004000037045044
5 81520.6 037004000037045044 266.252 037004000037045037
5 266.252 037004000037045037 29.3103 067004000025029024
5 29.3103 067004000025029024 328.08 035001000015022010
5 328.08 035001000015022010 29.3103 067004000025029024
5 29.3103 067004000025029024 44.0711 011004001002033012
5 44.0711 011004001002033012 1366.87 063004001025032022
5 1366.87 063004001025032022 587.82 063004000025032022
5 587.82 063004000025032022 29.3103 067004000025029024
5 29.3103 067004000025029024 1837.49 078000001043022044
5 1837.49 078000001043022044 429.044 078000001043045044
5 429.044 078000001043045044 29.3103 067004000025029024
5 29.3103 067004000025029024 2109.92 037003000033045027
5 2109.92 037003000033045027 574.566 037003001033045027
5 574.566 037003001033045027 29.3103 067004000025029024
5 29.3103 067004000025029024 23436.9 035000000009045010
5 23436.9 035000000009045010 240.336 091000000009045010
5 240.336 091000000009045010 29.3103 067004000025029024
5 29.3103 067004000025029024 241.884 004005000025039022
5 241.884 004005000025039022 221.223 004002000025039022
5 221.223 004002000025039022 29.3103 067004000025029024
5 29.3103 067004000025029024 394.381 098004001036039022
5 394.381 098004001036039022 382.069 098004001036039042
5 382.069 098004001036039042 29.3103 067004000025029024
5 29.3103 067004000025029024 16129.9 037001000019039022
5 16129.9 037001000019039022 222.871 037001000005039022
5 222.871 037001000005039022 29.3103 067004000025029024
5 29.3103 067004000025029024 415.896 067004000043039021
5 415.896 067004000043039021 364.157 067004000043012021
5 364.157 067004000043012021 29.3103 067004000025029024
5 29.3103 067004000025029024 536.7375 067004000001039021
5 536.7375 067004000001039021 536.7375 067004000001039021
5 536.7375 067004000001039021 29.3103 067004000025029024
5 29.3103 067004000025029024 41597.1 078005000043032022
5 41597.1 078005000043032022 30493.6 078005000043023022
5 30493.6 078005000043023022 29.3103 067004000025029024
5 29.3103 067004000025029024 19853.6 037004001002039022
5 19853.6 037004001002039022 592.581 071004001002039022
5 592.581 071004001002039022 29.3103 067004000025029024
5 29.3103 067004000025029024 2336.46 040004001019028027
5 2336.46 040004001019028027 348.291 040004001027028027
5 348.291 040004001027028027 29.3103 067004000025029024
5 29.3103 067004000025029024 225.357 085000000025032027
5 225.357 085000000025032027 29.3103 067004000025029024
5 29.3103 067004000025029024 44.0711 011004001002033012
5 44.0711 011004001002033012 434.391 037004000001039037
5 434.391 037004000001039037 427.812 070004000001039037
5 427.812 070004000001039037 29.3103 067004000025029024
5 29.3103 067004000025029024 371.316 037005000050022022
5 371.316 037005000050022022 299.432 037005000046022022
5 299.432 037005000046022022 29.3103 067004000025029024
5 29.3103 067004000025029024 25985.657 004004000015039012
5 25985.657 004004000015039012 25985.657 004004000015039012
5 25985.657 004004000015039012 29.3103 067004000025029024
5 29.3103 067004000025029024 1855.45 004000000001024024
5 1855.45 004000000001024024 455.273 050000000001024024
5 455.273 050000000001024024 29.3103 067004000025029024
5 29.3103 067004000025029024 24692.9 004005000039032022
5 24692.9 004005000039032022 525.679 004005000043032022
5 525.679 004005000043032022 29.3103 067004000025029024
5 29.3103 067004000025029024 33404.3 055001000043039033
5 33404.3 055001000043039033 90.431 023001000043039033
5 90.431 023001000043039033 29.3103 067004000025029024
5 29.3103 067004000025029024 2197.97 004000001043022010
5 2197.97 004000001043022010 481.147 004000001047022010
5 481.147 004000001047022010 29.3103 067004000025029024
5 29.3103 067004000025029024 485.722 098000000042039004
5 485.722 098000000042039004 361.095 098000000011039004
5 361.095 098000000011039004 29.3103 067004000025029024
5 29.3103 067004000025029024 22272.2 040004001043022044
5 22272.2 040004001043022044 616.891 040005001043022044
5 616.891 040005001043022044 29.3103 067004000025029024
5 29.3103 067004000025029024 76768.45 004004000019039033
5 76768.45 004004000019039033 76768.45 004004000019039033
5 76768.45 004004000019039033 29.3103 067004000025029024
5 29.3103 067004000025029024 1850.48 035001000043038010
5 1850.48 035001000043038010 296.614 058001000043038010
5 296.614 058001000043038010 29.3103 067004000025029024
5 29.3103 067004000025029024 39875.8 085005000039039027
5 39875.8 085005000039039027 683.954 085004000039039027
5 683.954 085004000039039027 29.3103 067004000025029024
5 29.3103 067004000025029024 470.704 035001000042045027
5 470.704 035001000042045027 359.281 035001000033045027
5 359.281 035001000033045027 29.3103 067004000025029024
5 29.3103 067004000025029024 1834.27 035004000046032022
5 1834.27 035004000046032022 365.186 035004000027032022
5 365.186 035004000027032022 29.3103 067004000025029024
5 29.3103 067004000025029024 491.74 035004000025028024
5 491.74 035004000025028024 149.831 031004000025028024
5 149.831 031004000025028024 29.3103 067004000025029024
5 29.3103 067004000025029024 389.626 031001001025028022
5 389.626 031001001025028022 29.3103 067004000025029024
5 29.3103 067004000025029024 44.0711 011004001002033012
5 44.0711 011004001002033012 234.051 011004001040039012
5 234.051 011004001040039012 210.876 011004001004039012
5 210.876 011004001004039012 29.3103 067004000025029024
5 29.3103 067004000025029024 495.012 037001000043039026
5 495.012 037001000043039026 29.3103 067004000025029024
5 29.3103 067004000025029024 44.0711 011004001002033012
5 44.0711 011004001002033012 264.823 058000000015039021
5 264.823 058000000015039021 189.34 058000000010039021
5 189.34 058000000010039021 29.3103 067004000025029024
5 29.3103 067004000025029024 673.255 035004001001047024
5 673.255 035004001001047024 500.86 085004001001047024
5 500.86 085004001001047024 29.3103 067004000025029024
5 29.3103 067004000025029024 688829.0 063004001025039021
5 688829.0 063004001025039021 3218.84 063004001025003021
5 3218.84 063004001025003021 29.3103 067004000025029024
5 29.3103 067004000025029024 38294.3 040000000025024012
5 38294.3 040000000025024012 547.921 080000000025024012
5 547.921 080000000025024012 29.3103 067004000025029024
5 29.3103 067004000025029024 452.363 004004000002022022
5 452.363 004004000002022022 292.784 004004000002022043
5 292.784 004004000002022043 29.3103 067004000025029024
5 29.3103 067004000025029024 1057.84 098000001015038010
5 1057.84 098000001015038010 29.3103 067004000025029024
5 29.3103 067004000025029024 44.0711 011004001002033012
5 44.0711 011004001002033012 211.09 011000000002039024
5 211.09 011000000002039024 74.9626 011000000002004024
5 74.9626 011000000002004024 29.3103 067004000025029024
5 29.3103 067004000025029024 72.4008 085000000043032012
5 72.4008 085000000043032012 29.3103 067004000025029024
5 29.3103 067004000025029024 44.0711 011004001002033012
5 44.0711 011004001002033012 238.022 063000000025018022
5 238.022 063000000025018022 238.022 063000000025018022
5 238.022 063000000025018022 29.3103 067004000025029024
5 29.3103 067004000025029024 33081.7 055003000042032022
5 33081.7 055003000042032022 1171.72 055003000042032008
5 1171.72 055003000042032008 29.3103 067004000025029024
5 29.3103 067004000025029024 440.928 037000000043045027
5 440.928 037000000043045027 186.008 086000000043045027
5 186.008 086000000043045027 29.3103 067004000025029024
5 29.3103 067004000025029024 1902.49 011000000038039012
5 1902.49 011000000038039012 379.083 011000000038040012
5 379.083 011000000038040012 29.3103 067004000025029024
5 29.3103 067004000025029024 494.341 035000000043032044
5 494.341 035000000043032044 468.492 035000001043032044
5 468.492 035000001043032044 29.3103 067004000025029024
5 29.3103 067004000025029024 362.204 004000000015028022
5 362.204 004000000015028022 29.3103 067004000025029024
5 29.3103 067004000025029024 44.0711 011004001002033012
5 44.0711 011004001002033012 28782.5 098000000043039037
5 28782.5 098000000043039037 189.64 098000000043039021
5 189.64 098000000043039021 29.3103 067004000025029024
5 29.3103 067004000025029024 21688.5 086000000038039022
5 21688.5 086000000038039022 119.693 086000000038030022
5 119.693 086000000038030022 29.3103 067004000025029024
5 29.3103 067004000025029024 472.136 004004000025028033
5 472.136 004004000025028033 328.332 004004000025028041
5 328.332 004004000025028041 29.3103 067004000025029024
5 29.3103 067004000025029024 395.248 031000001009004033
5 395.248 031000001009004033 128.076 031000001009048033
5 128.076 031000001009048033 29.3103 067004000025029024
5 29.3103 067004000025029024 52302.75 031004000009030044
5 52302.75 031004000009030044 52302.75 031004000009030044
5 52302.75 031004000009030044 29.3103 067004000025029024
5 29.3103 067004000025029024 500.95 011000001043039024
5 500.95 011000001043039024 195.356 011004001043039024
5 195.356 011004001043039024 29.3103 067004000025029024
5 29.3103 067004000025029024 40633.7 004004000043039022
5 40633.7 004004000043039022 37149.6 004004002043039022
5 37149.6 004004002043039022 29.3103 067004000025029024
5 29.3103 067004000025029024 25122.4 011000000037047016
5 25122.4 011000000037047016 499.544 011000000037047043
5 499.544 011000000037047043 29.3103 067004000025029024
5 29.3103 067004000025029024 367.574 004004001025039043
5 367.574 004004001025039043 239.826 004004001025025043
5 239.826 004004001025025043 29.3103 067004000025029024
5 29.3103 067004000025029024 991.0891 058000000043030024
5 991.0891 058000000043030024 991.0891 058000000043030024
5 991.0891 058000000043030024 29.3103 067004000025029024
5 29.3103 067004000025029024 240.525 004004000009039044
5 240.525 004004000009039044 29.3103 067004000025029024
5 29.3103 067004000025029024 44.0711 011004001002033012
5 44.0711 011004001002033012 283.865 031001000002039024
5 283.865 031001000002039024 121.989 031001000011039024
5 121.989 031001000011039024 29.3103 067004000025029024
5 29.3103 067004000025029024 28923.9 037000000025039021
5 28923.9 037000000025039021 1702.86 036000000025039021
5 1702.86 036000000025039021 29.3103 067004000025029024
5 29.3103 067004000025029024 278.465 037000000002033012
5 278.465 037000000002033012 197.423 039000000002033012
5 197.423 039000000002033012 29.3103 067004000025029024
5 29.3103 067004000025029024 367.849 011005000009039033
5 367.849 011005000009039033 252.981 011001000009039033
5 252.981 011001000009039033 29.3103 067004000025029024
5 29.3103 067004000025029024 20325.8 035004000043039027
5 20325.8 035004000043039027 446.755 035006000043039027
5 446.755 035006000043039027 29.3103 067004000025029024
5 29.3103 067004000025029024 367.682 031000000040039012
5 367.682 031000000040039012 174.543 024000000040039012
5 174.543 024000000040039012 29.3103 067004000025029024
5 29.3103 067004000025029024 113.2765 011000000019032022
5 113.2765 011000000019032022 113.2765 011000000019032022
5 113.2765 011000000019032022 29.3103 067004000025029024
5 29.3103 067004000025029024 484.63 031002000015039012
5 484.63 031002000015039012 393.732 031002000015039000
5 393.732 031002000015039000 29.3103 067004000025029024
5 29.3103 067004000025029024 18195.3 085000001015022024
5 18195.3 085000001015022024 3522.85 085000001034022024
5 3522.85 085000001034022024 29.3103 067004000025029024
5 29.3103 067004000025029024 1503.88 011000000002039033
5 1503.88 011000000002039033 782.292 011000000002039045
5 782.292 011000000002039045 29.3103 067004000025029024
5 29.3103 067004000025029024 36915.6 037000000025039033
5 36915.6 037000000025039033 642.239 037001000025039033
5 642.239 037001000025039033 29.3103 067004000025029024
5 29.3103 067004000025029024 362.317 031002000043039022
5 362.317 031002000043039022 330.679 031002000043046022
5 330.679 031002000043046022 29.3103 067004000025029024
5 29.3103 067004000025029024 674.944 037000001011039026
5 674.944 037000001011039026 124.356 037005001011039026
5 124.356 037005001011039026 29.3103 067004000025029024
5 29.3103 067004000025029024 573.745 004004000043047021
5 573.745 004004000043047021 407.409 004000000043047021
5 407.409 004000000043047021 29.3103 067004000025029024
5 29.3103 067004000025029024 854.036 058000000043039022
5 854.036 058000000043039022 740.619 058003000043039022
5 740.619 058003000043039022 29.3103 067004000025029024
5 29.3103 067004000025029024 47745.2 049000001025040016
5 47745.2 049000001025040016 17273.3 049000001025013016
5 17273.3 049000001025013016 29.3103 067004000025029024
5 29.3103 067004000025029024 563.042 011000000015047033
5 563.042 011000000015047033 451.127 011000000015047032
5 451.127 011000000015047032 29.3103 067004000025029024
5 29.3103 067004000025029024 794.259 063004001040048022
5 794.259 063004001040048022 601.157 063002001040048022
5 601.157 063002001040048022 29.3103 067004000025029024
5 29.3103 067004000025029024 94.4423 035000000015028033
5 94.4423 035000000015028033 29.3103 067004000025029024
5 29.3103 067004000025029024 44.0711 011004001002033012
5 44.0711 011004001002033012 775.131 063001001038039022
5 775.131 063001001038039022 621.541 063001001038039030
5 621.541 063001001038039030 29.3103 067004000025029024
5 29.3103 067004000025029024 758.993 067004000019022044
5 758.993 067004000019022044 497.554 067004000019022037
5 497.554 067004000019022037 29.3103 067004000025029024
5 29.3103 067004000025029024 35381.4 035004000002039024
5 35381.4 035004000002039024 1833.76 035004000002039021
5 1833.76 035004000002039021 29.3103 067004000025029024
5 29.3103 067004000025029024 590.895 011001000015033033
5 590.895 011001000015033033 389.063 011001000015033027
5 389.063 011001000015033027 29.3103 067004000025029024
5 29.3103 067004000025029024 1212.383 086000000025033012
5 1212.383 086000000025033012 1212.383 086000000025033012
5 1212.383 086000000025033012 29.3103 067004000025029024
5 29.3103 067004000025029024 30241.9 024004001025039022
5 30241.9 024004001025039022 550.689 024004001015039022
5 550.689 024004001015039022 29.3103 067004000025029024
5 29.3103 067004000025029024 124.056 039000000025030033
5 124.056 039000000025030033 120.517 088000000025030033
5 120.517 088000000025030033 29.3103 067004000025029024
5 29.3103 067004000025029024 22328.0 037000001019032022
5 22328.0 037000001019032022 11535.3 037000001019005022
5 11535.3 037000001019005022 29.3103 067004000025029024
5 29.3103 067004000025029024 32914.3 039000000019033024
5 32914.3 039000000019033024 15300.9 039000000019007024
5 15300.9 039000000019007024 29.3103 067004000025029024
5 29.3103 067004000025029024 29682.3 011004000015028033
5 29682.3 011004000015028033 231.69 011004000015028006
5 231.69 011004000015028006 29.3103 067004000025029024
5 29.3103 067004000025029024 1086.84 037003000002039022
5 1086.84 037003000002039022 375.96 037003000002039020
5 375.96 037003000002039020 29.3103 067004000025029024
5 29.3103 067004000025029024 1281.5245 004000000019018024
5 1281.5245 004000000019018024 1281.5245 004000000019018024
5 1281.5245 004000000019018024 29.3103 067004000025029024
6 29.3103 067004000025029024 22429.8 040004002012023013
6 22429.8 040004002012023013 444.083 069004002012023013
6 444.083 069004002012023013 241.022 029005001042042009
6 241.022 029005001042042009 24377.9 032002001048048004
6 24377.9 032002001048048004 466.693 032002001048048045
6 466.693 032002001048048045 241.022 029005001042042009
6 241.022 029005001042042009 5378.91 020002001006001001
6 5378.91 020002001006001001 2115.17 020002001025001001
6 2115.17 020002001025001001 241.022 029005001042042009
6 241.022 029005001042042009 4186.62 055000001034015007
6 4186.62 055000001034015007 285.369 055000001026015007
6 285.369 055000001026015007 241.022 029005001042042009
6 241.022 029005001042042009 14047.2 013004002035010002
6 14047.2 013004002035010002 520.195 069004002035010002
6 520.195 069004002035010002 241.022 029005001042042009
6 241.022 029005001042042009 684.385 010004002036042013
6 684.385 010004002036042013 367.78 003004002036042013
6 367.78 003004002036042013 241.022 029005001042042009
6 241.022 029005001042042009 22212900.0 025002001012001020
6 22212900.0 025002001012001020 558.784 025002001037001020
6 558.784 025002001037001020 241.022 029005001042042009
6 241.022 029005001042042009 2030.09 032001001002038023
6 2030.09 032001001002038023 874.837 032006001002038023
6 874.837 032006001002038023 241.022 029005001042042009
6 241.022 029005001042042009 269.672 067005000048043023
6 269.672 067005000048043023 261.052 067005000048043030
6 261.052 067005000048043030 241.022 029005001042042009
6 241.022 029005001042042009 1112.93 017002001001048009
6 1112.93 017002001001048009 483.301 017002000001048009
6 483.301 017002000001048009 241.022 029005001042042009
6 241.022 029005001042042009 738.077 017002001048010021
6 738.077 017002001048010021 455.963 026002001048010021
6 455.963 026002001048010021 241.022 029005001042042009
6 241.022 029005001042042009 12071.0 010002001047042001
6 12071.0 010002001047042001 317.219 010000001047042001
6 317.219 010000001047042001 241.022 029005001042042009
6 241.022 029005001042042009 1951.59 032002000037015030
6 1951.59 032002000037015030 298.787 032002000037015018
6 298.787 032002000037015018 241.022 029005001042042009
6 241.022 029005001042042009 6356.64 073002001010015013
6 6356.64 073002001010015013 734.665 073002001010030013
6 734.665 073002001010030013 241.022 029005001042042009
6 241.022 029005001042042009 2187.84 017004002046038002
6 2187.84 017004002046038002 504.937 017004002048038002
6 504.937 017004002048038002 241.022 029005001042042009
6 241.022 029005001042042009 38194.1 025003000037015013
6 38194.1 025003000037015013 897.152 025003000029015013
6 897.152 025003000029015013 241.022 029005001042042009
6 241.022 029005001042042009 486.1 032004001048015003
6 486.1 032004001048015003 241.022 029005001042042009
6 241.022 029005001042042009 261.052 067005000048043030
6 261.052 067005000048043030 467.905 059004002043043013
6 467.905 059004002043043013 123.303 039004002043043013
6 123.303 039004002043043013 241.022 029005001042042009
6 241.022 029005001042042009 91310200.0 046004000025015007
6 91310200.0 046004000025015007 21741.3 046004001025015007
6 21741.3 046004001025015007 123.303 039004002043043013
6 123.303 039004002043043013 35026.4 003002002022041023
6 35026.4 003002002022041023 35026.4 003002002022041023
6 35026.4 003002002022041023 123.303 039004002043043013
6 123.303 039004002043043013 15631.4 032004002026044023
6 15631.4 032004002026044023 660.026 032004001026044023
6 660.026 032004001026044023 123.303 039004002043043013
6 123.303 039004002043043013 57684.4 044002000006038009
6 57684.4 044002000006038009 626.031 044002000006031009
6 626.031 044002000006031009 123.303 039004002043043013
6 123.303 039004002043043013 541.808 026004002017015003
6 541.808 026004002017015003 360.984 042004002017015003
6 360.984 042004002017015003 123.303 039004002043043013
6 123.303 039004002043043013 2280.86 032002001043011023
6 2280.86 032002001043011023 678.758 042002001043011023
6 678.758 042002001043011023 123.303 039004002043043013
6 123.303 039004002043043013 617.919 017005000050044021
6 617.919 017005000050044021 234.89 017005000050043021
6 234.89 017005000050043021 123.303 039004002043043013
6 123.303 039004002043043013 160888000.0 044004001005043003
6 160888000.0 044004001005043003 2346.0 044004002005043003
6 2346.0 044004002005043003 123.303 039004002043043013
6 123.303 039004002043043013 27526.4 055001002026043018
6 27526.4 055001002026043018 26704.7 055001002009043018
6 26704.7 055001002009043018 123.303 039004002043043013
6 123.303 039004002043043013 24398.148 010004002019043021
6 24398.148 010004002019043021 24398.148 010004002019043021
6 24398.148 010004002019043021 123.303 039004002043043013
6 123.303 039004002043043013 1450.218 010002000017044030
6 1450.218 010002000017044030 1450.218 010002000017044030
6 1450.218 010002000017044030 123.303 039004002043043013
6 123.303 039004002043043013 379.164 067004002022043021
6 379.164 067004002022043021 328.49 067004002026043021
6 328.49 067004002026043021 123.303 039004002043043013
6 123.303 039004002043043013 357.616 055002000036015021
6 357.616 055002000036015021 336.929 055002000036010021
6 336.929 055002000036010021 123.303 039004002043043013
6 123.303 039004002043043013 322.101 042000000034010007
6 322.101 042000000034010007 71.8903 042000000034038007
6 71.8903 042000000034038007 123.303 039004002043043013
6 123.303 039004002043043013 13194.1 017001002043038016
6 13194.1 017001002043038016 366.683 017001002045038016
6 366.683 017001002045038016 71.8903 042000000034038007
6 71.8903 042000000034038007 496.716 026004001019043023
6 496.716 026004001019043023 436.946 026004001019043031
6 436.946 026004001019043031 71.8903 042000000034038007
6 71.8903 042000000034038007 76.8432 055000000042025016
6 76.8432 055000000042025016 71.8903 042000000034038007
6 71.8903 042000000034038007 123.303 039004002043043013
6 123.303 039004002043043013 1512.953 017005002019047013
6 1512.953 017005002019047013 1512.953 017005002019047013
6 1512.953 017005002019047013 71.8903 042000000034038007
6 71.8903 042000000034038007 5532.829500000001 026002002042005001
6 5532.829500000001 026002002042005001 5532.829500000001 026002002042005001
6 5532.829500000001 026002002042005001 71.8903 042000000034038007
6 71.8903 042000000034038007 45954.9 068000002019048009
6 45954.9 068000002019048009 5384.02 069000002019048009
6 5384.02 069000002019048009 71.8903 042000000034038007
6 71.8903 042000000034038007 200.99 010002002005011007
6 200.99 010002002005011007 98.6445 010002002005011023
6 98.6445 010002002005011023 71.8903 042000000034038007
6 71.8903 042000000034038007 50012.9 032000000036015003
6 50012.9 032000000036015003 503.982 032000000036015022
6 503.982 032000000036015022 71.8903 042000000034038007
6 71.8903 042000000034038007 12242.9 038005000048048007
6 12242.9 038005000048048007 2498.14 038005001048048007
6 2498.14 038005001048048007 71.8903 042000000034038007
6 71.8903 042000000034038007 22706.3 003000002016050016
6 22706.3 003000002016050016 15312.7 003000002043050016
6 15312.7 003000002043050016 71.8903 042000000034038007
6 71.8903 042000000034038007 268.599 003005000019010001
6 268.599 003005000019010001 185.241 003005000019010019
6 185.241 003005000019010019 71.8903 042000000034038007
6 71.8903 042000000034038007 2365.1 055004001037015022
6 2365.1 055004001037015022 280.471 055004001037015038
6 280.471 055004001037015038 71.8903 042000000034038007
6 71.8903 042000000034038007 907.659 055004000048011009
6 907.659 055004000048011009 907.659 055004000048011009
6 907.659 055004000048011009 71.8903 042000000034038007
6 71.8903 042000000034038007 5373.39 055002002045044007
6 5373.39 055002002045044007 776.062 055002002045044034
6 776.062 055002002045044034 71.8903 042000000034038007
6 71.8903 042000000034038007 558.704 017002001005010007
6 558.704 017002001005010007 347.206 011002001005010007
6 347.206 011002001005010007 71.8903 042000000034038007
6 71.8903 042000000034038007 95488.9 055002002019044031
6 95488.9 055002002019044031 32747.9 055002002011044031
6 32747.9 055002002011044031 71.8903 042000000034038007
6 71.8903 042000000034038007 1403.1115 029000001034015023
6 1403.1115 029000001034015023 1403.1115 029000001034015023
6 1403.1115 029000001034015023 71.8903 042000000034038007
6 71.8903 042000000034038007 496.354 002004001037010007
6 496.354 002004001037010007 345.223 002001001037010007
6 345.223 002001001037010007 71.8903 042000000034038007
6 71.8903 042000000034038007 2291.59 017002000037015016
6 2291.59 017002000037015016 539.406 017002001037015016
6 539.406 017002001037015016 71.8903 042000000034038007
6 71.8903 042000000034038007 1507770.0 026000001001015023
6 1507770.0 026000001001015023 302.78 026000001001024023
6 302.78 026000001001024023 71.8903 042000000034038007
6 71.8903 042000000034038007 113326.0 002005000005043016
6 113326.0 002005000005043016 29830.4 002005002005043016
6 29830.4 002005002005043016 71.8903 042000000034038007
6 71.8903 042000000034038007 186.68509999999998 039004000036038013
6 186.68509999999998 039004000036038013 186.68509999999998 039004000036038013
6 186.68509999999998 039004000036038013 71.8903 042000000034038007
6 71.8903 042000000034038007 1415.67 042005001048011007
6 1415.67 042005001048011007 603.301 042005001048011036
6 603.301 042005001048011036 186.68509999999998 039004000036038013
6 186.68509999999998 039004000036038013 730.197 026000000036044023
6 730.197 026000000036044023 256.77 026005000036044023
6 256.77 026005000036044023 186.68509999999998 039004000036038013
6 186.68509999999998 039004000036038013 417.5265 026000000034043007
6 417.5265 026000000034043007 417.5265 026000000034043007
6 417.5265 026000000034043007 186.68509999999998 039004000036038013
6 186.68509999999998 039004000036038013 1848.14 055000000034038023
6 1848.14 055000000034038023 200.295 055000000049038023
6 200.295 055000000049038023 186.68509999999998 039004000036038013
6 186.68509999999998 039004000036038013 19187.6 002004001043025016
6 19187.6 002004001043025016 15104.0 002004001007025016
6 15104.0 002004001007025016 186.68509999999998 039004000036038013
6 186.68509999999998 039004000036038013 329.504 002000002026043023
6 329.504 002000002026043023 319.83 046000002026043023
6 319.83 046000002026043023 186.68509999999998 039004000036038013
6 186.68509999999998 039004000036038013 34800.2 010005002049010021
6 34800.2 010005002049010021 498.419 010005002049022021
6 498.419 010005002049022021 186.68509999999998 039004000036038013
6 186.68509999999998 039004000036038013 11360.0 039004001048043013
6 11360.0 039004001048043013 120.854 039004000048043013
6 120.854 039004000048043013 186.68509999999998 039004000036038013
6 186.68509999999998 039004000036038013 18557.9 011002002047043019
6 18557.9 011002002047043019 185.368 011002000047043019
6 185.368 011002000047043019 186.68509999999998 039004000036038013
6 186.68509999999998 039004000036038013 1011.19 067000002005047023
6 1011.19 067000002005047023 854.01 067000002005019023
6 854.01 067000002005019023 186.68509999999998 039004000036038013
6 186.68509999999998 039004000036038013 5550.08 067002002034031023
6 5550.08 067002002034031023 4375.42 067002002015031023
6 4375.42 067002002015031023 186.68509999999998 039004000036038013
6 186.68509999999998 039004000036038013 9218.12 067004002001038021
6 9218.12 067004002001038021 6536.52 067005002001038021
6 6536.52 067005002001038021 186.68509999999998 039004000036038013
6 186.68509999999998 039004000036038013 393.155 026005000005023021
6 393.155 026005000005023021 393.155 026005000005023021
6 393.155 026005000005023021 186.68509999999998 039004000036038013
6 186.68509999999998 039004000036038013 1118.3825 003004000043038007
6 1118.3825 003004000043038007 1118.3825 003004000043038007
6 1118.3825 003004000043038007 186.68509999999998 039004000036038013
6 186.68509999999998 039004000036038013 279.309 010005002005042021
6 279.309 010005002005042021 99.5772 010003002005042021
6 99.5772 010003002005042021 186.68509999999998 039004000036038013
6 186.68509999999998 039004000036038013 41934.8 042000002043043013
6 41934.8 042000002043043013 31178.5 040000002043043013
6 31178.5 040000002043043013 186.68509999999998 039004000036038013
6 186.68509999999998 039004000036038013 35459.4 010005002036043013
6 35459.4 010005002036043013 1846.19 010005001036043013
6 1846.19 010005001036043013 186.68509999999998 039004000036038013
6 186.68509999999998 039004000036038013 22554.8 055004000017015013
6 22554.8 055004000017015013 221.104 055004000017015038
6 221.104 055004000017015038 186.68509999999998 039004000036038013
6 186.68509999999998 039004000036038013 560.832 029004000047043007
6 560.832 029004000047043007 487.005 029001000047043007
6 487.005 029001000047043007 186.68509999999998 039004000036038013
6 186.68509999999998 039004000036038013 14539.5 026000000034015007
6 14539.5 026000000034015007 14539.5 026000000034015007
6 14539.5 026000000034015007 186.68509999999998 039004000036038013
6 186.68509999999998 039004000036038013 517.925 029004001026038031
6 517.925 029004001026038031 186.68509999999998 039004000036038013
6 186.68509999999998 039004000036038013 71.8903 042000000034038007
6 71.8903 042000000034038007 397.798 039004002005043021
6 397.798 039004002005043021 345.461 039004000005043021
6 345.461 039004000005043021 186.68509999999998 039004000036038013
6 186.68509999999998 039004000036038013 213.534 042000000016042021
6 213.534 042000000016042021 186.68509999999998 039004000036038013
6 186.68509999999998 039004000036038013 71.8903 042000000034038007
6 71.8903 042000000034038007 5069.56 010000000047042023
6 5069.56 010000000047042023 504.035 010000001047042023
6 504.035 010000001047042023 186.68509999999998 039004000036038013
6 186.68509999999998 039004000036038013 1930.47 010005000042043015
6 1930.47 010005000042043015 649.915 010005000009043015
6 649.915 010005000009043015 186.68509999999998 039004000036038013
6 186.68509999999998 039004000036038013 14507.4 055005001048043021
6 14507.4 055005001048043021 1048.13 055005002048043021
6 1048.13 055005002048043021 186.68509999999998 039004000036038013
6 186.68509999999998 039004000036038013 240.46 010000001022015038
6 240.46 010000001022015038 160.599 073000001022015038
6 160.599 073000001022015038 186.68509999999998 039004000036038013
6 186.68509999999998 039004000036038013 681.27 067000002022042019
6 681.27 067000002022042019 477.259 067000002022044019
6 477.259 067000002022044019 186.68509999999998 039004000036038013
6 186.68509999999998 039004000036038013 4357.44 067000001022043003
6 4357.44 067000001022043003 710.781 067000001022043029
6 710.781 067000001022043029 186.68509999999998 039004000036038013
6 186.68509999999998 039004000036038013 497230000.0 022001000034010007
6 497230000.0 022001000034010007 6361.47 065001000034010007
6 6361.47 065001000034010007 186.68509999999998 039004000036038013
6 186.68509999999998 039004000036038013 95.0347 011002000036031021
6 95.0347 011002000036031021 186.68509999999998 039004000036038013
6 186.68509999999998 039004000036038013 71.8903 042000000034038007
6 71.8903 042000000034038007 16793.1313 003001002045010021
6 16793.1313 003001002045010021 16793.1313 003001002045010021
6 16793.1313 003001002045010021 186.68509999999998 039004000036038013
6 186.68509999999998 039004000036038013 47736.7 039004002005015016
6 47736.7 039004002005015016 18758.3 039004001005015016
6 18758.3 039004001005015016 16793.1313 003001002045010021
6 16793.1313 003001002045010021 78392.7 068000000022015016
6 78392.7 068000000022015016 2015.95 068000000020015016
6 2015.95 068000000020015016 16793.1313 003001002045010021
6 16793.1313 003001002045010021 3556.75 010000000005042021
6 3556.75 010000000005042021 377.195 010000000014042021
6 377.195 010000000014042021 16793.1313 003001002045010021
6 16793.1313 003001002045010021 1649.84 055000001043015013
6 1649.84 055000001043015013 593.933 024000001043015013
6 593.933 024000001043015013 16793.1313 003001002045010021
6 16793.1313 003001002045010021 383.884 055004000049015015
6 383.884 055004000049015015 16793.1313 003001002045010021
6 16793.1313 003001002045010021 186.68509999999998 039004000036038013
6 186.68509999999998 039004000036038013 191.24 046002000005042015
6 191.24 046002000005042015 16793.1313 003001002045010021
6 16793.1313 003001002045010021 186.68509999999998 039004000036038013
6 186.68509999999998 039004000036038013 572.597 029004000019038013
6 572.597 029004000019038013 572.597 029004000019038013
6 572.597 029004000019038013 16793.1313 003001002045010021
6 16793.1313 003001002045010021 21522.3 029002002036043007
6 21522.3 029002002036043007 7609.04 038002002036043007
6 7609.04 038002002036043007 16793.1313 003001002045010021
6 16793.1313 003001002045010021 248.254 042000000005043030
6 248.254 042000000005043030 184.081 017000000005043030
6 184.081 017000000005043030 16793.1313 003001002045010021
6 16793.1313 003001002045010021 34292.9 011005001034010007
6 34292.9 011005001034010007 133.471 011005001049010007
6 133.471 011005001049010007 16793.1313 003001002045010021
6 16793.1313 003001002045010021 49113.3 039004000045042001
6 49113.3 039004000045042001 950.176 039005000045042001
6 950.176 039005000045042001 16793.1313 003001002045010021
6 16793.1313 003001002045010021 33882.4 017000001005043023
6 33882.4 017000001005043023 686.121 017000001005043004
6 686.121 017000001005043004 16793.1313 003001002045010021
6 16793.1313 003001002045010021 207.62 026002000048043038
6 207.62 026002000048043038 108.66 044002000048043038
6 108.66 044002000048043038 16793.1313 003001002045010021
6 16793.1313 003001002045010021 64814.4 011002000047038038
6 64814.4 011002000047038038 688.706 011002000047038002
6 688.706 011002000047038002 16793.1313 003001002045010021
6 16793.1313 003001002045010021 18745.2 039000001049043023
6 18745.2 039000001049043023 14029.8 039003001049043023
6 14029.8 039003001049043023 16793.1313 003001002045010021
6 16793.1313 003001002045010021 696.94 026003000036043021
6 696.94 026003000036043021 16793.1313 003001002045010021
6 16793.1313 003001002045010021 186.68509999999998 039004000036038013
6 186.68509999999998 039004000036038013 318.298 055002000036042038
6 318.298 055002000036042038 168.934 055002000044042038
6 168.934 055002000044042038 16793.1313 003001002045010021
6 16793.1313 003001002045010021 51055.6195 039000000048010007
6 51055.6195 039000000048010007 51055.6195 039000000048010007
6 51055.6195 039000000048010007 16793.1313 003001002045010021
6 16793.1313 003001002045010021 481.559 055002000005043021
6 481.559 055002000005043021 283.478 014002000005043021
6 283.478 014002000005043021 16793.1313 003001002045010021
6 16793.1313 003001002045010021 22958600.0 026002002005038015
6 22958600.0 026002002005038015 1246.31 026002001005038015
6 1246.31 026002001005038015 16793.1313 003001002045010021
6 16793.1313 003001002045010021 53886.2 022000000001042015
6 53886.2 022000000001042015 17386.1 022000002001042015
6 17386.1 022000002001042015 16793.1313 003001002045010021
6 16793.1313 003001002045010021 23978.0 055004001034042023
6 23978.0 055004001034042023 698.724 055004001034042027
6 698.724 055004001034042027 16793.1313 003001002045010021
6 16793.1313 003001002045010021 32105.4 003002002022010038
6 32105.4 003002002022010038 545.557 003002000022010038
6 545.557 003002000022010038 16793.1313 003001002045010021
6 16793.1313 003001002045010021 18579.274500000003 003004002043043019
6 18579.274500000003 003004002043043019 18579.274500000003 003004002043043019
6 18579.274500000003 003004002043043019 16793.1313 003001002045010021
6 16793.1313 003001002045010021 12604.5 011000001049042023
6 12604.5 011000001049042023 406.254 011002001049042023
6 406.254 011002001049042023 16793.1313 003001002045010021
6 16793.1313 003001002045010021 418.63 044005000026010021
6 418.63 044005000026010021 125.747 004005000026010021
6 125.747 004005000026010021 16793.1313 003001002045010021
6 16793.1313 003001002045010021 849.93325 026004000005038021
6 849.93325 026004000005038021 849.93325 026004000005038021
6 849.93325 026004000005038021 16793.1313 003001002045010021
6 16793.1313 003001002045010021 44709.8 011004000048015013
6 44709.8 011004000048015013 312.919 030004000048015013
6 312.919 030004000048015013 16793.1313 003001002045010021
6 16793.1313 003001002045010021 92.8307 010004000049043021
6 92.8307 010004000049043021 16793.1313 003001002045010021
6 16793.1313 003001002045010021 186.68509999999998 039004000036038013
6 186.68509999999998 039004000036038013 633.323 003000000037043013
6 633.323 003000000037043013 485.75 003000000037045013
6 485.75 003000000037045013 16793.1313 003001002045010021
6 16793.1313 003001002045010021 2031.9 039005000036024023
6 2031.9 039005000036024023 16793.1313 003001002045010021
6 16793.1313 003001002045010021 186.68509999999998 039004000036038013
6 186.68509999999998 039004000036038013 15810.8 046002001044043030
6 15810.8 046002001044043030 3127.71 046003001044043030
6 3127.71 046003001044043030 16793.1313 003001002045010021
6 16793.1313 003001002045010021 15222.0 042005000005042007
6 15222.0 042005000005042007 651.211 057005000005042007
6 651.211 057005000005042007 16793.1313 003001002045010021
6 16793.1313 003001002045010021 1814.01 042002000044038019
6 1814.01 042002000044038019 606.476 042002000036038019
6 606.476 042002000036038019 16793.1313 003001002045010021
6 16793.1313 003001002045010021 655.122 003000000005010007
6 655.122 003000000005010007 357.309 003000002005010007
6 357.309 003000002005010007 16793.1313 003001002045010021
6 16793.1313 003001002045010021 1824.93 017004000005043007
6 1824.93 017004000005043007 402.515 017004000043043007
6 402.515 017004000043043007 16793.1313 003001002045010021
6 16793.1313 003001002045010021 219.991 011005002049038013
6 219.991 011005002049038013 95.9805 011005002049028013
6 95.9805 011005002049028013 16793.1313 003001002045010021
6 16793.1313 003001002045010021 295.994 046005000005028038
6 295.994 046005000005028038 295.994 046005000005028038
6 295.994 046005000005028038 16793.1313 003001002045010021
6 16793.1313 003001002045010021 24827.6 030001002022025038
6 24827.6 030001002022025038 16111.9 022001002022025038
6 16111.9 022001002022025038 16793.1313 003001002045010021
6 16793.1313 003001002045010021 28594.6 010004000005043023
6 28594.6 010004000005043023 259.665 010004000040043023
6 259.665 010004000040043023 16793.1313 003001002045010021
6 16793.1313 003001002045010021 405.417 055000000049038015
6 405.417 055000000049038015 16793.1313 003001002045010021
6 16793.1313 003001002045010021 186.68509999999998 039004000036038013
6 186.68509999999998 039004000036038013 12625.215 055002000042042021
6 12625.215 055002000042042021 12625.215 055002000042042021
6 12625.215 055002000042042021 16793.1313 003001002045010021
6 16793.1313 003001002045010021 1895.45 055004000048028007
6 1895.45 055004000048028007 335.141 055004000048022007
6 335.141 055004000048022007 16793.1313 003001002045010021
6 16793.1313 003001002045010021 78177.0 010004000005010007
6 78177.0 010004000005010007 17729.9 010005000005010007
6 17729.9 010005000005010007 16793.1313 003001002045010021
6 16793.1313 003001002045010021 291.725 073005000001011030
6 291.725 073005000001011030 194.589 040005000001011030
6 194.589 040005000001011030 16793.1313 003001002045010021
6 16793.1313 003001002045010021 624.385 026000001048043019
6 624.385 026000001048043019 384.206 026005001048043019
6 384.206 026005001048043019 16793.1313 003001002045010021
6 16793.1313 003001002045010021 759.998 073001000050011021
6 759.998 073001000050011021 16793.1313 003001002045010021
6 16793.1313 003001002045010021 186.68509999999998 039004000036038013
6 186.68509999999998 039004000036038013 26446.1555 010002000026044021
6 26446.1555 010002000026044021 26446.1555 010002000026044021
6 26446.1555 010002000026044021 16793.1313 003001002045010021
6 16793.1313 003001002045010021 354.296 026000000049011003
6 354.296 026000000049011003 106.262 026000000009011003
6 106.262 026000000009011003 16793.1313 003001002045010021
6 16793.1313 003001002045010021 357.747 042002000026043007
6 357.747 042002000026043007 282.093 042002000022043007
6 282.093 042002000022043007 16793.1313 003001002045010021
6 16793.1313 003001002045010021 80547.9 010002000049031038
6 80547.9 010002000049031038 23102.5 010002002049031038
6 23102.5 010002002049031038 16793.1313 003001002045010021
6 16793.1313 003001002045010021 334.004 055000000049031038
6 334.004 055000000049031038 218.537 055000000049027038
6 218.537 055000000049027038 16793.1313 003001002045010021
6 16793.1313 003001002045010021 38340.3 055002002019028038
6 38340.3 055002002019028038 1189.14 091002002019028038
6 1189.14 091002002019028038 16793.1313 003001002045010021
6 16793.1313 003001002045010021 417.482 010000000005043021
6 417.482 010000000005043021 295.183 010000000005023021
6 295.183 010000000005023021 16793.1313 003001002045010021
6 16793.1313 003001002045010021 42351.9 039005000043043003
6 42351.9 039005000043043003 588.204 039005000043043018
6 588.204 039005000043043018 16793.1313 003001002045010021
6 16793.1313 003001002045010021 13270.1 010005001026042001
6 13270.1 010005001026042001 574.526 010005001026042008
6 574.526 010005001026042008 16793.1313 003001002045010021
6 16793.1313 003001002045010021 3981.47 055005002049015023
6 3981.47 055005002049015023 1131.5 055000002049015023
6 1131.5 055000002049015023 16793.1313 003001002045010021
6 16793.1313 003001002045010021 31965.2 055000000005043030
6 31965.2 055000000005043030 616.382 055000000036043030
6 616.382 055000000036043030 16793.1313 003001002045010021
6 16793.1313 003001002045010021 849.93325 026004000005038021
6 849.93325 026004000005038021 849.93325 026004000005038021
6 849.93325 026004000005038021 16793.1313 003001002045010021
6 16793.1313 003001002045010021 1805.92 055004000042043021
6 1805.92 055004000042043021 190.555 021004000042043021
6 190.555 021004000042043021 16793.1313 003001002045010021
6 16793.1313 003001002045010021 10708.599999999999 055000002036028021
6 10708.599999999999 055000002036028021 10708.599999999999 055000002036028021
6 10708.599999999999 055000002036028021 16793.1313 003001002045010021
6 16793.1313 003001002045010021 135346.0 026002000005015001
6 135346.0 026002000005015001 3233.18 099002000005015001
6 3233.18 099002000005015001 16793.1313 003001002045010021
6 16793.1313 003001002045010021 11198.1 042005000005015023
6 11198.1 042005000005015023 829.192 042005000005004023
6 829.192 042005000005004023 16793.1313 003001002045010021
6 16793.1313 003001002045010021 15836.4 011005002036042013
6 15836.4 011005002036042013 2050.22 011005002036017013
6 2050.22 011005002036017013 16793.1313 003001002045010021
6 16793.1313 003001002045010021 441.796 067002000049011021
6 441.796 067002000049011021 230.615 067002000049011025
6 230.615 067002000049011025 16793.1313 003001002045010021
6 16793.1313 003001002045010021 55528.1 042002000036010021
6 55528.1 042002000036010021 3911.13 030002000036010021
6 3911.13 030002000036010021 16793.1313 003001002045010021
6 16793.1313 003001002045010021 747.54 003004000048042007
6 747.54 003004000048042007 16793.1313 003001002045010021
6 16793.1313 003001002045010021 186.68509999999998 039004000036038013
6 186.68509999999998 039004000036038013 30355.9 022005000005015021
6 30355.9 022005000005015021 1622.73 022005000011015021
6 1622.73 022005000011015021 16793.1313 003001002045010021
6 16793.1313 003001002045010021 1947.73 055002000005043038
6 1947.73 055002000005043038 363.81 055002000005030038
6 363.81 055002000005030038 16793.1313 003001002045010021
6 16793.1313 003001002045010021 47820.2 011004000050011013
6 47820.2 011004000050011013 591.741 011004000004011013
6 591.741 011004000004011013 16793.1313 003001002045010021
6 16793.1313 003001002045010021 430.578 026000000043038021
6 430.578 026000000043038021 421.455 026000000043038013
6 421.455 026000000043038013 16793.1313 003001002045010021
6 16793.1313 003001002045010021 546.288 011001000009031038
6 546.288 011001000009031038 403.046 011001000009031035
6 403.046 011001000009031035 16793.1313 003001002045010021
6 16793.1313 003001002045010021 1813.46 046000000036031038
6 1813.46 046000000036031038 268.867 046000001036031038
6 268.867 046000001036031038 16793.1313 003001002045010021
6 16793.1313 003001002045010021 1358.4485 011005000050043030
6 1358.4485 011005000050043030 1358.4485 011005000050043030
6 1358.4485 011005000050043030 16793.1313 003001002045010021
6 16793.1313 003001002045010021 423.551 017005002019038038
6 423.551 017005002019038038 33.834 095005002019038038
6 33.834 095005002019038038 16793.1313 003001002045010021
6 16793.1313 003001002045010021 33900.4 042002000019042007
6 33900.4 042002000019042007 12210.6 042002002019042007
6 12210.6 042002002019042007 33.834 095005002019038038
6 33.834 095005002019038038 16413.7 026005002048042013
6 16413.7 026005002048042013 972.639 026005002026042013
6 972.639 026005002026042013 33.834 095005002019038038
6 33.834 095005002019038038 267.339 055000000048043038
6 267.339 055000000048043038 211.797 055000000004043038
6 211.797 055000000004043038 33.834 095005002019038038
6 33.834 095005002019038038 450.28 039005002005042038
6 450.28 039005002005042038 347.326 090005002005042038
6 347.326 090005002005042038 33.834 095005002019038038
6 33.834 095005002019038038 43480.2 042004000036042038
6 43480.2 042004000036042038 456.824 042001000036042038
6 456.824 042001000036042038 33.834 095005002019038038
6 33.834 095005002019038038 19360.8 046000000005043007
6 19360.8 046000000005043007 280.817 046000000034043007
6 280.817 046000000034043007 33.834 095005002019038038
6 33.834 095005002019038038 3411.11 010005000048011021
6 3411.11 010005000048011021 435.417 010005000017011021
6 435.417 010005000017011021 33.834 095005002019038038
6 33.834 095005002019038038 301.547 073005000049010038
6 301.547 073005000049010038 33.834 095005002019038038
6 33.834 095005002019038038 16793.1313 003001002045010021
6 16793.1313 003001002045010021 54402.7 040000000048044038
6 54402.7 040000000048044038 521.82 093000000048044038
6 521.82 093000000048044038 33.834 095005002019038038
6 33.834 095005002019038038 9375.941499999999 021000000049043013
6 9375.941499999999 021000000049043013 9375.941499999999 021000000049043013
6 9375.941499999999 021000000049043013 33.834 095005002019038038
6 33.834 095005002019038038 2040.36 046000002005038021
6 2040.36 046000002005038021 564.114 037000002005038021
6 564.114 037000002005038021 33.834 095005002019038038
6 33.834 095005002019038038 505.987 067005002049043025
6 505.987 067005002049043025 357.717 067005002049046025
6 357.717 067005002049046025 33.834 095005002019038038
6 33.834 095005002019038038 386.837 010005000043042038
6 386.837 010005000043042038 377.039 010001000043042038
6 377.039 010001000043042038 33.834 095005002019038038
6 33.834 095005002019038038 10640.7 017000000050038007
6 10640.7 017000000050038007 10640.7 017000000050038007
6 10640.7 017000000050038007 33.834 095005002019038038
6 33.834 095005002019038038 531.403 039002000049031015
6 531.403 039002000049031015 329.543 054002000049031015
6 329.543 054002000049031015 33.834 095005002019038038
6 33.834 095005002019038038 53265.9 055000000022043038
6 53265.9 055000000022043038 1756.89 055000000022037038
6 1756.89 055000000022037038 33.834 095005002019038038
6 33.834 095005002019038038 1783.54 039002000043025016
6 1783.54 039002000043025016 342.975 039002000043025034
6 342.975 039002000043025034 33.834 095005002019038038
6 33.834 095005002019038038 448.931 010000000036038030
6 448.931 010000000036038030 437.252 010000000026038030
6 437.252 010000000026038030 33.834 095005002019038038
6 33.834 095005002019038038 505.746 039002000026042038
6 505.746 039002000026042038 293.247 043002000026042038
6 293.247 043002000026042038 33.834 095005002019038038
6 33.834 095005002019038038 375.029 095005000048010021
6 375.029 095005000048010021 33.834 095005002019038038
6 33.834 095005002019038038 16793.1313 003001002045010021
6 16793.1313 003001002045010021 599.7755 046000001049025025
6 599.7755 046000001049025025 599.7755 046000001049025025
6 599.7755 046000001049025025 33.834 095005002019038038
6 33.834 095005002019038038 146537.0 042000000048043038
6 146537.0 042000000048043038 192.713 067000000048043038
6 192.713 067000000048043038 33.834 095005002019038038
6 33.834 095005002019038038 15147.8 073004000040038007
6 15147.8 073004000040038007 263.643 073004000040034007
6 263.643 073004000040034007 33.834 095005002019038038
6 33.834 095005002019038038 253.548 046004000049028038
6 253.548 046004000049028038 33.834 095005002019038038
6 33.834 095005002019038038 16793.1313 003001002045010021
6 16793.1313 003001002045010021 246.184 029000000036011038
6 246.184 029000000036011038 188.952 065000000036011038
6 188.952 065000000036011038 33.834 095005002019038038
6 33.834 095005002019038038 2115.79 039002002048011009
6 2115.79 039002002048011009 367.078 039002002048011044
6 367.078 039002002048011044 33.834 095005002019038038
6 33.834 095005002019038038 642.885 003004000036043038
6 642.885 003004000036043038 586.138 003004000036041038
6 586.138 003004000036041038 33.834 095005002019038038
6 33.834 095005002019038038 17359.1 067000001036011030
6 17359.1 067000001036011030 4625.87 067002001036011030
6 4625.87 067002001036011030 33.834 095005002019038038
6 33.834 095005002019038038 225.354 011005000042043038
6 225.354 011005000042043038 60.3258 042005000042043038
6 60.3258 042005000042043038 33.834 095005002019038038
6 33.834 095005002019038038 434.047 003004000048043038
6 434.047 003004000048043038 283.584 003004000016043038
6 283.584 003004000016043038 33.834 095005002019038038
6 33.834 095005002019038038 26434.0 017005000005028013
6 26434.0 017005000005028013 302.498 017005001005028013
6 302.498 017005001005028013 33.834 095005002019038038
6 33.834 095005002019038038 2143.7 011000000049042007
6 2143.7 011000000049042007 477.76 011000000049042018
6 477.76 011000000049042018 33.834 095005002019038038
6 33.834 095005002019038038 3817.19 095004002048043019
6 3817.19 095004002048043019 2414.51 095004002044043019
6 2414.51 095004002044043019 33.834 095005002019038038
6 33.834 095005002019038038 452.24 039002000036010038
6 452.24 039002000036010038 340.304 039002000004010038
6 340.304 039002000004010038 33.834 095005002019038038
6 33.834 095005002019038038 323.588 011005000036043030
6 323.588 011005000036043030 33.834 095005002019038038
6 33.834 095005002019038038 16793.1313 003001002045010021
6 16793.1313 003001002045010021 19043.9 039000000022043021
6 19043.9 039000000022043021 327.567 039000000046043021
6 327.567 039000000046043021 33.834 095005002019038038
6 33.834 095005002019038038 54858.6 039005000005043038
6 54858.6 039005000005043038 658.918 057005000005043038
6 658.918 057005000005043038 33.834 095005002019038038
6 33.834 095005002019038038 890.3455 055004000042043038
6 890.3455 055004000042043038 890.3455 055004000042043038
6 890.3455 055004000042043038 33.834 095005002019038038
6 33.834 095005002019038038 27950.2 011003000034015038
6 27950.2 011003000034015038 408.552 011003000040015038
6 408.552 011003000040015038 33.834 095005002019038038
6 33.834 095005002019038038 586.215 039004002048011038
6 586.215 039004002048011038 112.934 039004002048036038
6 112.934 039004002048036038 33.834 095005002019038038
6 33.834 095005002019038038 432.447 026000002016042021
6 432.447 026000002016042021 432.447 026000002016042021
6 432.447 026000002016042021 33.834 095005002019038038
6 33.834 095005002019038038 37813.9 026002000042015021
6 37813.9 026002000042015021 35578.4 026002000005015021
6 35578.4 026002000005015021 33.834 095005002019038038
6 33.834 095005002019038038 186.058 010005000048038038
6 186.058 010005000048038038 102.54 010005000048038030
6 102.54 010005000048038030 33.834 095005002019038038
6 33.834 095005002019038038 539.066 042004002016043038
6 539.066 042004002016043038 360.081 099004002016043038
6 360.081 099004002016043038 33.834 095005002019038038
7 33.834 095005002019038038 266.134 014005000029015018
7 266.134 014005000029015018 115.466 014005000029015022
7 115.466 014005000029015022 140.919 005000002014048024
7 140.919 005000002014048024 1835570000.0 067006001000024017
7 1835570000.0 067006001000024017 1498990000.0 067006001000040017
7 1498990000.0 067006001000040017 115.466 014005000029015022
7 115.466 014005000029015022 210.105 008005001035011000
7 210.105 008005001035011000 144.926 018005001035011000
7 144.926 018005001035011000 115.466 014005000029015022
7 115.466 014005000029015022 652.001 018005001048015000
7 652.001 018005001048015000 256.353 018000001048015000
7 256.353 018000001048015000 115.466 014005000029015022
7 115.466 014005000029015022 14994.8 037004001000013014
7 14994.8 037004001000013014 7664.96 037002001000013014
7 7664.96 037002001000013014 115.466 014005000029015022
7 115.466 014005000029015022 44894400.0 056001002035043007
7 44894400.0 056001002035043007 6452.05 062001002035043007
7 6452.05 062001002035043007 115.466 014005000029015022
7 115.466 014005000029015022 45740.2 020005001021005001
7 45740.2 020005001021005001 1008.19 020005001014005001
7 1008.19 020005001014005001 115.466 014005000029015022
7 115.466 014005000029015022 467.326 005001001003013019
7 467.326 005001001003013019 157.127 005000001003013019
7 157.127 005000001003013019 115.466 014005000029015022
7 115.466 014005000029015022 4645.19 062005001007020012
7 4645.19 062005001007020012 613.779 062004001007020012
7 613.779 062004001007020012 115.466 014005000029015022
7 115.466 014005000029015022 26326.85 020005000040043000
7 26326.85 020005000040043000 26326.85 020005000040043000
7 26326.85 020005000040043000 115.466 014005000029015022
7 115.466 014005000029015022 10470.49 053004002035002000
7 10470.49 053004002035002000 10470.49 053004002035002000
7 10470.49 053004002035002000 115.466 014005000029015022
7 115.466 014005000029015022 373.007 011001001020017014
7 373.007 011001001020017014 292.858 011001001012017014
7 292.858 011001001012017014 115.466 014005000029015022
7 115.466 014005000029015022 298.685 020005001036013045
7 298.685 020005001036013045 199.133 069005001036013045
7 199.133 069005001036013045 115.466 014005000029015022
7 115.466 014005000029015022 266.559 005004000032018014
7 266.559 005004000032018014 226.688 005004000032025014
7 226.688 005004000032025014 115.466 014005000029015022
7 115.466 014005000029015022 205.953 011004001011018012
7 205.953 011004001011018012 129.568 011004001011018018
7 129.568 011004001011018018 115.466 014005000029015022
7 115.466 014005000029015022 53799.2 028005002002013012
7 53799.2 028005002002013012 3302.38 028005002027013012
7 3302.38 028005002027013012 115.466 014005000029015022
7 115.466 014005000029015022 3108.49 037005001036012012
7 3108.49 037005001036012012 2571.25 037005001036012009
7 2571.25 037005001036012009 115.466 014005000029015022
7 115.466 014005000029015022 2014.4 028002001014041022
7 2014.4 028002001014041022 316.692 028001001014041022
7 316.692 028001001014041022 115.466 014005000029015022
7 115.466 014005000029015022 282.323 014000000007013015
7 282.323 014000000007013015 154.109 047000000007013015
7 154.109 047000000007013015 115.466 014005000029015022
7 115.466 014005000029015022 1844.76 018000001014037015
7 1844.76 018000001014037015 683.062 018000001010037015
7 683.062 018000001010037015 115.466 014005000029015022
7 115.466 014005000029015022 734259000.0 061002001014018014
7 734259000.0 061002001014018014 308.668 061002001014014014
7 308.668 061002001014014014 115.466 014005000029015022
7 115.466 014005000029015022 33577.4 053005001032037014
7 33577.4 053005001032037014 980.935 020005001032037014
7 980.935 020005001032037014 115.466 014005000029015022
7 115.466 014005000029015022 7465.28 061005001014012014
7 7465.28 061005001014012014 778.288 023005001014012014
7 778.288 023005001014012014 115.466 014005000029015022
7 115.466 014005000029015022 1493.95 037005002007015022
7 1493.95 037005002007015022 390.512 037005002033015022
7 390.512 037005002033015022 115.466 014005000029015022
7 115.466 014005000029015022 2998.2309999999998 062002001014037000
7 2998.2309999999998 062002001014037000 2998.2309999999998 062002001014037000
7 2998.2309999999998 062002001014037000 115.466 014005000029015022
7 115.466 014005000029015022 9935.1 011005001020015014
7 9935.1 011005001020015014 310.313 011005002020015014
7 310.313 011005002020015014 115.466 014005000029015022
7 115.466 014005000029015022 2097.81 061005000029008001
7 2097.81 061005000029008001 475.396 061005000015008001
7 475.396 061005000015008001 115.466 014005000029015022
7 115.466 014005000029015022 481.357 061005001037018024
7 481.357 061005001037018024 456.558 061005001037018030
7 456.558 061005001037018030 115.466 014005000029015022
7 115.466 014005000029015022 10430.597000000002 062005000036017017
7 10430.597000000002 062005000036017017 10430.597000000002 062005000036017017
7 10430.597000000002 062005000036017017 115.466 014005000029015022
7 115.466 014005000029015022 267.597 008005001015012018
7 267.597 008005001015012018 153.586 008005001015012026
7 153.586 008005001015012026 115.466 014005000029015022
7 115.466 014005000029015022 91752300.0 062000001032015012
7 91752300.0 062000001032015012 35952.7 078000001032015012
7 35952.7 078000001032015012 115.466 014005000029015022
7 115.466 014005000029015022 530.879 056001001014041045
7 530.879 056001001014041045 246.749 056001000014041045
7 246.749 056001000014041045 115.466 014005000029015022
7 115.466 014005000029015022 319.047 061000000020025045
7 319.047 061000000020025045 253.448 017000000020025045
7 253.448 017000000020025045 115.466 014005000029015022
7 115.466 014005000029015022 37356.8 014005001014013000
7 37356.8 014005001014013000 13466.2 014005001014015000
7 13466.2 014005001014015000 115.466 014005000029015022
7 115.466 014005000029015022 2918.99 017002000014011014
7 2918.99 017002000014011014 338.893 017004000014011014
7 338.893 017004000014011014 115.466 014005000029015022
7 115.466 014005000029015022 26784.3 069004001036013000
7 26784.3 069004001036013000 18738.7 039004001036013000
7 18738.7 039004001036013000 115.466 014005000029015022
7 115.466 014005000029015022 464.374 002000000014017022
7 464.374 002000000014017022 464.374 002000000014017022
7 464.374 002000000014017022 115.466 014005000029015022
7 115.466 014005000029015022 8100.6 061004001001013015
7 8100.6 061004001001013015 4548.57 061004001027013015
7 4548.57 061004001027013015 115.466 014005000029015022
7 115.466 014005000029015022 807.137 020000001011013022
7 807.137 020000001011013022 192.366 020000001011013034
7 192.366 020000001011013034 115.466 014005000029015022
7 115.466 014005000029015022 1985.38 011005001020013022
7 1985.38 011005001020013022 148.735 011005001020028022
7 148.735 011005001020028022 115.466 014005000029015022
7 115.466 014005000029015022 3039.54 061004001012037005
7 3039.54 061004001012037005 115.466 014005000029015022
7 115.466 014005000029015022 129.568 011004001011018018
7 129.568 011004001011018018 38135.0 005001001036013012
7 38135.0 005001001036013012 567.625 005001001036013033
7 567.625 005001001036013033 115.466 014005000029015022
7 115.466 014005000029015022 166244000.0 061004001007011026
7 166244000.0 061004001007011026 378.9 004004001007011026
7 378.9 004004001007011026 115.466 014005000029015022
7 115.466 014005000029015022 412.362 014001001015008022
7 412.362 014001001015008022 366.588 021001001015008022
7 366.588 021001001015008022 115.466 014005000029015022
7 115.466 014005000029015022 513467.0 021005002014028009
7 513467.0 021005002014028009 2141.35 021005002014028007
7 2141.35 021005002014028007 115.466 014005000029015022
7 115.466 014005000029015022 564.783 005005000014028001
7 564.783 005005000014028001 207.17 083005000014028001
7 207.17 083005000014028001 115.466 014005000029015022
7 115.466 014005000029015022 1808.07 083000001020011045
7 1808.07 083000001020011045 380.564 083000001049011045
7 380.564 083000001049011045 115.466 014005000029015022
7 115.466 014005000029015022 1959.86 061001001014017022
7 1959.86 061001001014017022 115.466 014005000029015022
7 115.466 014005000029015022 129.568 011004001011018018
7 129.568 011004001011018018 1085.001 069001001048019033
7 1085.001 069001001048019033 1085.001 069001001048019033
7 1085.001 069001001048019033 115.466 014005000029015022
7 115.466 014005000029015022 77245.5 083005002036041045
7 77245.5 083005002036041045 344.92 083005002031041045
7 344.92 083005002031041045 115.466 014005000029015022
7 115.466 014005000029015022 747.653 005005000014027015
7 747.653 005005000014027015 454.907 005005002014027015
7 454.907 005005002014027015 115.466 014005000029015022
7 115.466 014005000029015022 517.278 074001002014048034
7 517.278 074001002014048034 62.6738 074001002035048034
7 62.6738 074001002035048034 115.466 014005000029015022
7 115.466 014005000029015022 16012700.0 083001001007015000
7 16012700.0 083001001007015000 4229.21 083001001007035000
7 4229.21 083001001007035000 62.6738 074001002035048034
7 62.6738 074001002035048034 39082.1 065001000003017033
7 39082.1 065001000003017033 564.085 065001000003017040
7 564.085 065001000003017040 62.6738 074001002035048034
7 62.6738 074001002035048034 274.662 002004001011015014
7 274.662 002004001011015014 179.848 002004001029015014
7 179.848 002004001029015014 62.6738 074001002035048034
7 62.6738 074001002035048034 72731.1 005005000029013045
7 72731.1 005005000029013045 33946.4 005005000029013040
7 33946.4 005005000029013040 62.6738 074001002035048034
7 62.6738 074001002035048034 600480.0 014005001011011000
7 600480.0 014005001011011000 447.713 014005001023011000
7 447.713 014005001023011000 62.6738 074001002035048034
7 62.6738 074001002035048034 22152.8 020000001015018034
7 22152.8 020000001015018034 1845.45 020000001030018034
7 1845.45 020000001030018034 62.6738 074001002035048034
7 62.6738 074001002035048034 26424.4 014004001023027022
7 26424.4 014004001023027022 758.578 014004001023043022
7 758.578 014004001023043022 62.6738 074001002035048034
7 62.6738 074001002035048034 7618.47 083004001015015034
7 7618.47 083004001015015034 461.546 083004001017015034
7 461.546 083004001017015034 62.6738 074001002035048034
7 62.6738 074001002035048034 863.909 083004001008041000
7 863.909 083004001008041000 444.218 083004001023041000
7 444.218 083004001023041000 62.6738 074001002035048034
7 62.6738 074001002035048034 739378.0 062001001003028014
7 739378.0 062001001003028014 62.6738 074001002035048034
7 62.6738 074001002035048034 115.466 014005000029015022
7 115.466 014005000029015022 15652.4 005004001031011030
7 15652.4 005004001031011030 13781.0 005004001031011018
7 13781.0 005004001031011018 62.6738 074001002035048034
7 62.6738 074001002035048034 24878.3 011004002037008045
7 24878.3 011004002037008045 676.019 031004002037008045
7 676.019 031004002037008045 62.6738 074001002035048034
7 62.6738 074001002035048034 18429.2 028001001011013015
7 18429.2 028001001011013015 611.508 028000001011013015
7 611.508 028000001011013015 62.6738 074001002035048034
7 62.6738 074001002035048034 399.187 061001001011028034
7 399.187 061001001011028034 150.817 007001001011028034
7 150.817 007001001011028034 62.6738 074001002035048034
7 62.6738 074001002035048034 22487.9 074004002020018024
7 22487.9 074004002020018024 354.345 074004000020018024
7 354.345 074004000020018024 62.6738 074001002035048034
7 62.6738 074001002035048034 788.885 020005001015041014
7 788.885 020005001015041014 784.215 020003001015041014
7 784.215 020003001015041014 62.6738 074001002035048034
7 62.6738 074001002035048034 474.22 069001000035048015
7 474.22 069001000035048015 259.354 069001000035048006
7 259.354 069001000035048006 62.6738 074001002035048034
7 62.6738 074001002035048034 19935.1 069004001014013045
7 19935.1 069004001014013045 1924.07 069002001014013045
7 1924.07 069002001014013045 62.6738 074001002035048034
7 62.6738 074001002035048034 154.896 002004002014041018
7 154.896 002004002014041018 67.1716 002004002014007018
7 67.1716 002004002014007018 62.6738 074001002035048034
7 62.6738 074001002035048034 1857.15 002004000011015014
7 1857.15 002004000011015014 391.026 002004000018015014
7 391.026 002004000018015014 62.6738 074001002035048034
7 62.6738 074001002035048034 217.545 011004000020013014
7 217.545 011004000020013014 62.6738 074001002035048034
7 62.6738 074001002035048034 67.1716 002004002014007018
7 67.1716 002004002014007018 338.111 014005000014048014
7 338.111 014005000014048014 83.9282 034005000014048014
7 83.9282 034005000014048014 62.6738 074001002035048034
7 62.6738 074001002035048034 22247.9 011004001003028034
7 22247.9 011004001003028034 121.068 011004002003028034
7 121.068 011004002003028034 62.6738 074001002035048034
7 62.6738 074001002035048034 1689.68 002005000029013014
7 1689.68 002005000029013014 383.703 041005000029013014
7 383.703 041005000029013014 62.6738 074001002035048034
7 62.6738 074001002035048034 108726.0 061005002029041045
7 108726.0 061005002029041045 774.807 061005002029041033
7 774.807 061005002029041033 62.6738 074001002035048034
7 62.6738 074001002035048034 720.192 008001001020012000
7 720.192 008001001020012000 356.719 008001001020012025
7 356.719 008001001020012025 62.6738 074001002035048034
7 62.6738 074001002035048034 8234.5 069000001035017000
7 8234.5 069000001035017000 62.6738 074001002035048034
7 62.6738 074001002035048034 67.1716 002004002014007018
7 67.1716 002004002014007018 470.27 018001001020007024
7 470.27 018001001020007024 62.6738 074001002035048034
7 62.6738 074001002035048034 67.1716 002004002014007018
7 67.1716 002004002014007018 962.867 008004001014014018
7 962.867 008004001014014018 286.207 008004001014008018
7 286.207 008004001014008018 62.6738 074001002035048034
7 62.6738 074001002035048034 10287.4 056005001014013000
7 10287.4 056005001014013000 414.208 008005001014013000
7 414.208 008005001014013000 62.6738 074001002035048034
7 62.6738 074001002035048034 436.905 014001002014018034
7 436.905 014001002014018034 328.923 014001002014016034
7 328.923 014001002014016034 62.6738 074001002035048034
7 62.6738 074001002035048034 616.233 061005002020048001
7 616.233 061005002020048001 62.6738 074001002035048034
7 62.6738 074001002035048034 67.1716 002004002014007018
7 67.1716 002004002014007018 498.84 002001002015013014
7 498.84 002001002015013014 181.679 002001002015013034
7 181.679 002001002015013034 62.6738 074001002035048034
7 62.6738 074001002035048034 30287.9 034001000011013045
7 30287.9 034001000011013045 1754.07 034001000011021045
7 1754.07 034001000011021045 62.6738 074001002035048034
7 62.6738 074001002035048034 250.862 002004001036041045
7 250.862 002004001036041045 211.97 002004001034041045
7 211.97 002004001034041045 62.6738 074001002035048034
7 62.6738 074001002035048034 504.583 002000000003012022
7 504.583 002000000003012022 398.724 002000000036012022
7 398.724 002000000036012022 62.6738 074001002035048034
7 62.6738 074001002035048034 59181.2 074005002015025045
7 59181.2 074005002015025045 1856.83 074001002015025045
7 1856.83 074001002015025045 62.6738 074001002035048034
7 62.6738 074001002035048034 108644.0 074004002002011045
7 108644.0 074004002002011045 55.3311 074004002033011045
7 55.3311 074004002033011045 62.6738 074001002035048034
7 62.6738 074001002035048034 188.288 008000000003011018
7 188.288 008000000003011018 55.3311 074004002033011045
7 55.3311 074004002033011045 62.6738 074001002035048034
7 62.6738 074001002035048034 8304.6 014005001032048000
7 8304.6 014005001032048000 739.509 014005001032005000
7 739.509 014005001032005000 55.3311 074004002033011045
7 55.3311 074004002033011045 525.692 014001001003025014
7 525.692 014001001003025014 449.697 014001001003049014
7 449.697 014001001003049014 55.3311 074004002033011045
7 55.3311 074004002033011045 4654.9 061004000014011014
7 4654.9 061004000014011014 3959.67 069004000014011014
7 3959.67 069004000014011014 55.3311 074004002033011045
7 55.3311 074004002033011045 369.813 002001001015013034
7 369.813 002001001015013034 166.224 002000001015013034
7 166.224 002000001015013034 55.3311 074004002033011045
7 55.3311 074004002033011045 1938.95 007000000048018014
7 1938.95 007000000048018014 256.729 007000000049018014
7 256.729 007000000049018014 55.3311 074004002033011045
7 55.3311 074004002033011045 469.997 002004001035041022
7 469.997 002004001035041022 267.783 099004001035041022
7 267.783 099004001035041022 55.3311 074004002033011045
7 55.3311 074004002033011045 280.738 005004002036013014
7 280.738 005004002036013014 114.963 005004002008013014
7 114.963 005004002008013014 55.3311 074004002033011045
7 55.3311 074004002033011045 321.72 014004001014007018
7 321.72 014004001014007018 321.72 014004001014007018
7 321.72 014004001014007018 55.3311 074004002033011045
7 55.3311 074004002033011045 31231.7 074000002014048018
7 31231.7 074000002014048018 3912.19 074000002047048018
7 3912.19 074000002047048018 55.3311 074004002033011045
7 55.3311 074004002033011045 340.102 005004000014041014
7 340.102 005004000014041014 134.322 005004000014033014
7 134.322 005004000014033014 55.3311 074004002033011045
7 55.3311 074004002033011045 292.334 002005001035018018
7 292.334 002005001035018018 152.786 002005001035018003
7 152.786 002005001035018003 55.3311 074004002033011045
7 55.3311 074004002033011045 15613.4 099004002032028018
7 15613.4 099004002032028018 3447.29 099004002044028018
7 3447.29 099004002044028018 55.3311 074004002033011045
7 55.3311 074004002033011045 451.907 002004000011011018
7 451.907 002004000011011018 285.069 004004000011011018
7 285.069 004004000011011018 55.3311 074004002033011045
7 55.3311 074004002033011045 342.19 002001002002013034
7 342.19 002001002002013034 267.778 002001002002013037
7 267.778 002001002002013037 55.3311 074004002033011045
7 55.3311 074004002033011045 1726.27 005005001015011033
7 1726.27 005005001015011033 1726.27 005005001015011033
7 1726.27 005005001015011033 55.3311 074004002033011045
7 55.3311 074004002033011045 339.832 002004002011018034
7 339.832 002004002011018034 297.1 002003002011018034
7 297.1 002003002011018034 55.3311 074004002033011045
7 55.3311 074004002033011045 118.403 005005002007011014
7 118.403 005005002007011014 75.2754 005005002007011010
7 75.2754 005005002007011010 55.3311 074004002033011045
7 55.3311 074004002033011045 457.232 011000001020033022
7 457.232 011000001020033022 268.302 011000001020033003
7 268.302 011000001020033003 55.3311 074004002033011045
7 55.3311 074004002033011045 1670850.0 074001002035013034
7 1670850.0 074001002035013034 1020.97 074000002035013034
7 1020.97 074000002035013034 55.3311 074004002033011045
7 55.3311 074004002033011045 409.797 002000000007018000
7 409.797 002000000007018000 122.545 002000000007022000
7 122.545 002000000007022000 55.3311 074004002033011045
7 55.3311 074004002033011045 35.8761 005005002014048045
7 35.8761 005005002014048045 55.3311 074004002033011045
7 55.3311 074004002033011045 62.6738 074001002035048034
7 62.6738 074001002035048034 299.126 002001000020013018
7 299.126 002001000020013018 275.244 002001000020028018
7 275.244 002001000020028018 35.8761 005005002014048045
7 35.8761 005005002014048045 12059.1 002004001015048014
7 12059.1 002004001015048014 212.518 002004002015048014
7 212.518 002004002015048014 35.8761 005005002014048045
7 35.8761 005005002014048045 1719.24 099004002014028045
7 1719.24 099004002014028045 217.81 099004002000028045
7 217.81 099004002000028045 35.8761 005005002014048045
7 35.8761 005005002014048045 383.625 069005000035013018
7 383.625 069005000035013018 336.072 069005000023013018
7 336.072 069005000023013018 35.8761 005005002014048045
7 35.8761 005005002014048045 541.334 005000002014028018
7 541.334 005000002014028018 295.348 002000002014028018
7 295.348 002000002014028018 35.8761 005005002014048045
7 35.8761 005005002014048045 27656.9 034005001029012012
7 27656.9 034005001029012012 600.166 088005001029012012
7 600.166 088005001029012012 35.8761 005005002014048045
7 35.8761 005005002014048045 306.809 002000002003013034
7 306.809 002000002003013034 154.159 002000002008013034
7 154.159 002000002008013034 35.8761 005005002014048045
7 35.8761 005005002014048045 264.208 002004000032019014
7 264.208 002004000032019014 139.348 056004000032019014
7 139.348 056004000032019014 35.8761 005005002014048045
7 35.8761 005005002014048045 446.158 034001002003048034
7 446.158 034001002003048034 287.518 034001001003048034
7 287.518 034001001003048034 35.8761 005005002014048045
7 35.8761 005005002014048045 133.791 018005002020015022
7 133.791 018005002020015022 35.8761 005005002014048045
7 35.8761 005005002014048045 55.3311 074004002033011045
7 55.3311 074004002033011045 12646.6 005000002032011024
7 12646.6 005000002032011024 713.419 015000002032011024
7 713.419 015000002032011024 35.8761 005005002014048045
7 35.8761 005005002014048045 587.406 020005001014011034
7 587.406 020005001014011034 346.253 020005001007011034
7 346.253 020005001007011034 35.8761 005005002014048045
7 35.8761 005005002014048045 50028.4 011000001008013045
7 50028.4 011000001008013045 352.496 074000001008013045
7 352.496 074000001008013045 35.8761 005005002014048045
7 35.8761 005005002014048045 879.287 020004001032015014
7 879.287 020004001032015014 830.125 020004001047015014
7 830.125 020004001047015014 35.8761 005005002014048045
7 35.8761 005005002014048045 533.386 011005001015011000
7 533.386 011005001015011000 383.607 011001001015011000
7 383.607 011001001015011000 35.8761 005005002014048045
7 35.8761 005005002014048045 2294.72 002004001032011003
7 2294.72 002004001032011003 330.033 002004001032018003
7 330.033 002004001032018003 35.8761 005005002014048045
7 35.8761 005005002014048045 1704.55 008001001035041022
7 1704.55 008001001035041022 556.505 008001001035041013
7 556.505 008001001035041013 35.8761 005005002014048045
7 35.8761 005005002014048045 452.338 018004002032013001
7 452.338 018004002032013001 452.338 018004002032013001
7 452.338 018004002032013001 35.8761 005005002014048045
7 35.8761 005005002014048045 10371.3 002004002014048012
7 10371.3 002004002014048012 304.932 002004002014028012
7 304.932 002004002014028012 35.8761 005005002014048045
7 35.8761 005005002014048045 19924.7 083000001015007045
7 19924.7 083000001015007045 2223.93 021000001015007045
7 2223.93 021000001015007045 35.8761 005005002014048045
7 35.8761 005005002014048045 22893.778000000002 002004000007028012
7 22893.778000000002 002004000007028012 22893.778000000002 002004000007028012
7 22893.778000000002 002004000007028012 35.8761 005005002014048045
7 35.8761 005005002014048045 1625.72 011001000000048045
7 1625.72 011001000000048045 667.907 069001000000048045
7 667.907 069001000000048045 35.8761 005005002014048045
7 35.8761 005005002014048045 259910.0 074000001015019022
7 259910.0 074000001015019022 17381.4 074000001032019022
7 17381.4 074000001032019022 35.8761 005005002014048045
7 35.8761 005005002014048045 299834000.0 069000002000041019
7 299834000.0 069000002000041019 26017.0 069000002000044019
7 26017.0 069000002000044019 35.8761 005005002014048045
7 35.8761 005005002014048045 1693.41 002005001007013034
7 1693.41 002005001007013034 242.914 002005001007013016
7 242.914 002005001007013016 35.8761 005005002014048045
7 35.8761 005005002014048045 32882.3 008004000003015022
7 32882.3 008004000003015022 286.604 008004000003015019
7 286.604 008004000003015019 35.8761 005005002014048045
7 35.8761 005005002014048045 14854.7 005004002014015018
7 14854.7 005004002014015018 500.799 005002002014015018
7 500.799 005002002014015018 35.8761 005005002014048045
7 35.8761 005005002014048045 33763.6 069005000049025034
7 33763.6 069005000049025034 72.2746 069005000041025034
7 72.2746 069005000041025034 35.8761 005005002014048045
7 35.8761 005005002014048045 10617.3 069000001007048014
7 10617.3 069000001007048014 1012.4 069004001007048014
7 1012.4 069004001007048014 35.8761 005005002014048045
7 35.8761 005005002014048045 2392.15 018004002034033000
7 2392.15 018004002034033000 790.808 006004002034033000
7 790.808 006004002034033000 35.8761 005005002014048045
7 35.8761 005005002014048045 68000.4 002005001007013045
7 68000.4 002005001007013045 425.604 002005001014013045
7 425.604 002005001014013045 35.8761 005005002014048045
7 35.8761 005005002014048045 408.973 002004001003048026
7 408.973 002004001003048026 213.029 002004001026048026
7 213.029 002004001026048026 35.8761 005005002014048045
7 35.8761 005005002014048045 2109.67 007005002035048016
7 2109.67 007005002035048016 769.405 007005002041048016
7 769.405 007005002041048016 35.8761 005005002014048045
7 35.8761 005005002014048045 3377.74 005004001014041019
7 3377.74 005004001014041019 838.985 005004000014041019
7 838.985 005004000014041019 35.8761 005005002014048045
7 35.8761 005005002014048045 54130.3 002000002002011045
7 54130.3 002000002002011045 52391.2 017000002002011045
7 52391.2 017000002002011045 35.8761 005005002014048045
7 35.8761 005005002014048045 240.95 005000001003048000
7 240.95 005000001003048000 54.2886 005000001003036000
7 54.2886 005000001003036000 35.8761 005005002014048045
7 35.8761 005005002014048045 1267.562 005005002007048015
7 1267.562 005005002007048015 1267.562 005005002007048015
7 1267.562 005005002007048015 35.8761 005005002014048045
7 35.8761 005005002014048045 296.9 005004001020048034
7 296.9 005004001020048034 205.093 073004001020048034
7 205.093 073004001020048034 35.8761 005005002014048045
7 35.8761 005005002014048045 499.186 018004001011048022
7 499.186 018004001011048022 384.748 018004001011022022
7 384.748 018004001011022022 35.8761 005005002014048045
7 35.8761 005005002014048045 1111.1 074000002014011034
7 1111.1 074000002014011034 35.8761 005005002014048045
7 35.8761 005005002014048045 54.2886 005000001003036000
7 54.2886 005000001003036000 16040.2 007004001008011034
7 16040.2 007004001008011034 174.438 007004001008005034
7 174.438 007004001008005034 35.8761 005005002014048045
7 35.8761 005005002014048045 75893.6 002000000014013000
7 75893.6 002000000014013000 37633.9 002004000014013000
7 37633.9 002004000014013000 35.8761 005005002014048045
7 35.8761 005005002014048045 353.523 047004000036028026
7 353.523 047004000036028026 229.626 035004000036028026
7 229.626 035004000036028026 35.8761 005005002014048045
7 35.8761 005005002014048045 1865.93 005005002007028034
7 1865.93 005005002007028034 735.505 005005002007028025
7 735.505 005005002007028025 35.8761 005005002014048045
7 35.8761 005005002014048045 17484.8 005005002014013003
7 17484.8 005005002014013003 211.889 005005002014004003
7 211.889 005005002014004003 35.8761 005005002014048045
7 35.8761 005005002014048045 17300.6 011005001015005000
7 17300.6 011005001015005000 361.793 011005001032005000
7 361.793 011005001032005000 35.8761 005005002014048045
7 35.8761 005005002014048045 26931.3 083005001048015045
7 26931.3 083005001048015045 450.343 083005002048015045
7 450.343 083005002048015045 35.8761 005005002014048045
7 35.8761 005005002014048045 4243.5025000000005 099004002034015034
7 4243.5025000000005 099004002034015034 4243.5025000000005 099004002034015034
7 4243.5025000000005 099004002034015034 35.8761 005005002014048045
7 35.8761 005005002014048045 1708.72 005004001020013015
7 1708.72 005004001020013015 622.673 005004001020013000
7 622.673 005004001020013000 35.8761 005005002014048045
7 35.8761 005005002014048045 434.219 002004000033013034
7 434.219 002004000033013034 291.957 002000000033013034
7 291.957 002000000033013034 35.8761 005005002014048045
7 35.8761 005005002014048045 489.812 011000001008015000
7 489.812 011000001008015000 434.611 011004001008015000
7 434.611 011004001008015000 35.8761 005005002014048045
7 35.8761 005005002014048045 19581.4 005004001014012034
7 19581.4 005004001014012034 555.09 005004001014029034
7 555.09 005004001014029034 35.8761 005005002014048045
7 35.8761 005005002014048045 9813.4335 005005002008013014
7 9813.4335 005005002008013014 9813.4335 005005002008013014
7 9813.4335 005005002008013014 35.8761 005005002014048045
7 35.8761 005005002014048045 651.686 007005002036013000
7 651.686 007005002036013000 249.288 007001002036013000
7 249.288 007001002036013000 35.8761 005005002014048045
7 35.8761 005005002014048045 1602.49 014004002036007045
7 1602.49 014004002036007045 515.202 014001002036007045
7 515.202 014001002036007045 35.8761 005005002014048045
7 35.8761 005005002014048045 1739.11 002004000011022045
7 1739.11 002004000011022045 1728.5 002004000011022008
7 1728.5 002004000011022008 35.8761 005005002014048045
7 35.8761 005005002014048045 464.059 005000000011005014
7 464.059 005000000011005014 440.17 005005000011005014
7 440.17 005005000011005014 35.8761 005005002014048045
7 35.8761 005005002014048045 17380.2 008005001035011026
7 17380.2 008005001035011026 3809.45 008005001035025026
7 3809.45 008005001035025026 35.8761 005005002014048045
7 35.8761 005005002014048045 79178.7 002004000015015003
7 79178.7 002004000015015003 619.454 095004000015015003
7 619.454 095004000015015003 35.8761 005005002014048045
7 35.8761 005005002014048045 31009.7 083000000015048015
7 31009.7 083000000015048015 28762.3 083000000030048015
7 28762.3 083000000030048015 35.8761 005005002014048045
7 35.8761 005005002014048045 10867.2 074005002020011022
7 10867.2 074005002020011022 5413.33 074005002011011022
7 5413.33 074005002011011022 35.8761 005005002014048045
7 35.8761 005005002014048045 1339.73 099000002011004034
7 1339.73 099000002011004034 35.8761 005005002014048045
7 35.8761 005005002014048045 54.2886 005000001003036000
7 54.2886 005000001003036000 558.086 018005002015013034
7 558.086 018005002015013034 518.856 012005002015013034
7 518.856 012005002015013034 35.8761 005005002014048045
7 35.8761 005005002014048045 153.362 002004001003013014
7 153.362 002004001003013014 35.8761 005005002014048045
7 35.8761 005005002014048045 54.2886 005000001003036000
7 54.2886 005000001003036000 282.857 005005002015041014
7 282.857 005005002015041014 122.726 005001002015041014
7 122.726 005001002015041014 35.8761 005005002014048045
7 35.8761 005005002014048045 776.758 002004001007025018
7 776.758 002004001007025018 465.801 002004001041025018
7 465.801 002004001041025018 35.8761 005005002014048045
7 35.8761 005005002014048045 574.532 074004001035018014
7 574.532 074004001035018014 523.941 024004001035018014
7 523.941 024004001035018014 35.8761 005005002014048045
7 35.8761 005005002014048045 24962.1 018004002014011022
7 24962.1 018004002014011022 98.7578 004004002014011022
7 98.7578 004004002014011022 35.8761 005005002014048045
7 35.8761 005005002014048045 23660.3 005004002003048022
7 23660.3 005004002003048022 408.817 005004002027048022
7 408.817 005004002027048022 35.8761 005005002014048045
7 35.8761 005005002014048045 152.599 002000002026028014
7 152.599 002000002026028014 143.022 011000002026028014
7 143.022 011000002026028014 35.8761 005005002014048045
7 35.8761 005005002014048045 13504.8 005005001007018018
7 13504.8 005005001007018018 573.222 057005001007018018
7 573.222 057005001007018018 35.8761 005005002014048045
7 35.8761 005005002014048045 537.268 069005001014013034
7 537.268 069005001014013034 35.8761 005005002014048045
7 35.8761 005005002014048045 54.2886 005000001003036000
7 54.2886 005000001003036000 513.123 007004001011048034
7 513.123 007004001011048034 346.531 007004001011015034
7 346.531 007004001011015034 35.8761 005005002014048045
7 35.8761 005005002014048045 19386.1 007004001008013010
7 19386.1 007004001008013010 929.151 007004001008035010
7 929.151 007004001008035010 35.8761 005005002014048045
7 35.8761 005005002014048045 43307.6 018004002003041045
7 43307.6 018004002003041045 281.373 018004002003041041
7 281.373 018004002003041041 35.8761 005005002014048045
7 35.8761 005005002014048045 1671.3 018005001008022034
7 1671.3 018005001008022034 394.371 037005001008022034
7 394.371 037005001008022034 35.8761 005005002014048045
7 35.8761 005005002014048045 2041.13 005005001020028000
7 2041.13 005005001020028000 1887.57 005005001020003000
7 1887.57 005005001020003000 35.8761 005005002014048045
7 35.8761 005005002014048045 91296100.0 083001002014028018
7 91296100.0 083001002014028018 28735.5 083004002014028018
7 28735.5 083004002014028018 35.8761 005005002014048045
7 35.8761 005005002014048045 881.363 005004001014018014
7 881.363 005004001014018014 386.248 005004000014018014
7 386.248 005004000014018014 35.8761 005005002014048045
7 35.8761 005005002014048045 5925.43 056004002014015014
7 5925.43 056004002014015014 319.995 056004002014015045
7 319.995 056004002014015045 35.8761 005005002014048045
7 35.8761 005005002014048045 762.355 011004002014007003
7 762.355 011004002014007003 284.014 011001002014007003
7 284.014 011001002014007003 35.8761 005005002014048045
7 35.8761 005005002014048045 388.907 007000000020007034
7 388.907 007000000020007034 358.958 007002000020007034
7 358.958 007002000020007034 35.8761 005005002014048045
8 35.8761 005005002014048045 1419.85 013006000009041020
8 1419.85 013006000009041020 1335.64 013006000009023020
8 1335.64 013006000009023020 417.731 059002000042039017
8 417.731 059002000042039017 624.662 016004000019041020
8 624.662 016004000019041020 230.926 016004000019009020
8 230.926 016004000019009020 417.731 059002000042039017
8 417.731 059002000042039017 17004.7 019006001027007016
8 17004.7 019006001027007016 11660.9 019006001027007040
8 11660.9 019006001027007040 230.926 016004000019009020
8 230.926 016004000019009020 1222.04 038003000012028021
8 1222.04 038003000012028021 893.629 038003000012023021
8 893.629 038003000012023021 230.926 016004000019009020
8 230.926 016004000019009020 22802.5 052000002034023021
8 22802.5 052000002034023021 2766.49 052004002034023021
8 2766.49 052004002034023021 230.926 016004000019009020
8 230.926 016004000019009020 24783.9 038000000046032020
8 24783.9 038000000046032020 307.572 038000000046032000
8 307.572 038000000046032000 230.926 016004000019009020
8 230.926 016004000019009020 1719.54 043004002009007045
8 1719.54 043004002009007045 148.444 043004002009020045
8 148.444 043004002009020045 230.926 016004000019009020
8 230.926 016004000019009020 37527.3 040006000025037014
8 37527.3 040006000025037014 540.156 040002000025037014
8 540.156 040002000025037014 148.444 043004002009020045
8 148.444 043004002009020045 27040.7 034004001027023011
8 27040.7 034004001027023011 3511.19 034004001027023005
8 3511.19 034004001027023005 148.444 043004002009020045
8 148.444 043004002009020045 23619.45 020001001015037016
8 23619.45 020001001015037016 23619.45 020001001015037016
8 23619.45 020001001015037016 148.444 043004002009020045
8 148.444 043004002009020045 670.702 043004002009029006
8 670.702 043004002009029006 670.702 043004002009029006
8 670.702 043004002009029006 148.444 043004002009020045
8 148.444 043004002009020045 504.642 055004000036020015
8 504.642 055004000036020015 494.333 055004000011020015
8 494.333 055004000011020015 148.444 043004002009020045
8 148.444 043004002009020045 15370900.0 062003000021045006
8 15370900.0 062003000021045006 15258.6 062003000021020006
8 15258.6 062003000021020006 148.444 043004002009020045
8 148.444 043004002009020045 1637.46 028004000035037021
8 1637.46 028004000035037021 567.195 081004000035037021
8 567.195 081004000035037021 148.444 043004002009020045
8 148.444 043004002009020045 607.547 013004000029023014
8 607.547 013004000029023014 535.767 013004000024023014
8 535.767 013004000024023014 148.444 043004002009020045
8 148.444 043004002009020045 142.063 081002000043032045
8 142.063 081002000043032045 148.444 043004002009020045
8 148.444 043004002009020045 230.926 016004000019009020
8 230.926 016004000019009020 2588.74 043004001038026014
8 2588.74 043004001038026014 383.155 043004001038026013
8 383.155 043004001038026013 142.063 081002000043032045
8 142.063 081002000043032045 34514.1 020004000029020015
8 34514.1 020004000029020015 424.02 020004000029022015
8 424.02 020004000029022015 142.063 081002000043032045
8 142.063 081002000043032045 42117.2 020002001009007045
8 42117.2 020002001009007045 445.178 020002001049007045
8 445.178 020002001049007045 142.063 081002000043032045
8 142.063 081002000043032045 519.892 043002000022023020
8 519.892 043002000022023020 284.963 043002000022042020
8 284.963 043002000022042020 142.063 081002000043032045
8 142.063 081002000043032045 7341.93 055006000035050016
8 7341.93 055006000035050016 2410.21 018006000035050016
8 2410.21 018006000035050016 142.063 081002000043032045
8 142.063 081002000043032045 598.309 064004000019020016
8 598.309 064004000019020016 419.518 064004000019042016
8 419.518 064004000019042016 142.063 081002000043032045
8 142.063 081002000043032045 544.263 038001001023026010
8 544.263 038001001023026010 458.156 038001001029026010
8 458.156 038001001029026010 142.063 081002000043032045
8 142.063 081002000043032045 274.492 013004002023028016
8 274.492 013004002023028016 235.791 013004002047028016
8 235.791 013004002047028016 142.063 081002000043032045
8 142.063 081002000043032045 185045000.0 043004002023009010
8 185045000.0 043004002023009010 3600.74 043004002023028010
8 3600.74 043004002023028010 142.063 081002000043032045
8 142.063 081002000043032045 2415.82 038004002029050006
8 2415.82 038004002029050006 458.558 038004002049050006
8 458.558 038004002049050006 142.063 081002000043032045
8 142.063 081002000043032045 585.594 055002000025009020
8 585.594 055002000025009020 369.415 055002000020009020
8 369.415 055002000020009020 142.063 081002000043032045
8 142.063 081002000043032045 2494.4 064004000035020045
8 2494.4 064004000035020045 636.752 064004000032020045
8 636.752 064004000032020045 142.063 081002000043032045
8 142.063 081002000043032045 720.962 055004000009029021
8 720.962 055004000009029021 48.8502 055000000009029021
8 48.8502 055000000009029021 142.063 081002000043032045
8 142.063 081002000043032045 13890.2 013002001043029014
8 13890.2 013002001043029014 398.721 013002001026029014
8 398.721 013002001026029014 48.8502 055000000009029021
8 48.8502 055000000009029021 39148.3 043001000023041014
8 39148.3 043001000023041014 2851.46 043001002023041014
8 2851.46 043001002023041014 48.8502 055000000009029021
8 48.8502 055000000009029021 20324.1 043002001043029020
8 20324.1 043002001043029020 1900.21 043002001043029031
8 1900.21 043002001043029031 48.8502 055000000009029021
8 48.8502 055000000009029021 769.498 013004001012037014
8 769.498 013004001012037014 367.409 013004001028037014
8 367.409 013004001028037014 48.8502 055000000009029021
8 48.8502 055000000009029021 177202.0 064004002043029045
8 177202.0 064004002043029045 277.693 055004002043029045
8 277.693 055004002043029045 48.8502 055000000009029021
8 48.8502 055000000009029021 492.915 013004000012037016
8 492.915 013004000012037016 490.449 013000000012037016
8 490.449 013000000012037016 48.8502 055000000009029021
8 48.8502 055000000009029021 1722.94 013004001009050013
8 1722.94 013004001009050013 590.526 013004001010050013
8 590.526 013004001010050013 48.8502 055000000009029021
8 48.8502 055000000009029021 21502.4 038004000026037014
8 21502.4 038004000026037014 16856.1 038004002026037014
8 16856.1 038004002026037014 48.8502 055000000009029021
8 48.8502 055000000009029021 1707.55 013004001023009045
8 1707.55 013004001023009045 259.473 013004001023015045
8 259.473 013004001023015045 48.8502 055000000009029021
8 48.8502 055000000009029021 349.594 064005000029050000
8 349.594 064005000029050000 146.833 029005000029050000
8 146.833 029005000029050000 48.8502 055000000009029021
8 48.8502 055000000009029021 20259.9 032004000029050016
8 20259.9 032004000029050016 1003.35 032006000029050016
8 1003.35 032006000029050016 48.8502 055000000009029021
8 48.8502 055000000009029021 19364.9 013004000042037010
8 19364.9 013004000042037010 563.451 095004000042037010
8 563.451 095004000042037010 48.8502 055000000009029021
8 48.8502 055000000009029021 13491700.0 081002001029003010
8 13491700.0 081002001029003010 1807.51 081002002029003010
8 1807.51 081002002029003010 48.8502 055000000009029021
8 48.8502 055000000009029021 115713.0 055004000016050045
8 115713.0 055004000016050045 9652.54 055004000016033045
8 9652.54 055004000016033045 48.8502 055000000009029021
8 48.8502 055000000009029021 403401.01 038004001020026016
8 403401.01 038004001020026016 403401.01 038004001020026016
8 403401.01 038004001020026016 48.8502 055000000009029021
8 48.8502 055000000009029021 17219.7 038004000042023015
8 17219.7 038004000042023015 16130.2 038004000042049015
8 16130.2 038004000042049015 48.8502 055000000009029021
8 48.8502 055000000009029021 452.11 013004001049037014
8 452.11 013004001049037014 444.846 013004001049018014
8 444.846 013004001049018014 48.8502 055000000009029021
8 48.8502 055000000009029021 297.608 016005001029050016
8 297.608 016005001029050016 48.8502 055000000009029021
8 48.8502 055000000009029021 142.063 081002000043032045
8 142.063 081002000043032045 2472.08 043004002009029017
8 2472.08 043004002009029017 1316.81 069004002009029017
8 1316.81 069004002009029017 48.8502 055000000009029021
8 48.8502 055000000009029021 883.637 013002001042039016
8 883.637 013002001042039016 153.738 013002001042039031
8 153.738 013002001042039031 48.8502 055000000009029021
8 48.8502 055000000009029021 6792.15 013004000025018000
8 6792.15 013004000025018000 477.868 013004000025018031
8 477.868 013004000025018031 48.8502 055000000009029021
8 48.8502 055000000009029021 26067.2 013004001009037016
8 26067.2 013004001009037016 1877.1 037004001009037016
8 1877.1 037004001009037016 48.8502 055000000009029021
8 48.8502 055000000009029021 365.22 013004001009026021
8 365.22 013004001009026021 313.649 013003001009026021
8 313.649 013003001009026021 48.8502 055000000009029021
8 48.8502 055000000009029021 16912.605 055002000016009020
8 16912.605 055002000016009020 16912.605 055002000016009020
8 16912.605 055002000016009020 48.8502 055000000009029021
8 48.8502 055000000009029021 639.21 040002001016029015
8 639.21 040002001016029015 610.619 040002001035029015
8 610.619 040002001035029015 48.8502 055000000009029021
8 48.8502 055000000009029021 1799.11 029004000022020010
8 1799.11 029004000022020010 93.3142 029004000022020041
8 93.3142 029004000022020041 48.8502 055000000009029021
8 48.8502 055000000009029021 307.73 055002000016037015
8 307.73 055002000016037015 256.016 055002000005037015
8 256.016 055002000005037015 48.8502 055000000009029021
8 48.8502 055000000009029021 666.523 081005000047045015
8 666.523 081005000047045015 440.602 081004000047045015
8 440.602 081004000047045015 48.8502 055000000009029021
8 48.8502 055000000009029021 329.485 081005000049026031
8 329.485 081005000049026031 48.8502 055000000009029021
8 48.8502 055000000009029021 93.3142 029004000022020041
8 93.3142 029004000022020041 214.215 013000000029037015
8 214.215 013000000029037015 48.8502 055000000009029021
8 48.8502 055000000009029021 93.3142 029004000022020041
8 93.3142 029004000022020041 253.469 013000002016020015
8 253.469 013000002016020015 243.77 013000002016001015
8 243.77 013000002016001015 48.8502 055000000009029021
8 48.8502 055000000009029021 5680.12 064002002042026000
8 5680.12 064002002042026000 5680.12 064002002042026000
8 5680.12 064002002042026000 48.8502 055000000009029021
8 48.8502 055000000009029021 77131.5 013004002012050015
8 77131.5 013004002012050015 374.065 009004002012050015
8 374.065 009004002012050015 48.8502 055000000009029021
8 48.8502 055000000009029021 368.802 016000001005039015
8 368.802 016000001005039015 224.091 016001001005039015
8 224.091 016001001005039015 48.8502 055000000009029021
8 48.8502 055000000009029021 149.846 064004000029037020
8 149.846 064004000029037020 52.9714 064004000029021020
8 52.9714 064004000029021020 48.8502 055000000009029021
8 48.8502 055000000009029021 280.385 016000000005029015
8 280.385 016000000005029015 91.3354 016000000005034015
8 91.3354 016000000005034015 48.8502 055000000009029021
8 48.8502 055000000009029021 41612.3 009001002005029041
8 41612.3 009001002005029041 1967.74 009001002005044041
8 1967.74 009001002005044041 48.8502 055000000009029021
8 48.8502 055000000009029021 410.87 013000002016026016
8 410.87 013000002016026016 405.558 013000002016039016
8 405.558 013000002016039016 48.8502 055000000009029021
8 48.8502 055000000009029021 5674.56 055004002020039000
8 5674.56 055004002020039000 600.913 055004002020041000
8 600.913 055004002020041000 48.8502 055000000009029021
8 48.8502 055000000009029021 27302.6 020002000005028014
8 27302.6 020002000005028014 19072.3 020002001005028014
8 19072.3 020002001005028014 48.8502 055000000009029021
8 48.8502 055000000009029021 35097.9 055005000049039015
8 35097.9 055005000049039015 575.327 055005000049036015
8 575.327 055005000049036015 48.8502 055000000009029021
8 48.8502 055000000009029021 504.913 016004001023050031
8 504.913 016004001023050031 305.688 016000001023050031
8 305.688 016000001023050031 48.8502 055000000009029021
8 48.8502 055000000009029021 40147.2 064004001009037015
8 40147.2 064004001009037015 924.404 064002001009037015
8 924.404 064002001009037015 48.8502 055000000009029021
8 48.8502 055000000009029021 743.798 016004000023007016
8 743.798 016004000023007016 321.169 016004000023009016
8 321.169 016004000023009016 48.8502 055000000009029021
8 48.8502 055000000009029021 117352.0 016000000042007045
8 117352.0 016000000042007045 586.134 076000000042007045
8 586.134 076000000042007045 48.8502 055000000009029021
8 48.8502 055000000009029021 21186.5 055002002009009021
8 21186.5 055002002009009021 482.829 055002002009009040
8 482.829 055002002009009040 48.8502 055000000009029021
8 48.8502 055000000009029021 19883.7 009004001038007031
8 19883.7 009004001038007031 642.438 009004002038007031
8 642.438 009004002038007031 48.8502 055000000009029021
8 48.8502 055000000009029021 11972.4 016004001038039020
8 11972.4 016004001038039020 506.518 023004001038039020
8 506.518 023004001038039020 48.8502 055000000009029021
8 48.8502 055000000009029021 236.41 016000000023037021
8 236.41 016000000023037021 83.4481 016000000004037021
8 83.4481 016000000004037021 48.8502 055000000009029021
8 48.8502 055000000009029021 751.812 013002000019039000
8 751.812 013002000019039000 216.932 013002001019039000
8 216.932 013002001019039000 48.8502 055000000009029021
8 48.8502 055000000009029021 650.539 081004002004039016
8 650.539 081004002004039016 155.44 081004002004039038
8 155.44 081004002004039038 48.8502 055000000009029021
8 48.8502 055000000009029021 25464.2 013002001022050000
8 25464.2 013002001022050000 499.163 013002001005050000
8 499.163 013002001005050000 48.8502 055000000009029021
8 48.8502 055000000009029021 19270.6 055004001049039020
8 19270.6 055004001049039020 535.273 055004001046039020
8 535.273 055004001046039020 48.8502 055000000009029021
8 48.8502 055000000009029021 554.226 016000000023009015
8 554.226 016000000023009015 242.576 016004000023009015
8 242.576 016004000023009015 48.8502 055000000009029021
8 48.8502 055000000009029021 474.02 016000002022032015
8 474.02 016000002022032015 356.899 098000002022032015
8 356.899 098000002022032015 48.8502 055000000009029021
8 48.8502 055000000009029021 1092.82 064005001009037021
8 1092.82 064005001009037021 714.698 064005001009037025
8 714.698 064005001009037025 48.8502 055000000009029021
8 48.8502 055000000009029021 79912.7 038002001023034038
8 79912.7 038002001023034038 602.991 038002002023034038
8 602.991 038002002023034038 48.8502 055000000009029021
8 48.8502 055000000009029021 19889.4 013004002016037015
8 19889.4 013004002016037015 397.916 099004002016037015
8 397.916 099004002016037015 48.8502 055000000009029021
8 48.8502 055000000009029021 584.676 013005000009009016
8 584.676 013005000009009016 570.801 013005000000009016
8 570.801 013005000000009016 48.8502 055000000009029021
8 48.8502 055000000009029021 364.132 013004001029015045
8 364.132 013004001029015045 347.353 013004001029015043
8 347.353 013004001029015043 48.8502 055000000009029021
8 48.8502 055000000009029021 258.963 013004000029050015
8 258.963 013004000029050015 1652.22 095004000029050015
8 1652.22 095004000029050015 48.8502 055000000009029021
8 48.8502 055000000009029021 258.963 013004000029050015
8 258.963 013004000029050015 256.321 013004000016050015
8 256.321 013004000016050015 48.8502 055000000009029021
8 48.8502 055000000009029021 2095.86 064002000022037020
8 2095.86 064002000022037020 758.044 064002000022037002
8 758.044 064002000022037002 48.8502 055000000009029021
8 48.8502 055000000009029021 19971.3 064004002016026015
8 19971.3 064004002016026015 624.994 064004000016026015
8 624.994 064004000016026015 48.8502 055000000009029021
8 48.8502 055000000009029021 597.078 055000001016050021
8 597.078 055000001016050021 536.583 055000001016036021
8 536.583 055000001016036021 48.8502 055000000009029021
8 48.8502 055000000009029021 282.616 016000002005001038
8 282.616 016000002005001038 282.616 016000002005001038
8 282.616 016000002005001038 48.8502 055000000009029021
8 48.8502 055000000009029021 594.587 064004000009001038
8 594.587 064004000009001038 534.107 013004000009001038
8 534.107 013004000009001038 48.8502 055000000009029021
8 48.8502 055000000009029021 247.494 029000000022039043
8 247.494 029000000022039043 167.768 029000000022039011
8 167.768 029000000022039011 48.8502 055000000009029021
8 48.8502 055000000009029021 28890.1 081002001005034015
8 28890.1 081002001005034015 14858.2 081002001009034015
8 14858.2 081002001009034015 48.8502 055000000009029021
8 48.8502 055000000009029021 595.177 013000001009015021
8 595.177 013000001009015021 386.235 013000001021015021
8 386.235 013000001021015021 48.8502 055000000009029021
8 48.8502 055000000009029021 65635.65 081004000005029015
8 65635.65 081004000005029015 65635.65 081004000005029015
8 65635.65 081004000005029015 48.8502 055000000009029021
8 48.8502 055000000009029021 269.505 081000000005039015
8 269.505 081000000005039015 118.314 081000000005043015
8 118.314 081000000005043015 48.8502 055000000009029021
8 48.8502 055000000009029021 15788.5 043004001029039021
8 15788.5 043004001029039021 1175.21 043004001006039021
8 1175.21 043004001006039021 48.8502 055000000009029021
8 48.8502 055000000009029021 48744.5 013002000029001016
8 48744.5 013002000029001016 35324.5 013002000039001016
8 35324.5 013002000039001016 48.8502 055000000009029021
8 48.8502 055000000009029021 258.091 013004000005034016
8 258.091 013004000005034016 241.422 083004000005034016
8 241.422 083004000005034016 48.8502 055000000009029021
8 48.8502 055000000009029021 36360.7 029005000049009045
8 36360.7 029005000049009045 356.627 029005000049009017
8 356.627 029005000049009017 48.8502 055000000009029021
8 48.8502 055000000009029021 508.605 013004002029020045
8 508.605 013004002029020045 351.64 013004002014020045
8 351.64 013004002014020045 48.8502 055000000009029021
8 48.8502 055000000009029021 463.144 013004000019034015
8 463.144 013004000019034015 274.886 013004000019034039
8 274.886 013004000019034039 48.8502 055000000009029021
8 48.8502 055000000009029021 627.149 064004000023026015
8 627.149 064004000023026015 513.123 064004000023026010
8 513.123 064004000023026010 48.8502 055000000009029021
8 48.8502 055000000009029021 685.101 064004000005039017
8 685.101 064004000005039017 331.135 064005000005039017
8 331.135 064005000005039017 48.8502 055000000009029021
8 48.8502 055000000009029021 87560100.0 043004002022009015
8 87560100.0 043004002022009015 3391.49 043004001022009015
8 3391.49 043004001022009015 48.8502 055000000009029021
8 48.8502 055000000009029021 19028.1 081000000004029015
8 19028.1 081000000004029015 651.901 067000000004029015
8 651.901 067000000004029015 48.8502 055000000009029021
8 48.8502 055000000009029021 77.3959 016004000019034011
8 77.3959 016004000019034011 48.8502 055000000009029021
8 48.8502 055000000009029021 52.9714 064004000029021020
8 52.9714 064004000029021020 369.826 064000000042034021
8 369.826 064000000042034021 76.2656 064000000032034021
8 76.2656 064000000032034021 48.8502 055000000009029021
8 48.8502 055000000009029021 645.174 016003000023039015
8 645.174 016003000023039015 578.867 016003000023041015
8 578.867 016003000023041015 48.8502 055000000009029021
8 48.8502 055000000009029021 17968.2 064000000009032020
8 17968.2 064000000009032020 1387.32 064000000034032020
8 1387.32 064000000034032020 48.8502 055000000009029021
8 48.8502 055000000009029021 233.5695 081000000022029020
8 233.5695 081000000022029020 233.5695 081000000022029020
8 233.5695 081000000022029020 48.8502 055000000009029021
8 48.8502 055000000009029021 1733.51 064002000019050015
8 1733.51 064002000019050015 367.79 064002000019050009
8 367.79 064002000019050009 48.8502 055000000009029021
8 48.8502 055000000009029021 2263.92 013002000023028000
8 2263.92 013002000023028000 452.329 013002000023028028
8 452.329 013002000023028028 48.8502 055000000009029021
8 48.8502 055000000009029021 32931.45 016004001019039015
8 32931.45 016004001019039015 32931.45 016004001019039015
8 32931.45 016004001019039015 48.8502 055000000009029021
8 48.8502 055000000009029021 36184.6 029000000022039015
8 36184.6 029000000022039015 503.436 029000000036039015
8 503.436 029000000036039015 48.8502 055000000009029021
8 48.8502 055000000009029021 46862.8 016004000005009016
8 46862.8 016004000005009016 423.894 004004000005009016
8 423.894 004004000005009016 48.8502 055000000009029021
8 48.8502 055000000009029021 16828.5 081002000022026020
8 16828.5 081002000022026020 232.446 081002000022033020
8 232.446 081002000022033020 48.8502 055000000009029021
8 48.8502 055000000009029021 3504.42 016000000019039015
8 3504.42 016000000019039015 433.675 016000000007039015
8 433.675 016000000007039015 48.8502 055000000009029021
8 48.8502 055000000009029021 15060.2 013004002004034020
8 15060.2 013004002004034020 108.595 013002002004034020
8 108.595 013002002004034020 48.8502 055000000009029021
8 48.8502 055000000009029021 189.198 081000000029020020
8 189.198 081000000029020020 170.167 081000000028020020
8 170.167 081000000028020020 48.8502 055000000009029021
8 48.8502 055000000009029021 1805.45 016000001004039020
8 1805.45 016000001004039020 60.7468 016000001004043020
8 60.7468 016000001004043020 48.8502 055000000009029021
8 48.8502 055000000009029021 36812.6 038002002023034020
8 36812.6 038002002023034020 402.066 038004002023034020
8 402.066 038004002023034020 48.8502 055000000009029021
8 48.8502 055000000009029021 720.202 081000002023029011
8 720.202 081000002023029011 690.587 081000002041029011
8 690.587 081000002041029011 48.8502 055000000009029021
8 48.8502 055000000009029021 76.7847 055004000023028043
8 76.7847 055004000023028043 73.6163 055004000018028043
8 73.6163 055004000018028043 48.8502 055000000009029021
8 48.8502 055000000009029021 571.76 016002002004034045
8 571.76 016002002004034045 494.378 016002002004034017
8 494.378 016002002004034017 48.8502 055000000009029021
8 48.8502 055000000009029021 552.401 016000002023009015
8 552.401 016000002023009015 478.332 016000002023021015
8 478.332 016000002023021015 48.8502 055000000009029021
8 48.8502 055000000009029021 776.478 081004000022050045
8 776.478 081004000022050045 259.414 081004000022050036
8 259.414 081004000022050036 48.8502 055000000009029021
8 48.8502 055000000009029021 398.158 055000001032029045
8 398.158 055000001032029045 338.586 055000001048029045
8 338.586 055000001048029045 48.8502 055000000009029021
8 48.8502 055000000009029021 525.102 064000000022028021
8 525.102 064000000022028021 506.106 064000000022028042
8 506.106 064000000022028042 48.8502 055000000009029021
8 48.8502 055000000009029021 34113.7 055002000047028020
8 34113.7 055002000047028020 722.188 055002000047020020
8 722.188 055002000047020020 48.8502 055000000009029021
8 48.8502 055000000009029021 48359.9 016004000022034038
8 48359.9 016004000022034038 734.349 016004000022034028
8 734.349 016004000022034028 48.8502 055000000009029021
8 48.8502 055000000009029021 47540.3 013004000022037021
8 47540.3 013004000022037021 15360.9 013004002022037021
8 15360.9 013004002022037021 48.8502 055000000009029021
8 48.8502 055000000009029021 36538.3 016004000016020020
8 36538.3 016004000016020020 16781.6 016004002016020020
8 16781.6 016004002016020020 48.8502 055000000009029021
8 48.8502 055000000009029021 468.268 016002000005039020
8 468.268 016002000005039020 120.83 087002000005039020
8 120.83 087002000005039020 48.8502 055000000009029021
8 48.8502 055000000009029021 1512.17 055004000047009043
8 1512.17 055004000047009043 375.74 055004000033009043
8 375.74 055004000033009043 48.8502 055000000009029021
8 48.8502 055000000009029021 329.585 013000000028034021
8 329.585 013000000028034021 263.287 013000000041034021
8 263.287 013000000041034021 48.8502 055000000009029021
8 48.8502 055000000009029021 49292.3 055000000022037020
8 49292.3 055000000022037020 1390.06 055000002022037020
8 1390.06 055000002022037020 48.8502 055000000009029021
8 48.8502 055000000009029021 60036.3 029000002022020020
8 60036.3 029000002022020020 609.749 040000002022020020
8 609.749 040000002022020020 48.8502 055000000009029021
8 48.8502 055000000009029021 511.402 013002000019037045
8 511.402 013002000019037045 502.887 013002000030037045
8 502.887 013002000030037045 48.8502 055000000009029021
8 48.8502 055000000009029021 632.026 013002001005020020
8 632.026 013002001005020020 227.068 004002001005020020
8 227.068 004002001005020020 48.8502 055000000009029021
8 48.8502 055000000009029021 215.165 016002000022020020
8 215.165 016002000022020020 191.39 016002000022020040
8 191.39 016002000022020040 48.8502 055000000009029021
8 48.8502 055000000009029021 31844.7 016004000028028040
8 31844.7 016004000028028040 749.96 016004000028028017
8 749.96 016004000028028017 48.8502 055000000009029021
8 48.8502 055000000009029021 15644.7 013004002005001015
8 15644.7 013004002005001015 6210.08 054004002005001015
8 6210.08 054004002005001015 48.8502 055000000009029021
8 48.8502 055000000009029021 498.073 013004000009034015
8 498.073 013004000009034015 48.8502 055000000009029021
8 48.8502 055000000009029021 52.9714 064004000029021020
8 52.9714 064004000029021020 214.951 013004000043020040
8 214.951 013004000043020040 48.8502 055000000009029021
8 48.8502 055000000009029021 52.9714 064004000029021020
8 52.9714 064004000029021020 348.524 064004000019020020
8 348.524 064004000019020020 305.283 064004000019046020
8 305.283 064004000019046020 48.8502 055000000009029021
8 48.8502 055000000009029021 36980.0 016000000022050015
8 36980.0 016000000022050015 727.696 016000000022050019
8 727.696 016000000022050019 48.8502 055000000009029021
8 48.8502 055000000009029021 374.434 016002000022020041
8 374.434 016002000022020041 264.38 016002001022020041
8 264.38 016002001022020041 48.8502 055000000009029021
8 48.8502 055000000009029021 389.083 013000000004039020
8 389.083 013000000004039020 318.447 013000000045039020
8 318.447 013000000045039020 48.8502 055000000009029021
8 48.8502 055000000009029021 45683.5 043000000023039020
8 45683.5 043000000023039020 26671.3 043000000044039020
8 26671.3 043000000044039020 48.8502 055000000009029021
8 48.8502 055000000009029021 71859.2 016000000029050020
8 71859.2 016000000029050020 1653.83 016003000029050020
8 1653.83 016003000029050020 48.8502 055000000009029021
8 48.8502 055000000009029021 417.5385 013000000005034015
8 417.5385 013000000005034015 417.5385 013000000005034015
8 417.5385 013000000005034015 48.8502 055000000009029021
8 48.8502 055000000009029021 20851.995 016000002029033036
8 20851.995 016000002029033036 20851.995 016000002029033036
8 20851.995 016000002029033036 48.8502 055000000009029021
8 48.8502 055000000009029021 639.624 016004000029020020
8 639.624 016004000029020020 323.806 016004000029020018
8 323.806 016004000029020018 48.8502 055000000009029021
8 48.8502 055000000009029021 1694.05 016000000019020020
8 1694.05 016000000019020020 571.688 016003000019020020
8 571.688 016003000019020020 48.8502 055000000009029021
8 48.8502 055000000009029021 2048.56 055004000019043020
8 2048.56 055004000019043020 397.564 085004000019043020
8 397.564 085004000019043020 48.8502 055000000009029021
8 48.8502 055000000009029021 19027.264499999997 016002001043021021
8 19027.264499999997 016002001043021021 19027.264499999997 016002001043021021
8 19027.264499999997 016002001043021021 48.8502 055000000009029021
8 48.8502 055000000009029021 680.077 016000000005020043
8 680.077 016000000005020043 441.965 016000000005020001
8 441.965 016000000005020001 48.8502 055000000009029021
8 48.8502 055000000009029021 1087.19 016000001022009020
8 1087.19 016000001022009020 345.466 016005001022009020
8 345.466 016005001022009020 48.8502 055000000009029021
8 48.8502 055000000009029021 589.754 013004000005050015
8 589.754 013004000005050015 48.8502 055000000009029021
8 48.8502 055000000009029021 52.9714 064004000029021020
8 52.9714 064004000029021020 338233.0 081004000005015011
8 338233.0 081004000005015011 386.065 081004000042015011
8 386.065 081004000042015011 48.8502 055000000009029021
8 48.8502 055000000009029021 45986.6 013004000019037041
8 45986.6 013004000019037041 715.833 013004000045037041
8 715.833 013004000045037041 48.8502 055000000009029021
8 48.8502 055000000009029021 25236.9 013002000029020021
8 25236.9 013002000029020021 1970.19 014002000029020021
8 1970.19 014002000029020021 48.8502 055000000009029021
8 48.8502 055000000009029021 50564.3 055000000022020043
8 50564.3 055000000022020043 237.808 055000000022003043
8 237.808 055000000022003043 48.8502 055000000009029021
8 48.8502 055000000009029021 349.875 087004000005037020
8 349.875 087004000005037020 48.8502 055000000009029021
8 48.8502 055000000009029021 52.9714 064004000029021020
8 52.9714 064004000029021020 51786.0 081000000005033043
8 51786.0 081000000005033043 176.764 081000000005033027
8 176.764 081000000005033027 48.8502 055000000009029021
8 48.8502 055000000009029021 259.125 081004000019034038
8 259.125 081004000019034038 249.939 081004000019034037
8 249.939 081004000019034037 48.8502 055000000009029021
8 48.8502 055000000009029021 571.171 081000000005034045
8 571.171 081000000005034045 505.551 013000000005034045
8 505.551 013000000005034045 48.8502 055000000009029021
8 48.8502 055000000009029021 149502000.0 081000002004039020
8 149502000.0 081000002004039020 545.894 081005002004039020
8 545.894 081005002004039020 48.8502 055000000009029021
8 48.8502 055000000009029021 886858000.0 064004000009001000
8 886858000.0 064004000009001000 62427600.0 064004000031001000
8 62427600.0 064004000031001000 48.8502 055000000009029021
8 48.8502 055000000009029021 1084.58 064004001016020011
8 1084.58 064004001016020011 612.795 064004000016020011
8 612.795 064004000016020011 48.8502 055000000009029021
8 48.8502 055000000009029021 27707.4 013004002029003000
8 27707.4 013004002029003000 15767.7 011004002029003000
8 15767.7 011004002029003000 48.8502 055000000009029021
8 48.8502 055000000009029021 32388.9 013004000005043016
8 32388.9 013004000005043016 654.08 013004000005029016
8 654.08 013004000005029016 48.8502 055000000009029021
8 48.8502 055000000009029021 15688.8 016000000016034011
8 15688.8 016000000016034011 513.214 016000000016034022
8 513.214 016000000016034022 48.8502 055000000009029021
8 48.8502 055000000009029021 38333.4 055004000005039045
8 38333.4 055004000005039045 348.467 055004000010039045
8 348.467 055004000010039045 48.8502 055000000009029021
8 48.8502 055000000009029021 520.614 081002000010039020
8 520.614 081002000010039020 48.8502 055000000009029021
8 48.8502 055000000009029021 52.9714 064004000029021020
8 52.9714 064004000029021020 2021.81 055000000043029031
8 2021.81 055000000043029031 603.771 055000000021029031
8 603.771 055000000021029031 48.8502 055000000009029021
8 48.8502 055000000009029021 820109.0 055001000009020021
8 820109.0 055001000009020021 49721.4 055004000009020021
8 49721.4 055004000009020021 48.8502 055000000009029021
8 48.8502 055000000009029021 494.689 064004000022037015
8 494.689 064004000022037015 48.8502 055000000009029021
8 48.8502 055000000009029021 52.9714 064004000029021020
8 52.9714 064004000029021020 46535.4 055000000047020015
8 46535.4 055000000047020015 161.09 055000000047011015
8 161.09 055000000047011015 48.8502 055000000009029021
8 48.8502 055000000009029021 1739.68 013000000043039021
8 1739.68 013000000043039021 349.981 013000000000039021
8 349.981 013000000000039021 48.8502 055000000009029021
8 48.8502 055000000009029021 62191.4 029004000028050045
8 62191.4 029004000028050045 435.992 029004000028045045
8 435.992 029004000028045045 48.8502 055000000009029021
8 48.8502 055000000009029021 581.459 013000000029032043
8 581.459 013000000029032043 529.954 013000000029047043
8 529.954 013000000029047043 48.8502 055000000009029021
8 48.8502 055000000009029021 26202.9 081004000022009020
8 26202.9 081004000022009020 19259.4 075004000022009020
8 19259.4 075004000022009020 48.8502 055000000009029021
8 48.8502 055000000009029021 12452.8 029002000005001015
8 12452.8 029002000005001015 7901.66 029002002005001015
8 7901.66 029002002005001015 48.8502 055000000009029021
8 48.8502 055000000009029021 2219.08 081004001022020038
8 2219.08 081004001022020038 1850.97 081004001022020030
8 1850.97 081004001022020030 48.8502 055000000009029021
8 48.8502 055000000009029021 511.293 064000000018039038
8 511.293 064000000018039038 205.693 006000000018039038
8 205.693 006000000018039038 48.8502 055000000009029021
8 48.8502 055000000009029021 130347.0 013000000022020015
8 130347.0 013000000022020015 3617.15 013000000022045015
8 3617.15 013000000022045015 48.8502 055000000009029021
8 48.8502 055000000009029021 425.332 016004002032039043
8 425.332 016004002032039043 208.677 028004002032039043
8 208.677 028004002032039043 48.8502 055000000009029021
8 48.8502 055000000009029021 792.994 013000000004043020
8 792.994 013000000004043020 559.417 013000000004043018
8 559.417 013000000004043018 48.8502 055000000009029021
8 48.8502 055000000009029021 22961506.8 016002000005034000
8 22961506.8 016002000005034000 22961506.8 016002000005034000
8 22961506.8 016002000005034000 48.8502 055000000009029021
8 48.8502 055000000009029021 489.476 013002002032011031
8 489.476 013002002032011031 183.836 013003002032011031
8 183.836 013003002032011031 48.8502 055000000009029021
8 48.8502 055000000009029021 47156.3 016000000029043021
8 47156.3 016000000029043021 1684.23 016000000044043021
8 1684.23 016000000044043021 48.8502 055000000009029021
8 48.8502 055000000009029021 636.727 064000000016003038
8 636.727 064000000016003038 562.511 064000000035003038
8 562.511 064000000035003038 48.8502 055000000009029021
8 48.8502 055000000009029021 444.873 064004000019028043
8 444.873 064004000019028043 338.142 064004000019027043
8 338.142 064004000019027043 48.8502 055000000009029021
8 48.8502 055000000009029021 25684.6 004002000029043015
8 25684.6 004002000029043015 2167.12 004002000029016015
8 2167.12 004002000029016015 48.8502 055000000009029021
8 48.8502 055000000009029021 1843.3690000000001 013002002005039000
8 1843.3690000000001 013002002005039000 1843.3690000000001 013002002005039000
8 1843.3690000000001 013002002005039000 48.8502 055000000009029021
8 48.8502 055000000009029021 60002.5 013000000019043040
8 60002.5 013000000019043040 45320.8 092000000019043040
8 45320.8 092000000019043040 48.8502 055000000009029021
8 48.8502 055000000009029021 19676.0 081000000018020020
8 19676.0 081000000018020020 15374.3 081003000018020020
8 15374.3 081003000018020020 48.8502 055000000009029021
8 48.8502 055000000009029021 617.4770000000001 013001000023033043
8 617.4770000000001 013001000023033043 617.4770000000001 013001000023033043
8 617.4770000000001 013001000023033043 48.8502 055000000009029021
8 48.8502 055000000009029021 339.051 013000001005039045
8 339.051 013000001005039045 48.8502 055000000009029021
8 48.8502 055000000009029021 52.9714 064004000029021020
8 52.9714 064004000029021020 40206.3 029000000029039020
8 40206.3 029000000029039020 822.854 025000000029039020
8 822.854 025000000029039020 48.8502 055000000009029021
8 48.8502 055000000009029021 19214.8 055000000023028021
8 19214.8 055000000023028021 8152.72 055000002023028021
8 8152.72 055000002023028021 48.8502 055000000009029021
8 48.8502 055000000009029021 30819.6 016000000022028020
8 30819.6 016000000022028020 777.049 016006000022028020
8 777.049 016006000022028020 48.8502 055000000009029021
8 48.8502 055000000009029021 413.919 016000000005020021
8 413.919 016000000005020021 229.428 016000000005020025
8 229.428 016000000005020025 48.8502 055000000009029021
9 48.8502 055000000009029021 2761.53 061001002000037017
9 2761.53 061001002000037017 1860.18 061001000000037017
9 1860.18 061001000000037017 143.235 025005000027026021
9 143.235 025005000027026021 14798.4 055004001006037009
9 14798.4 055004001006037009 1521.64 055004001006025009
9 1521.64 055004001006025009 143.235 025005000027026021
9 143.235 025005000027026021 110570000.0 058001000010013005
9 110570000.0 058001000010013005 6151.63 011001000010013005
9 6151.63 011001000010013005 143.235 025005000027026021
9 143.235 025005000027026021 13174.5 014004001032028004
9 13174.5 014004001032028004 311.761 014004001043028004
9 311.761 014004001043028004 143.235 025005000027026021
9 143.235 025005000027026021 4791790.0 034004001043001005
9 4791790.0 034004001043001005 13872.5 034004001026001005
9 13872.5 034004001026001005 143.235 025005000027026021
9 143.235 025005000027026021 27328.2 016004000048001014
9 27328.2 016004000048001014 1113.79 016004000048001044
9 1113.79 016004000048001044 143.235 025005000027026021
9 143.235 025005000027026021 404.942 004002000000050011
9 404.942 004002000000050011 268.553 004002002000050011
9 268.553 004002002000050011 143.235 025005000027026021
9 143.235 025005000027026021 13360.8 049004002000037005
9 13360.8 049004002000037005 496.555 049004002000018005
9 496.555 049004002000018005 143.235 025005000027026021
9 143.235 025005000027026021 1311760.0 055002001009050011
9 1311760.0 055002001009050011 11210.2 042002001009050011
9 11210.2 042002001009050011 143.235 025005000027026021
9 143.235 025005000027026021 13420400.0 068001001025037022
9 13420400.0 068001001025037022 22174.7 068002001025037022
9 22174.7 068002001025037022 143.235 025005000027026021
9 143.235 025005000027026021 3560.76 013001001046037023
9 3560.76 013001001046037023 670.004 013000001046037023
9 670.004 013000001046037023 143.235 025005000027026021
9 143.235 025005000027026021 719.924 019000000047036001
9 719.924 019000000047036001 285.957 019000000047036018
9 285.957 019000000047036018 143.235 025005000027026021
9 143.235 025005000027026021 508.625 031004000023026017
9 508.625 031004000023026017 487.942 031004000023026039
9 487.942 031004000023026039 143.235 025005000027026021
9 143.235 025005000027026021 251.622 004000001010033016
9 251.622 004000001010033016 143.235 025005000027026021
9 143.235 025005000027026021 268.553 004002002000050011
9 268.553 004002002000050011 2394.52 055001001021037017
9 2394.52 055001001021037017 237.669 055001001049037017
9 237.669 055001001049037017 143.235 025005000027026021
9 143.235 025005000027026021 285.785 031004000027045023
9 285.785 031004000027045023 106.159 031004000027035023
9 106.159 031004000027035023 143.235 025005000027026021
9 143.235 025005000027026021 439.583 004004002000037023
9 439.583 004004002000037023 351.253 004004002000042023
9 351.253 004004002000042023 106.159 031004000027035023
9 106.159 031004000027035023 25195.251 005001000010045023
9 25195.251 005001000010045023 25195.251 005001000010045023
9 25195.251 005001000010045023 106.159 031004000027035023
9 106.159 031004000027035023 16030.0 035004001000033016
9 16030.0 035004001000033016 455.303 016004001000033016
9 455.303 016004001000033016 106.159 031004000027035023
9 106.159 031004000027035023 57931.5 005004001000046039
9 57931.5 005004001000046039 730.577 005004001038046039
9 730.577 005004001038046039 106.159 031004000027035023
9 106.159 031004000027035023 2150.92 031000000031025005
9 2150.92 031000000031025005 539.573 031000000001025005
9 539.573 031000000001025005 106.159 031004000027035023
9 106.159 031004000027035023 961.5975000000001 019002002048037022
9 961.5975000000001 019002002048037022 961.5975000000001 019002002048037022
9 961.5975000000001 019002002048037022 106.159 031004000027035023
9 106.159 031004000027035023 9736.79 004000001045025016
9 9736.79 004000001045025016 201.153 004000001045050016
9 201.153 004000001045050016 106.159 031004000027035023
9 106.159 031004000027035023 354.061 031003001010047023
9 354.061 031003001010047023 324.579 031003001010031023
9 324.579 031003001010031023 106.159 031004000027035023
9 106.159 031004000027035023 694411.0 055004001017036001
9 694411.0 055004001017036001 9467.03 055006001017036001
9 9467.03 055006001017036001 106.159 031004000027035023
9 106.159 031004000027035023 242.916 013004001010036039
9 242.916 013004001010036039 207.396 091004001010036039
9 207.396 091004001010036039 106.159 031004000027035023
9 106.159 031004000027035023 490.272 055004001010047005
9 490.272 055004001010047005 296.963 055004001010017005
9 296.963 055004001010017005 106.159 031004000027035023
9 106.159 031004000027035023 270.617 013004000001045022
9 270.617 013004000001045022 174.656 022004000001045022
9 174.656 022004000001045022 106.159 031004000027035023
9 106.159 031004000027035023 777.843 019004001010037016
9 777.843 019004001010037016 738.79 037004001010037016
9 738.79 037004001010037016 106.159 031004000027035023
9 106.159 031004000027035023 1039.73 091004002043050007
9 1039.73 091004002043050007 881.038 091004001043050007
9 881.038 091004001043050007 106.159 031004000027035023
9 106.159 031004000027035023 25230.3 031000001010037016
9 25230.3 031000001010037016 15073.7 032000001010037016
9 15073.7 032000001010037016 106.159 031004000027035023
9 106.159 031004000027035023 149.155 016004001023046039
9 149.155 016004001023046039 106.159 031004000027035023
9 106.159 031004000027035023 143.235 025005000027026021
9 143.235 025005000027026021 23169.8 091000000017026016
9 23169.8 091000000017026016 294.559 071000000017026016
9 294.559 071000000017026016 106.159 031004000027035023
9 106.159 031004000027035023 2001.34 004004002023037022
9 2001.34 004004002023037022 685.89 029004002023037022
9 685.89 029004002023037022 106.159 031004000027035023
9 106.159 031004000027035023 4975.0 055004001027031003
9 4975.0 055004001027031003 687.392 019004001027031003
9 687.392 019004001027031003 106.159 031004000027035023
9 106.159 031004000027035023 2127.87 035004001047034022
9 2127.87 035004001047034022 451.081 040004001047034022
9 451.081 040004001047034022 106.159 031004000027035023
9 106.159 031004000027035023 497.081 013004000048050023
9 497.081 013004000048050023 377.68 013004000048050008
9 377.68 013004000048050008 106.159 031004000027035023
9 106.159 031004000027035023 1687.13 019001001023025023
9 1687.13 019001001023025023 281.13 019001001023036023
9 281.13 019001001023036023 106.159 031004000027035023
9 106.159 031004000027035023 1034.81 019005001047050005
9 1034.81 019005001047050005 346.932 019005002047050005
9 346.932 019005002047050005 106.159 031004000027035023
9 106.159 031004000027035023 1979.85 025004002027026018
9 1979.85 025004002027026018 726.948 025004001027026018
9 726.948 025004001027026018 106.159 031004000027035023
9 106.159 031004000027035023 7420.475 029004001007034016
9 7420.475 029004001007034016 7420.475 029004001007034016
9 7420.475 029004001007034016 106.159 031004000027035023
9 106.159 031004000027035023 618.425 005001001010036022
9 618.425 005001001010036022 431.075 005001001010036005
9 431.075 005001001010036005 106.159 031004000027035023
9 106.159 031004000027035023 32.3483 019001000047047008
9 32.3483 019001000047047008 106.159 031004000027035023
9 106.159 031004000027035023 143.235 025005000027026021
9 143.235 025005000027026021 714.54 004004000045037039
9 714.54 004004000045037039 571.469 004004000027037039
9 571.469 004004000027037039 32.3483 019001000047047008
9 32.3483 019001000047047008 334.2465 013004002017050039
9 334.2465 013004002017050039 334.2465 013004002017050039
9 334.2465 013004002017050039 32.3483 019001000047047008
9 32.3483 019001000047047008 405.964 019004000007036005
9 405.964 019004000007036005 382.767 019004000010036005
9 382.767 019004000010036005 32.3483 019001000047047008
9 32.3483 019001000047047008 588.85 019000001047050001
9 588.85 019000001047050001 440.797 014000001047050001
9 440.797 014000001047050001 32.3483 019001000047047008
9 32.3483 019001000047047008 13475.6 031004001049050023
9 13475.6 031004001049050023 600.222 031003001049050023
9 600.222 031003001049050023 32.3483 019001000047047008
9 32.3483 019001000047047008 344.585 004004000023036023
9 344.585 004004000023036023 308.195 004000000023036023
9 308.195 004000000023036023 32.3483 019001000047047008
9 32.3483 019001000047047008 389.8 013000000023025011
9 389.8 013000000023025011 125.776 013000000023030011
9 125.776 013000000023030011 32.3483 019001000047047008
9 32.3483 019001000047047008 2332030.0 055005001023033023
9 2332030.0 055005001023033023 3715.5 055005001023021023
9 3715.5 055005001023021023 32.3483 019001000047047008
9 32.3483 019001000047047008 301.099 004004001017036005
9 301.099 004004001017036005 32.3483 019001000047047008
9 32.3483 019001000047047008 106.159 031004000027035023
9 106.159 031004000027035023 55879.1 019004000007047016
9 55879.1 019004000007047016 102.757 012004000007047016
9 102.757 012004000007047016 32.3483 019001000047047008
9 32.3483 019001000047047008 219.018 031000000048036018
9 219.018 031000000048036018 166.96 031000000048017018
9 166.96 031000000048017018 32.3483 019001000047047008
9 32.3483 019001000047047008 2014.01 013001000001047005
9 2014.01 013001000001047005 1058.22 051001000001047005
9 1058.22 051001000001047005 32.3483 019001000047047008
9 32.3483 019001000047047008 1903.79 013004000010050039
9 1903.79 013004000010050039 150.673 013004000010050015
9 150.673 013004000010050015 32.3483 019001000047047008
9 32.3483 019001000047047008 741.945 055000001023050016
9 741.945 055000001023050016 125.48 055000001023050029
9 125.48 055000001023050029 32.3483 019001000047047008
9 32.3483 019001000047047008 383.701 004000000010025029
9 383.701 004000000010025029 250.155 004000000010003029
9 250.155 004000000010003029 32.3483 019001000047047008
9 32.3483 019001000047047008 666.365 004000001045036018
9 666.365 004000001045036018 398.798 004000001006036018
9 398.798 004000001006036018 32.3483 019001000047047008
9 32.3483 019001000047047008 546.374 091000001048035039
9 546.374 091000001048035039 465.252 091000001048035027
9 465.252 091000001048035027 32.3483 019001000047047008
9 32.3483 019001000047047008 405.718 025000001017035021
9 405.718 025000001017035021 155.653 005000001017035021
9 155.653 005000001017035021 32.3483 019001000047047008
9 32.3483 019001000047047008 61430.7 071001000023017039
9 61430.7 071001000023017039 387.722 071001000023017034
9 387.722 071001000023017034 32.3483 019001000047047008
9 32.3483 019001000047047008 2661.06 019005001023045005
9 2661.06 019005001023045005 931.591 092005001023045005
9 931.591 092005001023045005 32.3483 019001000047047008
9 32.3483 019001000047047008 1922.22 004004000017050016
9 1922.22 004004000017050016 523.023 004004000030050016
9 523.023 004004000030050016 32.3483 019001000047047008
9 32.3483 019001000047047008 385.138 012004000010026023
9 385.138 012004000010026023 286.06 012004000043026023
9 286.06 012004000043026023 32.3483 019001000047047008
9 32.3483 019001000047047008 493.164 005004001023045029
9 493.164 005004001023045029 474.863 005004001023045006
9 474.863 005004001023045006 32.3483 019001000047047008
9 32.3483 019001000047047008 155.993 019000001010036008
9 155.993 019000001010036008 152.779 005000001010036008
9 152.779 005000001010036008 32.3483 019001000047047008
9 32.3483 019001000047047008 2061.59 004002000010036018
9 2061.59 004002000010036018 513.076 007002000010036018
9 513.076 007002000010036018 32.3483 019001000047047008
9 32.3483 019001000047047008 405.395 013000002023047021
9 405.395 013000002023047021 298.171 013000002023023021
9 298.171 013000002023023021 32.3483 019001000047047008
9 32.3483 019001000047047008 56248.5 031004000023036029
9 56248.5 031004000023036029 361.905 031004002023036029
9 361.905 031004002023036029 32.3483 019001000047047008
9 32.3483 019001000047047008 225.692 012004000048050016
9 225.692 012004000048050016 194.517 012004000000050016
9 194.517 012004000000050016 32.3483 019001000047047008
9 32.3483 019001000047047008 506.787 019000001010036022
9 506.787 019000001010036022 203.972 008000001010036022
9 203.972 008000001010036022 32.3483 019001000047047008
9 32.3483 019001000047047008 110570.0 013000000027050008
9 110570.0 013000000027050008 32715.1 013000000027014008
9 32715.1 013000000027014008 32.3483 019001000047047008
9 32.3483 019001000047047008 302.954 031004000027045039
9 302.954 031004000027045039 54.4573 016004000027045039
9 54.4573 016004000027045039 32.3483 019001000047047008
9 32.3483 019001000047047008 1013.848 008004000027036039
9 1013.848 008004000027036039 1013.848 008004000027036039
9 1013.848 008004000027036039 32.3483 019001000047047008
9 32.3483 019001000047047008 763.497 031003002047045029
9 763.497 031003002047045029 526.022 031003002047045005
9 526.022 031003002047045005 32.3483 019001000047047008
9 32.3483 019001000047047008 372.315 016004000023050022
9 372.315 016004000023050022 113.695 016001000023050022
9 113.695 016001000023050022 32.3483 019001000047047008
9 32.3483 019001000047047008 598.135 013001001010050008
9 598.135 013001001010050008 275.098 013001001010029008
9 275.098 013001001010029008 32.3483 019001000047047008
9 32.3483 019001000047047008 458.464 019004001027050016
9 458.464 019004001027050016 194.276 019004001027031016
9 194.276 019004001027031016 32.3483 019001000047047008
9 32.3483 019001000047047008 45847.85 019004000010046021
9 45847.85 019004000010046021 45847.85 019004000010046021
9 45847.85 019004000010046021 32.3483 019001000047047008
9 32.3483 019001000047047008 569.005 012000001007035023
9 569.005 012000001007035023 400.609 012000001007048023
9 400.609 012000001007048023 32.3483 019001000047047008
9 32.3483 019001000047047008 33312.8 055004000023050018
9 33312.8 055004000023050018 482.638 055005000023050018
9 482.638 055005000023050018 32.3483 019001000047047008
9 32.3483 019001000047047008 12330.0 025000001027050016
9 12330.0 025000001027050016 565.751 025000000027050016
9 565.751 025000000027050016 32.3483 019001000047047008
9 32.3483 019001000047047008 1875.94 004004000027045018
9 1875.94 004004000027045018 486.081 018004000027045018
9 486.081 018004000027045018 32.3483 019001000047047008
9 32.3483 019001000047047008 21022.2 055004000049035004
9 21022.2 055004000049035004 615.493 055004000049035007
9 615.493 055004000049035007 32.3483 019001000047047008
9 32.3483 019001000047047008 500.316 013000000000045011
9 500.316 013000000000045011 127.521 013004000000045011
9 127.521 013004000000045011 32.3483 019001000047047008
9 32.3483 019001000047047008 1919.36 031000000047023029
9 1919.36 031000000047023029 32.3483 019001000047047008
9 32.3483 019001000047047008 54.4573 016004000027045039
9 54.4573 016004000027045039 617.364 031004002010046008
9 617.364 031004002010046008 401.327 031004002004046008
9 401.327 031004002004046008 32.3483 019001000047047008
9 32.3483 019001000047047008 271.557 013004000023050023
9 271.557 013004000023050023 32.3483 019001000047047008
9 32.3483 019001000047047008 54.4573 016004000027045039
9 54.4573 016004000027045039 269.727 016001000000033016
9 269.727 016001000000033016 252.766 028001000000033016
9 252.766 028001000000033016 32.3483 019001000047047008
9 32.3483 019001000047047008 705.818 004004002001045008
9 705.818 004004002001045008 535.506 004004002001016008
9 535.506 004004002001016008 32.3483 019001000047047008
9 32.3483 019001000047047008 851.494 055005000001035001
9 851.494 055005000001035001 744.262 063005000001035001
9 744.262 063005000001035001 32.3483 019001000047047008
9 32.3483 019001000047047008 240.912 004000002048050022
9 240.912 004000002048050022 97.9143 004004002048050022
9 97.9143 004004002048050022 32.3483 019001000047047008
9 32.3483 019001000047047008 1663.46 025001000048036016
9 1663.46 025001000048036016 581.988 025001000014036016
9 581.988 025001000014036016 32.3483 019001000047047008
9 32.3483 019001000047047008 265.376 071004002023033029
9 265.376 071004002023033029 260.693 020004002023033029
9 260.693 020004002023033029 32.3483 019001000047047008
9 32.3483 019001000047047008 13326.8 013004001023050022
9 13326.8 013004001023050022 10389.3 013004001023050011
9 10389.3 013004001023050011 32.3483 019001000047047008
9 32.3483 019001000047047008 399.068 028004000023045022
9 399.068 028004000023045022 280.385 028004000023045041
9 280.385 028004000023045041 32.3483 019001000047047008
9 32.3483 019001000047047008 435.8935 031004000047050021
9 435.8935 031004000047050021 435.8935 031004000047050021
9 435.8935 031004000047050021 32.3483 019001000047047008
9 32.3483 019001000047047008 587.194 022004000043036021
9 587.194 022004000043036021 460.682 022002000043036021
9 460.682 022002000043036021 32.3483 019001000047047008
9 32.3483 019001000047047008 32073.9 012004002000045039
9 32073.9 012004002000045039 27940.8 018004002000045039
9 27940.8 018004002000045039 32.3483 019001000047047008
9 32.3483 019001000047047008 108043.0 016004000007030039
9 108043.0 016004000007030039 828.851 034004000007030039
9 828.851 034004000007030039 32.3483 019001000047047008
9 32.3483 019001000047047008 42512.5 031004000000045023
9 42512.5 031004000000045023 1838.91 031004000040045023
9 1838.91 031004000040045023 32.3483 019001000047047008
9 32.3483 019001000047047008 11098.4 031001001048045011
9 11098.4 031001001048045011 1741.64 031001001000045011
9 1741.64 031001001000045011 32.3483 019001000047047008
9 32.3483 019001000047047008 11421.9 004004001023045017
9 11421.9 004004001023045017 374.636 004004001045045017
9 374.636 004004001045045017 32.3483 019001000047047008
9 32.3483 019001000047047008 533650000.0 091000001000026016
9 533650000.0 091000001000026016 7315.35 091000001000026023
9 7315.35 091000001000026023 32.3483 019001000047047008
9 32.3483 019001000047047008 337.783 022004000010033016
9 337.783 022004000010033016 32.3483 019001000047047008
9 32.3483 019001000047047008 54.4573 016004000027045039
9 54.4573 016004000027045039 19014.9 004000000027045023
9 19014.9 004000000027045023 3658.16 004000002027045023
9 3658.16 004000002027045023 32.3483 019001000047047008
9 32.3483 019001000047047008 524.754 013004001023036039
9 524.754 013004001023036039 32.3483 019001000047047008
9 32.3483 019001000047047008 54.4573 016004000027045039
9 54.4573 016004000027045039 378.078 004001000048033029
9 378.078 004001000048033029 32.3483 019001000047047008
9 32.3483 019001000047047008 54.4573 016004000027045039
9 54.4573 016004000027045039 20077.947 004004002017037022
9 20077.947 004004002017037022 20077.947 004004002017037022
9 20077.947 004004002017037022 32.3483 019001000047047008
9 32.3483 019001000047047008 2091.66 019001001010037016
9 2091.66 019001001010037016 1983.92 002001001010037016
9 1983.92 002001001010037016 32.3483 019001000047047008
9 32.3483 019001000047047008 258.157 016004001027045016
9 258.157 016004001027045016 56.6193 016004001027045031
9 56.6193 016004001027045031 32.3483 019001000047047008
9 32.3483 019001000047047008 661.66 016004002048050016
9 661.66 016004002048050016 542.269 016004002016050016
9 542.269 016004002016050016 32.3483 019001000047047008
9 32.3483 019001000047047008 320.851 004004000007045016
9 320.851 004004000007045016 147.145 004004000007020016
9 147.145 004004000007020016 32.3483 019001000047047008
9 32.3483 019001000047047008 2164.8 016004001027050018
9 2164.8 016004001027050018 1879.87 016004001027038018
9 1879.87 016004001027038018 32.3483 019001000047047008
9 32.3483 019001000047047008 17788.1 071004000023036021
9 17788.1 071004000023036021 312.344 071004000023039021
9 312.344 071004000023039021 32.3483 019001000047047008
9 32.3483 019001000047047008 614.185 004004000048050018
9 614.185 004004000048050018 366.564 053004000048050018
9 366.564 053004000048050018 32.3483 019001000047047008
9 32.3483 019001000047047008 33184.2 028004000023045016
9 33184.2 028004000023045016 17629.9 028004000018045016
9 17629.9 028004000018045016 32.3483 019001000047047008
9 32.3483 019001000047047008 34952.5 004004000010036016
9 34952.5 004004000010036016 2041.86 004004000010036035
9 2041.86 004004000010036035 32.3483 019001000047047008
9 32.3483 019001000047047008 31167.5 004001000047045016
9 31167.5 004001000047045016 292.736 004001002047045016
9 292.736 004001002047045016 32.3483 019001000047047008
9 32.3483 019001000047047008 58417.486 025001000017046039
9 58417.486 025001000017046039 58417.486 025001000017046039
9 58417.486 025001000017046039 32.3483 019001000047047008
9 32.3483 019001000047047008 381.211 031005000043047023
9 381.211 031005000043047023 101.702 031005000027047023
9 101.702 031005000027047023 32.3483 019001000047047008
9 32.3483 019001000047047008 11888.6 022004002027031029
9 11888.6 022004002027031029 610.982 022004002043031029
9 610.982 022004002043031029 32.3483 019001000047047008
9 32.3483 019001000047047008 32987.6 012004002027046023
9 32987.6 012004002027046023 360.892 012004002027004023
9 360.892 012004002027004023 32.3483 019001000047047008
9 32.3483 019001000047047008 227.981 013000000023045016
9 227.981 013000000023045016 32.3483 019001000047047008
9 32.3483 019001000047047008 54.4573 016004000027045039
9 54.4573 016004000027045039 490.218 016001001023036023
9 490.218 016001001023036023 292.799 016001002023036023
9 292.799 016001002023036023 32.3483 019001000047047008
9 32.3483 019001000047047008 771.006 013001000023050016
9 771.006 013001000023050016 213.275 013001000023050038
9 213.275 013001000023050038 32.3483 019001000047047008
9 32.3483 019001000047047008 694.84 012002000023036029
9 694.84 012002000023036029 431.77 012005000023036029
9 431.77 012005000023036029 32.3483 019001000047047008
9 32.3483 019001000047047008 462.24 012001001010031029
9 462.24 012001001010031029 200.761 023001001010031029
9 200.761 023001001010031029 32.3483 019001000047047008
9 32.3483 019001000047047008 1672.78 016004000023045016
9 1672.78 016004000023045016 586.402 014004000023045016
9 586.402 014004000023045016 32.3483 019001000047047008
9 32.3483 019001000047047008 468.779 004004001010031008
9 468.779 004004001010031008 353.216 004004001010031022
9 353.216 004004001010031022 32.3483 019001000047047008
9 32.3483 019001000047047008 34298.0 013004001027050031
9 34298.0 013004001027050031 2197.44 013004001027005031
9 2197.44 013004001027005031 32.3483 019001000047047008
9 32.3483 019001000047047008 2245.31 016000001048033023
9 2245.31 016000001048033023 190.067 016000000048033023
9 190.067 016000000048033023 32.3483 019001000047047008
9 32.3483 019001000047047008 25145.7 004001000048020016
9 25145.7 004001000048020016 663.916 004001000044020016
9 663.916 004001000044020016 32.3483 019001000047047008
9 32.3483 019001000047047008 17687.6 031004000048036018
9 17687.6 031004000048036018 182.513 093004000048036018
9 182.513 093004000048036018 32.3483 019001000047047008
9 32.3483 019001000047047008 749.929 004001000010050039
9 749.929 004001000010050039 592.63 004005000010050039
9 592.63 004005000010050039 32.3483 019001000047047008
9 32.3483 019001000047047008 25447700.0 091000002047050022
9 25447700.0 091000002047050022 2383.86 091000002047050030
9 2383.86 091000002047050030 32.3483 019001000047047008
9 32.3483 019001000047047008 454.333 019004000027050018
9 454.333 019004000027050018 274.72 019005000027050018
9 274.72 019005000027050018 32.3483 019001000047047008
9 32.3483 019001000047047008 19791.2 055004001001050029
9 19791.2 055004001001050029 740.5 055000001001050029
9 740.5 055000001001050029 32.3483 019001000047047008
9 32.3483 019001000047047008 44618.7 031000000023050023
9 44618.7 031000000023050023 819.39 031000001023050023
9 819.39 031000001023050023 32.3483 019001000047047008
9 32.3483 019001000047047008 196.289 013004001010037016
9 196.289 013004001010037016 32.3483 019001000047047008
9 32.3483 019001000047047008 54.4573 016004000027045039
9 54.4573 016004000027045039 524.186 055000000010045011
9 524.186 055000000010045011 439.613 055000000010045026
9 439.613 055000000010045026 32.3483 019001000047047008
9 32.3483 019001000047047008 155.632 013004002048047039
9 155.632 013004002048047039 32.3483 019001000047047008
9 32.3483 019001000047047008 54.4573 016004000027045039
9 54.4573 016004000027045039 56155.6 019004000027036022
9 56155.6 019004000027036022 357.678 019000000027036022
9 357.678 019000000027036022 32.3483 019001000047047008
9 32.3483 019001000047047008 1711.43 012000000000035023
9 1711.43 012000000000035023 238.281 012000000000035024
9 238.281 012000000000035024 32.3483 019001000047047008
9 32.3483 019001000047047008 418.247 023005000023036016
9 418.247 023005000023036016 336.655 023002000023036016
9 336.655 023002000023036016 32.3483 019001000047047008
9 32.3483 019001000047047008 596.089 031004000027045022
9 596.089 031004000027045022 49.2579 031004000036045022
9 49.2579 031004000036045022 32.3483 019001000047047008
9 32.3483 019001000047047008 852.41 013000002048033018
9 852.41 013000002048033018 552.079 013004002048033018
9 552.079 013004002048033018 32.3483 019001000047047008
9 32.3483 019001000047047008 513.908 013001000000050008
9 513.908 013001000000050008 342.621 013001000000050020
9 342.621 013001000000050020 32.3483 019001000047047008
9 32.3483 019001000047047008 1079.66 012000001048045022
9 1079.66 012000001048045022 622.172 012005001048045022
9 622.172 012005001048045022 32.3483 019001000047047008
9 32.3483 019001000047047008 22692.0 022000001010047008
9 22692.0 022000001010047008 17280.2 049000001010047008
9 17280.2 049000001010047008 32.3483 019001000047047008
9 32.3483 019001000047047008 481.154 019004000027045039
9 481.154 019004000027045039 451.945 064004000027045039
9 451.945 064004000027045039 32.3483 019001000047047008
9 32.3483 019001000047047008 176.258 005001000010050011
9 176.258 005001000010050011 141.656 005001000010048011
9 141.656 005001000010048011 32.3483 019001000047047008
9 32.3483 019001000047047008 3198.4 031000001027020038
9 3198.4 031000001027020038 727.585 031000001027020024
9 727.585 031000001027020024 32.3483 019001000047047008
9 32.3483 019001000047047008 2082.2 004000000027036016
9 2082.2 004000000027036016 32.3483 019001000047047008
9 32.3483 019001000047047008 49.2579 031004000036045022
9 49.2579 031004000036045022 296.408 012004000048047016
9 296.408 012004000048047016 28.7179 081004000048047016
9 28.7179 081004000048047016 32.3483 019001000047047008
9 32.3483 019001000047047008 1765.48 005004001000020039
9 1765.48 005004001000020039 1628.13 005004001000020022
9 1628.13 005004001000020022 28.7179 081004000048047016
9 28.7179 081004000048047016 16133.3 091000001010036029
9 16133.3 091000001010036029 1753.81 091000001010036044
9 1753.81 091000001010036044 28.7179 081004000048047016
9 28.7179 081004000048047016 89.191 016004001048035031
9 89.191 016004001048035031 71.0016 064004001048035031
9 71.0016 064004001048035031 28.7179 081004000048047016
9 28.7179 081004000048047016 2905.34 031000000027036022
9 2905.34 031000000027036022 779.143 031000000027036010
9 779.143 031000000027036010 28.7179 081004000048047016
9 28.7179 081004000048047016 817.124 016004000023036038
9 817.124 016004000023036038 476.377 016004000003036038
9 476.377 016004000003036038 28.7179 081004000048047016
9 28.7179 081004000048047016 273.701 005004002047036016
9 273.701 005004002047036016 230.952 005004002047036024
9 230.952 005004002047036024 28.7179 081004000048047016
9 28.7179 081004000048047016 29301.9 016004001036045039
9 29301.9 016004001036045039 25523.8 016004001036038039
9 25523.8 016004001036038039 28.7179 081004000048047016
9 28.7179 081004000048047016 31675.6 012001000047030016
9 31675.6 012001000047030016 23203.6 012001000018030016
9 23203.6 012001000018030016 28.7179 081004000048047016
9 28.7179 081004000048047016 1832.81 012004000010036039
9 1832.81 012004000010036039 572.597 012004000024036039
9 572.597 012004000024036039 28.7179 081004000048047016
9 28.7179 081004000048047016 54396.1 012001000010045016
9 54396.1 012001000010045016 508.863 012002000010045016
9 508.863 012002000010045016 28.7179 081004000048047016
9 28.7179 081004000048047016 8002.0465 013000000007050011
9 8002.0465 013000000007050011 8002.0465 013000000007050011
9 8002.0465 013000000007050011 28.7179 081004000048047016
9 28.7179 081004000048047016 31669.6 055000001010036031
9 31669.6 055000001010036031 26259.2 055003001010036031
9 26259.2 055003001010036031 28.7179 081004000048047016
9 28.7179 081004000048047016 1594.59 016000001048045039
9 1594.59 016000001048045039 664.918 016000000048045039
9 664.918 016000000048045039 28.7179 081004000048047016
9 28.7179 081004000048047016 37608.2 008004001010047031
9 37608.2 008004001010047031 301.368 008004002010047031
9 301.368 008004002010047031 28.7179 081004000048047016
9 28.7179 081004000048047016 408.568 023000000010047016
9 408.568 023000000010047016 260.741 023000000005047016
9 260.741 023000000005047016 28.7179 081004000048047016
9 28.7179 081004000048047016 1572.55 005000000017047039
9 1572.55 005000000017047039 638.62 005000000017047040
9 638.62 005000000017047040 28.7179 081004000048047016
9 28.7179 081004000048047016 1798.07 019001000048046011
9 1798.07 019001000048046011 743.048 019003000048046011
9 743.048 019003000048046011 28.7179 081004000048047016
9 28.7179 081004000048047016 593.974 013000001010047039
9 593.974 013000001010047039 254.366 093000001010047039
9 254.366 093000001010047039 28.7179 081004000048047016
9 28.7179 081004000048047016 452.79 016004000023030039
9 452.79 016004000023030039 282.928 016004000023030025
9 282.928 016004000023030025 28.7179 081004000048047016
9 28.7179 081004000048047016 528.291 013000001027030023
9 528.291 013000001027030023 350.716 036000001027030023
9 350.716 036000001027030023 28.7179 081004000048047016
9 28.7179 081004000048047016 15930.7 081001000027035016
9 15930.7 081001000027035016 381.995 081001000000035016
9 381.995 081001000000035016 28.7179 081004000048047016
9 28.7179 081004000048047016 11457.8 093000001023033016
9 11457.8 093000001023033016 947.628 093000001028033016
9 947.628 093000001028033016 28.7179 081004000048047016
9 28.7179 081004000048047016 486.085 016000000023050011
9 486.085 016000000023050011 374.881 016000000013050011
9 374.881 016000000013050011 28.7179 081004000048047016
9 28.7179 081004000048047016 455.381 008001000023050008
9 455.381 008001000023050008 276.513 081001000023050008
9 276.513 081001000023050008 28.7179 081004000048047016
9 28.7179 081004000048047016 455.477 016000000047035011
9 455.477 016000000047035011 413.222 016000000047035020
9 413.222 016000000047035020 28.7179 081004000048047016
9 28.7179 081004000048047016 7778.8885 013000002048047016
9 7778.8885 013000002048047016 7778.8885 013000002048047016
9 7778.8885 013000002048047016 28.7179 081004000048047016
9 28.7179 081004000048047016 37768.8 031000000010035023
9 37768.8 031000000010035023 1188.23 031000000010000023
9 1188.23 031000000010000023 28.7179 081004000048047016
9 28.7179 081004000048047016 394.084 012004000027035017
9 394.084 012004000027035017 134.093 012004000027035038
9 134.093 012004000027035038 28.7179 081004000048047016
9 28.7179 081004000048047016 622.276 012001000048050011
9 622.276 012001000048050011 283.924 012001000048050014
9 283.924 012001000048050014 28.7179 081004000048047016
9 28.7179 081004000048047016 446.517 016001001048035022
9 446.517 016001001048035022 299.222 016001001048000022
9 299.222 016001001048000022 28.7179 081004000048047016
9 28.7179 081004000048047016 512.302 013004000027050029
9 512.302 013004000027050029 259.781 013004000029050029
9 259.781 013004000029050029 28.7179 081004000048047016
10 28.7179 081004000048047016 442.529 023004001007017006
10 442.529 023004001007017006 209.315 016000000001028018
10 209.315 016000000001028018 270.926 014004001006040023
10 270.926 014004001006040023 1019.62 035005001046006009
10 1019.62 035005001046006009 86.5092 035002001046006009
10 86.5092 035002001046006009 209.315 016000000001028018
10 209.315 016000000001028018 90440600.0 017000000028000012
10 90440600.0 017000000028000012 1174460.0 017000002028000012
10 1174460.0 017000002028000012 86.5092 035002001046006009
10 86.5092 035002001046006009 624.757 026000002041022023
10 624.757 026000002041022023 478.242 026000002041025023
10 478.242 026000002041025023 86.5092 035002001046006009
10 86.5092 035002001046006009 376179.0 020002000027000022
10 376179.0 020002000027000022 25242.8 020002000033000022
10 25242.8 020002000033000022 86.5092 035002001046006009
10 86.5092 035002001046006009 828044.0 071003002008032006
10 828044.0 071003002008032006 594.012 071003002008032035
10 594.012 071003002008032035 86.5092 035002001046006009
10 86.5092 035002001046006009 1651.66 040000000038038019
10 1651.66 040000000038038019 463.55 040002000038038019
10 463.55 040002000038038019 86.5092 035002001046006009
10 86.5092 035002001046006009 228.138 026006000040012045
10 228.138 026006000040012045 178.645 026006000034012045
10 178.645 026006000034012045 86.5092 035002001046006009
10 86.5092 035002001046006009 1883.3 065004001021000020
10 1883.3 065004001021000020 653.108 065004001021049020
10 653.108 065004001021049020 86.5092 035002001046006009
10 86.5092 035002001046006009 2515.24 026000001041025010
10 2515.24 026000001041025010 1999.18 080000001041025010
10 1999.18 080000001041025010 86.5092 035002001046006009
10 86.5092 035002001046006009 997.174 010006002036039003
10 997.174 010006002036039003 86.5092 035002001046006009
10 86.5092 035002001046006009 178.645 026006000034012045
10 178.645 026006000034012045 438.348 026000001018033023
10 438.348 026000001018033023 398.068 026004001018033023
10 398.068 026004001018033023 86.5092 035002001046006009
10 86.5092 035002001046006009 13624.8 065006001003028008
10 13624.8 065006001003028008 850.507 065006001015028008
10 850.507 065006001015028008 86.5092 035002001046006009
10 86.5092 035002001046006009 566.097 040002000008028045
10 566.097 040002000008028045 320.57 040002000008043045
10 320.57 040002000008043045 86.5092 035002001046006009
10 86.5092 035002001046006009 52935.7 065005002036012045
10 52935.7 065005002036012045 377.977 097005002036012045
10 377.977 097005002036012045 86.5092 035002001046006009
10 86.5092 035002001046006009 19499.8 026004000046050008
10 19499.8 026004000046050008 1663.77 026004000043050008
10 1663.77 026004000043050008 86.5092 035002001046006009
10 86.5092 035002001046006009 497.879 016004000039046020
10 497.879 016004000039046020 497.879 016004000039046020
10 497.879 016004000039046020 86.5092 035002001046006009
10 86.5092 035002001046006009 920.613 026002002018039020
10 920.613 026002002018039020 484.623 063002002018039020
10 484.623 063002002018039020 86.5092 035002001046006009
10 86.5092 035002001046006009 41034900.0 063005001018048018
10 41034900.0 063005001018048018 3191060.0 063006001018048018
10 3191060.0 063006001018048018 86.5092 035002001046006009
10 86.5092 035002001046006009 398.004 010003002038015020
10 398.004 010003002038015020 398.004 010003002038015020
10 398.004 010003002038015020 86.5092 035002001046006009
10 86.5092 035002001046006009 2217.83 040003002033050018
10 2217.83 040003002033050018 86.5092 035002001046006009
10 86.5092 035002001046006009 178.645 026006000034012045
10 178.645 026006000034012045 305.709 052004000038030008
10 305.709 052004000038030008 86.5092 035002001046006009
10 86.5092 035002001046006009 178.645 026006000034012045
10 178.645 026006000034012045 26827.5 026003001041000003
10 26827.5 026003001041000003 14653.2 026001001041000003
10 14653.2 026001001041000003 86.5092 035002001046006009
10 86.5092 035002001046006009 6225.35 071005000038047004
10 6225.35 071005000038047004 5505.12 071003000038047004
10 5505.12 071003000038047004 86.5092 035002001046006009
10 86.5092 035002001046006009 1200.56 014003000041028005
10 1200.56 014003000041028005 282.427 014000000041028005
10 282.427 014000000041028005 86.5092 035002001046006009
10 86.5092 035002001046006009 594.521 010004002033006023
10 594.521 010004002033006023 594.521 010004002033006023
10 594.521 010004002033006023 86.5092 035002001046006009
10 86.5092 035002001046006009 10460.545 031000002041015008
10 10460.545 031000002041015008 10460.545 031000002041015008
10 10460.545 031000002041015008 86.5092 035002001046006009
10 86.5092 035002001046006009 109495.0 097002002008012045
10 109495.0 097002002008012045 1316.72 097002002012012045
10 1316.72 097002002012012045 86.5092 035002001046006009
10 86.5092 035002001046006009 1309.5185000000001 010004002033006020
10 1309.5185000000001 010004002033006020 1309.5185000000001 010004002033006020
10 1309.5185000000001 010004002033006020 86.5092 035002001046006009
10 86.5092 035002001046006009 413252000.0 063003000038038045
10 413252000.0 063003000038038045 329816000.0 063003000017038045
10 329816000.0 063003000017038045 86.5092 035002001046006009
10 86.5092 035002001046006009 456.709 019004001036012045
10 456.709 019004001036012045 186.189 082004001036012045
10 186.189 082004001036012045 86.5092 035002001046006009
10 86.5092 035002001046006009 13735.3 010001000008006019
10 13735.3 010001000008006019 1011.61 010001000008006006
10 1011.61 010001000008006006 86.5092 035002001046006009
10 86.5092 035002001046006009 602.286 063005001038028015
10 602.286 063005001038028015 400.573 063005001038028035
10 400.573 063005001038028035 86.5092 035002001046006009
10 86.5092 035002001046006009 69994.0 010002000008028045
10 69994.0 010002000008028045 534.495 010002000006028045
10 534.495 010002000006028045 86.5092 035002001046006009
10 86.5092 035002001046006009 7247.73 071005001038016020
10 7247.73 071005001038016020 1037.15 080005001038016020
10 1037.15 080005001038016020 86.5092 035002001046006009
10 86.5092 035002001046006009 9165.9 019001000007006016
10 9165.9 019001000007006016 4974.78 019000000007006016
10 4974.78 019000000007006016 86.5092 035002001046006009
10 86.5092 035002001046006009 2345.62 026001001034039020
10 2345.62 026001001034039020 2345.62 026001001034039020
10 2345.62 026001001034039020 86.5092 035002001046006009
10 86.5092 035002001046006009 2235.55 010002001038033020
10 2235.55 010002001038033020 662.889 010002001029033020
10 662.889 010002001029033020 86.5092 035002001046006009
10 86.5092 035002001046006009 22818.7 014001001046028024
10 22818.7 014001001046028024 19643.7 014001000046028024
10 19643.7 014001000046028024 86.5092 035002001046006009
10 86.5092 035002001046006009 2036.88 014005002046028023
10 2036.88 014005002046028023 1870.43 014005002046008023
10 1870.43 014005002046008023 86.5092 035002001046006009
10 86.5092 035002001046006009 295.7095 011002000041016023
10 295.7095 011002000041016023 295.7095 011002000041016023
10 295.7095 011002000041016023 86.5092 035002001046006009
10 86.5092 035002001046006009 264.109 063004000021039020
10 264.109 063004000021039020 38.0504 060004000021039020
10 38.0504 060004000021039020 86.5092 035002001046006009
10 86.5092 035002001046006009 37286.6 026000001038016045
10 37286.6 026000001038016045 25345.0 026000001038016015
10 25345.0 026000001038016015 38.0504 060004000021039020
10 38.0504 060004000021039020 2437.84 040003002036028020
10 2437.84 040003002036028020 334.741 040003002009028020
10 334.741 040003002009028020 38.0504 060004000021039020
10 38.0504 060004000021039020 17310.5 052004000034012023
10 17310.5 052004000034012023 2248.16 052004000034007023
10 2248.16 052004000034007023 38.0504 060004000021039020
10 38.0504 060004000021039020 617.578 010004000038022007
10 617.578 010004000038022007 465.102 010004000038022038
10 465.102 010004000038022038 38.0504 060004000021039020
10 38.0504 060004000021039020 36359.6 010002000009028020
10 36359.6 010002000009028020 374.23 010002001009028020
10 374.23 010002001009028020 38.0504 060004000021039020
10 38.0504 060004000021039020 1754.73 035002001038004020
10 1754.73 035002001038004020 608.591 027002001038004020
10 608.591 027002001038004020 38.0504 060004000021039020
10 38.0504 060004000021039020 75090.7 010002000018016023
10 75090.7 010002000018016023 372.287 042002000018016023
10 372.287 042002000018016023 38.0504 060004000021039020
10 38.0504 060004000021039020 792.924 016000001038022006
10 792.924 016000001038022006 693.408 016000001038002006
10 693.408 016000001038002006 38.0504 060004000021039020
10 38.0504 060004000021039020 987.641 063005001044038018
10 987.641 063005001044038018 570.621 063004001044038018
10 570.621 063004001044038018 38.0504 060004000021039020
10 38.0504 060004000021039020 331.358 026002000038016045
10 331.358 026002000038016045 278.659 026002000038046045
10 278.659 026002000038046045 38.0504 060004000021039020
10 38.0504 060004000021039020 11922.5 035004000046028005
10 11922.5 035004000046028005 839.575 035004002046028005
10 839.575 035004002046028005 38.0504 060004000021039020
10 38.0504 060004000021039020 257.406 010002002034012023
10 257.406 010002002034012023 196.633 010002002034026023
10 196.633 010002002034026023 38.0504 060004000021039020
10 38.0504 060004000021039020 239.311 026004000046026045
10 239.311 026004000046026045 149.666 019004000046026045
10 149.666 019004000046026045 38.0504 060004000021039020
10 38.0504 060004000021039020 1345.97 010002002018012005
10 1345.97 010002002018012005 446.407 010003002018012005
10 446.407 010003002018012005 38.0504 060004000021039020
10 38.0504 060004000021039020 2401.26 011004001024016006
10 2401.26 011004001024016006 2122.36 014004001024016006
10 2122.36 014004001024016006 38.0504 060004000021039020
10 38.0504 060004000021039020 705.17 010006002041025038
10 705.17 010006002041025038 528.132 010006002041025027
10 528.132 010006002041025027 38.0504 060004000021039020
10 38.0504 060004000021039020 10488.9905 040004002021026018
10 10488.9905 040004002021026018 10488.9905 040004002021026018
10 10488.9905 040004002021026018 38.0504 060004000021039020
10 38.0504 060004000021039020 35142.5 040002000003028009
10 35142.5 040002000003028009 7795.84 040003000003028009
10 7795.84 040003000003028009 38.0504 060004000021039020
10 38.0504 060004000021039020 432.853 019004000018028015
10 432.853 019004000018028015 284.109 019004000035028015
10 284.109 019004000035028015 38.0504 060004000021039020
10 38.0504 060004000021039020 612.645 026004000046028020
10 612.645 026004000046028020 158.033 026004000046028026
10 158.033 026004000046028026 38.0504 060004000021039020
10 38.0504 060004000021039020 2741.13 082004000001026009
10 2741.13 082004000001026009 786.12 029004000001026009
10 786.12 029004000001026009 38.0504 060004000021039020
10 38.0504 060004000021039020 23410.2 040002000038012015
10 23410.2 040002000038012015 561.612 040002000038012021
10 561.612 040002000038012021 38.0504 060004000021039020
10 38.0504 060004000021039020 2076.85 040004000036004020
10 2076.85 040004000036004020 188.682 040004000036044020
10 188.682 040004000036044020 38.0504 060004000021039020
10 38.0504 060004000021039020 505.519 014005002036028006
10 505.519 014005002036028006 338.952 014005002036035006
10 338.952 014005002036035006 38.0504 060004000021039020
10 38.0504 060004000021039020 269.463 026002001036016015
10 269.463 026002001036016015 266.565 026002001033016015
10 266.565 026002001033016015 38.0504 060004000021039020
10 38.0504 060004000021039020 52776.7 060002000039006015
10 52776.7 060002000039006015 713.399 078002000039006015
10 713.399 078002000039006015 38.0504 060004000021039020
10 38.0504 060004000021039020 22697.5 040002002038017020
10 22697.5 040002002038017020 826.146 040002002038041020
10 826.146 040002002038041020 38.0504 060004000021039020
10 38.0504 060004000021039020 22163.1 010004000021017018
10 22163.1 010004000021017018 2194.16 010004000021017027
10 2194.16 010004000021017027 38.0504 060004000021039020
10 38.0504 060004000021039020 33466.9 063002001034015020
10 33466.9 063002001034015020 14646.8 063002001017015020
10 14646.8 063002001017015020 38.0504 060004000021039020
10 38.0504 060004000021039020 20889.2 026005001034012038
10 20889.2 026005001034012038 375.265 026005001026012038
10 375.265 026005001026012038 38.0504 060004000021039020
10 38.0504 060004000021039020 420.936 013002000035016006
10 420.936 013002000035016006 275.365 013002000035035006
10 275.365 013002000035035006 38.0504 060004000021039020
10 38.0504 060004000021039020 392.384 013002000034040006
10 392.384 013002000034040006 38.0504 060004000021039020
10 38.0504 060004000021039020 86.5092 035002001046006009
10 86.5092 035002001046006009 54867.3 014004000009028006
10 54867.3 014004000009028006 2588.36 047004000009028006
10 2588.36 047004000009028006 38.0504 060004000021039020
10 38.0504 060004000021039020 38872.0 026002001021033045
10 38872.0 026002001021033045 503.292 026001001021033045
10 503.292 026001001021033045 38.0504 060004000021039020
10 38.0504 060004000021039020 498.078 010002000041028015
10 498.078 010002000041028015 461.751 045002000041028015
10 461.751 045002000041028015 38.0504 060004000021039020
10 38.0504 060004000021039020 38982.8 026002002035012045
10 38982.8 026002002035012045 35336.8 095002002035012045
10 35336.8 095002002035012045 38.0504 060004000021039020
10 38.0504 060004000021039020 515.576 019004001038012008
10 515.576 019004001038012008 38.0504 060004000021039020
10 38.0504 060004000021039020 86.5092 035002001046006009
10 86.5092 035002001046006009 651.568 013003000041028006
10 651.568 013003000041028006 621.919 013003000041023006
10 621.919 013003000041023006 38.0504 060004000021039020
10 38.0504 060004000021039020 2996.81 026002002041012020
10 2996.81 026002002041012020 893.897 026002002041049020
10 893.897 026002002041049020 38.0504 060004000021039020
10 38.0504 060004000021039020 11301.9 026004002036043015
10 11301.9 026004002036043015 749.629 050004002036043015
10 749.629 050004002036043015 38.0504 060004000021039020
10 38.0504 060004000021039020 234.617 013004001018039026
10 234.617 013004001018039026 211.714 013003001018039026
10 211.714 013003001018039026 38.0504 060004000021039020
10 38.0504 060004000021039020 62720.9 040000000034012045
10 62720.9 040000000034012045 62720.9 040000000034012045
10 62720.9 040000000034012045 38.0504 060004000021039020
10 38.0504 060004000021039020 69222.8 010003000036012020
10 69222.8 010003000036012020 310.31 010003000028012020
10 310.31 010003000028012020 38.0504 060004000021039020
10 38.0504 060004000021039020 720.018 016004002038016020
10 720.018 016004002038016020 578.584 016004002038016014
10 578.584 016004002038016014 38.0504 060004000021039020
10 38.0504 060004000021039020 280.974 019004000046016045
10 280.974 019004000046016045 99.3571 019004000008016045
10 99.3571 019004000008016045 38.0504 060004000021039020
10 38.0504 060004000021039020 658.111 026002001003012020
10 658.111 026002001003012020 38.0504 060004000021039020
10 38.0504 060004000021039020 86.5092 035002001046006009
10 86.5092 035002001046006009 1518.3919999999998 019002001046012015
10 1518.3919999999998 019002001046012015 1518.3919999999998 019002001046012015
10 1518.3919999999998 019002001046012015 38.0504 060004000021039020
10 38.0504 060004000021039020 269.874 040004000008039018
10 269.874 040004000008039018 186.901 015004000008039018
10 186.901 015004000008039018 38.0504 060004000021039020
10 38.0504 060004000021039020 429.681 026004000033028020
10 429.681 026004000033028020 329.525 026002000033028020
10 329.525 026002000033028020 38.0504 060004000021039020
10 38.0504 060004000021039020 47912.2 026004000028040045
10 47912.2 026004000028040045 38761.9 026004002028040045
10 38761.9 026004002028040045 38.0504 060004000021039020
10 38.0504 060004000021039020 636.146 082005001021028008
10 636.146 082005001021028008 38.0504 060004000021039020
10 38.0504 060004000021039020 86.5092 035002001046006009
10 86.5092 035002001046006009 32917.1 013005001041012045
10 32917.1 013005001041012045 344.635 013005001041012004
10 344.635 013005001041012004 38.0504 060004000021039020
10 38.0504 060004000021039020 27532.8 063004000008016023
10 27532.8 063004000008016023 260.564 063004000047016023
10 260.564 063004000047016023 38.0504 060004000021039020
10 38.0504 060004000021039020 399.375 026004000021040023
10 399.375 026004000021040023 323.316 003004000021040023
10 323.316 003004000021040023 38.0504 060004000021039020
10 38.0504 060004000021039020 18480.9 040002001038039020
10 18480.9 040002001038039020 2842.54 040000001038039020
10 2842.54 040000001038039020 38.0504 060004000021039020
10 38.0504 060004000021039020 24986.7 042005001038026006
10 24986.7 042005001038026006 1349.66 042005001038009006
10 1349.66 042005001038009006 38.0504 060004000021039020
10 38.0504 060004000021039020 705.579 011004000038040020
10 705.579 011004000038040020 593.669 011004000038040045
10 593.669 011004000038040045 38.0504 060004000021039020
10 38.0504 060004000021039020 421.134 097005000001026023
10 421.134 097005000001026023 38.0504 060004000021039020
10 38.0504 060004000021039020 86.5092 035002001046006009
10 86.5092 035002001046006009 809.538 010002001041026045
10 809.538 010002001041026045 325.144 059002001041026045
10 325.144 059002001041026045 38.0504 060004000021039020
10 38.0504 060004000021039020 514.119 010002000035028023
10 514.119 010002000035028023 38.0504 060004000021039020
10 38.0504 060004000021039020 86.5092 035002001046006009
10 86.5092 035002001046006009 790.057 014002001046039020
10 790.057 014002001046039020 491.775 014006001046039020
10 491.775 014006001046039020 38.0504 060004000021039020
10 38.0504 060004000021039020 181.354 014002001046012045
10 181.354 014002001046012045 165.057 014002001018012045
10 165.057 014002001018012045 38.0504 060004000021039020
10 38.0504 060004000021039020 32574.1 010004000047006020
10 32574.1 010004000047006020 407.616 010004000047006017
10 407.616 010004000047006017 38.0504 060004000021039020
10 38.0504 060004000021039020 339.53585 010004000040012045
10 339.53585 010004000040012045 339.53585 010004000040012045
10 339.53585 010004000040012045 38.0504 060004000021039020
10 38.0504 060004000021039020 585.831 026002000003035045
10 585.831 026002000003035045 531.573 026002000003035017
10 531.573 026002000003035017 38.0504 060004000021039020
10 38.0504 060004000021039020 59194.0 026002002036039045
10 59194.0 026002002036039045 32113.9 026002002036039042
10 32113.9 026002002036039042 38.0504 060004000021039020
10 38.0504 060004000021039020 26637.6 026002000036026020
10 26637.6 026002000036026020 1805.64 026002002036026020
10 1805.64 026002002036026020 38.0504 060004000021039020
10 38.0504 060004000021039020 22650.4 019004001009012026
10 22650.4 019004001009012026 22650.4 019004001009012026
10 22650.4 019004001009012026 38.0504 060004000021039020
10 38.0504 060004000021039020 275.191 063002000035012026
10 275.191 063002000035012026 38.0504 060004000021039020
10 38.0504 060004000021039020 339.53585 010004000040012045
10 339.53585 010004000040012045 29240.3 042000000008016015
10 29240.3 042000000008016015 22671.8 042001000008016015
10 22671.8 042001000008016015 38.0504 060004000021039020
10 38.0504 060004000021039020 539.621 026004001026028023
10 539.621 026004001026028023 441.349 026004002026028023
10 441.349 026004002026028023 38.0504 060004000021039020
10 38.0504 060004000021039020 2142.65 026002001047012023
10 2142.65 026002001047012023 769.926 026002001047012011
10 769.926 026002001047012011 38.0504 060004000021039020
10 38.0504 060004000021039020 12710.3 026002002035047020
10 12710.3 026002002035047020 1055.38 026002002035047007
10 1055.38 026002002035047007 38.0504 060004000021039020
10 38.0504 060004000021039020 47610.6 063002000008039015
10 47610.6 063002000008039015 450.578 068002000008039015
10 450.578 068002000008039015 38.0504 060004000021039020
10 38.0504 060004000021039020 31185.4 014004000040026006
10 31185.4 014004000040026006 3296.69 020004000040026006
10 3296.69 020004000040026006 38.0504 060004000021039020
10 38.0504 060004000021039020 23774.4 019004000028012020
10 23774.4 019004000028012020 353.68 049004000028012020
10 353.68 049004000028012020 38.0504 060004000021039020
10 38.0504 060004000021039020 3376.18 015004000047028018
10 3376.18 015004000047028018 666.855 015002000047028018
10 666.855 015002000047028018 38.0504 060004000021039020
10 38.0504 060004000021039020 254.227 035002000046026023
10 254.227 035002000046026023 223.362 035002000047026023
10 223.362 035002000047026023 38.0504 060004000021039020
10 38.0504 060004000021039020 81593.8 019006002021012045
10 81593.8 019006002021012045 562.701 019002002021012045
10 562.701 019002002021012045 38.0504 060004000021039020
10 38.0504 060004000021039020 349.45 013004000009039026
10 349.45 013004000009039026 214.945 013000000009039026
10 214.945 013000000009039026 38.0504 060004000021039020
10 38.0504 060004000021039020 540.284 060004000008012045
10 540.284 060004000008012045 327.733 060004000006012045
10 327.733 060004000006012045 38.0504 060004000021039020
10 38.0504 060004000021039020 19900.280000000002 026002000035016023
10 19900.280000000002 026002000035016023 19900.280000000002 026002000035016023
10 19900.280000000002 026002000035016023 38.0504 060004000021039020
10 38.0504 060004000021039020 426.028 014003000028012023
10 426.028 014003000028012023 315.145 014003001028012023
10 315.145 014003001028012023 38.0504 060004000021039020
10 38.0504 060004000021039020 47031.7 035002001034028045
10 47031.7 035002001034028045 40585.1 063002001034028045
10 40585.1 063002001034028045 38.0504 060004000021039020
10 38.0504 060004000021039020 820.294 014002002018028018
10 820.294 014002002018028018 820.294 014002002018028018
10 820.294 014002002018028018 38.0504 060004000021039020
10 38.0504 060004000021039020 2093.0 026002000033028005
10 2093.0 026002000033028005 1463.84 026002000002028005
10 1463.84 026002000002028005 38.0504 060004000021039020
10 38.0504 060004000021039020 617.668 013004000009039023
10 617.668 013004000009039023 265.918 013004000009021023
10 265.918 013004000009021023 38.0504 060004000021039020
10 38.0504 060004000021039020 601.648 013004000008028006
10 601.648 013004000008028006 200.723 013004000008035006
10 200.723 013004000008035006 38.0504 060004000021039020
10 38.0504 060004000021039020 39860.4 019002002021028006
10 39860.4 019002002021028006 2245.85 019002000021028006
10 2245.85 019002000021028006 38.0504 060004000021039020
10 38.0504 060004000021039020 32941.3 014002000046040026
10 32941.3 014002000046040026 198.601 051002000046040026
10 198.601 051002000046040026 38.0504 060004000021039020
10 38.0504 060004000021039020 29900.0 003002002018026026
10 29900.0 003002002018026026 1931.43 003002002045026026
10 1931.43 003002002045026026 38.0504 060004000021039020
10 38.0504 060004000021039020 113127.0 014004000041039045
10 113127.0 014004000041039045 1759.04 030004000041039045
10 1759.04 030004000041039045 38.0504 060004000021039020
10 38.0504 060004000021039020 261584.0 014006000008046018
10 261584.0 014006000008046018 16937.5 014006001008046018
10 16937.5 014006001008046018 38.0504 060004000021039020
10 38.0504 060004000021039020 592.277 026004000035028045
10 592.277 026004000035028045 386.021 062004000035028045
10 386.021 062004000035028045 38.0504 060004000021039020
10 38.0504 060004000021039020 515.501 019004000035016026
10 515.501 019004000035016026 398.522 045004000035016026
10 398.522 045004000035016026 38.0504 060004000021039020
10 38.0504 060004000021039020 26183.8 082004000033012026
10 26183.8 082004000033012026 387.456 082004000033012021
10 387.456 082004000033012021 38.0504 060004000021039020
10 38.0504 060004000021039020 1725.08 016004000041026023
10 1725.08 016004000041026023 450.079 003004000041026023
10 450.079 003004000041026023 38.0504 060004000021039020
10 38.0504 060004000021039020 248.893 014004000041028045
10 248.893 014004000041028045 38.0504 060004000021039020
10 38.0504 060004000021039020 339.53585 010004000040012045
10 339.53585 010004000040012045 249.756 052004000036035018
10 249.756 052004000036035018 38.0504 060004000021039020
10 38.0504 060004000021039020 339.53585 010004000040012045
10 339.53585 010004000040012045 20355.8 052004000035021023
10 20355.8 052004000035021023 18758.7 052000000035021023
10 18758.7 052000000035021023 38.0504 060004000021039020
10 38.0504 060004000021039020 1030.03 019002002034028018
10 1030.03 019002002034028018 385.712 020002002034028018
10 385.712 020002002034028018 38.0504 060004000021039020
10 38.0504 060004000021039020 52323.7 011004000035040023
10 52323.7 011004000035040023 615.567 011004000046040023
10 615.567 011004000046040023 38.0504 060004000021039020
10 38.0504 060004000021039020 1980.11 019002000046016020
10 1980.11 019002000046016020 848.783 019002000046016012
10 848.783 019002000046016012 38.0504 060004000021039020
10 38.0504 060004000021039020 39783.7 013004000046012045
10 39783.7 013004000046012045 755.534 013004000046017045
10 755.534 013004000046017045 38.0504 060004000021039020
10 38.0504 060004000021039020 2020.89 003002000034047023
10 2020.89 003002000034047023 247.811 003002000034047009
10 247.811 003002000034047009 38.0504 060004000021039020
10 38.0504 060004000021039020 1978.05 014004000036046023
10 1978.05 014004000036046023 770.96 014000000036046023
10 770.96 014000000036046023 38.0504 060004000021039020
10 38.0504 060004000021039020 81489.2 035002001036039045
10 81489.2 035002001036039045 488.973 035002001036022045
10 488.973 035002001036022045 38.0504 060004000021039020
10 38.0504 060004000021039020 254.079 063000000034026023
10 254.079 063000000034026023 237.25 063000000034026035
10 237.25 063000000034026035 38.0504 060004000021039020
10 38.0504 060004000021039020 407.393 060002000021021023
10 407.393 060002000021021023 139.709 060002000040021023
10 139.709 060002000040021023 38.0504 060004000021039020
10 38.0504 060004000021039020 5797.89 026002000018016009
10 5797.89 026002000018016009 38.0504 060004000021039020
10 38.0504 060004000021039020 339.53585 010004000040012045
10 339.53585 010004000040012045 55360.4 026004000003026045
10 55360.4 026004000003026045 846.897 075004000003026045
10 846.897 075004000003026045 38.0504 060004000021039020
10 38.0504 060004000021039020 2249.69 016006001046016026
10 2249.69 016006001046016026 954.725 016006001046032026
10 954.725 016006001046032026 38.0504 060004000021039020
10 38.0504 060004000021039020 323.812 011002000046039015
10 323.812 011002000046039015 261.686 011002000046047015
10 261.686 011002000046047015 38.0504 060004000021039020
10 38.0504 060004000021039020 2189.54 026002002018006018
10 2189.54 026002002018006018 551.956 026002002012006018
10 551.956 026002002012006018 38.0504 060004000021039020
10 38.0504 060004000021039020 2319.74 063000001046021026
10 2319.74 063000001046021026 41.5528 063000001046034026
10 41.5528 063000001046034026 38.0504 060004000021039020
10 38.0504 060004000021039020 825.075 013002002034039008
10 825.075 013002002034039008 528.494 013002000034039008
10 528.494 013002000034039008 38.0504 060004000021039020
10 38.0504 060004000021039020 67247.3 026000000046039035
10 67247.3 026000000046039035 160.868 026001000046039035
10 160.868 026001000046039035 38.0504 060004000021039020
10 38.0504 060004000021039020 367.802 026004000034012015
10 367.802 026004000034012015 38.0504 060004000021039020
10 38.0504 060004000021039020 41.5528 063000001046034026
10 41.5528 063000001046034026 529.626 011004002038016023
10 529.626 011004002038016023 414.38 082004002038016023
10 414.38 082004002038016023 38.0504 060004000021039020
10 38.0504 060004000021039020 62020.8 013002000040012045
10 62020.8 013002000040012045 57731.3 013002000040012040
10 57731.3 013002000040012040 38.0504 060004000021039020
10 38.0504 060004000021039020 28281.644999999997 013002000018035045
10 28281.644999999997 013002000018035045 28281.644999999997 013002000018035045
10 28281.644999999997 013002000018035045 38.0504 060004000021039020
10 38.0504 060004000021039020 534.541 051002000034026045
10 534.541 051002000034026045 523.792 051002000005026045
10 523.792 051002000005026045 38.0504 060004000021039020
10 38.0504 060004000021039020 495.929 016004001046012035
10 495.929 016004001046012035 440.464 016004001034012035
10 440.464 016004001034012035 38.0504 060004000021039020
10 38.0504 060004000021039020 545.526 013000001040006018
10 545.526 013000001040006018 538.237 013000002040006018
10 538.237 013000002040006018 38.0504 060004000021039020
10 38.0504 060004000021039020 32925.8 063000001008026026
10 32925.8 063000001008026026 234.492 030000001008026026
10 234.492 030000001008026026 38.0504 060004000021039020
10 38.0504 060004000021039020 220.871 026000000047035009
10 220.871 026000000047035009 38.0504 060004000021039020
10 38.0504 060004000021039020 41.5528 063000001046034026
10 41.5528 063000001046034026 6496.195000000001 035000001046026020
10 6496.195000000001 035000001046026020 6496.195000000001 035000001046026020
10 6496.195000000001 035000001046026020 38.0504 060004000021039020
10 38.0504 060004000021039020 400210.0 040002001018026026
10 400210.0 040002001018026026 945.607 040002002018026026
10 945.607 040002002018026026 38.0504 060004000021039020
10 38.0504 060004000021039020 77700.8 026000000008047045
10 77700.8 026000000008047045 962.069 026006000008047045
10 962.069 026006000008047045 38.0504 060004000021039020
10 38.0504 060004000021039020 52615.7 013002001008016045
10 52615.7 013002001008016045 1828.77 013002001011016045
10 1828.77 013002001011016045 38.0504 060004000021039020
10 38.0504 060004000021039020 392.763 030004000018035020
10 392.763 030004000018035020 38.0504 060004000021039020
10 38.0504 060004000021039020 41.5528 063000001046034026
10 41.5528 063000001046034026 578.62 003000000018012045
10 578.62 003000000018012045 431.606 072000000018012045
10 431.606 072000000018012045 38.0504 060004000021039020
10 38.0504 060004000021039020 414.893 063004001034039026
10 414.893 063004001034039026 178.143 053004001034039026
10 178.143 053004001034039026 38.0504 060004000021039020
10 38.0504 060004000021039020 91342.7 013002000034039045
10 91342.7 013002000034039045 56951.1 013002000024039045
10 56951.1 013002000024039045 38.0504 060004000021039020
10 38.0504 060004000021039020 247.041 035004000018040026
10 247.041 035004000018040026 222.346 035004000031040026
10 222.346 035004000031040026 38.0504 060004000021039020
10 38.0504 060004000021039020 554.554 013004001046039015
10 554.554 013004001046039015 286.738 013004001046039012
10 286.738 013004001046039012 38.0504 060004000021039020
10 38.0504 060004000021039020 17476.1 035004001009012026
10 17476.1 035004001009012026 1811.51 030004001009012026
10 1811.51 030004001009012026 38.0504 060004000021039020
10 38.0504 060004000021039020 233.86 013004001008039023
10 233.86 013004001008039023 214.25 013004001008005023
10 214.25 013004001008005023 38.0504 060004000021039020
10 38.0504 060004000021039020 2005.28 026002001008026020
10 2005.28 026002001008026020 1586.39 026000001008026020
10 1586.39 026000001008026020 38.0504 060004000021039020
10 38.0504 060004000021039020 891.422 063002001040034026
10 891.422 063002001040034026 696.022 063002001040043026
10 696.022 063002001040043026 38.0504 060004000021039020
10 38.0504 060004000021039020 15583.0 035004000033040023
10 15583.0 035004000033040023 338.887 008004000033040023
10 338.887 008004000033040023 38.0504 060004000021039020
10 38.0504 060004000021039020 149.331 026004000041039023
10 149.331 026004000041039023 137.257 026004000041011023
10 137.257 026004000041011023 38.0504 060004000021039020
10 38.0504 060004000021039020 14611.1 014002001018026018
10 14611.1 014002001018026018 233.611 014005001018026018
10 233.611 014005001018026018 38.0504 060004000021039020
10 38.0504 060004000021039020 527.931 014004000018039045
10 527.931 014004000018039045 527.931 014004000018039045
10 527.931 014004000018039045 38.0504 060004000021039020
10 38.0504 060004000021039020 316.142 026000001046034018
10 316.142 026000001046034018 309.711 026000001046034037
10 309.711 026000001046034037 38.0504 060004000021039020
10 38.0504 060004000021039020 342.629 060004000046039026
10 342.629 060004000046039026 66.1718 077004000046039026
10 66.1718 077004000046039026 38.0504 060004000021039020
10 38.0504 060004000021039020 351037.332 060004001008040026
10 351037.332 060004001008040026 351037.332 060004001008040026
10 351037.332 060004001008040026 38.0504 060004000021039020
10 38.0504 060004000021039020 2379.19 060004000046012006
10 2379.19 060004000046012006 399.402 060004000000012006
10 399.402 060004000000012006 38.0504 060004000021039020
10 38.0504 060004000021039020 71870.2 051002000046021045
10 71870.2 051002000046021045 774.454 027002000046021045
10 774.454 027002000046021045 38.0504 060004000021039020
