Run Fitness1 Solution1 Fitness2 Solution2
1 143019223.65 013000002008005007 143019223.65 013000002008005007
1 143019223.65 013000002008005007 9756.09 006005000008003009
1 9756.09 006005000008003009 8750.15 020002001008012001
1 8750.15 020002001008012001 2317.39 020002001008012006
1 2317.39 020002001008012006 9756.09 006005000008003009
1 9756.09 006005000008003009 199.524 006004000008001009
1 199.524 006004000008001009 2317.39 020002001008012006
1 2317.39 020002001008012006 8750.15 020002001008012001
1 8750.15 020002001008012001 27249.8 006002000000012009
1 27249.8 006002000000012009 20296.2 006006000000012009
1 20296.2 006006000000012009 199.524 006004000008001009
1 199.524 006004000008001009 8005904500.0 020002002008012001
1 8005904500.0 020002002008012001 2033.16 020002002008002001
1 2033.16 020002002008002001 199.524 006004000008001009
1 199.524 006004000008001009 54545.6 020002002008012009
1 54545.6 020002002008012009 32166.079999999998 020002002008012000
1 32166.079999999998 020002002008012000 199.524 006004000008001009
1 199.524 006004000008001009 11909300.0 006002002008003009
1 11909300.0 006002002008003009 8118200.0 006002002008008009
1 8118200.0 006002002008008009 199.524 006004000008001009
1 199.524 006004000008001009 1748460.0 006002000008012000
1 1748460.0 006002000008012000 1400860.0 006002000010012000
1 1400860.0 006002000010012000 199.524 006004000008001009
1 199.524 006004000008001009 32166.079999999998 020002002008012000
1 32166.079999999998 020002002008012000 32166.079999999998 020002002008012000
1 32166.079999999998 020002002008012000 199.524 006004000008001009
1 199.524 006004000008001009 27162600.0 020002002012012009
1 27162600.0 020002002012012009 38317.2 020002002004012009
1 38317.2 020002002004012009 199.524 006004000008001009
1 199.524 006004000008001009 5632.15 006002000004002009
1 5632.15 006002000004002009 1804.14 010002000004002009
1 1804.14 010002000004002009 199.524 006004000008001009
1 199.524 006004000008001009 31211.2 010002000004012009
1 31211.2 010002000004012009 2757.89 010002000004009009
1 2757.89 010002000004009009 199.524 006004000008001009
1 199.524 006004000008001009 21672500.0 010002000008003006
1 21672500.0 010002000008003006 2082630.0 010001000008003006
1 2082630.0 010001000008003006 199.524 006004000008001009
1 199.524 006004000008001009 12177200.0 020001000004012000
1 12177200.0 020001000004012000 4381840.0 020000000004012000
1 4381840.0 020000000004012000 199.524 006004000008001009
1 199.524 006004000008001009 17830.3 010002000008012000
1 17830.3 010002000008012000 199.524 006004000008001009
1 199.524 006004000008001009 1804.14 010002000004002009
1 1804.14 010002000004002009 8668.53 010002001004009001
1 8668.53 010002001004009001 91.4301 014002001004009001
1 91.4301 014002001004009001 199.524 006004000008001009
1 199.524 006004000008001009 21543.0 006002002008009009
1 21543.0 006002002008009009 21543.0 006002002008009009
1 21543.0 006002002008009009 91.4301 014002001004009001
1 91.4301 014002001004009001 2567490.0 006002001004001009
1 2567490.0 006002001004001009 1241920.0 006002001004005009
1 1241920.0 006002001004005009 91.4301 014002001004009001
1 91.4301 014002001004009001 15440000.0 006002002004009006
1 15440000.0 006002002004009006 837379.0 006002001004009006
1 837379.0 006002001004009006 91.4301 014002001004009001
1 91.4301 014002001004009001 12986600000.0 020002001004002001
1 12986600000.0 020002001004002001 11990000000.0 020002001004003001
1 11990000000.0 020002001004003001 91.4301 014002001004009001
1 91.4301 014002001004009001 75286400.0 020002000008002000
1 75286400.0 020002000008002000 36312.6 020002000004002000
1 36312.6 020002000004002000 91.4301 014002001004009001
1 91.4301 014002001004009001 50271000.0 020002001004012006
1 50271000.0 020002001004012006 3433.29 020000001004012006
1 3433.29 020000001004012006 91.4301 014002001004009001
1 91.4301 014002001004009001 21859.0 006002000004002006
1 21859.0 006002000004002006 7981.01 006002000010002006
1 7981.01 006002000010002006 91.4301 014002001004009001
1 91.4301 014002001004009001 1082.95 010002002004012009
1 1082.95 010002002004012009 91.4301 014002001004009001
1 91.4301 014002001004009001 199.524 006004000008001009
1 199.524 006004000008001009 4502700.0 010004002004001009
1 4502700.0 010004002004001009 45325.6 010004002004001001
1 45325.6 010004002004001001 91.4301 014002001004009001
1 91.4301 014002001004009001 7165125500.0 010002002004012001
1 7165125500.0 010002002004012001 64940.7 010002002004005001
1 64940.7 010002002004005001 91.4301 014002001004009001
1 91.4301 014002001004009001 23533700.0 014002000008012009
1 23533700.0 014002000008012009 679181.3605 014000000008012009
1 679181.3605 014000000008012009 91.4301 014002001004009001
1 91.4301 014002001004009001 15087300.0 020002001008012009
1 15087300.0 020002001008012009 15383.0 020000001008012009
1 15383.0 020000001008012009 679181.3605 014000000008012009
1 679181.3605 014000000008012009 2186660.0 014000000004012009
1 2186660.0 014000000004012009 1589560.0 014000000010012009
1 1589560.0 014000000010012009 679181.3605 014000000008012009
1 679181.3605 014000000008012009 38591400.0 014002002010002009
1 38591400.0 014002002010002009 2020420.0 014004002010002009
1 2020420.0 014004002010002009 679181.3605 014000000008012009
1 679181.3605 014000000008012009 31861.050000000003 014004001008002001
1 31861.050000000003 014004001008002001 179.226 014004001008003001
1 179.226 014004001008003001 679181.3605 014000000008012009
1 679181.3605 014000000008012009 12641.715 020002001004002009
1 12641.715 020002001004002009 12641.715 020002001004002009
1 12641.715 020002001004002009 679181.3605 014000000008012009
1 679181.3605 014000000008012009 183000964.5 020002000004002009
1 183000964.5 020002000004002009 183000964.5 020002000004002009
1 183000964.5 020002000004002009 679181.3605 014000000008012009
1 679181.3605 014000000008012009 19482400000.0 020002002004002001
1 19482400000.0 020002002004002001 50261.4 011002002004002001
1 50261.4 011002002004002001 679181.3605 014000000008012009
1 679181.3605 014000000008012009 1427910.0 014004002004012009
1 1427910.0 014004002004012009 213.027 014004002004006009
1 213.027 014004002004006009 679181.3605 014000000008012009
1 679181.3605 014000000008012009 7165125500.0 010002002004012001
1 7165125500.0 010002002004012001 204229000.0 010002002004000001
1 204229000.0 010002002004000001 679181.3605 014000000008012009
1 679181.3605 014000000008012009 10201900000.0 014002000008001001
1 10201900000.0 014002000008001001 2976850.0 014002000008008001
1 2976850.0 014002000008008001 679181.3605 014000000008012009
1 679181.3605 014000000008012009 14259.7 014002000008012001
1 14259.7 014002000008012001 2398.97 014002000000012001
1 2398.97 014002000000012001 679181.3605 014000000008012009
1 679181.3605 014000000008012009 21249600.0 014004002000012001
1 21249600.0 014004002000012001 17584.6 014004002000009001
1 17584.6 014004002000009001 679181.3605 014000000008012009
1 679181.3605 014000000008012009 8005904500.0 020002002008012001
1 8005904500.0 020002002008012001 138520000.0 020002002008005001
1 138520000.0 020002002008005001 679181.3605 014000000008012009
1 679181.3605 014000000008012009 4016.94 010004000008003001
1 4016.94 010004000008003001 679181.3605 014000000008012009
1 679181.3605 014000000008012009 91.4301 014002001004009001
1 91.4301 014002001004009001 7553550.0 020004002008003009
1 7553550.0 020004002008003009 1435700.0 020004002008005009
1 1435700.0 020004002008005009 679181.3605 014000000008012009
1 679181.3605 014000000008012009 24038.8 014002001004002001
1 24038.8 014002001004002001 24038.8 014002001004002001
1 24038.8 014002001004002001 679181.3605 014000000008012009
1 679181.3605 014000000008012009 1149280.0 014004001004003009
1 1149280.0 014004001004003009 743082.0 000004001004003009
1 743082.0 000004001004003009 679181.3605 014000000008012009
1 679181.3605 014000000008012009 70897.0 006002002004003009
1 70897.0 006002002004003009 7489.24 006005002004003009
1 7489.24 006005002004003009 679181.3605 014000000008012009
1 679181.3605 014000000008012009 179423000.0 014005001004003001
1 179423000.0 014005001004003001 59306700.0 014005001004003005
1 59306700.0 014005001004003005 679181.3605 014000000008012009
1 679181.3605 014000000008012009 6059.05 014004000004009001
1 6059.05 014004000004009001 30079371.855 014002000004009001
1 30079371.855 014002000004009001 679181.3605 014000000008012009
1 679181.3605 014000000008012009 7172970000.0 006004000004002001
1 7172970000.0 006004000004002001 54174.5 006000000004002001
1 54174.5 006000000004002001 679181.3605 014000000008012009
1 679181.3605 014000000008012009 6059.05 014004000004009001
1 6059.05 014004000004009001 6059.05 014004000004009001
1 6059.05 014004000004009001 679181.3605 014000000008012009
1 679181.3605 014000000008012009 30079371.855 014002000004009001
1 30079371.855 014002000004009001 225.113 014002000004009006
1 225.113 014002000004009006 679181.3605 014000000008012009
1 679181.3605 014000000008012009 2799700.0 020000000008001009
1 2799700.0 020000000008001009 19073.0 020000000008001007
1 19073.0 020000000008001007 679181.3605 014000000008012009
1 679181.3605 014000000008012009 4233.68 010000000008002009
1 4233.68 010000000008002009 71.2772 008000000008002009
1 71.2772 008000000008002009 679181.3605 014000000008012009
1 679181.3605 014000000008012009 14140.5 014002002008002001
1 14140.5 014002002008002001 71.2772 008000000008002009
1 71.2772 008000000008002009 679181.3605 014000000008012009
1 679181.3605 014000000008012009 3180.42 014000001004012009
1 3180.42 014000001004012009 71.2772 008000000008002009
1 71.2772 008000000008002009 679181.3605 014000000008012009
1 679181.3605 014000000008012009 86485300.0 014004001004002001
1 86485300.0 014004001004002001 5438290.0 014004001004002009
1 5438290.0 014004001004002009 71.2772 008000000008002009
1 71.2772 008000000008002009 27800.2 014000000004002001
1 27800.2 014000000004002001 4200960.0 014000000002002001
1 4200960.0 014000000002002001 71.2772 008000000008002009
1 71.2772 008000000008002009 50.2355 014004000004002009
1 50.2355 014004000004002009 50.2355 014004000004002009
1 50.2355 014004000004002009 71.2772 008000000008002009
1 71.2772 008000000008002009 81.3541 014004001004009006
1 81.3541 014004001004009006 50.2355 014004000004002009
1 50.2355 014004000004002009 71.2772 008000000008002009
1 71.2772 008000000008002009 2578.02 014004000004009009
1 2578.02 014004000004009009 2492.93 014004000004009006
1 2492.93 014004000004009006 50.2355 014004000004002009
1 50.2355 014004000004002009 31861.050000000003 014004001008002001
1 31861.050000000003 014004001008002001 50.2355 014004000004002009
1 50.2355 014004000004002009 71.2772 008000000008002009
1 71.2772 008000000008002009 9.48765 014000000004009006
1 9.48765 014000000004009006 50.2355 014004000004002009
1 50.2355 014004000004002009 71.2772 008000000008002009
1 71.2772 008000000008002009 4452920.0 014000000004002009
1 4452920.0 014000000004002009 650419.0 014000000004002003
1 650419.0 014000000004002003 9.48765 014000000004009006
1 9.48765 014000000004009006 8192.76 006004000008002003
1 8192.76 006004000008002003 9.48765 014000000004009006
1 9.48765 014000000004009006 50.2355 014004000004002009
1 50.2355 014004000004002009 6081.79 014000000008002006
1 6081.79 014000000008002006 6081.79 014000000008002006
1 6081.79 014000000008002006 9.48765 014000000004009006
1 9.48765 014000000004009006 5954320.0 014000001004002006
1 5954320.0 014000001004002006 1159360.0 010000001004002006
1 1159360.0 010000001004002006 9.48765 014000000004009006
1 9.48765 014000000004009006 131658500.0 014000001004002001
1 131658500.0 014000001004002001 131658500.0 014000001004002001
1 131658500.0 014000001004002001 9.48765 014000000004009006
1 9.48765 014000000004009006 723776.0 014002000008009006
1 723776.0 014002000008009006 243718.0 014002000008009005
1 243718.0 014002000008009005 9.48765 014000000004009006
1 9.48765 014000000004009006 1851448.84225 014000000008009009
1 1851448.84225 014000000008009009 655009.0 014000001008009009
1 655009.0 014000001008009009 9.48765 014000000004009006
1 9.48765 014000000004009006 168021.0 014000000008009001
1 168021.0 014000000008009001 106883.490685 005000000008009001
1 106883.490685 005000000008009001 9.48765 014000000004009006
1 9.48765 014000000004009006 4452920.0 014000000004002009
1 4452920.0 014000000004002009 1146360.0 019000000004002009
1 1146360.0 019000000004002009 106883.490685 005000000008009001
1 106883.490685 005000000008009001 421038.56772 014000000008012001
1 421038.56772 014000000008012001 421038.56772 014000000008012001
1 421038.56772 014000000008012001 106883.490685 005000000008009001
1 106883.490685 005000000008009001 89.2444 014000000004009001
1 89.2444 014000000004009001 89.2444 014000000004009001
1 89.2444 014000000004009001 106883.490685 005000000008009001
1 106883.490685 005000000008009001 6081.79 014000000008002006
1 6081.79 014000000008002006 106883.490685 005000000008009001
1 106883.490685 005000000008009001 9.48765 014000000004009006
1 9.48765 014000000004009006 2578.02 014004000004009009
1 2578.02 014004000004009009 2578.02 014004000004009009
1 2578.02 014004000004009009 106883.490685 005000000008009001
1 106883.490685 005000000008009001 6081.79 014000000008002006
1 6081.79 014000000008002006 15158.9 012000000008002006
1 15158.9 012000000008002006 106883.490685 005000000008009001
1 106883.490685 005000000008009001 1851448.84225 014000000008009009
1 1851448.84225 014000000008009009 406.047 020000000008009009
1 406.047 020000000008009009 106883.490685 005000000008009001
1 106883.490685 005000000008009001 3226372.8333333335 008000000008002001
1 3226372.8333333335 008000000008002001 3226372.8333333335 008000000008002001
1 3226372.8333333335 008000000008002001 106883.490685 005000000008009001
1 106883.490685 005000000008009001 3226372.8333333335 008000000008002001
1 3226372.8333333335 008000000008002001 106883.490685 005000000008009001
1 106883.490685 005000000008009001 9.48765 014000000004009006
1 9.48765 014000000004009006 679181.3605 014000000008012009
1 679181.3605 014000000008012009 883364.0517 014000000008012008
1 883364.0517 014000000008012008 106883.490685 005000000008009001
1 106883.490685 005000000008009001 12057.5 014000000008002009
1 12057.5 014000000008002009 4828.0 014000000001002009
1 4828.0 014000000001002009 106883.490685 005000000008009001
1 106883.490685 005000000008009001 76353.1116 014000000004012001
1 76353.1116 014000000004012001 189317.0 014000000004010001
1 189317.0 014000000004010001 106883.490685 005000000008009001
1 106883.490685 005000000008009001 45.6618 005000000004012009
1 45.6618 005000000004012009 45.6618 005000000004012009
1 45.6618 005000000004012009 106883.490685 005000000008009001
1 106883.490685 005000000008009001 106883.490685 005000000008009001
1 106883.490685 005000000008009001 2491.4 018000000008009001
1 2491.4 018000000008009001 106883.490685 005000000008009001
1 106883.490685 005000000008009001 666497.5066666667 014000000008009006
1 666497.5066666667 014000000008009006 342261.0 009000000008009006
1 342261.0 009000000008009006 106883.490685 005000000008009001
1 106883.490685 005000000008009001 242177.78575 005000000004009009
1 242177.78575 005000000004009009 1178340.0 005000000006009009
1 1178340.0 005000000006009009 106883.490685 005000000008009001
1 106883.490685 005000000008009001 813813.0 014000000006002006
1 813813.0 014000000006002006 3312.46 014001000006002006
1 3312.46 014001000006002006 106883.490685 005000000008009001
1 106883.490685 005000000008009001 421038.56772 014000000008012001
1 421038.56772 014000000008012001 157675.0 006000000008012001
1 157675.0 006000000008012001 106883.490685 005000000008009001
1 106883.490685 005000000008009001 581.374 005000000008012001
1 581.374 005000000008012001 106883.490685 005000000008009001
1 106883.490685 005000000008009001 9.48765 014000000004009006
1 9.48765 014000000004009006 1560873.7985666667 005000000008002001
1 1560873.7985666667 005000000008002001 1709376.6666666667 005000000004002001
1 1709376.6666666667 005000000004002001 106883.490685 005000000008009001
1 106883.490685 005000000008009001 1839290.0 014000000004009008
1 1839290.0 014000000004009008 377.69 014000000004011008
1 377.69 014000000004011008 106883.490685 005000000008009001
1 106883.490685 005000000008009001 421038.56772 014000000008012001
1 421038.56772 014000000008012001 2925.14 014000000008002001
1 2925.14 014000000008002001 106883.490685 005000000008009001
1 106883.490685 005000000008009001 2811285.0 014000000004002008
1 2811285.0 014000000004002008 2811285.0 014000000004002008
1 2811285.0 014000000004002008 106883.490685 005000000008009001
1 106883.490685 005000000008009001 27800.2 014000000004002001
1 27800.2 014000000004002001 1178.69 008000000004002001
1 1178.69 008000000004002001 106883.490685 005000000008009001
1 106883.490685 005000000008009001 2925.14 014000000008002001
1 2925.14 014000000008002001 29473.35 014002000008002001
1 29473.35 014002000008002001 106883.490685 005000000008009001
1 106883.490685 005000000008009001 1560873.7985666667 005000000008002001
1 1560873.7985666667 005000000008002001 3774970.0 006000000008002001
1 3774970.0 006000000008002001 106883.490685 005000000008009001
1 106883.490685 005000000008009001 35.2744 005000000004009001
1 35.2744 005000000004009001 8128.25 002000000004009001
1 8128.25 002000000004009001 106883.490685 005000000008009001
1 106883.490685 005000000008009001 35.2744 005000000004009001
1 35.2744 005000000004009001 15839.0 001000000004009001
1 15839.0 001000000004009001 106883.490685 005000000008009001
1 106883.490685 005000000008009001 1674.89 005000000008012006
1 1674.89 005000000008012006 1674.89 005000000008012006
1 1674.89 005000000008012006 106883.490685 005000000008009001
1 106883.490685 005000000008009001 427885.0 014000000004012006
1 427885.0 014000000004012006 297347.0 010000000004012006
1 297347.0 010000000004012006 106883.490685 005000000008009001
1 106883.490685 005000000008009001 89.2444 014000000004009001
1 89.2444 014000000004009001 89.2444 014000000004009001
1 89.2444 014000000004009001 106883.490685 005000000008009001
1 106883.490685 005000000008009001 421038.56772 014000000008012001
1 421038.56772 014000000008012001 8990.94 014000000008011001
1 8990.94 014000000008011001 106883.490685 005000000008009001
1 106883.490685 005000000008009001 667307.3245 005000000008009006
1 667307.3245 005000000008009006 308086.0 005000000008010006
1 308086.0 005000000008010006 106883.490685 005000000008009001
1 106883.490685 005000000008009001 1674.89 005000000008012006
1 1674.89 005000000008012006 6691.23 005000000008003006
1 6691.23 005000000008003006 106883.490685 005000000008009001
1 106883.490685 005000000008009001 32.4992 005000000004002009
1 32.4992 005000000004002009 1512750.0 005000000004002002
1 1512750.0 005000000004002002 106883.490685 005000000008009001
1 106883.490685 005000000008009001 5367.1 005000000004012001
1 5367.1 005000000004012001 493.315 008000000004012001
1 493.315 008000000004012001 106883.490685 005000000008009001
1 106883.490685 005000000008009001 620432.0 005000000008009008
1 620432.0 005000000008009008 150685.0 005000000008009002
1 150685.0 005000000008009002 106883.490685 005000000008009001
1 106883.490685 005000000008009001 1674.89 005000000008012006
1 1674.89 005000000008012006 7913.65 020000000008012006
1 7913.65 020000000008012006 106883.490685 005000000008009001
1 106883.490685 005000000008009001 258462.0 020000000004012001
1 258462.0 020000000004012001 106883.490685 005000000008009001
1 106883.490685 005000000008009001 9.48765 014000000004009006
1 9.48765 014000000004009006 2052.36 020000000008012001
1 2052.36 020000000008012001 464.836 020000000008009001
1 464.836 020000000008009001 106883.490685 005000000008009001
1 106883.490685 005000000008009001 168021.0 014000000008009001
1 168021.0 014000000008009001 8215.45 014000000002009001
1 8215.45 014000000002009001 106883.490685 005000000008009001
1 106883.490685 005000000008009001 421038.56772 014000000008012001
1 421038.56772 014000000008012001 812205.92704 014000000008008001
1 812205.92704 014000000008008001 106883.490685 005000000008009001
1 106883.490685 005000000008009001 4855.47 014000000008012006
1 4855.47 014000000008012006 68.5608 014000000008012003
1 68.5608 014000000008012003 106883.490685 005000000008009001
1 106883.490685 005000000008009001 883364.0517 014000000008012008
1 883364.0517 014000000008012008 2186.825 014004000008012008
1 2186.825 014004000008012008 106883.490685 005000000008009001
1 106883.490685 005000000008009001 42.8115 014000000008008006
1 42.8115 014000000008008006 106883.490685 005000000008009001
1 106883.490685 005000000008009001 9.48765 014000000004009006
1 9.48765 014000000004009006 812205.92704 014000000008008001
1 812205.92704 014000000008008001 2976850.0 014002000008008001
1 2976850.0 014002000008008001 106883.490685 005000000008009001
1 106883.490685 005000000008009001 76353.1116 014000000004012001
1 76353.1116 014000000004012001 8223.79 014000000004012003
1 8223.79 014000000004012003 106883.490685 005000000008009001
1 106883.490685 005000000008009001 6081.79 014000000008002006
1 6081.79 014000000008002006 6105.63 015000000008002006
1 6105.63 015000000008002006 106883.490685 005000000008009001
1 106883.490685 005000000008009001 6081.79 014000000008002006
1 6081.79 014000000008002006 740498.0 014000000009002006
1 740498.0 014000000009002006 106883.490685 005000000008009001
1 106883.490685 005000000008009001 581.374 005000000008012001
1 581.374 005000000008012001 581.374 005000000008012001
1 581.374 005000000008012001 106883.490685 005000000008009001
1 106883.490685 005000000008009001 47.0439 014000000004012008
1 47.0439 014000000004012008 106883.490685 005000000008009001
1 106883.490685 005000000008009001 9.48765 014000000004009006
1 9.48765 014000000004009006 883364.0517 014000000008012008
1 883364.0517 014000000008012008 2186.825 014004000008012008
1 2186.825 014004000008012008 106883.490685 005000000008009001
1 106883.490685 005000000008009001 68.42 005000000004012008
1 68.42 005000000004012008 106883.490685 005000000008009001
1 106883.490685 005000000008009001 9.48765 014000000004009006
1 9.48765 014000000004009006 421038.56772 014000000008012001
1 421038.56772 014000000008012001 161664.0 014000000006012001
1 161664.0 014000000006012001 106883.490685 005000000008009001
1 106883.490685 005000000008009001 2925.14 014000000008002001
1 2925.14 014000000008002001 6081.79 014000000008002006
1 6081.79 014000000008002006 106883.490685 005000000008009001
1 106883.490685 005000000008009001 503410.0 014000000008009008
1 503410.0 014000000008009008 106883.490685 005000000008009001
1 106883.490685 005000000008009001 9.48765 014000000004009006
1 9.48765 014000000004009006 153267.0 005000000008008001
1 153267.0 005000000008008001 39.9938 002000000008008001
1 39.9938 002000000008008001 106883.490685 005000000008009001
1 106883.490685 005000000008009001 2925.14 014000000008002001
1 2925.14 014000000008002001 29473.35 014002000008002001
1 29473.35 014002000008002001 106883.490685 005000000008009001
1 106883.490685 005000000008009001 581.374 005000000008012001
1 581.374 005000000008012001 1792.1 013000000008012001
1 1792.1 013000000008012001 106883.490685 005000000008009001
1 106883.490685 005000000008009001 421038.56772 014000000008012001
1 421038.56772 014000000008012001 106883.490685 005000000008009001
1 106883.490685 005000000008009001 9.48765 014000000004009006
1 9.48765 014000000004009006 27800.2 014000000004002001
1 27800.2 014000000004002001 106883.490685 005000000008009001
1 106883.490685 005000000008009001 9.48765 014000000004009006
1 9.48765 014000000004009006 812205.92704 014000000008008001
1 812205.92704 014000000008008001 42.8115 014000000008008006
1 42.8115 014000000008008006 106883.490685 005000000008009001
1 106883.490685 005000000008009001 812205.92704 014000000008008001
1 812205.92704 014000000008008001 21597.5 014000000001008001
1 21597.5 014000000001008001 106883.490685 005000000008009001
1 106883.490685 005000000008009001 812205.92704 014000000008008001
1 812205.92704 014000000008008001 15468.3 014000000008008003
1 15468.3 014000000008008003 106883.490685 005000000008009001
1 106883.490685 005000000008009001 3544070.0 014000000004008001
1 3544070.0 014000000004008001 3057630.0 014001000004008001
1 3057630.0 014001000004008001 106883.490685 005000000008009001
1 106883.490685 005000000008009001 30.74 014000000008008009
1 30.74 014000000008008009 106883.490685 005000000008009001
1 106883.490685 005000000008009001 9.48765 014000000004009006
1 9.48765 014000000004009006 89.2444 014000000004009001
1 89.2444 014000000004009001 106883.490685 005000000008009001
1 106883.490685 005000000008009001 9.48765 014000000004009006
1 9.48765 014000000004009006 35.2744 005000000004009001
1 35.2744 005000000004009001 14170.905 005000000001009001
1 14170.905 005000000001009001 106883.490685 005000000008009001
1 106883.490685 005000000008009001 757866.5 005000000008002006
1 757866.5 005000000008002006 32.6306 008000000008002006
1 32.6306 008000000008002006 106883.490685 005000000008009001
1 106883.490685 005000000008009001 1851448.84225 014000000008009009
1 1851448.84225 014000000008009009 1851448.84225 014000000008009009
1 1851448.84225 014000000008009009 106883.490685 005000000008009001
1 106883.490685 005000000008009001 40.817 008000000004002009
1 40.817 008000000004002009 106883.490685 005000000008009001
1 106883.490685 005000000008009001 9.48765 014000000004009006
1 9.48765 014000000004009006 1709376.6666666667 005000000004002001
1 1709376.6666666667 005000000004002001 19137.6 005004000004002001
1 19137.6 005004000004002001 106883.490685 005000000008009001
1 106883.490685 005000000008009001 757866.5 005000000008002006
1 757866.5 005000000008002006 7475.08 005000000008008006
1 7475.08 005000000008008006 106883.490685 005000000008009001
1 106883.490685 005000000008009001 4826550.0 005000000008002009
1 4826550.0 005000000008002009 12057.5 014000000008002009
1 12057.5 014000000008002009 106883.490685 005000000008009001
1 106883.490685 005000000008009001 4826550.0 005000000008002009
1 4826550.0 005000000008002009 820713.0 006000000008002009
1 820713.0 006000000008002009 106883.490685 005000000008009001
1 106883.490685 005000000008009001 667307.3245 005000000008009006
1 667307.3245 005000000008009006 12155.2 005005000008009006
1 12155.2 005005000008009006 106883.490685 005000000008009001
1 106883.490685 005000000008009001 666497.5066666667 014000000008009006
1 666497.5066666667 014000000008009006 688.448 014000001008009006
1 688.448 014000001008009006 106883.490685 005000000008009001
1 106883.490685 005000000008009001 421038.56772 014000000008012001
1 421038.56772 014000000008012001 81.4152 014000000007012001
1 81.4152 014000000007012001 106883.490685 005000000008009001
1 106883.490685 005000000008009001 91.0432 005000000008012009
1 91.0432 005000000008012009 37.81215 005000000005012009
1 37.81215 005000000005012009 106883.490685 005000000008009001
1 106883.490685 005000000008009001 427885.0 014000000004012006
1 427885.0 014000000004012006 616.421 014004000004012006
1 616.421 014004000004012006 106883.490685 005000000008009001
1 106883.490685 005000000008009001 7269.41 005004000005009006
1 7269.41 005004000005009006 106883.490685 005000000008009001
1 106883.490685 005000000008009001 9.48765 014000000004009006
1 9.48765 014000000004009006 667307.3245 005000000008009006
1 667307.3245 005000000008009006 615270.0 005000000005009006
1 615270.0 005000000005009006 106883.490685 005000000008009001
1 106883.490685 005000000008009001 168021.0 014000000008009001
1 168021.0 014000000008009001 503410.0 014000000008009008
1 503410.0 014000000008009008 106883.490685 005000000008009001
1 106883.490685 005000000008009001 4791.78 005000000008002008
1 4791.78 005000000008002008 4538.59 005000002008002008
1 4538.59 005000002008002008 106883.490685 005000000008009001
1 106883.490685 005000000008009001 106883.490685 005000000008009001
1 106883.490685 005000000008009001 106883.490685 005000000008009001
1 106883.490685 005000000008009001 106883.490685 005000000008009001
1 106883.490685 005000000008009001 679181.3605 014000000008012009
1 679181.3605 014000000008012009 1010000.0 014000000008003009
1 1010000.0 014000000008003009 106883.490685 005000000008009001
1 106883.490685 005000000008009001 1709376.6666666667 005000000004002001
1 1709376.6666666667 005000000004002001 12962.6 005000000004004001
1 12962.6 005000000004004001 106883.490685 005000000008009001
1 106883.490685 005000000008009001 2653230.0 014000000005008009
1 2653230.0 014000000005008009 2415.22 014002000005008009
1 2415.22 014002000005008009 106883.490685 005000000008009001
1 106883.490685 005000000008009001 59.5258 008000000008012009
1 59.5258 008000000008012009 106883.490685 005000000008009001
1 106883.490685 005000000008009001 9.48765 014000000004009006
1 9.48765 014000000004009006 32.4992 005000000004002009
1 32.4992 005000000004002009 32.4992 005000000004002009
1 32.4992 005000000004002009 106883.490685 005000000008009001
1 106883.490685 005000000008009001 45.6618 005000000004012009
1 45.6618 005000000004012009 106883.490685 005000000008009001
1 106883.490685 005000000008009001 9.48765 014000000004009006
1 9.48765 014000000004009006 4855.47 014000000008012006
1 4855.47 014000000008012006 68.5608 014000000008012003
1 68.5608 014000000008012003 106883.490685 005000000008009001
1 106883.490685 005000000008009001 45.6618 005000000004012009
1 45.6618 005000000004012009 44.4156 005000000004008009
1 44.4156 005000000004008009 106883.490685 005000000008009001
1 106883.490685 005000000008009001 45.6618 005000000004012009
1 45.6618 005000000004012009 106883.490685 005000000008009001
1 106883.490685 005000000008009001 9.48765 014000000004009006
1 9.48765 014000000004009006 4826550.0 005000000008002009
1 4826550.0 005000000008002009 4826550.0 005000000008002009
1 4826550.0 005000000008002009 106883.490685 005000000008009001
1 106883.490685 005000000008009001 32.4992 005000000004002009
1 32.4992 005000000004002009 992404.0 005000000004002004
1 992404.0 005000000004002004 106883.490685 005000000008009001
1 106883.490685 005000000008009001 45.6618 005000000004012009
1 45.6618 005000000004012009 6828.79 005005000004012009
1 6828.79 005005000004012009 106883.490685 005000000008009001
1 106883.490685 005000000008009001 5176.36 005005000008002009
1 5176.36 005005000008002009 106883.490685 005000000008009001
1 106883.490685 005000000008009001 9.48765 014000000004009006
1 9.48765 014000000004009006 315.4 014000000005012006
1 315.4 014000000005012006 6.21972 014000000001012006
1 6.21972 014000000001012006 106883.490685 005000000008009001
1 106883.490685 005000000008009001 421038.56772 014000000008012001
1 421038.56772 014000000008012001 4855.47 014000000008012006
1 4855.47 014000000008012006 106883.490685 005000000008009001
1 106883.490685 005000000008009001 2186660.0 014000000004012009
1 2186660.0 014000000004012009 47.0439 014000000004012008
1 47.0439 014000000004012008 106883.490685 005000000008009001
1 106883.490685 005000000008009001 65.0713 014000000001012009
1 65.0713 014000000001012009 47.8219 014000000001010009
1 47.8219 014000000001010009 106883.490685 005000000008009001
1 106883.490685 005000000008009001 91.0432 005000000008012009
1 91.0432 005000000008012009 106883.490685 005000000008009001
1 106883.490685 005000000008009001 6.21972 014000000001012006
1 6.21972 014000000001012006 242177.78575 005000000004009009
1 242177.78575 005000000004009009 59.0599 005000000004010009
1 59.0599 005000000004010009 106883.490685 005000000008009001
1 106883.490685 005000000008009001 2186660.0 014000000004012009
1 2186660.0 014000000004012009 8767.4 014002000004012009
1 8767.4 014002000004012009 106883.490685 005000000008009001
1 106883.490685 005000000008009001 242177.78575 005000000004009009
1 242177.78575 005000000004009009 35.2744 005000000004009001
1 35.2744 005000000004009001 106883.490685 005000000008009001
1 106883.490685 005000000008009001 87476.5274 005000000005012001
1 87476.5274 005000000005012001 87476.5274 005000000005012001
1 87476.5274 005000000005012001 106883.490685 005000000008009001
1 106883.490685 005000000008009001 802.76 005000000004012006
1 802.76 005000000004012006 76.3224 005001000004012006
1 76.3224 005001000004012006 106883.490685 005000000008009001
1 106883.490685 005000000008009001 45.6618 005000000004012009
1 45.6618 005000000004012009 182.641 011000000004012009
1 182.641 011000000004012009 106883.490685 005000000008009001
1 106883.490685 005000000008009001 13581300.0 005000000001002009
1 13581300.0 005000000001002009 8721610.0 002000000001002009
1 8721610.0 002000000001002009 106883.490685 005000000008009001
1 106883.490685 005000000008009001 1709376.6666666667 005000000004002001
1 1709376.6666666667 005000000004002001 8445.72 005000000000002001
1 8445.72 005000000000002001 106883.490685 005000000008009001
1 106883.490685 005000000008009001 581.374 005000000008012001
1 581.374 005000000008012001 581.374 005000000008012001
1 581.374 005000000008012001 106883.490685 005000000008009001
1 106883.490685 005000000008009001 7475.08 005000000008008006
1 7475.08 005000000008008006 3197.21 005006000008008006
1 3197.21 005006000008008006 106883.490685 005000000008009001
1 106883.490685 005000000008009001 5353.84 014000000001009001
1 5353.84 014000000001009001 38.2047 014000000001009008
1 38.2047 014000000001009008 106883.490685 005000000008009001
1 106883.490685 005000000008009001 1053220.0 014000000001008006
1 1053220.0 014000000001008006 2832.78 014004000001008006
1 2832.78 014004000001008006 106883.490685 005000000008009001
1 106883.490685 005000000008009001 6044620.0 014004000001012009
1 6044620.0 014004000001012009 5999890.0 007004000001012009
1 5999890.0 007004000001012009 106883.490685 005000000008009001
1 106883.490685 005000000008009001 1709376.6666666667 005000000004002001
1 1709376.6666666667 005000000004002001 8445.72 005000000000002001
1 8445.72 005000000000002001 106883.490685 005000000008009001
1 106883.490685 005000000008009001 1709376.6666666667 005000000004002001
1 1709376.6666666667 005000000004002001 7779.51 005000000004006001
1 7779.51 005000000004006001 106883.490685 005000000008009001
1 106883.490685 005000000008009001 93.9644 014000000001009009
1 93.9644 014000000001009009 93.9644 014000000001009009
1 93.9644 014000000001009009 106883.490685 005000000008009001
1 106883.490685 005000000008009001 2348670.0 005000000008008009
1 2348670.0 005000000008008009 272.29355 005000000008005009
1 272.29355 005000000008005009 106883.490685 005000000008009001
1 106883.490685 005000000008009001 272.29355 005000000008005009
1 272.29355 005000000008005009 106883.490685 005000000008009001
1 106883.490685 005000000008009001 6.21972 014000000001012006
1 6.21972 014000000001012006 44.4156 005000000004008009
1 44.4156 005000000004008009 106883.490685 005000000008009001
1 106883.490685 005000000008009001 6.21972 014000000001012006
1 6.21972 014000000001012006 199626.0 005000000004008001
1 199626.0 005000000004008001 199335.0 005000000004007001
1 199335.0 005000000004007001 106883.490685 005000000008009001
1 106883.490685 005000000008009001 45.6618 005000000004012009
1 45.6618 005000000004012009 32.4992 005000000004002009
1 32.4992 005000000004002009 106883.490685 005000000008009001
1 106883.490685 005000000008009001 676548.0 014000000005012001
1 676548.0 014000000005012001 202771.0 014000000005007001
1 202771.0 014000000005007001 106883.490685 005000000008009001
1 106883.490685 005000000008009001 427885.0 014000000004012006
1 427885.0 014000000004012006 106883.490685 005000000008009001
1 106883.490685 005000000008009001 6.21972 014000000001012006
1 6.21972 014000000001012006 179733.0195 005000000005012006
1 179733.0195 005000000005012006 15.0712 005000000005011006
1 15.0712 005000000005011006 106883.490685 005000000008009001
1 106883.490685 005000000008009001 667307.3245 005000000008009006
1 667307.3245 005000000008009006 106883.490685 005000000008009001
1 106883.490685 005000000008009001 6.21972 014000000001012006
1 6.21972 014000000001012006 76353.1116 014000000004012001
1 76353.1116 014000000004012001 106883.490685 005000000008009001
1 106883.490685 005000000008009001 6.21972 014000000001012006
1 6.21972 014000000001012006 666497.5066666667 014000000008009006
1 666497.5066666667 014000000008009006 168021.0 014000000008009001
1 168021.0 014000000008009001 106883.490685 005000000008009001
1 106883.490685 005000000008009001 24.3138 005000000004011006
1 24.3138 005000000004011006 251619.0 005000000004011004
1 251619.0 005000000004011004 106883.490685 005000000008009001
1 106883.490685 005000000008009001 43.588295 005000000004009006
1 43.588295 005000000004009006 12.8723 005000000004000006
1 12.8723 005000000004000006 106883.490685 005000000008009001
1 106883.490685 005000000008009001 2186660.0 014000000004012009
1 2186660.0 014000000004012009 1327590.0 014000000004005009
1 1327590.0 014000000004005009 106883.490685 005000000008009001
1 106883.490685 005000000008009001 802.76 005000000004012006
1 802.76 005000000004012006 24.3138 005000000004011006
1 24.3138 005000000004011006 106883.490685 005000000008009001
1 106883.490685 005000000008009001 5367.1 005000000004012001
1 5367.1 005000000004012001 802.76 005000000004012006
1 802.76 005000000004012006 106883.490685 005000000008009001
1 106883.490685 005000000008009001 43.588295 005000000004009006
1 43.588295 005000000004009006 49.5196 000000000004009006
1 49.5196 000000000004009006 106883.490685 005000000008009001
1 106883.490685 005000000008009001 32.4992 005000000004002009
1 32.4992 005000000004002009 106883.490685 005000000008009001
1 106883.490685 005000000008009001 6.21972 014000000001012006
1 6.21972 014000000001012006 45.6618 005000000004012009
1 45.6618 005000000004012009 106883.490685 005000000008009001
1 106883.490685 005000000008009001 6.21972 014000000001012006
1 6.21972 014000000001012006 5367.1 005000000004012001
1 5367.1 005000000004012001 106883.490685 005000000008009001
1 106883.490685 005000000008009001 6.21972 014000000001012006
1 6.21972 014000000001012006 17039.2 014000000005002006
1 17039.2 014000000005002006 106883.490685 005000000008009001
1 106883.490685 005000000008009001 6.21972 014000000001012006
1 6.21972 014000000001012006 45.6618 005000000004012009
1 45.6618 005000000004012009 106883.490685 005000000008009001
1 106883.490685 005000000008009001 6.21972 014000000001012006
1 6.21972 014000000001012006 1415860.0 005000000004002006
1 1415860.0 005000000004002006 697524.0 005000001004002006
1 697524.0 005000001004002006 106883.490685 005000000008009001
1 106883.490685 005000000008009001 76353.1116 014000000004012001
1 76353.1116 014000000004012001 71.9997 014001000004012001
1 71.9997 014001000004012001 106883.490685 005000000008009001
1 106883.490685 005000000008009001 5367.1 005000000004012001
1 5367.1 005000000004012001 5367.1 005000000004012001
1 5367.1 005000000004012001 106883.490685 005000000008009001
1 106883.490685 005000000008009001 179733.0195 005000000005012006
1 179733.0195 005000000005012006 106883.490685 005000000008009001
1 106883.490685 005000000008009001 6.21972 014000000001012006
1 6.21972 014000000001012006 3264120.0 005000000005009009
1 3264120.0 005000000005009009 1816930.0 005000000001009009
1 1816930.0 005000000001009009 106883.490685 005000000008009001
1 106883.490685 005000000008009001 14170.905 005000000001009001
1 14170.905 005000000001009001 14170.905 005000000001009001
1 14170.905 005000000001009001 106883.490685 005000000008009001
1 106883.490685 005000000008009001 802.76 005000000004012006
1 802.76 005000000004012006 734597.0 005000000004012000
1 734597.0 005000000004012000 106883.490685 005000000008009001
1 106883.490685 005000000008009001 388336.0 014000000005011001
1 388336.0 014000000005011001 157017.0 014000000007011001
1 157017.0 014000000007011001 106883.490685 005000000008009001
1 106883.490685 005000000008009001 32.4992 005000000004002009
1 32.4992 005000000004002009 32.4992 005000000004002009
1 32.4992 005000000004002009 106883.490685 005000000008009001
1 106883.490685 005000000008009001 1082710.0 005000000001011006
1 1082710.0 005000000001011006 84.611 005000000001011003
1 84.611 005000000001011003 106883.490685 005000000008009001
1 106883.490685 005000000008009001 7076580.0 005000000004000001
1 7076580.0 005000000004000001 545.007 005000000001000001
1 545.007 005000000001000001 106883.490685 005000000008009001
1 106883.490685 005000000008009001 802.76 005000000004012006
1 802.76 005000000004012006 128.64 005000000007012006
1 128.64 005000000007012006 106883.490685 005000000008009001
1 106883.490685 005000000008009001 43.588295 005000000004009006
1 43.588295 005000000004009006 33306.2 005000002004009006
1 33306.2 005000002004009006 106883.490685 005000000008009001
1 106883.490685 005000000008009001 9031.66 005000000001009006
1 9031.66 005000000001009006 84.4755 005000001001009006
1 84.4755 005000001001009006 106883.490685 005000000008009001
1 106883.490685 005000000008009001 1389760.0 005000000001002006
1 1389760.0 005000000001002006 477567.0 005000000001012006
1 477567.0 005000000001012006 106883.490685 005000000008009001
1 106883.490685 005000000008009001 5367.1 005000000004012001
1 5367.1 005000000004012001 3145.18 005000000004012002
1 3145.18 005000000004012002 106883.490685 005000000008009001
1 106883.490685 005000000008009001 1560873.7985666667 005000000008002001
1 1560873.7985666667 005000000008002001 79619.6 005006000008002001
1 79619.6 005006000008002001 106883.490685 005000000008009001
1 106883.490685 005000000008009001 707583.0 005000000005011001
1 707583.0 005000000005011001 707583.0 005000000005011001
1 707583.0 005000000005011001 106883.490685 005000000008009001
1 106883.490685 005000000008009001 37.81215 005000000005012009
1 37.81215 005000000005012009 106883.490685 005000000008009001
1 106883.490685 005000000008009001 6.21972 014000000001012006
1 6.21972 014000000001012006 9.48765 014000000004009006
1 9.48765 014000000004009006 43.588295 005000000004009006
1 43.588295 005000000004009006 106883.490685 005000000008009001
1 106883.490685 005000000008009001 667307.3245 005000000008009006
1 667307.3245 005000000008009006 150685.0 005000000008009002
1 150685.0 005000000008009002 106883.490685 005000000008009001
1 106883.490685 005000000008009001 630547.0 005000000008000006
1 630547.0 005000000008000006 630547.0 005000000008000006
1 630547.0 005000000008000006 106883.490685 005000000008009001
1 106883.490685 005000000008009001 1150770.0 005000000008009009
1 1150770.0 005000000008009009 57.1899 005000000002009009
1 57.1899 005000000002009009 106883.490685 005000000008009001
1 106883.490685 005000000008009001 1909580.0 005000000008011009
1 1909580.0 005000000008011009 1231060.0 002000000008011009
1 1231060.0 002000000008011009 106883.490685 005000000008009001
1 106883.490685 005000000008009001 1185.719 014000000004011006
1 1185.719 014000000004011006 1185.719 014000000004011006
1 1185.719 014000000004011006 106883.490685 005000000008009001
1 106883.490685 005000000008009001 43.588295 005000000004009006
1 43.588295 005000000004009006 106883.490685 005000000008009001
1 106883.490685 005000000008009001 6.21972 014000000001012006
2 6.21972 014000000001012006 18.1483 002002000010006007
2 18.1483 002002000010006007 103.316 008005000001005007
2 103.316 008005000001005007 23571.7 010001002000003005
2 23571.7 010001002000003005 6854250.0 002001002008000009
2 6854250.0 002001002008000009 3550930.0 002001002008006009
2 3550930.0 002001002008006009 18.1483 002002000010006007
2 18.1483 002002000010006007 1138850.0 002000000010000007
2 1138850.0 002000000010000007 5634.92 002002000010000007
2 5634.92 002002000010000007 18.1483 002002000010006007
2 18.1483 002002000010006007 620526.036 002002000001005005
2 620526.036 002002000001005005 220949.75 002002000001008005
2 220949.75 002002000001008005 18.1483 002002000010006007
2 18.1483 002002000010006007 1804.2128500000001 000002000010005005
2 1804.2128500000001 000002000010005005 18.1483 002002000010006007
2 18.1483 002002000010006007 103.316 008005000001005007
2 103.316 008005000001005007 1957210.0 002002002010005007
2 1957210.0 002002002010005007 30131.0 002002002010005001
2 30131.0 002002002010005001 18.1483 002002000010006007
2 18.1483 002002000010006007 13613500000.0 008005000000000005
2 13613500000.0 008005000000000005 1048740000.0 008005002000000005
2 1048740000.0 008005002000000005 18.1483 002002000010006007
2 18.1483 002002000010006007 65786.0 010002000010000007
2 65786.0 010002000010000007 34593.0 010000000010000007
2 34593.0 010000000010000007 18.1483 002002000010006007
2 18.1483 002002000010006007 2458060000.0 010000002010005005
2 2458060000.0 010000002010005005 25359.7 010000000010005005
2 25359.7 010000000010005005 18.1483 002002000010006007
2 18.1483 002002000010006007 7835460000.0 002001000000005001
2 7835460000.0 002001000000005001 90121300.0 002001000002005001
2 90121300.0 002001000002005001 18.1483 002002000010006007
2 18.1483 002002000010006007 360841.0 000002000010006001
2 360841.0 000002000010006001 228352.0 000002000010006000
2 228352.0 000002000010006000 18.1483 002002000010006007
2 18.1483 002002000010006007 6626810.0 010005000000006005
2 6626810.0 010005000000006005 18150.7 010006000000006005
2 18150.7 010006000000006005 18.1483 002002000010006007
2 18.1483 002002000010006007 10018.2 002000002001008005
2 10018.2 002000002001008005 556.285 002004002001008005
2 556.285 002004002001008005 18.1483 002002000010006007
2 18.1483 002002000010006007 106.239 010002000001006007
2 106.239 010002000001006007 18.1483 002002000010006007
2 18.1483 002002000010006007 1804.2128500000001 000002000010005005
2 1804.2128500000001 000002000010005005 40701.5 002000002001006005
2 40701.5 002000002001006005 48.1514 002000001001006005
2 48.1514 002000001001006005 18.1483 002002000010006007
2 18.1483 002002000010006007 220949.75 002002000001008005
2 220949.75 002002000001008005 84.0295 002002000001007005
2 84.0295 002002000001007005 18.1483 002002000010006007
2 18.1483 002002000010006007 1740791.5 008005000001006007
2 1740791.5 008005000001006007 1740791.5 008005000001006007
2 1740791.5 008005000001006007 18.1483 002002000010006007
2 18.1483 002002000010006007 1929400.0 002005000010006005
2 1929400.0 002005000010006005 21105.9 002005000010008005
2 21105.9 002005000010008005 18.1483 002002000010006007
2 18.1483 002002000010006007 17121.6 002005000001008005
2 17121.6 002005000001008005 345814.0 002005002001008005
2 345814.0 002005002001008005 18.1483 002002000010006007
2 18.1483 002002000010006007 620526.036 002002000001005005
2 620526.036 002002000001005005 18.1483 002002000010006007
2 18.1483 002002000010006007 48.1514 002000001001006005
2 48.1514 002000001001006005 17913.8 002002000010005005
2 17913.8 002002000010005005 10189.1 002002000010005006
2 10189.1 002002000010005006 18.1483 002002000010006007
2 18.1483 002002000010006007 3392250.0 002002000010007007
2 3392250.0 002002000010007007 16078.3 002002000010007002
2 16078.3 002002000010007002 18.1483 002002000010006007
2 18.1483 002002000010006007 9890770.0 010002000001005007
2 9890770.0 010002000001005007 4741240.0 010002000001004007
2 4741240.0 010002000001004007 18.1483 002002000010006007
2 18.1483 002002000010006007 3943260.0 002005000001005005
2 3943260.0 002005000001005005 15660.8 002005000001004005
2 15660.8 002005000001004005 18.1483 002002000010006007
2 18.1483 002002000010006007 6870.42 002005000001005007
2 6870.42 002005000001005007 71.5944 002005000001011007
2 71.5944 002005000001011007 18.1483 002002000010006007
2 18.1483 002002000010006007 36701.3 010005000010005005
2 36701.3 010005000010005005 6397.03 010004000010005005
2 6397.03 010004000010005005 18.1483 002002000010006007
2 18.1483 002002000010006007 8812.85 010002000010005007
2 8812.85 010002000010005007 81.4181 015002000010005007
2 81.4181 015002000010005007 18.1483 002002000010006007
2 18.1483 002002000010006007 1861410.0 002002000001006005
2 1861410.0 002002000001006005 443480.0 002004000001006005
2 443480.0 002004000001006005 18.1483 002002000010006007
2 18.1483 002002000010006007 2464270.0 002005000001006007
2 2464270.0 002005000001006007 928160.0 017005000001006007
2 928160.0 017005000001006007 18.1483 002002000010006007
2 18.1483 002002000010006007 1560160.0 002005000010011007
2 1560160.0 002005000010011007 2399000.5 002005000010012007
2 2399000.5 002005000010012007 18.1483 002002000010006007
2 18.1483 002002000010006007 9894.23 000005000001012007
2 9894.23 000005000001012007 573114.0 010005000001012007
2 573114.0 010005000001012007 18.1483 002002000010006007
2 18.1483 002002000010006007 402557.0 015005000010011007
2 402557.0 015005000010011007 573114.0 010005000001012007
2 573114.0 010005000001012007 18.1483 002002000010006007
2 18.1483 002002000010006007 1055130.0 000002000001006007
2 1055130.0 000002000001006007 101.069 003002000001006007
2 101.069 003002000001006007 573114.0 010005000001012007
2 573114.0 010005000001012007 3931.7826250000003 000002000010012005
2 3931.7826250000003 000002000010012005 18662.8 017002000010012005
2 18662.8 017002000010012005 573114.0 010005000001012007
2 573114.0 010005000001012007 3955233.655 015002000001006007
2 3955233.655 015002000001006007 3955233.655 015002000001006007
2 3955233.655 015002000001006007 573114.0 010005000001012007
2 573114.0 010005000001012007 2060200.0 010002000001011005
2 2060200.0 010002000001011005 738358.0 010002000001011003
2 738358.0 010002000001011003 573114.0 010005000001012007
2 573114.0 010005000001012007 106.239 010002000001006007
2 106.239 010002000001006007 17076.9 010002000001006006
2 17076.9 010002000001006006 573114.0 010005000001012007
2 573114.0 010005000001012007 583788.8573166666 000002000001012007
2 583788.8573166666 000002000001012007 880.353 000002000001012008
2 880.353 000002000001012008 573114.0 010005000001012007
2 573114.0 010005000001012007 6713.59 015002000001007005
2 6713.59 015002000001007005 573114.0 010005000001012007
2 573114.0 010005000001012007 18.1483 002002000010006007
2 18.1483 002002000010006007 234552.0 000000001010007007
2 234552.0 000000001010007007 119.704 000003001010007007
2 119.704 000003001010007007 573114.0 010005000001012007
2 573114.0 010005000001012007 660054.0 000005000001006008
2 660054.0 000005000001006008 574460.0 000005000001004008
2 574460.0 000005000001004008 573114.0 010005000001012007
2 573114.0 010005000001012007 437694.0 000000000010012005
2 437694.0 000000000010012005 61.5724 019000000010012005
2 61.5724 019000000010012005 573114.0 010005000001012007
2 573114.0 010005000001012007 396215.0 002000000001012005
2 396215.0 002000000001012005 28.1907 002000000009012005
2 28.1907 002000000009012005 573114.0 010005000001012007
2 573114.0 010005000001012007 505022.0 002002000001012007
2 505022.0 002002000001012007 573114.0 010005000001012007
2 573114.0 010005000001012007 18.1483 002002000010006007
2 18.1483 002002000010006007 396215.0 002000000001012005
2 396215.0 002000000001012005 281553.0 002000000002012005
2 281553.0 002000000002012005 573114.0 010005000001012007
2 573114.0 010005000001012007 437694.0 000000000010012005
2 437694.0 000000000010012005 573114.0 010005000001012007
2 573114.0 010005000001012007 18.1483 002002000010006007
2 18.1483 002002000010006007 95.2999 000002000009006008
2 95.2999 000002000009006008 573114.0 010005000001012007
2 573114.0 010005000001012007 18.1483 002002000010006007
2 18.1483 002002000010006007 4718530.0 002002000001005007
2 4718530.0 002002000001005007 21848.4 002002000001005004
2 21848.4 002002000001005004 573114.0 010005000001012007
2 573114.0 010005000001012007 1861410.0 002002000001006005
2 1861410.0 002002000001006005 6928.09 002002000001004005
2 6928.09 002002000001004005 573114.0 010005000001012007
2 573114.0 010005000001012007 2194425.0 002002000010012005
2 2194425.0 002002000010012005 2194425.0 002002000010012005
2 2194425.0 002002000010012005 573114.0 010005000001012007
2 573114.0 010005000001012007 3161.3 002002000009012007
2 3161.3 002002000009012007 573114.0 010005000001012007
2 573114.0 010005000001012007 18.1483 002002000010006007
2 18.1483 002002000010006007 583788.8573166666 000002000001012007
2 583788.8573166666 000002000001012007 100.039 000002000001002007
2 100.039 000002000001002007 573114.0 010005000001012007
2 573114.0 010005000001012007 8944750.0 019002000009002005
2 8944750.0 019002000009002005 3688690.0 019002000009002006
2 3688690.0 019002000009002006 573114.0 010005000001012007
2 573114.0 010005000001012007 46.571 002000000010002006
2 46.571 002000000010002006 46.571 002000000010002006
2 46.571 002000000010002006 573114.0 010005000001012007
2 573114.0 010005000001012007 423980.4083642857 002000000001012007
2 423980.4083642857 002000000001012007 423980.4083642857 002000000001012007
2 423980.4083642857 002000000001012007 573114.0 010005000001012007
2 573114.0 010005000001012007 513781.0 002005001001012007
2 513781.0 002005001001012007 43605.9 002006001001012007
2 43605.9 002006001001012007 573114.0 010005000001012007
2 573114.0 010005000001012007 1413650.0 002002000009012008
2 1413650.0 002002000009012008 8645.33 002005000009012008
2 8645.33 002005000009012008 573114.0 010005000001012007
2 573114.0 010005000001012007 6861440.0 002005000001012007
2 6861440.0 002005000001012007 71.5944 002005000001011007
2 71.5944 002005000001011007 573114.0 010005000001012007
2 573114.0 010005000001012007 3159.99 002000000010012007
2 3159.99 002000000010012007 47.5074 002000000005012007
2 47.5074 002000000005012007 573114.0 010005000001012007
2 573114.0 010005000001012007 1413650.0 002002000009012008
2 1413650.0 002002000009012008 8.40338 007002000009012008
2 8.40338 007002000009012008 573114.0 010005000001012007
2 573114.0 010005000001012007 8295.67 007002000001012007
2 8295.67 007002000001012007 36.9941 007000000001012007
2 36.9941 007000000001012007 8.40338 007002000009012008
2 8.40338 007002000009012008 161140.77185 000000000001012007
2 161140.77185 000000000001012007 113.629 012000000001012007
2 113.629 012000000001012007 8.40338 007002000009012008
2 8.40338 007002000009012008 2453080.0 012002000001012007
2 2453080.0 012002000001012007 2587.33 012002000001012002
2 2587.33 012002000001012002 8.40338 007002000009012008
2 8.40338 007002000009012008 423980.4083642857 002000000001012007
2 423980.4083642857 002000000001012007 38.46 020000000001012007
2 38.46 020000000001012007 8.40338 007002000009012008
2 8.40338 007002000009012008 2399000.5 002005000010012007
2 2399000.5 002005000010012007 535723.0 002005000010005007
2 535723.0 002005000010005007 8.40338 007002000009012008
2 8.40338 007002000009012008 678492.0 020005000001012007
2 678492.0 020005000001012007 22013.4 020005000001012001
2 22013.4 020005000001012001 8.40338 007002000009012008
2 8.40338 007002000009012008 4131040.0 020002000009012007
2 4131040.0 020002000009012007 2542770.0 020002000009011007
2 2542770.0 020002000009011007 8.40338 007002000009012008
2 8.40338 007002000009012008 805099.0 000002000009012007
2 805099.0 000002000009012007 476489.0 000002000009012005
2 476489.0 000002000009012005 8.40338 007002000009012008
2 8.40338 007002000009012008 425027.0 002000000009006007
2 425027.0 002000000009006007 12111.8 002000000009006004
2 12111.8 002000000009006004 8.40338 007002000009012008
2 8.40338 007002000009012008 423980.4083642857 002000000001012007
2 423980.4083642857 002000000001012007 8.40338 007002000009012008
2 8.40338 007002000009012008 573114.0 010005000001012007
2 573114.0 010005000001012007 1622940.0 020000000001012008
2 1622940.0 020000000001012008 213.391 020000000008012008
2 213.391 020000000008012008 8.40338 007002000009012008
2 8.40338 007002000009012008 559942.0 002000000008012008
2 559942.0 002000000008012008 3309.31 002000000008005008
2 3309.31 002000000008005008 8.40338 007002000009012008
2 8.40338 007002000009012008 349339.0 010000000001012005
2 349339.0 010000000001012005 8.40338 007002000009012008
2 8.40338 007002000009012008 573114.0 010005000001012007
2 573114.0 010005000001012007 896220.0 002000000001005007
2 896220.0 002000000001005007 38.7752 008000000001005007
2 38.7752 008000000001005007 8.40338 007002000009012008
2 8.40338 007002000009012008 93.8605 002000000001012008
2 93.8605 002000000001012008 155297.0 002000000001012002
2 155297.0 002000000001012002 8.40338 007002000009012008
2 8.40338 007002000009012008 353385.0 002000000009012007
2 353385.0 002000000009012007 1415.03 002000000009009007
2 1415.03 002000000009009007 8.40338 007002000009012008
2 8.40338 007002000009012008 975502.11 002002000010012008
2 975502.11 002002000010012008 975502.11 002002000010012008
2 975502.11 002002000010012008 8.40338 007002000009012008
2 8.40338 007002000009012008 163.027 000000000010006007
2 163.027 000000000010006007 163.027 000000000010006007
2 163.027 000000000010006007 8.40338 007002000009012008
2 8.40338 007002000009012008 1135893.3345 010002000009012007
2 1135893.3345 010002000009012007 3173.28 003002000009012007
2 3173.28 003002000009012007 8.40338 007002000009012008
2 8.40338 007002000009012008 505022.0 002002000001012007
2 505022.0 002002000001012007 505022.0 002002000001012007
2 505022.0 002002000001012007 8.40338 007002000009012008
2 8.40338 007002000009012008 93.8605 002000000001012008
2 93.8605 002000000001012008 124.809 002000000001001008
2 124.809 002000000001001008 505022.0 002002000001012007
2 505022.0 002002000001012007 423980.4083642857 002000000001012007
2 423980.4083642857 002000000001012007 139.443 002000000001001007
2 139.443 002000000001001007 505022.0 002002000001012007
2 505022.0 002002000001012007 161140.77185 000000000001012007
2 161140.77185 000000000001012007 161140.77185 000000000001012007
2 161140.77185 000000000001012007 505022.0 002002000001012007
2 505022.0 002002000001012007 505022.0 002002000001012007
2 505022.0 002002000001012007 505022.0 002002000001012007
2 505022.0 002002000001012007 161140.77185 000000000001012007
2 161140.77185 000000000001012007 93.8605 002000000001012008
2 93.8605 002000000001012008 1023030.0 004000000001012008
2 1023030.0 004000000001012008 505022.0 002002000001012007
2 505022.0 002002000001012007 3161.3 002002000009012007
2 3161.3 002002000009012007 505022.0 002002000001012007
2 505022.0 002002000001012007 161140.77185 000000000001012007
2 161140.77185 000000000001012007 36.9941 007000000001012007
2 36.9941 007000000001012007 361611.3197 007000002001012007
2 361611.3197 007000002001012007 505022.0 002002000001012007
2 505022.0 002002000001012007 423980.4083642857 002000000001012007
2 423980.4083642857 002000000001012007 99.552 002000000011012007
2 99.552 002000000011012007 505022.0 002002000001012007
2 505022.0 002002000001012007 880.353 000002000001012008
2 880.353 000002000001012008 7628.91 000002000002012008
2 7628.91 000002000002012008 505022.0 002002000001012007
2 505022.0 002002000001012007 505022.0 002002000001012007
2 505022.0 002002000001012007 7547.48 019002000001012007
2 7547.48 019002000001012007 505022.0 002002000001012007
2 505022.0 002002000001012007 583788.8573166666 000002000001012007
2 583788.8573166666 000002000001012007 583788.8573166666 000002000001012007
2 583788.8573166666 000002000001012007 505022.0 002002000001012007
2 505022.0 002002000001012007 645638.0 000000002009012005
2 645638.0 000000002009012005 225061.0 000003002009012005
2 225061.0 000003002009012005 505022.0 002002000001012007
2 505022.0 002002000001012007 2113180.0 002000002009012007
2 2113180.0 002000002009012007 90.7473 002000002009012000
2 90.7473 002000002009012000 505022.0 002002000001012007
2 505022.0 002002000001012007 1672.01 000000000001012008
2 1672.01 000000000001012008 162.032 000000000001006008
2 162.032 000000000001006008 505022.0 002002000001012007
2 505022.0 002002000001012007 505022.0 002002000001012007
2 505022.0 002002000001012007 489482.0 002004000001012007
2 489482.0 002004000001012007 505022.0 002002000001012007
2 505022.0 002002000001012007 90.84 010002000001012007
2 90.84 010002000001012007 90.84 010002000001012007
2 90.84 010002000001012007 505022.0 002002000001012007
2 505022.0 002002000001012007 36.9941 007000000001012007
2 36.9941 007000000001012007 36.9941 007000000001012007
2 36.9941 007000000001012007 505022.0 002002000001012007
2 505022.0 002002000001012007 36.9941 007000000001012007
2 36.9941 007000000001012007 812047.0 007005000001012007
2 812047.0 007005000001012007 505022.0 002002000001012007
2 505022.0 002002000001012007 423980.4083642857 002000000001012007
2 423980.4083642857 002000000001012007 3748.66 002000000001011007
2 3748.66 002000000001011007 505022.0 002002000001012007
2 505022.0 002002000001012007 7921.42 002002000009011007
2 7921.42 002002000009011007 35.5971 002002000009011003
2 35.5971 002002000009011003 505022.0 002002000001012007
2 505022.0 002002000001012007 11331.0 000000000001012003
2 11331.0 000000000001012003 5663.14 000000000001011003
2 5663.14 000000000001011003 505022.0 002002000001012007
2 505022.0 002002000001012007 423980.4083642857 002000000001012007
2 423980.4083642857 002000000001012007 4821.12 001000000001012007
2 4821.12 001000000001012007 505022.0 002002000001012007
2 505022.0 002002000001012007 7554.28 002000000010006007
2 7554.28 002000000010006007 6995.96 002000000006006007
2 6995.96 002000000006006007 505022.0 002002000001012007
2 505022.0 002002000001012007 758252.0 007000000010006007
2 758252.0 007000000010006007 4576.08 007000000010005007
2 4576.08 007000000010005007 505022.0 002002000001012007
2 505022.0 002002000001012007 1237440.0 002000002001006007
2 1237440.0 002000002001006007 52645.4 011000002001006007
2 52645.4 011000002001006007 505022.0 002002000001012007
2 505022.0 002002000001012007 423980.4083642857 002000000001012007
2 423980.4083642857 002000000001012007 423980.4083642857 002000000001012007
2 423980.4083642857 002000000001012007 505022.0 002002000001012007
2 505022.0 002002000001012007 10.9067 010000000001012007
2 10.9067 010000000001012007 505022.0 002002000001012007
2 505022.0 002002000001012007 161140.77185 000000000001012007
2 161140.77185 000000000001012007 505022.0 002002000001012007
2 505022.0 002002000001012007 1742570.0 002002000001006007
2 1742570.0 002002000001006007 505022.0 002002000001012007
2 505022.0 002002000001012007 730743.0 002005000001012005
2 730743.0 002005000001012005 17121.6 002005000001008005
2 17121.6 002005000001008005 505022.0 002002000001012007
2 505022.0 002002000001012007 396215.0 002000000001012005
2 396215.0 002000000001012005 201403.0 002000002001012005
2 201403.0 002000002001012005 505022.0 002002000001012007
2 505022.0 002002000001012007 4661370.0 010002002001012005
2 4661370.0 010002002001012005 4661370.0 010002002001012005
2 4661370.0 010002002001012005 505022.0 002002000001012007
2 505022.0 002002000001012007 2664.87 007000000010012007
2 2664.87 007000000010012007 505022.0 002002000001012007
2 505022.0 002002000001012007 161140.77185 000000000001012007
2 161140.77185 000000000001012007 353385.0 002000000009012007
2 353385.0 002000000009012007 2825.995 010000000009012007
2 2825.995 010000000009012007 505022.0 002002000001012007
2 505022.0 002002000001012007 3161.3 002002000009012007
2 3161.3 002002000009012007 611218.0 002002000003012007
2 611218.0 002002000003012007 505022.0 002002000001012007
2 505022.0 002002000001012007 361611.3197 007000002001012007
2 361611.3197 007000002001012007 124.18 007000002001012008
2 124.18 007000002001012008 505022.0 002002000001012007
2 505022.0 002002000001012007 72919.1 002000002001012008
2 72919.1 002000002001012008 505022.0 002002000001012007
2 505022.0 002002000001012007 161140.77185 000000000001012007
2 161140.77185 000000000001012007 2448.18 010005000001012008
2 2448.18 010005000001012008 2448.18 010005000001012008
2 2448.18 010005000001012008 72919.1 002000002001012008
2 72919.1 002000002001012008 39747.8 002002002001012007
2 39747.8 002002002001012007 779458.0 002002001001012007
2 779458.0 002002001001012007 72919.1 002000002001012008
2 72919.1 002000002001012008 573114.0 010005000001012007
2 573114.0 010005000001012007 47.6708 010005001001012007
2 47.6708 010005001001012007 72919.1 002000002001012008
2 72919.1 002000002001012008 583788.8573166666 000002000001012007
2 583788.8573166666 000002000001012007 583788.8573166666 000002000001012007
2 583788.8573166666 000002000001012007 72919.1 002000002001012008
2 72919.1 002000002001012008 1290700.0 002000002001006008
2 1290700.0 002000002001006008 1276640.0 012000002001006008
2 1276640.0 012000002001006008 72919.1 002000002001012008
2 72919.1 002000002001012008 12.6544 002000002010012008
2 12.6544 002000002010012008 529.101 002005002010012008
2 529.101 002005002010012008 72919.1 002000002001012008
2 72919.1 002000002001012008 2077055.0 002005002001012007
2 2077055.0 002005002001012007 2077055.0 002005002001012007
2 2077055.0 002005002001012007 72919.1 002000002001012008
2 72919.1 002000002001012008 39747.8 002002002001012007
2 39747.8 002002002001012007 17759.9 019002002001012007
2 17759.9 019002002001012007 72919.1 002000002001012008
2 72919.1 002000002001012008 851504.00046 002002002001012008
2 851504.00046 002002002001012008 72919.1 002000002001012008
2 72919.1 002000002001012008 505022.0 002002000001012007
2 505022.0 002002000001012007 423980.4083642857 002000000001012007
2 423980.4083642857 002000000001012007 2363.6 002000000008012007
2 2363.6 002000000008012007 72919.1 002000002001012008
2 72919.1 002000002001012008 8295.67 007002000001012007
2 8295.67 007002000001012007 159.478 007002002001012007
2 159.478 007002002001012007 72919.1 002000002001012008
2 72919.1 002000002001012008 1314800.0 002002002009012007
2 1314800.0 002002002009012007 893347.0 002001002009012007
2 893347.0 002001002009012007 72919.1 002000002001012008
2 72919.1 002000002001012008 161140.77185 000000000001012007
2 161140.77185 000000000001012007 161140.77185 000000000001012007
2 161140.77185 000000000001012007 72919.1 002000002001012008
2 72919.1 002000002001012008 2593335.0 002005002001012008
2 2593335.0 002005002001012008 2593335.0 002005002001012008
2 2593335.0 002005002001012008 72919.1 002000002001012008
2 72919.1 002000002001012008 39747.8 002002002001012007
2 39747.8 002002002001012007 72919.1 002000002001012008
2 72919.1 002000002001012008 505022.0 002002000001012007
2 505022.0 002002000001012007 72919.1 002000002001012008
2 72919.1 002000002001012008 837893.0 002003002001012008
2 837893.0 002003002001012008 72919.1 002000002001012008
2 72919.1 002000002001012008 505022.0 002002000001012007
2 505022.0 002002000001012007 779458.0 002002001001012007
2 779458.0 002002001001012007 72919.1 002000002001012008
2 72919.1 002000002001012008 93.8605 002000000001012008
2 93.8605 002000000001012008 957227.0 002002000001012008
2 957227.0 002002000001012008 72919.1 002000002001012008
2 72919.1 002000002001012008 1816620.0 002002002001006008
2 1816620.0 002002002001006008 10537.3 002002002001003008
2 10537.3 002002002001003008 72919.1 002000002001012008
2 72919.1 002000002001012008 498019.0 007002002010012007
2 498019.0 007002002010012007 72919.1 002000002001012008
2 72919.1 002000002001012008 505022.0 002002000001012007
2 505022.0 002002000001012007 699833.0 002002002010012008
2 699833.0 002002002010012008 2913.48 002002002010001008
2 2913.48 002002002010001008 72919.1 002000002001012008
2 72919.1 002000002001012008 46.7442 000002002001012007
2 46.7442 000002002001012007 72919.1 002000002001012008
2 72919.1 002000002001012008 505022.0 002002000001012007
2 505022.0 002002000001012007 505022.0 002002000001012007
2 505022.0 002002000001012007 192.185 002002000001002007
2 192.185 002002000001002007 72919.1 002000002001012008
2 72919.1 002000002001012008 5508540.0 002005000001012008
2 5508540.0 002005000001012008 3630215.0 002001000001012008
2 3630215.0 002001000001012008 72919.1 002000002001012008
2 72919.1 002000002001012008 44680.3 010000002001012007
2 44680.3 010000002001012007 44680.3 010000002001012007
2 44680.3 010000002001012007 72919.1 002000002001012008
2 72919.1 002000002001012008 93.8605 002000000001012008
2 93.8605 002000000001012008 72919.1 002000002001012008
2 72919.1 002000002001012008 72919.1 002000002001012008
2 72919.1 002000002001012008 505022.0 002002000001012007
2 505022.0 002002000001012007 72919.1 002000002001012008
2 72919.1 002000002001012008 505022.0 002002000001012007
2 505022.0 002002000001012007 957227.0 002002000001012008
2 957227.0 002002000001012008 505022.0 002002000001012007
2 505022.0 002002000001012007 72919.1 002000002001012008
2 72919.1 002000002001012008 423980.4083642857 002000000001012007
2 423980.4083642857 002000000001012007 282281.0 002000000001012004
2 282281.0 002000000001012004 72919.1 002000002001012008
2 72919.1 002000002001012008 957227.0 002002000001012008
2 957227.0 002002000001012008 3630215.0 002001000001012008
2 3630215.0 002001000001012008 72919.1 002000002001012008
2 72919.1 002000002001012008 8295.67 007002000001012007
2 8295.67 007002000001012007 51.1082 007002000004012007
2 51.1082 007002000004012007 72919.1 002000002001012008
2 72919.1 002000002001012008 2375350.0 007002002010012008
2 2375350.0 007002002010012008 1107460.0 007002001010012008
2 1107460.0 007002001010012008 72919.1 002000002001012008
2 72919.1 002000002001012008 505022.0 002002000001012007
2 505022.0 002002000001012007 116.786 008002000001012007
2 116.786 008002000001012007 72919.1 002000002001012008
2 72919.1 002000002001012008 44680.3 010000002001012007
2 44680.3 010000002001012007 44680.3 010000002001012007
2 44680.3 010000002001012007 72919.1 002000002001012008
2 72919.1 002000002001012008 49.6098 010000002010012007
2 49.6098 010000002010012007 72919.1 002000002001012008
2 72919.1 002000002001012008 505022.0 002002000001012007
2 505022.0 002002000001012007 44680.3 010000002001012007
2 44680.3 010000002001012007 45890.0 010000002001012002
2 45890.0 010000002001012002 72919.1 002000002001012008
2 72919.1 002000002001012008 93.8605 002000000001012008
2 93.8605 002000000001012008 72919.1 002000002001012008
2 72919.1 002000002001012008 505022.0 002002000001012007
2 505022.0 002002000001012007 880.353 000002000001012008
2 880.353 000002000001012008 72919.1 002000002001012008
2 72919.1 002000002001012008 505022.0 002002000001012007
2 505022.0 002002000001012007 2802340.0 002002000010012007
2 2802340.0 002002000010012007 2183540.0 002002000010012002
2 2183540.0 002002000010012002 72919.1 002000002001012008
2 72919.1 002000002001012008 88.0455 010000000001012008
2 88.0455 010000000001012008 4291.55 010000000001012006
2 4291.55 010000000001012006 72919.1 002000002001012008
2 72919.1 002000002001012008 3161.3 002002000009012007
2 3161.3 002002000009012007 3161.3 002002000009012007
2 3161.3 002002000009012007 4291.55 010000000001012006
2 4291.55 010000000001012006 10.9067 010000000001012007
2 10.9067 010000000001012007 4291.55 010000000001012006
2 4291.55 010000000001012006 4291.55 010000000001012006
2 4291.55 010000000001012006 72919.1 002000002001012008
2 72919.1 002000002001012008 1938280.0 002001002001012008
2 1938280.0 002001002001012008 4291.55 010000000001012006
2 4291.55 010000000001012006 90.84 010002000001012007
2 90.84 010002000001012007 54.3548 010002000010012007
2 54.3548 010002000010012007 4291.55 010000000001012006
2 4291.55 010000000001012006 520333.7573666667 010005000001012006
2 520333.7573666667 010005000001012006 520333.7573666667 010005000001012006
2 520333.7573666667 010005000001012006 4291.55 010000000001012006
2 4291.55 010000000001012006 4291.55 010000000001012006
2 4291.55 010000000001012006 33.32 001000000001012006
2 33.32 001000000001012006 4291.55 010000000001012006
2 4291.55 010000000001012006 880.353 000002000001012008
2 880.353 000002000001012008 35.3921 000002002001012008
2 35.3921 000002002001012008 4291.55 010000000001012006
2 4291.55 010000000001012006 44680.3 010000002001012007
2 44680.3 010000002001012007 49.6098 010000002010012007
2 49.6098 010000002010012007 4291.55 010000000001012006
2 4291.55 010000000001012006 31418.0 002000002001012007
2 31418.0 002000002001012007 423980.4083642857 002000000001012007
2 423980.4083642857 002000000001012007 4291.55 010000000001012006
2 4291.55 010000000001012006 583788.8573166666 000002000001012007
2 583788.8573166666 000002000001012007 339911.0 000002001001012007
2 339911.0 000002001001012007 4291.55 010000000001012006
2 4291.55 010000000001012006 44680.3 010000002001012007
2 44680.3 010000002001012007 237.351 010000002001012008
2 237.351 010000002001012008 4291.55 010000000001012006
2 4291.55 010000000001012006 347951.0 000000002009012008
2 347951.0 000000002009012008 138689.0 000006002009012008
2 138689.0 000006002009012008 4291.55 010000000001012006
2 4291.55 010000000001012006 88.0455 010000000001012008
2 88.0455 010000000001012008 31.2327 018000000001012008
2 31.2327 018000000001012008 4291.55 010000000001012006
2 4291.55 010000000001012006 311834.0 002000002001012006
2 311834.0 002000002001012006 30326.3 003000002001012006
2 30326.3 003000002001012006 4291.55 010000000001012006
2 4291.55 010000000001012006 161140.77185 000000000001012007
2 161140.77185 000000000001012007 164249.0 000000000001012002
2 164249.0 000000000001012002 4291.55 010000000001012006
2 4291.55 010000000001012006 155297.0 002000000001012002
2 155297.0 002000000001012002 6778.11 002000000001006002
2 6778.11 002000000001006002 4291.55 010000000001012006
2 4291.55 010000000001012006 10.9067 010000000001012007
2 10.9067 010000000001012007 4291.55 010000000001012006
2 4291.55 010000000001012006 72919.1 002000002001012008
2 72919.1 002000002001012008 90.84 010002000001012007
2 90.84 010002000001012007 2314360.0 010002000001012002
2 2314360.0 010002000001012002 10.9067 010000000001012007
2 10.9067 010000000001012007 447998.84715 002000000001012006
2 447998.84715 002000000001012006 52594.2 002006000001012006
2 52594.2 002006000001012006 10.9067 010000000001012007
2 10.9067 010000000001012007 15008500000.0 002006000001012007
2 15008500000.0 002006000001012007 948792000.0 002006000006012007
2 948792000.0 002006000006012007 10.9067 010000000001012007
2 10.9067 010000000001012007 505022.0 002002000001012007
2 505022.0 002002000001012007 39747.8 002002002001012007
2 39747.8 002002002001012007 10.9067 010000000001012007
2 10.9067 010000000001012007 39747.8 002002002001012007
2 39747.8 002002002001012007 39747.8 002002002001012007
2 39747.8 002002002001012007 10.9067 010000000001012007
2 10.9067 010000000001012007 8295.67 007002000001012007
2 8295.67 007002000001012007 51.1082 007002000004012007
2 51.1082 007002000004012007 10.9067 010000000001012007
2 10.9067 010000000001012007 93.8605 002000000001012008
2 93.8605 002000000001012008 93.8605 002000000001012008
2 93.8605 002000000001012008 10.9067 010000000001012007
2 10.9067 010000000001012007 785215.5 002000000009012008
2 785215.5 002000000009012008 12030.4 002000001009012008
2 12030.4 002000001009012008 10.9067 010000000001012007
2 10.9067 010000000001012007 298599.0 002000000009012006
2 298599.0 002000000009012006 164448.71 002002000009012006
2 164448.71 002002000009012006 10.9067 010000000001012007
2 10.9067 010000000001012007 164448.71 002002000009012006
2 164448.71 002002000009012006 8556.25 003002000009012006
2 8556.25 003002000009012006 10.9067 010000000001012007
2 10.9067 010000000001012007 72919.1 002000002001012008
2 72919.1 002000002001012008 851504.00046 002002002001012008
2 851504.00046 002002002001012008 10.9067 010000000001012007
2 10.9067 010000000001012007 447998.84715 002000000001012006
2 447998.84715 002000000001012006 155297.0 002000000001012002
2 155297.0 002000000001012002 10.9067 010000000001012007
2 10.9067 010000000001012007 423980.4083642857 002000000001012007
2 423980.4083642857 002000000001012007 423980.4083642857 002000000001012007
2 423980.4083642857 002000000001012007 10.9067 010000000001012007
2 10.9067 010000000001012007 8935077.5 010002000001012008
2 8935077.5 010002000001012008 2004950.0 010002000001012005
2 2004950.0 010002000001012005 10.9067 010000000001012007
2 10.9067 010000000001012007 31418.0 002000002001012007
2 31418.0 002000002001012007 1835.95 000000002001012007
2 1835.95 000000002001012007 10.9067 010000000001012007
2 10.9067 010000000001012007 1413650.0 002002000009012008
2 1413650.0 002002000009012008 1413650.0 002002000009012008
2 1413650.0 002002000009012008 10.9067 010000000001012007
2 10.9067 010000000001012007 93.8605 002000000001012008
2 93.8605 002000000001012008 72919.1 002000002001012008
2 72919.1 002000002001012008 10.9067 010000000001012007
2 10.9067 010000000001012007 93.8605 002000000001012008
2 93.8605 002000000001012008 500835.0 002000001001012008
2 500835.0 002000001001012008 10.9067 010000000001012007
2 10.9067 010000000001012007 1135893.3345 010002000009012007
2 1135893.3345 010002000009012007 57.8238 010002000009012008
2 57.8238 010002000009012008 10.9067 010000000001012007
2 10.9067 010000000001012007 2144.28 002002002009012008
2 2144.28 002002002009012008 51.4566 002002002009008008
2 51.4566 002002002009008008 10.9067 010000000001012007
2 10.9067 010000000001012007 1727290.0 002000002001008008
2 1727290.0 002000002001008008 945463.0 002002002001008008
2 945463.0 002002002001008008 10.9067 010000000001012007
2 10.9067 010000000001012007 505022.0 002002000001012007
2 505022.0 002002000001012007 1316580.0 018002000001012007
2 1316580.0 018002000001012007 10.9067 010000000001012007
2 10.9067 010000000001012007 4291.55 010000000001012006
2 4291.55 010000000001012006 10.9067 010000000001012007
2 10.9067 010000000001012007 4291.55 010000000001012006
2 4291.55 010000000001012006 4291.55 010000000001012006
2 4291.55 010000000001012006 520333.7573666667 010005000001012006
2 520333.7573666667 010005000001012006 10.9067 010000000001012007
2 10.9067 010000000001012007 90.84 010002000001012007
2 90.84 010002000001012007 90.84 010002000001012007
2 90.84 010002000001012007 10.9067 010000000001012007
2 10.9067 010000000001012007 4291.55 010000000001012006
2 4291.55 010000000001012006 10.9067 010000000001012007
2 10.9067 010000000001012007 4291.55 010000000001012006
2 4291.55 010000000001012006 423980.4083642857 002000000001012007
2 423980.4083642857 002000000001012007 1141980.0 002000000001007007
2 1141980.0 002000000001007007 10.9067 010000000001012007
2 10.9067 010000000001012007 1037.77 002000002009012006
2 1037.77 002000002009012006 10.9067 010000000001012007
2 10.9067 010000000001012007 4291.55 010000000001012006
2 4291.55 010000000001012006 785215.5 002000000009012008
2 785215.5 002000000009012008 632378.0 002000000006012008
2 632378.0 002000000006012008 10.9067 010000000001012007
2 10.9067 010000000001012007 10.9067 010000000001012007
2 10.9067 010000000001012007 10.9067 010000000001012007
2 10.9067 010000000001012007 4291.55 010000000001012006
2 4291.55 010000000001012006 957227.0 002002000001012008
2 957227.0 002002000001012008 12687.1 002002000001011008
2 12687.1 002002000001011008 10.9067 010000000001012007
2 10.9067 010000000001012007 317312.0 000000000009012007
2 317312.0 000000000009012007 12683.5 000000000004012007
2 12683.5 000000000004012007 10.9067 010000000001012007
2 10.9067 010000000001012007 425492.0 000000000001012006
2 425492.0 000000000001012006 98.5235 000000000001001006
2 98.5235 000000000001001006 10.9067 010000000001012007
2 10.9067 010000000001012007 39747.8 002002002001012007
2 39747.8 002002002001012007 4489.35 004002002001012007
2 4489.35 004002002001012007 10.9067 010000000001012007
2 10.9067 010000000001012007 36.9941 007000000001012007
2 36.9941 007000000001012007 10.9067 010000000001012007
2 10.9067 010000000001012007 4291.55 010000000001012006
2 4291.55 010000000001012006 93.8605 002000000001012008
2 93.8605 002000000001012008 93.8605 002000000001012008
2 93.8605 002000000001012008 10.9067 010000000001012007
2 10.9067 010000000001012007 93.8605 002000000001012008
2 93.8605 002000000001012008 38.1077 002000000003012008
2 38.1077 002000000003012008 10.9067 010000000001012007
2 10.9067 010000000001012007 35.3921 000002002001012008
2 35.3921 000002002001012008 10.9067 010000000001012007
2 10.9067 010000000001012007 4291.55 010000000001012006
2 4291.55 010000000001012006 88.0455 010000000001012008
2 88.0455 010000000001012008 10.9067 010000000001012007
2 10.9067 010000000001012007 4291.55 010000000001012006
2 4291.55 010000000001012006 31418.0 002000002001012007
2 31418.0 002000002001012007 31418.0 002000002001012007
2 31418.0 002000002001012007 10.9067 010000000001012007
2 10.9067 010000000001012007 10.9067 010000000001012007
2 10.9067 010000000001012007 10.9067 010000000001012007
2 10.9067 010000000001012007 4291.55 010000000001012006
2 4291.55 010000000001012006 90.84 010002000001012007
2 90.84 010002000001012007 10.9067 010000000001012007
2 10.9067 010000000001012007 4291.55 010000000001012006
2 4291.55 010000000001012006 2825.995 010000000009012007
2 2825.995 010000000009012007 2825.995 010000000009012007
2 2825.995 010000000009012007 10.9067 010000000001012007
2 10.9067 010000000001012007 93.8605 002000000001012008
2 93.8605 002000000001012008 72919.1 002000002001012008
2 72919.1 002000002001012008 10.9067 010000000001012007
2 10.9067 010000000001012007 1835.95 000000002001012007
2 1835.95 000000002001012007 101.735 000000002000012007
2 101.735 000000002000012007 10.9067 010000000001012007
2 10.9067 010000000001012007 10.9067 010000000001012007
2 10.9067 010000000001012007 10.9067 010000000001012007
2 10.9067 010000000001012007 10.9067 010000000001012007
2 10.9067 010000000001012007 447998.84715 002000000001012006
2 447998.84715 002000000001012006 447998.84715 002000000001012006
2 447998.84715 002000000001012006 10.9067 010000000001012007
2 10.9067 010000000001012007 90.84 010002000001012007
2 90.84 010002000001012007 101.824 010002000001009007
2 101.824 010002000001009007 10.9067 010000000001012007
2 10.9067 010000000001012007 88.0455 010000000001012008
2 88.0455 010000000001012008 96178.6 010003000001012008
2 96178.6 010003000001012008 10.9067 010000000001012007
2 10.9067 010000000001012007 957227.0 002002000001012008
2 957227.0 002002000001012008 957227.0 002002000001012008
2 957227.0 002002000001012008 10.9067 010000000001012007
2 10.9067 010000000001012007 88.0455 010000000001012008
2 88.0455 010000000001012008 500358.0 010000000002012008
2 500358.0 010000000002012008 10.9067 010000000001012007
2 10.9067 010000000001012007 90.84 010002000001012007
2 90.84 010002000001012007 10.9067 010000000001012007
2 10.9067 010000000001012007 4291.55 010000000001012006
2 4291.55 010000000001012006 423980.4083642857 002000000001012007
2 423980.4083642857 002000000001012007 233.579 002000000012012007
2 233.579 002000000012012007 10.9067 010000000001012007
2 10.9067 010000000001012007 72919.1 002000002001012008
2 72919.1 002000002001012008 12.6544 002000002010012008
2 12.6544 002000002010012008 10.9067 010000000001012007
2 10.9067 010000000001012007 3159.99 002000000010012007
2 3159.99 002000000010012007 3159.99 002000000010012007
2 3159.99 002000000010012007 10.9067 010000000001012007
2 10.9067 010000000001012007 8935077.5 010002000001012008
2 8935077.5 010002000001012008 8935077.5 010002000001012008
2 8935077.5 010002000001012008 10.9067 010000000001012007
2 10.9067 010000000001012007 8935077.5 010002000001012008
2 8935077.5 010002000001012008 1699990.0 004002000001012008
2 1699990.0 004002000001012008 10.9067 010000000001012007
2 10.9067 010000000001012007 957227.0 002002000001012008
2 957227.0 002002000001012008 957227.0 002002000001012008
2 957227.0 002002000001012008 10.9067 010000000001012007
2 10.9067 010000000001012007 93.8605 002000000001012008
2 93.8605 002000000001012008 93.8605 002000000001012008
2 93.8605 002000000001012008 10.9067 010000000001012007
2 10.9067 010000000001012007 423980.4083642857 002000000001012007
2 423980.4083642857 002000000001012007 106521.96843333333 002000000001012003
2 106521.96843333333 002000000001012003 10.9067 010000000001012007
2 10.9067 010000000001012007 93.8605 002000000001012008
2 93.8605 002000000001012008 282281.0 002000000001012004
2 282281.0 002000000001012004 106521.96843333333 002000000001012003
2 106521.96843333333 002000000001012003 71.6843 010002000001012004
2 71.6843 010002000001012004 106521.96843333333 002000000001012003
2 106521.96843333333 002000000001012003 10.9067 010000000001012007
2 10.9067 010000000001012007 4291.55 010000000001012006
2 4291.55 010000000001012006 98755.1 013000000001012006
2 98755.1 013000000001012006 106521.96843333333 002000000001012003
2 106521.96843333333 002000000001012003 106521.96843333333 002000000001012003
2 106521.96843333333 002000000001012003 106521.96843333333 002000000001012003
2 106521.96843333333 002000000001012003 10.9067 010000000001012007
2 10.9067 010000000001012007 62067.8 010002002001012003
2 62067.8 010002002001012003 24966.5 010002002001012006
2 24966.5 010002002001012006 106521.96843333333 002000000001012003
2 106521.96843333333 002000000001012003 5216.01 010000000001012003
2 5216.01 010000000001012003 5216.01 010000000001012003
2 5216.01 010000000001012003 106521.96843333333 002000000001012003
2 106521.96843333333 002000000001012003 10.9067 010000000001012007
2 10.9067 010000000001012007 573114.0 010005000001012007
2 573114.0 010005000001012007 106521.96843333333 002000000001012003
2 106521.96843333333 002000000001012003 505022.0 002002000001012007
2 505022.0 002002000001012007 505022.0 002002000001012007
2 505022.0 002002000001012007 106521.96843333333 002000000001012003
2 106521.96843333333 002000000001012003 423980.4083642857 002000000001012007
2 423980.4083642857 002000000001012007 423980.4083642857 002000000001012007
2 423980.4083642857 002000000001012007 106521.96843333333 002000000001012003
2 106521.96843333333 002000000001012003 423980.4083642857 002000000001012007
2 423980.4083642857 002000000001012007 32.7756 002000000001012000
2 32.7756 002000000001012000 106521.96843333333 002000000001012003
2 106521.96843333333 002000000001012003 880.353 000002000001012008
2 880.353 000002000001012008 7628.91 000002000002012008
2 7628.91 000002000002012008 106521.96843333333 002000000001012003
2 106521.96843333333 002000000001012003 88.0455 010000000001012008
2 88.0455 010000000001012008 88.0455 010000000001012008
2 88.0455 010000000001012008 106521.96843333333 002000000001012003
2 106521.96843333333 002000000001012003 88.0455 010000000001012008
2 88.0455 010000000001012008 106521.96843333333 002000000001012003
2 106521.96843333333 002000000001012003 10.9067 010000000001012007
2 10.9067 010000000001012007 88.0455 010000000001012008
2 88.0455 010000000001012008 1672.01 000000000001012008
2 1672.01 000000000001012008 106521.96843333333 002000000001012003
2 106521.96843333333 002000000001012003 161140.77185 000000000001012007
2 161140.77185 000000000001012007 85.4684 000000000001012000
2 85.4684 000000000001012000 106521.96843333333 002000000001012003
2 106521.96843333333 002000000001012003 447998.84715 002000000001012006
2 447998.84715 002000000001012006 9171.37 002002000001012006
2 9171.37 002002000001012006 106521.96843333333 002000000001012003
2 106521.96843333333 002000000001012003 237556.4714 002000002001012003
2 237556.4714 002000002001012003 106521.96843333333 002000000001012003
2 106521.96843333333 002000000001012003 10.9067 010000000001012007
2 10.9067 010000000001012007 88.0455 010000000001012008
2 88.0455 010000000001012008 93.8605 002000000001012008
2 93.8605 002000000001012008 106521.96843333333 002000000001012003
2 106521.96843333333 002000000001012003 31418.0 002000002001012007
2 31418.0 002000002001012007 106521.96843333333 002000000001012003
2 106521.96843333333 002000000001012003 10.9067 010000000001012007
2 10.9067 010000000001012007 237556.4714 002000002001012003
2 237556.4714 002000002001012003 30333.1 002000002001012002
2 30333.1 002000002001012002 106521.96843333333 002000000001012003
2 106521.96843333333 002000000001012003 447998.84715 002000000001012006
2 447998.84715 002000000001012006 409582.0 011000000001012006
2 409582.0 011000000001012006 106521.96843333333 002000000001012003
2 106521.96843333333 002000000001012003 423980.4083642857 002000000001012007
2 423980.4083642857 002000000001012007 10.9067 010000000001012007
2 10.9067 010000000001012007 106521.96843333333 002000000001012003
2 106521.96843333333 002000000001012003 423980.4083642857 002000000001012007
2 423980.4083642857 002000000001012007 106521.96843333333 002000000001012003
2 106521.96843333333 002000000001012003 106521.96843333333 002000000001012003
2 106521.96843333333 002000000001012003 93.8605 002000000001012008
2 93.8605 002000000001012008 396215.0 002000000001012005
2 396215.0 002000000001012005 106521.96843333333 002000000001012003
2 106521.96843333333 002000000001012003 423980.4083642857 002000000001012007
2 423980.4083642857 002000000001012007 154.28 002000000001003007
2 154.28 002000000001003007 106521.96843333333 002000000001012003
2 106521.96843333333 002000000001012003 93.8605 002000000001012008
2 93.8605 002000000001012008 72919.1 002000002001012008
2 72919.1 002000002001012008 106521.96843333333 002000000001012003
2 106521.96843333333 002000000001012003 11331.0 000000000001012003
2 11331.0 000000000001012003 5216.01 010000000001012003
2 5216.01 010000000001012003 106521.96843333333 002000000001012003
2 106521.96843333333 002000000001012003 106521.96843333333 002000000001012003
2 106521.96843333333 002000000001012003 216690.0 002000000005012003
2 216690.0 002000000005012003 106521.96843333333 002000000001012003
3 106521.96843333333 002000000001012003 13090800.0 013002002012012009
3 13090800.0 013002002012012009 4505740.0 013002002001012009
3 4505740.0 013002002001012009 4389.75 011006002000008003
3 4389.75 011006002000008003 43408.9 004003002000010003
3 43408.9 004003002000010003 5977.09 002003002000010003
3 5977.09 002003002000010003 4389.75 011006002000008003
3 4389.75 011006002000008003 36763.4 004000000002000004
3 36763.4 004000000002000004 517855.0264066667 004000000002006004
3 517855.0264066667 004000000002006004 4389.75 011006002000008003
3 4389.75 011006002000008003 10881.9 010006000002001000
3 10881.9 010006000002001000 517855.0264066667 004000000002006004
3 517855.0264066667 004000000002006004 4389.75 011006002000008003
3 4389.75 011006002000008003 67084400.0 004003000000010004
3 67084400.0 004003000000010004 29828.4 015003000000010004
3 29828.4 015003000000010004 517855.0264066667 004000000002006004
3 517855.0264066667 004000000002006004 460328.0 010005000002010003
3 460328.0 010005000002010003 589058.81 010000000002010003
3 589058.81 010000000002010003 517855.0264066667 004000000002006004
3 517855.0264066667 004000000002006004 54312400.0 004003000007010004
3 54312400.0 004003000007010004 10585200.0 004003000006010004
3 10585200.0 004003000006010004 517855.0264066667 004000000002006004
3 517855.0264066667 004000000002006004 15127332000.0 010003000000001000
3 15127332000.0 010003000000001000 15127332000.0 010003000000001000
3 15127332000.0 010003000000001000 517855.0264066667 004000000002006004
3 517855.0264066667 004000000002006004 3062200.0 010000000002001000
3 3062200.0 010000000002001000 26493.2 010000000001001000
3 26493.2 010000000001001000 517855.0264066667 004000000002006004
3 517855.0264066667 004000000002006004 6695.9800000000005 010005000007002003
3 6695.9800000000005 010005000007002003 6695.9800000000005 010005000007002003
3 6695.9800000000005 010005000007002003 517855.0264066667 004000000002006004
3 517855.0264066667 004000000002006004 480176.0 010000000007001003
3 480176.0 010000000007001003 288.58 010000000007001006
3 288.58 010000000007001006 517855.0264066667 004000000002006004
3 517855.0264066667 004000000002006004 6790.58 000000000007002004
3 6790.58 000000000007002004 62177.731975 000000000007010004
3 62177.731975 000000000007010004 517855.0264066667 004000000002006004
3 517855.0264066667 004000000002006004 32341.3 010000002002006004
3 32341.3 010000002002006004 26553.6 016000002002006004
3 26553.6 016000002002006004 517855.0264066667 004000000002006004
3 517855.0264066667 004000000002006004 3325660000.0 002006000007010003
3 3325660000.0 002006000007010003 9489.65 014006000007010003
3 9489.65 014006000007010003 517855.0264066667 004000000002006004
3 517855.0264066667 004000000002006004 163270.796593 000000000007010003
3 163270.796593 000000000007010003 297631.0 000000000007010000
3 297631.0 000000000007010000 517855.0264066667 004000000002006004
3 517855.0264066667 004000000002006004 12907.8 002005000007001004
3 12907.8 002005000007001004 11079.8 002005000007007004
3 11079.8 002005000007007004 517855.0264066667 004000000002006004
3 517855.0264066667 004000000002006004 20636.9 010000000007006003
3 20636.9 010000000007006003 30214.6 010000001007006003
3 30214.6 010000001007006003 517855.0264066667 004000000002006004
3 517855.0264066667 004000000002006004 518539.76 000000000002002004
3 518539.76 000000000002002004 504274.952 000000000002002001
3 504274.952 000000000002002001 517855.0264066667 004000000002006004
3 517855.0264066667 004000000002006004 1024782.5 000000000002002003
3 1024782.5 000000000002002003 1440.47 000000000002005003
3 1440.47 000000000002005003 517855.0264066667 004000000002006004
3 517855.0264066667 004000000002006004 163270.796593 000000000007010003
3 163270.796593 000000000007010003 517855.0264066667 004000000002006004
3 517855.0264066667 004000000002006004 288.58 010000000007001006
3 288.58 010000000007001006 4138.74 000000000007010006
3 4138.74 000000000007010006 372378.0 000000000009010006
3 372378.0 000000000009010006 163270.796593 000000000007010003
3 163270.796593 000000000007010003 20636.9 010000000007006003
3 20636.9 010000000007006003 163270.796593 000000000007010003
3 163270.796593 000000000007010003 517855.0264066667 004000000002006004
3 517855.0264066667 004000000002006004 518539.76 000000000002002004
3 518539.76 000000000002002004 339800.0 000004000002002004
3 339800.0 000004000002002004 163270.796593 000000000007010003
3 163270.796593 000000000007010003 478632.0 000000000007002006
3 478632.0 000000000007002006 330269.0 000000000007012006
3 330269.0 000000000007012006 163270.796593 000000000007010003
3 163270.796593 000000000007010003 25841.9 010000000007006001
3 25841.9 010000000007006001 20490.0 010006000007006001
3 20490.0 010006000007006001 163270.796593 000000000007010003
3 163270.796593 000000000007010003 517855.0264066667 004000000002006004
3 517855.0264066667 004000000002006004 517855.0264066667 004000000002006004
3 517855.0264066667 004000000002006004 163270.796593 000000000007010003
3 163270.796593 000000000007010003 456068.0 000000000002006004
3 456068.0 000000000002006004 196465.0 000000001002006004
3 196465.0 000000001002006004 163270.796593 000000000007010003
3 163270.796593 000000000007010003 589058.81 010000000002010003
3 589058.81 010000000002010003 82371.0 010000002002010003
3 82371.0 010000002002010003 163270.796593 000000000007010003
3 163270.796593 000000000007010003 1925764.014857143 010000000002002004
3 1925764.014857143 010000000002002004 315071.0 010000000010002004
3 315071.0 010000000010002004 163270.796593 000000000007010003
3 163270.796593 000000000007010003 611124.5 010000000007002004
3 611124.5 010000000007002004 15518.0 010000000007005004
3 15518.0 010000000007005004 163270.796593 000000000007010003
3 163270.796593 000000000007010003 1606940.0 000000000007001003
3 1606940.0 000000000007001003 11701.0 000000000007006003
3 11701.0 000000000007006003 163270.796593 000000000007010003
3 163270.796593 000000000007010003 6287.63 004000000002002003
3 6287.63 004000000002002003 163270.796593 000000000007010003
3 163270.796593 000000000007010003 517855.0264066667 004000000002006004
3 517855.0264066667 004000000002006004 21474.4 010000000002002003
3 21474.4 010000000002002003 6796.05 010000000002002008
3 6796.05 010000000002002008 163270.796593 000000000007010003
3 163270.796593 000000000007010003 702971.5 000005000002002004
3 702971.5 000005000002002004 702971.5 000005000002002004
3 702971.5 000005000002002004 163270.796593 000000000007010003
3 163270.796593 000000000007010003 6253560000.0 010005000002002003
3 6253560000.0 010005000002002003 103797.0 010005000003002003
3 103797.0 010005000003002003 163270.796593 000000000007010003
3 163270.796593 000000000007010003 321932.0 000005000002006003
3 321932.0 000005000002006003 263740.0 000005002002006003
3 263740.0 000005002002006003 163270.796593 000000000007010003
3 163270.796593 000000000007010003 11701.0 000000000007006003
3 11701.0 000000000007006003 163270.796593 000000000007010003
3 163270.796593 000000000007010003 517855.0264066667 004000000002006004
3 517855.0264066667 004000000002006004 21474.4 010000000002002003
3 21474.4 010000000002002003 423893.0 010000000002003003
3 423893.0 010000000002003003 163270.796593 000000000007010003
3 163270.796593 000000000007010003 26538.7 010005000002001003
3 26538.7 010005000002001003 11837.8 010005000002007003
3 11837.8 010005000002007003 163270.796593 000000000007010003
3 163270.796593 000000000007010003 1398070.0 010000000002007004
3 1398070.0 010000000002007004 267864.0 010000000006007004
3 267864.0 010000000006007004 163270.796593 000000000007010003
3 163270.796593 000000000007010003 1925764.014857143 010000000002002004
3 1925764.014857143 010000000002002004 47367.2 010006000002002004
3 47367.2 010006000002002004 163270.796593 000000000007010003
3 163270.796593 000000000007010003 1602470.0 000000000007002003
3 1602470.0 000000000007002003 99.636 000000000007002005
3 99.636 000000000007002005 163270.796593 000000000007010003
3 163270.796593 000000000007010003 504274.952 000000000002002001
3 504274.952 000000000002002001 163270.796593 000000000007010003
3 163270.796593 000000000007010003 517855.0264066667 004000000002006004
3 517855.0264066667 004000000002006004 1024782.5 000000000002002003
3 1024782.5 000000000002002003 647861.0 000000000002009003
3 647861.0 000000000002009003 163270.796593 000000000007010003
3 163270.796593 000000000007010003 20636.9 010000000007006003
3 20636.9 010000000007006003 7184.24 003000000007006003
3 7184.24 003000000007006003 163270.796593 000000000007010003
3 163270.796593 000000000007010003 166.855 010000000002006005
3 166.855 010000000002006005 519325.0 010004000002006005
3 519325.0 010004000002006005 163270.796593 000000000007010003
3 163270.796593 000000000007010003 794561.998 010000000002001006
3 794561.998 010000000002001006 794561.998 010000000002001006
3 794561.998 010000000002001006 163270.796593 000000000007010003
3 163270.796593 000000000007010003 456068.0 000000000002006004
3 456068.0 000000000002006004 456068.0 000000000002006004
3 456068.0 000000000002006004 163270.796593 000000000007010003
3 163270.796593 000000000007010003 389647.0 000000000007005004
3 389647.0 000000000007005004 23355.4 000000002007005004
3 23355.4 000000002007005004 163270.796593 000000000007010003
3 163270.796593 000000000007010003 319680.0 000000000007010001
3 319680.0 000000000007010001 62.84255 000000000000010001
3 62.84255 000000000000010001 163270.796593 000000000007010003
3 163270.796593 000000000007010003 504274.952 000000000002002001
3 504274.952 000000000002002001 797236.2495 000000000002006001
3 797236.2495 000000000002006001 163270.796593 000000000007010003
3 163270.796593 000000000007010003 353467.171 000000000002006003
3 353467.171 000000000002006003 83.5326 000004000002006003
3 83.5326 000004000002006003 163270.796593 000000000007010003
3 163270.796593 000000000007010003 6129.52 010004000002006004
3 6129.52 010004000002006004 163270.796593 000000000007010003
3 163270.796593 000000000007010003 517855.0264066667 004000000002006004
3 517855.0264066667 004000000002006004 504274.952 000000000002002001
3 504274.952 000000000002002001 45036.8 000000000002000001
3 45036.8 000000000002000001 163270.796593 000000000007010003
3 163270.796593 000000000007010003 7158.84 000000000002001001
3 7158.84 000000000002001001 996.909 000000000002001008
3 996.909 000000000002001008 163270.796593 000000000007010003
3 163270.796593 000000000007010003 456068.0 000000000002006004
3 456068.0 000000000002006004 1467.31 019000000002006004
3 1467.31 019000000002006004 163270.796593 000000000007010003
3 163270.796593 000000000007010003 849681.0 000000000007001006
3 849681.0 000000000007001006 709169.0 000000000000001006
3 709169.0 000000000000001006 163270.796593 000000000007010003
3 163270.796593 000000000007010003 797236.2495 000000000002006001
3 797236.2495 000000000002006001 125.558 000000000002012001
3 125.558 000000000002012001 163270.796593 000000000007010003
3 163270.796593 000000000007010003 11982900.0 010000000002001003
3 11982900.0 010000000002001003 335505.0 010000000002008003
3 335505.0 010000000002008003 163270.796593 000000000007010003
3 163270.796593 000000000007010003 62177.731975 000000000007010004
3 62177.731975 000000000007010004 3559.63 000004000007010004
3 3559.63 000004000007010004 163270.796593 000000000007010003
3 163270.796593 000000000007010003 26844.7 004000000002006001
3 26844.7 004000000002006001 145362.317985 004000000000006001
3 145362.317985 004000000000006001 163270.796593 000000000007010003
3 163270.796593 000000000007010003 611124.5 010000000007002004
3 611124.5 010000000007002004 38.7402 010000000007002005
3 38.7402 010000000007002005 163270.796593 000000000007010003
3 163270.796593 000000000007010003 41.668 004000000002002005
3 41.668 004000000002002005 163270.796593 000000000007010003
3 163270.796593 000000000007010003 517855.0264066667 004000000002006004
3 517855.0264066667 004000000002006004 216.259 004000000000010001
3 216.259 004000000000010001 45388.1 004002000000010001
3 45388.1 004002000000010001 163270.796593 000000000007010003
3 163270.796593 000000000007010003 898842.0 000000000002006005
3 898842.0 000000000002006005 6888.66 013000000002006005
3 6888.66 013000000002006005 163270.796593 000000000007010003
3 163270.796593 000000000007010003 456068.0 000000000002006004
3 456068.0 000000000002006004 815.827 000003000002006004
3 815.827 000003000002006004 163270.796593 000000000007010003
3 163270.796593 000000000007010003 35946.4 000000000007006001
3 35946.4 000000000007006001 10546.0 000000000006006001
3 10546.0 000000000006006001 163270.796593 000000000007010003
3 163270.796593 000000000007010003 166.855 010000000002006005
3 166.855 010000000002006005 69.7981 010000000002005005
3 69.7981 010000000002005005 163270.796593 000000000007010003
3 163270.796593 000000000007010003 389360.5 004000000002006005
3 389360.5 004000000002006005 8703.28 004000001002006005
3 8703.28 004000001002006005 163270.796593 000000000007010003
3 163270.796593 000000000007010003 1925764.014857143 010000000002002004
3 1925764.014857143 010000000002002004 288732.0 010000000002011004
3 288732.0 010000000002011004 163270.796593 000000000007010003
3 163270.796593 000000000007010003 1690650.0 000004000000002005
3 1690650.0 000004000000002005 13153.6 016004000000002005
3 13153.6 016004000000002005 163270.796593 000000000007010003
3 163270.796593 000000000007010003 2788627.8 016004000000006003
3 2788627.8 016004000000006003 2788627.8 016004000000006003
3 2788627.8 016004000000006003 163270.796593 000000000007010003
3 163270.796593 000000000007010003 1925764.014857143 010000000002002004
3 1925764.014857143 010000000002002004 40.1986 010000000002002006
3 40.1986 010000000002002006 163270.796593 000000000007010003
3 163270.796593 000000000007010003 389360.5 004000000002006005
3 389360.5 004000000002006005 26844.7 004000000002006001
3 26844.7 004000000002006001 163270.796593 000000000007010003
3 163270.796593 000000000007010003 4066.586666666667 010000000007005006
3 4066.586666666667 010000000007005006 37.617 010000000004005006
3 37.617 010000000004005006 163270.796593 000000000007010003
3 163270.796593 000000000007010003 7495034.666666667 010000000002002001
3 7495034.666666667 010000000002002001 230790.0 010000000002007001
3 230790.0 010000000002007001 163270.796593 000000000007010003
3 163270.796593 000000000007010003 165078.0 004000000007007001
3 165078.0 004000000007007001 147703.0 008000000007007001
3 147703.0 008000000007007001 163270.796593 000000000007010003
3 163270.796593 000000000007010003 1925764.014857143 010000000002002004
3 1925764.014857143 010000000002002004 7555.71 009000000002002004
3 7555.71 009000000002002004 163270.796593 000000000007010003
3 163270.796593 000000000007010003 273539.04 004000000000005005
3 273539.04 004000000000005005 121.102 000000000000005005
3 121.102 000000000000005005 163270.796593 000000000007010003
3 163270.796593 000000000007010003 1983110.0 004000000004002005
3 1983110.0 004000000004002005 665.098 004000002004002005
3 665.098 004000002004002005 163270.796593 000000000007010003
3 163270.796593 000000000007010003 15515.0 000000002002005006
3 15515.0 000000002002005006 5751.3 007000002002005006
3 5751.3 007000002002005006 163270.796593 000000000007010003
3 163270.796593 000000000007010003 1925764.014857143 010000000002002004
3 1925764.014857143 010000000002002004 1925764.014857143 010000000002002004
3 1925764.014857143 010000000002002004 163270.796593 000000000007010003
3 163270.796593 000000000007010003 303968.2 010000000002005006
3 303968.2 010000000002005006 163270.796593 000000000007010003
3 163270.796593 000000000007010003 517855.0264066667 004000000002006004
3 517855.0264066667 004000000002006004 1457870.0 010000000002002005
3 1457870.0 010000000002002005 21474.4 010000000002002003
3 21474.4 010000000002002003 163270.796593 000000000007010003
3 163270.796593 000000000007010003 273539.04 004000000000005005
3 273539.04 004000000000005005 36.6633 004000000000005008
3 36.6633 004000000000005008 163270.796593 000000000007010003
3 163270.796593 000000000007010003 89.3632 004000000004005005
3 89.3632 004000000004005005 43.6715 004001000004005005
3 43.6715 004001000004005005 163270.796593 000000000007010003
3 163270.796593 000000000007010003 456068.0 000000000002006004
3 456068.0 000000000002006004 11585.0 000000002002006004
3 11585.0 000000002002006004 163270.796593 000000000007010003
3 163270.796593 000000000007010003 817467.0 000000000002010005
3 817467.0 000000000002010005 11062.1 000000000002000005
3 11062.1 000000000002000005 163270.796593 000000000007010003
3 163270.796593 000000000007010003 5733.4165 004000000000005003
3 5733.4165 004000000000005003 2705.0 003000000000005003
3 2705.0 003000000000005003 163270.796593 000000000007010003
3 163270.796593 000000000007010003 99.636 000000000007002005
3 99.636 000000000007002005 115808.0 000000000007010005
3 115808.0 000000000007010005 163270.796593 000000000007010003
3 163270.796593 000000000007010003 315537.0 010000000002006004
3 315537.0 010000000002006004 19584.6 010000000008006004
3 19584.6 010000000008006004 163270.796593 000000000007010003
3 163270.796593 000000000007010003 7495034.666666667 010000000002002001
3 7495034.666666667 010000000002002001 24878370.15 010004000002002001
3 24878370.15 010004000002002001 163270.796593 000000000007010003
3 163270.796593 000000000007010003 24878370.15 010004000002002001
3 24878370.15 010004000002002001 5352.42 010004000002002007
3 5352.42 010004000002002007 163270.796593 000000000007010003
3 163270.796593 000000000007010003 701.725 000000000002002008
3 701.725 000000000002002008 163270.796593 000000000007010003
3 163270.796593 000000000007010003 517855.0264066667 004000000002006004
3 517855.0264066667 004000000002006004 393003.0 010000000000002008
3 393003.0 010000000000002008 21874.1 010000001000002008
3 21874.1 010000001000002008 163270.796593 000000000007010003
3 163270.796593 000000000007010003 112.438 010000000000005006
3 112.438 010000000000005006 112.438 010000000000005006
3 112.438 010000000000005006 163270.796593 000000000007010003
3 163270.796593 000000000007010003 256062.0 004000000000005001
3 256062.0 004000000000005001 851.872 004000000001005001
3 851.872 004000000001005001 163270.796593 000000000007010003
3 163270.796593 000000000007010003 7495034.666666667 010000000002002001
3 7495034.666666667 010000000002002001 74.8508 010000000002002009
3 74.8508 010000000002002009 163270.796593 000000000007010003
3 163270.796593 000000000007010003 447478.0 010000000004002004
3 447478.0 010000000004002004 380521.0 010000000004008004
3 380521.0 010000000004008004 163270.796593 000000000007010003
3 163270.796593 000000000007010003 864884.5 010000000002006001
3 864884.5 010000000002006001 305064.0 010000000002004001
3 305064.0 010000000002004001 163270.796593 000000000007010003
3 163270.796593 000000000007010003 9662.08 010000000002006003
3 9662.08 010000000002006003 11320.2 010000002002006003
3 11320.2 010000002002006003 163270.796593 000000000007010003
3 163270.796593 000000000007010003 3472600.0 010000000007002001
3 3472600.0 010000000007002001 3472600.0 010000000007002001
3 3472600.0 010000000007002001 163270.796593 000000000007010003
3 163270.796593 000000000007010003 136.89 000000000007005005
3 136.89 000000000007005005 163270.796593 000000000007010003
3 163270.796593 000000000007010003 517855.0264066667 004000000002006004
3 517855.0264066667 004000000002006004 2125370.0 010000000007002003
3 2125370.0 010000000007002003 163270.796593 000000000007010003
3 163270.796593 000000000007010003 517855.0264066667 004000000002006004
3 517855.0264066667 004000000002006004 40.5605 010000000000002006
3 40.5605 010000000000002006 1236.06 010000000000002005
3 1236.06 010000000000002005 163270.796593 000000000007010003
3 163270.796593 000000000007010003 228212.0 004000000004006001
3 228212.0 004000000004006001 554786.0 004000000004006007
3 554786.0 004000000004006007 163270.796593 000000000007010003
3 163270.796593 000000000007010003 598102.0 010000000002002007
3 598102.0 010000000002002007 163270.796593 000000000007010003
3 163270.796593 000000000007010003 517855.0264066667 004000000002006004
3 517855.0264066667 004000000002006004 5733.4165 004000000000005003
3 5733.4165 004000000000005003 163270.796593 000000000007010003
3 163270.796593 000000000007010003 517855.0264066667 004000000002006004
3 517855.0264066667 004000000002006004 6825.8 010000000007005003
3 6825.8 010000000007005003 1638.27 010000000005005003
3 1638.27 010000000005005003 163270.796593 000000000007010003
3 163270.796593 000000000007010003 6669.51 004000000000005004
3 6669.51 004000000000005004 116.828 004000000002005004
3 116.828 004000000002005004 163270.796593 000000000007010003
3 163270.796593 000000000007010003 112.438 010000000000005006
3 112.438 010000000000005006 40.5605 010000000000002006
3 40.5605 010000000000002006 163270.796593 000000000007010003
3 163270.796593 000000000007010003 3620.81 004000000000005006
3 3620.81 004000000000005006 3620.81 004000000000005006
3 3620.81 004000000000005006 163270.796593 000000000007010003
3 163270.796593 000000000007010003 145362.317985 004000000000006001
3 145362.317985 004000000000006001 163270.796593 000000000007010003
3 163270.796593 000000000007010003 517855.0264066667 004000000002006004
3 517855.0264066667 004000000002006004 4248280.0 010000000000002003
3 4248280.0 010000000000002003 1478390.0 010000000000005003
3 1478390.0 010000000000005003 163270.796593 000000000007010003
3 163270.796593 000000000007010003 853700.0 004000000000002006
3 853700.0 004000000000002006 11329.2 004000000007002006
3 11329.2 004000000007002006 163270.796593 000000000007010003
3 163270.796593 000000000007010003 70.7486 000000000004006003
3 70.7486 000000000004006003 361.752 000000000003006003
3 361.752 000000000003006003 163270.796593 000000000007010003
3 163270.796593 000000000007010003 21474.4 010000000002002003
3 21474.4 010000000002002003 64252.7 010001000002002003
3 64252.7 010001000002002003 163270.796593 000000000007010003
3 163270.796593 000000000007010003 487270.91695 004000000002006006
3 487270.91695 004000000002006006 56.6086 004004000002006006
3 56.6086 004004000002006006 163270.796593 000000000007010003
3 163270.796593 000000000007010003 67.2282 010000000004006005
3 67.2282 010000000004006005 67.2282 010000000004006005
3 67.2282 010000000004006005 163270.796593 000000000007010003
3 163270.796593 000000000007010003 4066.586666666667 010000000007005006
3 4066.586666666667 010000000007005006 163270.796593 000000000007010003
3 163270.796593 000000000007010003 517855.0264066667 004000000002006004
3 517855.0264066667 004000000002006004 487270.91695 004000000002006006
3 487270.91695 004000000002006006 5649.67 004000000002006000
3 5649.67 004000000002006000 163270.796593 000000000007010003
3 163270.796593 000000000007010003 481328.0 010000000000005004
3 481328.0 010000000000005004 14657.2 011000000000005004
3 14657.2 011000000000005004 163270.796593 000000000007010003
3 163270.796593 000000000007010003 2579.69 010000000000005005
3 2579.69 010000000000005005 337014.0 010000000004005005
3 337014.0 010000000004005005 163270.796593 000000000007010003
3 163270.796593 000000000007010003 112.438 010000000000005006
3 112.438 010000000000005006 2579.69 010000000000005005
3 2579.69 010000000000005005 163270.796593 000000000007010003
3 163270.796593 000000000007010003 38.7402 010000000007002005
3 38.7402 010000000007002005 163270.796593 000000000007010003
3 163270.796593 000000000007010003 517855.0264066667 004000000002006004
3 517855.0264066667 004000000002006004 93.9363 010000000000006001
3 93.9363 010000000000006001 51.3536 010002000000006001
3 51.3536 010002000000006001 163270.796593 000000000007010003
3 163270.796593 000000000007010003 393021.49666666664 004000000007006003
3 393021.49666666664 004000000007006003 1055420.0 004000000007006008
3 1055420.0 004000000007006008 163270.796593 000000000007010003
3 163270.796593 000000000007010003 370578.0 010000000000006003
3 370578.0 010000000000006003 3430.5 010004000000006003
3 3430.5 010004000000006003 163270.796593 000000000007010003
3 163270.796593 000000000007010003 10386.4 004000000000002005
3 10386.4 004000000000002005 163270.796593 000000000007010003
3 163270.796593 000000000007010003 517855.0264066667 004000000002006004
3 517855.0264066667 004000000002006004 864884.5 010000000002006001
3 864884.5 010000000002006001 163270.796593 000000000007010003
3 163270.796593 000000000007010003 517855.0264066667 004000000002006004
3 517855.0264066667 004000000002006004 1236.06 010000000000002005
3 1236.06 010000000000002005 2757340.0 010000000000002004
3 2757340.0 010000000000002004 163270.796593 000000000007010003
3 163270.796593 000000000007010003 112.438 010000000000005006
3 112.438 010000000000005006 3533.64 009000000000005006
3 3533.64 009000000000005006 163270.796593 000000000007010003
3 163270.796593 000000000007010003 1553220.0 004000000007005004
3 1553220.0 004000000007005004 572785.0 004000000001005004
3 572785.0 004000000001005004 163270.796593 000000000007010003
3 163270.796593 000000000007010003 647926.0 004000000002006003
3 647926.0 004000000002006003 9662.08 010000000002006003
3 9662.08 010000000002006003 163270.796593 000000000007010003
3 163270.796593 000000000007010003 11588.9 010000000004006001
3 11588.9 010000000004006001 11588.9 010000000004006001
3 11588.9 010000000004006001 163270.796593 000000000007010003
3 163270.796593 000000000007010003 37.617 010000000004005006
3 37.617 010000000004005006 51889.7 010000002004005006
3 51889.7 010000002004005006 163270.796593 000000000007010003
3 163270.796593 000000000007010003 2447.28 000000000000005004
3 2447.28 000000000000005004 51.9768 000001000000005004
3 51.9768 000001000000005004 163270.796593 000000000007010003
3 163270.796593 000000000007010003 112.438 010000000000005006
3 112.438 010000000000005006 82.5378 010000000000008006
3 82.5378 010000000000008006 163270.796593 000000000007010003
3 163270.796593 000000000007010003 112.438 010000000000005006
3 112.438 010000000000005006 112.438 010000000000005006
3 112.438 010000000000005006 163270.796593 000000000007010003
3 163270.796593 000000000007010003 487270.91695 004000000002006006
3 487270.91695 004000000002006006 518320.0 004000002002006006
3 518320.0 004000002002006006 163270.796593 000000000007010003
3 163270.796593 000000000007010003 4066.586666666667 010000000007005006
3 4066.586666666667 010000000007005006 1706.86 010005000007005006
3 1706.86 010005000007005006 163270.796593 000000000007010003
3 163270.796593 000000000007010003 4138.74 000000000007010006
3 4138.74 000000000007010006 19.3353 000000000010010006
3 19.3353 000000000010010006 163270.796593 000000000007010003
3 163270.796593 000000000007010003 40.5605 010000000000002006
3 40.5605 010000000000002006 39667.3 010006000000002006
3 39667.3 010006000000002006 163270.796593 000000000007010003
3 163270.796593 000000000007010003 12803.7 004000000000002003
3 12803.7 004000000000002003 990.978 000000000000002003
3 990.978 000000000000002003 163270.796593 000000000007010003
3 163270.796593 000000000007010003 303968.2 010000000002005006
3 303968.2 010000000002005006 31859.5 010003000002005006
3 31859.5 010003000002005006 163270.796593 000000000007010003
3 163270.796593 000000000007010003 589058.81 010000000002010003
3 589058.81 010000000002010003 222145.0 007000000002010003
3 222145.0 007000000002010003 163270.796593 000000000007010003
3 163270.796593 000000000007010003 1889.8 000000000002002006
3 1889.8 000000000002002006 182.781 011000000002002006
3 182.781 011000000002002006 163270.796593 000000000007010003
3 163270.796593 000000000007010003 584934.0 010000000004006006
3 584934.0 010000000004006006 584934.0 010000000004006006
3 584934.0 010000000004006006 163270.796593 000000000007010003
3 163270.796593 000000000007010003 567384.229025 004000000010010004
3 567384.229025 004000000010010004 15.4104 004000000005010004
3 15.4104 004000000005010004 163270.796593 000000000007010003
3 163270.796593 000000000007010003 898862.573075 004000000000006003
3 898862.573075 004000000000006003 1215850.0 004000000000003003
3 1215850.0 004000000000003003 163270.796593 000000000007010003
3 163270.796593 000000000007010003 273025.4391857143 004000000000010004
3 273025.4391857143 004000000000010004 273025.4391857143 004000000000010004
3 273025.4391857143 004000000000010004 163270.796593 000000000007010003
3 163270.796593 000000000007010003 62177.731975 000000000007010004
3 62177.731975 000000000007010004 50.7721 000000000000010004
3 50.7721 000000000000010004 163270.796593 000000000007010003
3 163270.796593 000000000007010003 1438560.0 004000000004005004
3 1438560.0 004000000004005004 116.828 004000000002005004
3 116.828 004000000002005004 163270.796593 000000000007010003
3 163270.796593 000000000007010003 545087.0 004000000004010004
3 545087.0 004000000004010004 701062.0 004000000004011004
3 701062.0 004000000004011004 163270.796593 000000000007010003
3 163270.796593 000000000007010003 3039.01 010000000000006004
3 3039.01 010000000000006004 668.451 010000000009006004
3 668.451 010000000009006004 163270.796593 000000000007010003
3 163270.796593 000000000007010003 1729490.0 010000000010006004
3 1729490.0 010000000010006004 7143.54 003000000010006004
3 7143.54 003000000010006004 163270.796593 000000000007010003
3 163270.796593 000000000007010003 92.878 000000000010005006
3 92.878 000000000010005006 163270.796593 000000000007010003
3 163270.796593 000000000007010003 517855.0264066667 004000000002006004
3 517855.0264066667 004000000002006004 50.7721 000000000000010004
3 50.7721 000000000000010004 163270.796593 000000000007010003
3 163270.796593 000000000007010003 517855.0264066667 004000000002006004
3 517855.0264066667 004000000002006004 600853.3333333334 000000000005010006
3 600853.3333333334 000000000005010006 36.8373 014000000005010006
3 36.8373 014000000005010006 163270.796593 000000000007010003
3 163270.796593 000000000007010003 68.1433 000000000004010006
3 68.1433 000000000004010006 22224.7 000000000004010000
3 22224.7 000000000004010000 163270.796593 000000000007010003
3 163270.796593 000000000007010003 1131090.0 004000000004010001
3 1131090.0 004000000004010001 830.871 004000001004010001
3 830.871 004000001004010001 163270.796593 000000000007010003
3 163270.796593 000000000007010003 600853.3333333334 000000000005010006
3 600853.3333333334 000000000005010006 368932.0 007000000005010006
3 368932.0 007000000005010006 163270.796593 000000000007010003
3 163270.796593 000000000007010003 400389.0 004000000005010006
3 400389.0 004000000005010006 111.474 004000000005004006
3 111.474 004000000005004006 163270.796593 000000000007010003
3 163270.796593 000000000007010003 600853.3333333334 000000000005010006
3 600853.3333333334 000000000005010006 322118.0 000000000005010001
3 322118.0 000000000005010001 163270.796593 000000000007010003
3 163270.796593 000000000007010003 22224.7 000000000004010000
3 22224.7 000000000004010000 22224.7 000000000004010000
3 22224.7 000000000004010000 163270.796593 000000000007010003
3 163270.796593 000000000007010003 942647.0 004000000005005006
3 942647.0 004000000005005006 587597.0 010000000005005006
3 587597.0 010000000005005006 163270.796593 000000000007010003
3 163270.796593 000000000007010003 273025.4391857143 004000000000010004
3 273025.4391857143 004000000000010004 163270.796593 000000000007010003
3 163270.796593 000000000007010003 22224.7 000000000004010000
3 22224.7 000000000004010000 117990.0 004000000007010001
3 117990.0 004000000007010001 216.259 004000000000010001
3 216.259 004000000000010001 163270.796593 000000000007010003
3 163270.796593 000000000007010003 1702470.0 000000000000006001
3 1702470.0 000000000000006001 10546.0 000000000006006001
3 10546.0 000000000006006001 163270.796593 000000000007010003
3 163270.796593 000000000007010003 229371.5 004000000000010000
3 229371.5 004000000000010000 6028.49 004000000000006000
3 6028.49 004000000000006000 163270.796593 000000000007010003
3 163270.796593 000000000007010003 573406.0 004000000007010004
3 573406.0 004000000007010004 117990.0 004000000007010001
3 117990.0 004000000007010001 163270.796593 000000000007010003
3 163270.796593 000000000007010003 1137.54 000000000004006004
3 1137.54 000000000004006004 163270.796593 000000000007010003
3 163270.796593 000000000007010003 22224.7 000000000004010000
3 22224.7 000000000004010000 22224.7 000000000004010000
3 22224.7 000000000004010000 22224.7 000000000004010000
3 22224.7 000000000004010000 163270.796593 000000000007010003
3 163270.796593 000000000007010003 152716.1758 000000000007006004
3 152716.1758 000000000007006004 152716.1758 000000000007006004
3 152716.1758 000000000007006004 163270.796593 000000000007010003
3 163270.796593 000000000007010003 288026.0 004000000004006004
3 288026.0 004000000004006004 5874.41 007000000004006004
3 5874.41 007000000004006004 163270.796593 000000000007010003
3 163270.796593 000000000007010003 1172.86 007000000005006004
3 1172.86 007000000005006004 163270.796593 000000000007010003
3 163270.796593 000000000007010003 22224.7 000000000004010000
3 22224.7 000000000004010000 567384.229025 004000000010010004
3 567384.229025 004000000010010004 56.4791 004004000010010004
3 56.4791 004004000010010004 163270.796593 000000000007010003
3 163270.796593 000000000007010003 273025.4391857143 004000000000010004
3 273025.4391857143 004000000000010004 342353.0 004000000000011004
3 342353.0 004000000000011004 163270.796593 000000000007010003
3 163270.796593 000000000007010003 983501.0 000000000005005003
3 983501.0 000000000005005003 47.5645 000000000012005003
3 47.5645 000000000012005003 163270.796593 000000000007010003
3 163270.796593 000000000007010003 116.9 000000000000006004
3 116.9 000000000000006004 116.9 000000000000006004
3 116.9 000000000000006004 163270.796593 000000000007010003
3 163270.796593 000000000007010003 154358.0 004000000005010003
3 154358.0 004000000005010003 154358.0 004000000005010003
3 154358.0 004000000005010003 163270.796593 000000000007010003
3 163270.796593 000000000007010003 190527.0 000000000002010004
3 190527.0 000000000002010004 190527.0 000000000002010004
3 190527.0 000000000002010004 163270.796593 000000000007010003
3 163270.796593 000000000007010003 116.828 004000000002005004
3 116.828 004000000002005004 2517.09 004000000002005003
3 2517.09 004000000002005003 163270.796593 000000000007010003
3 163270.796593 000000000007010003 539339.1342 004000000000010006
3 539339.1342 004000000000010006 428248.0 004000000000011006
3 428248.0 004000000000011006 163270.796593 000000000007010003
3 163270.796593 000000000007010003 1063.47 000000000004006006
3 1063.47 000000000004006006 86.6149 000000000004006005
3 86.6149 000000000004006005 163270.796593 000000000007010003
3 163270.796593 000000000007010003 288026.0 004000000004006004
3 288026.0 004000000004006004 228212.0 004000000004006001
3 228212.0 004000000004006001 163270.796593 000000000007010003
3 163270.796593 000000000007010003 261533.76666666666 004000000000010003
3 261533.76666666666 004000000000010003 233651.0 004000001000010003
3 233651.0 004000001000010003 163270.796593 000000000007010003
3 163270.796593 000000000007010003 14727.3 000000000010010003
3 14727.3 000000000010010003 15092.0 000003000010010003
3 15092.0 000003000010010003 163270.796593 000000000007010003
3 163270.796593 000000000007010003 635305.0 000000000004010008
3 635305.0 000000000004010008 371230.0 001000000004010008
3 371230.0 001000000004010008 163270.796593 000000000007010003
3 163270.796593 000000000007010003 1451360.0 000000000000005008
3 1451360.0 000000000000005008 176.878 000000000000001008
3 176.878 000000000000001008 163270.796593 000000000007010003
3 163270.796593 000000000007010003 1091510.0 004000000000001006
3 1091510.0 004000000000001006 27429.5 004000002000001006
3 27429.5 004000002000001006 163270.796593 000000000007010003
3 163270.796593 000000000007010003 273025.4391857143 004000000000010004
3 273025.4391857143 004000000000010004 8263.3 004005000000010004
3 8263.3 004005000000010004 163270.796593 000000000007010003
3 163270.796593 000000000007010003 54.0525 000000000000006008
3 54.0525 000000000000006008 163270.796593 000000000007010003
3 163270.796593 000000000007010003 22224.7 000000000004010000
3 22224.7 000000000004010000 567384.229025 004000000010010004
3 567384.229025 004000000010010004 17400.8 004000001010010004
3 17400.8 004000001010010004 163270.796593 000000000007010003
3 163270.796593 000000000007010003 243087.0 000000001000010004
3 243087.0 000000001000010004 238002.0 003000001000010004
3 238002.0 003000001000010004 163270.796593 000000000007010003
3 163270.796593 000000000007010003 216.259 004000000000010001
3 216.259 004000000000010001 566173.0 004000000000009001
3 566173.0 004000000000009001 163270.796593 000000000007010003
3 163270.796593 000000000007010003 104924.0 000000000000009004
3 104924.0 000000000000009004 4785.17 016000000000009004
3 4785.17 016000000000009004 163270.796593 000000000007010003
3 163270.796593 000000000007010003 7850.17 004000000007009004
3 7850.17 004000000007009004 1781.51 004000000004009004
3 1781.51 004000000004009004 163270.796593 000000000007010003
3 163270.796593 000000000007010003 898862.573075 004000000000006003
3 898862.573075 004000000000006003 163270.796593 000000000007010003
3 163270.796593 000000000007010003 22224.7 000000000004010000
3 22224.7 000000000004010000 216.259 004000000000010001
3 216.259 004000000000010001 5647.15 004000000000003001
3 5647.15 004000000000003001 163270.796593 000000000007010003
3 163270.796593 000000000007010003 2513.92 004000000002010004
3 2513.92 004000000002010004 43.2321 003000000002010004
3 43.2321 003000000002010004 163270.796593 000000000007010003
3 163270.796593 000000000007010003 545087.0 004000000004010004
3 545087.0 004000000004010004 1781.51 004000000004009004
3 1781.51 004000000004009004 163270.796593 000000000007010003
3 163270.796593 000000000007010003 573406.0 004000000007010004
3 573406.0 004000000007010004 3451.32 004004000007010004
3 3451.32 004004000007010004 163270.796593 000000000007010003
3 163270.796593 000000000007010003 1039720.0 004000000005006003
3 1039720.0 004000000005006003 520290.0 004000000005001003
3 520290.0 004000000005001003 163270.796593 000000000007010003
3 163270.796593 000000000007010003 229371.5 004000000000010000
3 229371.5 004000000000010000 9085.94 011000000000010000
3 9085.94 011000000000010000 163270.796593 000000000007010003
3 163270.796593 000000000007010003 204320.0 011000000010010003
3 204320.0 011000000010010003 21131.0 011005000010010003
3 21131.0 011005000010010003 163270.796593 000000000007010003
3 163270.796593 000000000007010003 92.1552 000005000004006004
3 92.1552 000005000004006004 163270.796593 000000000007010003
3 163270.796593 000000000007010003 22224.7 000000000004010000
3 22224.7 000000000004010000 243220.36415 000000000000010006
3 243220.36415 000000000000010006 88.0385 000000000001010006
3 88.0385 000000000001010006 163270.796593 000000000007010003
3 163270.796593 000000000007010003 539339.1342 004000000000010006
3 539339.1342 004000000000010006 1847.99 001000000000010006
3 1847.99 001000000000010006 163270.796593 000000000007010003
3 163270.796593 000000000007010003 45.0434 004000000004010006
3 45.0434 004000000004010006 163270.796593 000000000007010003
3 163270.796593 000000000007010003 22224.7 000000000004010000
3 22224.7 000000000004010000 246403.665 004000000004006006
3 246403.665 004000000004006006 246403.665 004000000004006006
3 246403.665 004000000004006006 163270.796593 000000000007010003
3 163270.796593 000000000007010003 688060.0 004000000000006006
3 688060.0 004000000000006006 320401.0 004000000009006006
3 320401.0 004000000009006006 163270.796593 000000000007010003
3 163270.796593 000000000007010003 62177.731975 000000000007010004
3 62177.731975 000000000007010004 163270.796593 000000000007010003
3 163270.796593 000000000007010003 22224.7 000000000004010000
3 22224.7 000000000004010000 567384.229025 004000000010010004
3 567384.229025 004000000010010004 37867.4 004000002010010004
3 37867.4 004000002010010004 163270.796593 000000000007010003
3 163270.796593 000000000007010003 261533.76666666666 004000000000010003
3 261533.76666666666 004000000000010003 35.577 004000000000010002
3 35.577 004000000000010002 163270.796593 000000000007010003
3 163270.796593 000000000007010003 16904.6 004000000005010000
3 16904.6 004000000005010000 4434.52 004001000005010000
3 4434.52 004001000005010000 163270.796593 000000000007010003
3 163270.796593 000000000007010003 858.7355 000000000010010004
3 858.7355 000000000010010004 14.2512 000000000010012004
3 14.2512 000000000010012004 163270.796593 000000000007010003
3 163270.796593 000000000007010003 4482.8889 000000000010010001
3 4482.8889 000000000010010001 4482.8889 000000000010010001
3 4482.8889 000000000010010001 163270.796593 000000000007010003
3 163270.796593 000000000007010003 729583.5 004000000010006004
3 729583.5 004000000010006004 729583.5 004000000010006004
3 729583.5 004000000010006004 163270.796593 000000000007010003
3 163270.796593 000000000007010003 393021.49666666664 004000000007006003
3 393021.49666666664 004000000007006003 393021.49666666664 004000000007006003
3 393021.49666666664 004000000007006003 163270.796593 000000000007010003
3 163270.796593 000000000007010003 1103500.0 000000000002010000
3 1103500.0 000000000002010000 173297.0 001000000002010000
3 173297.0 001000000002010000 163270.796593 000000000007010003
3 163270.796593 000000000007010003 17.414 001000000005010004
3 17.414 001000000005010004 163270.796593 000000000007010003
3 163270.796593 000000000007010003 22224.7 000000000004010000
3 22224.7 000000000004010000 216.259 004000000000010001
3 216.259 004000000000010001 216.259 004000000000010001
3 216.259 004000000000010001 163270.796593 000000000007010003
3 163270.796593 000000000007010003 539339.1342 004000000000010006
3 539339.1342 004000000000010006 539339.1342 004000000000010006
3 539339.1342 004000000000010006 163270.796593 000000000007010003
3 163270.796593 000000000007010003 230863.0 000000000005006003
3 230863.0 000000000005006003 70.7486 000000000004006003
3 70.7486 000000000004006003 163270.796593 000000000007010003
3 163270.796593 000000000007010003 116.9 000000000000006004
3 116.9 000000000000006004 116.9 000000000000006004
3 116.9 000000000000006004 163270.796593 000000000007010003
3 163270.796593 000000000007010003 409728.0 004000000002010003
3 409728.0 004000000002010003 2513.92 004000000002010004
3 2513.92 004000000002010004 163270.796593 000000000007010003
3 163270.796593 000000000007010003 261533.76666666666 004000000000010003
3 261533.76666666666 004000000000010003 8322.88 014000000000010003
3 8322.88 014000000000010003 163270.796593 000000000007010003
3 163270.796593 000000000007010003 50.7721 000000000000010004
3 50.7721 000000000000010004 416.09 000000000006010004
3 416.09 000000000006010004 163270.796593 000000000007010003
3 163270.796593 000000000007010003 8750.88 004000000010010003
3 8750.88 004000000010010003 267.931 004000000008010003
3 267.931 004000000008010003 163270.796593 000000000007010003
3 163270.796593 000000000007010003 244881.13533333334 000000000000010003
3 244881.13533333334 000000000000010003 11328.1 000005000000010003
3 11328.1 000005000000010003 163270.796593 000000000007010003
3 163270.796593 000000000007010003 5645.36 004005000002010003
3 5645.36 004005000002010003 163270.796593 000000000007010003
3 163270.796593 000000000007010003 22224.7 000000000004010000
3 22224.7 000000000004010000 858.7355 000000000010010004
3 858.7355 000000000010010004 229626.949735 000000000001010004
3 229626.949735 000000000001010004 163270.796593 000000000007010003
3 163270.796593 000000000007010003 619906.0 001000000004010003
3 619906.0 001000000004010003 51.2734 001000000011010003
3 51.2734 001000000011010003 163270.796593 000000000007010003
3 163270.796593 000000000007010003 238926.0 000000000002012004
3 238926.0 000000000002012004 55.449 000000000002003004
3 55.449 000000000002003004 163270.796593 000000000007010003
3 163270.796593 000000000007010003 244881.13533333334 000000000000010003
3 244881.13533333334 000000000000010003 586444.0 000000000000007003
3 586444.0 000000000000007003 163270.796593 000000000007010003
3 163270.796593 000000000007010003 1847.99 001000000000010006
3 1847.99 001000000000010006 1847.99 001000000000010006
3 1847.99 001000000000010006 163270.796593 000000000007010003
3 163270.796593 000000000007010003 244881.13533333334 000000000000010003
3 244881.13533333334 000000000000010003 5.50648 012000000000010003
3 5.50648 012000000000010003 163270.796593 000000000007010003
3 163270.796593 000000000007010003 273025.4391857143 004000000000010004
3 273025.4391857143 004000000000010004 1209.62 004000000003010004
3 1209.62 004000000003010004 163270.796593 000000000007010003
3 163270.796593 000000000007010003 116.9 000000000000006004
3 116.9 000000000000006004 729371.0 000000000000006007
3 729371.0 000000000000006007 163270.796593 000000000007010003
3 163270.796593 000000000007010003 244881.13533333334 000000000000010003
3 244881.13533333334 000000000000010003 5200.8 016000000000010003
3 5200.8 016000000000010003 163270.796593 000000000007010003
3 163270.796593 000000000007010003 50.7721 000000000000010004
3 50.7721 000000000000010004 583192.0 019000000000010004
3 583192.0 019000000000010004 163270.796593 000000000007010003
3 163270.796593 000000000007010003 62.84255 000000000000010001
3 62.84255 000000000000010001 163270.796593 000000000007010003
3 163270.796593 000000000007010003 22224.7 000000000004010000
3 22224.7 000000000004010000 243220.36415 000000000000010006
3 243220.36415 000000000000010006 88.0385 000000000001010006
3 88.0385 000000000001010006 163270.796593 000000000007010003
3 163270.796593 000000000007010003 62.84255 000000000000010001
3 62.84255 000000000000010001 163270.796593 000000000007010003
3 163270.796593 000000000007010003 22224.7 000000000004010000
3 22224.7 000000000004010000 353467.171 000000000002006003
3 353467.171 000000000002006003 124.815 000000000002003003
3 124.815 000000000002003003 163270.796593 000000000007010003
3 163270.796593 000000000007010003 152716.1758 000000000007006004
3 152716.1758 000000000007006004 5241.43 011000000007006004
3 5241.43 011000000007006004 163270.796593 000000000007010003
3 163270.796593 000000000007010003 157952.0 001000000004010000
3 157952.0 001000000004010000 145517.0 001000000011010000
3 145517.0 001000000011010000 163270.796593 000000000007010003
3 163270.796593 000000000007010003 671533.0 001000000000010003
3 671533.0 001000000000010003 1958.86 001000000008010003
3 1958.86 001000000008010003 163270.796593 000000000007010003
3 163270.796593 000000000007010003 244881.13533333334 000000000000010003
3 244881.13533333334 000000000000010003 163270.796593 000000000007010003
3 163270.796593 000000000007010003 22224.7 000000000004010000
3 22224.7 000000000004010000 1800570.0 004000000000006004
3 1800570.0 004000000000006004 273025.4391857143 004000000000010004
3 273025.4391857143 004000000000010004 163270.796593 000000000007010003
3 163270.796593 000000000007010003 288772.0 000000000001006003
3 288772.0 000000000001006003 4364.85 000000000001006001
3 4364.85 000000000001006001 163270.796593 000000000007010003
3 163270.796593 000000000007010003 733915.0 000000000001006004
3 733915.0 000000000001006004 299760.0 000000000001006002
3 299760.0 000000000001006002 163270.796593 000000000007010003
3 163270.796593 000000000007010003 26844.7 004000000002006001
3 26844.7 004000000002006001 981.722 004000000008006001
3 981.722 004000000008006001 163270.796593 000000000007010003
3 163270.796593 000000000007010003 356003.0 001000000002010004
3 356003.0 001000000002010004 79.2971 001000000002010005
3 79.2971 001000000002010005 163270.796593 000000000007010003
3 163270.796593 000000000007010003 116.9 000000000000006004
3 116.9 000000000000006004 54.0525 000000000000006008
3 54.0525 000000000000006008 163270.796593 000000000007010003
3 163270.796593 000000000007010003 265284.0 000000000004010003
3 265284.0 000000000004010003 10650.8 000000000004010002
3 10650.8 000000000004010002 163270.796593 000000000007010003
3 163270.796593 000000000007010003 688060.0 004000000000006006
3 688060.0 004000000000006006 851.123 004000000003006006
3 851.123 004000000003006006 163270.796593 000000000007010003
3 163270.796593 000000000007010003 539339.1342 004000000000010006
3 539339.1342 004000000000010006 83.8195 004000000000003006
3 83.8195 004000000000003006 163270.796593 000000000007010003
3 163270.796593 000000000007010003 152716.1758 000000000007006004
3 152716.1758 000000000007006004 7021.79 000004000007006004
3 7021.79 000004000007006004 163270.796593 000000000007010003
3 163270.796593 000000000007010003 773684.0 000000000004010004
3 773684.0 000000000004010004 24873.5 012000000004010004
3 24873.5 012000000004010004 163270.796593 000000000007010003
3 163270.796593 000000000007010003 83.1236 000000000002006006
3 83.1236 000000000002006006 83.1236 000000000002006006
3 83.1236 000000000002006006 163270.796593 000000000007010003
3 163270.796593 000000000007010003 487270.91695 004000000002006006
3 487270.91695 004000000002006006 399721.0 004000000002006008
3 399721.0 004000000002006008 163270.796593 000000000007010003
3 163270.796593 000000000007010003 273025.4391857143 004000000000010004
3 273025.4391857143 004000000000010004 62.8017 004004000000010004
3 62.8017 004004000000010004 163270.796593 000000000007010003
3 163270.796593 000000000007010003 701.121 012000000000006003
3 701.121 012000000000006003 163270.796593 000000000007010003
3 163270.796593 000000000007010003 22224.7 000000000004010000
3 22224.7 000000000004010000 353467.171 000000000002006003
3 353467.171 000000000002006003 230863.0 000000000005006003
3 230863.0 000000000005006003 163270.796593 000000000007010003
3 163270.796593 000000000007010003 229626.949735 000000000001010004
3 229626.949735 000000000001010004 189629.0 000006000001010004
3 189629.0 000006000001010004 163270.796593 000000000007010003
3 163270.796593 000000000007010003 153660.0 004000000007010000
3 153660.0 004000000007010000 148300.0 007000000007010000
3 148300.0 007000000007010000 163270.796593 000000000007010003
3 163270.796593 000000000007010003 489908.0 000000000001010003
3 489908.0 000000000001010003 410962.0 000003000001010003
3 410962.0 000003000001010003 163270.796593 000000000007010003
3 163270.796593 000000000007010003 659077.0 012000000002010001
3 659077.0 012000000002010001 639692.0 012000000011010001
3 639692.0 012000000011010001 163270.796593 000000000007010003
3 163270.796593 000000000007010003 244881.13533333334 000000000000010003
3 244881.13533333334 000000000000010003 163270.796593 000000000007010003
3 163270.796593 000000000007010003 22224.7 000000000004010000
3 22224.7 000000000004010000 797905.0 001000000000006000
3 797905.0 001000000000006000 25795.7 001000002000006000
3 25795.7 001000002000006000 163270.796593 000000000007010003
4 163270.796593 000000000007010003 30661200000.0 020000002005000005
4 30661200000.0 020000002005000005 18191.6 017000002005000005
4 18191.6 017000002005000005 1854.98 004001001000010009
4 1854.98 004001001000010009 20664400000.0 010001002000000000
4 20664400000.0 010001002000000000 10203500000.0 010001002000003000
4 10203500000.0 010001002000003000 1854.98 004001001000010009
4 1854.98 004001001000010009 2129600.0 010004002003012006
4 2129600.0 010004002003012006 9279.72 010004002003012000
4 9279.72 010004002003012000 1854.98 004001001000010009
4 1854.98 004001001000010009 2553300.0 004000000006001005
4 2553300.0 004000000006001005 9151.4 004005000006001005
4 9151.4 004005000006001005 1854.98 004001001000010009
4 1854.98 004001001000010009 2214357.577 004005002008010005
4 2214357.577 004005002008010005 217.506 004005002005010005
4 217.506 004005002005010005 1854.98 004001001000010009
4 1854.98 004001001000010009 222900000.0 004005002002001005
4 222900000.0 004005002002001005 10597700.0 004005001002001005
4 10597700.0 004005001002001005 217.506 004005002005010005
4 217.506 004005002005010005 37606.0 010005000008000005
4 37606.0 010005000008000005 135274.3471 010005000008011005
4 135274.3471 010005000008011005 217.506 004005002005010005
4 217.506 004005002005010005 5108090000.0 010002002005010005
4 5108090000.0 010002002005010005 51976.3 010002002005010000
4 51976.3 010002002005010000 135274.3471 010005000008011005
4 135274.3471 010005000008011005 4734110.0 010002000008010007
4 4734110.0 010002000008010007 153.077 010002000008005007
4 153.077 010002000008005007 135274.3471 010005000008011005
4 135274.3471 010005000008011005 1793680.0 000005000005002007
4 1793680.0 000005000005002007 1700480.0 000005000008002007
4 1700480.0 000005000008002007 135274.3471 010005000008011005
4 135274.3471 010005000008011005 2214357.577 004005002008010005
4 2214357.577 004005002008010005 1400970.0 004002002008010005
4 1400970.0 004002002008010005 135274.3471 010005000008011005
4 135274.3471 010005000008011005 61.4012 004002000010012005
4 61.4012 004002000010012005 3261.02 004002001010012005
4 3261.02 004002001010012005 135274.3471 010005000008011005
4 135274.3471 010005000008011005 2026780.0 010001000008010005
4 2026780.0 010001000008010005 816029.5 010001001008010005
4 816029.5 010001001008010005 135274.3471 010005000008011005
4 135274.3471 010005000008011005 2852030.0 004001000010001005
4 2852030.0 004001000010001005 72.9823 004001000010001007
4 72.9823 004001000010001007 135274.3471 010005000008011005
4 135274.3471 010005000008011005 353142000.0 004001000003010000
4 353142000.0 004001000003010000 4833240.0 004002000003010000
4 4833240.0 004002000003010000 135274.3471 010005000008011005
4 135274.3471 010005000008011005 390.771 004005000003012007
4 390.771 004005000003012007 135274.3471 010005000008011005
4 135274.3471 010005000008011005 72.9823 004001000010001007
4 72.9823 004001000010001007 78.3188 004005001008010007
4 78.3188 004005001008010007 65.1021 004005001001010007
4 65.1021 004005001001010007 135274.3471 010005000008011005
4 135274.3471 010005000008011005 78.3188 004005001008010007
4 78.3188 004005001008010007 135274.3471 010005000008011005
4 135274.3471 010005000008011005 65.1021 004005001001010007
4 65.1021 004005001001010007 3120330.0 004005001003001007
4 3120330.0 004005001003001007 1872980.0 004005001003001008
4 1872980.0 004005001003001008 135274.3471 010005000008011005
4 135274.3471 010005000008011005 4108.2 010005001008001007
4 4108.2 010005001008001007 22204.9 010005001008009007
4 22204.9 010005001008009007 135274.3471 010005000008011005
4 135274.3471 010005000008011005 3882.33 010002001008011007
4 3882.33 010002001008011007 135274.3471 010005000008011005
4 135274.3471 010005000008011005 22204.9 010005001008009007
4 22204.9 010005001008009007 3016.58 010005001008010005
4 3016.58 010005001008010005 135274.3471 010005000008011005
4 135274.3471 010005000008011005 22204.9 010005001008009007
4 22204.9 010005001008009007 13740.9 010005000008010005
4 13740.9 010005000008010005 613937.0 010005002008010005
4 613937.0 010005002008010005 135274.3471 010005000008011005
4 135274.3471 010005000008011005 292424.97483333334 010005001008005007
4 292424.97483333334 010005001008005007 9.04357 010001001008005007
4 9.04357 010001001008005007 135274.3471 010005000008011005
4 135274.3471 010005000008011005 3748550.0 010001000005009005
4 3748550.0 010001000005009005 2002530.0 010001000008009005
4 2002530.0 010001000008009005 9.04357 010001001008005007
4 9.04357 010001001008005007 2729968.8857142855 010005000008010007
4 2729968.8857142855 010005000008010007 82.7111 010005000008003007
4 82.7111 010005000008003007 9.04357 010001001008005007
4 9.04357 010001001008005007 3118270.0 010005001008003005
4 3118270.0 010005001008003005 3016.58 010005001008010005
4 3016.58 010005001008010005 9.04357 010001001008005007
4 9.04357 010001001008005007 3413790.0 010005000008009007
4 3413790.0 010005000008009007 804034.0 010005002008009007
4 804034.0 010005002008009007 9.04357 010001001008005007
4 9.04357 010001001008005007 1358046.0 004005001008005005
4 1358046.0 004005001008005005 1148770.0 004005001003005005
4 1148770.0 004005001003005005 9.04357 010001001008005007
4 9.04357 010001001008005007 2729968.8857142855 010005000008010007
4 2729968.8857142855 010005000008010007 987937.0 010005000008010004
4 987937.0 010005000008010004 9.04357 010001001008005007
4 9.04357 010001001008005007 6139864.575 010005000008001007
4 6139864.575 010005000008001007 139.295 019005000008001007
4 139.295 019005000008001007 9.04357 010001001008005007
4 9.04357 010001001008005007 78.3188 004005001008010007
4 78.3188 004005001008010007 377176.36845 007005001008010007
4 377176.36845 007005001008010007 9.04357 010001001008005007
4 9.04357 010001001008005007 377176.36845 007005001008010007
4 377176.36845 007005001008010007 9177.78 007005001008002007
4 9177.78 007005001008002007 9.04357 010001001008005007
4 9.04357 010001001008005007 1670470.0 004005001008002007
4 1670470.0 004005001008002007 464055.0 004005001006002007
4 464055.0 004005001006002007 9.04357 010001001008005007
4 9.04357 010001001008005007 17456.1 010005001001001007
4 17456.1 010005001001001007 4108.2 010005001008001007
4 4108.2 010005001008001007 9.04357 010001001008005007
4 9.04357 010001001008005007 6139864.575 010005000008001007
4 6139864.575 010005000008001007 8043930.0 010000000008001007
4 8043930.0 010000000008001007 9.04357 010001001008005007
4 9.04357 010001001008005007 1580040.30375 004005000008010007
4 1580040.30375 004005000008010007 421.746 004005000008010006
4 421.746 004005000008010006 9.04357 010001001008005007
4 9.04357 010001001008005007 66.8306 010005001008010007
4 66.8306 010005001008010007 408288.035 010005001011010007
4 408288.035 010005001011010007 9.04357 010001001008005007
4 9.04357 010001001008005007 38486.5 007005001001005007
4 38486.5 007005001001005007 9.04357 010001001008005007
4 9.04357 010001001008005007 135274.3471 010005000008011005
4 135274.3471 010005000008011005 1580040.30375 004005000008010007
4 1580040.30375 004005000008010007 1580040.30375 004005000008010007
4 1580040.30375 004005000008010007 9.04357 010001001008005007
4 9.04357 010001001008005007 426518.0 004005001008011007
4 426518.0 004005001008011007 73678.1 004006001008011007
4 73678.1 004006001008011007 9.04357 010001001008005007
4 9.04357 010001001008005007 24737.9 010001001001001007
4 24737.9 010001001001001007 9103.76 010001001007001007
4 9103.76 010001001007001007 9.04357 010001001008005007
4 9.04357 010001001008005007 1358046.0 004005001008005005
4 1358046.0 004005001008005005 227357.0 004005001009005005
4 227357.0 004005001009005005 9.04357 010001001008005007
4 9.04357 010001001008005007 4143300.0 007005001008001005
4 4143300.0 007005001008001005 396145.0 007005001009001005
4 396145.0 007005001009001005 9.04357 010001001008005007
4 9.04357 010001001008005007 3023.36 010005000010001007
4 3023.36 010005000010001007 9.04357 010001001008005007
4 9.04357 010001001008005007 135274.3471 010005000008011005
4 135274.3471 010005000008011005 22204.9 010005001008009007
4 22204.9 010005001008009007 9.04357 010001001008005007
4 9.04357 010001001008005007 135274.3471 010005000008011005
4 135274.3471 010005000008011005 613923.13 010005001001005007
4 613923.13 010005001001005007 9.04357 010001001008005007
4 9.04357 010001001008005007 135274.3471 010005000008011005
4 135274.3471 010005000008011005 613923.13 010005001001005007
4 613923.13 010005001001005007 8615.75 010004001001005007
4 8615.75 010004001001005007 9.04357 010001001008005007
4 9.04357 010001001008005007 2279370.0 010005001008005005
4 2279370.0 010005001008005005 1330660.0 010005001008009005
4 1330660.0 010005001008009005 9.04357 010001001008005007
4 9.04357 010001001008005007 120.688 004001001008010007
4 120.688 004001001008010007 9.04357 010001001008005007
4 9.04357 010001001008005007 135274.3471 010005000008011005
4 135274.3471 010005000008011005 292424.97483333334 010005001008005007
4 292424.97483333334 010005001008005007 292424.97483333334 010005001008005007
4 292424.97483333334 010005001008005007 9.04357 010001001008005007
4 9.04357 010001001008005007 106.258 004005001001001007
4 106.258 004005001001001007 9.04357 010001001008005007
4 9.04357 010001001008005007 135274.3471 010005000008011005
4 135274.3471 010005000008011005 406477.465 004005001008001007
4 406477.465 004005001008001007 406477.465 004005001008001007
4 406477.465 004005001008001007 9.04357 010001001008005007
4 9.04357 010001001008005007 44.9711 010005001011005007
4 44.9711 010005001011005007 6829.25 003005001011005007
4 6829.25 003005001011005007 9.04357 010001001008005007
4 9.04357 010001001008005007 12861.5 007005000010009007
4 12861.5 007005000010009007 125.217 007005000001009007
4 125.217 007005000001009007 9.04357 010001001008005007
4 9.04357 010001001008005007 816029.5 010001001008010005
4 816029.5 010001001008010005 968754.0 002001001008010005
4 968754.0 002001001008010005 9.04357 010001001008005007
4 9.04357 010001001008005007 3427020.0 010001001011001007
4 3427020.0 010001001011001007 13422.8 010001001011010007
4 13422.8 010001001011010007 9.04357 010001001008005007
4 9.04357 010001001008005007 408288.035 010005001011010007
4 408288.035 010005001011010007 17952.2 010006001011010007
4 17952.2 010006001011010007 9.04357 010001001008005007
4 9.04357 010001001008005007 506737.0 004005001008005007
4 506737.0 004005001008005007 314279.0 004005001008005006
4 314279.0 004005001008005006 9.04357 010001001008005007
4 9.04357 010001001008005007 1580040.30375 004005000008010007
4 1580040.30375 004005000008010007 2336.26 004005000003010007
4 2336.26 004005000003010007 9.04357 010001001008005007
4 9.04357 010001001008005007 60.4645 007005000011001007
4 60.4645 007005000011001007 9.04357 010001001008005007
4 9.04357 010001001008005007 135274.3471 010005000008011005
4 135274.3471 010005000008011005 588451.0 010005001011001007
4 588451.0 010005001011001007 36492.4 010002001011001007
4 36492.4 010002001011001007 9.04357 010001001008005007
4 9.04357 010001001008005007 6139864.575 010005000008001007
4 6139864.575 010005000008001007 6139864.575 010005000008001007
4 6139864.575 010005000008001007 9.04357 010001001008005007
4 9.04357 010001001008005007 4108.2 010005001008001007
4 4108.2 010005001008001007 9.04357 010001001008005007
4 9.04357 010001001008005007 135274.3471 010005000008011005
4 135274.3471 010005000008011005 3122.99 004001001008001007
4 3122.99 004001001008001007 9.04357 010001001008005007
4 9.04357 010001001008005007 135274.3471 010005000008011005
4 135274.3471 010005000008011005 66.8306 010005001008010007
4 66.8306 010005001008010007 868351.0 010005001008004007
4 868351.0 010005001008004007 9.04357 010001001008005007
4 9.04357 010001001008005007 793609.0 007005001008009007
4 793609.0 007005001008009007 672227.0 005005001008009007
4 672227.0 005005001008009007 9.04357 010001001008005007
4 9.04357 010001001008005007 2802285.0 007001001008001007
4 2802285.0 007001001008001007 538496.0 007005001008001007
4 538496.0 007005001008001007 9.04357 010001001008005007
4 9.04357 010001001008005007 6139864.575 010005000008001007
4 6139864.575 010005000008001007 37673.6 010005002008001007
4 37673.6 010005002008001007 9.04357 010001001008005007
4 9.04357 010001001008005007 22204.9 010005001008009007
4 22204.9 010005001008009007 9.04357 010001001008005007
4 9.04357 010001001008005007 135274.3471 010005000008011005
4 135274.3471 010005000008011005 408288.035 010005001011010007
4 408288.035 010005001011010007 38.7516 001005001011010007
4 38.7516 001005001011010007 9.04357 010001001008005007
4 9.04357 010001001008005007 22204.9 010005001008009007
4 22204.9 010005001008009007 22204.9 010005001008009007
4 22204.9 010005001008009007 9.04357 010001001008005007
4 9.04357 010001001008005007 33995918.5065 007005000008001007
4 33995918.5065 007005000008001007 33995918.5065 007005000008001007
4 33995918.5065 007005000008001007 9.04357 010001001008005007
4 9.04357 010001001008005007 18526.1 010001000008001005
4 18526.1 010001000008001005 9.04357 010001001008005007
4 9.04357 010001001008005007 135274.3471 010005000008011005
4 135274.3471 010005000008011005 4108.2 010005001008001007
4 4108.2 010005001008001007 6881.28 010005001008001004
4 6881.28 010005001008001004 9.04357 010001001008005007
4 9.04357 010001001008005007 6139864.575 010005000008001007
4 6139864.575 010005000008001007 31219.6 010003000008001007
4 31219.6 010003000008001007 9.04357 010001001008005007
4 9.04357 010001001008005007 292424.97483333334 010005001008005007
4 292424.97483333334 010005001008005007 8620.6 015005001008005007
4 8620.6 015005001008005007 9.04357 010001001008005007
4 9.04357 010001001008005007 8620.6 015005001008005007
4 8620.6 015005001008005007 1283.23 015005001008002007
4 1283.23 015005001008002007 9.04357 010001001008005007
4 9.04357 010001001008005007 408288.035 010005001011010007
4 408288.035 010005001011010007 964400.0 010005001011010006
4 964400.0 010005001011010006 9.04357 010001001008005007
4 9.04357 010001001008005007 1505130.0 007005001008011005
4 1505130.0 007005001008011005 240056.0 007005000008011005
4 240056.0 007005000008011005 9.04357 010001001008005007
4 9.04357 010001001008005007 624564.0 001001001011010007
4 624564.0 001001001011010007 12099.2 001001001011010002
4 12099.2 001001001011010002 9.04357 010001001008005007
4 9.04357 010001001008005007 66.8306 010005001008010007
4 66.8306 010005001008010007 11480.8 010005001001010007
4 11480.8 010005001001010007 9.04357 010001001008005007
4 9.04357 010001001008005007 31093.6 010005001011011007
4 31093.6 010005001011011007 9.04357 010001001008005007
4 9.04357 010001001008005007 135274.3471 010005000008011005
4 135274.3471 010005000008011005 4108.2 010005001008001007
4 4108.2 010005001008001007 5579.16 010001001008001007
4 5579.16 010001001008001007 9.04357 010001001008005007
4 9.04357 010001001008005007 2802285.0 007001001008001007
4 2802285.0 007001001008001007 606569.0 007001001011001007
4 606569.0 007001001011001007 9.04357 010001001008005007
4 9.04357 010001001008005007 36305.9 010005001011005005
4 36305.9 010005001011005005 7517.6 010002001011005005
4 7517.6 010002001011005005 9.04357 010001001008005007
4 9.04357 010001001008005007 2927.3191 001005001008010007
4 2927.3191 001005001008010007 9.04357 010001001008005007
4 9.04357 010001001008005007 31093.6 010005001011011007
4 31093.6 010005001011011007 1236530.0 001001001011001007
4 1236530.0 001001001011001007 653535.0 001001001011001006
4 653535.0 001001001011001006 9.04357 010001001008005007
4 9.04357 010001001008005007 57.1863 010001001011011007
4 57.1863 010001001011011007 13275.1 003001001011011007
4 13275.1 003001001011011007 9.04357 010001001008005007
4 9.04357 010001001008005007 160763.81433333334 010005000008011007
4 160763.81433333334 010005000008011007 9.04357 010001001008005007
4 9.04357 010001001008005007 31093.6 010005001011011007
4 31093.6 010005001011011007 2729968.8857142855 010005000008010007
4 2729968.8857142855 010005000008010007 16023.6 006005000008010007
4 16023.6 006005000008010007 9.04357 010001001008005007
4 9.04357 010001001008005007 377176.36845 007005001008010007
4 377176.36845 007005001008010007 13624.1 007005001008008007
4 13624.1 007005001008008007 9.04357 010001001008005007
4 9.04357 010001001008005007 31093.6 010005001011011007
4 31093.6 010005001011011007 16746.0 010005001011008007
4 16746.0 010005001011008007 9.04357 010001001008005007
4 9.04357 010001001008005007 2927.3191 001005001008010007
4 2927.3191 001005001008010007 2927.3191 001005001008010007
4 2927.3191 001005001008010007 9.04357 010001001008005007
4 9.04357 010001001008005007 9.04357 010001001008005007
4 9.04357 010001001008005007 7482.53 010001001008005002
4 7482.53 010001001008005002 9.04357 010001001008005007
4 9.04357 010001001008005007 540964.5 007005001008011007
4 540964.5 007005001008011007 231874.0 018005001008011007
4 231874.0 018005001008011007 9.04357 010001001008005007
4 9.04357 010001001008005007 730574.66885 010005000011010007
4 730574.66885 010005000011010007 730574.66885 010005000011010007
4 730574.66885 010005000011010007 9.04357 010001001008005007
4 9.04357 010001001008005007 3016.58 010005001008010005
4 3016.58 010005001008010005 9.04357 010001001008005007
4 9.04357 010001001008005007 31093.6 010005001011011007
4 31093.6 010005001011011007 377176.36845 007005001008010007
4 377176.36845 007005001008010007 9.04357 010001001008005007
4 9.04357 010001001008005007 31093.6 010005001011011007
4 31093.6 010005001011011007 540964.5 007005001008011007
4 540964.5 007005001008011007 16252.6 007005002008011007
4 16252.6 007005002008011007 9.04357 010001001008005007
4 9.04357 010001001008005007 1461760.2625 010001001008011007
4 1461760.2625 010001001008011007 5897.43 011001001008011007
4 5897.43 011001001008011007 9.04357 010001001008005007
4 9.04357 010001001008005007 429471.6666666667 001001001008011007
4 429471.6666666667 001001001008011007 48.5191 001001001008011000
4 48.5191 001001001008011000 9.04357 010001001008005007
4 9.04357 010001001008005007 160763.81433333334 010005000008011007
4 160763.81433333334 010005000008011007 40.9447 010005000005011007
4 40.9447 010005000005011007 9.04357 010001001008005007
4 9.04357 010001001008005007 584767.6865 001005001008011007
4 584767.6865 001005001008011007 9.04357 010001001008005007
4 9.04357 010001001008005007 31093.6 010005001011011007
4 31093.6 010005001011011007 1552660.0 007005001011011007
4 1552660.0 007005001011011007 660325.0 016005001011011007
4 660325.0 016005001011011007 9.04357 010001001008005007
4 9.04357 010001001008005007 2927.3191 001005001008010007
4 2927.3191 001005001008010007 15644.9 012005001008010007
4 15644.9 012005001008010007 9.04357 010001001008005007
4 9.04357 010001001008005007 712.554 012005001005011007
4 712.554 012005001005011007 712.554 012005001005011007
4 712.554 012005001005011007 9.04357 010001001008005007
4 9.04357 010001001008005007 66.8306 010005001008010007
4 66.8306 010005001008010007 60.554 010005001012010007
4 60.554 010005001012010007 9.04357 010001001008005007
4 9.04357 010001001008005007 730574.66885 010005000011010007
4 730574.66885 010005000011010007 9.82538 011005000011010007
4 9.82538 011005000011010007 9.04357 010001001008005007
4 9.04357 010001001008005007 4052550.0 011001001011005007
4 4052550.0 011001001011005007 392451.0 011002001011005007
4 392451.0 011002001011005007 9.04357 010001001008005007
4 9.04357 010001001008005007 31093.6 010005001011011007
4 31093.6 010005001011011007 31093.6 010005001011011007
4 31093.6 010005001011011007 9.04357 010001001008005007
4 9.04357 010001001008005007 584767.6865 001005001008011007
4 584767.6865 001005001008011007 12687.4 001005001010011007
4 12687.4 001005001010011007 9.04357 010001001008005007
4 9.04357 010001001008005007 611794.0 001005000010010007
4 611794.0 001005000010010007 32.8901 001005000010008007
4 32.8901 001005000010008007 9.04357 010001001008005007
4 9.04357 010001001008005007 36.3504 001005000008011007
4 36.3504 001005000008011007 9.04357 010001001008005007
4 9.04357 010001001008005007 9.82538 011005000011010007
4 9.82538 011005000011010007 408288.035 010005001011010007
4 408288.035 010005001011010007 13422.8 010001001011010007
4 13422.8 010001001011010007 9.04357 010001001008005007
4 9.04357 010001001008005007 660938.0 010001001008011005
4 660938.0 010001001008011005 20204.1 010001001000011005
4 20204.1 010001001000011005 9.04357 010001001008005007
4 9.04357 010001001008005007 673297.3266666667 010005000008008007
4 673297.3266666667 010005000008008007 5398.15 010005000007008007
4 5398.15 010005000007008007 9.04357 010001001008005007
4 9.04357 010001001008005007 897916.0 001005000008005007
4 897916.0 001005000008005007 893710.0 001005001008005007
4 893710.0 001005001008005007 9.04357 010001001008005007
4 9.04357 010001001008005007 1363755.27 010005000010011007
4 1363755.27 010005000010011007 1344770.0 017005000010011007
4 1344770.0 017005000010011007 9.04357 010001001008005007
4 9.04357 010001001008005007 765114.0 001005001011005007
4 765114.0 001005001011005007 660201.0 001005001011001007
4 660201.0 001005001011001007 9.04357 010001001008005007
4 9.04357 010001001008005007 408288.035 010005001011010007
4 408288.035 010005001011010007 48863.7 010005001011010001
4 48863.7 010005001011010001 9.04357 010001001008005007
4 9.04357 010001001008005007 1460830.0 010001000008010007
4 1460830.0 010001000008010007 1460830.0 010001000008010007
4 1460830.0 010001000008010007 9.04357 010001001008005007
4 9.04357 010001001008005007 7669.82 011005001010010007
4 7669.82 011005001010010007 6895.64 011005000010010007
4 6895.64 011005000010010007 9.04357 010001001008005007
4 9.04357 010001001008005007 730574.66885 010005000011010007
4 730574.66885 010005000011010007 6556.79 010005000011010004
4 6556.79 010005000011010004 9.04357 010001001008005007
4 9.04357 010001001008005007 1864040.0 001005000011005007
4 1864040.0 001005000011005007 1515430.0 001005000011002007
4 1515430.0 001005000011002007 9.04357 010001001008005007
4 9.04357 010001001008005007 584767.6865 001005001008011007
4 584767.6865 001005001008011007 261562.0 001005001008011000
4 261562.0 001005001008011000 9.04357 010001001008005007
4 9.04357 010001001008005007 36.3504 001005000008011007
4 36.3504 001005000008011007 9.04357 010001001008005007
4 9.04357 010001001008005007 9.82538 011005000011010007
4 9.82538 011005000011010007 429471.6666666667 001001001008011007
4 429471.6666666667 001001001008011007 341207.0 001001001003011007
4 341207.0 001001001003011007 9.04357 010001001008005007
4 9.04357 010001001008005007 832776.7438916666 010005001008011007
4 832776.7438916666 010005001008011007 7878.47 010005001004011007
4 7878.47 010005001004011007 9.04357 010001001008005007
4 9.04357 010001001008005007 2729968.8857142855 010005000008010007
4 2729968.8857142855 010005000008010007 3210.42 010005000008010008
4 3210.42 010005000008010008 9.04357 010001001008005007
4 9.04357 010001001008005007 753.477 007005000008005005
4 753.477 007005000008005005 9.04357 010001001008005007
4 9.04357 010001001008005007 9.82538 011005000011010007
4 9.82538 011005000011010007 478829.0 001005000011011007
4 478829.0 001005000011011007 1983.38 019005000011011007
4 1983.38 019005000011011007 9.04357 010001001008005007
4 9.04357 010001001008005007 13740.9 010005000008010005
4 13740.9 010005000008010005 1164790.0 010005000012010005
4 1164790.0 010005000012010005 9.04357 010001001008005007
4 9.04357 010001001008005007 1460830.0 010001000008010007
4 1460830.0 010001000008010007 4734110.0 010002000008010007
4 4734110.0 010002000008010007 9.04357 010001001008005007
4 9.04357 010001001008005007 15634.2 010001000011011005
4 15634.2 010001000011011005 15634.2 010001000011011005
4 15634.2 010001000011011005 9.04357 010001001008005007
4 9.04357 010001001008005007 25900.4 001005001008008007
4 25900.4 001005001008008007 25900.4 001005001008008007
4 25900.4 001005001008008007 9.04357 010001001008005007
4 9.04357 010001001008005007 688739.0 007005000008011007
4 688739.0 007005000008011007 430.265 007005000008011008
4 430.265 007005000008011008 9.04357 010001001008005007
4 9.04357 010001001008005007 2032.05 007005000011011008
4 2032.05 007005000011011008 1933.01 007006000011011008
4 1933.01 007006000011011008 9.04357 010001001008005007
4 9.04357 010001001008005007 452439.0 011005001008010007
4 452439.0 011005001008010007 15318.3 011005001008008007
4 15318.3 011005001008008007 9.04357 010001001008005007
4 9.04357 010001001008005007 962399.0 001005000008008007
4 962399.0 001005000008008007 45764.6 001006000008008007
4 45764.6 001006000008008007 9.04357 010001001008005007
4 9.04357 010001001008005007 77416.6 001006000008010007
4 77416.6 001006000008010007 34532.1 001006000001010007
4 34532.1 001006000001010007 9.04357 010001001008005007
4 9.04357 010001001008005007 21380.7 001001000008011005
4 21380.7 001001000008011005 11379.9 001001000008007005
4 11379.9 001001000008007005 9.04357 010001001008005007
4 9.04357 010001001008005007 1032391.89378 010001001008010007
4 1032391.89378 010001001008010007 10.2065 010001001009010007
4 10.2065 010001001009010007 9.04357 010001001008005007
4 9.04357 010001001008005007 6471.195 010005000011008007
4 6471.195 010005000011008007 3385.12 010005000011012007
4 3385.12 010005000011012007 9.04357 010001001008005007
4 9.04357 010001001008005007 1461760.2625 010001001008011007
4 1461760.2625 010001001008011007 281085.0 010001001008011006
4 281085.0 010001001008011006 9.04357 010001001008005007
4 9.04357 010001001008005007 57.1863 010001001011011007
4 57.1863 010001001011011007 1053710.0 017001001011011007
4 1053710.0 017001001011011007 9.04357 010001001008005007
4 9.04357 010001001008005007 832776.7438916666 010005001008011007
4 832776.7438916666 010005001008011007 9.04357 010001001008005007
4 9.04357 010001001008005007 9.82538 011005000011010007
4 9.82538 011005000011010007 66.8306 010005001008010007
4 66.8306 010005001008010007 9.04357 010001001008005007
4 9.04357 010001001008005007 832776.7438916666 010005001008011007
4 832776.7438916666 010005001008011007 3217020.0 010005001009010007
4 3217020.0 010005001009010007 11675.2 010005000009010007
4 11675.2 010005000009010007 9.04357 010001001008005007
4 9.04357 010001001008005007 77.895 011001001009010007
4 77.895 011001001009010007 9.04357 010001001008005007
4 9.04357 010001001008005007 832776.7438916666 010005001008011007
4 832776.7438916666 010005001008011007 2801760.0 010005000008005007
4 2801760.0 010005000008005007 4104000.0 011005000008005007
4 4104000.0 011005000008005007 9.04357 010001001008005007
4 9.04357 010001001008005007 1131690.0 001001000008010007
4 1131690.0 001001000008010007 1092890.0 001004000008010007
4 1092890.0 001004000008010007 9.04357 010001001008005007
4 9.04357 010001001008005007 1460830.0 010001000008010007
4 1460830.0 010001000008010007 3253780.0 010001000008010003
4 3253780.0 010001000008010003 9.04357 010001001008005007
4 9.04357 010001001008005007 897916.0 001005000008005007
4 897916.0 001005000008005007 317793.0 001005000008005006
4 317793.0 001005000008005006 9.04357 010001001008005007
4 9.04357 010001001008005007 2729968.8857142855 010005000008010007
4 2729968.8857142855 010005000008010007 82.7111 010005000008003007
4 82.7111 010005000008003007 9.04357 010001001008005007
4 9.04357 010001001008005007 2729968.8857142855 010005000008010007
4 2729968.8857142855 010005000008010007 76.8352 012005000008010007
4 76.8352 012005000008010007 9.04357 010001001008005007
4 9.04357 010001001008005007 6793770.0 010001000008008007
4 6793770.0 010001000008008007 3595.12 001001000008008007
4 3595.12 001001000008008007 9.04357 010001001008005007
4 9.04357 010001001008005007 1247910.0 001005000009010007
4 1247910.0 001005000009010007 7010.58 001005000009010002
4 7010.58 001005000009010002 9.04357 010001001008005007
4 9.04357 010001001008005007 673297.3266666667 010005000008008007
4 673297.3266666667 010005000008008007 673297.3266666667 010005000008008007
4 673297.3266666667 010005000008008007 9.04357 010001001008005007
4 9.04357 010001001008005007 1461760.2625 010001001008011007
4 1461760.2625 010001001008011007 865732.0 010003001008011007
4 865732.0 010003001008011007 9.04357 010001001008005007
4 9.04357 010001001008005007 160763.81433333334 010005000008011007
4 160763.81433333334 010005000008011007 3218.82 010005000001011007
4 3218.82 010005000001011007 9.04357 010001001008005007
4 9.04357 010001001008005007 1453490.0 010001000011008005
4 1453490.0 010001000011008005 34.7932 010001000002008005
4 34.7932 010001000002008005 9.04357 010001001008005007
4 9.04357 010001001008005007 292424.97483333334 010005001008005007
4 292424.97483333334 010005001008005007 637868.0 010005001008002007
4 637868.0 010005001008002007 9.04357 010001001008005007
4 9.04357 010001001008005007 160763.81433333334 010005000008011007
4 160763.81433333334 010005000008011007 1670030.59 010006000008011007
4 1670030.59 010006000008011007 9.04357 010001001008005007
4 9.04357 010001001008005007 27201.1 011006000008010007
4 27201.1 011006000008010007 9.04357 010001001008005007
4 9.04357 010001001008005007 832776.7438916666 010005001008011007
4 832776.7438916666 010005001008011007 452439.0 011005001008010007
4 452439.0 011005001008010007 5372.26 011005001008001007
4 5372.26 011005001008001007 9.04357 010001001008005007
4 9.04357 010001001008005007 460750.0 010005001010010007
4 460750.0 010005001010010007 895898.0 010005001006010007
4 895898.0 010005001006010007 9.04357 010001001008005007
4 9.04357 010001001008005007 2729968.8857142855 010005000008010007
4 2729968.8857142855 010005000008010007 13740.9 010005000008010005
4 13740.9 010005000008010005 9.04357 010001001008005007
4 9.04357 010001001008005007 2937120.0 011005001011010007
4 2937120.0 011005001011010007 1598750.0 002005001011010007
4 1598750.0 002005001011010007 9.04357 010001001008005007
4 9.04357 010001001008005007 2640150.0 010001001009011007
4 2640150.0 010001001009011007 529363.0 010001002009011007
4 529363.0 010001002009011007 9.04357 010001001008005007
4 9.04357 010001001008005007 31093.6 010005001011011007
4 31093.6 010005001011011007 564928.0 010005001012011007
4 564928.0 010005001012011007 9.04357 010001001008005007
4 9.04357 010001001008005007 135274.3471 010005000008011005
4 135274.3471 010005000008011005 8544.2435 010005000008011002
4 8544.2435 010005000008011002 9.04357 010001001008005007
4 9.04357 010001001008005007 4974330.0 010001000008010002
4 4974330.0 010001000008010002 25757.6 010006000008010002
4 25757.6 010006000008010002 9.04357 010001001008005007
4 9.04357 010001001008005007 832776.7438916666 010005001008011007
4 832776.7438916666 010005001008011007 160763.81433333334 010005000008011007
4 160763.81433333334 010005000008011007 9.04357 010001001008005007
4 9.04357 010001001008005007 6471.195 010005000011008007
4 6471.195 010005000011008007 4144102.41 010001000011008007
4 4144102.41 010001000011008007 9.04357 010001001008005007
4 9.04357 010001001008005007 839235.729775 010001000008011007
4 839235.729775 010001000008011007 1244100.0 010001000008011001
4 1244100.0 010001000008011001 9.04357 010001001008005007
4 9.04357 010001001008005007 12867.7 010005001008008007
4 12867.7 010005001008008007 12867.7 010005001008008007
4 12867.7 010005001008008007 9.04357 010001001008005007
4 9.04357 010001001008005007 429471.6666666667 001001001008011007
4 429471.6666666667 001001001008011007 239417.0 001001001008011006
4 239417.0 001001001008011006 9.04357 010001001008005007
4 9.04357 010001001008005007 1363755.27 010005000010011007
4 1363755.27 010005000010011007 33.2465 016005000010011007
4 33.2465 016005000010011007 9.04357 010001001008005007
4 9.04357 010001001008005007 1247633.3 010005001010011007
4 1247633.3 010005001010011007 1075340.0 011005001010011007
4 1075340.0 011005001010011007 9.04357 010001001008005007
4 9.04357 010001001008005007 2956036.624266667 010001000011010007
4 2956036.624266667 010001000011010007 3325820.0 010001000011002007
4 3325820.0 010001000011002007 9.04357 010001001008005007
4 9.04357 010001001008005007 2729968.8857142855 010005000008010007
4 2729968.8857142855 010005000008010007 8400.42 010005000008010002
4 8400.42 010005000008010002 9.04357 010001001008005007
4 9.04357 010001001008005007 48269900.0 016001000008011007
4 48269900.0 016001000008011007 9328510.0 016001000008012007
4 9328510.0 016001000008012007 9.04357 010001001008005007
4 9.04357 010001001008005007 408288.035 010005001011010007
4 408288.035 010005001011010007 9.04357 010001001008005007
4 9.04357 010001001008005007 832776.7438916666 010005001008011007
4 832776.7438916666 010005001008011007 839235.729775 010001000008011007
4 839235.729775 010001000008011007 2679780.0 010001000009011007
4 2679780.0 010001000009011007 9.04357 010001001008005007
4 9.04357 010001001008005007 31093.6 010005001011011007
4 31093.6 010005001011011007 44.9711 010005001011005007
4 44.9711 010005001011005007 9.04357 010001001008005007
4 9.04357 010001001008005007 3934090.0 011001001008010007
4 3934090.0 011001001008010007 2673110.0 011001001011010007
4 2673110.0 011001001011010007 9.04357 010001001008005007
4 9.04357 010001001008005007 1247910.0 001005000009010007
4 1247910.0 001005000009010007 1795.65 001005000004010007
4 1795.65 001005000004010007 9.04357 010001001008005007
4 9.04357 010001001008005007 368081.0 016005001010010007
4 368081.0 016005001010010007 50609.6 016005002010010007
4 50609.6 016005002010010007 9.04357 010001001008005007
4 9.04357 010001001008005007 31093.6 010005001011011007
4 31093.6 010005001011011007 9.04357 010001001008005007
4 9.04357 010001001008005007 832776.7438916666 010005001008011007
4 832776.7438916666 010005001008011007 832776.7438916666 010005001008011007
4 832776.7438916666 010005001008011007 804246.0 000005001008011007
4 804246.0 000005001008011007 9.04357 010001001008005007
4 9.04357 010001001008005007 36.3504 001005000008011007
4 36.3504 001005000008011007 681.597 019005000008011007
4 681.597 019005000008011007 9.04357 010001001008005007
4 9.04357 010001001008005007 832776.7438916666 010005001008011007
4 832776.7438916666 010005001008011007 12867.7 010005001008008007
4 12867.7 010005001008008007 9.04357 010001001008005007
4 9.04357 010001001008005007 3227260.0 010005001010008007
4 3227260.0 010005001010008007 280201.0 010004001010008007
4 280201.0 010004001010008007 9.04357 010001001008005007
4 9.04357 010001001008005007 10387.3 010004001011010007
4 10387.3 010004001011010007 9.04357 010001001008005007
4 9.04357 010001001008005007 832776.7438916666 010005001008011007
4 832776.7438916666 010005001008011007 57.1863 010001001011011007
4 57.1863 010001001011011007 13275.1 003001001011011007
4 13275.1 003001001011011007 9.04357 010001001008005007
4 9.04357 010001001008005007 6310200.993466667 010001000011011007
4 6310200.993466667 010001000011011007 12741.2 010001000011004007
4 12741.2 010001000011004007 9.04357 010001001008005007
4 9.04357 010001001008005007 57.1863 010001001011011007
4 57.1863 010001001011011007 57.1863 010001001011011007
4 57.1863 010001001011011007 9.04357 010001001008005007
4 9.04357 010001001008005007 2851430.0 011005001009011007
4 2851430.0 011005001009011007 748223.0 011005000009011007
4 748223.0 011005000009011007 9.04357 010001001008005007
4 9.04357 010001001008005007 6310200.993466667 010001000011011007
4 6310200.993466667 010001000011011007 9.04357 010001001008005007
4 9.04357 010001001008005007 832776.7438916666 010005001008011007
4 832776.7438916666 010005001008011007 884878.0 016005000011011007
4 884878.0 016005000011011007 526.582 009005000011011007
4 526.582 009005000011011007 9.04357 010001001008005007
4 9.04357 010001001008005007 2956036.624266667 010001000011010007
4 2956036.624266667 010001000011010007 9.04357 010001001008005007
4 9.04357 010001001008005007 832776.7438916666 010005001008011007
4 832776.7438916666 010005001008011007 460750.0 010005001010010007
4 460750.0 010005001010010007 14494.4 010005001010003007
4 14494.4 010005001010003007 9.04357 010001001008005007
4 9.04357 010001001008005007 618150.0 010005000010010007
4 618150.0 010005000010010007 13996.1 010002000010010007
4 13996.1 010002000010010007 9.04357 010001001008005007
4 9.04357 010001001008005007 9.04357 010001001008005007
4 9.04357 010001001008005007 5202.48 010001001008005000
4 5202.48 010001001008005000 9.04357 010001001008005007
4 9.04357 010001001008005007 1032391.89378 010001001008010007
4 1032391.89378 010001001008010007 60.2104 010001001004010007
4 60.2104 010001001004010007 9.04357 010001001008005007
4 9.04357 010001001008005007 1247633.3 010005001010011007
4 1247633.3 010005001010011007 13575.6 010004001010011007
4 13575.6 010004001010011007 9.04357 010001001008005007
4 9.04357 010001001008005007 1630160.0 010001001009008007
4 1630160.0 010001001009008007 20547.5 010001001002008007
4 20547.5 010001001002008007 9.04357 010001001008005007
4 9.04357 010001001008005007 839235.729775 010001000008011007
4 839235.729775 010001000008011007 1670030.59 010006000008011007
4 1670030.59 010006000008011007 9.04357 010001001008005007
4 9.04357 010001001008005007 3419100.0 010001000011005007
4 3419100.0 010001000011005007 460486.85 010001001011005007
4 460486.85 010001001011005007 9.04357 010001001008005007
4 9.04357 010001001008005007 4475.87 010005000009005007
4 4475.87 010005000009005007 2213.16 010002000009005007
4 2213.16 010002000009005007 9.04357 010001001008005007
4 9.04357 010001001008005007 4144102.41 010001000011008007
4 4144102.41 010001000011008007 1222.34 001001000011008007
4 1222.34 001001000011008007 9.04357 010001001008005007
4 9.04357 010001001008005007 1460830.0 010001000008010007
4 1460830.0 010001000008010007 3063.31 009001000008010007
4 3063.31 009001000008010007 9.04357 010001001008005007
4 9.04357 010001001008005007 57.1863 010001001011011007
4 57.1863 010001001011011007 21025.1 010006001011011007
4 21025.1 010006001011011007 9.04357 010001001008005007
4 9.04357 010001001008005007 9.04357 010001001008005007
4 9.04357 010001001008005007 751711.0 010001002008005007
4 751711.0 010001002008005007 9.04357 010001001008005007
4 9.04357 010001001008005007 66.8306 010005001008010007
4 66.8306 010005001008010007 347.669 013005001008010007
4 347.669 013005001008010007 9.04357 010001001008005007
4 9.04357 010001001008005007 4964.63655 013005000008010007
4 4964.63655 013005000008010007 4964.63655 013005000008010007
4 4964.63655 013005000008010007 9.04357 010001001008005007
4 9.04357 010001001008005007 1461760.2625 010001001008011007
4 1461760.2625 010001001008011007 8307.89 010001001008011003
4 8307.89 010001001008011003 9.04357 010001001008005007
4 9.04357 010001001008005007 6310200.993466667 010001000011011007
4 6310200.993466667 010001000011011007 1133510.0 010004000011011007
4 1133510.0 010004000011011007 9.04357 010001001008005007
4 9.04357 010001001008005007 13422.8 010001001011010007
4 13422.8 010001001011010007 553064.0 004001001011010007
4 553064.0 004001001011010007 9.04357 010001001008005007
4 9.04357 010001001008005007 5897.43 011001001008011007
4 5897.43 011001001008011007 20464.0 011001002008011007
4 20464.0 011001002008011007 9.04357 010001001008005007
4 9.04357 010001001008005007 452439.0 011005001008010007
4 452439.0 011005001008010007 23758.8 011005001008010008
4 23758.8 011005001008010008 9.04357 010001001008005007
4 9.04357 010001001008005007 31093.6 010005001011011007
4 31093.6 010005001011011007 153.745 011005001011011007
4 153.745 011005001011011007 9.04357 010001001008005007
4 9.04357 010001001008005007 839235.729775 010001000008011007
4 839235.729775 010001000008011007 839235.729775 010001000008011007
4 839235.729775 010001000008011007 9.04357 010001001008005007
4 9.04357 010001001008005007 9.04357 010001001008005007
4 9.04357 010001001008005007 829707.0 010001001008006007
4 829707.0 010001001008006007 9.04357 010001001008005007
4 9.04357 010001001008005007 31093.6 010005001011011007
4 31093.6 010005001011011007 818185.0 009005001011011007
4 818185.0 009005001011011007 9.04357 010001001008005007
4 9.04357 010001001008005007 2673110.0 011001001011010007
4 2673110.0 011001001011010007 2010390.0 011001001011010004
4 2010390.0 011001001011010004 9.04357 010001001008005007
4 9.04357 010001001008005007 4459.67 013001001008010007
4 4459.67 013001001008010007 120.688 004001001008010007
4 120.688 004001001008010007 9.04357 010001001008005007
4 9.04357 010001001008005007 160763.81433333334 010005000008011007
4 160763.81433333334 010005000008011007 8544.2435 010005000008011002
4 8544.2435 010005000008011002 9.04357 010001001008005007
4 9.04357 010001001008005007 160763.81433333334 010005000008011007
4 160763.81433333334 010005000008011007 160763.81433333334 010005000008011007
4 160763.81433333334 010005000008011007 9.04357 010001001008005007
4 9.04357 010001001008005007 57.1863 010001001011011007
4 57.1863 010001001011011007 968.501 016001001011011007
4 968.501 016001001011011007 9.04357 010001001008005007
4 9.04357 010001001008005007 55.3699 010005000011011007
4 55.3699 010005000011011007 9.04357 010001001008005007
4 9.04357 010001001008005007 832776.7438916666 010005001008011007
4 832776.7438916666 010005001008011007 2801760.0 010005000008005007
4 2801760.0 010005000008005007 4475.87 010005000009005007
4 4475.87 010005000009005007 9.04357 010001001008005007
4 9.04357 010001001008005007 843545.0 010005001009011007
4 843545.0 010005001009011007 629308.0 010005001005011007
4 629308.0 010005001005011007 9.04357 010001001008005007
4 9.04357 010001001008005007 1032391.89378 010001001008010007
4 1032391.89378 010001001008010007 1032391.89378 010001001008010007
4 1032391.89378 010001001008010007 9.04357 010001001008005007
4 9.04357 010001001008005007 935378.0 011005001009010007
4 935378.0 011005001009010007 1205820.0 011005002009010007
4 1205820.0 011005002009010007 9.04357 010001001008005007
4 9.04357 010001001008005007 408288.035 010005001011010007
4 408288.035 010005001011010007 44.9711 010005001011005007
4 44.9711 010005001011005007 9.04357 010001001008005007
4 9.04357 010001001008005007 57.1863 010001001011011007
4 57.1863 010001001011011007 99.6051 010003001011011007
4 99.6051 010003001011011007 9.04357 010001001008005007
4 9.04357 010001001008005007 832776.7438916666 010005001008011007
4 832776.7438916666 010005001008011007 41480.5 010005001008011008
4 41480.5 010005001008011008 9.04357 010001001008005007
4 9.04357 010001001008005007 935378.0 011005001009010007
4 935378.0 011005001009010007 16612.0 011005001001010007
4 16612.0 011005001001010007 9.04357 010001001008005007
4 9.04357 010001001008005007 1460830.0 010001000008010007
4 1460830.0 010001000008010007 211.046 010001000008002007
4 211.046 010001000008002007 9.04357 010001001008005007
4 9.04357 010001001008005007 6915.63 010001001009002007
4 6915.63 010001001009002007 310.456 010000001009002007
4 310.456 010000001009002007 9.04357 010001001008005007
4 9.04357 010001001008005007 1032391.89378 010001001008010007
4 1032391.89378 010001001008010007 9.04357 010001001008005007
4 9.04357 010001001008005007 832776.7438916666 010005001008011007
4 832776.7438916666 010005001008011007 61.4997 011000001008010007
4 61.4997 011000001008010007 9.04357 010001001008005007
4 9.04357 010001001008005007 832776.7438916666 010005001008011007
4 832776.7438916666 010005001008011007 2956036.624266667 010001000011010007
4 2956036.624266667 010001000011010007 3607.26 010001000004010007
4 3607.26 010001000004010007 9.04357 010001001008005007
4 9.04357 010001001008005007 2399215.0 011005000008011007
4 2399215.0 011005000008011007 2399215.0 011005000008011007
4 2399215.0 011005000008011007 9.04357 010001001008005007
4 9.04357 010001001008005007 1596880.0 013005000008011007
4 1596880.0 013005000008011007 639191.0 013005000012011007
4 639191.0 013005000012011007 9.04357 010001001008005007
4 9.04357 010001001008005007 408288.035 010005001011010007
4 408288.035 010005001011010007 408288.035 010005001011010007
4 408288.035 010005001011010007 9.04357 010001001008005007
4 9.04357 010001001008005007 730574.66885 010005000011010007
4 730574.66885 010005000011010007 55.3699 010005000011011007
4 55.3699 010005000011011007 9.04357 010001001008005007
4 9.04357 010001001008005007 13422.8 010001001011010007
4 13422.8 010001001011010007 9.04357 010001001008005007
4 9.04357 010001001008005007 832776.7438916666 010005001008011007
4 832776.7438916666 010005001008011007 292424.97483333334 010005001008005007
4 292424.97483333334 010005001008005007 292424.97483333334 010005001008005007
4 292424.97483333334 010005001008005007 9.04357 010001001008005007
4 9.04357 010001001008005007 408288.035 010005001011010007
4 408288.035 010005001011010007 44.9711 010005001011005007
4 44.9711 010005001011005007 9.04357 010001001008005007
4 9.04357 010001001008005007 460486.85 010001001011005007
4 460486.85 010001001011005007 9.04357 010001001008005007
4 9.04357 010001001008005007 832776.7438916666 010005001008011007
4 832776.7438916666 010005001008011007 2801760.0 010005000008005007
4 2801760.0 010005000008005007 292424.97483333334 010005001008005007
4 292424.97483333334 010005001008005007 9.04357 010001001008005007
5 9.04357 010001001008005007 339998000.0 008006002002002003
5 339998000.0 008006002002002003 131932.0 008006002006002003
5 131932.0 008006002006002003 11862.1 006002000002006003
5 11862.1 006002000002006003 68382000.0 006006000001006009
5 68382000.0 006006000001006009 19067500.0 006001000001006009
5 19067500.0 006001000001006009 11862.1 006002000002006003
5 11862.1 006002000002006003 12413100.0 006003001001010003
5 12413100.0 006003001001010003 6702.18 006003001001011003
5 6702.18 006003001001011003 11862.1 006002000002006003
5 11862.1 006002000002006003 900151.0 000002002006011003
5 900151.0 000002002006011003 178292.0 000002000006011003
5 178292.0 000002000006011003 6702.18 006003001001011003
5 6702.18 006003001001011003 524188.0 000003002002006003
5 524188.0 000003002002006003 19093.6 006003002002006003
5 19093.6 006003002002006003 6702.18 006003001001011003
5 6702.18 006003001001011003 8945760000.0 008002000001002003
5 8945760000.0 008002000001002003 20239.4 008002002001002003
5 20239.4 008002002001002003 6702.18 006003001001011003
5 6702.18 006003001001011003 9754.53 008002002006002003
5 9754.53 008002002006002003 8200.5 008002002006000003
5 8200.5 008002002006000003 6702.18 006003001001011003
5 6702.18 006003001001011003 6930940.0 006001002006002003
5 6930940.0 006001002006002003 8952.13 006001000006002003
5 8952.13 006001000006002003 6702.18 006003001001011003
5 6702.18 006003001001011003 120261000.0 015003002002002003
5 120261000.0 015003002002002003 90049.1 015003002002000003
5 90049.1 015003002002000003 6702.18 006003001001011003
5 6702.18 006003001001011003 26737300.0 011003002006011003
5 26737300.0 011003002006011003 12635.3 011000002006011003
5 12635.3 011000002006011003 6702.18 006003001001011003
5 6702.18 006003001001011003 68194100.0 008003002006011002
5 68194100.0 008003002006011002 1935770.0 008000002006011002
5 1935770.0 008000002006011002 6702.18 006003001001011003
5 6702.18 006003001001011003 1578400.0 011002000001008003
5 1578400.0 011002000001008003 6702.18 006003001001011003
5 6702.18 006003001001011003 8200.5 008002002006000003
5 8200.5 008002002006000003 763.752 006002000002011003
5 763.752 006002000002011003 82.0496 006002000002011006
5 82.0496 006002000002011006 6702.18 006003001001011003
5 6702.18 006003001001011003 16117.7 008002001006002003
5 16117.7 008002001006002003 82.0496 006002000002011006
5 82.0496 006002000002011006 763.752 006002000002011003
5 763.752 006002000002011003 3330760.0 008002000002011006
5 3330760.0 008002000002011006 5502.78 001002000002011006
5 5502.78 001002000002011006 82.0496 006002000002011006
5 82.0496 006002000002011006 82.0496 006002000002011006
5 82.0496 006002000002011006 25388.9 006002000002003006
5 25388.9 006002000002003006 82.0496 006002000002011006
5 82.0496 006002000002011006 1728557.129 006002000002002006
5 1728557.129 006002000002002006 1728557.129 006002000002002006
5 1728557.129 006002000002002006 82.0496 006002000002011006
5 82.0496 006002000002011006 93.2108 006002000006011006
5 93.2108 006002000006011006 95.7664 006002000001011006
5 95.7664 006002000001011006 82.0496 006002000002011006
5 82.0496 006002000002011006 10114.5 008002000001002006
5 10114.5 008002000001002006 82.0496 006002000002011006
5 82.0496 006002000002011006 95.7664 006002000001011006
5 95.7664 006002000001011006 478836.075 006002002002011006
5 478836.075 006002002002011006 82.0496 006002000002011006
5 82.0496 006002000002011006 82.0496 006002000002011006
5 82.0496 006002000002011006 4542.3 008002001006011006
5 4542.3 008002001006011006 82.0496 006002000002011006
5 82.0496 006002000002011006 82.0496 006002000002011006
5 82.0496 006002000002011006 763.752 006002000002011003
5 763.752 006002000002011003 4055.51 006002000002011000
5 4055.51 006002000002011000 82.0496 006002000002011006
5 82.0496 006002000002011006 1557542.3764153847 006002001002011006
5 1557542.3764153847 006002001002011006 4161.79 006002001006011006
5 4161.79 006002001006011006 82.0496 006002000002011006
5 82.0496 006002000002011006 82.0496 006002000002011006
5 82.0496 006002000002011006 82.0496 006002000002011006
5 82.0496 006002000002011006 82.0496 006002000002011006
5 82.0496 006002000002011006 82.0496 006002000002011006
5 82.0496 006002000002011006 13293.0 006002000002007006
5 13293.0 006002000002007006 82.0496 006002000002011006
5 82.0496 006002000002011006 4161.79 006002001006011006
5 4161.79 006002001006011006 4542.3 008002001006011006
5 4542.3 008002001006011006 82.0496 006002000002011006
5 82.0496 006002000002011006 27259.3 008002000006011000
5 27259.3 008002000006011000 846.028 000002000006011000
5 846.028 000002000006011000 82.0496 006002000002011006
5 82.0496 006002000002011006 1557542.3764153847 006002001002011006
5 1557542.3764153847 006002001002011006 60034.8 006002001002007006
5 60034.8 006002001002007006 82.0496 006002000002011006
5 82.0496 006002000002011006 16572900.0 006002001002011000
5 16572900.0 006002001002011000 4055.51 006002000002011000
5 4055.51 006002000002011000 82.0496 006002000002011006
5 82.0496 006002000002011006 859904.0 001002001006011006
5 859904.0 001002001006011006 1535.26 001002001006009006
5 1535.26 001002001006009006 82.0496 006002000002011006
5 82.0496 006002000002011006 9535.97 006002001002011003
5 9535.97 006002001002011003 1958144.7711777778 006002001002011009
5 1958144.7711777778 006002001002011009 82.0496 006002000002011006
5 82.0496 006002000002011006 33287.2 006002000006011009
5 33287.2 006002000006011009 7772000.0 006002000006003009
5 7772000.0 006002000006003009 1958144.7711777778 006002001002011009
5 1958144.7711777778 006002001002011009 316733.0 000002001001011006
5 316733.0 000002001001011006 1568.54 000002001001011000
5 1568.54 000002001001011000 1958144.7711777778 006002001002011009
5 1958144.7711777778 006002001002011009 4055.51 006002000002011000
5 4055.51 006002000002011000 2126720.0 006004000002011000
5 2126720.0 006004000002011000 1958144.7711777778 006002001002011009
5 1958144.7711777778 006002001002011009 4055.51 006002000002011000
5 4055.51 006002000002011000 6451190.0 006002000009011000
5 6451190.0 006002000009011000 1958144.7711777778 006002001002011009
5 1958144.7711777778 006002001002011009 93.2108 006002000006011006
5 93.2108 006002000006011006 910541.8673846154 006002000012011006
5 910541.8673846154 006002000012011006 1958144.7711777778 006002001002011009
5 1958144.7711777778 006002001002011009 93.2108 006002000006011006
5 93.2108 006002000006011006 141.3288 006001000006011006
5 141.3288 006001000006011006 1958144.7711777778 006002001002011009
5 1958144.7711777778 006002001002011009 33287.2 006002000006011009
5 33287.2 006002000006011009 33287.2 006002000006011009
5 33287.2 006002000006011009 1958144.7711777778 006002001002011009
5 1958144.7711777778 006002001002011009 1678250.0 000002000006011006
5 1678250.0 000002000006011006 1034558.5998 002002000006011006
5 1034558.5998 002002000006011006 1958144.7711777778 006002001002011009
5 1958144.7711777778 006002001002011009 82.0496 006002000002011006
5 82.0496 006002000002011006 1958144.7711777778 006002001002011009
5 1958144.7711777778 006002001002011009 1034558.5998 002002000006011006
5 1034558.5998 002002000006011006 4161.79 006002001006011006
5 4161.79 006002001006011006 505.063 006002001003011006
5 505.063 006002001003011006 1958144.7711777778 006002001002011009
5 1958144.7711777778 006002001002011009 1034558.5998 002002000006011006
5 1034558.5998 002002000006011006 2041720.0 002002000006011001
5 2041720.0 002002000006011001 1958144.7711777778 006002001002011009
5 1958144.7711777778 006002001002011009 93.2108 006002000006011006
5 93.2108 006002000006011006 4161.79 006002001006011006
5 4161.79 006002001006011006 1958144.7711777778 006002001002011009
5 1958144.7711777778 006002001002011009 93.2108 006002000006011006
5 93.2108 006002000006011006 93.2108 006002000006011006
5 93.2108 006002000006011006 1958144.7711777778 006002001002011009
5 1958144.7711777778 006002001002011009 93.2108 006002000006011006
5 93.2108 006002000006011006 111.149 006002000009011006
5 111.149 006002000009011006 1958144.7711777778 006002001002011009
5 1958144.7711777778 006002001002011009 17376.1 006002001001011006
5 17376.1 006002001001011006 23804.3 006002001001011003
5 23804.3 006002001001011003 1958144.7711777778 006002001002011009
5 1958144.7711777778 006002001002011009 82.0496 006002000002011006
5 82.0496 006002000002011006 1958144.7711777778 006002001002011009
5 1958144.7711777778 006002001002011009 1034558.5998 002002000006011006
5 1034558.5998 002002000006011006 789436.0 006002001001011009
5 789436.0 006002001001011009 8745.22 006002001009011009
5 8745.22 006002001009011009 1958144.7711777778 006002001002011009
5 1958144.7711777778 006002001002011009 910541.8673846154 006002000012011006
5 910541.8673846154 006002000012011006 11120.7 004002000012011006
5 11120.7 004002000012011006 1958144.7711777778 006002001002011009
5 1958144.7711777778 006002001002011009 910541.8673846154 006002000012011006
5 910541.8673846154 006002000012011006 24220.7 006002000012011004
5 24220.7 006002000012011004 1958144.7711777778 006002001002011009
5 1958144.7711777778 006002001002011009 82.0496 006002000002011006
5 82.0496 006002000002011006 1185216.8133333332 006005000002011006
5 1185216.8133333332 006005000002011006 1958144.7711777778 006002001002011009
5 1958144.7711777778 006002001002011009 82.0496 006002000002011006
5 82.0496 006002000002011006 4055.51 006002000002011000
5 4055.51 006002000002011000 1958144.7711777778 006002001002011009
5 1958144.7711777778 006002001002011009 82.0496 006002000002011006
5 82.0496 006002000002011006 47.1285 006002000002011004
5 47.1285 006002000002011004 1958144.7711777778 006002001002011009
5 1958144.7711777778 006002001002011009 82.0496 006002000002011006
5 82.0496 006002000002011006 2872.98 018002000002011006
5 2872.98 018002000002011006 47.1285 006002000002011004
5 47.1285 006002000002011004 7815530.0 006002000002011009
5 7815530.0 006002000002011009 74.6257 006002000002011002
5 74.6257 006002000002011002 47.1285 006002000002011004
5 47.1285 006002000002011004 7815530.0 006002000002011009
5 7815530.0 006002000002011009 1266.94 006002000002010009
5 1266.94 006002000002010009 47.1285 006002000002011004
5 47.1285 006002000002011004 3040500.0 006002001002011004
5 3040500.0 006002001002011004 12794.6 006000001002011004
5 12794.6 006000001002011004 47.1285 006002000002011004
5 47.1285 006002000002011004 27616838.89 002002000002011009
5 27616838.89 002002000002011009 102.607 002002000012011009
5 102.607 002002000012011009 47.1285 006002000002011004
5 47.1285 006002000002011004 82.0496 006002000002011006
5 82.0496 006002000002011006 82.0496 006002000002011006
5 82.0496 006002000002011006 47.1285 006002000002011004
5 47.1285 006002000002011004 82.0496 006002000002011006
5 82.0496 006002000002011006 605534.0 004002000002011006
5 605534.0 004002000002011006 47.1285 006002000002011004
5 47.1285 006002000002011004 82.0496 006002000002011006
5 82.0496 006002000002011006 47.1285 006002000002011004
5 47.1285 006002000002011004 1958144.7711777778 006002001002011009
5 1958144.7711777778 006002001002011009 7815530.0 006002000002011009
5 7815530.0 006002000002011009 19703.2 006002002002011009
5 19703.2 006002002002011009 47.1285 006002000002011004
5 47.1285 006002000002011004 4161.79 006002001006011006
5 4161.79 006002001006011006 6145.2 006002001006011000
5 6145.2 006002001006011000 47.1285 006002000002011004
5 47.1285 006002000002011004 82.0496 006002000002011006
5 82.0496 006002000002011006 47.1285 006002000002011004
5 47.1285 006002000002011004 1958144.7711777778 006002001002011009
5 1958144.7711777778 006002001002011009 82.0496 006002000002011006
5 82.0496 006002000002011006 82.0496 006002000002011006
5 82.0496 006002000002011006 47.1285 006002000002011004
5 47.1285 006002000002011004 82.0496 006002000002011006
5 82.0496 006002000002011006 320869.13 006001000002011006
5 320869.13 006001000002011006 47.1285 006002000002011004
5 47.1285 006002000002011004 20393444.039333332 006002000012011009
5 20393444.039333332 006002000012011009 52.4095 006005000012011009
5 52.4095 006005000012011009 47.1285 006002000002011004
5 47.1285 006002000002011004 7815530.0 006002000002011009
5 7815530.0 006002000002011009 7815530.0 006002000002011009
5 7815530.0 006002000002011009 47.1285 006002000002011004
5 47.1285 006002000002011004 33287.2 006002000006011009
5 33287.2 006002000006011009 47.1285 006002000002011004
5 47.1285 006002000002011004 1958144.7711777778 006002001002011009
5 1958144.7711777778 006002001002011009 47.1285 006002000002011004
5 47.1285 006002000002011004 47.1285 006002000002011004
5 47.1285 006002000002011004 47.1285 006002000002011004
5 47.1285 006002000002011004 82.0496 006002000002011006
5 82.0496 006002000002011006 478836.075 006002002002011006
5 478836.075 006002002002011006 47.1285 006002000002011004
5 47.1285 006002000002011004 15971.0 006005002002011009
5 15971.0 006005002002011009 655.165 006005002009011009
5 655.165 006005002009011009 47.1285 006002000002011004
5 47.1285 006002000002011004 1185216.8133333332 006005000002011006
5 1185216.8133333332 006005000002011006 261656.0 006005000002011002
5 261656.0 006005000002011002 47.1285 006002000002011004
5 47.1285 006002000002011004 910541.8673846154 006002000012011006
5 910541.8673846154 006002000012011006 602945.0 006002000012011001
5 602945.0 006002000012011001 47.1285 006002000002011004
5 47.1285 006002000002011004 82.0496 006002000002011006
5 82.0496 006002000002011006 47.1285 006002000002011004
5 47.1285 006002000002011004 1958144.7711777778 006002001002011009
5 1958144.7711777778 006002001002011009 20393444.039333332 006002000012011009
5 20393444.039333332 006002000012011009 24220.7 006002000012011004
5 24220.7 006002000012011004 82.0496 006002000002011006
5 82.0496 006002000002011006 82.0496 006002000002011006
5 82.0496 006002000002011006 1557542.3764153847 006002001002011006
5 1557542.3764153847 006002001002011006 82.0496 006002000002011006
5 82.0496 006002000002011006 7815530.0 006002000002011009
5 7815530.0 006002000002011009 763.752 006002000002011003
5 763.752 006002000002011003 82.0496 006002000002011006
5 82.0496 006002000002011006 1557542.3764153847 006002001002011006
5 1557542.3764153847 006002001002011006 505.063 006002001003011006
5 505.063 006002001003011006 82.0496 006002000002011006
5 82.0496 006002000002011006 93.2108 006002000006011006
5 93.2108 006002000006011006 796166.85 006002002006011006
5 796166.85 006002002006011006 82.0496 006002000002011006
5 82.0496 006002000002011006 796166.85 006002002006011006
5 796166.85 006002002006011006 82.0496 006002000002011006
5 82.0496 006002000002011006 47.1285 006002000002011004
5 47.1285 006002000002011004 82.0496 006002000002011006
5 82.0496 006002000002011006 83.2025 006002000002008006
5 83.2025 006002000002008006 82.0496 006002000002011006
5 82.0496 006002000002011006 910541.8673846154 006002000012011006
5 910541.8673846154 006002000012011006 602945.0 006002000012011001
5 602945.0 006002000012011001 82.0496 006002000002011006
5 82.0496 006002000002011006 1557542.3764153847 006002001002011006
5 1557542.3764153847 006002001002011006 1554850.0 009002001002011006
5 1554850.0 009002001002011006 82.0496 006002000002011006
5 82.0496 006002000002011006 910541.8673846154 006002000012011006
5 910541.8673846154 006002000012011006 125.581 017002000012011006
5 125.581 017002000012011006 82.0496 006002000002011006
5 82.0496 006002000002011006 93.2108 006002000006011006
5 93.2108 006002000006011006 10049.3 006002000006011001
5 10049.3 006002000006011001 82.0496 006002000002011006
5 82.0496 006002000002011006 93.2108 006002000006011006
5 93.2108 006002000006011006 7559.55 006002000006003006
5 7559.55 006002000006003006 82.0496 006002000002011006
5 82.0496 006002000002011006 1958144.7711777778 006002001002011009
5 1958144.7711777778 006002001002011009 6207.38 006004001002011009
5 6207.38 006004001002011009 82.0496 006002000002011006
5 82.0496 006002000002011006 910541.8673846154 006002000012011006
5 910541.8673846154 006002000012011006 24220.7 006002000012011004
5 24220.7 006002000012011004 82.0496 006002000002011006
5 82.0496 006002000002011006 44.7621 002002000002011004
5 44.7621 002002000002011004 58.4143 009002000002011004
5 58.4143 009002000002011004 82.0496 006002000002011006
5 82.0496 006002000002011006 3151480.0 009002000006011006
5 3151480.0 009002000006011006 2403090.0 009002000006002006
5 2403090.0 009002000006002006 82.0496 006002000002011006
5 82.0496 006002000002011006 27909.4 006002000006011004
5 27909.4 006002000006011004 10398.1 006002000011011004
5 10398.1 006002000011011004 82.0496 006002000002011006
5 82.0496 006002000002011006 82.0496 006002000002011006
5 82.0496 006002000002011006 82.0496 006002000002011006
5 82.0496 006002000002011006 47.1285 006002000002011004
5 47.1285 006002000002011004 24220.7 006002000012011004
5 24220.7 006002000012011004 14363.7 006002000005011004
5 14363.7 006002000005011004 82.0496 006002000002011006
5 82.0496 006002000002011006 7815530.0 006002000002011009
5 7815530.0 006002000002011009 1293.8905 006001000002011009
5 1293.8905 006001000002011009 82.0496 006002000002011006
5 82.0496 006002000002011006 82.0496 006002000002011006
5 82.0496 006002000002011006 320869.13 006001000002011006
5 320869.13 006001000002011006 82.0496 006002000002011006
5 82.0496 006002000002011006 4161.79 006002001006011006
5 4161.79 006002001006011006 5856.95 006000001006011006
5 5856.95 006000001006011006 82.0496 006002000002011006
5 82.0496 006002000002011006 4161.79 006002001006011006
5 4161.79 006002001006011006 4161.79 006002001006011006
5 4161.79 006002001006011006 82.0496 006002000002011006
5 82.0496 006002000002011006 910541.8673846154 006002000012011006
5 910541.8673846154 006002000012011006 82.0496 006002000002011006
5 82.0496 006002000002011006 47.1285 006002000002011004
5 47.1285 006002000002011004 910541.8673846154 006002000012011006
5 910541.8673846154 006002000012011006 82.0496 006002000002011006
5 82.0496 006002000002011006 47.1285 006002000002011004
5 47.1285 006002000002011004 82.0496 006002000002011006
5 82.0496 006002000002011006 82.0496 006002000002011006
5 82.0496 006002000002011006 47.1285 006002000002011004
5 47.1285 006002000002011004 82.0496 006002000002011006
5 82.0496 006002000002011006 82.0496 006002000002011006
5 82.0496 006002000002011006 47.1285 006002000002011004
5 47.1285 006002000002011004 82.0496 006002000002011006
5 82.0496 006002000002011006 82.0496 006002000002011006
5 82.0496 006002000002011006 47.1285 006002000002011004
5 47.1285 006002000002011004 82.0496 006002000002011006
5 82.0496 006002000002011006 82.0496 006002000002011006
5 82.0496 006002000002011006 47.1285 006002000002011004
5 47.1285 006002000002011004 82.0496 006002000002011006
5 82.0496 006002000002011006 579552.0 019002000002011006
5 579552.0 019002000002011006 82.0496 006002000002011006
5 82.0496 006002000002011006 82.0496 006002000002011006
5 82.0496 006002000002011006 34.5841 006002000002010006
5 34.5841 006002000002010006 82.0496 006002000002011006
5 82.0496 006002000002011006 1958144.7711777778 006002001002011009
5 1958144.7711777778 006002001002011009 5858.11 006002001007011009
5 5858.11 006002001007011009 82.0496 006002000002011006
5 82.0496 006002000002011006 47.1285 006002000002011004
5 47.1285 006002000002011004 181293.265 006000000002011004
5 181293.265 006000000002011004 82.0496 006002000002011006
5 82.0496 006002000002011006 910541.8673846154 006002000012011006
5 910541.8673846154 006002000012011006 24220.7 006002000012011004
5 24220.7 006002000012011004 82.0496 006002000002011006
5 82.0496 006002000002011006 93.2108 006002000006011006
5 93.2108 006002000006011006 27909.4 006002000006011004
5 27909.4 006002000006011004 82.0496 006002000002011006
5 82.0496 006002000002011006 47.1285 006002000002011004
5 47.1285 006002000002011004 3781.64 006002000002004004
5 3781.64 006002000002004004 82.0496 006002000002011006
5 82.0496 006002000002011006 3781.64 006002000002004004
5 3781.64 006002000002004004 658995.0 004002000002004004
5 658995.0 004002000002004004 82.0496 006002000002011006
5 82.0496 006002000002011006 47.1285 006002000002011004
5 47.1285 006002000002011004 10398.1 006002000011011004
5 10398.1 006002000011011004 82.0496 006002000002011006
5 82.0496 006002000002011006 4161.79 006002001006011006
5 4161.79 006002001006011006 908961.0 006002001006011007
5 908961.0 006002001006011007 82.0496 006002000002011006
5 82.0496 006002000002011006 1557542.3764153847 006002001002011006
5 1557542.3764153847 006002001002011006 82.0496 006002000002011006
5 82.0496 006002000002011006 47.1285 006002000002011004
5 47.1285 006002000002011004 1557542.3764153847 006002001002011006
5 1557542.3764153847 006002001002011006 15527.3 006000001002011006
5 15527.3 006000001002011006 82.0496 006002000002011006
5 82.0496 006002000002011006 82.0496 006002000002011006
5 82.0496 006002000002011006 34.5841 006002000002010006
5 34.5841 006002000002010006 82.0496 006002000002011006
5 82.0496 006002000002011006 82.0496 006002000002011006
5 82.0496 006002000002011006 83.2025 006002000002008006
5 83.2025 006002000002008006 34.5841 006002000002010006
5 34.5841 006002000002010006 3040500.0 006002001002011004
5 3040500.0 006002001002011004 12406.3 006004001002011004
5 12406.3 006004001002011004 34.5841 006002000002010006
5 34.5841 006002000002010006 1557542.3764153847 006002001002011006
5 1557542.3764153847 006002001002011006 3788700.0 006001001002011006
5 3788700.0 006001001002011006 34.5841 006002000002010006
5 34.5841 006002000002010006 7815530.0 006002000002011009
5 7815530.0 006002000002011009 91.5633 003002000002011009
5 91.5633 003002000002011009 34.5841 006002000002010006
5 34.5841 006002000002010006 82.0496 006002000002011006
5 82.0496 006002000002011006 763.752 006002000002011003
5 763.752 006002000002011003 34.5841 006002000002010006
5 34.5841 006002000002010006 763.752 006002000002011003
5 763.752 006002000002011003 3496151.0482 006002000002011008
5 3496151.0482 006002000002011008 34.5841 006002000002010006
5 34.5841 006002000002010006 7815530.0 006002000002011009
5 7815530.0 006002000002011009 28.622 006002000002011005
5 28.622 006002000002011005 34.5841 006002000002010006
5 34.5841 006002000002010006 7815530.0 006002000002011009
5 7815530.0 006002000002011009 34.5841 006002000002010006
5 34.5841 006002000002010006 82.0496 006002000002011006
5 82.0496 006002000002011006 3496151.0482 006002000002011008
5 3496151.0482 006002000002011008 5441200.0 006002001002011008
5 5441200.0 006002001002011008 34.5841 006002000002010006
5 34.5841 006002000002010006 20393444.039333332 006002000012011009
5 20393444.039333332 006002000012011009 16835800.0 006002000010011009
5 16835800.0 006002000010011009 34.5841 006002000002010006
5 34.5841 006002000002010006 47.1285 006002000002011004
5 47.1285 006002000002011004 82.0496 006002000002011006
5 82.0496 006002000002011006 34.5841 006002000002010006
5 34.5841 006002000002010006 7815530.0 006002000002011009
5 7815530.0 006002000002011009 82.0496 006002000002011006
5 82.0496 006002000002011006 34.5841 006002000002010006
5 34.5841 006002000002010006 47.1285 006002000002011004
5 47.1285 006002000002011004 181293.265 006000000002011004
5 181293.265 006000000002011004 34.5841 006002000002010006
5 34.5841 006002000002010006 82.0496 006002000002011006
5 82.0496 006002000002011006 1309552.7549833334 003002000002011006
5 1309552.7549833334 003002000002011006 34.5841 006002000002010006
5 34.5841 006002000002010006 82.0496 006002000002011006
5 82.0496 006002000002011006 1728557.129 006002000002002006
5 1728557.129 006002000002002006 34.5841 006002000002010006
5 34.5841 006002000002010006 1728557.129 006002000002002006
5 1728557.129 006002000002002006 1095.34 006004000002002006
5 1095.34 006004000002002006 34.5841 006002000002010006
5 34.5841 006002000002010006 14375.2 006002000006002006
5 14375.2 006002000006002006 7981.01 006002000010002006
5 7981.01 006002000010002006 34.5841 006002000002010006
5 34.5841 006002000002010006 82.0496 006002000002011006
5 82.0496 006002000002011006 83.2025 006002000002008006
5 83.2025 006002000002008006 34.5841 006002000002010006
5 34.5841 006002000002010006 47.1285 006002000002011004
5 47.1285 006002000002011004 74.6257 006002000002011002
5 74.6257 006002000002011002 34.5841 006002000002010006
5 34.5841 006002000002010006 82.0496 006002000002011006
5 82.0496 006002000002011006 95.3996 006004000002011006
5 95.3996 006004000002011006 34.5841 006002000002010006
5 34.5841 006002000002010006 7815530.0 006002000002011009
5 7815530.0 006002000002011009 1266.94 006002000002010009
5 1266.94 006002000002010009 34.5841 006002000002010006
5 34.5841 006002000002010006 24220.7 006002000012011004
5 24220.7 006002000012011004 49.7022 006002000007011004
5 49.7022 006002000007011004 34.5841 006002000002010006
5 34.5841 006002000002010006 82.0496 006002000002011006
5 82.0496 006002000002011006 34.5841 006002000002010006
5 34.5841 006002000002010006 82.0496 006002000002011006
5 82.0496 006002000002011006 448036.0 002002000002011006
5 448036.0 002002000002011006 44.7621 002002000002011004
5 44.7621 002002000002011004 34.5841 006002000002010006
5 34.5841 006002000002010006 448036.0 002002000002011006
5 448036.0 002002000002011006 200091.0 002002000002011001
5 200091.0 002002000002011001 34.5841 006002000002010006
5 34.5841 006002000002010006 7815530.0 006002000002011009
5 7815530.0 006002000002011009 1958144.7711777778 006002001002011009
5 1958144.7711777778 006002001002011009 34.5841 006002000002010006
5 34.5841 006002000002010006 1309552.7549833334 003002000002011006
5 1309552.7549833334 003002000002011006 533537.0 003002000002011002
5 533537.0 003002000002011002 34.5841 006002000002010006
5 34.5841 006002000002010006 910541.8673846154 006002000012011006
5 910541.8673846154 006002000012011006 129.714 016002000012011006
5 129.714 016002000012011006 34.5841 006002000002010006
5 34.5841 006002000002010006 7815530.0 006002000002011009
5 7815530.0 006002000002011009 14886.2 013002000002011009
5 14886.2 013002000002011009 34.5841 006002000002010006
5 34.5841 006002000002010006 7815530.0 006002000002011009
5 7815530.0 006002000002011009 1293.8905 006001000002011009
5 1293.8905 006001000002011009 34.5841 006002000002010006
5 34.5841 006002000002010006 82.0496 006002000002011006
5 82.0496 006002000002011006 763.752 006002000002011003
5 763.752 006002000002011003 34.5841 006002000002010006
5 34.5841 006002000002010006 82.0496 006002000002011006
5 82.0496 006002000002011006 11575.9 011002000002011006
5 11575.9 011002000002011006 34.5841 006002000002010006
5 34.5841 006002000002010006 910541.8673846154 006002000012011006
5 910541.8673846154 006002000012011006 11561.0 007002000012011006
5 11561.0 007002000012011006 34.5841 006002000002010006
5 34.5841 006002000002010006 393727.0 002002000012010006
5 393727.0 002002000012010006 16249.6 002003000012010006
5 16249.6 002003000012010006 34.5841 006002000002010006
5 34.5841 006002000002010006 1309552.7549833334 003002000002011006
5 1309552.7549833334 003002000002011006 631834.0 003002001002011006
5 631834.0 003002001002011006 34.5841 006002000002010006
5 34.5841 006002000002010006 82.0496 006002000002011006
5 82.0496 006002000002011006 342295.8393 006000000002011006
5 342295.8393 006000000002011006 34.5841 006002000002010006
5 34.5841 006002000002010006 82.0496 006002000002011006
5 82.0496 006002000002011006 478836.075 006002002002011006
5 478836.075 006002002002011006 34.5841 006002000002010006
5 34.5841 006002000002010006 93.2108 006002000006011006
5 93.2108 006002000006011006 82.0496 006002000002011006
5 82.0496 006002000002011006 34.5841 006002000002010006
5 34.5841 006002000002010006 1309552.7549833334 003002000002011006
5 1309552.7549833334 003002000002011006 7595.27 003002000008011006
5 7595.27 003002000008011006 34.5841 006002000002010006
5 34.5841 006002000002010006 47.1285 006002000002011004
5 47.1285 006002000002011004 47.1285 006002000002011004
5 47.1285 006002000002011004 34.5841 006002000002010006
5 34.5841 006002000002010006 82.0496 006002000002011006
5 82.0496 006002000002011006 20889.5 006006000002011006
5 20889.5 006006000002011006 34.5841 006002000002010006
5 34.5841 006002000002010006 448036.0 002002000002011006
5 448036.0 002002000002011006 44.7621 002002000002011004
5 44.7621 002002000002011004 34.5841 006002000002010006
5 34.5841 006002000002010006 7815530.0 006002000002011009
5 7815530.0 006002000002011009 34.5841 006002000002010006
5 34.5841 006002000002010006 82.0496 006002000002011006
5 82.0496 006002000002011006 7815530.0 006002000002011009
5 7815530.0 006002000002011009 1958144.7711777778 006002001002011009
5 1958144.7711777778 006002001002011009 34.5841 006002000002010006
5 34.5841 006002000002010006 82.0496 006002000002011006
5 82.0496 006002000002011006 763.752 006002000002011003
5 763.752 006002000002011003 34.5841 006002000002010006
5 34.5841 006002000002010006 82.0496 006002000002011006
5 82.0496 006002000002011006 93.2108 006002000006011006
5 93.2108 006002000006011006 34.5841 006002000002010006
5 34.5841 006002000002010006 33287.2 006002000006011009
5 33287.2 006002000006011009 3379.1 006002000006011008
5 3379.1 006002000006011008 34.5841 006002000002010006
5 34.5841 006002000002010006 448036.0 002002000002011006
5 448036.0 002002000002011006 3850580.0 002002000002004006
5 3850580.0 002002000002004006 34.5841 006002000002010006
5 34.5841 006002000002010006 82.0496 006002000002011006
5 82.0496 006002000002011006 13057.3 006002000000011006
5 13057.3 006002000000011006 34.5841 006002000002010006
5 34.5841 006002000002010006 1309552.7549833334 003002000002011006
5 1309552.7549833334 003002000002011006 82.0496 006002000002011006
5 82.0496 006002000002011006 34.5841 006002000002010006
5 34.5841 006002000002010006 1309552.7549833334 003002000002011006
5 1309552.7549833334 003002000002011006 448036.0 002002000002011006
5 448036.0 002002000002011006 34.5841 006002000002010006
5 34.5841 006002000002010006 82.0496 006002000002011006
5 82.0496 006002000002011006 28.622 006002000002011005
5 28.622 006002000002011005 34.5841 006002000002010006
5 34.5841 006002000002010006 910541.8673846154 006002000012011006
5 910541.8673846154 006002000012011006 659202.0 006002000012011007
5 659202.0 006002000012011007 34.5841 006002000002010006
5 34.5841 006002000002010006 34.5841 006002000002010006
5 34.5841 006002000002010006 1341782.9907 006002000002009006
5 1341782.9907 006002000002009006 34.5841 006002000002010006
5 34.5841 006002000002010006 1341782.9907 006002000002009006
5 1341782.9907 006002000002009006 749960.0 006000000002009006
5 749960.0 006000000002009006 34.5841 006002000002010006
5 34.5841 006002000002010006 342295.8393 006000000002011006
5 342295.8393 006000000002011006 342295.8393 006000000002011006
5 342295.8393 006000000002011006 34.5841 006002000002010006
5 34.5841 006002000002010006 7815530.0 006002000002011009
5 7815530.0 006002000002011009 2076.43 006002000001011009
5 2076.43 006002000001011009 34.5841 006002000002010006
5 34.5841 006002000002010006 93.2108 006002000006011006
5 93.2108 006002000006011006 95.7664 006002000001011006
5 95.7664 006002000001011006 34.5841 006002000002010006
5 34.5841 006002000002010006 82.0496 006002000002011006
5 82.0496 006002000002011006 1557542.3764153847 006002001002011006
5 1557542.3764153847 006002001002011006 95.7664 006002000001011006
5 95.7664 006002000001011006 34.5841 006002000002010006
5 34.5841 006002000002010006 8462.38 006002000002010004
5 8462.38 006002000002010004 95.7664 006002000001011006
5 95.7664 006002000001011006 3040500.0 006002001002011004
5 3040500.0 006002001002011004 241686.0 006002001006011004
5 241686.0 006002001006011004 95.7664 006002000001011006
5 95.7664 006002000001011006 82.0496 006002000002011006
5 82.0496 006002000002011006 95.7664 006002000001011006
5 95.7664 006002000001011006 34.5841 006002000002010006
5 34.5841 006002000002010006 82.0496 006002000002011006
5 82.0496 006002000002011006 1995950.0 006002000005011006
5 1995950.0 006002000005011006 95.7664 006002000001011006
5 95.7664 006002000001011006 93.2108 006002000006011006
5 93.2108 006002000006011006 70275.5 006006000006011006
5 70275.5 006006000006011006 95.7664 006002000001011006
5 95.7664 006002000001011006 82.0496 006002000002011006
5 82.0496 006002000002011006 47.1285 006002000002011004
5 47.1285 006002000002011004 95.7664 006002000001011006
5 95.7664 006002000001011006 82.0496 006002000002011006
5 82.0496 006002000002011006 3247.52 006002000002001006
5 3247.52 006002000002001006 95.7664 006002000001011006
5 95.7664 006002000001011006 1266.94 006002000002010009
5 1266.94 006002000002010009 5339590.0 006002000004010009
5 5339590.0 006002000004010009 95.7664 006002000001011006
5 95.7664 006002000001011006 1266.94 006002000002010009
5 1266.94 006002000002010009 8462.38 006002000002010004
5 8462.38 006002000002010004 95.7664 006002000001011006
5 95.7664 006002000001011006 1958144.7711777778 006002001002011009
5 1958144.7711777778 006002001002011009 13426.2 012002001002011009
5 13426.2 012002001002011009 95.7664 006002000001011006
5 95.7664 006002000001011006 82.0496 006002000002011006
5 82.0496 006002000002011006 34.5841 006002000002010006
5 34.5841 006002000002010006 95.7664 006002000001011006
5 95.7664 006002000001011006 1034558.5998 002002000006011006
5 1034558.5998 002002000006011006 609768.0 002002000000011006
5 609768.0 002002000000011006 95.7664 006002000001011006
5 95.7664 006002000001011006 93.2108 006002000006011006
5 93.2108 006002000006011006 3379.1 006002000006011008
5 3379.1 006002000006011008 95.7664 006002000001011006
5 95.7664 006002000001011006 34.5841 006002000002010006
5 34.5841 006002000002010006 3247.52 006002000002001006
5 3247.52 006002000002001006 95.7664 006002000001011006
5 95.7664 006002000001011006 82.0496 006002000002011006
5 82.0496 006002000002011006 95.7664 006002000001011006
5 95.7664 006002000001011006 34.5841 006002000002010006
5 34.5841 006002000002010006 82.0496 006002000002011006
5 82.0496 006002000002011006 82.0496 006002000002011006
5 82.0496 006002000002011006 95.7664 006002000001011006
5 95.7664 006002000001011006 82.0496 006002000002011006
5 82.0496 006002000002011006 1016.74 006002000011011006
5 1016.74 006002000011011006 95.7664 006002000001011006
5 95.7664 006002000001011006 82.0496 006002000002011006
5 82.0496 006002000002011006 478836.075 006002002002011006
5 478836.075 006002002002011006 95.7664 006002000001011006
5 95.7664 006002000001011006 4209010.0 006002000006011005
5 4209010.0 006002000006011005 914406.0 006002000006005005
5 914406.0 006002000006005005 95.7664 006002000001011006
5 95.7664 006002000001011006 1641.04 006002000002010005
5 1641.04 006002000002010005 194.065 017002000002010005
5 194.065 017002000002010005 95.7664 006002000001011006
5 95.7664 006002000001011006 2076.43 006002000001011009
5 2076.43 006002000001011009 2032.63 006001000001011009
5 2032.63 006001000001011009 95.7664 006002000001011006
5 95.7664 006002000001011006 20.7768 006002001006011009
5 20.7768 006002001006011009 95.7664 006002000001011006
5 95.7664 006002000001011006 34.5841 006002000002010006
5 34.5841 006002000002010006 3293240.0 006002001001011004
5 3293240.0 006002001001011004 2897090.0 004002001001011004
5 2897090.0 004002001001011004 95.7664 006002000001011006
5 95.7664 006002000001011006 47.1285 006002000002011004
5 47.1285 006002000002011004 6849.92 006002002002011004
5 6849.92 006002002002011004 95.7664 006002000001011006
5 95.7664 006002000001011006 93.2108 006002000006011006
5 93.2108 006002000006011006 95.7664 006002000001011006
5 95.7664 006002000001011006 34.5841 006002000002010006
5 34.5841 006002000002010006 7815530.0 006002000002011009
5 7815530.0 006002000002011009 2076.43 006002000001011009
5 2076.43 006002000001011009 95.7664 006002000001011006
5 95.7664 006002000001011006 2108.96 002002000001011009
5 2108.96 002002000001011009 95.7664 006002000001011006
5 95.7664 006002000001011006 34.5841 006002000002010006
5 34.5841 006002000002010006 1266.94 006002000002010009
5 1266.94 006002000002010009 815.221 006001000002010009
5 815.221 006001000002010009 95.7664 006002000001011006
5 95.7664 006002000001011006 125.592 006001001006011006
5 125.592 006001001006011006 405631.0 015001001006011006
5 405631.0 015001001006011006 95.7664 006002000001011006
5 95.7664 006002000001011006 93.2108 006002000006011006
5 93.2108 006002000006011006 10049.3 006002000006011001
5 10049.3 006002000006011001 95.7664 006002000001011006
5 95.7664 006002000001011006 93.2108 006002000006011006
5 93.2108 006002000006011006 141.3288 006001000006011006
5 141.3288 006001000006011006 95.7664 006002000001011006
5 95.7664 006002000001011006 93.2108 006002000006011006
5 93.2108 006002000006011006 415862.0 006002000006012006
5 415862.0 006002000006012006 95.7664 006002000001011006
5 95.7664 006002000001011006 1557542.3764153847 006002001002011006
5 1557542.3764153847 006002001002011006 26422.2 006002001002008006
5 26422.2 006002001002008006 95.7664 006002000001011006
5 95.7664 006002000001011006 7109370.0 006002000001010004
5 7109370.0 006002000001010004 16.7911 006002000001010003
5 16.7911 006002000001010003 95.7664 006002000001011006
5 95.7664 006002000001011006 34.5841 006002000002010006
5 34.5841 006002000002010006 34.5841 006002000002010006
5 34.5841 006002000002010006 95.7664 006002000001011006
5 95.7664 006002000001011006 82.0496 006002000002011006
5 82.0496 006002000002011006 1185216.8133333332 006005000002011006
5 1185216.8133333332 006005000002011006 95.7664 006002000001011006
5 95.7664 006002000001011006 34.5841 006002000002010006
5 34.5841 006002000002010006 1708630.0 006004000002010006
5 1708630.0 006004000002010006 95.7664 006002000001011006
5 95.7664 006002000001011006 82.0496 006002000002011006
5 82.0496 006002000002011006 5014.54 006002000004011006
5 5014.54 006002000004011006 95.7664 006002000001011006
5 95.7664 006002000001011006 241686.0 006002001006011004
5 241686.0 006002001006011004 32202.0 006002001006005004
5 32202.0 006002001006005004 95.7664 006002000001011006
5 95.7664 006002000001011006 1557542.3764153847 006002001002011006
5 1557542.3764153847 006002001002011006 66053.0 006002001002011002
5 66053.0 006002001002011002 95.7664 006002000001011006
5 95.7664 006002000001011006 448036.0 002002000002011006
5 448036.0 002002000002011006 112.767 002003000002011006
5 112.767 002003000002011006 95.7664 006002000001011006
5 95.7664 006002000001011006 82.0496 006002000002011006
5 82.0496 006002000002011006 95.7664 006002000001011006
5 95.7664 006002000001011006 34.5841 006002000002010006
5 34.5841 006002000002010006 3617220.0 006002000001011004
5 3617220.0 006002000001011004 7408.35 014002000001011004
5 7408.35 014002000001011004 95.7664 006002000001011006
5 95.7664 006002000001011006 4029040.0 002002000002010006
5 4029040.0 002002000002010006 14037.1 002002000002003006
5 14037.1 002002000002003006 95.7664 006002000001011006
5 95.7664 006002000001011006 95.7664 006002000001011006
5 95.7664 006002000001011006 191.103 006002000001011001
5 191.103 006002000001011001 95.7664 006002000001011006
5 95.7664 006002000001011006 82.0496 006002000002011006
5 82.0496 006002000002011006 1457.32 006002000002011001
5 1457.32 006002000002011001 95.7664 006002000001011006
5 95.7664 006002000001011006 34.5841 006002000002010006
5 34.5841 006002000002010006 34.5841 006002000002010006
5 34.5841 006002000002010006 95.7664 006002000001011006
5 95.7664 006002000001011006 1958144.7711777778 006002001002011009
5 1958144.7711777778 006002001002011009 2784490.0 006002001003011009
5 2784490.0 006002001003011009 95.7664 006002000001011006
5 95.7664 006002000001011006 7815530.0 006002000002011009
5 7815530.0 006002000002011009 7815530.0 006002000002011009
5 7815530.0 006002000002011009 95.7664 006002000001011006
5 95.7664 006002000001011006 93.2108 006002000006011006
5 93.2108 006002000006011006 69.8853 006002000008011006
5 69.8853 006002000008011006 95.7664 006002000001011006
5 95.7664 006002000001011006 69.8853 006002000008011006
5 69.8853 006002000008011006 95.7664 006002000001011006
5 95.7664 006002000001011006 34.5841 006002000002010006
5 34.5841 006002000002010006 22403300.0 006002000006010009
5 22403300.0 006002000006010009 2078440.0 006002001006010009
5 2078440.0 006002001006010009 95.7664 006002000001011006
5 95.7664 006002000001011006 95.7664 006002000001011006
5 95.7664 006002000001011006 65.5033 006002000001009006
5 65.5033 006002000001009006 95.7664 006002000001011006
5 95.7664 006002000001011006 23089.9 006002000001010006
5 23089.9 006002000001010006 10666.0 006002001001010006
5 10666.0 006002001001010006 95.7664 006002000001011006
5 95.7664 006002000001011006 3617220.0 006002000001011004
5 3617220.0 006002000001011004 2457690.0 006002000001011008
5 2457690.0 006002000001011008 95.7664 006002000001011006
5 95.7664 006002000001011006 23089.9 006002000001010006
5 23089.9 006002000001010006 16.7911 006002000001010003
5 16.7911 006002000001010003 95.7664 006002000001011006
5 95.7664 006002000001011006 2076.43 006002000001011009
5 2076.43 006002000001011009 95.7664 006002000001011006
5 95.7664 006002000001011006 34.5841 006002000002010006
5 34.5841 006002000002010006 1266.94 006002000002010009
5 1266.94 006002000002010009 23643.2 015002000002010009
5 23643.2 015002000002010009 95.7664 006002000001011006
5 95.7664 006002000001011006 1266.94 006002000002010009
5 1266.94 006002000002010009 12503100.0 006004000002010009
5 12503100.0 006004000002010009 95.7664 006002000001011006
5 95.7664 006002000001011006 10363200.0 006002000006010006
5 10363200.0 006002000006010006 90.5741 006002002006010006
5 90.5741 006002002006010006 95.7664 006002000001011006
5 95.7664 006002000001011006 93.2108 006002000006011006
5 93.2108 006002000006011006 95.7664 006002000001011006
5 95.7664 006002000001011006 34.5841 006002000002010006
5 34.5841 006002000002010006 4161.79 006002001006011006
5 4161.79 006002001006011006 9208.43 006002001000011006
5 9208.43 006002001000011006 95.7664 006002000001011006
5 95.7664 006002000001011006 1034558.5998 002002000006011006
5 1034558.5998 002002000006011006 1034558.5998 002002000006011006
5 1034558.5998 002002000006011006 95.7664 006002000001011006
5 95.7664 006002000001011006 95.7664 006002000001011006
5 95.7664 006002000001011006 2175020.0 013002000001011006
5 2175020.0 013002000001011006 1034558.5998 002002000006011006
5 1034558.5998 002002000006011006 7815530.0 006002000002011009
5 7815530.0 006002000002011009 91.5633 003002000002011009
5 91.5633 003002000002011009 1034558.5998 002002000006011006
5 1034558.5998 002002000006011006 1266.94 006002000002010009
5 1266.94 006002000002010009 1266.94 006002000002010009
5 1266.94 006002000002010009 1034558.5998 002002000006011006
5 1034558.5998 002002000006011006 34.5841 006002000002010006
5 34.5841 006002000002010006 34.5841 006002000002010006
5 34.5841 006002000002010006 1034558.5998 002002000006011006
5 1034558.5998 002002000006011006 82.0496 006002000002011006
5 82.0496 006002000002011006 21983.0 006002000002005006
5 21983.0 006002000002005006 1034558.5998 002002000006011006
5 1034558.5998 002002000006011006 1958144.7711777778 006002001002011009
5 1958144.7711777778 006002001002011009 19460.0 006005001002011009
5 19460.0 006005001002011009 1034558.5998 002002000006011006
5 1034558.5998 002002000006011006 1308450.0 006002001002010006
5 1308450.0 006002001002010006 96.8982 006002001002003006
5 96.8982 006002001002003006 1034558.5998 002002000006011006
5 1034558.5998 002002000006011006 53872600.0 002002000002010009
5 53872600.0 002002000002010009 10766100.0 002002000004010009
5 10766100.0 002002000004010009 1034558.5998 002002000006011006
5 1034558.5998 002002000006011006 2076.43 006002000001011009
5 2076.43 006002000001011009 33287.2 006002000006011009
5 33287.2 006002000006011009 1034558.5998 002002000006011006
5 1034558.5998 002002000006011006 95.7664 006002000001011006
5 95.7664 006002000001011006 84.4493 017002000001011006
5 84.4493 017002000001011006 1034558.5998 002002000006011006
5 1034558.5998 002002000006011006 7815530.0 006002000002011009
5 7815530.0 006002000002011009 4352.23 001002000002011009
5 4352.23 001002000002011009 1034558.5998 002002000006011006
5 1034558.5998 002002000006011006 33287.2 006002000006011009
5 33287.2 006002000006011009 3479380.0 006000000006011009
5 3479380.0 006000000006011009 1034558.5998 002002000006011006
5 1034558.5998 002002000006011006 17376.1 006002001001011006
5 17376.1 006002001001011006 17376.1 006002001001011006
5 17376.1 006002001001011006 1034558.5998 002002000006011006
5 1034558.5998 002002000006011006 2076.43 006002000001011009
5 2076.43 006002000001011009 1275.65 006004000001011009
5 1275.65 006004000001011009 1034558.5998 002002000006011006
5 1034558.5998 002002000006011006 202284.0 002002000006010003
5 202284.0 002002000006010003 7680.92 002002000001010003
5 7680.92 002002000001010003 1034558.5998 002002000006011006
5 1034558.5998 002002000006011006 33287.2 006002000006011009
5 33287.2 006002000006011009 2849.95 006002000006004009
5 2849.95 006002000006004009 1034558.5998 002002000006011006
5 1034558.5998 002002000006011006 93.2108 006002000006011006
5 93.2108 006002000006011006 1034558.5998 002002000006011006
5 1034558.5998 002002000006011006 95.7664 006002000001011006
5 95.7664 006002000001011006 4161.79 006002001006011006
5 4161.79 006002001006011006 402758.0 014002001006011006
5 402758.0 014002001006011006 1034558.5998 002002000006011006
5 1034558.5998 002002000006011006 33287.2 006002000006011009
5 33287.2 006002000006011009 2469020.0 018002000006011009
5 2469020.0 018002000006011009 1034558.5998 002002000006011006
5 1034558.5998 002002000006011006 7815530.0 006002000002011009
5 7815530.0 006002000002011009 1958144.7711777778 006002001002011009
5 1958144.7711777778 006002001002011009 1034558.5998 002002000006011006
5 1034558.5998 002002000006011006 95.7664 006002000001011006
5 95.7664 006002000001011006 95.7664 006002000001011006
5 95.7664 006002000001011006 1034558.5998 002002000006011006
5 1034558.5998 002002000006011006 93.2108 006002000006011006
5 93.2108 006002000006011006 93.2108 006002000006011006
5 93.2108 006002000006011006 1034558.5998 002002000006011006
5 1034558.5998 002002000006011006 1557542.3764153847 006002001002011006
5 1557542.3764153847 006002001002011006 620173.0 006002001010011006
5 620173.0 006002001010011006 1034558.5998 002002000006011006
5 1034558.5998 002002000006011006 238.792 006002001006010006
5 238.792 006002001006010006 76.3929 011002001006010006
5 76.3929 011002001006010006 1034558.5998 002002000006011006
5 1034558.5998 002002000006011006 93.2108 006002000006011006
5 93.2108 006002000006011006 10049.3 006002000006011001
5 10049.3 006002000006011001 1034558.5998 002002000006011006
5 1034558.5998 002002000006011006 93.2108 006002000006011006
5 93.2108 006002000006011006 13496.9 006002000006004006
5 13496.9 006002000006004006 1034558.5998 002002000006011006
5 1034558.5998 002002000006011006 82.0496 006002000002011006
5 82.0496 006002000002011006 1016.74 006002000011011006
5 1016.74 006002000011011006 1034558.5998 002002000006011006
5 1034558.5998 002002000006011006 27616838.89 002002000002011009
5 27616838.89 002002000002011009 1034558.5998 002002000006011006
5 1034558.5998 002002000006011006 95.7664 006002000001011006
5 95.7664 006002000001011006 95.7664 006002000001011006
5 95.7664 006002000001011006 5519.6 006002000010011006
5 5519.6 006002000010011006 1034558.5998 002002000006011006
5 1034558.5998 002002000006011006 620173.0 006002001010011006
5 620173.0 006002001010011006 30895.2 006003001010011006
5 30895.2 006003001010011006 1034558.5998 002002000006011006
5 1034558.5998 002002000006011006 7109370.0 006002000001010004
5 7109370.0 006002000001010004 4129860.0 006005000001010004
5 4129860.0 006005000001010004 1034558.5998 002002000006011006
5 1034558.5998 002002000006011006 27616838.89 002002000002011009
5 27616838.89 002002000002011009 6961.47 002002002002011009
5 6961.47 002002002002011009 1034558.5998 002002000006011006
5 1034558.5998 002002000006011006 27616838.89 002002000002011009
5 27616838.89 002002000002011009 5564.6 002001000002011009
5 5564.6 002001000002011009 1034558.5998 002002000006011006
5 1034558.5998 002002000006011006 1557542.3764153847 006002001002011006
5 1557542.3764153847 006002001002011006 2644580.0 006003001002011006
5 2644580.0 006003001002011006 1034558.5998 002002000006011006
5 1034558.5998 002002000006011006 7815530.0 006002000002011009
5 7815530.0 006002000002011009 5482860.0 006004000002011009
5 5482860.0 006004000002011009 1034558.5998 002002000006011006
5 1034558.5998 002002000006011006 448036.0 002002000002011006
5 448036.0 002002000002011006 448036.0 002002000002011006
5 448036.0 002002000002011006 1034558.5998 002002000006011006
6 1034558.5998 002002000006011006 19838900000.0 015002002008003000
6 19838900000.0 015002002008003000 143809000.0 015001002008003000
6 143809000.0 015001002008003000 7435.07 011002002010003001
6 7435.07 011002002010003001 254748.0 000001000001008003
6 254748.0 000001000001008003 229983.0 000001000001008002
6 229983.0 000001000001008002 7435.07 011002002010003001
6 7435.07 011002002010003001 10755600.0 000003002001003009
6 10755600.0 000003002001003009 799553.0 000002002001003009
6 799553.0 000002002001003009 7435.07 011002002010003001
6 7435.07 011002002010003001 3456210.0 013003002001008007
6 3456210.0 013003002001008007 27754.0 013003002001008008
6 27754.0 013003002001008008 7435.07 011002002010003001
6 7435.07 011002002010003001 25199.033333333333 013003000001008005
6 25199.033333333333 013003000001008005 1438.01 013003000006008005
6 1438.01 013003000006008005 7435.07 011002002010003001
6 7435.07 011002002010003001 21064.4 013002000006003005
6 21064.4 013002000006003005 17714.4 013002002006003005
6 17714.4 013002002006003005 1438.01 013003000006008005
6 1438.01 013003000006008005 11567400000.0 013003000006003008
6 11567400000.0 013003000006003008 929217000.0 006003000006003008
6 929217000.0 006003000006003008 1438.01 013003000006008005
6 1438.01 013003000006008005 2402.09 000003000001003004
6 2402.09 000003000001003004 2402.09 000003000001003004
6 2402.09 000003000001003004 1438.01 013003000006008005
6 1438.01 013003000006008005 64262200.0 004003000006003005
6 64262200.0 004003000006003005 54285.1 004003000006003009
6 54285.1 004003000006003009 1438.01 013003000006008005
6 1438.01 013003000006008005 5006270000.0 011003000001003005
6 5006270000.0 011003000001003005 14995.5 011003000000003005
6 14995.5 011003000000003005 1438.01 013003000006008005
6 1438.01 013003000006008005 938420000.0 013003000001003004
6 938420000.0 013003000001003004 28361.4 019003000001003004
6 28361.4 019003000001003004 1438.01 013003000006008005
6 1438.01 013003000006008005 14719.6 013003000006003005
6 14719.6 013003000006003005 14719.6 013003000006003005
6 14719.6 013003000006003005 1438.01 013003000006008005
6 1438.01 013003000006008005 25199.033333333333 013003000001008005
6 25199.033333333333 013003000001008005 25199.033333333333 013003000001008005
6 25199.033333333333 013003000001008005 1438.01 013003000006008005
6 1438.01 013003000006008005 52.2953 000003002001003004
6 52.2953 000003002001003004 1438.01 013003000006008005
6 1438.01 013003000006008005 2402.09 000003000001003004
6 2402.09 000003000001003004 1031829.08 000003000010003005
6 1031829.08 000003000010003005 38.7903 000002000010003005
6 38.7903 000002000010003005 52.2953 000003002001003004
6 52.2953 000003002001003004 38.7903 000002000010003005
6 38.7903 000002000010003005 14317.6 000002000010003004
6 14317.6 000002000010003004 52.2953 000003002001003004
6 52.2953 000003002001003004 1031829.08 000003000010003005
6 1031829.08 000003000010003005 38.7903 000002000010003005
6 38.7903 000002000010003005 14317.6 000002000010003004
6 14317.6 000002000010003004 479778.0 000003000010003001
6 479778.0 000003000010003001 125566.0 000003000010006001
6 125566.0 000003000010006001 14317.6 000002000010003004
6 14317.6 000002000010003004 427773.0 000002000001006005
6 427773.0 000002000001006005 68.6228 000002000001004005
6 68.6228 000002000001004005 14317.6 000002000010003004
6 14317.6 000002000010003004 689567.5 000002002001003005
6 689567.5 000002002001003005 689567.5 000002002001003005
6 689567.5 000002002001003005 14317.6 000002000010003004
6 14317.6 000002000010003004 1547840.0 013002000001008005
6 1547840.0 013002000001008005 14317.6 000002000010003004
6 14317.6 000002000010003004 38.7903 000002000010003005
6 38.7903 000002000010003005 173.554 000002000001003005
6 173.554 000002000001003005 14317.6 000002000010003004
6 14317.6 000002000010003004 38.7903 000002000010003005
6 38.7903 000002000010003005 117116000.0 013003000001008004
6 117116000.0 013003000001008004 2615830.0 002003000001008004
6 2615830.0 002003000001008004 14317.6 000002000010003004
6 14317.6 000002000010003004 38530.6 000003000001008004
6 38530.6 000003000001008004 29477.6 000003000001010004
6 29477.6 000003000001010004 14317.6 000002000010003004
6 14317.6 000002000010003004 38.7903 000002000010003005
6 38.7903 000002000010003005 38.7903 000002000010003005
6 38.7903 000002000010003005 14317.6 000002000010003004
6 14317.6 000002000010003004 37769200.0 013002000001003004
6 37769200.0 013002000001003004 10102.6 016002000001003004
6 10102.6 016002000001003004 14317.6 000002000010003004
6 14317.6 000002000010003004 20295.6 000003002006003005
6 20295.6 000003002006003005 8059.34 000003002006004005
6 8059.34 000003002006004005 14317.6 000002000010003004
6 14317.6 000002000010003004 33.0623 000002000006003005
6 33.0623 000002000006003005 33.0623 000002000006003005
6 33.0623 000002000006003005 14317.6 000002000010003004
6 14317.6 000002000010003004 1151536.0 000003000006003005
6 1151536.0 000003000006003005 23562.9 000003001006003005
6 23562.9 000003001006003005 14317.6 000002000010003004
6 14317.6 000002000010003004 38.7903 000002000010003005
6 38.7903 000002000010003005 1031829.08 000003000010003005
6 1031829.08 000003000010003005 14317.6 000002000010003004
6 14317.6 000002000010003004 1151536.0 000003000006003005
6 1151536.0 000003000006003005 1389430.0 000003000007003005
6 1389430.0 000003000007003005 14317.6 000002000010003004
6 14317.6 000002000010003004 14317.6 000002000010003004
6 14317.6 000002000010003004 14317.6 000002000010003004
6 14317.6 000002000010003004 38.7903 000002000010003005
6 38.7903 000002000010003005 33.0623 000002000006003005
6 33.0623 000002000006003005 244515.0 000002002006003005
6 244515.0 000002002006003005 14317.6 000002000010003004
6 14317.6 000002000010003004 33.0623 000002000006003005
6 33.0623 000002000006003005 33.0623 000002000006003005
6 33.0623 000002000006003005 14317.6 000002000010003004
6 14317.6 000002000010003004 1501400.0 000002000001003004
6 1501400.0 000002000001003004 385620.0 000002001001003004
6 385620.0 000002001001003004 33.0623 000002000006003005
6 33.0623 000002000006003005 14317.6 000002000010003004
6 14317.6 000002000010003004 222107.0 000002002010003004
6 222107.0 000002002010003004 33.0623 000002000006003005
6 33.0623 000002000006003005 818858.454 000002002001003004
6 818858.454 000002002001003004 818858.454 000002002001003004
6 818858.454 000002002001003004 33.0623 000002000006003005
6 33.0623 000002000006003005 818858.454 000002002001003004
6 818858.454 000002002001003004 36268.2 012002002001003004
6 36268.2 012002002001003004 33.0623 000002000006003005
6 33.0623 000002000006003005 818858.454 000002002001003004
6 818858.454 000002002001003004 818858.454 000002002001003004
6 818858.454 000002002001003004 33.0623 000002000006003005
6 33.0623 000002000006003005 173.554 000002000001003005
6 173.554 000002000001003005 173.554 000002000001003005
6 173.554 000002000001003005 33.0623 000002000006003005
6 33.0623 000002000006003005 38.7903 000002000010003005
6 38.7903 000002000010003005 626249.0 009002000010003005
6 626249.0 009002000010003005 33.0623 000002000006003005
6 33.0623 000002000006003005 38.7903 000002000010003005
6 38.7903 000002000010003005 84.0837 000002001010003005
6 84.0837 000002001010003005 33.0623 000002000006003005
6 33.0623 000002000006003005 38.7903 000002000010003005
6 38.7903 000002000010003005 4407.47 016002000010003005
6 4407.47 016002000010003005 33.0623 000002000006003005
6 33.0623 000002000006003005 14317.6 000002000010003004
6 14317.6 000002000010003004 33.0623 000002000006003005
6 33.0623 000002000006003005 14317.6 000002000010003004
6 14317.6 000002000010003004 38.7903 000002000010003005
6 38.7903 000002000010003005 38.7903 000002000010003005
6 38.7903 000002000010003005 33.0623 000002000006003005
6 33.0623 000002000006003005 15806.4 000002000006004004
6 15806.4 000002000006004004 2174.81 000002000006004000
6 2174.81 000002000006004000 33.0623 000002000006003005
6 33.0623 000002000006003005 14317.6 000002000010003004
6 14317.6 000002000010003004 38.7903 000002000010003005
6 38.7903 000002000010003005 33.0623 000002000006003005
6 33.0623 000002000006003005 94.5214 000002001010003004
6 94.5214 000002001010003004 1431.3 005002001010003004
6 1431.3 005002001010003004 38.7903 000002000010003005
6 38.7903 000002000010003005 38.7903 000002000010003005
6 38.7903 000002000010003005 4171.54 000002000003003005
6 4171.54 000002000003003005 38.7903 000002000010003005
6 38.7903 000002000010003005 38.7903 000002000010003005
6 38.7903 000002000010003005 173.554 000002000001003005
6 173.554 000002000001003005 38.7903 000002000010003005
6 38.7903 000002000010003005 1648.45 000002000006003004
6 1648.45 000002000006003004 15806.4 000002000006004004
6 15806.4 000002000006004004 38.7903 000002000010003005
6 38.7903 000002000010003005 311803.0 000002002006003004
6 311803.0 000002002006003004 222107.0 000002002010003004
6 222107.0 000002002010003004 38.7903 000002000010003005
6 38.7903 000002000010003005 173.554 000002000001003005
6 173.554 000002000001003005 173.554 000002000001003005
6 173.554 000002000001003005 38.7903 000002000010003005
6 38.7903 000002000010003005 33.0623 000002000006003005
6 33.0623 000002000006003005 3475.78 011002000006003005
6 3475.78 011002000006003005 38.7903 000002000010003005
6 38.7903 000002000010003005 38.7903 000002000010003005
6 38.7903 000002000010003005 4867.64 000002000010001005
6 4867.64 000002000010001005 38.7903 000002000010003005
6 38.7903 000002000010003005 1501400.0 000002000001003004
6 1501400.0 000002000001003004 393037.0 000002000003003004
6 393037.0 000002000003003004 38.7903 000002000010003005
6 38.7903 000002000010003005 38.7903 000002000010003005
6 38.7903 000002000010003005 38.7903 000002000010003005
6 38.7903 000002000010003005 33.0623 000002000006003005
6 33.0623 000002000006003005 33.0623 000002000006003005
6 33.0623 000002000006003005 38.7903 000002000010003005
6 38.7903 000002000010003005 33.0623 000002000006003005
6 33.0623 000002000006003005 158658.96881666666 000002002010003005
6 158658.96881666666 000002002010003005 158658.96881666666 000002002010003005
6 158658.96881666666 000002002010003005 38.7903 000002000010003005
6 38.7903 000002000010003005 38.7903 000002000010003005
6 38.7903 000002000010003005 273.849 017002000010003005
6 273.849 017002000010003005 38.7903 000002000010003005
6 38.7903 000002000010003005 1648.45 000002000006003004
6 1648.45 000002000006003004 3594.06 000002000006003000
6 3594.06 000002000006003000 38.7903 000002000010003005
6 38.7903 000002000010003005 4867.64 000002000010001005
6 4867.64 000002000010001005 215737.0 000002001010001005
6 215737.0 000002001010001005 38.7903 000002000010003005
6 38.7903 000002000010003005 8180990000.0 000002000001001004
6 8180990000.0 000002000001001004 90920300.0 000003000001001004
6 90920300.0 000003000001001004 38.7903 000002000010003005
6 38.7903 000002000010003005 38.7903 000002000010003005
6 38.7903 000002000010003005 7000.4895 000002000010006005
6 7000.4895 000002000010006005 38.7903 000002000010003005
6 38.7903 000002000010003005 38.7903 000002000010003005
6 38.7903 000002000010003005 3964.91 008002000010003005
6 3964.91 008002000010003005 38.7903 000002000010003005
6 38.7903 000002000010003005 38.7903 000002000010003005
6 38.7903 000002000010003005 94.6542 004002000010003005
6 94.6542 004002000010003005 38.7903 000002000010003005
6 38.7903 000002000010003005 38.7903 000002000010003005
6 38.7903 000002000010003005 38.7903 000002000010003005
6 38.7903 000002000010003005 33.0623 000002000006003005
6 33.0623 000002000006003005 38.7903 000002000010003005
6 38.7903 000002000010003005 38.7903 000002000010003005
6 38.7903 000002000010003005 33.0623 000002000006003005
6 33.0623 000002000006003005 14317.6 000002000010003004
6 14317.6 000002000010003004 38.7903 000002000010003005
6 38.7903 000002000010003005 33.0623 000002000006003005
6 33.0623 000002000006003005 38.7903 000002000010003005
6 38.7903 000002000010003005 1167.6 019002000010003005
6 1167.6 019002000010003005 38.7903 000002000010003005
6 38.7903 000002000010003005 14317.6 000002000010003004
6 14317.6 000002000010003004 210377.0 000002000010007004
6 210377.0 000002000010007004 38.7903 000002000010003005
6 38.7903 000002000010003005 158658.96881666666 000002002010003005
6 158658.96881666666 000002002010003005 31710.7 006002002010003005
6 31710.7 006002002010003005 38.7903 000002000010003005
6 38.7903 000002000010003005 1501400.0 000002000001003004
6 1501400.0 000002000001003004 350747.0 000002000004003004
6 350747.0 000002000004003004 38.7903 000002000010003005
6 38.7903 000002000010003005 173.554 000002000001003005
6 173.554 000002000001003005 38.7903 000002000010003005
6 38.7903 000002000010003005 33.0623 000002000006003005
6 33.0623 000002000006003005 38.7903 000002000010003005
6 38.7903 000002000010003005 4867.64 000002000010001005
6 4867.64 000002000010001005 38.7903 000002000010003005
6 38.7903 000002000010003005 38.7903 000002000010003005
6 38.7903 000002000010003005 1804.2128500000001 000002000010005005
6 1804.2128500000001 000002000010005005 38.7903 000002000010003005
6 38.7903 000002000010003005 14317.6 000002000010003004
6 14317.6 000002000010003004 38.7903 000002000010003005
6 38.7903 000002000010003005 38.7903 000002000010003005
6 38.7903 000002000010003005 222107.0 000002002010003004
6 222107.0 000002002010003004 158658.96881666666 000002002010003005
6 158658.96881666666 000002002010003005 38.7903 000002000010003005
6 38.7903 000002000010003005 222107.0 000002002010003004
6 222107.0 000002002010003004 94.5214 000002001010003004
6 94.5214 000002001010003004 38.7903 000002000010003005
6 38.7903 000002000010003005 38.7903 000002000010003005
6 38.7903 000002000010003005 38.7903 000002000010003005
6 38.7903 000002000010003005 33.0623 000002000006003005
6 33.0623 000002000006003005 38.7903 000002000010003005
6 38.7903 000002000010003005 1031829.08 000003000010003005
6 1031829.08 000003000010003005 38.7903 000002000010003005
6 38.7903 000002000010003005 33.0623 000002000006003005
6 33.0623 000002000006003005 3594.06 000002000006003000
6 3594.06 000002000006003000 38.7903 000002000010003005
6 38.7903 000002000010003005 14317.6 000002000010003004
6 14317.6 000002000010003004 255625.0 000004000010003004
6 255625.0 000004000010003004 38.7903 000002000010003005
6 38.7903 000002000010003005 14317.6 000002000010003004
6 14317.6 000002000010003004 346806.0 000002000007003004
6 346806.0 000002000007003004 38.7903 000002000010003005
6 38.7903 000002000010003005 14317.6 000002000010003004
6 14317.6 000002000010003004 12937.1 000001000010003004
6 12937.1 000001000010003004 38.7903 000002000010003005
6 38.7903 000002000010003005 14317.6 000002000010003004
6 14317.6 000002000010003004 350747.0 000002000004003004
6 350747.0 000002000004003004 38.7903 000002000010003005
6 38.7903 000002000010003005 14317.6 000002000010003004
6 14317.6 000002000010003004 14317.6 000002000010003004
6 14317.6 000002000010003004 38.7903 000002000010003005
6 38.7903 000002000010003005 38.7903 000002000010003005
6 38.7903 000002000010003005 8841.48 000002000010000005
6 8841.48 000002000010000005 38.7903 000002000010003005
6 38.7903 000002000010003005 38.7903 000002000010003005
6 38.7903 000002000010003005 38.7903 000002000010003005
6 38.7903 000002000010003005 38.7903 000002000010003005
6 38.7903 000002000010003005 158658.96881666666 000002002010003005
6 158658.96881666666 000002002010003005 13057.2 000002002010003002
6 13057.2 000002002010003002 38.7903 000002000010003005
6 38.7903 000002000010003005 14317.6 000002000010003004
6 14317.6 000002000010003004 14317.6 000002000010003004
6 14317.6 000002000010003004 38.7903 000002000010003005
6 38.7903 000002000010003005 38.7903 000002000010003005
6 38.7903 000002000010003005 16689.3 000002000012003005
6 16689.3 000002000012003005 38.7903 000002000010003005
6 38.7903 000002000010003005 38.7903 000002000010003005
6 38.7903 000002000010003005 33585.8 000006000010003005
6 33585.8 000006000010003005 38.7903 000002000010003005
6 38.7903 000002000010003005 38.7903 000002000010003005
6 38.7903 000002000010003005 84.0837 000002001010003005
6 84.0837 000002001010003005 38.7903 000002000010003005
6 38.7903 000002000010003005 38.7903 000002000010003005
6 38.7903 000002000010003005 3064.923333333333 000000000010003005
6 3064.923333333333 000000000010003005 38.7903 000002000010003005
6 38.7903 000002000010003005 14317.6 000002000010003004
6 14317.6 000002000010003004 20531.3 000002000010003001
6 20531.3 000002000010003001 38.7903 000002000010003005
6 38.7903 000002000010003005 38.7903 000002000010003005
6 38.7903 000002000010003005 38.7903 000002000010003005
6 38.7903 000002000010003005 38.7903 000002000010003005
6 38.7903 000002000010003005 38.7903 000002000010003005
6 38.7903 000002000010003005 84.0837 000002001010003005
6 84.0837 000002001010003005 38.7903 000002000010003005
6 38.7903 000002000010003005 38.7903 000002000010003005
6 38.7903 000002000010003005 42.9665 000002000010003007
6 42.9665 000002000010003007 38.7903 000002000010003005
6 38.7903 000002000010003005 38.7903 000002000010003005
6 38.7903 000002000010003005 158658.96881666666 000002002010003005
6 158658.96881666666 000002002010003005 38.7903 000002000010003005
6 38.7903 000002000010003005 38.7903 000002000010003005
6 38.7903 000002000010003005 9426.03 000002000010007005
6 9426.03 000002000010007005 38.7903 000002000010003005
6 38.7903 000002000010003005 38.7903 000002000010003005
6 38.7903 000002000010003005 42.9665 000002000010003007
6 42.9665 000002000010003007 38.7903 000002000010003005
6 38.7903 000002000010003005 38.7903 000002000010003005
6 38.7903 000002000010003005 38.7903 000002000010003005
6 38.7903 000002000010003005 38.7903 000002000010003005
6 38.7903 000002000010003005 38.7903 000002000010003005
6 38.7903 000002000010003005 20531.3 000002000010003001
6 20531.3 000002000010003001 38.7903 000002000010003005
6 38.7903 000002000010003005 38.7903 000002000010003005
6 38.7903 000002000010003005 1804.2128500000001 000002000010005005
6 1804.2128500000001 000002000010005005 38.7903 000002000010003005
6 38.7903 000002000010003005 38.7903 000002000010003005
6 38.7903 000002000010003005 3064.923333333333 000000000010003005
6 3064.923333333333 000000000010003005 38.7903 000002000010003005
6 38.7903 000002000010003005 14317.6 000002000010003004
6 14317.6 000002000010003004 94.5214 000002001010003004
6 94.5214 000002001010003004 38.7903 000002000010003005
6 38.7903 000002000010003005 1648.45 000002000006003004
6 1648.45 000002000006003004 137.321 000002000000003004
6 137.321 000002000000003004 38.7903 000002000010003005
6 38.7903 000002000010003005 38.7903 000002000010003005
6 38.7903 000002000010003005 3931.7826250000003 000002000010012005
6 3931.7826250000003 000002000010012005 38.7903 000002000010003005
6 38.7903 000002000010003005 3931.7826250000003 000002000010012005
6 3931.7826250000003 000002000010012005 4867.64 000002000010001005
6 4867.64 000002000010001005 38.7903 000002000010003005
6 38.7903 000002000010003005 1648.45 000002000006003004
6 1648.45 000002000006003004 5782.72 016002000006003004
6 5782.72 016002000006003004 38.7903 000002000010003005
6 38.7903 000002000010003005 3931.7826250000003 000002000010012005
6 3931.7826250000003 000002000010012005 61.4012 004002000010012005
6 61.4012 004002000010012005 38.7903 000002000010003005
6 38.7903 000002000010003005 38.7903 000002000010003005
6 38.7903 000002000010003005 8434.07 000002000010003003
6 8434.07 000002000010003003 38.7903 000002000010003005
6 38.7903 000002000010003005 38.7903 000002000010003005
6 38.7903 000002000010003005 20531.3 000002000010003001
6 20531.3 000002000010003001 38.7903 000002000010003005
6 38.7903 000002000010003005 38.7903 000002000010003005
6 38.7903 000002000010003005 38.7903 000002000010003005
6 38.7903 000002000010003005 38.7903 000002000010003005
6 38.7903 000002000010003005 38.7903 000002000010003005
6 38.7903 000002000010003005 14317.6 000002000010003004
6 14317.6 000002000010003004 38.7903 000002000010003005
6 38.7903 000002000010003005 14317.6 000002000010003004
6 14317.6 000002000010003004 255625.0 000004000010003004
6 255625.0 000004000010003004 38.7903 000002000010003005
6 38.7903 000002000010003005 38.7903 000002000010003005
6 38.7903 000002000010003005 6142.39 000002000002003005
6 6142.39 000002000002003005 38.7903 000002000010003005
6 38.7903 000002000010003005 38.7903 000002000010003005
6 38.7903 000002000010003005 1804.2128500000001 000002000010005005
6 1804.2128500000001 000002000010005005 38.7903 000002000010003005
6 38.7903 000002000010003005 38.7903 000002000010003005
6 38.7903 000002000010003005 38.7903 000002000010003005
6 38.7903 000002000010003005 14317.6 000002000010003004
6 14317.6 000002000010003004 38.7903 000002000010003005
6 38.7903 000002000010003005 42.9665 000002000010003007
6 42.9665 000002000010003007 38.7903 000002000010003005
6 38.7903 000002000010003005 38.7903 000002000010003005
6 38.7903 000002000010003005 20832.3 018002000010003005
6 20832.3 018002000010003005 38.7903 000002000010003005
6 38.7903 000002000010003005 20832.3 018002000010003005
6 20832.3 018002000010003005 37590000.0 018002001010003005
6 37590000.0 018002001010003005 38.7903 000002000010003005
6 38.7903 000002000010003005 38.7903 000002000010003005
6 38.7903 000002000010003005 1031829.08 000003000010003005
6 1031829.08 000003000010003005 38.7903 000002000010003005
6 38.7903 000002000010003005 25402.9 000003001010003005
6 25402.9 000003001010003005 89.4398 000003001010007005
6 89.4398 000003001010007005 38.7903 000002000010003005
6 38.7903 000002000010003005 720.969 000002000010012001
6 720.969 000002000010012001 6490.23 000002001010012001
6 6490.23 000002001010012001 38.7903 000002000010003005
6 38.7903 000002000010003005 3931.7826250000003 000002000010012005
6 3931.7826250000003 000002000010012005 1804.2128500000001 000002000010005005
6 1804.2128500000001 000002000010005005 38.7903 000002000010003005
6 38.7903 000002000010003005 20531.3 000002000010003001
6 20531.3 000002000010003001 99.9436 000002000011003001
6 99.9436 000002000011003001 38.7903 000002000010003005
6 38.7903 000002000010003005 8434.07 000002000010003003
6 8434.07 000002000010003003 10428.8 000002000011003003
6 10428.8 000002000011003003 38.7903 000002000010003005
6 38.7903 000002000010003005 52.1812 000002000011003005
6 52.1812 000002000011003005 38.7903 000002000010003005
6 38.7903 000002000010003005 38.7903 000002000010003005
6 38.7903 000002000010003005 38.7903 000002000010003005
6 38.7903 000002000010003005 158658.96881666666 000002002010003005
6 158658.96881666666 000002002010003005 38.7903 000002000010003005
6 38.7903 000002000010003005 14317.6 000002000010003004
6 14317.6 000002000010003004 14317.6 000002000010003004
6 14317.6 000002000010003004 38.7903 000002000010003005
6 38.7903 000002000010003005 20531.3 000002000010003001
6 20531.3 000002000010003001 72.3695 000002002010003001
6 72.3695 000002002010003001 38.7903 000002000010003005
6 38.7903 000002000010003005 20531.3 000002000010003001
6 20531.3 000002000010003001 20531.3 000002000010003001
6 20531.3 000002000010003001 38.7903 000002000010003005
6 38.7903 000002000010003005 38.7903 000002000010003005
6 38.7903 000002000010003005 17160.7 015002000010003005
6 17160.7 015002000010003005 38.7903 000002000010003005
6 38.7903 000002000010003005 38.7903 000002000010003005
6 38.7903 000002000010003005 84.0837 000002001010003005
6 84.0837 000002001010003005 38.7903 000002000010003005
6 38.7903 000002000010003005 14117.4 000002000010012004
6 14117.4 000002000010012004 221550.0 000002002010012004
6 221550.0 000002002010012004 38.7903 000002000010003005
6 38.7903 000002000010003005 38.7903 000002000010003005
6 38.7903 000002000010003005 769608.0 000002000005003005
6 769608.0 000002000005003005 38.7903 000002000010003005
6 38.7903 000002000010003005 38.7903 000002000010003005
6 38.7903 000002000010003005 158658.96881666666 000002002010003005
6 158658.96881666666 000002002010003005 38.7903 000002000010003005
6 38.7903 000002000010003005 38.7903 000002000010003005
6 38.7903 000002000010003005 4901.04 000002000010008005
6 4901.04 000002000010008005 38.7903 000002000010003005
6 38.7903 000002000010003005 38.7903 000002000010003005
6 38.7903 000002000010003005 767.292 000002000000003005
6 767.292 000002000000003005 38.7903 000002000010003005
6 38.7903 000002000010003005 38.7903 000002000010003005
6 38.7903 000002000010003005 3064.923333333333 000000000010003005
6 3064.923333333333 000000000010003005 38.7903 000002000010003005
6 38.7903 000002000010003005 437694.0 000000000010012005
6 437694.0 000000000010012005 82.2513 000000001010012005
6 82.2513 000000001010012005 38.7903 000002000010003005
6 38.7903 000002000010003005 84.0837 000002001010003005
6 84.0837 000002001010003005 84245.98083333333 000004001010003005
6 84245.98083333333 000004001010003005 38.7903 000002000010003005
6 38.7903 000002000010003005 38.7903 000002000010003005
6 38.7903 000002000010003005 55.0126 000002000010002005
6 55.0126 000002000010002005 38.7903 000002000010003005
6 38.7903 000002000010003005 38.7903 000002000010003005
6 38.7903 000002000010003005 38.7903 000002000010003005
6 38.7903 000002000010003005 38.7903 000002000010003005
6 38.7903 000002000010003005 38.7903 000002000010003005
6 38.7903 000002000010003005 1167.6 019002000010003005
6 1167.6 019002000010003005 38.7903 000002000010003005
6 38.7903 000002000010003005 38.7903 000002000010003005
6 38.7903 000002000010003005 38.7903 000002000010003005
6 38.7903 000002000010003005 38.7903 000002000010003005
6 38.7903 000002000010003005 14317.6 000002000010003004
6 14317.6 000002000010003004 393037.0 000002000003003004
6 393037.0 000002000003003004 38.7903 000002000010003005
6 38.7903 000002000010003005 84.0837 000002001010003005
6 84.0837 000002001010003005 38.7903 000002000010003005
6 38.7903 000002000010003005 38.7903 000002000010003005
6 38.7903 000002000010003005 14317.6 000002000010003004
6 14317.6 000002000010003004 9463.39 000002000010001004
6 9463.39 000002000010001004 38.7903 000002000010003005
6 38.7903 000002000010003005 38.7903 000002000010003005
6 38.7903 000002000010003005 4317.68 000002000010003006
6 4317.68 000002000010003006 38.7903 000002000010003005
6 38.7903 000002000010003005 38.7903 000002000010003005
6 38.7903 000002000010003005 8841.48 000002000010000005
6 8841.48 000002000010000005 38.7903 000002000010003005
6 38.7903 000002000010003005 94.5214 000002001010003004
6 94.5214 000002001010003004 14317.6 000002000010003004
6 14317.6 000002000010003004 38.7903 000002000010003005
6 38.7903 000002000010003005 14317.6 000002000010003004
6 14317.6 000002000010003004 8434.07 000002000010003003
6 8434.07 000002000010003003 38.7903 000002000010003005
6 38.7903 000002000010003005 491303.0 000002001010003003
6 491303.0 000002001010003003 482137.0 000003001010003003
6 482137.0 000003001010003003 38.7903 000002000010003005
6 38.7903 000002000010003005 84.0837 000002001010003005
6 84.0837 000002001010003005 25402.9 000003001010003005
6 25402.9 000003001010003005 38.7903 000002000010003005
6 38.7903 000002000010003005 255625.0 000004000010003004
6 255625.0 000004000010003004 3113.66 000004000010006004
6 3113.66 000004000010006004 38.7903 000002000010003005
6 38.7903 000002000010003005 7000.4895 000002000010006005
6 7000.4895 000002000010006005 7000.4895 000002000010006005
6 7000.4895 000002000010006005 38.7903 000002000010003005
6 38.7903 000002000010003005 14317.6 000002000010003004
6 14317.6 000002000010003004 38.7903 000002000010003005
6 38.7903 000002000010003005 38.7903 000002000010003005
6 38.7903 000002000010003005 79.0003 000004000010003005
6 79.0003 000004000010003005 22258.3 000005000010003005
6 22258.3 000005000010003005 38.7903 000002000010003005
6 38.7903 000002000010003005 38.7903 000002000010003005
6 38.7903 000002000010003005 129859.10447 001002000010003005
6 129859.10447 001002000010003005 38.7903 000002000010003005
6 38.7903 000002000010003005 38.7903 000002000010003005
6 38.7903 000002000010003005 55.0126 000002000010002005
6 55.0126 000002000010002005 38.7903 000002000010003005
6 38.7903 000002000010003005 38.7903 000002000010003005
6 38.7903 000002000010003005 19719.2 000002000010003009
6 19719.2 000002000010003009 38.7903 000002000010003005
6 38.7903 000002000010003005 38.7903 000002000010003005
6 38.7903 000002000010003005 1227.02 000002000010009005
6 1227.02 000002000010009005 38.7903 000002000010003005
6 38.7903 000002000010003005 31221.3 001002000010003001
6 31221.3 001002000010003001 38.7903 000002000010003005
6 38.7903 000002000010003005 38.7903 000002000010003005
6 38.7903 000002000010003005 79.0003 000004000010003005
6 79.0003 000004000010003005 38.7903 000002000010003005
6 38.7903 000002000010003005 38.7903 000002000010003005
6 38.7903 000002000010003005 38.7903 000002000010003005
6 38.7903 000002000010003005 94.6542 004002000010003005
6 94.6542 004002000010003005 38.7903 000002000010003005
6 38.7903 000002000010003005 23356.6 004002000010003004
6 23356.6 004002000010003004 23079.8 004002000010011004
6 23079.8 004002000010011004 38.7903 000002000010003005
6 38.7903 000002000010003005 79.0003 000004000010003005
6 79.0003 000004000010003005 117.45 011004000010003005
6 117.45 011004000010003005 38.7903 000002000010003005
6 38.7903 000002000010003005 79.0003 000004000010003005
6 79.0003 000004000010003005 10264.2 000004000010003008
6 10264.2 000004000010003008 38.7903 000002000010003005
6 38.7903 000002000010003005 38.7903 000002000010003005
6 38.7903 000002000010003005 3931.7826250000003 000002000010012005
6 3931.7826250000003 000002000010012005 38.7903 000002000010003005
6 38.7903 000002000010003005 279550.2 000004000010003001
6 279550.2 000004000010003001 27700.7 000004000009003001
6 27700.7 000004000009003001 38.7903 000002000010003005
6 38.7903 000002000010003005 2724990.0 000002000009003001
6 2724990.0 000002000009003001 199331.0 000002001009003001
6 199331.0 000002001009003001 38.7903 000002000010003005
6 38.7903 000002000010003005 129859.10447 001002000010003005
6 129859.10447 001002000010003005 41.4714 001002000010002005
6 41.4714 001002000010002005 38.7903 000002000010003005
6 38.7903 000002000010003005 20531.3 000002000010003001
6 20531.3 000002000010003001 20531.3 000002000010003001
6 20531.3 000002000010003001 38.7903 000002000010003005
6 38.7903 000002000010003005 38.7903 000002000010003005
6 38.7903 000002000010003005 84.0837 000002001010003005
6 84.0837 000002001010003005 38.7903 000002000010003005
6 38.7903 000002000010003005 84245.98083333333 000004001010003005
6 84245.98083333333 000004001010003005 13684.4 000004001010003007
6 13684.4 000004001010003007 38.7903 000002000010003005
6 38.7903 000002000010003005 84245.98083333333 000004001010003005
6 84245.98083333333 000004001010003005 165.772 000000001010003005
6 165.772 000000001010003005 38.7903 000002000010003005
6 38.7903 000002000010003005 94.5214 000002001010003004
6 94.5214 000002001010003004 14317.6 000002000010003004
6 14317.6 000002000010003004 38.7903 000002000010003005
6 38.7903 000002000010003005 38.7903 000002000010003005
6 38.7903 000002000010003005 38.7903 000002000010003005
6 38.7903 000002000010003005 38.7903 000002000010003005
6 38.7903 000002000010003005 38.7903 000002000010003005
6 38.7903 000002000010003005 158658.96881666666 000002002010003005
6 158658.96881666666 000002002010003005 38.7903 000002000010003005
6 38.7903 000002000010003005 129859.10447 001002000010003005
6 129859.10447 001002000010003005 20832.3 018002000010003005
6 20832.3 018002000010003005 38.7903 000002000010003005
6 38.7903 000002000010003005 129859.10447 001002000010003005
6 129859.10447 001002000010003005 129859.10447 001002000010003005
6 129859.10447 001002000010003005 38.7903 000002000010003005
6 38.7903 000002000010003005 38.7903 000002000010003005
6 38.7903 000002000010003005 38.7903 000002000010003005
6 38.7903 000002000010003005 38.7903 000002000010003005
6 38.7903 000002000010003005 129859.10447 001002000010003005
6 129859.10447 001002000010003005 327811.0 001003000010003005
6 327811.0 001003000010003005 38.7903 000002000010003005
6 38.7903 000002000010003005 327811.0 001003000010003005
6 327811.0 001003000010003005 5580604.2 014003000010003005
6 5580604.2 014003000010003005 38.7903 000002000010003005
6 38.7903 000002000010003005 5580604.2 014003000010003005
6 5580604.2 014003000010003005 4256.92 014004000010003005
6 4256.92 014004000010003005 38.7903 000002000010003005
6 38.7903 000002000010003005 38.7903 000002000010003005
6 38.7903 000002000010003005 209986.0 000001000010003005
6 209986.0 000001000010003005 38.7903 000002000010003005
6 38.7903 000002000010003005 38.7903 000002000010003005
6 38.7903 000002000010003005 38.7903 000002000010003005
6 38.7903 000002000010003005 38.7903 000002000010003005
6 38.7903 000002000010003005 38.7903 000002000010003005
6 38.7903 000002000010003005 33585.8 000006000010003005
6 33585.8 000006000010003005 38.7903 000002000010003005
6 38.7903 000002000010003005 129859.10447 001002000010003005
6 129859.10447 001002000010003005 7019.19 001002000010003008
6 7019.19 001002000010003008 38.7903 000002000010003005
6 38.7903 000002000010003005 14317.6 000002000010003004
6 14317.6 000002000010003004 14317.6 000002000010003004
6 14317.6 000002000010003004 38.7903 000002000010003005
6 38.7903 000002000010003005 38.7903 000002000010003005
6 38.7903 000002000010003005 38.7903 000002000010003005
6 38.7903 000002000010003005 38.7903 000002000010003005
6 38.7903 000002000010003005 38.7903 000002000010003005
6 38.7903 000002000010003005 22258.3 000005000010003005
6 22258.3 000005000010003005 38.7903 000002000010003005
6 38.7903 000002000010003005 38.7903 000002000010003005
6 38.7903 000002000010003005 38.7903 000002000010003005
6 38.7903 000002000010003005 38.7903 000002000010003005
6 38.7903 000002000010003005 38.7903 000002000010003005
6 38.7903 000002000010003005 38.7903 000002000010003005
6 38.7903 000002000010003005 38.7903 000002000010003005
6 38.7903 000002000010003005 84.0837 000002001010003005
6 84.0837 000002001010003005 177535.0 000002001007003005
6 177535.0 000002001007003005 38.7903 000002000010003005
6 38.7903 000002000010003005 279550.2 000004000010003001
6 279550.2 000004000010003001 10264.2 000004000010003008
6 10264.2 000004000010003008 38.7903 000002000010003005
6 38.7903 000002000010003005 38.7903 000002000010003005
6 38.7903 000002000010003005 38.7903 000002000010003005
6 38.7903 000002000010003005 38.7903 000002000010003005
6 38.7903 000002000010003005 31221.3 001002000010003001
6 31221.3 001002000010003001 38.7903 000002000010003005
6 38.7903 000002000010003005 38.7903 000002000010003005
6 38.7903 000002000010003005 38.7903 000002000010003005
6 38.7903 000002000010003005 6825.87 014002000010003005
6 6825.87 014002000010003005 38.7903 000002000010003005
6 38.7903 000002000010003005 14317.6 000002000010003004
6 14317.6 000002000010003004 26824.6 000003000010003004
6 26824.6 000003000010003004 38.7903 000002000010003005
6 38.7903 000002000010003005 14317.6 000002000010003004
6 14317.6 000002000010003004 18.2191 000002000011003004
6 18.2191 000002000011003004 38.7903 000002000010003005
6 38.7903 000002000010003005 38.7903 000002000010003005
6 38.7903 000002000010003005 84.0837 000002001010003005
6 84.0837 000002001010003005 38.7903 000002000010003005
6 38.7903 000002000010003005 14317.6 000002000010003004
6 14317.6 000002000010003004 42.9665 000002000010003007
6 42.9665 000002000010003007 38.7903 000002000010003005
6 38.7903 000002000010003005 38.7903 000002000010003005
6 38.7903 000002000010003005 38.7903 000002000010003005
6 38.7903 000002000010003005 38.7903 000002000010003005
6 38.7903 000002000010003005 42.9665 000002000010003007
6 42.9665 000002000010003007 14707.7 000002002010003007
6 14707.7 000002002010003007 38.7903 000002000010003005
6 38.7903 000002000010003005 38.7903 000002000010003005
6 38.7903 000002000010003005 4901.04 000002000010008005
6 4901.04 000002000010008005 38.7903 000002000010003005
6 38.7903 000002000010003005 38.7903 000002000010003005
6 38.7903 000002000010003005 767.292 000002000000003005
6 767.292 000002000000003005 38.7903 000002000010003005
6 38.7903 000002000010003005 129859.10447 001002000010003005
6 129859.10447 001002000010003005 8461.32 001002000002003005
6 8461.32 001002000002003005 38.7903 000002000010003005
6 38.7903 000002000010003005 129859.10447 001002000010003005
6 129859.10447 001002000010003005 14675.5 001002002010003005
6 14675.5 001002002010003005 38.7903 000002000010003005
6 38.7903 000002000010003005 129859.10447 001002000010003005
6 129859.10447 001002000010003005 35542.3 001002001010003005
6 35542.3 001002001010003005 38.7903 000002000010003005
6 38.7903 000002000010003005 129859.10447 001002000010003005
6 129859.10447 001002000010003005 535557.0 001002000010001005
6 535557.0 001002000010001005 38.7903 000002000010003005
6 38.7903 000002000010003005 38.7903 000002000010003005
6 38.7903 000002000010003005 158658.96881666666 000002002010003005
6 158658.96881666666 000002002010003005 38.7903 000002000010003005
6 38.7903 000002000010003005 38.7903 000002000010003005
6 38.7903 000002000010003005 158658.96881666666 000002002010003005
6 158658.96881666666 000002002010003005 38.7903 000002000010003005
6 38.7903 000002000010003005 38.7903 000002000010003005
6 38.7903 000002000010003005 158658.96881666666 000002002010003005
6 158658.96881666666 000002002010003005 38.7903 000002000010003005
6 38.7903 000002000010003005 38.7903 000002000010003005
6 38.7903 000002000010003005 38.7903 000002000010003005
6 38.7903 000002000010003005 38.7903 000002000010003005
6 38.7903 000002000010003005 38.7903 000002000010003005
6 38.7903 000002000010003005 767.292 000002000000003005
6 767.292 000002000000003005 38.7903 000002000010003005
6 38.7903 000002000010003005 38.7903 000002000010003005
6 38.7903 000002000010003005 273.849 017002000010003005
6 273.849 017002000010003005 38.7903 000002000010003005
6 38.7903 000002000010003005 35542.3 001002001010003005
6 35542.3 001002001010003005 129859.10447 001002000010003005
6 129859.10447 001002000010003005 38.7903 000002000010003005
6 38.7903 000002000010003005 38.7903 000002000010003005
6 38.7903 000002000010003005 38.7903 000002000010003005
6 38.7903 000002000010003005 38.7903 000002000010003005
6 38.7903 000002000010003005 38.7903 000002000010003005
6 38.7903 000002000010003005 84.0837 000002001010003005
6 84.0837 000002001010003005 38.7903 000002000010003005
6 38.7903 000002000010003005 84.0837 000002001010003005
6 84.0837 000002001010003005 49.9676 000002001010003008
6 49.9676 000002001010003008 38.7903 000002000010003005
6 38.7903 000002000010003005 129859.10447 001002000010003005
6 129859.10447 001002000010003005 8.84374 001002000010005005
6 8.84374 001002000010005005 38.7903 000002000010003005
6 38.7903 000002000010003005 787622.0 001002001010005005
6 787622.0 001002001010005005 35.5022 001002001010008005
6 35.5022 001002001010008005 38.7903 000002000010003005
6 38.7903 000002000010003005 38.7903 000002000010003005
6 38.7903 000002000010003005 158658.96881666666 000002002010003005
6 158658.96881666666 000002002010003005 38.7903 000002000010003005
6 38.7903 000002000010003005 129859.10447 001002000010003005
6 129859.10447 001002000010003005 18196.2 001002000010003006
6 18196.2 001002000010003006 38.7903 000002000010003005
6 38.7903 000002000010003005 129859.10447 001002000010003005
6 129859.10447 001002000010003005 29.0777 001004000010003005
6 29.0777 001004000010003005 38.7903 000002000010003005
6 38.7903 000002000010003005 38.7903 000002000010003005
6 38.7903 000002000010003005 38.7903 000002000010003005
6 38.7903 000002000010003005 38.7903 000002000010003005
6 38.7903 000002000010003005 84.0837 000002001010003005
6 84.0837 000002001010003005 43.5053 000002001010003006
6 43.5053 000002001010003006 38.7903 000002000010003005
6 38.7903 000002000010003005 38.7903 000002000010003005
6 38.7903 000002000010003005 38.7903 000002000010003005
6 38.7903 000002000010003005 38.7903 000002000010003005
6 38.7903 000002000010003005 38.7903 000002000010003005
6 38.7903 000002000010003005 3931.7826250000003 000002000010012005
6 3931.7826250000003 000002000010012005 38.7903 000002000010003005
6 38.7903 000002000010003005 38.7903 000002000010003005
6 38.7903 000002000010003005 84.0837 000002001010003005
6 84.0837 000002001010003005 38.7903 000002000010003005
6 38.7903 000002000010003005 38.7903 000002000010003005
6 38.7903 000002000010003005 248724.82365 000002000004003005
6 248724.82365 000002000004003005 38.7903 000002000010003005
6 38.7903 000002000010003005 14317.6 000002000010003004
6 14317.6 000002000010003004 222107.0 000002002010003004
6 222107.0 000002002010003004 38.7903 000002000010003005
6 38.7903 000002000010003005 14317.6 000002000010003004
6 14317.6 000002000010003004 14317.6 000002000010003004
6 14317.6 000002000010003004 38.7903 000002000010003005
6 38.7903 000002000010003005 3931.7826250000003 000002000010012005
6 3931.7826250000003 000002000010012005 197.64 000002000010012000
6 197.64 000002000010012000 38.7903 000002000010003005
6 38.7903 000002000010003005 38.7903 000002000010003005
6 38.7903 000002000010003005 38.7903 000002000010003005
6 38.7903 000002000010003005 38.7903 000002000010003005
6 38.7903 000002000010003005 38.7903 000002000010003005
6 38.7903 000002000010003005 38.7903 000002000010003005
6 38.7903 000002000010003005 38.7903 000002000010003005
6 38.7903 000002000010003005 129859.10447 001002000010003005
6 129859.10447 001002000010003005 7019.19 001002000010003008
6 7019.19 001002000010003008 38.7903 000002000010003005
6 38.7903 000002000010003005 38.7903 000002000010003005
6 38.7903 000002000010003005 248724.82365 000002000004003005
6 248724.82365 000002000004003005 38.7903 000002000010003005
6 38.7903 000002000010003005 84.0837 000002001010003005
6 84.0837 000002001010003005 104063.0 000002001010003002
6 104063.0 000002001010003002 38.7903 000002000010003005
6 38.7903 000002000010003005 38.7903 000002000010003005
6 38.7903 000002000010003005 38.7903 000002000010003005
6 38.7903 000002000010003005 38.7903 000002000010003005
6 38.7903 000002000010003005 84.0837 000002001010003005
6 84.0837 000002001010003005 65.4964 000002001010000005
6 65.4964 000002001010000005 38.7903 000002000010003005
6 38.7903 000002000010003005 38.7903 000002000010003005
6 38.7903 000002000010003005 173.554 000002000001003005
6 173.554 000002000001003005 38.7903 000002000010003005
6 38.7903 000002000010003005 38.7903 000002000010003005
6 38.7903 000002000010003005 38.7903 000002000010003005
6 38.7903 000002000010003005 38.7903 000002000010003005
6 38.7903 000002000010003005 35542.3 001002001010003005
6 35542.3 001002001010003005 14093.0 001002001010003003
6 14093.0 001002001010003003 38.7903 000002000010003005
6 38.7903 000002000010003005 1.21513 001002000010012004
6 1.21513 001002000010012004 38.7903 000002000010003005
6 38.7903 000002000010003005 38.7903 000002000010003005
6 38.7903 000002000010003005 38.7903 000002000010003005
6 38.7903 000002000010003005 38.7903 000002000010003005
6 38.7903 000002000010003005 1.21513 001002000010012004
6 1.21513 001002000010012004 38.7903 000002000010003005
6 38.7903 000002000010003005 38.7903 000002000010003005
6 38.7903 000002000010003005 1.21513 001002000010012004
6 1.21513 001002000010012004 14117.4 000002000010012004
6 14117.4 000002000010012004 1537.48 000002000010012006
6 1537.48 000002000010012006 1.21513 001002000010012004
6 1.21513 001002000010012004 3931.7826250000003 000002000010012005
6 3931.7826250000003 000002000010012005 720.969 000002000010012001
6 720.969 000002000010012001 1.21513 001002000010012004
6 1.21513 001002000010012004 3931.7826250000003 000002000010012005
6 3931.7826250000003 000002000010012005 453652.0 000002001010012005
6 453652.0 000002001010012005 1.21513 001002000010012004
6 1.21513 001002000010012004 38.7903 000002000010003005
6 38.7903 000002000010003005 337653.0 000002000010010005
6 337653.0 000002000010010005 1.21513 001002000010012004
6 1.21513 001002000010012004 14317.6 000002000010003004
6 14317.6 000002000010003004 14317.6 000002000010003004
6 14317.6 000002000010003004 1.21513 001002000010012004
6 1.21513 001002000010012004 257253.0 000002001010012004
6 257253.0 000002001010012004 2900.11 000002001012012004
6 2900.11 000002001012012004 1.21513 001002000010012004
6 1.21513 001002000010012004 38.7903 000002000010003005
6 38.7903 000002000010003005 42.9665 000002000010003007
6 42.9665 000002000010003007 1.21513 001002000010012004
6 1.21513 001002000010012004 38.7903 000002000010003005
6 38.7903 000002000010003005 209986.0 000001000010003005
6 209986.0 000001000010003005 1.21513 001002000010012004
6 1.21513 001002000010012004 432961.0 001002000010012005
6 432961.0 001002000010012005 129859.10447 001002000010003005
6 129859.10447 001002000010003005 1.21513 001002000010012004
6 1.21513 001002000010012004 84.0837 000002001010003005
6 84.0837 000002001010003005 49.9676 000002001010003008
6 49.9676 000002001010003008 1.21513 001002000010012004
6 1.21513 001002000010012004 84.0837 000002001010003005
6 84.0837 000002001010003005 158658.96881666666 000002002010003005
6 158658.96881666666 000002002010003005 1.21513 001002000010012004
6 1.21513 001002000010012004 129859.10447 001002000010003005
6 129859.10447 001002000010003005 1.21513 001002000010012004
6 1.21513 001002000010012004 38.7903 000002000010003005
6 38.7903 000002000010003005 129859.10447 001002000010003005
6 129859.10447 001002000010003005 1.21513 001002000010012004
6 1.21513 001002000010012004 38.7903 000002000010003005
6 38.7903 000002000010003005 38.7903 000002000010003005
6 38.7903 000002000010003005 4171.54 000002000003003005
6 4171.54 000002000003003005 1.21513 001002000010012004
6 1.21513 001002000010012004 129859.10447 001002000010003005
6 129859.10447 001002000010003005 3458.42 010002000010003005
6 3458.42 010002000010003005 1.21513 001002000010012004
6 1.21513 001002000010012004 35542.3 001002001010003005
6 35542.3 001002001010003005 35542.3 001002001010003005
6 35542.3 001002001010003005 1.21513 001002000010012004
6 1.21513 001002000010012004 84.0837 000002001010003005
6 84.0837 000002001010003005 7068.71 000002001010006005
6 7068.71 000002001010006005 1.21513 001002000010012004
6 1.21513 001002000010012004 278673.0 001002000010003004
6 278673.0 001002000010003004 222226.0 001001000010003004
6 222226.0 001001000010003004 1.21513 001002000010012004
7 1.21513 001002000010012004 731440.0 000005000005003005
7 731440.0 000005000005003005 504888.0 000005000005012005
7 504888.0 000005000005012005 62.8251 004001001003008009
7 62.8251 004001001003008009 715774.0 000001001006003000
7 715774.0 000001001006003000 126.284 000001000006003000
7 126.284 000001000006003000 62.8251 004001001003008009
7 62.8251 004001001003008009 12296.1 000001001003003000
7 12296.1 000001001003003000 62.8251 004001001003008009
7 62.8251 004001001003008009 126.284 000001000006003000
7 126.284 000001000006003000 920867.226875 000004001006003009
7 920867.226875 000004001006003009 15443.5 020004001006003009
7 15443.5 020004001006003009 62.8251 004001001003008009
7 62.8251 004001001003008009 832242.0 000005001003000007
7 832242.0 000005001003000007 381300.0 000005001003010007
7 381300.0 000005001003010007 62.8251 004001001003008009
7 62.8251 004001001003008009 1657440.0 004004001003008009
7 1657440.0 004004001003008009 1255460.0 019004001003008009
7 1255460.0 019004001003008009 62.8251 004001001003008009
7 62.8251 004001001003008009 48903.0 010004001003003000
7 48903.0 010004001003003000 16475.5 010004000003003000
7 16475.5 010004000003003000 62.8251 004001001003008009
7 62.8251 004001001003008009 71009100.0 000004000006000000
7 71009100.0 000004000006000000 18886500.0 000000000006000000
7 18886500.0 000000000006000000 62.8251 004001001003008009
7 62.8251 004001001003008009 167928000.0 020004000003000009
7 167928000.0 020004000003000009 51750.9 020004000007000009
7 51750.9 020004000007000009 62.8251 004001001003008009
7 62.8251 004001001003008009 3614.51 000004000003003009
7 3614.51 000004000003003009 62.8251 004001001003008009
7 62.8251 004001001003008009 126.284 000001000006003000
7 126.284 000001000006003000 82.2286 000001000003003009
7 82.2286 000001000003003009 1205870.0 000001000010003009
7 1205870.0 000001000010003009 62.8251 004001001003008009
7 62.8251 004001001003008009 6839450.0 000001000006000009
7 6839450.0 000001000006000009 62170.4 000001000006000003
7 62170.4 000001000006000003 62.8251 004001001003008009
7 62.8251 004001001003008009 12296.1 000001001003003000
7 12296.1 000001001003003000 159440.0 000001001011003000
7 159440.0 000001001011003000 62.8251 004001001003008009
7 62.8251 004001001003008009 493872.06115 000001000010003000
7 493872.06115 000001000010003000 62.8251 004001001003008009
7 62.8251 004001001003008009 1205870.0 000001000010003009
7 1205870.0 000001000010003009 82.2286 000001000003003009
7 82.2286 000001000003003009 3599.4 000001000003003004
7 3599.4 000001000003003004 493872.06115 000001000010003000
7 493872.06115 000001000010003000 82.2286 000001000003003009
7 82.2286 000001000003003009 47.3242 000001000003007009
7 47.3242 000001000003007009 493872.06115 000001000010003000
7 493872.06115 000001000010003000 1108140.0 000001000006008000
7 1108140.0 000001000006008000 578409.0 000001000009008000
7 578409.0 000001000009008000 493872.06115 000001000010003000
7 493872.06115 000001000010003000 64.546 000001001003003009
7 64.546 000001001003003009 64.546 000001001003003009
7 64.546 000001001003003009 493872.06115 000001000010003000
7 493872.06115 000001000010003000 443147.0 000001001003003004
7 443147.0 000001001003003004 328985.0 000001001003002004
7 328985.0 000001001003002004 493872.06115 000001000010003000
7 493872.06115 000001000010003000 751469.7429190244 000001001006003009
7 751469.7429190244 000001001006003009 577948.59849 000001001006011009
7 577948.59849 000001001006011009 493872.06115 000001000010003000
7 493872.06115 000001000010003000 751469.7429190244 000001001006003009
7 751469.7429190244 000001001006003009 577948.59849 000001001006011009
7 577948.59849 000001001006011009 493872.06115 000001000010003000
7 493872.06115 000001000010003000 251519.0 000001001003008000
7 251519.0 000001001003008000 222425.0 000001001003008003
7 222425.0 000001001003008003 577948.59849 000001001006011009
7 577948.59849 000001001006011009 2491010.0 000001000003011009
7 2491010.0 000001000003011009 82.2286 000001000003003009
7 82.2286 000001000003003009 577948.59849 000001001006011009
7 577948.59849 000001001006011009 1205870.0 000001000010003009
7 1205870.0 000001000010003009 1611.98525 000001001010003009
7 1611.98525 000001001010003009 577948.59849 000001001006011009
7 577948.59849 000001001006011009 577948.59849 000001001006011009
7 577948.59849 000001001006011009 1040734.415 000001000006011009
7 1040734.415 000001000006011009 577948.59849 000001001006011009
7 577948.59849 000001001006011009 1205.99 000001000006003009
7 1205.99 000001000006003009 2662763.41666875 000001000006009009
7 2662763.41666875 000001000006009009 577948.59849 000001001006011009
7 577948.59849 000001001006011009 76.2725 000001001006008009
7 76.2725 000001001006008009 2662763.41666875 000001000006009009
7 2662763.41666875 000001000006009009 577948.59849 000001001006011009
7 577948.59849 000001001006011009 751469.7429190244 000001001006003009
7 751469.7429190244 000001001006003009 2662763.41666875 000001000006009009
7 2662763.41666875 000001000006009009 577948.59849 000001001006011009
7 577948.59849 000001001006011009 1205.99 000001000006003009
7 1205.99 000001000006003009 1205.99 000001000006003009
7 1205.99 000001000006003009 751469.7429190244 000001001006003009
7 751469.7429190244 000001001006003009 1205.99 000001000006003009
7 1205.99 000001000006003009 1205870.0 000001000010003009
7 1205870.0 000001000010003009 751469.7429190244 000001001006003009
7 751469.7429190244 000001001006003009 1155360.0 000001000010011009
7 1155360.0 000001000010011009 41.8131 000001001010011009
7 41.8131 000001001010011009 751469.7429190244 000001001006003009
7 751469.7429190244 000001001006003009 751469.7429190244 000001001006003009
7 751469.7429190244 000001001006003009 39692.6 000006001006003009
7 39692.6 000006001006003009 751469.7429190244 000001001006003009
7 751469.7429190244 000001001006003009 1611.98525 000001001010003009
7 1611.98525 000001001010003009 751469.7429190244 000001001006003009
7 751469.7429190244 000001001006003009 2662763.41666875 000001000006009009
7 2662763.41666875 000001000006009009 61.9782 000001001006009009
7 61.9782 000001001006009009 61.9782 000001001006009009
7 61.9782 000001001006009009 751469.7429190244 000001001006003009
7 751469.7429190244 000001001006003009 751469.7429190244 000001001006003009
7 751469.7429190244 000001001006003009 1692.04 000001002006003009
7 1692.04 000001002006003009 751469.7429190244 000001001006003009
7 751469.7429190244 000001001006003009 751469.7429190244 000001001006003009
7 751469.7429190244 000001001006003009 47.5209 000001001006003001
7 47.5209 000001001006003001 751469.7429190244 000001001006003009
7 751469.7429190244 000001001006003009 1205.99 000001000006003009
7 1205.99 000001000006003009 3440.91 000001000008003009
7 3440.91 000001000008003009 751469.7429190244 000001001006003009
7 751469.7429190244 000001001006003009 1040734.415 000001000006011009
7 1040734.415 000001000006011009 529.787 000001000000011009
7 529.787 000001000000011009 751469.7429190244 000001001006003009
7 751469.7429190244 000001001006003009 1205870.0 000001000010003009
7 1205870.0 000001000010003009 1879.57 000001000005003009
7 1879.57 000001000005003009 751469.7429190244 000001001006003009
7 751469.7429190244 000001001006003009 493872.06115 000001000010003000
7 493872.06115 000001000010003000 10563.8 000003000010003000
7 10563.8 000003000010003000 751469.7429190244 000001001006003009
7 751469.7429190244 000001001006003009 42089.6 000001001010003000
7 42089.6 000001001010003000 15860.1 006001001010003000
7 15860.1 006001001010003000 751469.7429190244 000001001006003009
7 751469.7429190244 000001001006003009 1879.57 000001000005003009
7 1879.57 000001000005003009 811.995 000002000005003009
7 811.995 000002000005003009 751469.7429190244 000001001006003009
7 751469.7429190244 000001001006003009 61.9782 000001001006009009
7 61.9782 000001001006009009 217640.325 000001001005009009
7 217640.325 000001001005009009 751469.7429190244 000001001006003009
7 751469.7429190244 000001001006003009 48.3844 000001001005003009
7 48.3844 000001001005003009 751469.7429190244 000001001006003009
7 751469.7429190244 000001001006003009 1692.04 000001002006003009
7 1692.04 000001002006003009 48.3844 000001001005003009
7 48.3844 000001001005003009 751469.7429190244 000001001006003009
7 751469.7429190244 000001001006003009 1692.04 000001002006003009
7 1692.04 000001002006003009 1205.99 000001000006003009
7 1205.99 000001000006003009 195724.0 000001000006003001
7 195724.0 000001000006003001 751469.7429190244 000001001006003009
7 751469.7429190244 000001001006003009 48.3844 000001001005003009
7 48.3844 000001001005003009 57.1754 000001001005011009
7 57.1754 000001001005011009 751469.7429190244 000001001006003009
7 751469.7429190244 000001001006003009 48.3844 000001001005003009
7 48.3844 000001001005003009 48.3844 000001001005003009
7 48.3844 000001001005003009 751469.7429190244 000001001006003009
7 751469.7429190244 000001001006003009 48.3844 000001001005003009
7 48.3844 000001001005003009 393.24 000001001009003009
7 393.24 000001001009003009 751469.7429190244 000001001006003009
7 751469.7429190244 000001001006003009 1205.99 000001000006003009
7 1205.99 000001000006003009 3911.9179000000004 000001000011003009
7 3911.9179000000004 000001000011003009 751469.7429190244 000001001006003009
7 751469.7429190244 000001001006003009 751469.7429190244 000001001006003009
7 751469.7429190244 000001001006003009 751469.7429190244 000001001006003009
7 751469.7429190244 000001001006003009 751469.7429190244 000001001006003009
7 751469.7429190244 000001001006003009 596144.0 000001001011003009
7 596144.0 000001001011003009 721607.0 000001002011003009
7 721607.0 000001002011003009 751469.7429190244 000001001006003009
7 751469.7429190244 000001001006003009 1205.99 000001000006003009
7 1205.99 000001000006003009 1879.57 000001000005003009
7 1879.57 000001000005003009 751469.7429190244 000001001006003009
7 751469.7429190244 000001001006003009 123421.47 000001002005003009
7 123421.47 000001002005003009 2221250.0 000002002005003009
7 2221250.0 000002002005003009 751469.7429190244 000001001006003009
7 751469.7429190244 000001001006003009 1205.99 000001000006003009
7 1205.99 000001000006003009 661345.6566333333 000000000006003009
7 661345.6566333333 000000000006003009 751469.7429190244 000001001006003009
7 751469.7429190244 000001001006003009 751469.7429190244 000001001006003009
7 751469.7429190244 000001001006003009 319.839 000001001006010009
7 319.839 000001001006010009 751469.7429190244 000001001006003009
7 751469.7429190244 000001001006003009 751469.7429190244 000001001006003009
7 751469.7429190244 000001001006003009 1692.04 000001002006003009
7 1692.04 000001002006003009 751469.7429190244 000001001006003009
7 751469.7429190244 000001001006003009 2662763.41666875 000001000006009009
7 2662763.41666875 000001000006009009 3913.09 009001000006009009
7 3913.09 009001000006009009 751469.7429190244 000001001006003009
7 751469.7429190244 000001001006003009 751469.7429190244 000001001006003009
7 751469.7429190244 000001001006003009 82.1333 000001001006006009
7 82.1333 000001001006006009 751469.7429190244 000001001006003009
7 751469.7429190244 000001001006003009 661345.6566333333 000000000006003009
7 661345.6566333333 000000000006003009 81.0682 000000000006006009
7 81.0682 000000000006006009 751469.7429190244 000001001006003009
7 751469.7429190244 000001001006003009 1692780.0 000000000005003009
7 1692780.0 000000000005003009 40.6768 000000000005008009
7 40.6768 000000000005008009 751469.7429190244 000001001006003009
7 751469.7429190244 000001001006003009 1205.99 000001000006003009
7 1205.99 000001000006003009 4190.64 004001000006003009
7 4190.64 004001000006003009 751469.7429190244 000001001006003009
7 751469.7429190244 000001001006003009 1205.99 000001000006003009
7 1205.99 000001000006003009 2191.88 003001000006003009
7 2191.88 003001000006003009 751469.7429190244 000001001006003009
7 751469.7429190244 000001001006003009 1205.99 000001000006003009
7 1205.99 000001000006003009 1205.99 000001000006003009
7 1205.99 000001000006003009 751469.7429190244 000001001006003009
7 751469.7429190244 000001001006003009 1879.57 000001000005003009
7 1879.57 000001000005003009 751469.7429190244 000001001006003009
7 751469.7429190244 000001001006003009 1692.04 000001002006003009
7 1692.04 000001002006003009 3911.9179000000004 000001000011003009
7 3911.9179000000004 000001000011003009 51.1906 000001000002003009
7 51.1906 000001000002003009 751469.7429190244 000001001006003009
7 751469.7429190244 000001001006003009 1205.99 000001000006003009
7 1205.99 000001000006003009 2170158.4675 000004000006003009
7 2170158.4675 000004000006003009 751469.7429190244 000001001006003009
7 751469.7429190244 000001001006003009 16444.7 000001000011009009
7 16444.7 000001000011009009 4833710.0 000002000011009009
7 4833710.0 000002000011009009 751469.7429190244 000001001006003009
7 751469.7429190244 000001001006003009 3443050.0 000000001011003009
7 3443050.0 000000001011003009 1327180.0 000000002011003009
7 1327180.0 000000002011003009 751469.7429190244 000001001006003009
7 751469.7429190244 000001001006003009 1205.99 000001000006003009
7 1205.99 000001000006003009 4300.54 000001000006005009
7 4300.54 000001000006005009 751469.7429190244 000001001006003009
7 751469.7429190244 000001001006003009 1879.57 000001000005003009
7 1879.57 000001000005003009 80.6565 000001000005001009
7 80.6565 000001000005001009 751469.7429190244 000001001006003009
7 751469.7429190244 000001001006003009 3253120.0 000001000006001009
7 3253120.0 000001000006001009 2894600.0 000000000006001009
7 2894600.0 000000000006001009 751469.7429190244 000001001006003009
7 751469.7429190244 000001001006003009 1205.99 000001000006003009
7 1205.99 000001000006003009 495144.0 000001000006003008
7 495144.0 000001000006003008 751469.7429190244 000001001006003009
7 751469.7429190244 000001001006003009 1205.99 000001000006003009
7 1205.99 000001000006003009 661345.6566333333 000000000006003009
7 661345.6566333333 000000000006003009 751469.7429190244 000001001006003009
7 751469.7429190244 000001001006003009 85.2829 000000002005003009
7 85.2829 000000002005003009 472151.0 000000002001003009
7 472151.0 000000002001003009 751469.7429190244 000001001006003009
7 751469.7429190244 000001001006003009 1692.04 000001002006003009
7 1692.04 000001002006003009 1692.04 000001002006003009
7 1692.04 000001002006003009 751469.7429190244 000001001006003009
7 751469.7429190244 000001001006003009 1205.99 000001000006003009
7 1205.99 000001000006003009 51.1906 000001000002003009
7 51.1906 000001000002003009 751469.7429190244 000001001006003009
7 751469.7429190244 000001001006003009 736445.6966666667 000001002006009009
7 736445.6966666667 000001002006009009 49.993 000001002006009007
7 49.993 000001002006009007 751469.7429190244 000001001006003009
7 751469.7429190244 000001001006003009 1020628.6173 000001000005009009
7 1020628.6173 000001000005009009 5264.85 000001000004009009
7 5264.85 000001000004009009 751469.7429190244 000001001006003009
7 751469.7429190244 000001001006003009 1086550.0 000000001006003009
7 1086550.0 000000001006003009 613458.0 000000001006008009
7 613458.0 000000001006008009 751469.7429190244 000001001006003009
7 751469.7429190244 000001001006003009 1692780.0 000000000005003009
7 1692780.0 000000000005003009 85.2829 000000002005003009
7 85.2829 000000002005003009 751469.7429190244 000001001006003009
7 751469.7429190244 000001001006003009 1879.57 000001000005003009
7 1879.57 000001000005003009 575.242 000001000005002009
7 575.242 000001000005002009 751469.7429190244 000001001006003009
7 751469.7429190244 000001001006003009 1692.04 000001002006003009
7 1692.04 000001002006003009 197.75 000001002006003002
7 197.75 000001002006003002 751469.7429190244 000001001006003009
7 751469.7429190244 000001001006003009 208108.0 000001000006003002
7 208108.0 000001000006003002 197.75 000001002006003002
7 197.75 000001002006003002 751469.7429190244 000001001006003009
7 751469.7429190244 000001001006003009 1205.99 000001000006003009
7 1205.99 000001000006003009 1692.04 000001002006003009
7 1692.04 000001002006003009 751469.7429190244 000001001006003009
7 751469.7429190244 000001001006003009 1692.04 000001002006003009
7 1692.04 000001002006003009 1692.04 000001002006003009
7 1692.04 000001002006003009 751469.7429190244 000001001006003009
7 751469.7429190244 000001001006003009 1879.57 000001000005003009
7 1879.57 000001000005003009 87.161 000001000005003007
7 87.161 000001000005003007 751469.7429190244 000001001006003009
7 751469.7429190244 000001001006003009 3911.9179000000004 000001000011003009
7 3911.9179000000004 000001000011003009 3172222.326825 000001000000003009
7 3172222.326825 000001000000003009 751469.7429190244 000001001006003009
7 751469.7429190244 000001001006003009 1205.99 000001000006003009
7 1205.99 000001000006003009 3911.9179000000004 000001000011003009
7 3911.9179000000004 000001000011003009 751469.7429190244 000001001006003009
7 751469.7429190244 000001001006003009 1879.57 000001000005003009
7 1879.57 000001000005003009 123421.47 000001002005003009
7 123421.47 000001002005003009 751469.7429190244 000001001006003009
7 751469.7429190244 000001001006003009 751469.7429190244 000001001006003009
7 751469.7429190244 000001001006003009 577948.59849 000001001006011009
7 577948.59849 000001001006011009 751469.7429190244 000001001006003009
7 751469.7429190244 000001001006003009 3172222.326825 000001000000003009
7 3172222.326825 000001000000003009 3172222.326825 000001000000003009
7 3172222.326825 000001000000003009 577948.59849 000001001006011009
7 577948.59849 000001001006011009 1879.57 000001000005003009
7 1879.57 000001000005003009 1879.57 000001000005003009
7 1879.57 000001000005003009 577948.59849 000001001006011009
7 577948.59849 000001001006011009 1205.99 000001000006003009
7 1205.99 000001000006003009 2734.48 009001000006003009
7 2734.48 009001000006003009 577948.59849 000001001006011009
7 577948.59849 000001001006011009 751469.7429190244 000001001006003009
7 751469.7429190244 000001001006003009 577948.59849 000001001006011009
7 577948.59849 000001001006011009 751469.7429190244 000001001006003009
7 751469.7429190244 000001001006003009 1879.57 000001000005003009
7 1879.57 000001000005003009 48.3844 000001001005003009
7 48.3844 000001001005003009 577948.59849 000001001006011009
7 577948.59849 000001001006011009 1020628.6173 000001000005009009
7 1020628.6173 000001000005009009 294.331 000001000005009007
7 294.331 000001000005009007 577948.59849 000001001006011009
7 577948.59849 000001001006011009 1879.57 000001000005003009
7 1879.57 000001000005003009 1879.57 000001000005003009
7 1879.57 000001000005003009 577948.59849 000001001006011009
7 577948.59849 000001001006011009 1205.99 000001000006003009
7 1205.99 000001000006003009 2662763.41666875 000001000006009009
7 2662763.41666875 000001000006009009 577948.59849 000001001006011009
7 577948.59849 000001001006011009 1205.99 000001000006003009
7 1205.99 000001000006003009 1958660.0 000001000007003009
7 1958660.0 000001000007003009 577948.59849 000001001006011009
7 577948.59849 000001001006011009 3172222.326825 000001000000003009
7 3172222.326825 000001000000003009 577948.59849 000001001006011009
7 577948.59849 000001001006011009 751469.7429190244 000001001006003009
7 751469.7429190244 000001001006003009 1879.57 000001000005003009
7 1879.57 000001000005003009 123421.47 000001002005003009
7 123421.47 000001002005003009 577948.59849 000001001006011009
7 577948.59849 000001001006011009 123421.47 000001002005003009
7 123421.47 000001002005003009 85.2829 000000002005003009
7 85.2829 000000002005003009 577948.59849 000001001006011009
7 577948.59849 000001001006011009 751469.7429190244 000001001006003009
7 751469.7429190244 000001001006003009 447.329 000003001006003009
7 447.329 000003001006003009 577948.59849 000001001006011009
7 577948.59849 000001001006011009 751469.7429190244 000001001006003009
7 751469.7429190244 000001001006003009 577948.59849 000001001006011009
7 577948.59849 000001001006011009 751469.7429190244 000001001006003009
7 751469.7429190244 000001001006003009 1205.99 000001000006003009
7 1205.99 000001000006003009 242105.085 000001000006003005
7 242105.085 000001000006003005 577948.59849 000001001006011009
7 577948.59849 000001001006011009 242105.085 000001000006003005
7 242105.085 000001000006003005 8428.6 017001000006003005
7 8428.6 017001000006003005 577948.59849 000001001006011009
7 577948.59849 000001001006011009 3911.9179000000004 000001000011003009
7 3911.9179000000004 000001000011003009 3440.91 000001000008003009
7 3440.91 000001000008003009 577948.59849 000001001006011009
7 577948.59849 000001001006011009 1310610.0 000001001011011009
7 1310610.0 000001001011011009 54.1092 000001001011009009
7 54.1092 000001001011009009 577948.59849 000001001006011009
7 577948.59849 000001001006011009 2662763.41666875 000001000006009009
7 2662763.41666875 000001000006009009 2662763.41666875 000001000006009009
7 2662763.41666875 000001000006009009 577948.59849 000001001006011009
7 577948.59849 000001001006011009 48.3844 000001001005003009
7 48.3844 000001001005003009 53.2294 000001001005003000
7 53.2294 000001001005003000 577948.59849 000001001006011009
7 577948.59849 000001001006011009 751469.7429190244 000001001006003009
7 751469.7429190244 000001001006003009 1303.42 016001001006003009
7 1303.42 016001001006003009 577948.59849 000001001006011009
7 577948.59849 000001001006011009 1692.04 000001002006003009
7 1692.04 000001002006003009 1692.04 000001002006003009
7 1692.04 000001002006003009 577948.59849 000001001006011009
7 577948.59849 000001001006011009 61.9782 000001001006009009
7 61.9782 000001001006009009 1403.65 008001001006009009
7 1403.65 008001001006009009 577948.59849 000001001006011009
7 577948.59849 000001001006011009 61.9782 000001001006009009
7 61.9782 000001001006009009 275.03 010001001006009009
7 275.03 010001001006009009 577948.59849 000001001006011009
7 577948.59849 000001001006011009 1205.99 000001000006003009
7 1205.99 000001000006003009 3911.9179000000004 000001000011003009
7 3911.9179000000004 000001000011003009 577948.59849 000001001006011009
7 577948.59849 000001001006011009 2662763.41666875 000001000006009009
7 2662763.41666875 000001000006009009 3430510.0 000001000009009009
7 3430510.0 000001000009009009 577948.59849 000001001006011009
7 577948.59849 000001001006011009 1692.04 000001002006003009
7 1692.04 000001002006003009 1114740.0 000001002007003009
7 1114740.0 000001002007003009 577948.59849 000001001006011009
7 577948.59849 000001001006011009 430988.8801333333 000001002005009009
7 430988.8801333333 000001002005009009 577948.59849 000001001006011009
7 577948.59849 000001001006011009 751469.7429190244 000001001006003009
7 751469.7429190244 000001001006003009 430988.8801333333 000001002005009009
7 430988.8801333333 000001002005009009 4777.73 000001002005011009
7 4777.73 000001002005011009 577948.59849 000001001006011009
7 577948.59849 000001001006011009 1040734.415 000001000006011009
7 1040734.415 000001000006011009 88.4478 000001000006011008
7 88.4478 000001000006011008 577948.59849 000001001006011009
7 577948.59849 000001001006011009 736445.6966666667 000001002006009009
7 736445.6966666667 000001002006009009 205362.0 000001002006009003
7 205362.0 000001002006009003 577948.59849 000001001006011009
7 577948.59849 000001001006011009 1205.99 000001000006003009
7 1205.99 000001000006003009 1692.04 000001002006003009
7 1692.04 000001002006003009 577948.59849 000001001006011009
7 577948.59849 000001001006011009 1020628.6173 000001000005009009
7 1020628.6173 000001000005009009 577948.59849 000001001006011009
7 577948.59849 000001001006011009 751469.7429190244 000001001006003009
7 751469.7429190244 000001001006003009 217640.325 000001001005009009
7 217640.325 000001001005009009 232046.0 000001001005006009
7 232046.0 000001001005006009 577948.59849 000001001006011009
7 577948.59849 000001001006011009 1205.99 000001000006003009
7 1205.99 000001000006003009 1958660.0 000001000007003009
7 1958660.0 000001000007003009 577948.59849 000001001006011009
7 577948.59849 000001001006011009 1879.57 000001000005003009
7 1879.57 000001000005003009 127.655 005001000005003009
7 127.655 005001000005003009 577948.59849 000001001006011009
7 577948.59849 000001001006011009 1205.99 000001000006003009
7 1205.99 000001000006003009 1205.99 000001000006003009
7 1205.99 000001000006003009 577948.59849 000001001006011009
7 577948.59849 000001001006011009 2662763.41666875 000001000006009009
7 2662763.41666875 000001000006009009 2662763.41666875 000001000006009009
7 2662763.41666875 000001000006009009 577948.59849 000001001006011009
7 577948.59849 000001001006011009 751469.7429190244 000001001006003009
7 751469.7429190244 000001001006003009 505632.5 000001001006003005
7 505632.5 000001001006003005 577948.59849 000001001006011009
7 577948.59849 000001001006011009 505632.5 000001001006003005
7 505632.5 000001001006003005 37447.3 000001001006003006
7 37447.3 000001001006003006 577948.59849 000001001006011009
7 577948.59849 000001001006011009 1524590.0 000001000006009006
7 1524590.0 000001000006009006 752179.0 000003000006009006
7 752179.0 000003000006009006 577948.59849 000001001006011009
7 577948.59849 000001001006011009 1692.04 000001002006003009
7 1692.04 000001002006003009 1062.55 000002002006003009
7 1062.55 000002002006003009 577948.59849 000001001006011009
7 577948.59849 000001001006011009 1692.04 000001002006003009
7 1692.04 000001002006003009 1692.04 000001002006003009
7 1692.04 000001002006003009 577948.59849 000001001006011009
7 577948.59849 000001001006011009 61.9782 000001001006009009
7 61.9782 000001001006009009 61.9782 000001001006009009
7 61.9782 000001001006009009 577948.59849 000001001006011009
7 577948.59849 000001001006011009 3842990.0 000001001000003009
7 3842990.0 000001001000003009 1631.01 000004001000003009
7 1631.01 000004001000003009 577948.59849 000001001006011009
7 577948.59849 000001001006011009 920867.226875 000004001006003009
7 920867.226875 000004001006003009 920867.226875 000004001006003009
7 920867.226875 000004001006003009 577948.59849 000001001006011009
7 577948.59849 000001001006011009 577948.59849 000001001006011009
7 577948.59849 000001001006011009 133.741 000001001001011009
7 133.741 000001001001011009 577948.59849 000001001006011009
7 577948.59849 000001001006011009 2784400.0 000001001001009009
7 2784400.0 000001001001009009 217640.325 000001001005009009
7 217640.325 000001001005009009 577948.59849 000001001006011009
7 577948.59849 000001001006011009 430988.8801333333 000001002005009009
7 430988.8801333333 000001002005009009 253.718 000001002009009009
7 253.718 000001002009009009 577948.59849 000001001006011009
7 577948.59849 000001001006011009 751469.7429190244 000001001006003009
7 751469.7429190244 000001001006003009 1904940.0 000002001006003009
7 1904940.0 000002001006003009 577948.59849 000001001006011009
7 577948.59849 000001001006011009 48.3844 000001001005003009
7 48.3844 000001001005003009 70.3555 000001001005004009
7 70.3555 000001001005004009 577948.59849 000001001006011009
7 577948.59849 000001001006011009 2662763.41666875 000001000006009009
7 2662763.41666875 000001000006009009 1227850.0 000001000006009005
7 1227850.0 000001000006009005 577948.59849 000001001006011009
7 577948.59849 000001001006011009 1205.99 000001000006003009
7 1205.99 000001000006003009 5296.72 000001000006006009
7 5296.72 000001000006006009 577948.59849 000001001006011009
7 577948.59849 000001001006011009 751469.7429190244 000001001006003009
7 751469.7429190244 000001001006003009 7791.48 007001001006003009
7 7791.48 007001001006003009 577948.59849 000001001006011009
7 577948.59849 000001001006011009 1879.57 000001000005003009
7 1879.57 000001000005003009 3911.9179000000004 000001000011003009
7 3911.9179000000004 000001000011003009 577948.59849 000001001006011009
7 577948.59849 000001001006011009 1205.99 000001000006003009
7 1205.99 000001000006003009 1205.99 000001000006003009
7 1205.99 000001000006003009 577948.59849 000001001006011009
7 577948.59849 000001001006011009 1040734.415 000001000006011009
7 1040734.415 000001000006011009 165665.0 000001000006011003
7 165665.0 000001000006011003 577948.59849 000001001006011009
7 577948.59849 000001001006011009 577948.59849 000001001006011009
7 577948.59849 000001001006011009 2314.36 000001001006002009
7 2314.36 000001001006002009 577948.59849 000001001006011009
7 577948.59849 000001001006011009 2662763.41666875 000001000006009009
7 2662763.41666875 000001000006009009 7200.79 000001000006009008
7 7200.79 000001000006009008 577948.59849 000001001006011009
7 577948.59849 000001001006011009 2662763.41666875 000001000006009009
7 2662763.41666875 000001000006009009 799.687 000002000006009009
7 799.687 000002000006009009 577948.59849 000001001006011009
7 577948.59849 000001001006011009 2662763.41666875 000001000006009009
7 2662763.41666875 000001000006009009 1276780.0 000001000000009009
7 1276780.0 000001000000009009 577948.59849 000001001006011009
7 577948.59849 000001001006011009 2662763.41666875 000001000006009009
7 2662763.41666875 000001000006009009 6549.76 013001000006009009
7 6549.76 013001000006009009 577948.59849 000001001006011009
7 577948.59849 000001001006011009 2694.63 000001002006011009
7 2694.63 000001002006011009 2694.63 000001002006011009
7 2694.63 000001002006011009 577948.59849 000001001006011009
7 577948.59849 000001001006011009 751469.7429190244 000001001006003009
7 751469.7429190244 000001001006003009 577948.59849 000001001006011009
7 577948.59849 000001001006011009 751469.7429190244 000001001006003009
7 751469.7429190244 000001001006003009 16.441 000001001000009009
7 16.441 000001001000009009 939078.0 000004001000009009
7 939078.0 000004001000009009 577948.59849 000001001006011009
7 577948.59849 000001001006011009 751469.7429190244 000001001006003009
7 751469.7429190244 000001001006003009 393.24 000001001009003009
7 393.24 000001001009003009 577948.59849 000001001006011009
7 577948.59849 000001001006011009 1205.99 000001000006003009
7 1205.99 000001000006003009 1205.99 000001000006003009
7 1205.99 000001000006003009 577948.59849 000001001006011009
7 577948.59849 000001001006011009 1040734.415 000001000006011009
7 1040734.415 000001000006011009 577948.59849 000001001006011009
7 577948.59849 000001001006011009 751469.7429190244 000001001006003009
7 751469.7429190244 000001001006003009 523246.33 000001002011009009
7 523246.33 000001002011009009 469.211 011001002011009009
7 469.211 011001002011009009 577948.59849 000001001006011009
7 577948.59849 000001001006011009 1205.99 000001000006003009
7 1205.99 000001000006003009 577948.59849 000001001006011009
7 577948.59849 000001001006011009 751469.7429190244 000001001006003009
7 751469.7429190244 000001001006003009 217640.325 000001001005009009
7 217640.325 000001001005009009 430988.8801333333 000001002005009009
7 430988.8801333333 000001002005009009 577948.59849 000001001006011009
7 577948.59849 000001001006011009 61.9782 000001001006009009
7 61.9782 000001001006009009 217640.325 000001001005009009
7 217640.325 000001001005009009 577948.59849 000001001006011009
7 577948.59849 000001001006011009 61.9782 000001001006009009
7 61.9782 000001001006009009 1103.01 000001001006007009
7 1103.01 000001001006007009 577948.59849 000001001006011009
7 577948.59849 000001001006011009 9381.71 000001000011007009
7 9381.71 000001000011007009 47.3242 000001000003007009
7 47.3242 000001000003007009 577948.59849 000001001006011009
7 577948.59849 000001001006011009 64.546 000001001003003009
7 64.546 000001001003003009 604616.0 000001001008003009
7 604616.0 000001001008003009 577948.59849 000001001006011009
7 577948.59849 000001001006011009 1040734.415 000001000006011009
7 1040734.415 000001000006011009 364190.0 000001000006011004
7 364190.0 000001000006011004 577948.59849 000001001006011009
7 577948.59849 000001001006011009 751469.7429190244 000001001006003009
7 751469.7429190244 000001001006003009 596144.0 000001001011003009
7 596144.0 000001001011003009 577948.59849 000001001006011009
7 577948.59849 000001001006011009 16444.7 000001000011009009
7 16444.7 000001000011009009 54.1092 000001001011009009
7 54.1092 000001001011009009 577948.59849 000001001006011009
7 577948.59849 000001001006011009 751469.7429190244 000001001006003009
7 751469.7429190244 000001001006003009 37447.3 000001001006003006
7 37447.3 000001001006003006 577948.59849 000001001006011009
7 577948.59849 000001001006011009 751469.7429190244 000001001006003009
7 751469.7429190244 000001001006003009 577948.59849 000001001006011009
7 577948.59849 000001001006011009 37447.3 000001001006003006
7 37447.3 000001001006003006 3911.9179000000004 000001000011003009
7 3911.9179000000004 000001000011003009 29.8753 000001000011010009
7 29.8753 000001000011010009 37447.3 000001001006003006
7 37447.3 000001001006003006 751469.7429190244 000001001006003009
7 751469.7429190244 000001001006003009 920867.226875 000004001006003009
7 920867.226875 000004001006003009 37447.3 000001001006003006
7 37447.3 000001001006003006 1205.99 000001000006003009
7 1205.99 000001000006003009 6523.45 000002000006003009
7 6523.45 000002000006003009 37447.3 000001001006003006
7 37447.3 000001001006003006 721607.0 000001002011003009
7 721607.0 000001002011003009 596144.0 000001001011003009
7 596144.0 000001001011003009 37447.3 000001001006003006
7 37447.3 000001001006003006 217640.325 000001001005009009
7 217640.325 000001001005009009 208745.0 000001001005009004
7 208745.0 000001001005009004 37447.3 000001001006003006
7 37447.3 000001001006003006 1692.04 000001002006003009
7 1692.04 000001002006003009 37447.3 000001001006003006
7 37447.3 000001001006003006 577948.59849 000001001006011009
7 577948.59849 000001001006011009 596144.0 000001001011003009
7 596144.0 000001001011003009 893841.0 000005001011003009
7 893841.0 000005001011003009 37447.3 000001001006003006
7 37447.3 000001001006003006 596144.0 000001001011003009
7 596144.0 000001001011003009 900.514 016001001011003009
7 900.514 016001001011003009 37447.3 000001001006003006
7 37447.3 000001001006003006 596144.0 000001001011003009
7 596144.0 000001001011003009 893841.0 000005001011003009
7 893841.0 000005001011003009 37447.3 000001001006003006
7 37447.3 000001001006003006 54.1092 000001001011009009
7 54.1092 000001001011009009 523246.33 000001002011009009
7 523246.33 000001002011009009 37447.3 000001001006003006
7 37447.3 000001001006003006 751469.7429190244 000001001006003009
7 751469.7429190244 000001001006003009 61.9782 000001001006009009
7 61.9782 000001001006009009 37447.3 000001001006003006
7 37447.3 000001001006003006 751469.7429190244 000001001006003009
7 751469.7429190244 000001001006003009 95.2649 000001001002003009
7 95.2649 000001001002003009 37447.3 000001001006003006
7 37447.3 000001001006003006 751469.7429190244 000001001006003009
7 751469.7429190244 000001001006003009 158.856 000001001006004009
7 158.856 000001001006004009 37447.3 000001001006003006
7 37447.3 000001001006003006 1205.99 000001000006003009
7 1205.99 000001000006003009 751469.7429190244 000001001006003009
7 751469.7429190244 000001001006003009 37447.3 000001001006003006
7 37447.3 000001001006003006 751469.7429190244 000001001006003009
7 751469.7429190244 000001001006003009 1103.01 000001001006007009
7 1103.01 000001001006007009 37447.3 000001001006003006
7 37447.3 000001001006003006 1370880.0 000001000011003006
7 1370880.0 000001000011003006 802984.0 000001000011002006
7 802984.0 000001000011002006 37447.3 000001001006003006
7 37447.3 000001001006003006 596144.0 000001001011003009
7 596144.0 000001001011003009 909716.0 000001001011010009
7 909716.0 000001001011010009 37447.3 000001001006003006
7 37447.3 000001001006003006 207312.0 000001002005003006
7 207312.0 000001002005003006 16234.2 000001002005004006
7 16234.2 000001002005004006 37447.3 000001001006003006
7 37447.3 000001001006003006 57.1754 000001001005011009
7 57.1754 000001001005011009 37447.3 000001001006003006
7 37447.3 000001001006003006 577948.59849 000001001006011009
7 577948.59849 000001001006011009 751469.7429190244 000001001006003009
7 751469.7429190244 000001001006003009 128.567 013001001006003009
7 128.567 013001001006003009 37447.3 000001001006003006
7 37447.3 000001001006003006 751469.7429190244 000001001006003009
7 751469.7429190244 000001001006003009 604616.0 000001001008003009
7 604616.0 000001001008003009 37447.3 000001001006003006
7 37447.3 000001001006003006 12758.0 000001000006011006
7 12758.0 000001000006011006 332.705 000001000006011007
7 332.705 000001000006011007 37447.3 000001001006003006
7 37447.3 000001001006003006 3911.9179000000004 000001000011003009
7 3911.9179000000004 000001000011003009 82.2286 000001000003003009
7 82.2286 000001000003003009 37447.3 000001001006003006
7 37447.3 000001001006003006 1020628.6173 000001000005009009
7 1020628.6173 000001000005009009 294.331 000001000005009007
7 294.331 000001000005009007 37447.3 000001001006003006
7 37447.3 000001001006003006 49.4363 000001002011003006
7 49.4363 000001002011003006 20243.5 015001002011003006
7 20243.5 015001002011003006 37447.3 000001001006003006
7 37447.3 000001001006003006 8.52605 000001001005003006
7 8.52605 000001001005003006 4884.07 000005001005003006
7 4884.07 000005001005003006 37447.3 000001001006003006
7 37447.3 000001001006003006 6263.11 000001000006003006
7 6263.11 000001000006003006 37447.3 000001001006003006
7 37447.3 000001001006003006 577948.59849 000001001006011009
7 577948.59849 000001001006011009 2662763.41666875 000001000006009009
7 2662763.41666875 000001000006009009 380.03 011001000006009009
7 380.03 011001000006009009 37447.3 000001001006003006
7 37447.3 000001001006003006 61.9782 000001001006009009
7 61.9782 000001001006009009 23.7295 000001001006009008
7 23.7295 000001001006009008 37447.3 000001001006003006
7 37447.3 000001001006003006 577948.59849 000001001006011009
7 577948.59849 000001001006011009 1040734.415 000001000006011009
7 1040734.415 000001000006011009 37447.3 000001001006003006
7 37447.3 000001001006003006 9916.56 000001001011003006
7 9916.56 000001001011003006 6944.58 000002001011003006
7 6944.58 000002001011003006 37447.3 000001001006003006
7 37447.3 000001001006003006 37447.3 000001001006003006
7 37447.3 000001001006003006 78.2024 000001001006003003
7 78.2024 000001001006003003 37447.3 000001001006003006
7 37447.3 000001001006003006 1040734.415 000001000006011009
7 1040734.415 000001000006011009 2694.63 000001002006011009
7 2694.63 000001002006011009 37447.3 000001001006003006
7 37447.3 000001001006003006 751469.7429190244 000001001006003009
7 751469.7429190244 000001001006003009 37447.3 000001001006003006
7 37447.3 000001001006003006 577948.59849 000001001006011009
7 577948.59849 000001001006011009 577948.59849 000001001006011009
7 577948.59849 000001001006011009 37447.3 000001001006003006
7 37447.3 000001001006003006 577948.59849 000001001006011009
7 577948.59849 000001001006011009 1205.99 000001000006003009
7 1205.99 000001000006003009 5065.39 008001000006003009
7 5065.39 008001000006003009 37447.3 000001001006003006
7 37447.3 000001001006003006 7116.01 008001002006003009
7 7116.01 008001002006003009 7116.01 008001002006003009
7 7116.01 008001002006003009 37447.3 000001001006003006
7 37447.3 000001001006003006 2662763.41666875 000001000006009009
7 2662763.41666875 000001000006009009 61.9782 000001001006009009
7 61.9782 000001001006009009 37447.3 000001001006003006
7 37447.3 000001001006003006 61.9782 000001001006009009
7 61.9782 000001001006009009 61.9782 000001001006009009
7 61.9782 000001001006009009 37447.3 000001001006003006
7 37447.3 000001001006003006 61.9782 000001001006009009
7 61.9782 000001001006009009 16.441 000001001000009009
7 16.441 000001001000009009 37447.3 000001001006003006
7 37447.3 000001001006003006 1879.57 000001000005003009
7 1879.57 000001000005003009 37447.3 000001001006003006
7 37447.3 000001001006003006 577948.59849 000001001006011009
7 577948.59849 000001001006011009 2662763.41666875 000001000006009009
7 2662763.41666875 000001000006009009 61.9782 000001001006009009
7 61.9782 000001001006009009 37447.3 000001001006003006
7 37447.3 000001001006003006 217640.325 000001001005009009
7 217640.325 000001001005009009 1685.2 000005001005009009
7 1685.2 000005001005009009 37447.3 000001001006003006
7 37447.3 000001001006003006 736445.6966666667 000001002006009009
7 736445.6966666667 000001002006009009 53.7511 000003002006009009
7 53.7511 000003002006009009 37447.3 000001001006003006
7 37447.3 000001001006003006 6263.11 000001000006003006
7 6263.11 000001000006003006 71.8184 000004000006003006
7 71.8184 000004000006003006 37447.3 000001001006003006
7 37447.3 000001001006003006 751469.7429190244 000001001006003009
7 751469.7429190244 000001001006003009 1087.41 015001001006003009
7 1087.41 015001001006003009 37447.3 000001001006003006
7 37447.3 000001001006003006 751469.7429190244 000001001006003009
7 751469.7429190244 000001001006003009 128.567 013001001006003009
7 128.567 013001001006003009 37447.3 000001001006003006
7 37447.3 000001001006003006 751469.7429190244 000001001006003009
7 751469.7429190244 000001001006003009 47.5209 000001001006003001
7 47.5209 000001001006003001 37447.3 000001001006003006
7 37447.3 000001001006003006 2694.63 000001002006011009
7 2694.63 000001002006011009 37447.3 000001001006003006
7 37447.3 000001001006003006 577948.59849 000001001006011009
7 577948.59849 000001001006011009 920867.226875 000004001006003009
7 920867.226875 000004001006003009 920867.226875 000004001006003009
7 920867.226875 000004001006003009 37447.3 000001001006003006
7 37447.3 000001001006003006 78.5654 000004001006003006
7 78.5654 000004001006003006 2.31345 000004001005003006
7 2.31345 000004001005003006 37447.3 000001001006003006
7 37447.3 000001001006003006 10403.8 000004002006003006
7 10403.8 000004002006003006 71.8184 000004000006003006
7 71.8184 000004000006003006 37447.3 000001001006003006
7 37447.3 000001001006003006 37447.3 000001001006003006
7 37447.3 000001001006003006 37447.3 000001001006003006
7 37447.3 000001001006003006 37447.3 000001001006003006
7 37447.3 000001001006003006 273119.02 000001002006003006
7 273119.02 000001002006003006 49.4363 000001002011003006
7 49.4363 000001002011003006 37447.3 000001001006003006
7 37447.3 000001001006003006 273119.02 000001002006003006
7 273119.02 000001002006003006 391642.0 000001002004003006
7 391642.0 000001002004003006 37447.3 000001001006003006
7 37447.3 000001001006003006 48.3844 000001001005003009
7 48.3844 000001001005003009 8.52605 000001001005003006
7 8.52605 000001001005003006 37447.3 000001001006003006
7 37447.3 000001001006003006 117.3117 000004001006011009
7 117.3117 000004001006011009 127.65 009004001006011009
7 127.65 009004001006011009 37447.3 000001001006003006
7 37447.3 000001001006003006 1692.04 000001002006003009
7 1692.04 000001002006003009 7116.01 008001002006003009
7 7116.01 008001002006003009 37447.3 000001001006003006
7 37447.3 000001001006003006 2355770.0 008001002006003006
7 2355770.0 008001002006003006 583004.0 008004002006003006
7 583004.0 008004002006003006 37447.3 000001001006003006
7 37447.3 000001001006003006 12832.4 000004000005003009
7 12832.4 000004000005003009 703.907 000004000007003009
7 703.907 000004000007003009 37447.3 000001001006003006
7 37447.3 000001001006003006 48.3844 000001001005003009
7 48.3844 000001001005003009 1646820.0 000001001012003009
7 1646820.0 000001001012003009 37447.3 000001001006003006
7 37447.3 000001001006003006 577948.59849 000001001006011009
7 577948.59849 000001001006011009 70.6897 019001001006011009
7 70.6897 019001001006011009 37447.3 000001001006003006
7 37447.3 000001001006003006 920867.226875 000004001006003009
7 920867.226875 000004001006003009 96.0561 000004002006003009
7 96.0561 000004002006003009 37447.3 000001001006003006
7 37447.3 000001001006003006 37447.3 000001001006003006
7 37447.3 000001001006003006 37447.3 000001001006003006
7 37447.3 000001001006003006 2.31345 000004001005003006
7 2.31345 000004001005003006 751469.7429190244 000001001006003009
7 751469.7429190244 000001001006003009 82.1333 000001001006006009
7 82.1333 000001001006006009 37447.3 000001001006003006
7 37447.3 000001001006003006 2170158.4675 000004000006003009
7 2170158.4675 000004000006003009 5600.77 017004000006003009
7 5600.77 017004000006003009 37447.3 000001001006003006
7 37447.3 000001001006003006 751469.7429190244 000001001006003009
7 751469.7429190244 000001001006003009 1692.04 000001002006003009
7 1692.04 000001002006003009 37447.3 000001001006003006
7 37447.3 000001001006003006 273119.02 000001002006003006
7 273119.02 000001002006003006 340635.0 000001002006010006
7 340635.0 000001002006010006 37447.3 000001001006003006
7 37447.3 000001001006003006 37447.3 000001001006003006
7 37447.3 000001001006003006 3207.67 000003001006003006
7 3207.67 000003001006003006 37447.3 000001001006003006
7 37447.3 000001001006003006 1692.04 000001002006003009
7 1692.04 000001002006003009 197.75 000001002006003002
7 197.75 000001002006003002 37447.3 000001001006003006
7 37447.3 000001001006003006 37447.3 000001001006003006
7 37447.3 000001001006003006 37447.3 000001001006003006
7 37447.3 000001001006003006 2.31345 000004001005003006
7 2.31345 000004001005003006 71.8184 000004000006003006
7 71.8184 000004000006003006 124.448 000004000001003006
7 124.448 000004000001003006 37447.3 000001001006003006
7 37447.3 000001001006003006 37447.3 000001001006003006
7 37447.3 000001001006003006 3207.67 000003001006003006
7 3207.67 000003001006003006 37447.3 000001001006003006
7 37447.3 000001001006003006 1112680.0 000003002005003006
7 1112680.0 000003002005003006 423629.0 000005002005003006
7 423629.0 000005002005003006 37447.3 000001001006003006
7 37447.3 000001001006003006 1692.04 000001002006003009
7 1692.04 000001002006003009 1631720.0 000000002006003009
7 1631720.0 000000002006003009 37447.3 000001001006003006
7 37447.3 000001001006003006 354552.0 000001001006011006
7 354552.0 000001001006011006 252199.0 000001001006006006
7 252199.0 000001001006006006 37447.3 000001001006003006
7 37447.3 000001001006003006 123421.47 000001002005003009
7 123421.47 000001002005003009 1879.57 000001000005003009
7 1879.57 000001000005003009 37447.3 000001001006003006
7 37447.3 000001001006003006 1138340.0 000004001005003009
7 1138340.0 000004001005003009 48.3844 000001001005003009
7 48.3844 000001001005003009 37447.3 000001001006003006
7 37447.3 000001001006003006 354552.0 000001001006011006
7 354552.0 000001001006011006 125.592 006001001006011006
7 125.592 006001001006011006 37447.3 000001001006003006
7 37447.3 000001001006003006 354552.0 000001001006011006
7 354552.0 000001001006011006 4866.7 000001001006009006
7 4866.7 000001001006009006 37447.3 000001001006003006
7 37447.3 000001001006003006 751469.7429190244 000001001006003009
7 751469.7429190244 000001001006003009 410.619 000001001006005009
7 410.619 000001001006005009 37447.3 000001001006003006
7 37447.3 000001001006003006 354552.0 000001001006011006
7 354552.0 000001001006011006 5100.79 000001001009011006
7 5100.79 000001001009011006 37447.3 000001001006003006
7 37447.3 000001001006003006 308378.5101 000001002009003006
7 308378.5101 000001002009003006 37447.3 000001001006003006
7 37447.3 000001001006003006 2.31345 000004001005003006
7 2.31345 000004001005003006 308378.5101 000001002009003006
7 308378.5101 000001002009003006 90.5063 000001001009003006
7 90.5063 000001001009003006 37447.3 000001001006003006
7 37447.3 000001001006003006 532937.0 000001001005011006
7 532937.0 000001001005011006 532937.0 000001001005011006
7 532937.0 000001001005011006 37447.3 000001001006003006
7 37447.3 000001001006003006 123421.47 000001002005003009
7 123421.47 000001002005003009 37447.3 000001001006003006
7 37447.3 000001001006003006 2.31345 000004001005003006
7 2.31345 000004001005003006 2170158.4675 000004000006003009
7 2170158.4675 000004000006003009 6146.53 000004000006006009
7 6146.53 000004000006006009 37447.3 000001001006003006
7 37447.3 000001001006003006 1205.99 000001000006003009
7 1205.99 000001000006003009 3911.9179000000004 000001000011003009
7 3911.9179000000004 000001000011003009 37447.3 000001001006003006
7 37447.3 000001001006003006 71.8184 000004000006003006
7 71.8184 000004000006003006 71.8184 000004000006003006
7 71.8184 000004000006003006 37447.3 000001001006003006
7 37447.3 000001001006003006 37447.3 000001001006003006
7 37447.3 000001001006003006 524907.0 000001001003003006
7 524907.0 000001001003003006 37447.3 000001001006003006
7 37447.3 000001001006003006 1205.99 000001000006003009
7 1205.99 000001000006003009 32774.0 000003000006003009
7 32774.0 000003000006003009 37447.3 000001001006003006
7 37447.3 000001001006003006 57.1754 000001001005011009
7 57.1754 000001001005011009 37447.3 000001001006003006
7 37447.3 000001001006003006 2.31345 000004001005003006
7 2.31345 000004001005003006 577948.59849 000001001006011009
7 577948.59849 000001001006011009 1209030.0 000005001006011009
7 1209030.0 000005001006011009 37447.3 000001001006003006
7 37447.3 000001001006003006 751469.7429190244 000001001006003009
7 751469.7429190244 000001001006003009 43.3071 000001001007003009
7 43.3071 000001001007003009 37447.3 000001001006003006
7 37447.3 000001001006003006 751469.7429190244 000001001006003009
7 751469.7429190244 000001001006003009 57.8197 000001001004003009
7 57.8197 000001001004003009 37447.3 000001001006003006
7 37447.3 000001001006003006 2694.63 000001002006011009
7 2694.63 000001002006011009 3.21971 000001002006008009
7 3.21971 000001002006008009 37447.3 000001001006003006
7 37447.3 000001001006003006 207312.0 000001002005003006
7 207312.0 000001002005003006 18628.5 004001002005003006
7 18628.5 004001002005003006 37447.3 000001001006003006
7 37447.3 000001001006003006 117.3117 000004001006011009
7 117.3117 000004001006011009 37447.3 000001001006003006
7 37447.3 000001001006003006 2.31345 000004001005003006
7 2.31345 000004001005003006 920867.226875 000004001006003009
7 920867.226875 000004001006003009 2170158.4675 000004000006003009
7 2170158.4675 000004000006003009 37447.3 000001001006003006
7 37447.3 000001001006003006 273119.02 000001002006003006
7 273119.02 000001002006003006 37447.3 000001001006003006
7 37447.3 000001001006003006 2.31345 000004001005003006
7 2.31345 000004001005003006 9937.44 000004002005008006
7 9937.44 000004002005008006 84.7065 000004002005008003
7 84.7065 000004002005008003 37447.3 000001001006003006
7 37447.3 000001001006003006 17488.4 000001001005003003
7 17488.4 000001001005003003 14042.8 000000001005003003
7 14042.8 000000001005003003 37447.3 000001001006003006
7 37447.3 000001001006003006 37447.3 000001001006003006
7 37447.3 000001001006003006 148.827 000001001000003006
7 148.827 000001001000003006 37447.3 000001001006003006
7 37447.3 000001001006003006 1692.04 000001002006003009
7 1692.04 000001002006003009 1085140.0 000001002000003009
7 1085140.0 000001002000003009 37447.3 000001001006003006
8 37447.3 000001001006003006 568798.0 000000000003002006
8 568798.0 000000000003002006 77.5648 000004000003002006
8 77.5648 000004000003002006 12.465625000000001 010000000006008006
8 12.465625000000001 010000000006008006 450689.0 011000000002003009
8 450689.0 011000000002003009 8865.9 011005000002003009
8 8865.9 011005000002003009 12.465625000000001 010000000006008006
8 12.465625000000001 010000000006008006 523125.0 004000000010008006
8 523125.0 004000000010008006 303541.295 004000001010008006
8 303541.295 004000001010008006 12.465625000000001 010000000006008006
8 12.465625000000001 010000000006008006 53853.1 011002000010000009
8 53853.1 011002000010000009 46878.1 011002000010000004
8 46878.1 011002000010000004 12.465625000000001 010000000006008006
8 12.465625000000001 010000000006008006 55896.1 011000001010000004
8 55896.1 011000001010000004 27304.1 008000001010000004
8 27304.1 008000001010000004 12.465625000000001 010000000006008006
8 12.465625000000001 010000000006008006 328829.0 000000001002002006
8 328829.0 000000001002002006 17282.3 015000001002002006
8 17282.3 015000001002002006 12.465625000000001 010000000006008006
8 12.465625000000001 010000000006008006 2680220.0 013002000010008004
8 2680220.0 013002000010008004 2028500.0 013002000002008004
8 2028500.0 013002000002008004 12.465625000000001 010000000006008006
8 12.465625000000001 010000000006008006 34675600.0 015004000012003006
8 34675600.0 015004000012003006 30243.4 015000000012003006
8 30243.4 015000000012003006 12.465625000000001 010000000006008006
8 12.465625000000001 010000000006008006 399659.0 000000001012003004
8 399659.0 000000001012003004 22017.9 000001001012003004
8 22017.9 000001001012003004 12.465625000000001 010000000006008006
8 12.465625000000001 010000000006008006 324464.0 004004001006000004
8 324464.0 004004001006000004 272287.0 004004001006002004
8 272287.0 004004001006002004 12.465625000000001 010000000006008006
8 12.465625000000001 010000000006008006 615331.0 000005002002003006
8 615331.0 000005002002003006 12656.9 001005002002003006
8 12656.9 001005002002003006 12.465625000000001 010000000006008006
8 12.465625000000001 010000000006008006 1779150.0 015004002006002009
8 1779150.0 015004002006002009 457930.0 001004002006002009
8 457930.0 001004002006002009 12.465625000000001 010000000006008006
8 12.465625000000001 010000000006008006 2724.95 004000001002003000
8 2724.95 004000001002003000 12.465625000000001 010000000006008006
8 12.465625000000001 010000000006008006 77.5648 000004000003002006
8 77.5648 000004000003002006 1899779.0 013000000012003004
8 1899779.0 013000000012003004 1899779.0 013000000012003004
8 1899779.0 013000000012003004 12.465625000000001 010000000006008006
8 12.465625000000001 010000000006008006 10244.9 000004001002003004
8 10244.9 000004001002003004 57.6034 000004001012003004
8 57.6034 000004001012003004 12.465625000000001 010000000006008006
8 12.465625000000001 010000000006008006 117794.95 010000001012002006
8 117794.95 010000001012002006 117794.95 010000001012002006
8 117794.95 010000001012002006 12.465625000000001 010000000006008006
8 12.465625000000001 010000000006008006 244275.0 000000000010003000
8 244275.0 000000000010003000 11171.6 000000001010003000
8 11171.6 000000001010003000 12.465625000000001 010000000006008006
8 12.465625000000001 010000000006008006 708454.0 000000000012003006
8 708454.0 000000000012003006 648055.0 000003000012003006
8 648055.0 000003000012003006 12.465625000000001 010000000006008006
8 12.465625000000001 010000000006008006 536032.0 000004000010003000
8 536032.0 000004000010003000 10563.8 000003000010003000
8 10563.8 000003000010003000 12.465625000000001 010000000006008006
8 12.465625000000001 010000000006008006 2333010.0 000000000010008009
8 2333010.0 000000000010008009 155101.0 000000000010008002
8 155101.0 000000000010008002 12.465625000000001 010000000006008006
8 12.465625000000001 010000000006008006 394563.0 000000000002003006
8 394563.0 000000000002003006 158804.0 000000000002003007
8 158804.0 000000000002003007 12.465625000000001 010000000006008006
8 12.465625000000001 010000000006008006 452557.0 000004001002008006
8 452557.0 000004001002008006 84.7449 000004001000008006
8 84.7449 000004001000008006 12.465625000000001 010000000006008006
8 12.465625000000001 010000000006008006 104490000.0 010000001012003004
8 104490000.0 010000001012003004 229738.0 010000001012006004
8 229738.0 010000001012006004 12.465625000000001 010000000006008006
8 12.465625000000001 010000000006008006 722150.0 000000001003003004
8 722150.0 000000001003003004 52594.0 013000001003003004
8 52594.0 013000001003003004 12.465625000000001 010000000006008006
8 12.465625000000001 010000000006008006 4591420.0 000005000003003009
8 4591420.0 000005000003003009 4194430.0 000002000003003009
8 4194430.0 000002000003003009 12.465625000000001 010000000006008006
8 12.465625000000001 010000000006008006 4863200.0 004004000010002004
8 4863200.0 004004000010002004 15230.5 004004002010002004
8 15230.5 004004002010002004 12.465625000000001 010000000006008006
8 12.465625000000001 010000000006008006 118655.0 004000001012008004
8 118655.0 004000001012008004 138.846 004000001012001004
8 138.846 004000001012001004 12.465625000000001 010000000006008006
8 12.465625000000001 010000000006008006 1635770.0 000004001010003009
8 1635770.0 000004001010003009 13684.4 000004001010003007
8 13684.4 000004001010003007 12.465625000000001 010000000006008006
8 12.465625000000001 010000000006008006 28754.9 004004001002002006
8 28754.9 004004001002002006 28754.9 004004001002002006
8 28754.9 004004001002002006 12.465625000000001 010000000006008006
8 12.465625000000001 010000000006008006 14993.6 004004001002003006
8 14993.6 004004001002003006 9481.06 004004000002003006
8 9481.06 004004000002003006 12.465625000000001 010000000006008006
8 12.465625000000001 010000000006008006 957573.0 000004001010008009
8 957573.0 000004001010008009 458133.0 000004001008008009
8 458133.0 000004001008008009 12.465625000000001 010000000006008006
8 12.465625000000001 010000000006008006 1439590.0 004004001006003009
8 1439590.0 004004001006003009 847078.0 004000001006003009
8 847078.0 004000001006003009 12.465625000000001 010000000006008006
8 12.465625000000001 010000000006008006 789664.0 004000001002003007
8 789664.0 004000001002003007 12.465625000000001 010000000006008006
8 12.465625000000001 010000000006008006 13684.4 000004001010003007
8 13684.4 000004001010003007 71.8184 000004000006003006
8 71.8184 000004000006003006 71.8184 000004000006003006
8 71.8184 000004000006003006 12.465625000000001 010000000006008006
8 12.465625000000001 010000000006008006 223451.90823333332 000000001010008006
8 223451.90823333332 000000001010008006 2.0249 000003001010008006
8 2.0249 000003001010008006 12.465625000000001 010000000006008006
8 12.465625000000001 010000000006008006 4457.77 004000001002003004
8 4457.77 004000001002003004 2.0249 000003001010008006
8 2.0249 000003001010008006 12.465625000000001 010000000006008006
8 12.465625000000001 010000000006008006 44.5701 004000001006001006
8 44.5701 004000001006001006 2.0249 000003001010008006
8 2.0249 000003001010008006 12.465625000000001 010000000006008006
8 12.465625000000001 010000000006008006 590413.0 000004001012008006
8 590413.0 000004001012008006 84.7449 000004001000008006
8 84.7449 000004001000008006 2.0249 000003001010008006
8 2.0249 000003001010008006 36553.6 004004001010008006
8 36553.6 004004001010008006 349889.0 004004001010008003
8 349889.0 004004001010008003 2.0249 000003001010008006
8 2.0249 000003001010008006 246644.66666666666 000004001010003006
8 246644.66666666666 000004001010003006 84245.98083333333 000004001010003005
8 84245.98083333333 000004001010003005 2.0249 000003001010008006
8 2.0249 000003001010008006 81.2993 010004000010008006
8 81.2993 010004000010008006 2.0249 000003001010008006
8 2.0249 000003001010008006 12.465625000000001 010000000006008006
8 12.465625000000001 010000000006008006 369958.8569333333 000004000010003007
8 369958.8569333333 000004000010003007 2.0249 000003001010008006
8 2.0249 000003001010008006 12.465625000000001 010000000006008006
8 12.465625000000001 010000000006008006 5273040.0 000003000010003006
8 5273040.0 000003000010003006 3800.67 014003000010003006
8 3800.67 014003000010003006 2.0249 000003001010008006
8 2.0249 000003001010008006 312815.0 000004001003003004
8 312815.0 000004001003003004 112566.0 000004001011003004
8 112566.0 000004001011003004 2.0249 000003001010008006
8 2.0249 000003001010008006 243120.0 004000000010003004
8 243120.0 004000000010003004 10050.8 004000000010003001
8 10050.8 004000000010003001 2.0249 000003001010008006
8 2.0249 000003001010008006 38.5842 004004000010003007
8 38.5842 004004000010003007 2.0249 000003001010008006
8 2.0249 000003001010008006 12.465625000000001 010000000006008006
8 12.465625000000001 010000000006008006 297592.0 000004001010002007
8 297592.0 000004001010002007 240348.0 000000001010002007
8 240348.0 000000001010002007 2.0249 000003001010008006
8 2.0249 000003001010008006 238028.0 004000001010008004
8 238028.0 004000001010008004 201333.0 005000001010008004
8 201333.0 005000001010008004 2.0249 000003001010008006
8 2.0249 000003001010008006 78.5654 000004001006003006
8 78.5654 000004001006003006 9608.31238 000002001006003006
8 9608.31238 000002001006003006 2.0249 000003001010008006
8 2.0249 000003001010008006 2176350.0 000002000012001006
8 2176350.0 000002000012001006 634517.0 001002000012001006
8 634517.0 001002000012001006 2.0249 000003001010008006
8 2.0249 000003001010008006 369958.8569333333 000004000010003007
8 369958.8569333333 000004000010003007 275317.0 000004000009003007
8 275317.0 000004000009003007 2.0249 000003001010008006
8 2.0249 000003001010008006 205238.55 000000001012003006
8 205238.55 000000001012003006 205238.55 000000001012003006
8 205238.55 000000001012003006 2.0249 000003001010008006
8 2.0249 000003001010008006 13684.4 000004001010003007
8 13684.4 000004001010003007 2.0249 000003001010008006
8 2.0249 000003001010008006 12.465625000000001 010000000006008006
8 12.465625000000001 010000000006008006 150532.0 000004001010008004
8 150532.0 000004001010008004 7561.13 017004001010008004
8 7561.13 017004001010008004 2.0249 000003001010008006
8 2.0249 000003001010008006 925369.495 004000001006008007
8 925369.495 004000001006008007 925369.495 004000001006008007
8 925369.495 004000001006008007 2.0249 000003001010008006
8 2.0249 000003001010008006 4466920.0 004004000006003007
8 4466920.0 004004000006003007 767664.0 004004000006002007
8 767664.0 004004000006002007 2.0249 000003001010008006
8 2.0249 000003001010008006 508119.0 004000001012003006
8 508119.0 004000001012003006 8629.05 004006001012003006
8 8629.05 004006001012003006 2.0249 000003001010008006
8 2.0249 000003001010008006 32.7014 000000000010003007
8 32.7014 000000000010003007 2751.01 000000000010008007
8 2751.01 000000000010008007 2.0249 000003001010008006
8 2.0249 000003001010008006 10657.2 000002000010001006
8 10657.2 000002000010001006 6520.24 000002000002001006
8 6520.24 000002000002001006 2.0249 000003001010008006
8 2.0249 000003001010008006 2218990.0 000002000010001007
8 2218990.0 000002000010001007 10657.2 000002000010001006
8 10657.2 000002000010001006 2.0249 000003001010008006
8 2.0249 000003001010008006 13684.4 000004001010003007
8 13684.4 000004001010003007 19650.3 012004001010003007
8 19650.3 012004001010003007 2.0249 000003001010008006
8 2.0249 000003001010008006 9801.44 004004001012003007
8 9801.44 004004001012003007 8326.1 004004001012003002
8 8326.1 004004001012003002 2.0249 000003001010008006
8 2.0249 000003001010008006 356355.0 000000000010003006
8 356355.0 000000000010003006 307257.0 000000000003003006
8 307257.0 000000000003003006 2.0249 000003001010008006
8 2.0249 000003001010008006 246644.66666666666 000004001010003006
8 246644.66666666666 000004001010003006 2.0249 000003001010008006
8 2.0249 000003001010008006 12.465625000000001 010000000006008006
8 12.465625000000001 010000000006008006 369958.8569333333 000004000010003007
8 369958.8569333333 000004000010003007 536032.0 000004000010003000
8 536032.0 000004000010003000 2.0249 000003001010008006
8 2.0249 000003001010008006 12.465625000000001 010000000006008006
8 12.465625000000001 010000000006008006 2.0249 000003001010008006
8 2.0249 000003001010008006 12.465625000000001 010000000006008006
8 12.465625000000001 010000000006008006 1268505.0 004000001006003006
8 1268505.0 004000001006003006 1975050.0 004000001011003006
8 1975050.0 004000001011003006 2.0249 000003001010008006
8 2.0249 000003001010008006 96.1656 010000001006008006
8 96.1656 010000001006008006 96.1656 010000001006008006
8 96.1656 010000001006008006 2.0249 000003001010008006
8 2.0249 000003001010008006 191293.00472857142 000000001006008006
8 191293.00472857142 000000001006008006 334605.20984285715 000000000006008006
8 334605.20984285715 000000000006008006 2.0249 000003001010008006
8 2.0249 000003001010008006 78.5654 000004001006003006
8 78.5654 000004001006003006 78.5654 000004001006003006
8 78.5654 000004001006003006 2.0249 000003001010008006
8 2.0249 000003001010008006 634648.0 000003001010003006
8 634648.0 000003001010003006 26161.2 000003002010003006
8 26161.2 000003002010003006 2.0249 000003001010008006
8 2.0249 000003001010008006 1858176.43435 004004000006008007
8 1858176.43435 004004000006008007 3629830.0 004004000011008007
8 3629830.0 004004000011008007 2.0249 000003001010008006
8 2.0249 000003001010008006 1823870.0 004004000006001006
8 1823870.0 004004000006001006 7646.49 004003000006001006
8 7646.49 004003000006001006 2.0249 000003001010008006
8 2.0249 000003001010008006 9056.11 010004000006008006
8 9056.11 010004000006008006 1159000.0 010004001006008006
8 1159000.0 010004001006008006 2.0249 000003001010008006
8 2.0249 000003001010008006 2321000.0 004000001010001006
8 2321000.0 004000001010001006 23547.8 004000002010001006
8 23547.8 004000002010001006 2.0249 000003001010008006
8 2.0249 000003001010008006 219294.01058 000000000006003006
8 219294.01058 000000000006003006 87.7841 002000000006003006
8 87.7841 002000000006003006 2.0249 000003001010008006
8 2.0249 000003001010008006 303541.295 004000001010008006
8 303541.295 004000001010008006 237398.0 004000001004008006
8 237398.0 004000001004008006 2.0249 000003001010008006
8 2.0249 000003001010008006 3210445.0 010004001006003006
8 3210445.0 010004001006003006 8567.84 010001001006003006
8 8567.84 010001001006003006 2.0249 000003001010008006
8 2.0249 000003001010008006 1606597.0 010000001006008007
8 1606597.0 010000001006008007 1606597.0 010000001006008007
8 1606597.0 010000001006008007 2.0249 000003001010008006
8 2.0249 000003001010008006 334605.20984285715 000000000006008006
8 334605.20984285715 000000000006008006 171132.0 000000000006008001
8 171132.0 000000000006008001 2.0249 000003001010008006
8 2.0249 000003001010008006 165594.2 000000001006003006
8 165594.2 000000001006003006 158609.0 000000001006003000
8 158609.0 000000001006003000 2.0249 000003001010008006
8 2.0249 000003001010008006 991643.248 000000000006001006
8 991643.248 000000000006001006 991643.248 000000000006001006
8 991643.248 000000000006001006 2.0249 000003001010008006
8 2.0249 000003001010008006 203956.1271225 000004001006001006
8 203956.1271225 000004001006001006 2.0249 000003001010008006
8 2.0249 000003001010008006 12.465625000000001 010000000006008006
8 12.465625000000001 010000000006008006 248119.0 000004000006008006
8 248119.0 000004000006008006 9056.11 010004000006008006
8 9056.11 010004000006008006 2.0249 000003001010008006
8 2.0249 000003001010008006 6660450.0 010004000006003007
8 6660450.0 010004000006003007 6637630.0 010001000006003007
8 6637630.0 010001000006003007 2.0249 000003001010008006
8 2.0249 000003001010008006 45.0153 000000001006003007
8 45.0153 000000001006003007 580108.0 000000000006003007
8 580108.0 000000000006003007 2.0249 000003001010008006
8 2.0249 000003001010008006 280201.0 010004001010008007
8 280201.0 010004001010008007 488.035 010003001010008007
8 488.035 010003001010008007 2.0249 000003001010008006
8 2.0249 000003001010008006 6471780.0 010002001006001007
8 6471780.0 010002001006001007 496510.0 010004001006001007
8 496510.0 010004001006001007 2.0249 000003001010008006
8 2.0249 000003001010008006 1043470.0 010004001010008006
8 1043470.0 010004001010008006 79123.2 010006001010008006
8 79123.2 010006001010008006 2.0249 000003001010008006
8 2.0249 000003001010008006 219294.01058 000000000006003006
8 219294.01058 000000000006003006 2.0249 000003001010008006
8 2.0249 000003001010008006 12.465625000000001 010000000006008006
8 12.465625000000001 010000000006008006 478485.1712975 004000000006003006
8 478485.1712975 004000000006003006 1268505.0 004000001006003006
8 1268505.0 004000001006003006 2.0249 000003001010008006
8 2.0249 000003001010008006 71.7033 010004000006003006
8 71.7033 010004000006003006 71.7033 010004000006003006
8 71.7033 010004000006003006 2.0249 000003001010008006
8 2.0249 000003001010008006 248119.0 000004000006008006
8 248119.0 000004000006008006 10776.4 000004000010008006
8 10776.4 000004000010008006 2.0249 000003001010008006
8 2.0249 000003001010008006 2981680000.0 010003000006003006
8 2981680000.0 010003000006003006 49154.3 010003000006003001
8 49154.3 010003000006003001 2.0249 000003001010008006
8 2.0249 000003001010008006 76131800.0 004003000006001007
8 76131800.0 004003000006001007 46554900.0 011003000006001007
8 46554900.0 011003000006001007 2.0249 000003001010008006
8 2.0249 000003001010008006 18651.1 000003000006008006
8 18651.1 000003000006008006 667368.31 000002000006008006
8 667368.31 000002000006008006 2.0249 000003001010008006
8 2.0249 000003001010008006 449515.0 004004000010003006
8 449515.0 004004000010003006 23334.2 004003000010003006
8 23334.2 004003000010003006 2.0249 000003001010008006
8 2.0249 000003001010008006 7619.2 004003000010003007
8 7619.2 004003000010003007 2.0249 000003001010008006
8 2.0249 000003001010008006 12.465625000000001 010000000006008006
8 12.465625000000001 010000000006008006 1114680.0 000003001006003007
8 1114680.0 000003001006003007 45.0153 000000001006003007
8 45.0153 000000001006003007 2.0249 000003001010008006
8 2.0249 000003001010008006 191293.00472857142 000000001006008006
8 191293.00472857142 000000001006008006 2.0249 000003001010008006
8 2.0249 000003001010008006 12.465625000000001 010000000006008006
8 12.465625000000001 010000000006008006 334605.20984285715 000000000006008006
8 334605.20984285715 000000000006008006 82.5026 000000000007008006
8 82.5026 000000000007008006 2.0249 000003001010008006
8 2.0249 000003001010008006 71.7033 010004000006003006
8 71.7033 010004000006003006 71.7033 010004000006003006
8 71.7033 010004000006003006 2.0249 000003001010008006
8 2.0249 000003001010008006 3210445.0 010004001006003006
8 3210445.0 010004001006003006 287916.0 010004001008003006
8 287916.0 010004001008003006 2.0249 000003001010008006
8 2.0249 000003001010008006 478485.1712975 004000000006003006
8 478485.1712975 004000000006003006 7370.43 013000000006003006
8 7370.43 013000000006003006 2.0249 000003001010008006
8 2.0249 000003001010008006 184.187 004004000006003006
8 184.187 004004000006003006 2.0249 000003001010008006
8 2.0249 000003001010008006 12.465625000000001 010000000006008006
8 12.465625000000001 010000000006008006 1415896.6666666667 004004001006003006
8 1415896.6666666667 004004001006003006 12972.9 004004001006003008
8 12972.9 004004001006003008 2.0249 000003001010008006
8 2.0249 000003001010008006 1143420.0 010000001006003007
8 1143420.0 010000001006003007 276493.0 010000001010003007
8 276493.0 010000001010003007 2.0249 000003001010008006
8 2.0249 000003001010008006 223451.90823333332 000000001010008006
8 223451.90823333332 000000001010008006 13818.4 000004001010008006
8 13818.4 000004001010008006 2.0249 000003001010008006
8 2.0249 000003001010008006 677948.0 000004000006008007
8 677948.0 000004000006008007 3488.67 000004000006002007
8 3488.67 000004000006002007 2.0249 000003001010008006
8 2.0249 000003001010008006 71.8184 000004000006003006
8 71.8184 000004000006003006 358663.0 000004000006009006
8 358663.0 000004000006009006 2.0249 000003001010008006
8 2.0249 000003001010008006 1858176.43435 004004000006008007
8 1858176.43435 004004000006008007 2.0249 000003001010008006
8 2.0249 000003001010008006 12.465625000000001 010000000006008006
8 12.465625000000001 010000000006008006 7412450.0 010004000006001006
8 7412450.0 010004000006001006 3819110.0 010004000006001004
8 3819110.0 010004000006001004 2.0249 000003001010008006
8 2.0249 000003001010008006 2458217.0 000003000006001006
8 2458217.0 000003000006001006 16743.7 000003000006001008
8 16743.7 000003000006001008 2.0249 000003001010008006
8 2.0249 000003001010008006 14306.0 010003001010008006
8 14306.0 010003001010008006 14060.2 010003001010002006
8 14060.2 010003001010002006 2.0249 000003001010008006
8 2.0249 000003001010008006 14999.3 004004001010008007
8 14999.3 004004001010008007 2915.42 004004000010008007
8 2915.42 004004000010008007 2.0249 000003001010008006
8 2.0249 000003001010008006 478485.1712975 004000000006003006
8 478485.1712975 004000000006003006 2.0249 000003001010008006
8 2.0249 000003001010008006 12.465625000000001 010000000006008006
8 12.465625000000001 010000000006008006 248119.0 000004000006008006
8 248119.0 000004000006008006 1010860.0 000004000008008006
8 1010860.0 000004000008008006 2.0249 000003001010008006
8 2.0249 000003001010008006 1361590.0 000000000006008007
8 1361590.0 000000000006008007 348913.0 000000000006008003
8 348913.0 000000000006008003 2.0249 000003001010008006
8 2.0249 000003001010008006 16275.6 010004000006003003
8 16275.6 010004000006003003 16275.6 010004000006003003
8 16275.6 010004000006003003 2.0249 000003001010008006
8 2.0249 000003001010008006 120330.88533333334 000003001006008006
8 120330.88533333334 000003001006008006 120330.88533333334 000003001006008006
8 120330.88533333334 000003001006008006 2.0249 000003001010008006
8 2.0249 000003001010008006 28390.3 000002000006003006
8 28390.3 000002000006003006 13802.8 000002000006004006
8 13802.8 000002000006004006 2.0249 000003001010008006
8 2.0249 000003001010008006 9056.11 010004000006008006
8 9056.11 010004000006008006 39.5289 010004000008008006
8 39.5289 010004000008008006 2.0249 000003001010008006
8 2.0249 000003001010008006 1415896.6666666667 004004001006003006
8 1415896.6666666667 004004001006003006 10601.5 004005001006003006
8 10601.5 004005001006003006 2.0249 000003001010008006
8 2.0249 000003001010008006 9056.11 010004000006008006
8 9056.11 010004000006008006 7540.35 008004000006008006
8 7540.35 008004000006008006 2.0249 000003001010008006
8 2.0249 000003001010008006 818482.17 004004000006008006
8 818482.17 004004000006008006 2394.29 004004000006008008
8 2394.29 004004000006008008 2.0249 000003001010008006
8 2.0249 000003001010008006 1823870.0 004004000006001006
8 1823870.0 004004000006001006 1823870.0 004004000006001006
8 1823870.0 004004000006001006 2.0249 000003001010008006
8 2.0249 000003001010008006 675801.0732 000000000010001007
8 675801.0732 000000000010001007 675801.0732 000000000010001007
8 675801.0732 000000000010001007 2.0249 000003001010008006
8 2.0249 000003001010008006 3765030.0 010002001006003007
8 3765030.0 010002001006003007 1526110.0 010002001006012007
8 1526110.0 010002001006012007 2.0249 000003001010008006
8 2.0249 000003001010008006 334605.20984285715 000000000006008006
8 334605.20984285715 000000000006008006 837364.0 000001000006008006
8 837364.0 000001000006008006 2.0249 000003001010008006
8 2.0249 000003001010008006 71.7033 010004000006003006
8 71.7033 010004000006003006 9056.11 010004000006008006
8 9056.11 010004000006008006 2.0249 000003001010008006
8 2.0249 000003001010008006 248119.0 000004000006008006
8 248119.0 000004000006008006 329756.0 000004000006006006
8 329756.0 000004000006006006 2.0249 000003001010008006
8 2.0249 000003001010008006 3030.1 004004001006001006
8 3030.1 004004001006001006 21147.8 004004001005001006
8 21147.8 004004001005001006 2.0249 000003001010008006
8 2.0249 000003001010008006 991643.248 000000000006001006
8 991643.248 000000000006001006 587486.39 000002000006001006
8 587486.39 000002000006001006 2.0249 000003001010008006
8 2.0249 000003001010008006 675801.0732 000000000010001007
8 675801.0732 000000000010001007 89926.7 000006000010001007
8 89926.7 000006000010001007 2.0249 000003001010008006
8 2.0249 000003001010008006 8978.16 004000000006008007
8 8978.16 004000000006008007 1042.02 004003000006008007
8 1042.02 004003000006008007 2.0249 000003001010008006
8 2.0249 000003001010008006 211645.43 004000001006008006
8 211645.43 004000001006008006 2.0249 000003001010008006
8 2.0249 000003001010008006 478485.1712975 004000000006003006
8 478485.1712975 004000000006003006 407687.0 000000001006008007
8 407687.0 000000001006008007 6043.01 000000002006008007
8 6043.01 000000002006008007 2.0249 000003001010008006
8 2.0249 000003001010008006 5575.42 000004000010008007
8 5575.42 000004000010008007 2.0249 000003001010008006
8 2.0249 000003001010008006 478485.1712975 004000000006003006
8 478485.1712975 004000000006003006 259927.598725 000004001006008006
8 259927.598725 000004001006008006 2.0249 000003001010008006
8 2.0249 000003001010008006 478485.1712975 004000000006003006
8 478485.1712975 004000000006003006 96.1656 010000001006008006
8 96.1656 010000001006008006 21704.4 009000001006008006
8 21704.4 009000001006008006 2.0249 000003001010008006
8 2.0249 000003001010008006 259927.598725 000004001006008006
8 259927.598725 000004001006008006 19.2829 000004001006008007
8 19.2829 000004001006008007 2.0249 000003001010008006
8 2.0249 000003001010008006 478485.1712975 004000000006003006
8 478485.1712975 004000000006003006 83.8195 004000000000003006
8 83.8195 004000000000003006 2.0249 000003001010008006
8 2.0249 000003001010008006 2000180.0 000003000010008007
8 2000180.0 000003000010008007 32.557 000003000004008007
8 32.557 000003000004008007 2.0249 000003001010008006
8 2.0249 000003001010008006 204956.0 000004000004008006
8 204956.0 000004000004008006 174517.0 000004000004008002
8 174517.0 000004000004008002 2.0249 000003001010008006
8 2.0249 000003001010008006 334605.20984285715 000000000006008006
8 334605.20984285715 000000000006008006 118.581 000000000006008004
8 118.581 000000000006008004 2.0249 000003001010008006
8 2.0249 000003001010008006 219294.01058 000000000006003006
8 219294.01058 000000000006003006 219294.01058 000000000006003006
8 219294.01058 000000000006003006 2.0249 000003001010008006
8 2.0249 000003001010008006 71.8184 000004000006003006
8 71.8184 000004000006003006 657617.7333333333 000003000006003006
8 657617.7333333333 000003000006003006 2.0249 000003001010008006
8 2.0249 000003001010008006 191293.00472857142 000000001006008006
8 191293.00472857142 000000001006008006 98.359 000000001006012006
8 98.359 000000001006012006 2.0249 000003001010008006
8 2.0249 000003001010008006 1454933.5 000002000006008007
8 1454933.5 000002000006008007 1454933.5 000002000006008007
8 1454933.5 000002000006008007 2.0249 000003001010008006
8 2.0249 000003001010008006 2135940000.0 004003000010001006
8 2135940000.0 004003000010001006 10.4903 004003001010001006
8 10.4903 004003001010001006 2.0249 000003001010008006
8 2.0249 000003001010008006 852932.0 000004001006003007
8 852932.0 000004001006003007 45.0153 000000001006003007
8 45.0153 000000001006003007 2.0249 000003001010008006
8 2.0249 000003001010008006 1013850.0 004004000006001007
8 1013850.0 004004000006001007 9208.36 002004000006001007
8 9208.36 002004000006001007 2.0249 000003001010008006
8 2.0249 000003001010008006 20130.1 004003000006008006
8 20130.1 004003000006008006 20130.1 004003000006008006
8 20130.1 004003000006008006 2.0249 000003001010008006
8 2.0249 000003001010008006 818482.17 004004000006008006
8 818482.17 004004000006008006 93.2874 004000000006008006
8 93.2874 004000000006008006 2.0249 000003001010008006
8 2.0249 000003001010008006 334605.20984285715 000000000006008006
8 334605.20984285715 000000000006008006 19.73 000005000006008006
8 19.73 000005000006008006 2.0249 000003001010008006
8 2.0249 000003001010008006 203956.1271225 000004001006001006
8 203956.1271225 000004001006001006 59430.20237866667 000004001006001002
8 59430.20237866667 000004001006001002 2.0249 000003001010008006
8 2.0249 000003001010008006 203956.1271225 000004001006001006
8 203956.1271225 000004001006001006 164948.0 000004001011001006
8 164948.0 000004001011001006 59430.20237866667 000004001006001002
8 59430.20237866667 000004001006001002 13602.3 000004001011003006
8 13602.3 000004001011003006 6967.83 000004001011008006
8 6967.83 000004001011008006 59430.20237866667 000004001006001002
8 59430.20237866667 000004001006001002 352150.9308 000002001006001006
8 352150.9308 000002001006001006 59430.20237866667 000004001006001002
8 59430.20237866667 000004001006001002 2.0249 000003001010008006
8 2.0249 000003001010008006 152725.40814 000003001006001006
8 152725.40814 000003001006001006 204174.0 000006001006001006
8 204174.0 000006001006001006 59430.20237866667 000004001006001002
8 59430.20237866667 000004001006001002 587486.39 000002000006001006
8 587486.39 000002000006001006 587486.39 000002000006001006
8 587486.39 000002000006001006 59430.20237866667 000004001006001002
8 59430.20237866667 000004001006001002 191293.00472857142 000000001006008006
8 191293.00472857142 000000001006008006 36726.9 000000001007008006
8 36726.9 000000001007008006 59430.20237866667 000004001006001002
8 59430.20237866667 000004001006001002 916062.0 000000001010003007
8 916062.0 000000001010003007 10685.3 000000001010006007
8 10685.3 000000001010006007 59430.20237866667 000004001006001002
8 59430.20237866667 000004001006001002 259927.598725 000004001006008006
8 259927.598725 000004001006008006 409028.0 001004001006008006
8 409028.0 001004001006008006 59430.20237866667 000004001006001002
8 59430.20237866667 000004001006001002 219294.01058 000000000006003006
8 219294.01058 000000000006003006 580108.0 000000000006003007
8 580108.0 000000000006003007 59430.20237866667 000004001006001002
8 59430.20237866667 000004001006001002 259927.598725 000004001006008006
8 259927.598725 000004001006008006 6622.56 000004001006002006
8 6622.56 000004001006002006 59430.20237866667 000004001006001002
8 59430.20237866667 000004001006001002 659435.0 004003001006001006
8 659435.0 004003001006001006 6142.12 004003001006001003
8 6142.12 004003001006001003 59430.20237866667 000004001006001002
8 59430.20237866667 000004001006001002 657617.7333333333 000003000006003006
8 657617.7333333333 000003000006003006 44.8647 000003000006003007
8 44.8647 000003000006003007 59430.20237866667 000004001006001002
8 59430.20237866667 000004001006001002 12.1046 000004000006001006
8 12.1046 000004000006001006 12.1046 000004000006001006
8 12.1046 000004000006001006 59430.20237866667 000004001006001002
8 59430.20237866667 000004001006001002 246644.66666666666 000004001010003006
8 246644.66666666666 000004001010003006 16567.0 000004001001003006
8 16567.0 000004001001003006 59430.20237866667 000004001006001002
8 59430.20237866667 000004001006001002 10776.4 000004000010008006
8 10776.4 000004000010008006 248119.0 000004000006008006
8 248119.0 000004000006008006 59430.20237866667 000004001006001002
8 59430.20237866667 000004001006001002 2677110.0 010000001010008006
8 2677110.0 010000001010008006 206392.0 010000001010002006
8 206392.0 010000001010002006 59430.20237866667 000004001006001002
8 59430.20237866667 000004001006001002 152725.40814 000003001006001006
8 152725.40814 000003001006001006 42399.2 006003001006001006
8 42399.2 006003001006001006 59430.20237866667 000004001006001002
8 59430.20237866667 000004001006001002 2458217.0 000003000006001006
8 2458217.0 000003000006001006 152725.40814 000003001006001006
8 152725.40814 000003001006001006 59430.20237866667 000004001006001002
8 59430.20237866667 000004001006001002 1823870.0 004004000006001006
8 1823870.0 004004000006001006 22422.5 004004000006001003
8 22422.5 004004000006001003 59430.20237866667 000004001006001002
8 59430.20237866667 000004001006001002 1683659.11 010004001006001006
8 1683659.11 010004001006001006 1683659.11 010004001006001006
8 1683659.11 010004001006001006 59430.20237866667 000004001006001002
8 59430.20237866667 000004001006001002 677192000.0 010003000006008006
8 677192000.0 010003000006008006 7004850.0 010005000006008006
8 7004850.0 010005000006008006 59430.20237866667 000004001006001002
8 59430.20237866667 000004001006001002 418760.045 000000001006001006
8 418760.045 000000001006001006 57.745 000000001006000006
8 57.745 000000001006000006 59430.20237866667 000004001006001002
8 59430.20237866667 000004001006001002 1906.44 010003001006000006
8 1906.44 010003001006000006 861.247 010003001006000008
8 861.247 010003001006000008 59430.20237866667 000004001006001002
8 59430.20237866667 000004001006001002 259927.598725 000004001006008006
8 259927.598725 000004001006008006 799268.0 000004001006008008
8 799268.0 000004001006008008 59430.20237866667 000004001006001002
8 59430.20237866667 000004001006001002 203956.1271225 000004001006001006
8 203956.1271225 000004001006001006 61.577 000004002006001006
8 61.577 000004002006001006 59430.20237866667 000004001006001002
8 59430.20237866667 000004001006001002 152725.40814 000003001006001006
8 152725.40814 000003001006001006 32.2755 000003001006005006
8 32.2755 000003001006005006 59430.20237866667 000004001006001002
8 59430.20237866667 000004001006001002 519510.0 000003001010001006
8 519510.0 000003001010001006 14598.9 000003001012001006
8 14598.9 000003001012001006 59430.20237866667 000004001006001002
8 59430.20237866667 000004001006001002 24228.6 010003001006001006
8 24228.6 010003001006001006 3545410.6 010000001006001006
8 3545410.6 010000001006001006 59430.20237866667 000004001006001002
8 59430.20237866667 000004001006001002 657617.7333333333 000003000006003006
8 657617.7333333333 000003000006003006 111.218 013003000006003006
8 111.218 013003000006003006 59430.20237866667 000004001006001002
8 59430.20237866667 000004001006001002 248119.0 000004000006008006
8 248119.0 000004000006008006 6400.2 011004000006008006
8 6400.2 011004000006008006 59430.20237866667 000004001006001002
8 59430.20237866667 000004001006001002 334605.20984285715 000000000006008006
8 334605.20984285715 000000000006008006 2137.88 000000000011008006
8 2137.88 000000000011008006 59430.20237866667 000004001006001002
8 59430.20237866667 000004001006001002 211645.43 004000001006008006
8 211645.43 004000001006008006 51.6583 004000001006008004
8 51.6583 004000001006008004 59430.20237866667 000004001006001002
8 59430.20237866667 000004001006001002 18900.6 004000001006003004
8 18900.6 004000001006003004 59430.20237866667 000004001006001002
8 59430.20237866667 000004001006001002 2.0249 000003001010008006
8 2.0249 000003001010008006 258482.0 004004000010008006
8 258482.0 004004000010008006 13059.7 004004000010008003
8 13059.7 004004000010008003 59430.20237866667 000004001006001002
8 59430.20237866667 000004001006001002 76029800.0 010003000006001006
8 76029800.0 010003000006001006 8368850.0 010005000006001006
8 8368850.0 010005000006001006 59430.20237866667 000004001006001002
8 59430.20237866667 000004001006001002 12.1046 000004000006001006
8 12.1046 000004000006001006 59430.20237866667 000004001006001002
8 59430.20237866667 000004001006001002 2.0249 000003001010008006
8 2.0249 000003001010008006 12168.9 000004000010001006
8 12168.9 000004000010001006 59430.20237866667 000004001006001002
8 59430.20237866667 000004001006001002 2.0249 000003001010008006
8 2.0249 000003001010008006 3207.67 000003001006003006
8 3207.67 000003001006003006 59430.20237866667 000004001006001002
8 59430.20237866667 000004001006001002 2.0249 000003001010008006
8 2.0249 000003001010008006 223451.90823333332 000000001010008006
8 223451.90823333332 000000001010008006 59430.20237866667 000004001006001002
8 59430.20237866667 000004001006001002 2.0249 000003001010008006
8 2.0249 000003001010008006 182785.6879 000004001010001006
8 182785.6879 000004001010001006 189418.0 000004001012001006
8 189418.0 000004001012001006 59430.20237866667 000004001006001002
8 59430.20237866667 000004001006001002 352150.9308 000002001006001006
8 352150.9308 000002001006001006 5197.34 011002001006001006
8 5197.34 011002001006001006 59430.20237866667 000004001006001002
8 59430.20237866667 000004001006001002 519510.0 000003001010001006
8 519510.0 000003001010001006 100.779 000003001007001006
8 100.779 000003001007001006 59430.20237866667 000004001006001002
8 59430.20237866667 000004001006001002 79.9344 000004000007003006
8 79.9344 000004000007003006 364583.0 000001000007003006
8 364583.0 000001000007003006 59430.20237866667 000004001006001002
8 59430.20237866667 000004001006001002 722093.0 000000000006008002
8 722093.0 000000000006008002 13.5026 000000000006008008
8 13.5026 000000000006008008 59430.20237866667 000004001006001002
8 59430.20237866667 000004001006001002 152725.40814 000003001006001006
8 152725.40814 000003001006001006 59430.20237866667 000004001006001002
8 59430.20237866667 000004001006001002 2.0249 000003001010008006
8 2.0249 000003001010008006 6036050.0 004004000010001002
8 6036050.0 004004000010001002 2044830.0 004004000011001002
8 2044830.0 004004000011001002 59430.20237866667 000004001006001002
8 59430.20237866667 000004001006001002 15052.4 000004000006001002
8 15052.4 000004000006001002 52.9593 000004000006001003
8 52.9593 000004000006001003 59430.20237866667 000004001006001002
8 59430.20237866667 000004001006001002 2084800.0 004004001010001006
8 2084800.0 004004001010001006 160.4 004001001010001006
8 160.4 004001001010001006 59430.20237866667 000004001006001002
8 59430.20237866667 000004001006001002 352150.9308 000002001006001006
8 352150.9308 000002001006001006 4.55503 000002001009001006
8 4.55503 000002001009001006 59430.20237866667 000004001006001002
8 59430.20237866667 000004001006001002 223793.0 000000001010003006
8 223793.0 000000001010003006 43.5053 000002001010003006
8 43.5053 000002001010003006 59430.20237866667 000004001006001002
8 59430.20237866667 000004001006001002 152725.40814 000003001006001006
8 152725.40814 000003001006001006 183764.0 000003001006001000
8 183764.0 000003001006001000 59430.20237866667 000004001006001002
8 59430.20237866667 000004001006001002 165594.2 000000001006003006
8 165594.2 000000001006003006 45.0153 000000001006003007
8 45.0153 000000001006003007 59430.20237866667 000004001006001002
8 59430.20237866667 000004001006001002 1138431.65 000003000009001002
8 1138431.65 000003000009001002 1138431.65 000003000009001002
8 1138431.65 000003000009001002 59430.20237866667 000004001006001002
8 59430.20237866667 000004001006001002 3639410.0 004000001010003006
8 3639410.0 004000001010003006 650547.0 004000001010003004
8 650547.0 004000001010003004 59430.20237866667 000004001006001002
8 59430.20237866667 000004001006001002 564493.5 000000001010001002
8 564493.5 000000001010001002 156856.0 000000001009001002
8 156856.0 000000001009001002 59430.20237866667 000004001006001002
8 59430.20237866667 000004001006001002 461204.0 004004001006008006
8 461204.0 004004001006008006 7.28306 004001001006008006
8 7.28306 004001001006008006 59430.20237866667 000004001006001002
8 59430.20237866667 000004001006001002 9608.31238 000002001006003006
8 9608.31238 000002001006003006 28.9199 000002002006003006
8 28.9199 000002002006003006 59430.20237866667 000004001006001002
8 59430.20237866667 000004001006001002 3545410.6 010000001006001006
8 3545410.6 010000001006001006 22547.1 010000002006001006
8 22547.1 010000002006001006 59430.20237866667 000004001006001002
8 59430.20237866667 000004001006001002 191293.00472857142 000000001006008006
8 191293.00472857142 000000001006008006 191293.00472857142 000000001006008006
8 191293.00472857142 000000001006008006 59430.20237866667 000004001006001002
8 59430.20237866667 000004001006001002 7099050.0 004002001009008002
8 7099050.0 004002001009008002 196554.0 004002000009008002
8 196554.0 004002000009008002 59430.20237866667 000004001006001002
8 59430.20237866667 000004001006001002 11891.8 000004001010003002
8 11891.8 000004001010003002 3.9316 000004001010003003
8 3.9316 000004001010003003 59430.20237866667 000004001006001002
8 59430.20237866667 000004001006001002 526556.0 000002001010001006
8 526556.0 000002001010001006 120577.25 000000001010001006
8 120577.25 000000001010001006 59430.20237866667 000004001006001002
8 59430.20237866667 000004001006001002 1708531.45 004002001006003006
8 1708531.45 004002001006003006 40340.2 004002001006005006
8 40340.2 004002001006005006 59430.20237866667 000004001006001002
8 59430.20237866667 000004001006001002 8688710.0 004002000006003006
8 8688710.0 004002000006003006 1708531.45 004002001006003006
8 1708531.45 004002001006003006 59430.20237866667 000004001006001002
8 59430.20237866667 000004001006001002 1211.65 010002001006003006
8 1211.65 010002001006003006 59430.20237866667 000004001006001002
8 59430.20237866667 000004001006001002 2.0249 000003001010008006
8 2.0249 000003001010008006 352150.9308 000002001006001006
8 352150.9308 000002001006001006 73846.6 014002001006001006
8 73846.6 014002001006001006 59430.20237866667 000004001006001002
8 59430.20237866667 000004001006001002 1999000.0 014000001010003006
8 1999000.0 014000001010003006 989351.0 014000000010003006
8 989351.0 014000000010003006 59430.20237866667 000004001006001002
8 59430.20237866667 000004001006001002 1.75158 004000000006008003
8 1.75158 004000000006008003 1.75158 004000000006008003
8 1.75158 004000000006008003 59430.20237866667 000004001006001002
8 59430.20237866667 000004001006001002 203956.1271225 000004001006001006
8 203956.1271225 000004001006001006 9778.42 000004001004001006
8 9778.42 000004001004001006 59430.20237866667 000004001006001002
8 59430.20237866667 000004001006001002 991643.248 000000000006001006
8 991643.248 000000000006001006 5951.05 000000000008001006
8 5951.05 000000000008001006 59430.20237866667 000004001006001002
8 59430.20237866667 000004001006001002 418760.045 000000001006001006
8 418760.045 000000001006001006 991643.248 000000000006001006
8 991643.248 000000000006001006 59430.20237866667 000004001006001002
8 59430.20237866667 000004001006001002 248119.0 000004000006008006
8 248119.0 000004000006008006 739608.0 000004000006008003
8 739608.0 000004000006008003 59430.20237866667 000004001006001002
8 59430.20237866667 000004001006001002 165594.2 000000001006003006
8 165594.2 000000001006003006 1968.24 012000001006003006
8 1968.24 012000001006003006 59430.20237866667 000004001006001002
8 59430.20237866667 000004001006001002 120577.25 000000001010001006
8 120577.25 000000001010001006 3291.58 015000001010001006
8 3291.58 015000001010001006 59430.20237866667 000004001006001002
8 59430.20237866667 000004001006001002 12709.2 015004000006008003
8 12709.2 015004000006008003 59430.20237866667 000004001006001002
8 59430.20237866667 000004001006001002 1.75158 004000000006008003
8 1.75158 004000000006008003 915100.0 000002001006008006
8 915100.0 000002001006008006 166576.0 000002001006008002
8 166576.0 000002001006008002 59430.20237866667 000004001006001002
8 59430.20237866667 000004001006001002 78.5654 000004001006003006
8 78.5654 000004001006003006 264278.0 000004001007003006
8 264278.0 000004001007003006 59430.20237866667 000004001006001002
8 59430.20237866667 000004001006001002 191293.00472857142 000000001006008006
8 191293.00472857142 000000001006008006 20179.0 000000002006008006
8 20179.0 000000002006008006 59430.20237866667 000004001006001002
8 59430.20237866667 000004001006001002 20591600.0 010000001009001003
8 20591600.0 010000001009001003 1829.43 010000001011001003
8 1829.43 010000001011001003 59430.20237866667 000004001006001002
8 59430.20237866667 000004001006001002 101.386 000003001006001003
8 101.386 000003001006001003 84.2299 000003001012001003
8 84.2299 000003001012001003 59430.20237866667 000004001006001002
8 59430.20237866667 000004001006001002 482137.0 000003001010003003
8 482137.0 000003001010003003 400646.0 000003000010003003
8 400646.0 000003000010003003 59430.20237866667 000004001006001002
8 59430.20237866667 000004001006001002 12.1046 000004000006001006
8 12.1046 000004000006001006 8317.4 000004000006002006
8 8317.4 000004000006002006 59430.20237866667 000004001006001002
8 59430.20237866667 000004001006001002 1683659.11 010004001006001006
8 1683659.11 010004001006001006 1683659.11 010004001006001006
8 1683659.11 010004001006001006 59430.20237866667 000004001006001002
8 59430.20237866667 000004001006001002 2994490.0 004004001006008003
8 2994490.0 004004001006008003 2760460.0 004004001006009003
8 2760460.0 004004001006009003 59430.20237866667 000004001006001002
8 59430.20237866667 000004001006001002 564493.5 000000001010001002
8 564493.5 000000001010001002 161537.0 000000001010007002
8 161537.0 000000001010007002 59430.20237866667 000004001006001002
8 59430.20237866667 000004001006001002 59430.20237866667 000004001006001002
8 59430.20237866667 000004001006001002 6.63378 000004001000001002
8 6.63378 000004001000001002 59430.20237866667 000004001006001002
8 59430.20237866667 000004001006001002 14467.6 000000001006008002
8 14467.6 000000001006008002 59430.20237866667 000004001006001002
8 59430.20237866667 000004001006001002 1.75158 004000000006008003
8 1.75158 004000000006008003 41123700.0 010002000006001003
8 41123700.0 010002000006001003 37907700.0 010002000006001007
8 37907700.0 010002000006001007 59430.20237866667 000004001006001002
8 59430.20237866667 000004001006001002 203956.1271225 000004001006001006
8 203956.1271225 000004001006001006 16331.1 000004001003001006
8 16331.1 000004001003001006 59430.20237866667 000004001006001002
8 59430.20237866667 000004001006001002 203956.1271225 000004001006001006
8 203956.1271225 000004001006001006 3030.1 004004001006001006
8 3030.1 004004001006001006 59430.20237866667 000004001006001002
8 59430.20237866667 000004001006001002 93.2874 004000000006008006
8 93.2874 004000000006008006 59430.20237866667 000004001006001002
8 59430.20237866667 000004001006001002 1.75158 004000000006008003
8 1.75158 004000000006008003 222209.0 000000001010001003
8 222209.0 000000001010001003 8761.96 005000001010001003
8 8761.96 005000001010001003 59430.20237866667 000004001006001002
8 59430.20237866667 000004001006001002 78.5654 000004001006003006
8 78.5654 000004001006003006 59430.20237866667 000004001006001002
8 59430.20237866667 000004001006001002 1.75158 004000000006008003
8 1.75158 004000000006008003 5836.56 000004000010003006
8 5836.56 000004000010003006 79.9344 000004000007003006
8 79.9344 000004000007003006 59430.20237866667 000004001006001002
8 59430.20237866667 000004001006001002 1415896.6666666667 004004001006003006
8 1415896.6666666667 004004001006003006 6854.66 019004001006003006
8 6854.66 019004001006003006 59430.20237866667 000004001006001002
8 59430.20237866667 000004001006001002 3030.1 004004001006001006
8 3030.1 004004001006001006 59430.20237866667 000004001006001002
8 59430.20237866667 000004001006001002 1.75158 004000000006008003
8 1.75158 004000000006008003 7516560.0 010000001006008003
8 7516560.0 010000001006008003 1105980.0 001000001006008003
8 1105980.0 001000001006008003 59430.20237866667 000004001006001002
8 59430.20237866667 000004001006001002 2994490.0 004004001006008003
8 2994490.0 004004001006008003 10719.3 004004001006008008
8 10719.3 004004001006008008 59430.20237866667 000004001006001002
8 59430.20237866667 000004001006001002 120330.88533333334 000003001006008006
8 120330.88533333334 000003001006008006 301307.0 000003001004008006
8 301307.0 000003001004008006 59430.20237866667 000004001006001002
8 59430.20237866667 000004001006001002 182785.6879 000004001010001006
8 182785.6879 000004001010001006 59430.20237866667 000004001006001002
8 59430.20237866667 000004001006001002 1.75158 004000000006008003
8 1.75158 004000000006008003 227860.0 000000001010003003
8 227860.0 000000001010003003 152627.0 003000001010003003
8 152627.0 003000001010003003 59430.20237866667 000004001006001002
8 59430.20237866667 000004001006001002 22976.3 000000001009003006
8 22976.3 000000001009003006 54.2832 000000001009011006
8 54.2832 000000001009011006 59430.20237866667 000004001006001002
8 59430.20237866667 000004001006001002 150556.0 000000001009001003
8 150556.0 000000001009001003 12208.1 000000001009001004
8 12208.1 000000001009001004 59430.20237866667 000004001006001002
8 59430.20237866667 000004001006001002 36553.6 004004001010008006
8 36553.6 004004001010008006 13818.4 000004001010008006
8 13818.4 000004001010008006 59430.20237866667 000004001006001002
8 59430.20237866667 000004001006001002 203956.1271225 000004001006001006
8 203956.1271225 000004001006001006 4493.61 000004001006001007
8 4493.61 000004001006001007 59430.20237866667 000004001006001002
8 59430.20237866667 000004001006001002 59430.20237866667 000004001006001002
8 59430.20237866667 000004001006001002 59430.20237866667 000004001006001002
8 59430.20237866667 000004001006001002 1.75158 004000000006008003
8 1.75158 004000000006008003 13818.4 000004001010008006
8 13818.4 000004001010008006 18419.3 002004001010008006
8 18419.3 002004001010008006 59430.20237866667 000004001006001002
8 59430.20237866667 000004001006001002 156350.6 002000001006008006
8 156350.6 002000001006008006 156350.6 002000001006008006
8 156350.6 002000001006008006 59430.20237866667 000004001006001002
8 59430.20237866667 000004001006001002 8237510.0 010004000010001006
8 8237510.0 010004000010001006 2794.9 010006000010001006
8 2794.9 010006000010001006 59430.20237866667 000004001006001002
8 59430.20237866667 000004001006001002 4693.36 010003000010001006
8 4693.36 010003000010001006 59430.20237866667 000004001006001002
8 59430.20237866667 000004001006001002 1.75158 004000000006008003
8 1.75158 004000000006008003 827567.875 004000000010001006
8 827567.875 004000000010001006 827567.875 004000000010001006
8 827567.875 004000000010001006 59430.20237866667 000004001006001002
8 59430.20237866667 000004001006001002 667368.31 000002000006008006
8 667368.31 000002000006008006 919930.0 000002000006009006
8 919930.0 000002000006009006 59430.20237866667 000004001006001002
8 59430.20237866667 000004001006001002 4317.68 000002000010003006
8 4317.68 000002000010003006 42.9665 000002000010003007
8 42.9665 000002000010003007 59430.20237866667 000004001006001002
9 59430.20237866667 000004001006001002 279280.0 000001000012003004
9 279280.0 000001000012003004 7162.5 000001000012003003
9 7162.5 000001000012003003 3783.1 013004000010007000
9 3783.1 013004000010007000 7199.13 008001000012010003
9 7199.13 008001000012010003 11910.8 008001000011010003
9 11910.8 008001000011010003 3783.1 013004000010007000
9 3783.1 013004000010007000 6532.14 020004000012010007
9 6532.14 020004000012010007 11910.8 008001000011010003
9 11910.8 008001000011010003 3783.1 013004000010007000
9 3783.1 013004000010007000 6987420.0 015001000012003003
9 6987420.0 015001000012003003 52218.6 015001002012003003
9 52218.6 015001002012003003 11910.8 008001000011010003
9 11910.8 008001000011010003 103561.9707885 000001000011003003
9 103561.9707885 000001000011003003 11910.8 008001000011010003
9 11910.8 008001000011010003 3783.1 013004000010007000
9 3783.1 013004000010007000 374809.0 000004000012007003
9 374809.0 000004000012007003 184322.0 000004000011007003
9 184322.0 000004000011007003 103561.9707885 000001000011003003
9 103561.9707885 000001000011003003 983840.939 020002000001010003
9 983840.939 020002000001010003 103561.9707885 000001000011003003
9 103561.9707885 000001000011003003 11910.8 008001000011010003
9 11910.8 008001000011010003 11098.8 020001000001010000
9 11098.8 020001000001010000 4009.27 020001000001010007
9 4009.27 020001000001010007 103561.9707885 000001000011003003
9 103561.9707885 000001000011003003 3714680.0 020002000012007003
9 3714680.0 020002000012007003 22789.8 020002000012007007
9 22789.8 020002000012007007 103561.9707885 000001000011003003
9 103561.9707885 000001000011003003 772554.0 008002000011010007
9 772554.0 008002000011010007 475042.0 008000000011010007
9 475042.0 008000000011010007 103561.9707885 000001000011003003
9 103561.9707885 000001000011003003 11910.8 008001000011010003
9 11910.8 008001000011010003 42440.5 008003000011010003
9 42440.5 008003000011010003 103561.9707885 000001000011003003
9 103561.9707885 000001000011003003 304390.0 020002000011000000
9 304390.0 020002000011000000 72562.6 020002000001000000
9 72562.6 020002000001000000 103561.9707885 000001000011003003
9 103561.9707885 000001000011003003 160389.0 020002000012000000
9 160389.0 020002000012000000 125404.0 014002000012000000
9 125404.0 014002000012000000 103561.9707885 000001000011003003
9 103561.9707885 000001000011003003 6429810.0 020004000001010003
9 6429810.0 020004000001010003 2888228.4675 020001000001010003
9 2888228.4675 020001000001010003 103561.9707885 000001000011003003
9 103561.9707885 000001000011003003 983840.939 020002000001010003
9 983840.939 020002000001010003 31016.3 020002000001007003
9 31016.3 020002000001007003 103561.9707885 000001000011003003
9 103561.9707885 000001000011003003 874915.6021285715 008001000001010003
9 874915.6021285715 008001000001010003 2295.15 008001000001010006
9 2295.15 008001000001010006 103561.9707885 000001000011003003
9 103561.9707885 000001000011003003 2040850.5334333333 013001000001010003
9 2040850.5334333333 013001000001010003 2040850.5334333333 013001000001010003
9 2040850.5334333333 013001000001010003 103561.9707885 000001000011003003
9 103561.9707885 000001000011003003 1449400000.0 006002000001010000
9 1449400000.0 006002000001010000 23089.9 006002000001010006
9 23089.9 006002000001010006 103561.9707885 000001000011003003
9 103561.9707885 000001000011003003 4712.37 013004000001010007
9 4712.37 013004000001010007 103561.9707885 000001000011003003
9 103561.9707885 000001000011003003 2040850.5334333333 013001000001010003
9 2040850.5334333333 013001000001010003 8310.98 008001000011010007
9 8310.98 008001000011010007 475042.0 008000000011010007
9 475042.0 008000000011010007 103561.9707885 000001000011003003
9 103561.9707885 000001000011003003 1283760.195 013001000001010007
9 1283760.195 013001000001010007 1283760.195 013001000001010007
9 1283760.195 013001000001010007 103561.9707885 000001000011003003
9 103561.9707885 000001000011003003 6532.14 020004000012010007
9 6532.14 020004000012010007 6532.14 020004000012010007
9 6532.14 020004000012010007 103561.9707885 000001000011003003
9 103561.9707885 000001000011003003 9199.88 013001000010010003
9 9199.88 013001000010010003 103561.9707885 000001000011003003
9 103561.9707885 000001000011003003 2040850.5334333333 013001000001010003
9 2040850.5334333333 013001000001010003 1283760.195 013001000001010007
9 1283760.195 013001000001010007 5999.74 017001000001010007
9 5999.74 017001000001010007 103561.9707885 000001000011003003
9 103561.9707885 000001000011003003 6336760.0 013004000001007007
9 6336760.0 013004000001007007 5757310.0 013004000005007007
9 5757310.0 013004000005007007 103561.9707885 000001000011003003
9 103561.9707885 000001000011003003 1331780.8 008001000001010007
9 1331780.8 008001000001010007 7542.89 008005000001010007
9 7542.89 008005000001010007 103561.9707885 000001000011003003
9 103561.9707885 000001000011003003 10047.7 020005001012010007
9 10047.7 020005001012010007 103561.9707885 000001000011003003
9 103561.9707885 000001000011003003 2040850.5334333333 013001000001010003
9 2040850.5334333333 013001000001010003 7542.89 008005000001010007
9 7542.89 008005000001010007 103561.9707885 000001000011003003
9 103561.9707885 000001000011003003 2040850.5334333333 013001000001010003
9 2040850.5334333333 013001000001010003 97863300.0 020002000001003003
9 97863300.0 020002000001003003 36493.7 003002000001003003
9 36493.7 003002000001003003 103561.9707885 000001000011003003
9 103561.9707885 000001000011003003 17994.8 008001000001003003
9 17994.8 008001000001003003 1779.84 008006000001003003
9 1779.84 008006000001003003 103561.9707885 000001000011003003
9 103561.9707885 000001000011003003 2473320.0 008002000001010003
9 2473320.0 008002000001010003 230256.0 008002000006010003
9 230256.0 008002000006010003 103561.9707885 000001000011003003
9 103561.9707885 000001000011003003 874915.6021285715 008001000001010003
9 874915.6021285715 008001000001010003 1433.07 008001000001006003
9 1433.07 008001000001006003 103561.9707885 000001000011003003
9 103561.9707885 000001000011003003 874915.6021285715 008001000001010003
9 874915.6021285715 008001000001010003 37260.2 008001001001010003
9 37260.2 008001001001010003 103561.9707885 000001000011003003
9 103561.9707885 000001000011003003 611045000.0 008002001011006003
9 611045000.0 008002001011006003 1221280.0 008002001011006007
9 1221280.0 008002001011006007 103561.9707885 000001000011003003
9 103561.9707885 000001000011003003 874915.6021285715 008001000001010003
9 874915.6021285715 008001000001010003 10485.0 008001000001005003
9 10485.0 008001000001005003 103561.9707885 000001000011003003
9 103561.9707885 000001000011003003 874915.6021285715 008001000001010003
9 874915.6021285715 008001000001010003 103561.9707885 000001000011003003
9 103561.9707885 000001000011003003 2040850.5334333333 013001000001010003
9 2040850.5334333333 013001000001010003 8675620.0 020001000011010006
9 8675620.0 020001000011010006 413537.0 007001000011010006
9 413537.0 007001000011010006 103561.9707885 000001000011003003
9 103561.9707885 000001000011003003 4599780000.0 007006000001010003
9 4599780000.0 007006000001010003 21200.2 007006000001010001
9 21200.2 007006000001010001 103561.9707885 000001000011003003
9 103561.9707885 000001000011003003 2888228.4675 020001000001010003
9 2888228.4675 020001000001010003 14749.775 020001001001010003
9 14749.775 020001001001010003 103561.9707885 000001000011003003
9 103561.9707885 000001000011003003 73117800.0 008002001001006003
9 73117800.0 008002001001006003 37722.9 008002001001006001
9 37722.9 008002001001006001 103561.9707885 000001000011003003
9 103561.9707885 000001000011003003 4846.049999999999 013002000001010007
9 4846.049999999999 013002000001010007 4846.049999999999 013002000001010007
9 4846.049999999999 013002000001010007 103561.9707885 000001000011003003
9 103561.9707885 000001000011003003 11910.8 008001000011010003
9 11910.8 008001000011010003 19220.1 008001002011010003
9 19220.1 008001002011010003 103561.9707885 000001000011003003
9 103561.9707885 000001000011003003 17994.8 008001000001003003
9 17994.8 008001000001003003 21380.3 008001000006003003
9 21380.3 008001000006003003 103561.9707885 000001000011003003
9 103561.9707885 000001000011003003 11910.8 008001000011010003
9 11910.8 008001000011010003 408157.6715 008001000011012003
9 408157.6715 008001000011012003 103561.9707885 000001000011003003
9 103561.9707885 000001000011003003 17994.8 008001000001003003
9 17994.8 008001000001003003 17994.8 008001000001003003
9 17994.8 008001000001003003 103561.9707885 000001000011003003
9 103561.9707885 000001000011003003 408157.6715 008001000011012003
9 408157.6715 008001000011012003 8471.69 008001000011012005
9 8471.69 008001000011012005 103561.9707885 000001000011003003
9 103561.9707885 000001000011003003 1625860.0 008001000011010005
9 1625860.0 008001000011010005 2347.0 008001000000010005
9 2347.0 008001000000010005 103561.9707885 000001000011003003
9 103561.9707885 000001000011003003 728412.0 013002000001010005
9 728412.0 013002000001010005 13644.0 013002000001009005
9 13644.0 013002000001009005 103561.9707885 000001000011003003
9 103561.9707885 000001000011003003 1331780.8 008001000001010007
9 1331780.8 008001000001010007 2705225.2183666667 008001000000010007
9 2705225.2183666667 008001000000010007 103561.9707885 000001000011003003
9 103561.9707885 000001000011003003 2705225.2183666667 008001000000010007
9 2705225.2183666667 008001000000010007 648239.0 008001002000010007
9 648239.0 008001002000010007 103561.9707885 000001000011003003
9 103561.9707885 000001000011003003 874915.6021285715 008001000001010003
9 874915.6021285715 008001000001010003 1364640.0 008001000004010003
9 1364640.0 008001000004010003 103561.9707885 000001000011003003
9 103561.9707885 000001000011003003 2040850.5334333333 013001000001010003
9 2040850.5334333333 013001000001010003 2506295.0 009001000001010003
9 2506295.0 009001000001010003 103561.9707885 000001000011003003
9 103561.9707885 000001000011003003 2506295.0 009001000001010003
9 2506295.0 009001000001010003 24643.0 009001000001004003
9 24643.0 009001000001004003 103561.9707885 000001000011003003
9 103561.9707885 000001000011003003 133586.5 000005000011012003
9 133586.5 000005000011012003 133586.5 000005000011012003
9 133586.5 000005000011012003 103561.9707885 000001000011003003
9 103561.9707885 000001000011003003 11910.8 008001000011010003
9 11910.8 008001000011010003 155922.9575 000001000011010003
9 155922.9575 000001000011010003 103561.9707885 000001000011003003
9 103561.9707885 000001000011003003 2888228.4675 020001000001010003
9 2888228.4675 020001000001010003 103561.9707885 000001000011003003
9 103561.9707885 000001000011003003 2705225.2183666667 008001000000010007
9 2705225.2183666667 008001000000010007 874915.6021285715 008001000001010003
9 874915.6021285715 008001000001010003 10251.4 014001000001010003
9 10251.4 014001000001010003 103561.9707885 000001000011003003
9 103561.9707885 000001000011003003 28292.1 020001000001003003
9 28292.1 020001000001003003 14386.1 020001000010003003
9 14386.1 020001000010003003 103561.9707885 000001000011003003
9 103561.9707885 000001000011003003 1769443.9333333333 013001000011010003
9 1769443.9333333333 013001000011010003 64.3423 013001000011010004
9 64.3423 013001000011010004 103561.9707885 000001000011003003
9 103561.9707885 000001000011003003 7139730.0 008001000011003007
9 7139730.0 008001000011003007 4919.68 008001000009003007
9 4919.68 008001000009003007 103561.9707885 000001000011003003
9 103561.9707885 000001000011003003 929099.5 008002000001010007
9 929099.5 008002000001010007 7542.89 008005000001010007
9 7542.89 008005000001010007 103561.9707885 000001000011003003
9 103561.9707885 000001000011003003 1769443.9333333333 013001000011010003
9 1769443.9333333333 013001000011010003 3067750.0 013001000009010003
9 3067750.0 013001000009010003 103561.9707885 000001000011003003
9 103561.9707885 000001000011003003 1222590.0 013001000001012003
9 1222590.0 013001000001012003 322615.0 013001000005012003
9 322615.0 013001000005012003 103561.9707885 000001000011003003
9 103561.9707885 000001000011003003 1769443.9333333333 013001000011010003
9 1769443.9333333333 013001000011010003 163.154 013001002011010003
9 163.154 013001002011010003 103561.9707885 000001000011003003
9 103561.9707885 000001000011003003 8135590.0 008001002011003003
9 8135590.0 008001002011003003 1815240.0 008001002011003006
9 1815240.0 008001002011003006 103561.9707885 000001000011003003
9 103561.9707885 000001000011003003 11910.8 008001000011010003
9 11910.8 008001000011010003 1681.03 008004000011010003
9 1681.03 008004000011010003 103561.9707885 000001000011003003
9 103561.9707885 000001000011003003 1331780.8 008001000001010007
9 1331780.8 008001000001010007 103561.9707885 000001000011003003
9 103561.9707885 000001000011003003 2705225.2183666667 008001000000010007
9 2705225.2183666667 008001000000010007 7542.89 008005000001010007
9 7542.89 008005000001010007 9945.9 008005000001003007
9 9945.9 008005000001003007 103561.9707885 000001000011003003
9 103561.9707885 000001000011003003 15180.27415 008005002000010007
9 15180.27415 008005002000010007 15180.27415 008005002000010007
9 15180.27415 008005002000010007 103561.9707885 000001000011003003
9 103561.9707885 000001000011003003 2888228.4675 020001000001010003
9 2888228.4675 020001000001010003 14749.775 020001001001010003
9 14749.775 020001001001010003 103561.9707885 000001000011003003
9 103561.9707885 000001000011003003 2729.42 000001000000010007
9 2729.42 000001000000010007 2406.64 000001000000001007
9 2406.64 000001000000001007 103561.9707885 000001000011003003
9 103561.9707885 000001000011003003 4840870.0 013001000000010003
9 4840870.0 013001000000010003 2885200.0 004001000000010003
9 2885200.0 004001000000010003 103561.9707885 000001000011003003
9 103561.9707885 000001000011003003 716117.30395 000005000000010007
9 716117.30395 000005000000010007 225412.32533333334 000005001000010007
9 225412.32533333334 000005001000010007 103561.9707885 000001000011003003
9 103561.9707885 000001000011003003 929099.5 008002000001010007
9 929099.5 008002000001010007 789983.0 008002000001010001
9 789983.0 008002000001010001 103561.9707885 000001000011003003
9 103561.9707885 000001000011003003 648239.0 008001002000010007
9 648239.0 008001002000010007 888556.0 012001002000010007
9 888556.0 012001002000010007 103561.9707885 000001000011003003
9 103561.9707885 000001000011003003 375592.6666666667 000005000011010003
9 375592.6666666667 000005000011010003 55676.44 000005001011010003
9 55676.44 000005001011010003 103561.9707885 000001000011003003
9 103561.9707885 000001000011003003 10404900.0 013001000011010007
9 10404900.0 013001000011010007 64.3423 013001000011010004
9 64.3423 013001000011010004 103561.9707885 000001000011003003
9 103561.9707885 000001000011003003 1339310.0 008001000001010004
9 1339310.0 008001000001010004 993709.0 008002000001010004
9 993709.0 008002000001010004 103561.9707885 000001000011003003
9 103561.9707885 000001000011003003 716117.30395 000005000000010007
9 716117.30395 000005000000010007 103561.9707885 000001000011003003
9 103561.9707885 000001000011003003 15180.27415 008005002000010007
9 15180.27415 008005002000010007 344363.0 000005000001010004
9 344363.0 000005000001010004 208930.43636666666 000005000010010004
9 208930.43636666666 000005000010010004 103561.9707885 000001000011003003
9 103561.9707885 000001000011003003 2705225.2183666667 008001000000010007
9 2705225.2183666667 008001000000010007 137.719 008001000000010006
9 137.719 008001000000010006 103561.9707885 000001000011003003
9 103561.9707885 000001000011003003 8310.98 008001000011010007
9 8310.98 008001000011010007 151.352 008001002011010007
9 151.352 008001002011010007 103561.9707885 000001000011003003
9 103561.9707885 000001000011003003 8310.98 008001000011010007
9 8310.98 008001000011010007 103561.9707885 000001000011003003
9 103561.9707885 000001000011003003 208930.43636666666 000005000010010004
9 208930.43636666666 000005000010010004 39.8096 000001000011010007
9 39.8096 000001000011010007 103561.9707885 000001000011003003
9 103561.9707885 000001000011003003 208930.43636666666 000005000010010004
9 208930.43636666666 000005000010010004 13133400.0 008005000000010003
9 13133400.0 008005000000010003 100001.0 001005000000010003
9 100001.0 001005000000010003 103561.9707885 000001000011003003
9 103561.9707885 000001000011003003 39.8096 000001000011010007
9 39.8096 000001000011010007 111.158 015001000011010007
9 111.158 015001000011010007 103561.9707885 000001000011003003
9 103561.9707885 000001000011003003 39.8096 000001000011010007
9 39.8096 000001000011010007 319869.9725 000000000011010007
9 319869.9725 000000000011010007 103561.9707885 000001000011003003
9 103561.9707885 000001000011003003 660621.0 008001002001010007
9 660621.0 008001002001010007 648239.0 008001002000010007
9 648239.0 008001002000010007 103561.9707885 000001000011003003
9 103561.9707885 000001000011003003 375592.6666666667 000005000011010003
9 375592.6666666667 000005000011010003 8309.41 000006000011010003
9 8309.41 000006000011010003 103561.9707885 000001000011003003
9 103561.9707885 000001000011003003 1292585.1666666667 008005000011010007
9 1292585.1666666667 008005000011010007 475042.0 008000000011010007
9 475042.0 008000000011010007 103561.9707885 000001000011003003
9 103561.9707885 000001000011003003 2705225.2183666667 008001000000010007
9 2705225.2183666667 008001000000010007 1760330.0 007001000000010007
9 1760330.0 007001000000010007 103561.9707885 000001000011003003
9 103561.9707885 000001000011003003 321609.378275 000001000011003007
9 321609.378275 000001000011003007 39.8096 000001000011010007
9 39.8096 000001000011010007 103561.9707885 000001000011003003
9 103561.9707885 000001000011003003 73.9632 008005000000010007
9 73.9632 008005000000010007 53.7747 008005000000008007
9 53.7747 008005000000008007 103561.9707885 000001000011003003
9 103561.9707885 000001000011003003 1292585.1666666667 008005000011010007
9 1292585.1666666667 008005000011010007 3592.58 008005000011010000
9 3592.58 008005000011010000 103561.9707885 000001000011003003
9 103561.9707885 000001000011003003 996.105 000001000010010004
9 996.105 000001000010010004 103561.9707885 000001000011003003
9 103561.9707885 000001000011003003 319869.9725 000000000011010007
9 319869.9725 000000000011010007 39.8096 000001000011010007
9 39.8096 000001000011010007 214654.54405 000001001011010007
9 214654.54405 000001001011010007 103561.9707885 000001000011003003
9 103561.9707885 000001000011003003 2705225.2183666667 008001000000010007
9 2705225.2183666667 008001000000010007 17857.4 008001001000010007
9 17857.4 008001001000010007 103561.9707885 000001000011003003
9 103561.9707885 000001000011003003 162236.0 000000001011010007
9 162236.0 000000001011010007 162236.0 000000001011010007
9 162236.0 000000001011010007 103561.9707885 000001000011003003
9 103561.9707885 000001000011003003 2729.42 000001000000010007
9 2729.42 000001000000010007 1128.4 000001000002010007
9 1128.4 000001000002010007 103561.9707885 000001000011003003
9 103561.9707885 000001000011003003 78.396 000005000011010007
9 78.396 000005000011010007 103561.9707885 000001000011003003
9 103561.9707885 000001000011003003 319869.9725 000000000011010007
9 319869.9725 000000000011010007 321609.378275 000001000011003007
9 321609.378275 000001000011003007 27377.1 009001000011003007
9 27377.1 009001000011003007 103561.9707885 000001000011003003
9 103561.9707885 000001000011003003 319763.80585 000001000000003007
9 319763.80585 000001000000003007 319763.80585 000001000000003007
9 319763.80585 000001000000003007 103561.9707885 000001000011003003
9 103561.9707885 000001000011003003 319869.9725 000000000011010007
9 319869.9725 000000000011010007 319869.9725 000000000011010007
9 319869.9725 000000000011010007 103561.9707885 000001000011003003
9 103561.9707885 000001000011003003 5219450.0 008001001011010003
9 5219450.0 008001001011010003 5354.41 015001001011010003
9 5354.41 015001001011010003 103561.9707885 000001000011003003
9 103561.9707885 000001000011003003 78.396 000005000011010007
9 78.396 000005000011010007 164268.258412 000005000011010004
9 164268.258412 000005000011010004 103561.9707885 000001000011003003
9 103561.9707885 000001000011003003 2705225.2183666667 008001000000010007
9 2705225.2183666667 008001000000010007 57.8239 008000000000010007
9 57.8239 008000000000010007 103561.9707885 000001000011003003
9 103561.9707885 000001000011003003 1292585.1666666667 008005000011010007
9 1292585.1666666667 008005000011010007 73.9632 008005000000010007
9 73.9632 008005000000010007 103561.9707885 000001000011003003
9 103561.9707885 000001000011003003 46.587575 000001000010010003
9 46.587575 000001000010010003 545177.798265 000001000010010007
9 545177.798265 000001000010010007 103561.9707885 000001000011003003
9 103561.9707885 000001000011003003 78.396 000005000011010007
9 78.396 000005000011010007 285.2352 000005000006010007
9 285.2352 000005000006010007 103561.9707885 000001000011003003
9 103561.9707885 000001000011003003 416.09 000000000006010004
9 416.09 000000000006010004 118.581 000000000006008004
9 118.581 000000000006008004 103561.9707885 000001000011003003
9 103561.9707885 000001000011003003 459831.25 000001001010010007
9 459831.25 000001001010010007 545177.798265 000001000010010007
9 545177.798265 000001000010010007 103561.9707885 000001000011003003
9 103561.9707885 000001000011003003 39.4854 000000001000010007
9 39.4854 000000001000010007 103561.9707885 000001000011003003
9 103561.9707885 000001000011003003 319869.9725 000000000011010007
9 319869.9725 000000000011010007 225412.32533333334 000005001000010007
9 225412.32533333334 000005001000010007 225412.32533333334 000005001000010007
9 225412.32533333334 000005001000010007 103561.9707885 000001000011003003
9 103561.9707885 000001000011003003 285.2352 000005000006010007
9 285.2352 000005000006010007 103561.9707885 000001000011003003
9 103561.9707885 000001000011003003 319869.9725 000000000011010007
9 319869.9725 000000000011010007 78.396 000005000011010007
9 78.396 000005000011010007 78.396 000005000011010007
9 78.396 000005000011010007 103561.9707885 000001000011003003
9 103561.9707885 000001000011003003 557091.0 008005000011010003
9 557091.0 008005000011010003 3372.68 008005002011010003
9 3372.68 008005002011010003 103561.9707885 000001000011003003
9 103561.9707885 000001000011003003 306925.0 000001002011010007
9 306925.0 000001002011010007 306925.0 000001002011010007
9 306925.0 000001002011010007 103561.9707885 000001000011003003
9 103561.9707885 000001000011003003 39.8096 000001000011010007
9 39.8096 000001000011010007 319869.9725 000000000011010007
9 319869.9725 000000000011010007 103561.9707885 000001000011003003
9 103561.9707885 000001000011003003 545177.798265 000001000010010007
9 545177.798265 000001000010010007 5528.22 000001000010004007
9 5528.22 000001000010004007 103561.9707885 000001000011003003
9 103561.9707885 000001000011003003 5061.98 000005000000004007
9 5061.98 000005000000004007 116.765 000005000000003007
9 116.765 000005000000003007 103561.9707885 000001000011003003
9 103561.9707885 000001000011003003 218150.980355 000005002011010007
9 218150.980355 000005002011010007 103561.9707885 000001000011003003
9 103561.9707885 000001000011003003 319869.9725 000000000011010007
9 319869.9725 000000000011010007 39.8096 000001000011010007
9 39.8096 000001000011010007 47.5328 005001000011010007
9 47.5328 005001000011010007 103561.9707885 000001000011003003
9 103561.9707885 000001000011003003 10052.9 000005001011010007
9 10052.9 000005001011010007 4947.28 000002001011010007
9 4947.28 000002001011010007 103561.9707885 000001000011003003
9 103561.9707885 000001000011003003 10052.9 000005001011010007
9 10052.9 000005001011010007 10052.9 000005001011010007
9 10052.9 000005001011010007 103561.9707885 000001000011003003
9 103561.9707885 000001000011003003 276424.5 000005002011010003
9 276424.5 000005002011010003 155373.0 000005002011005003
9 155373.0 000005002011005003 103561.9707885 000001000011003003
9 103561.9707885 000001000011003003 1054610.0 000001000006010007
9 1054610.0 000001000006010007 466505.0 000003000006010007
9 466505.0 000003000006010007 103561.9707885 000001000011003003
9 103561.9707885 000001000011003003 218150.980355 000005002011010007
9 218150.980355 000005002011010007 8279.53 000005002012010007
9 8279.53 000005002012010007 103561.9707885 000001000011003003
9 103561.9707885 000001000011003003 78.396 000005000011010007
9 78.396 000005000011010007 78.396 000005000011010007
9 78.396 000005000011010007 103561.9707885 000001000011003003
9 103561.9707885 000001000011003003 78.396 000005000011010007
9 78.396 000005000011010007 10052.9 000005001011010007
9 10052.9 000005001011010007 103561.9707885 000001000011003003
9 103561.9707885 000001000011003003 21876.4 000000002000010007
9 21876.4 000000002000010007 47.3141 000000002000009007
9 47.3141 000000002000009007 103561.9707885 000001000011003003
9 103561.9707885 000001000011003003 5595.28 000000000011009007
9 5595.28 000000000011009007 17.5578 000000000000009007
9 17.5578 000000000000009007 103561.9707885 000001000011003003
9 103561.9707885 000001000011003003 2729.42 000001000000010007
9 2729.42 000001000000010007 89.247 000000000000010007
9 89.247 000000000000010007 103561.9707885 000001000011003003
9 103561.9707885 000001000011003003 82.0565 000000000011003007
9 82.0565 000000000011003007 82.0565 000000000011003007
9 82.0565 000000000011003007 103561.9707885 000001000011003003
9 103561.9707885 000001000011003003 316498.7373 000005000010003007
9 316498.7373 000005000010003007 316498.7373 000005000010003007
9 316498.7373 000005000010003007 103561.9707885 000001000011003003
9 103561.9707885 000001000011003003 545177.798265 000001000010010007
9 545177.798265 000001000010010007 3121.2 006001000010010007
9 3121.2 006001000010010007 103561.9707885 000001000011003003
9 103561.9707885 000001000011003003 78.396 000005000011010007
9 78.396 000005000011010007 78.396 000005000011010007
9 78.396 000005000011010007 103561.9707885 000001000011003003
9 103561.9707885 000001000011003003 78.396 000005000011010007
9 78.396 000005000011010007 17.0326 000002000011010007
9 17.0326 000002000011010007 103561.9707885 000001000011003003
9 103561.9707885 000001000011003003 316498.7373 000005000010003007
9 316498.7373 000005000010003007 644110.0 000005001010003007
9 644110.0 000005001010003007 103561.9707885 000001000011003003
9 103561.9707885 000001000011003003 341679.0 000005000010010003
9 341679.0 000005000010010003 23325.3 004005000010010003
9 23325.3 004005000010010003 103561.9707885 000001000011003003
9 103561.9707885 000001000011003003 86622.88495 000000000010010007
9 86622.88495 000000000010010007 327302.0 000000000010005007
9 327302.0 000000000010005007 103561.9707885 000001000011003003
9 103561.9707885 000001000011003003 214654.54405 000001001011010007
9 214654.54405 000001001011010007 133880.0 000001001011010002
9 133880.0 000001001011010002 103561.9707885 000001000011003003
9 103561.9707885 000001000011003003 317947.0513 000001002011010004
9 317947.0513 000001002011010004 279587.5 000005002011010004
9 279587.5 000005002011010004 103561.9707885 000001000011003003
9 103561.9707885 000001000011003003 39.8096 000001000011010007
9 39.8096 000001000011010007 656.036 011001000011010007
9 656.036 011001000011010007 103561.9707885 000001000011003003
9 103561.9707885 000001000011003003 500730.5 000000002011010007
9 500730.5 000000002011010007 162713.0 000000002001010007
9 162713.0 000000002001010007 103561.9707885 000001000011003003
9 103561.9707885 000001000011003003 319869.9725 000000000011010007
9 319869.9725 000000000011010007 129128.0 000000000011010002
9 129128.0 000000000011010002 103561.9707885 000001000011003003
9 103561.9707885 000001000011003003 39.8096 000001000011010007
9 39.8096 000001000011010007 103561.9707885 000001000011003003
9 103561.9707885 000001000011003003 319869.9725 000000000011010007
9 319869.9725 000000000011010007 39.8096 000001000011010007
9 39.8096 000001000011010007 39.8096 000001000011010007
9 39.8096 000001000011010007 103561.9707885 000001000011003003
9 103561.9707885 000001000011003003 1084420.0 000001000011009007
9 1084420.0 000001000011009007 808585.0 000001000000009007
9 808585.0 000001000000009007 103561.9707885 000001000011003003
9 103561.9707885 000001000011003003 962771.3333333334 000005000011003007
9 962771.3333333334 000005000011003007 652066.0 017005000011003007
9 652066.0 017005000011003007 103561.9707885 000001000011003003
9 103561.9707885 000001000011003003 29634.5 000001001011010003
9 29634.5 000001001011010003 30.1313 000001001011010006
9 30.1313 000001001011010006 103561.9707885 000001000011003003
9 103561.9707885 000001000011003003 164268.258412 000005000011010004
9 164268.258412 000005000011010004 103561.9707885 000001000011003003
9 103561.9707885 000001000011003003 319869.9725 000000000011010007
9 319869.9725 000000000011010007 55676.44 000005001011010003
9 55676.44 000005001011010003 46.2795 000000001011010003
9 46.2795 000000001011010003 103561.9707885 000001000011003003
9 103561.9707885 000001000011003003 264424.0 000000001010010003
9 264424.0 000000001010010003 158354.0 006000001010010003
9 158354.0 006000001010010003 103561.9707885 000001000011003003
9 103561.9707885 000001000011003003 1259090.0 000002000011010004
9 1259090.0 000002000011010004 260522.0 000002002011010004
9 260522.0 000002002011010004 103561.9707885 000001000011003003
9 103561.9707885 000001000011003003 4947.28 000002001011010007
9 4947.28 000002001011010007 4947.28 000002001011010007
9 4947.28 000002001011010007 103561.9707885 000001000011003003
9 103561.9707885 000001000011003003 525058.14 000005000010010007
9 525058.14 000005000010010007 410398.085 000005002010010007
9 410398.085 000005002010010007 103561.9707885 000001000011003003
9 103561.9707885 000001000011003003 500730.5 000000002011010007
9 500730.5 000000002011010007 185174.15 000002002011010007
9 185174.15 000002002011010007 103561.9707885 000001000011003003
9 103561.9707885 000001000011003003 163941.174625 000001000011010004
9 163941.174625 000001000011010004 149009.18876666666 000000000011010004
9 149009.18876666666 000000000011010004 103561.9707885 000001000011003003
9 103561.9707885 000001000011003003 321609.378275 000001000011003007
9 321609.378275 000001000011003007 103561.9707885 000001000011003003
9 103561.9707885 000001000011003003 319869.9725 000000000011010007
9 319869.9725 000000000011010007 543408.0 000001001011010004
9 543408.0 000001001011010004 188731.0 000005001011010004
9 188731.0 000005001011010004 103561.9707885 000001000011003003
9 103561.9707885 000001000011003003 410398.085 000005002010010007
9 410398.085 000005002010010007 495009.0 000005002010004007
9 495009.0 000005002010004007 103561.9707885 000001000011003003
9 103561.9707885 000001000011003003 218150.980355 000005002011010007
9 218150.980355 000005002011010007 10052.9 000005001011010007
9 10052.9 000005001011010007 103561.9707885 000001000011003003
9 103561.9707885 000001000011003003 218150.980355 000005002011010007
9 218150.980355 000005002011010007 218150.980355 000005002011010007
9 218150.980355 000005002011010007 103561.9707885 000001000011003003
9 103561.9707885 000001000011003003 12937.1 000001000010003004
9 12937.1 000001000010003004 6162.7 000001000010000004
9 6162.7 000001000010000004 103561.9707885 000001000011003003
9 103561.9707885 000001000011003003 150155.5 000000000011010003
9 150155.5 000000000011010003 25.0209 006000000011010003
9 25.0209 006000000011010003 103561.9707885 000001000011003003
9 103561.9707885 000001000011003003 17.0326 000002000011010007
9 17.0326 000002000011010007 577.794 013002000011010007
9 577.794 013002000011010007 103561.9707885 000001000011003003
9 103561.9707885 000001000011003003 39.8096 000001000011010007
9 39.8096 000001000011010007 8310.98 008001000011010007
9 8310.98 008001000011010007 103561.9707885 000001000011003003
9 103561.9707885 000001000011003003 214654.54405 000001001011010007
9 214654.54405 000001001011010007 7167.0 017001001011010007
9 7167.0 017001001011010007 103561.9707885 000001000011003003
9 103561.9707885 000001000011003003 46.587575 000001000010010003
9 46.587575 000001000010010003 103561.9707885 000001000011003003
9 103561.9707885 000001000011003003 319869.9725 000000000011010007
9 319869.9725 000000000011010007 78.396 000005000011010007
9 78.396 000005000011010007 78.396 000005000011010007
9 78.396 000005000011010007 103561.9707885 000001000011003003
9 103561.9707885 000001000011003003 10052.9 000005001011010007
9 10052.9 000005001011010007 146284.0 000005001011010000
9 146284.0 000005001011010000 103561.9707885 000001000011003003
9 103561.9707885 000001000011003003 545177.798265 000001000010010007
9 545177.798265 000001000010010007 1220800.0 000001000010000007
9 1220800.0 000001000010000007 103561.9707885 000001000011003003
9 103561.9707885 000001000011003003 8858.2 000001000011000007
9 8858.2 000001000011000007 3209.17 000001000011002007
9 3209.17 000001000011002007 103561.9707885 000001000011003003
9 103561.9707885 000001000011003003 164268.258412 000005000011010004
9 164268.258412 000005000011010004 44725.6 000006000011010004
9 44725.6 000006000011010004 103561.9707885 000001000011003003
9 103561.9707885 000001000011003003 78.396 000005000011010007
9 78.396 000005000011010007 167044.0 000005000011010000
9 167044.0 000005000011010000 103561.9707885 000001000011003003
9 103561.9707885 000001000011003003 319869.9725 000000000011010007
9 319869.9725 000000000011010007 41620.6 000006000011010007
9 41620.6 000006000011010007 103561.9707885 000001000011003003
9 103561.9707885 000001000011003003 545177.798265 000001000010010007
9 545177.798265 000001000010010007 103561.9707885 000001000011003003
9 103561.9707885 000001000011003003 319869.9725 000000000011010007
9 319869.9725 000000000011010007 218150.980355 000005002011010007
9 218150.980355 000005002011010007 185174.15 000002002011010007
9 185174.15 000002002011010007 103561.9707885 000001000011003003
9 103561.9707885 000001000011003003 73732.90746666667 000001000011003004
9 73732.90746666667 000001000011003004 55.2499 000001000011000004
9 55.2499 000001000011000004 103561.9707885 000001000011003003
9 103561.9707885 000001000011003003 39.8096 000001000011010007
9 39.8096 000001000011010007 306925.0 000001002011010007
9 306925.0 000001002011010007 103561.9707885 000001000011003003
9 103561.9707885 000001000011003003 39.8096 000001000011010007
9 39.8096 000001000011010007 5200.81 000001000011007007
9 5200.81 000001000011007007 103561.9707885 000001000011003003
9 103561.9707885 000001000011003003 316498.7373 000005000010003007
9 316498.7373 000005000010003007 49.7854 013005000010003007
9 49.7854 013005000010003007 103561.9707885 000001000011003003
9 103561.9707885 000001000011003003 525058.14 000005000010010007
9 525058.14 000005000010010007 75.6608 000005000010010002
9 75.6608 000005000010010002 103561.9707885 000001000011003003
9 103561.9707885 000001000011003003 163941.174625 000001000011010004
9 163941.174625 000001000011010004 12737.7 014001000011010004
9 12737.7 014001000011010004 103561.9707885 000001000011003003
9 103561.9707885 000001000011003003 214654.54405 000001001011010007
9 214654.54405 000001001011010007 237300.0 000001001011009007
9 237300.0 000001001011009007 103561.9707885 000001000011003003
9 103561.9707885 000001000011003003 459831.25 000001001010010007
9 459831.25 000001001010010007 7781.86 000001001010010004
9 7781.86 000001001010010004 103561.9707885 000001000011003003
9 103561.9707885 000001000011003003 227852.5 000005001010010003
9 227852.5 000005001010010003 227852.5 000005001010010003
9 227852.5 000005001010010003 103561.9707885 000001000011003003
9 103561.9707885 000001000011003003 321609.378275 000001000011003007
9 321609.378275 000001000011003007 8858.2 000001000011000007
9 8858.2 000001000011000007 103561.9707885 000001000011003003
9 103561.9707885 000001000011003003 543408.0 000001001011010004
9 543408.0 000001001011010004 159895.0 000001001011010000
9 159895.0 000001001011010000 103561.9707885 000001000011003003
9 103561.9707885 000001000011003003 525058.14 000005000010010007
9 525058.14 000005000010010007 4339.94 003005000010010007
9 4339.94 003005000010010007 103561.9707885 000001000011003003
9 103561.9707885 000001000011003003 164268.258412 000005000011010004
9 164268.258412 000005000011010004 164268.258412 000005000011010004
9 164268.258412 000005000011010004 103561.9707885 000001000011003003
9 103561.9707885 000001000011003003 39.8096 000001000011010007
9 39.8096 000001000011010007 3209.17 000001000011002007
9 3209.17 000001000011002007 103561.9707885 000001000011003003
9 103561.9707885 000001000011003003 962771.3333333334 000005000011003007
9 962771.3333333334 000005000011003007 90.944 004005000011003007
9 90.944 004005000011003007 103561.9707885 000001000011003003
9 103561.9707885 000001000011003003 214654.54405 000001001011010007
9 214654.54405 000001001011010007 30.1313 000001001011010006
9 30.1313 000001001011010006 103561.9707885 000001000011003003
9 103561.9707885 000001000011003003 39.8096 000001000011010007
9 39.8096 000001000011010007 39.8096 000001000011010007
9 39.8096 000001000011010007 103561.9707885 000001000011003003
9 103561.9707885 000001000011003003 32.7014 000000000010003007
9 32.7014 000000000010003007 32.7014 000000000010003007
9 32.7014 000000000010003007 103561.9707885 000001000011003003
9 103561.9707885 000001000011003003 525058.14 000005000010010007
9 525058.14 000005000010010007 316498.7373 000005000010003007
9 316498.7373 000005000010003007 103561.9707885 000001000011003003
9 103561.9707885 000001000011003003 749765.0 000005002011003007
9 749765.0 000005002011003007 43495.2 006005002011003007
9 43495.2 006005002011003007 103561.9707885 000001000011003003
9 103561.9707885 000001000011003003 962771.3333333334 000005000011003007
9 962771.3333333334 000005000011003007 6343.55 000005000005003007
9 6343.55 000005000005003007 103561.9707885 000001000011003003
9 103561.9707885 000001000011003003 276424.5 000005002011010003
9 276424.5 000005002011010003 80017.9 009005002011010003
9 80017.9 009005002011010003 103561.9707885 000001000011003003
9 103561.9707885 000001000011003003 155922.9575 000001000011010003
9 155922.9575 000001000011010003 11910.8 008001000011010003
9 11910.8 008001000011010003 103561.9707885 000001000011003003
9 103561.9707885 000001000011003003 55676.44 000005001011010003
9 55676.44 000005001011010003 254.019 000005001011010008
9 254.019 000005001011010008 103561.9707885 000001000011003003
9 103561.9707885 000001000011003003 78.396 000005000011010007
9 78.396 000005000011010007 4000.23 000005000009010007
9 4000.23 000005000009010007 103561.9707885 000001000011003003
9 103561.9707885 000001000011003003 625970.6332 000001001011003007
9 625970.6332 000001001011003007 625970.6332 000001001011003007
9 625970.6332 000001001011003007 103561.9707885 000001000011003003
9 103561.9707885 000001000011003003 459831.25 000001001010010007
9 459831.25 000001001010010007 10269.8 010001001010010007
9 10269.8 010001001010010007 103561.9707885 000001000011003003
9 103561.9707885 000001000011003003 149009.18876666666 000000000011010004
9 149009.18876666666 000000000011010004 103561.9707885 000001000011003003
9 103561.9707885 000001000011003003 319869.9725 000000000011010007
9 319869.9725 000000000011010007 432084.5 000005000011003004
9 432084.5 000005000011003004 190341.0 000005000011008004
9 190341.0 000005000011008004 103561.9707885 000001000011003003
9 103561.9707885 000001000011003003 82.0565 000000000011003007
9 82.0565 000000000011003007 103561.9707885 000001000011003003
9 103561.9707885 000001000011003003 149009.18876666666 000000000011010004
9 149009.18876666666 000000000011010004 306925.0 000001002011010007
9 306925.0 000001002011010007 103561.9707885 000001000011003003
9 103561.9707885 000001000011003003 149009.18876666666 000000000011010004
9 149009.18876666666 000000000011010004 319869.9725 000000000011010007
9 319869.9725 000000000011010007 162236.0 000000001011010007
9 162236.0 000000001011010007 103561.9707885 000001000011003003
9 103561.9707885 000001000011003003 754869.0 000005002010010004
9 754869.0 000005002010010004 66028.3 015005002010010004
9 66028.3 015005002010010004 103561.9707885 000001000011003003
9 103561.9707885 000001000011003003 19536.2 000001002011003003
9 19536.2 000001002011003003 103561.9707885 000001000011003003
9 103561.9707885 000001000011003003 149009.18876666666 000000000011010004
9 149009.18876666666 000000000011010004 78.396 000005000011010007
9 78.396 000005000011010007 6743.95 000005000011010006
9 6743.95 000005000011010006 103561.9707885 000001000011003003
9 103561.9707885 000001000011003003 78.396 000005000011010007
9 78.396 000005000011010007 79.6614 000005000004010007
9 79.6614 000005000004010007 103561.9707885 000001000011003003
9 103561.9707885 000001000011003003 86622.88495 000000000010010007
9 86622.88495 000000000010010007 118.471 000000000001010007
9 118.471 000000000001010007 103561.9707885 000001000011003003
9 103561.9707885 000001000011003003 319869.9725 000000000011010007
9 319869.9725 000000000011010007 1775.0 017000000011010007
9 1775.0 017000000011010007 103561.9707885 000001000011003003
9 103561.9707885 000001000011003003 179293.585 000000002011010003
9 179293.585 000000002011010003 179293.585 000000002011010003
9 179293.585 000000002011010003 103561.9707885 000001000011003003
9 103561.9707885 000001000011003003 525058.14 000005000010010007
9 525058.14 000005000010010007 4000.23 000005000009010007
9 4000.23 000005000009010007 103561.9707885 000001000011003003
9 103561.9707885 000001000011003003 545177.798265 000001000010010007
9 545177.798265 000001000010010007 371161.0 000001000010010008
9 371161.0 000001000010010008 103561.9707885 000001000011003003
9 103561.9707885 000001000011003003 316498.7373 000005000010003007
9 316498.7373 000005000010003007 41.0873 000005000012003007
9 41.0873 000005000012003007 103561.9707885 000001000011003003
9 103561.9707885 000001000011003003 210904.0 000000002011010004
9 210904.0 000000002011010004 64569.0 016000002011010004
9 64569.0 016000002011010004 103561.9707885 000001000011003003
9 103561.9707885 000001000011003003 306925.0 000001002011010007
9 306925.0 000001002011010007 214654.54405 000001001011010007
9 214654.54405 000001001011010007 103561.9707885 000001000011003003
9 103561.9707885 000001000011003003 317452.0 000000000010003003
9 317452.0 000000000010003003 8208.11 000000000010003004
9 8208.11 000000000010003004 103561.9707885 000001000011003003
9 103561.9707885 000001000011003003 86622.88495 000000000010010007
9 86622.88495 000000000010010007 2928.16 008000000010010007
9 2928.16 008000000010010007 103561.9707885 000001000011003003
9 103561.9707885 000001000011003003 432084.5 000005000011003004
9 432084.5 000005000011003004 275.105 017005000011003004
9 275.105 017005000011003004 103561.9707885 000001000011003003
9 103561.9707885 000001000011003003 163941.174625 000001000011010004
9 163941.174625 000001000011010004 317947.0513 000001002011010004
9 317947.0513 000001002011010004 103561.9707885 000001000011003003
9 103561.9707885 000001000011003003 163941.174625 000001000011010004
9 163941.174625 000001000011010004 103561.9707885 000001000011003003
9 103561.9707885 000001000011003003 149009.18876666666 000000000011010004
9 149009.18876666666 000000000011010004 164268.258412 000005000011010004
9 164268.258412 000005000011010004 103561.9707885 000001000011003003
9 103561.9707885 000001000011003003 149009.18876666666 000000000011010004
9 149009.18876666666 000000000011010004 89.5096 000000000011003004
9 89.5096 000000000011003004 103561.9707885 000001000011003003
9 103561.9707885 000001000011003003 149009.18876666666 000000000011010004
9 149009.18876666666 000000000011010004 319869.9725 000000000011010007
9 319869.9725 000000000011010007 103561.9707885 000001000011003003
9 103561.9707885 000001000011003003 149009.18876666666 000000000011010004
9 149009.18876666666 000000000011010004 321609.378275 000001000011003007
9 321609.378275 000001000011003007 103561.9707885 000001000011003003
9 103561.9707885 000001000011003003 149009.18876666666 000000000011010004
9 149009.18876666666 000000000011010004 155922.9575 000001000011010003
9 155922.9575 000001000011010003 155922.9575 000001000011010003
9 155922.9575 000001000011010003 103561.9707885 000001000011003003
9 103561.9707885 000001000011003003 103561.9707885 000001000011003003
9 103561.9707885 000001000011003003 9127.34 000000000011003003
9 9127.34 000000000011003003 103561.9707885 000001000011003003
9 103561.9707885 000001000011003003 375592.6666666667 000005000011010003
9 375592.6666666667 000005000011010003 104814.0 000005000001010003
9 104814.0 000005000001010003 103561.9707885 000001000011003003
9 103561.9707885 000001000011003003 208930.43636666666 000005000010010004
9 208930.43636666666 000005000010010004 858.7355 000000000010010004
9 858.7355 000000000010010004 103561.9707885 000001000011003003
9 103561.9707885 000001000011003003 525058.14 000005000010010007
9 525058.14 000005000010010007 86622.88495 000000000010010007
9 86622.88495 000000000010010007 103561.9707885 000001000011003003
9 103561.9707885 000001000011003003 279587.5 000005002011010004
9 279587.5 000005002011010004 121.196 000005002011001004
9 121.196 000005002011001004 103561.9707885 000001000011003003
9 103561.9707885 000001000011003003 525058.14 000005000010010007
9 525058.14 000005000010010007 8061.28 000005000010010001
9 8061.28 000005000010010001 103561.9707885 000001000011003003
9 103561.9707885 000001000011003003 32.7014 000000000010003007
9 32.7014 000000000010003007 221.517 000000000001003007
9 221.517 000000000001003007 103561.9707885 000001000011003003
9 103561.9707885 000001000011003003 86622.88495 000000000010010007
9 86622.88495 000000000010010007 103561.9707885 000001000011003003
9 103561.9707885 000001000011003003 149009.18876666666 000000000011010004
9 149009.18876666666 000000000011010004 14727.3 000000000010010003
9 14727.3 000000000010010003 5490.48 000000000010006003
9 5490.48 000000000010006003 103561.9707885 000001000011003003
9 103561.9707885 000001000011003003 82.0565 000000000011003007
9 82.0565 000000000011003007 82.0565 000000000011003007
9 82.0565 000000000011003007 103561.9707885 000001000011003003
9 103561.9707885 000001000011003003 208930.43636666666 000005000010010004
9 208930.43636666666 000005000010010004 17963.3 004005000010010004
9 17963.3 004005000010010004 103561.9707885 000001000011003003
9 103561.9707885 000001000011003003 73732.90746666667 000001000011003004
9 73732.90746666667 000001000011003004 655427.428965 000001000007003004
9 655427.428965 000001000007003004 103561.9707885 000001000011003003
9 103561.9707885 000001000011003003 150155.5 000000000011010003
9 150155.5 000000000011010003 84.1085 004000000011010003
9 84.1085 004000000011010003 103561.9707885 000001000011003003
9 103561.9707885 000001000011003003 73732.90746666667 000001000011003004
9 73732.90746666667 000001000011003004 9263.42 000001000011002004
9 9263.42 000001000011002004 103561.9707885 000001000011003003
9 103561.9707885 000001000011003003 39.8096 000001000011010007
9 39.8096 000001000011010007 545177.798265 000001000010010007
9 545177.798265 000001000010010007 103561.9707885 000001000011003003
9 103561.9707885 000001000011003003 149009.18876666666 000000000011010004
9 149009.18876666666 000000000011010004 315190.0 000004000011010004
9 315190.0 000004000011010004 103561.9707885 000001000011003003
9 103561.9707885 000001000011003003 655427.428965 000001000007003004
9 655427.428965 000001000007003004 1072400.0 000001000006003004
9 1072400.0 000001000006003004 103561.9707885 000001000011003003
9 103561.9707885 000001000011003003 6.24249 000005000007003007
9 6.24249 000005000007003007 103561.9707885 000001000011003003
9 103561.9707885 000001000011003003 149009.18876666666 000000000011010004
9 149009.18876666666 000000000011010004 319869.9725 000000000011010007
9 319869.9725 000000000011010007 4333.66 011000000011010007
9 4333.66 011000000011010007 103561.9707885 000001000011003003
9 103561.9707885 000001000011003003 313952.0 011000000011003004
9 313952.0 011000000011003004 5310.95 011005000011003004
9 5310.95 011005000011003004 103561.9707885 000001000011003003
9 103561.9707885 000001000011003003 321609.378275 000001000011003007
9 321609.378275 000001000011003007 39.8096 000001000011010007
9 39.8096 000001000011010007 103561.9707885 000001000011003003
9 103561.9707885 000001000011003003 39.8096 000001000011010007
9 39.8096 000001000011010007 319869.9725 000000000011010007
9 319869.9725 000000000011010007 103561.9707885 000001000011003003
10 103561.9707885 000001000011003003 2319.78 020001000002006005
10 2319.78 020001000002006005 57.0364 000005001005008000
10 57.0364 000005001005008000 5681.11 006001002006010000
10 5681.11 006001002006010000 14256400000.0 004006001005007005
10 14256400000.0 004006001005007005 389017.0 004003001005007005
10 389017.0 004003001005007005 57.0364 000005001005008000
10 57.0364 000005001005008000 4359210.0 004004001000007005
10 4359210.0 004004001000007005 77345.8 004006001000007005
10 77345.8 004006001000007005 57.0364 000005001005008000
10 57.0364 000005001005008000 640572.0 002000001000010005
10 640572.0 002000001000010005 435.014 002000001000010007
10 435.014 002000001000010007 57.0364 000005001005008000
10 57.0364 000005001005008000 6754.6 006000000005006005
10 6754.6 006000000005006005 213247.85815 006000000005005005
10 213247.85815 006000000005005005 57.0364 000005001005008000
10 57.0364 000005001005008000 26943.6 002005001005006007
10 26943.6 002005001005006007 213247.85815 006000000005005005
10 213247.85815 006000000005005005 6754.6 006000000005006005
10 6754.6 006000000005006005 3645.05 006001001002010007
10 3645.05 006001001002010007 373.018 006001001001010007
10 373.018 006001001001010007 213247.85815 006000000005005005
10 213247.85815 006000000005005005 7256.42 006000001005010000
10 7256.42 006000001005010000 213247.85815 006000000005005005
10 213247.85815 006000000005005005 6754.6 006000000005006005
10 6754.6 006000000005006005 685197.595 006001001000005007
10 685197.595 006001001000005007 685197.595 006001001000005007
10 685197.595 006001001000005007 213247.85815 006000000005005005
10 213247.85815 006000000005005005 4955692.885 020001001005010007
10 4955692.885 020001001005010007 4955692.885 020001001005010007
10 4955692.885 020001001005010007 213247.85815 006000000005005005
10 213247.85815 006000000005005005 85.7355 006001000002010005
10 85.7355 006001000002010005 31.9929 003001000002010005
10 31.9929 003001000002010005 213247.85815 006000000005005005
10 213247.85815 006000000005005005 45959.9 006000001005008005
10 45959.9 006000001005008005 213247.85815 006000000005005005
10 213247.85815 006000000005005005 31.9929 003001000002010005
10 31.9929 003001000002010005 2661720.0 006000001005008007
10 2661720.0 006000001005008007 20223.3 017000001005008007
10 20223.3 017000001005008007 213247.85815 006000000005005005
10 213247.85815 006000000005005005 10466300.0 020001000002006007
10 10466300.0 020001000002006007 4251210.0 020001000002006003
10 4251210.0 020001000002006003 213247.85815 006000000005005005
10 213247.85815 006000000005005005 7481.57 003000000005006005
10 7481.57 003000000005006005 213247.85815 006000000005005005
10 213247.85815 006000000005005005 31.9929 003001000002010005
10 31.9929 003001000002010005 52300900.0 020000001002010005
10 52300900.0 020000001002010005 5654.04 020000001002011005
10 5654.04 020000001002011005 213247.85815 006000000005005005
10 213247.85815 006000000005005005 66.9831 020000000002006005
10 66.9831 020000000002006005 213247.85815 006000000005005005
10 213247.85815 006000000005005005 31.9929 003001000002010005
10 31.9929 003001000002010005 3335.77 003000000005010005
10 3335.77 003000000005010005 213247.85815 006000000005005005
10 213247.85815 006000000005005005 31.9929 003001000002010005
10 31.9929 003001000002010005 14237.5 002001001002006007
10 14237.5 002001001002006007 9.10881 002001001003006007
10 9.10881 002001001003006007 213247.85815 006000000005005005
10 213247.85815 006000000005005005 437202.0 002001000002008005
10 437202.0 002001000002008005 113.736 005001000002008005
10 113.736 005001000002008005 9.10881 002001001003006007
10 9.10881 002001001003006007 16743900.0 002001000005008000
10 16743900.0 002001000005008000 34286.3 002001000005012000
10 34286.3 002001000005012000 9.10881 002001001003006007
10 9.10881 002001001003006007 1377.57 000000000005006005
10 1377.57 000000000005006005 49.5672 000000000008006005
10 49.5672 000000000008006005 9.10881 002001001003006007
10 9.10881 002001001003006007 66.783 006001000008010005
10 66.783 006001000008010005 55.877 006001000008010006
10 55.877 006001000008010006 9.10881 002001001003006007
10 9.10881 002001001003006007 900474.5 006000000005010005
10 900474.5 006000000005010005 900474.5 006000000005010005
10 900474.5 006000000005010005 9.10881 002001001003006007
10 9.10881 002001001003006007 12.9856 000000000008010007
10 12.9856 000000000008010007 9.10881 002001001003006007
10 9.10881 002001001003006007 213247.85815 006000000005005005
10 213247.85815 006000000005005005 3582.46 006001000002006007
10 3582.46 006001000002006007 168.596 006001000002009007
10 168.596 006001000002009007 9.10881 002001001003006007
10 9.10881 002001001003006007 1128.4 000001000002010007
10 1128.4 000001000002010007 75.1035 014001000002010007
10 75.1035 014001000002010007 9.10881 002001001003006007
10 9.10881 002001001003006007 843953.0 003001000008010007
10 843953.0 003001000008010007 13770.8 003002000008010007
10 13770.8 003002000008010007 9.10881 002001001003006007
10 9.10881 002001001003006007 57.1508 000000000008010006
10 57.1508 000000000008010006 9.10881 002001001003006007
10 9.10881 002001001003006007 12.9856 000000000008010007
10 12.9856 000000000008010007 130.008 006000000005008005
10 130.008 006000000005008005 92.5981 006005000005008005
10 92.5981 006005000005008005 9.10881 002001001003006007
10 9.10881 002001001003006007 673658.0 006001000005005006
10 673658.0 006001000005005006 1983.88 018001000005005006
10 1983.88 018001000005005006 9.10881 002001001003006007
10 9.10881 002001001003006007 356244.0 006000000005008007
10 356244.0 006000000005008007 85.5426 006006000005008007
10 85.5426 006006000005008007 9.10881 002001001003006007
10 9.10881 002001001003006007 418185.13 006000000008005005
10 418185.13 006000000008005005 418185.13 006000000008005005
10 418185.13 006000000008005005 9.10881 002001001003006007
10 9.10881 002001001003006007 652044.0 006000000002010005
10 652044.0 006000000002010005 221300.0 006000000002010007
10 221300.0 006000000002010007 9.10881 002001001003006007
10 9.10881 002001001003006007 892195.3333333334 006000000005010007
10 892195.3333333334 006000000005010007 28834.35 006003000005010007
10 28834.35 006003000005010007 9.10881 002001001003006007
10 9.10881 002001001003006007 3195.41 002000000005008007
10 3195.41 002000000005008007 9.10881 002001001003006007
10 9.10881 002001001003006007 12.9856 000000000008010007
10 12.9856 000000000008010007 69.4158 000001001003006007
10 69.4158 000001001003006007 40.6116 000001001000006007
10 40.6116 000001001000006007 9.10881 002001001003006007
10 9.10881 002001001003006007 201860.0 000000000003008005
10 201860.0 000000000003008005 9.10881 002001001003006007
10 9.10881 002001001003006007 12.9856 000000000008010007
10 12.9856 000000000008010007 1202200.0 000001000005006005
10 1202200.0 000001000005006005 283374.0 000001000000006005
10 283374.0 000001000000006005 9.10881 002001001003006007
10 9.10881 002001001003006007 6754.6 006000000005006005
10 6754.6 006000000005006005 6155.8 006000000003006005
10 6155.8 006000000003006005 9.10881 002001001003006007
10 9.10881 002001001003006007 266538.0 000001000002010005
10 266538.0 000001000002010005 13268.8 000001000002002005
10 13268.8 000001000002002005 9.10881 002001001003006007
10 9.10881 002001001003006007 21444.1 006001001000002005
10 21444.1 006001001000002005 9331.95 006001001007002005
10 9331.95 006001001007002005 9.10881 002001001003006007
10 9.10881 002001001003006007 1115440.0 006001000005010005
10 1115440.0 006001000005010005 66.783 006001000008010005
10 66.783 006001000008010005 9.10881 002001001003006007
10 9.10881 002001001003006007 5558.13 000001000008010005
10 5558.13 000001000008010005 82.7578 000001000008008005
10 82.7578 000001000008008005 9.10881 002001001003006007
10 9.10881 002001001003006007 3981.22 006001001002006007
10 3981.22 006001001002006007 9.10881 002001001003006007
10 9.10881 002001001003006007 12.9856 000000000008010007
10 12.9856 000000000008010007 1783.75 006001000005006007
10 1783.75 006001000005006007 1783.75 006001000005006007
10 1783.75 006001000005006007 9.10881 002001001003006007
10 9.10881 002001001003006007 9960.73 006001000005010007
10 9960.73 006001000005010007 9960.73 006001000005010007
10 9960.73 006001000005010007 9.10881 002001001003006007
10 9.10881 002001001003006007 497645.01 006000000008006005
10 497645.01 006000000008006005 6155.8 006000000003006005
10 6155.8 006000000003006005 9.10881 002001001003006007
10 9.10881 002001001003006007 9019.16 002000000008010005
10 9019.16 002000000008010005 9019.16 002000000008010005
10 9019.16 002000000008010005 6155.8 006000000003006005
10 6155.8 006000000003006005 892195.3333333334 006000000005010007
10 892195.3333333334 006000000005010007 229.273 006000000000010007
10 229.273 006000000000010007 6155.8 006000000003006005
10 6155.8 006000000003006005 6155.8 006000000003006005
10 6155.8 006000000003006005 250928.0 006000000009006005
10 250928.0 006000000009006005 6155.8 006000000003006005
10 6155.8 006000000003006005 1513.49 006000000003006007
10 1513.49 006000000003006007 865005.0 006000000002006007
10 865005.0 006000000002006007 250928.0 006000000009006005
10 250928.0 006000000009006005 14174.2 000000000005006007
10 14174.2 000000000005006007 4318.55 000000000001006007
10 4318.55 000000000001006007 250928.0 006000000009006005
10 250928.0 006000000009006005 326013.686154 000000000001006005
10 326013.686154 000000000001006005 250928.0 006000000009006005
10 250928.0 006000000009006005 6155.8 006000000003006005
10 6155.8 006000000003006005 461815.0 003000000001006005
10 461815.0 003000000001006005 261368.0 003000000011006005
10 261368.0 003000000011006005 326013.686154 000000000001006005
10 326013.686154 000000000001006005 446035.0 002001001003006005
10 446035.0 002001001003006005 221317.0 002001001005006005
10 221317.0 002001001005006005 326013.686154 000000000001006005
10 326013.686154 000000000001006005 163781.06666666668 000000001009006005
10 163781.06666666668 000000001009006005 19091.4 000004001009006005
10 19091.4 000004001009006005 326013.686154 000000000001006005
10 326013.686154 000000000001006005 879.05575 002000000003006005
10 879.05575 002000000003006005 3541.25 002001000003006005
10 3541.25 002001000003006005 326013.686154 000000000001006005
10 326013.686154 000000000001006005 373.018 006001001001010007
10 373.018 006001001001010007 71.5575 006001001001002007
10 71.5575 006001001001002007 326013.686154 000000000001006005
10 326013.686154 000000000001006005 262163.7 006000001003006007
10 262163.7 006000001003006007 8488.8 006000001003008007
10 8488.8 006000001003008007 326013.686154 000000000001006005
10 326013.686154 000000000001006005 892195.3333333334 006000000005010007
10 892195.3333333334 006000000005010007 28834.35 006003000005010007
10 28834.35 006003000005010007 326013.686154 000000000001006005
10 326013.686154 000000000001006005 340417.0 006000000008010007
10 340417.0 006000000008010007 2367.8 014000000008010007
10 2367.8 014000000008010007 326013.686154 000000000001006005
10 326013.686154 000000000001006005 32016200.0 014001000003006005
10 32016200.0 014001000003006005 2359890.0 014002000003006005
10 2359890.0 014002000003006005 326013.686154 000000000001006005
10 326013.686154 000000000001006005 326013.686154 000000000001006005
10 326013.686154 000000000001006005 370075.0 014000000001006005
10 370075.0 014000000001006005 326013.686154 000000000001006005
10 326013.686154 000000000001006005 497645.01 006000000008006005
10 497645.01 006000000008006005 319875.0 006000000008006001
10 319875.0 006000000008006001 326013.686154 000000000001006005
10 326013.686154 000000000001006005 9774.33 003000000008006005
10 9774.33 003000000008006005 9774.33 003000000008006005
10 9774.33 003000000008006005 326013.686154 000000000001006005
10 326013.686154 000000000001006005 6114.61 003001000008006005
10 6114.61 003001000008006005 3171.6 003001001008006005
10 3171.6 003001001008006005 326013.686154 000000000001006005
10 326013.686154 000000000001006005 9964.07 002000001009006007
10 9964.07 002000001009006007 1400.53 002005001009006007
10 1400.53 002005001009006007 326013.686154 000000000001006005
10 326013.686154 000000000001006005 2090990.0 006005000003006007
10 2090990.0 006005000003006007 19000.9 006005000003006006
10 19000.9 006005000003006006 326013.686154 000000000001006005
10 326013.686154 000000000001006005 569940.0 000001000009006005
10 569940.0 000001000009006005 6343.35 000001000009006004
10 6343.35 000001000009006004 326013.686154 000000000001006005
10 326013.686154 000000000001006005 618312.0 006000000009006007
10 618312.0 006000000009006007 425027.0 002000000009006007
10 425027.0 002000000009006007 326013.686154 000000000001006005
10 326013.686154 000000000001006005 638571.0 006000000008006007
10 638571.0 006000000008006007 638571.0 006000000008006007
10 638571.0 006000000008006007 326013.686154 000000000001006005
10 326013.686154 000000000001006005 3.29997 006000000001006005
10 3.29997 006000000001006005 326013.686154 000000000001006005
10 326013.686154 000000000001006005 250928.0 006000000009006005
10 250928.0 006000000009006005 213247.85815 006000000005005005
10 213247.85815 006000000005005005 355839.0 006000000005005002
10 355839.0 006000000005005002 326013.686154 000000000001006005
10 326013.686154 000000000001006005 879.05575 002000000003006005
10 879.05575 002000000003006005 11.844 002005000003006005
10 11.844 002005000003006005 326013.686154 000000000001006005
10 326013.686154 000000000001006005 1959.06 002000001003006005
10 1959.06 002000001003006005 13632.7 002000001003009005
10 13632.7 002000001003009005 326013.686154 000000000001006005
10 326013.686154 000000000001006005 1259840.0 000000000005009007
10 1259840.0 000000000005009007 838457.0 000000002005009007
10 838457.0 000000002005009007 326013.686154 000000000001006005
10 326013.686154 000000000001006005 6155.8 006000000003006005
10 6155.8 006000000003006005 2522.34 006000000003011005
10 2522.34 006000000003011005 326013.686154 000000000001006005
10 326013.686154 000000000001006005 42.6549 000000000003006005
10 42.6549 000000000003006005 7.73012 000003000003006005
10 7.73012 000003000003006005 326013.686154 000000000001006005
10 326013.686154 000000000001006005 6155.8 006000000003006005
10 6155.8 006000000003006005 55.272999999999996 016000000003006005
10 55.272999999999996 016000000003006005 326013.686154 000000000001006005
10 326013.686154 000000000001006005 3541.25 002001000003006005
10 3541.25 002001000003006005 4325.79 002001000001006005
10 4325.79 002001000001006005 326013.686154 000000000001006005
10 326013.686154 000000000001006005 879.05575 002000000003006005
10 879.05575 002000000003006005 1552.95 002000000003006004
10 1552.95 002000000003006004 326013.686154 000000000001006005
10 326013.686154 000000000001006005 42.6549 000000000003006005
10 42.6549 000000000003006005 88.1763 000000000003009005
10 88.1763 000000000003009005 326013.686154 000000000001006005
10 326013.686154 000000000001006005 6155.8 006000000003006005
10 6155.8 006000000003006005 326013.686154 000000000001006005
10 326013.686154 000000000001006005 250928.0 006000000009006005
10 250928.0 006000000009006005 388548.9412 000000000009006005
10 388548.9412 000000000009006005 179.174 015000000009006005
10 179.174 015000000009006005 326013.686154 000000000001006005
10 326013.686154 000000000001006005 42.6549 000000000003006005
10 42.6549 000000000003006005 86.6149 000000000004006005
10 86.6149 000000000004006005 326013.686154 000000000001006005
10 326013.686154 000000000001006005 168994.95963333335 015000000003006005
10 168994.95963333335 015000000003006005 66.5911 015000000003010005
10 66.5911 015000000003010005 326013.686154 000000000001006005
10 326013.686154 000000000001006005 10753.5 002000000009006005
10 10753.5 002000000009006005 5964.06 002000000004006005
10 5964.06 002000000004006005 326013.686154 000000000001006005
10 326013.686154 000000000001006005 1959.06 002000001003006005
10 1959.06 002000001003006005 2110.09 002004001003006005
10 2110.09 002004001003006005 326013.686154 000000000001006005
10 326013.686154 000000000001006005 958.98335 006005000003006005
10 958.98335 006005000003006005 68.9126 006005000003011005
10 68.9126 006005000003011005 326013.686154 000000000001006005
10 326013.686154 000000000001006005 1513.49 006000000003006007
10 1513.49 006000000003006007 262163.7 006000001003006007
10 262163.7 006000001003006007 326013.686154 000000000001006005
10 326013.686154 000000000001006005 618312.0 006000000009006007
10 618312.0 006000000009006007 11081.3 006000001009006007
10 11081.3 006000001009006007 326013.686154 000000000001006005
10 326013.686154 000000000001006005 42.6549 000000000003006005
10 42.6549 000000000003006005 1631.78 000000000003010005
10 1631.78 000000000003010005 326013.686154 000000000001006005
10 326013.686154 000000000001006005 3.29997 006000000001006005
10 3.29997 006000000001006005 6754.6 006000000005006005
10 6754.6 006000000005006005 326013.686154 000000000001006005
10 326013.686154 000000000001006005 879.05575 002000000003006005
10 879.05575 002000000003006005 879.05575 002000000003006005
10 879.05575 002000000003006005 326013.686154 000000000001006005
10 326013.686154 000000000001006005 908108.0 002001000009006005
10 908108.0 002001000009006005 5786.49 002001000009003005
10 5786.49 002001000009003005 326013.686154 000000000001006005
10 326013.686154 000000000001006005 250928.0 006000000009006005
10 250928.0 006000000009006005 250928.0 006000000009006005
10 250928.0 006000000009006005 326013.686154 000000000001006005
10 326013.686154 000000000001006005 23050100.0 006003000001006005
10 23050100.0 006003000001006005 31111.0 006003000001008005
10 31111.0 006003000001008005 326013.686154 000000000001006005
10 326013.686154 000000000001006005 3642030.0 002003000003006005
10 3642030.0 002003000003006005 19481000.0 001003000003006005
10 19481000.0 001003000003006005 326013.686154 000000000001006005
10 326013.686154 000000000001006005 250928.0 006000000009006005
10 250928.0 006000000009006005 1232511.5 008000000009006005
10 1232511.5 008000000009006005 326013.686154 000000000001006005
10 326013.686154 000000000001006005 1232511.5 008000000009006005
10 1232511.5 008000000009006005 764535.0 008000000002006005
10 764535.0 008000000002006005 326013.686154 000000000001006005
10 326013.686154 000000000001006005 1583370.0 006005000002006005
10 1583370.0 006005000002006005 597494.0 006005000011006005
10 597494.0 006005000011006005 326013.686154 000000000001006005
10 326013.686154 000000000001006005 1153.13 000001000003006005
10 1153.13 000001000003006005 11684.1 013001000003006005
10 11684.1 013001000003006005 326013.686154 000000000001006005
10 326013.686154 000000000001006005 5949.56 006001001001006005
10 5949.56 006001001001006005 326013.686154 000000000001006005
10 326013.686154 000000000001006005 250928.0 006000000009006005
10 250928.0 006000000009006005 2695280.0 015005000003006007
10 2695280.0 015005000003006007 626762.0 015005000003008007
10 626762.0 015005000003008007 326013.686154 000000000001006005
10 326013.686154 000000000001006005 4258650.0 006005000001006007
10 4258650.0 006005000001006007 951214.0 006005002001006007
10 951214.0 006005002001006007 326013.686154 000000000001006005
10 326013.686154 000000000001006005 958.98335 006005000003006005
10 958.98335 006005000003006005 326013.686154 000000000001006005
10 326013.686154 000000000001006005 250928.0 006000000009006005
10 250928.0 006000000009006005 1513.49 006000000003006007
10 1513.49 006000000003006007 8409.58 006000000003006001
10 8409.58 006000000003006001 326013.686154 000000000001006005
10 326013.686154 000000000001006005 33381700.0 015005001003006005
10 33381700.0 015005001003006005 55884.0 015005001003000005
10 55884.0 015005001003000005 326013.686154 000000000001006005
10 326013.686154 000000000001006005 326013.686154 000000000001006005
10 326013.686154 000000000001006005 42.6549 000000000003006005
10 42.6549 000000000003006005 326013.686154 000000000001006005
10 326013.686154 000000000001006005 7788500.0 002003000003006007
10 7788500.0 002003000003006007 56477.5 002003002003006007
10 56477.5 002003002003006007 326013.686154 000000000001006005
10 326013.686154 000000000001006005 512697.8415 002000000001006005
10 512697.8415 002000000001006005 326013.686154 000000000001006005
10 326013.686154 000000000001006005 250928.0 006000000009006005
10 250928.0 006000000009006005 3724.02 006003000003006005
10 3724.02 006003000003006005 14590.3 017003000003006005
10 14590.3 017003000003006005 326013.686154 000000000001006005
10 326013.686154 000000000001006005 10753.5 002000000009006005
10 10753.5 002000000009006005 35.7645 002004000009006005
10 35.7645 002004000009006005 326013.686154 000000000001006005
10 326013.686154 000000000001006005 512697.8415 002000000001006005
10 512697.8415 002000000001006005 7262.69 015000000001006005
10 7262.69 015000000001006005 326013.686154 000000000001006005
10 326013.686154 000000000001006005 3724.02 006003000003006005
10 3724.02 006003000003006005 3724.02 006003000003006005
10 3724.02 006003000003006005 326013.686154 000000000001006005
10 326013.686154 000000000001006005 7.73012 000003000003006005
10 7.73012 000003000003006005 39.3045 000003000008006005
10 39.3045 000003000008006005 326013.686154 000000000001006005
10 326013.686154 000000000001006005 5972.08 006003000008006005
10 5972.08 006003000008006005 2029.73 006006000008006005
10 2029.73 006006000008006005 326013.686154 000000000001006005
10 326013.686154 000000000001006005 250928.0 006000000009006005
10 250928.0 006000000009006005 7404.01 006000000009006006
10 7404.01 006000000009006006 326013.686154 000000000001006005
10 326013.686154 000000000001006005 434990.0 006000000003006006
10 434990.0 006000000003006006 330384.0 006000000004006006
10 330384.0 006000000004006006 326013.686154 000000000001006005
10 326013.686154 000000000001006005 10753.5 002000000009006005
10 10753.5 002000000009006005 446670.0 002000000009001005
10 446670.0 002000000009001005 326013.686154 000000000001006005
10 326013.686154 000000000001006005 1959.06 002000001003006005
10 1959.06 002000001003006005 326013.686154 000000000001006005
10 326013.686154 000000000001006005 250928.0 006000000009006005
10 250928.0 006000000009006005 168994.95963333335 015000000003006005
10 168994.95963333335 015000000003006005 326013.686154 000000000001006005
10 326013.686154 000000000001006005 250928.0 006000000009006005
10 250928.0 006000000009006005 388548.9412 000000000009006005
10 388548.9412 000000000009006005 7257.25 004000000009006005
10 7257.25 004000000009006005 326013.686154 000000000001006005
10 326013.686154 000000000001006005 42.6549 000000000003006005
10 42.6549 000000000003006005 6292.94 000000001003006005
10 6292.94 000000001003006005 326013.686154 000000000001006005
10 326013.686154 000000000001006005 6155.8 006000000003006005
10 6155.8 006000000003006005 6155.8 006000000003006005
10 6155.8 006000000003006005 326013.686154 000000000001006005
10 326013.686154 000000000001006005 1099440.0 000000000003006007
10 1099440.0 000000000003006007 458654.0 000000000003011007
10 458654.0 000000000003011007 326013.686154 000000000001006005
10 326013.686154 000000000001006005 388548.9412 000000000009006005
10 388548.9412 000000000009006005 10753.5 002000000009006005
10 10753.5 002000000009006005 326013.686154 000000000001006005
10 326013.686154 000000000001006005 388548.9412 000000000009006005
10 388548.9412 000000000009006005 86.6149 000000000004006005
10 86.6149 000000000004006005 326013.686154 000000000001006005
10 326013.686154 000000000001006005 42.6549 000000000003006005
10 42.6549 000000000003006005 294548.0 000000000003006004
10 294548.0 000000000003006004 326013.686154 000000000001006005
10 326013.686154 000000000001006005 6155.8 006000000003006005
10 6155.8 006000000003006005 37382.1 006000002003006005
10 37382.1 006000002003006005 326013.686154 000000000001006005
10 326013.686154 000000000001006005 6155.8 006000000003006005
10 6155.8 006000000003006005 222997.0 006000000011006005
10 222997.0 006000000011006005 326013.686154 000000000001006005
10 326013.686154 000000000001006005 12844000.0 002003000001006005
10 12844000.0 002003000001006005 3642030.0 002003000003006005
10 3642030.0 002003000003006005 326013.686154 000000000001006005
10 326013.686154 000000000001006005 879.05575 002000000003006005
10 879.05575 002000000003006005 153866.0 002000000003011005
10 153866.0 002000000003011005 326013.686154 000000000001006005
10 326013.686154 000000000001006005 1959.06 002000001003006005
10 1959.06 002000001003006005 105.759 002000001003006000
10 105.759 002000001003006000 326013.686154 000000000001006005
10 326013.686154 000000000001006005 11.844 002005000003006005
10 11.844 002005000003006005 97.1308 002005000009006005
10 97.1308 002005000009006005 326013.686154 000000000001006005
10 326013.686154 000000000001006005 42.6549 000000000003006005
10 42.6549 000000000003006005 1153.13 000001000003006005
10 1153.13 000001000003006005 326013.686154 000000000001006005
10 326013.686154 000000000001006005 27532.2 015003000003006005
10 27532.2 015003000003006005 326013.686154 000000000001006005
10 326013.686154 000000000001006005 250928.0 006000000009006005
10 250928.0 006000000009006005 7262.69 015000000001006005
10 7262.69 015000000001006005 3.29997 006000000001006005
10 3.29997 006000000001006005 326013.686154 000000000001006005
10 326013.686154 000000000001006005 1513.49 006000000003006007
10 1513.49 006000000003006007 6304.54 006000000011006007
10 6304.54 006000000011006007 326013.686154 000000000001006005
10 326013.686154 000000000001006005 296191.0 000003001011006005
10 296191.0 000003001011006005 15944.9 000005001011006005
10 15944.9 000005001011006005 326013.686154 000000000001006005
10 326013.686154 000000000001006005 1959.06 002000001003006005
10 1959.06 002000001003006005 100.967 002000001003006001
10 100.967 002000001003006001 326013.686154 000000000001006005
10 326013.686154 000000000001006005 168994.95963333335 015000000003006005
10 168994.95963333335 015000000003006005 1228370.0 017000000003006005
10 1228370.0 017000000003006005 326013.686154 000000000001006005
10 326013.686154 000000000001006005 42.6549 000000000003006005
10 42.6549 000000000003006005 55.272999999999996 016000000003006005
10 55.272999999999996 016000000003006005 326013.686154 000000000001006005
10 326013.686154 000000000001006005 388548.9412 000000000009006005
10 388548.9412 000000000009006005 179.174 015000000009006005
10 179.174 015000000009006005 326013.686154 000000000001006005
10 326013.686154 000000000001006005 879.05575 002000000003006005
10 879.05575 002000000003006005 879.05575 002000000003006005
10 879.05575 002000000003006005 326013.686154 000000000001006005
10 326013.686154 000000000001006005 42.6549 000000000003006005
10 42.6549 000000000003006005 12133.1 000000000003002005
10 12133.1 000000000003002005 326013.686154 000000000001006005
10 326013.686154 000000000001006005 42.6549 000000000003006005
10 42.6549 000000000003006005 33.2361 008000000003006005
10 33.2361 008000000003006005 326013.686154 000000000001006005
10 326013.686154 000000000001006005 326013.686154 000000000001006005
10 326013.686154 000000000001006005 326013.686154 000000000001006005
10 326013.686154 000000000001006005 326013.686154 000000000001006005
10 326013.686154 000000000001006005 42.6549 000000000003006005
10 42.6549 000000000003006005 6292.94 000000001003006005
10 6292.94 000000001003006005 326013.686154 000000000001006005
10 326013.686154 000000000001006005 1153.13 000001000003006005
10 1153.13 000001000003006005 1153.13 000001000003006005
10 1153.13 000001000003006005 326013.686154 000000000001006005
10 326013.686154 000000000001006005 879.05575 002000000003006005
10 879.05575 002000000003006005 1959.06 002000001003006005
10 1959.06 002000001003006005 326013.686154 000000000001006005
10 326013.686154 000000000001006005 3724.02 006003000003006005
10 3724.02 006003000003006005 3724.02 006003000003006005
10 3724.02 006003000003006005 326013.686154 000000000001006005
10 326013.686154 000000000001006005 6155.8 006000000003006005
10 6155.8 006000000003006005 360049.065 006000000002006005
10 360049.065 006000000002006005 326013.686154 000000000001006005
10 326013.686154 000000000001006005 3761750000.0 006003000002006005
10 3761750000.0 006003000002006005 360049.065 006000000002006005
10 360049.065 006000000002006005 326013.686154 000000000001006005
10 326013.686154 000000000001006005 168994.95963333335 015000000003006005
10 168994.95963333335 015000000003006005 79.1933 012000000003006005
10 79.1933 012000000003006005 326013.686154 000000000001006005
10 326013.686154 000000000001006005 7.73012 000003000003006005
10 7.73012 000003000003006005 326013.686154 000000000001006005
10 326013.686154 000000000001006005 6292.94 000000001003006005
10 6292.94 000000001003006005 7.73012 000003000003006005
10 7.73012 000003000003006005 27532.2 015003000003006005
10 27532.2 015003000003006005 326013.686154 000000000001006005
10 326013.686154 000000000001006005 27532.2 015003000003006005
10 27532.2 015003000003006005 27532.2 015003000003006005
10 27532.2 015003000003006005 326013.686154 000000000001006005
10 326013.686154 000000000001006005 168994.95963333335 015000000003006005
10 168994.95963333335 015000000003006005 326013.686154 000000000001006005
10 326013.686154 000000000001006005 6292.94 000000001003006005
10 6292.94 000000001003006005 27532.2 015003000003006005
10 27532.2 015003000003006005 1369110000.0 015003000007006005
10 1369110000.0 015003000007006005 326013.686154 000000000001006005
10 326013.686154 000000000001006005 1047861.6 006003001003006005
10 1047861.6 006003001003006005 326013.686154 000000000001006005
10 326013.686154 000000000001006005 6292.94 000000001003006005
10 6292.94 000000001003006005 6155.8 006000000003006005
10 6155.8 006000000003006005 6155.8 006000000003006005
10 6155.8 006000000003006005 326013.686154 000000000001006005
10 326013.686154 000000000001006005 250928.0 006000000009006005
10 250928.0 006000000009006005 6.08478 012000000009006005
10 6.08478 012000000009006005 326013.686154 000000000001006005
10 326013.686154 000000000001006005 168994.95963333335 015000000003006005
10 168994.95963333335 015000000003006005 192.176 015000000003006009
10 192.176 015000000003006009 326013.686154 000000000001006005
10 326013.686154 000000000001006005 7534380000.0 015003000009006009
10 7534380000.0 015003000009006009 2270220.0 015005000009006009
10 2270220.0 015005000009006009 326013.686154 000000000001006005
10 326013.686154 000000000001006005 2541.62 006003000009006005
10 2541.62 006003000009006005 2541.62 006003000009006005
10 2541.62 006003000009006005 326013.686154 000000000001006005
10 326013.686154 000000000001006005 517120.0 000003001009006005
10 517120.0 000003001009006005 239091.0 000001001009006005
10 239091.0 000001001009006005 326013.686154 000000000001006005
10 326013.686154 000000000001006005 6155.8 006000000003006005
10 6155.8 006000000003006005 326013.686154 000000000001006005
10 326013.686154 000000000001006005 6292.94 000000001003006005
10 6292.94 000000001003006005 168994.95963333335 015000000003006005
10 168994.95963333335 015000000003006005 216787.0 015000000003011005
10 216787.0 015000000003011005 326013.686154 000000000001006005
10 326013.686154 000000000001006005 234730.0 006000000009011005
10 234730.0 006000000009011005 62230.4 006000002009011005
10 62230.4 006000002009011005 326013.686154 000000000001006005
10 326013.686154 000000000001006005 250928.0 006000000009006005
10 250928.0 006000000009006005 26020.7 006000002009006005
10 26020.7 006000002009006005 326013.686154 000000000001006005
10 326013.686154 000000000001006005 163781.06666666668 000000001009006005
10 163781.06666666668 000000001009006005 8053.76 015000001009006005
10 8053.76 015000001009006005 326013.686154 000000000001006005
10 326013.686154 000000000001006005 250928.0 006000000009006005
10 250928.0 006000000009006005 2403.86 006000000009002005
10 2403.86 006000000009002005 326013.686154 000000000001006005
10 326013.686154 000000000001006005 3021680.0 000003000003002005
10 3021680.0 000003000003002005 1714290.0 000003000003002003
10 1714290.0 000003000003002003 326013.686154 000000000001006005
10 326013.686154 000000000001006005 42.6549 000000000003006005
10 42.6549 000000000003006005 257129.0 000000000003006002
10 257129.0 000000000003006002 326013.686154 000000000001006005
10 326013.686154 000000000001006005 6155.8 006000000003006005
10 6155.8 006000000003006005 326013.686154 000000000001006005
10 326013.686154 000000000001006005 6292.94 000000001003006005
10 6292.94 000000001003006005 3.29997 006000000001006005
10 3.29997 006000000001006005 288.549 006000002001006005
10 288.549 006000002001006005 326013.686154 000000000001006005
10 326013.686154 000000000001006005 79.1933 012000000003006005
10 79.1933 012000000003006005 6.08478 012000000009006005
10 6.08478 012000000009006005 326013.686154 000000000001006005
10 326013.686154 000000000001006005 7262.69 015000000001006005
10 7262.69 015000000001006005 2380.46 015000000001006003
10 2380.46 015000000001006003 326013.686154 000000000001006005
10 326013.686154 000000000001006005 8053.76 015000001009006005
10 8053.76 015000001009006005 8053.76 015000001009006005
10 8053.76 015000001009006005 326013.686154 000000000001006005
10 326013.686154 000000000001006005 923004.27555 006000001009006005
10 923004.27555 006000001009006005 15162.2 006000001005006005
10 15162.2 006000001005006005 326013.686154 000000000001006005
10 326013.686154 000000000001006005 250928.0 006000000009006005
10 250928.0 006000000009006005 98.4218 006000000010006005
10 98.4218 006000000010006005 326013.686154 000000000001006005
10 326013.686154 000000000001006005 6155.8 006000000003006005
10 6155.8 006000000003006005 326013.686154 000000000001006005
10 326013.686154 000000000001006005 6155.8 006000000003006005
10 6155.8 006000000003006005 250928.0 006000000009006005
10 250928.0 006000000009006005 70.1674 006000000009007005
10 70.1674 006000000009007005 326013.686154 000000000001006005
10 326013.686154 000000000001006005 42.6549 000000000003006005
10 42.6549 000000000003006005 42.6549 000000000003006005
10 42.6549 000000000003006005 326013.686154 000000000001006005
10 326013.686154 000000000001006005 6155.8 006000000003006005
10 6155.8 006000000003006005 37382.1 006000002003006005
10 37382.1 006000002003006005 326013.686154 000000000001006005
10 326013.686154 000000000001006005 6155.8 006000000003006005
10 6155.8 006000000003006005 30139.9 006006000003006005
10 30139.9 006006000003006005 326013.686154 000000000001006005
10 326013.686154 000000000001006005 2046770000.0 000006001003006005
10 2046770000.0 000006001003006005 49176.2 004006001003006005
10 49176.2 004006001003006005 326013.686154 000000000001006005
10 326013.686154 000000000001006005 429413.0 004000000003006005
10 429413.0 004000000003006005 6089.96 004000000011006005
10 6089.96 004000000011006005 326013.686154 000000000001006005
10 326013.686154 000000000001006005 42.6549 000000000003006005
10 42.6549 000000000003006005 7.73012 000003000003006005
10 7.73012 000003000003006005 326013.686154 000000000001006005
10 326013.686154 000000000001006005 79.1933 012000000003006005
10 79.1933 012000000003006005 879.05575 002000000003006005
10 879.05575 002000000003006005 326013.686154 000000000001006005
10 326013.686154 000000000001006005 879.05575 002000000003006005
10 879.05575 002000000003006005 69.6619 002000000010006005
10 69.6619 002000000010006005 326013.686154 000000000001006005
10 326013.686154 000000000001006005 42.6549 000000000003006005
10 42.6549 000000000003006005 6776.74 003000000003006005
10 6776.74 003000000003006005 326013.686154 000000000001006005
10 326013.686154 000000000001006005 7262.69 015000000001006005
10 7262.69 015000000001006005 7262.69 015000000001006005
10 7262.69 015000000001006005 326013.686154 000000000001006005
10 326013.686154 000000000001006005 6155.8 006000000003006005
10 6155.8 006000000003006005 3.29997 006000000001006005
10 3.29997 006000000001006005 326013.686154 000000000001006005
10 326013.686154 000000000001006005 179.174 015000000009006005
10 179.174 015000000009006005 37.2428 001000000009006005
10 37.2428 001000000009006005 326013.686154 000000000001006005
10 326013.686154 000000000001006005 250928.0 006000000009006005
10 250928.0 006000000009006005 420918.8639033333 006000000009006000
10 420918.8639033333 006000000009006000 326013.686154 000000000001006005
10 326013.686154 000000000001006005 79.1933 012000000003006005
10 79.1933 012000000003006005 70.6355 012000000003006002
10 70.6355 012000000003006002 326013.686154 000000000001006005
10 326013.686154 000000000001006005 923004.27555 006000001009006005
10 923004.27555 006000001009006005 16868.2 006003001009006005
10 16868.2 006003001009006005 326013.686154 000000000001006005
10 326013.686154 000000000001006005 6155.8 006000000003006005
10 6155.8 006000000003006005 1513.49 006000000003006007
10 1513.49 006000000003006007 326013.686154 000000000001006005
10 326013.686154 000000000001006005 42.6549 000000000003006005
10 42.6549 000000000003006005 622402.0 000000000003012005
10 622402.0 000000000003012005 326013.686154 000000000001006005
10 326013.686154 000000000001006005 6155.8 006000000003006005
10 6155.8 006000000003006005 35.4602 006000000003006003
10 35.4602 006000000003006003 326013.686154 000000000001006005
10 326013.686154 000000000001006005 250928.0 006000000009006005
10 250928.0 006000000009006005 278049.0 006002000009006005
10 278049.0 006002000009006005 326013.686154 000000000001006005
10 326013.686154 000000000001006005 179.174 015000000009006005
10 179.174 015000000009006005 326013.686154 000000000001006005
10 326013.686154 000000000001006005 6155.8 006000000003006005
10 6155.8 006000000003006005 250928.0 006000000009006005
10 250928.0 006000000009006005 260084.0 005000000009006005
10 260084.0 005000000009006005 326013.686154 000000000001006005
10 326013.686154 000000000001006005 79.1933 012000000003006005
10 79.1933 012000000003006005 54.6831 012002000003006005
10 54.6831 012002000003006005 326013.686154 000000000001006005
10 326013.686154 000000000001006005 179.174 015000000009006005
10 179.174 015000000009006005 4253.46 015000000009001005
10 4253.46 015000000009001005 326013.686154 000000000001006005
10 326013.686154 000000000001006005 6292.94 000000001003006005
10 6292.94 000000001003006005 7.34547 000000001003006008
10 7.34547 000000001003006008 326013.686154 000000000001006005
10 326013.686154 000000000001006005 237503.7 006000001003006005
10 237503.7 006000001003006005 237503.7 006000001003006005
10 237503.7 006000001003006005 326013.686154 000000000001006005
10 326013.686154 000000000001006005 6155.8 006000000003006005
10 6155.8 006000000003006005 3724.02 006003000003006005
10 3724.02 006003000003006005 326013.686154 000000000001006005
10 326013.686154 000000000001006005 163781.06666666668 000000001009006005
10 163781.06666666668 000000001009006005 44.5048 000002001009006005
10 44.5048 000002001009006005 326013.686154 000000000001006005
10 326013.686154 000000000001006005 168994.95963333335 015000000003006005
10 168994.95963333335 015000000003006005 500974.0 015000000003009005
10 500974.0 015000000003009005 326013.686154 000000000001006005
10 326013.686154 000000000001006005 79.1933 012000000003006005
10 79.1933 012000000003006005 6524.03 012000000003007005
10 6524.03 012000000003007005 326013.686154 000000000001006005
10 326013.686154 000000000001006005 388548.9412 000000000009006005
10 388548.9412 000000000009006005 42.6549 000000000003006005
10 42.6549 000000000003006005 326013.686154 000000000001006005
10 326013.686154 000000000001006005 250928.0 006000000009006005
10 250928.0 006000000009006005 250928.0 006000000009006005
10 250928.0 006000000009006005 326013.686154 000000000001006005
10 326013.686154 000000000001006005 179.174 015000000009006005
10 179.174 015000000009006005 65.6941 015000000010006005
10 65.6941 015000000010006005 326013.686154 000000000001006005
10 326013.686154 000000000001006005 3.29997 006000000001006005
10 3.29997 006000000001006005 684267.0 019000000001006005
10 684267.0 019000000001006005 326013.686154 000000000001006005
10 326013.686154 000000000001006005 250928.0 006000000009006005
10 250928.0 006000000009006005 326013.686154 000000000001006005
10 326013.686154 000000000001006005 6155.8 006000000003006005
10 6155.8 006000000003006005 250928.0 006000000009006005
10 250928.0 006000000009006005 3.29997 006000000001006005
10 3.29997 006000000001006005 326013.686154 000000000001006005
10 326013.686154 000000000001006005 42.6549 000000000003006005
10 42.6549 000000000003006005 294548.0 000000000003006004
10 294548.0 000000000003006004 326013.686154 000000000001006005
10 326013.686154 000000000001006005 388548.9412 000000000009006005
10 388548.9412 000000000009006005 38.7205 019000000009006005
10 38.7205 019000000009006005 326013.686154 000000000001006005
10 326013.686154 000000000001006005 923004.27555 006000001009006005
10 923004.27555 006000001009006005 326013.686154 000000000001006005
10 326013.686154 000000000001006005 250928.0 006000000009006005
10 250928.0 006000000009006005 286023.0 012000000001006005
10 286023.0 012000000001006005 6.08478 012000000009006005
10 6.08478 012000000009006005 326013.686154 000000000001006005
10 326013.686154 000000000001006005 6155.8 006000000003006005
10 6155.8 006000000003006005 237503.7 006000001003006005
10 237503.7 006000001003006005 326013.686154 000000000001006005
10 326013.686154 000000000001006005 42.6549 000000000003006005
10 42.6549 000000000003006005 1098.677 000005000003006005
10 1098.677 000005000003006005 326013.686154 000000000001006005
10 326013.686154 000000000001006005 388548.9412 000000000009006005
10 388548.9412 000000000009006005 42.6549 000000000003006005
10 42.6549 000000000003006005 326013.686154 000000000001006005
10 326013.686154 000000000001006005 3.29997 006000000001006005
10 3.29997 006000000001006005 449482.0 007000000001006005
10 449482.0 007000000001006005 326013.686154 000000000001006005
10 326013.686154 000000000001006005 14938.2 006000001001006005
10 14938.2 006000001001006005 3.29997 006000000001006005
10 3.29997 006000000001006005 326013.686154 000000000001006005
10 326013.686154 000000000001006005 6155.8 006000000003006005
10 6155.8 006000000003006005 1054.94 006000000003006002
10 1054.94 006000000003006002 326013.686154 000000000001006005
10 326013.686154 000000000001006005 1054.94 006000000003006002
10 1054.94 006000000003006002 1054.94 006000000003006002
10 1054.94 006000000003006002 326013.686154 000000000001006005
10 326013.686154 000000000001006005 42.6549 000000000003006005
10 42.6549 000000000003006005 1153.13 000001000003006005
10 1153.13 000001000003006005 326013.686154 000000000001006005
10 326013.686154 000000000001006005 250928.0 006000000009006005
10 250928.0 006000000009006005 250928.0 006000000009006005
10 250928.0 006000000009006005 326013.686154 000000000001006005
10 326013.686154 000000000001006005 6292.94 000000001003006005
10 6292.94 000000001003006005 306129.0 000000001004006005
10 306129.0 000000001004006005 326013.686154 000000000001006005
10 326013.686154 000000000001006005 42.6549 000000000003006005
10 42.6549 000000000003006005 326013.686154 000000000001006005
10 326013.686154 000000000001006005 250928.0 006000000009006005
10 250928.0 006000000009006005 6155.8 006000000003006005
10 6155.8 006000000003006005 43.4237 006000000003006000
10 43.4237 006000000003006000 326013.686154 000000000001006005
10 326013.686154 000000000001006005 250928.0 006000000009006005
10 250928.0 006000000009006005 70.1674 006000000009007005
10 70.1674 006000000009007005 326013.686154 000000000001006005
10 326013.686154 000000000001006005 472775.0 006000000001007005
10 472775.0 006000000001007005 60.8841 006000000001005005
10 60.8841 006000000001005005 326013.686154 000000000001006005
10 326013.686154 000000000001006005 2441000.0 006000000009005005
10 2441000.0 006000000009005005 1002680.0 013000000009005005
10 1002680.0 013000000009005005 326013.686154 000000000001006005
10 326013.686154 000000000001006005 220147.0 000000000009005005
10 220147.0 000000000009005005 9108.85 000000000009003005
10 9108.85 000000000009003005 326013.686154 000000000001006005
10 326013.686154 000000000001006005 250928.0 006000000009006005
10 250928.0 006000000009006005 420918.8639033333 006000000009006000
10 420918.8639033333 006000000009006000 326013.686154 000000000001006005
10 326013.686154 000000000001006005 6155.8 006000000003006005
10 6155.8 006000000003006005 299466.0 006000000003010005
10 299466.0 006000000003010005 326013.686154 000000000001006005
10 326013.686154 000000000001006005 237503.7 006000001003006005
10 237503.7 006000001003006005 9858.57 004000001003006005
10 9858.57 004000001003006005 326013.686154 000000000001006005
10 326013.686154 000000000001006005 250928.0 006000000009006005
10 250928.0 006000000009006005 3.29997 006000000001006005
10 3.29997 006000000001006005 326013.686154 000000000001006005
10 326013.686154 000000000001006005 388548.9412 000000000009006005
10 388548.9412 000000000009006005 49.5672 000000000008006005
10 49.5672 000000000008006005 326013.686154 000000000001006005
10 326013.686154 000000000001006005 612061.0 000000000009006000
10 612061.0 000000000009006000 11599.8 000000000009006006
10 11599.8 000000000009006006 326013.686154 000000000001006005
10 326013.686154 000000000001006005 326013.686154 000000000001006005
10 326013.686154 000000000001006005 4021.77 000000000001008005
10 4021.77 000000000001008005 326013.686154 000000000001006005
10 326013.686154 000000000001006005 431.863 006000001003008005
10 431.863 006000001003008005 326013.686154 000000000001006005
10 326013.686154 000000000001006005 3.29997 006000000001006005
10 3.29997 006000000001006005 6292.94 000000001003006005
10 6292.94 000000001003006005 326013.686154 000000000001006005
10 326013.686154 000000000001006005 3.29997 006000000001006005
10 3.29997 006000000001006005 7682.807966666666 006000000001006000
10 7682.807966666666 006000000001006000 33.3975 006000000001011000
10 33.3975 006000000001011000 326013.686154 000000000001006005
10 326013.686154 000000000001006005 902304.0 006000000009011000
10 902304.0 006000000009011000 75.8447 001000000009011000
10 75.8447 001000000009011000 326013.686154 000000000001006005
10 326013.686154 000000000001006005 6155.8 006000000003006005
10 6155.8 006000000003006005 168.186 006004000003006005
10 168.186 006004000003006005 326013.686154 000000000001006005
10 326013.686154 000000000001006005 326013.686154 000000000001006005
10 326013.686154 000000000001006005 245554.0 000000000011006005
10 245554.0 000000000011006005 326013.686154 000000000001006005
10 326013.686154 000000000001006005 326013.686154 000000000001006005
10 326013.686154 000000000001006005 64.0863 000000002001006005
10 64.0863 000000002001006005 326013.686154 000000000001006005
10 326013.686154 000000000001006005 271555.0 000000002003006005
10 271555.0 000000002003006005 117.455 000003002003006005
10 117.455 000003002003006005 326013.686154 000000000001006005
10 326013.686154 000000000001006005 250928.0 006000000009006005
10 250928.0 006000000009006005 3876.3 006001000009006005
10 3876.3 006001000009006005 326013.686154 000000000001006005
10 326013.686154 000000000001006005 6155.8 006000000003006005
10 6155.8 006000000003006005 326013.686154 000000000001006005
10 326013.686154 000000000001006005 3.29997 006000000001006005
10 3.29997 006000000001006005 250928.0 006000000009006005
10 250928.0 006000000009006005 91.1415 006000000009004005
10 91.1415 006000000009004005 326013.686154 000000000001006005
10 326013.686154 000000000001006005 6155.8 006000000003006005
10 6155.8 006000000003006005 6155.8 006000000003006005
10 6155.8 006000000003006005 326013.686154 000000000001006005
10 326013.686154 000000000001006005 7682.807966666666 006000000001006000
10 7682.807966666666 006000000001006000 7682.807966666666 006000000001006000
10 7682.807966666666 006000000001006000 326013.686154 000000000001006005
10 326013.686154 000000000001006005 388548.9412 000000000009006005
10 388548.9412 000000000009006005 60.3612 000000000009006004
10 60.3612 000000000009006004 326013.686154 000000000001006005
10 326013.686154 000000000001006005 199207.0 006000000009006004
10 199207.0 006000000009006004 20015.4 006000001009006004
10 20015.4 006000001009006004 326013.686154 000000000001006005
10 326013.686154 000000000001006005 923004.27555 006000001009006005
10 923004.27555 006000001009006005 20418.2 009000001009006005
10 20418.2 009000001009006005 326013.686154 000000000001006005
10 326013.686154 000000000001006005 237503.7 006000001003006005
10 237503.7 006000001003006005 1047861.6 006003001003006005
10 1047861.6 006003001003006005 326013.686154 000000000001006005
10 326013.686154 000000000001006005 42.6549 000000000003006005
10 42.6549 000000000003006005 1098.677 000005000003006005
10 1098.677 000005000003006005 326013.686154 000000000001006005
10 326013.686154 000000000001006005 388548.9412 000000000009006005
10 388548.9412 000000000009006005 326013.686154 000000000001006005
10 326013.686154 000000000001006005 3.29997 006000000001006005
10 3.29997 006000000001006005 14938.2 006000001001006005
10 14938.2 006000001001006005 7876.62 006004001001006005
10 7876.62 006004001001006005 326013.686154 000000000001006005
10 326013.686154 000000000001006005 499.466 000004000001006005
10 499.466 000004000001006005 49.6034 000004000001006004
10 49.6034 000004000001006004 326013.686154 000000000001006005
10 326013.686154 000000000001006005 294548.0 000000000003006004
10 294548.0 000000000003006004 2335.34 000000000005006004
10 2335.34 000000000005006004 326013.686154 000000000001006005
10 326013.686154 000000000001006005 310952.0 006000000003006004
10 310952.0 006000000003006004 198850.0 006000000008006004
10 198850.0 006000000008006004 326013.686154 000000000001006005
10 326013.686154 000000000001006005 420918.8639033333 006000000009006000
10 420918.8639033333 006000000009006000 4305.47 006002000009006000
10 4305.47 006002000009006000 326013.686154 000000000001006005
10 326013.686154 000000000001006005 136829.0 000000001009006000
10 136829.0 000000001009006000 9.24994 000000001009006008
10 9.24994 000000001009006008 326013.686154 000000000001006005
