Run Fitness1 Solution1 Fitness2 Solution2
1 4487460.0 014004000010009004 2685400.0 014001000010009004
1 2685400.0 014001000010009004 95.6993 001000001009002003
1 95.6993 001000001009002003 32101100.0 014006001011011000
1 32101100.0 014006001011011000 32101100.0 014006001011011000
1 32101100.0 014006001011011000 95.6993 001000001009002003
1 95.6993 001000001009002003 16236.4 014004002000005001
1 16236.4 014004002000005001 16.9602 014004002000005008
1 16.9602 014004002000005008 95.6993 001000001009002003
1 95.6993 001000001009002003 32386.6 003001001006010000
1 32386.6 003001001006010000 168.49 003001001007010000
1 168.49 003001001007010000 16.9602 014004002000005008
1 16.9602 014004002000005008 1368.38 009001000009005004
1 1368.38 009001000009005004 80.0664 009001000005005004
1 80.0664 009001000005005004 16.9602 014004002000005008
1 16.9602 014004002000005008 37683800.0 004002000001007001
1 37683800.0 004002000001007001 6105.44 004000000001007001
1 6105.44 004000000001007001 16.9602 014004002000005008
1 16.9602 014004002000005008 855514.0 001004000003007003
1 855514.0 001004000003007003 523845.0 002004000003007003
1 523845.0 002004000003007003 16.9602 014004002000005008
1 16.9602 014004002000005008 242336.0 000002002004003000
1 242336.0 000002002004003000 17443.8 000002002010003000
1 17443.8 000002002010003000 16.9602 014004002000005008
1 16.9602 014004002000005008 268949.0 009000000010004004
1 268949.0 009000000010004004 641.589 005000000010004004
1 641.589 005000000010004004 16.9602 014004002000005008
1 16.9602 014004002000005008 310221.0 002005001002011008
1 310221.0 002005001002011008 30287.6 002005001002011000
1 30287.6 002005001002011000 16.9602 014004002000005008
1 16.9602 014004002000005008 917544.0 002001002006011001
1 917544.0 002001002006011001 914430.0 002001002006011003
1 914430.0 002001002006011003 16.9602 014004002000005008
1 16.9602 014004002000005008 7325350.0 008002001003006004
1 7325350.0 008002001003006004 957419.0 008002000003006004
1 957419.0 008002000003006004 16.9602 014004002000005008
1 16.9602 014004002000005008 71045200.0 003006000002010003
1 71045200.0 003006000002010003 9312.19 003006000002010005
1 9312.19 003006000002010005 16.9602 014004002000005008
1 16.9602 014004002000005008 15848.2 003004002010008004
1 15848.2 003004002010008004 16.9602 014004002000005008
1 16.9602 014004002000005008 80.0664 009001000005005004
1 80.0664 009001000005005004 82.1574 000001002006001002
1 82.1574 000001002006001002 16.9602 014004002000005008
1 16.9602 014004002000005008 80.0664 009001000005005004
1 80.0664 009001000005005004 140765.05 002000002001009005
1 140765.05 002000002001009005 140765.05 002000002001009005
1 140765.05 002000002001009005 16.9602 014004002000005008
1 16.9602 014004002000005008 671.028 012006002006010004
1 671.028 012006002006010004 16.9602 014004002000005008
1 16.9602 014004002000005008 80.0664 009001000005005004
1 80.0664 009001000005005004 16996.4 002006001006006003
1 16996.4 002006001006006003 16996.4 002006001006006003
1 16996.4 002006001006006003 16.9602 014004002000005008
1 16.9602 014004002000005008 1445650000.0 014006001000008003
1 1445650000.0 014006001000008003 123907000.0 014006001000008007
1 123907000.0 014006001000008007 16.9602 014004002000005008
1 16.9602 014004002000005008 6476870.25 012004001010011000
1 6476870.25 012004001010011000 6476870.25 012004001010011000
1 6476870.25 012004001010011000 16.9602 014004002000005008
1 16.9602 014004002000005008 2769590.0 002006002002011002
1 2769590.0 002006002002011002 28756.7 002006002001011002
1 28756.7 002006002001011002 16.9602 014004002000005008
1 16.9602 014004002000005008 14099300000.0 009006000001007003
1 14099300000.0 009006000001007003 85409.2 005006000001007003
1 85409.2 005006000001007003 16.9602 014004002000005008
1 16.9602 014004002000005008 13176.8 007003001005004003
1 13176.8 007003001005004003 95.7811 007003001005004006
1 95.7811 007003001005004006 16.9602 014004002000005008
1 16.9602 014004002000005008 1975550.0 002002000001006002
1 1975550.0 002002000001006002 55213.4 002002000001000002
1 55213.4 002002000001000002 16.9602 014004002000005008
1 16.9602 014004002000005008 110542.135 000005001006005004
1 110542.135 000005001006005004 110542.135 000005001006005004
1 110542.135 000005001006005004 16.9602 014004002000005008
1 16.9602 014004002000005008 2457040000.0 005003002001006004
1 2457040000.0 005003002001006004 37101.1 009003002001006004
1 37101.1 009003002001006004 16.9602 014004002000005008
1 16.9602 014004002000005008 456396.0 005004002006006003
1 456396.0 005004002006006003 22408.7 006004002006006003
1 22408.7 006004002006006003 16.9602 014004002000005008
1 16.9602 014004002000005008 6345470.0 005004001006004001
1 6345470.0 005004001006004001 24172.0 005004002006004001
1 24172.0 005004002006004001 16.9602 014004002000005008
1 16.9602 014004002000005008 657086000.0 002006002001011000
1 657086000.0 002006002001011000 583616000.0 015006002001011000
1 583616000.0 015006002001011000 16.9602 014004002000005008
1 16.9602 014004002000005008 30104.3 012006000002009004
1 30104.3 012006000002009004 24285.5 010006000002009004
1 24285.5 010006000002009004 16.9602 014004002000005008
1 16.9602 014004002000005008 854207.0 002000002010012002
1 854207.0 002000002010012002 642548.0 002000002010012000
1 642548.0 002000002010012000 16.9602 014004002000005008
1 16.9602 014004002000005008 1397770000.0 005002001001005004
1 1397770000.0 005002001001005004 4264340.0 004002001001005004
1 4264340.0 004002001001005004 16.9602 014004002000005008
1 16.9602 014004002000005008 16858.6 005006001012007001
1 16858.6 005006001012007001 16858.6 005006001012007001
1 16858.6 005006001012007001 16.9602 014004002000005008
1 16.9602 014004002000005008 53652.4 002006000001005000
1 53652.4 002006000001005000 53652.4 002006000001005000
1 53652.4 002006000001005000 16.9602 014004002000005008
1 16.9602 014004002000005008 74298.7 012006001005004002
1 74298.7 012006001005004002 16.9602 014004002000005008
1 16.9602 014004002000005008 80.0664 009001000005005004
1 80.0664 009001000005005004 3891600000.0 012004002012005001
1 3891600000.0 012004002012005001 101877000.0 012004002009005001
1 101877000.0 012004002009005001 16.9602 014004002000005008
1 16.9602 014004002000005008 248941000.0 010006002005004000
1 248941000.0 010006002005004000 89662600.0 010006002005004009
1 89662600.0 010006002005004009 16.9602 014004002000005008
1 16.9602 014004002000005008 18018.1 000006001006006004
1 18018.1 000006001006006004 16.9602 014004002000005008
1 16.9602 014004002000005008 80.0664 009001000005005004
1 80.0664 009001000005005004 41445800.0 012001001006010000
1 41445800.0 012001001006010000 1290900.0 012001001006010008
1 1290900.0 012001001006010008 16.9602 014004002000005008
1 16.9602 014004002000005008 184151.0 000005001006006004
1 184151.0 000005001006006004 184151.0 000005001006006004
1 184151.0 000005001006006004 16.9602 014004002000005008
1 16.9602 014004002000005008 37744300.0 013001000006004001
1 37744300.0 013001000006004001 7877090.0 004001000006004001
1 7877090.0 004001000006004001 16.9602 014004002000005008
1 16.9602 014004002000005008 75098300.0 009002001001003001
1 75098300.0 009002001001003001 66939.5 009006001001003001
1 66939.5 009006001001003001 16.9602 014004002000005008
1 16.9602 014004002000005008 37044.6 003006000002008004
1 37044.6 003006000002008004 21777.5 013006000002008004
1 21777.5 013006000002008004 16.9602 014004002000005008
1 16.9602 014004002000005008 20982500.0 012006002010006004
1 20982500.0 012006002010006004 21204.0 012006002010006005
1 21204.0 012006002010006005 16.9602 014004002000005008
1 16.9602 014004002000005008 56.6121 004004002010006002
1 56.6121 004004002010006002 16.9602 014004002000005008
1 16.9602 014004002000005008 80.0664 009001000005005004
1 80.0664 009001000005005004 18656.6 003004002005008000
1 18656.6 003004002005008000 50.8973 003004002006008000
1 50.8973 003004002006008000 16.9602 014004002000005008
1 16.9602 014004002000005008 1669005.0 003001001006004002
1 1669005.0 003001001006004002 1669005.0 003001001006004002
1 1669005.0 003001001006004002 16.9602 014004002000005008
1 16.9602 014004002000005008 98342800.0 007005000000006003
1 98342800.0 007005000000006003 14631800.0 007005000000006002
1 14631800.0 007005000000006002 16.9602 014004002000005008
1 16.9602 014004002000005008 46013.3 012002002010006003
1 46013.3 012002002010006003 7171.19 012002002010005003
1 7171.19 012002002010005003 16.9602 014004002000005008
1 16.9602 014004002000005008 28653.4 012006000012002004
1 28653.4 012006000012002004 13600.8 012006000009002004
1 13600.8 012006000009002004 16.9602 014004002000005008
1 16.9602 014004002000005008 1298220.0 000001001002001000
1 1298220.0 000001001002001000 16615.6 000001001002007000
1 16615.6 000001001002007000 16.9602 014004002000005008
1 16.9602 014004002000005008 44794000.0 014004002002007003
1 44794000.0 014004002002007003 3144.54 003004002002007003
1 3144.54 003004002002007003 16.9602 014004002000005008
1 16.9602 014004002000005008 6958190000.0 008006000010006002
1 6958190000.0 008006000010006002 71160400.0 008006000010006001
1 71160400.0 008006000010006001 16.9602 014004002000005008
1 16.9602 014004002000005008 112382.0 008006002010004000
1 112382.0 008006002010004000 42980.1 008000002010004000
1 42980.1 008000002010004000 16.9602 014004002000005008
1 16.9602 014004002000005008 706669000.0 002006001000004004
1 706669000.0 002006001000004004 18939.6 002006001000004000
1 18939.6 002006001000004000 16.9602 014004002000005008
1 16.9602 014004002000005008 657450000.0 002006001006007000
1 657450000.0 002006001006007000 740890.0 002006001006007001
1 740890.0 002006001006007001 16.9602 014004002000005008
1 16.9602 014004002000005008 41791.1 012006000006010001
1 41791.1 012006000006010001 41580.2 012006000010010001
1 41580.2 012006000010010001 16.9602 014004002000005008
1 16.9602 014004002000005008 44483000.0 002004000001009000
1 44483000.0 002004000001009000 40242.6 002004000001000000
1 40242.6 002004000001000000 16.9602 014004002000005008
1 16.9602 014004002000005008 21718.1 001005001009002000
1 21718.1 001005001009002000 7944.77 001005001002002000
1 7944.77 001005001002002000 16.9602 014004002000005008
1 16.9602 014004002000005008 8061.58 001001001010002005
1 8061.58 001001001010002005 21.9763 000001001010002005
1 21.9763 000001001010002005 16.9602 014004002000005008
1 16.9602 014004002000005008 404863.0 001005000009010003
1 404863.0 001005000009010003 218909.0 007005000009010003
1 218909.0 007005000009010003 16.9602 014004002000005008
1 16.9602 014004002000005008 24559900.0 020001001009009003
1 24559900.0 020001001009009003 7513.06 020001001012009003
1 7513.06 020001001012009003 16.9602 014004002000005008
1 16.9602 014004002000005008 3823900.0 014004000006008000
1 3823900.0 014004000006008000 8146.19 014004000006003000
1 8146.19 014004000006003000 16.9602 014004002000005008
1 16.9602 014004002000005008 41735.3 005002001010009004
1 41735.3 005002001010009004 20565.9 010002001010009004
1 20565.9 010002001010009004 16.9602 014004002000005008
1 16.9602 014004002000005008 63.4309 003001002006004006
1 63.4309 003001002006004006 60.8789 009001002006004006
1 60.8789 009001002006004006 16.9602 014004002000005008
1 16.9602 014004002000005008 930591.0 000001002006002000
1 930591.0 000001002006002000 15063.2 000005002006002000
1 15063.2 000005002006002000 16.9602 014004002000005008
1 16.9602 014004002000005008 12994079.895 003001002000004000
1 12994079.895 003001002000004000 16.343 003001002000004005
1 16.343 003001002000004005 16.9602 014004002000005008
1 16.9602 014004002000005008 10151400000.0 020004001002002002
1 10151400000.0 020004001002002002 29045.6 020004001004002002
1 29045.6 020004001004002002 16.343 003001002000004005
1 16.343 003001002000004005 629192.0 000002002001008002
1 629192.0 000002002001008002 275632.0 000002002001005002
1 275632.0 000002002001005002 16.343 003001002000004005
1 16.343 003001002000004005 104.683 000001001000007003
1 104.683 000001001000007003 55.5276 000001001000007001
1 55.5276 000001001000007001 16.343 003001002000004005
1 16.343 003001002000004005 354033000.0 014006001000005003
1 354033000.0 014006001000005003 42089.1 014003001000005003
1 42089.1 014003001000005003 16.343 003001002000004005
1 16.343 003001002000004005 7617810237.2 005006002010000003
1 7617810237.2 005006002010000003 7617810237.2 005006002010000003
1 7617810237.2 005006002010000003 16.343 003001002000004005
1 16.343 003001002000004005 19819200.0 012004000010003000
1 19819200.0 012004000010003000 12270600.0 012000000010003000
1 12270600.0 012000000010003000 16.343 003001002000004005
1 16.343 003001002000004005 112816000.0 003006002004007004
1 112816000.0 003006002004007004 38268100.0 003006002010007004
1 38268100.0 003006002010007004 16.343 003001002000004005
1 16.343 003001002000004005 7662.97 013001001007004005
1 7662.97 013001001007004005 16.343 003001002000004005
1 16.343 003001002000004005 16.9602 014004002000005008
1 16.9602 014004002000005008 13497.3 000004000005007000
1 13497.3 000004000005007000 6949.56 012004000005007000
1 6949.56 012004000005007000 16.343 003001002000004005
1 16.343 003001002000004005 3203410000.0 009004000006004001
1 3203410000.0 009004000006004001 52161000.0 009004002006004001
1 52161000.0 009004002006004001 16.343 003001002000004005
1 16.343 003001002000004005 4552150.0 009003002006010008
1 4552150.0 009003002006010008 1233340.0 009003002011010008
1 1233340.0 009003002011010008 16.343 003001002000004005
1 16.343 003001002000004005 5452730000.0 012006001006004006
1 5452730000.0 012006001006004006 5362600.0 012005001006004006
1 5362600.0 012005001006004006 16.343 003001002000004005
1 16.343 003001002000004005 30815200.0 005000002005007000
1 30815200.0 005000002005007000 30815200.0 005000002005007000
1 30815200.0 005000002005007000 16.343 003001002000004005
1 16.343 003001002000004005 149107000.0 009001001000007000
1 149107000.0 009001001000007000 17692.2 009001002000007000
1 17692.2 009001002000007000 16.343 003001002000004005
1 16.343 003001002000004005 8004980.0 003004002006006000
1 8004980.0 003004002006006000 18496.0 003004002006006001
1 18496.0 003004002006006001 16.343 003001002000004005
1 16.343 003001002000004005 8165.33 003001001009005003
1 8165.33 003001001009005003 8165.33 003001001009005003
1 8165.33 003001001009005003 16.343 003001002000004005
1 16.343 003001002000004005 3736.11 007004000006010001
1 3736.11 007004000006010001 401.173 007004000006011001
1 401.173 007004000006011001 16.343 003001002000004005
1 16.343 003001002000004005 19362100.0 007006000002005004
1 19362100.0 007006000002005004 19118.0 007006000002006004
1 19118.0 007006000002006004 16.343 003001002000004005
1 16.343 003001002000004005 3309240.0 002001002002007005
1 3309240.0 002001002002007005 2133080.0 002001002002007004
1 2133080.0 002001002002007004 16.343 003001002000004005
1 16.343 003001002000004005 758384.0 001005001006007001
1 758384.0 001005001006007001 47128.3 012005001006007001
1 47128.3 012005001006007001 16.343 003001002000004005
1 16.343 003001002000004005 155527.0 003004002006007000
1 155527.0 003004002006007000 4944.92 003004002006005000
1 4944.92 003004002006005000 16.343 003001002000004005
1 16.343 003001002000004005 321097.0 002005002006006005
1 321097.0 002005002006006005 184.418 002005002000006005
1 184.418 002005002000006005 16.343 003001002000004005
1 16.343 003001002000004005 5679120000.0 014004002010007000
1 5679120000.0 014004002010007000 51592400.0 014004002010011000
1 51592400.0 014004002010011000 16.343 003001002000004005
1 16.343 003001002000004005 14069.9 012001001000010004
1 14069.9 012001001000010004 9020.53 012001001000010002
1 9020.53 012001001000010002 16.343 003001002000004005
1 16.343 003001002000004005 223835.0 000004001010009005
1 223835.0 000004001010009005 223835.0 000004001010009005
1 223835.0 000004001010009005 16.343 003001002000004005
1 16.343 003001002000004005 388066.0 000001001000006003
1 388066.0 000001001000006003 160740.0 000001001005006003
1 160740.0 000001001005006003 16.343 003001002000004005
1 16.343 003001002000004005 1846060.0 007000002010011005
1 1846060.0 007000002010011005 16959.7 017000002010011005
1 16959.7 017000002010011005 16.343 003001002000004005
1 16.343 003001002000004005 251557.0 000001001000005002
1 251557.0 000001001000005002 21037.2 000001001011005002
1 21037.2 000001001011005002 16.343 003001002000004005
1 16.343 003001002000004005 13230.8 012001001010010001
1 13230.8 012001001010010001 10426.5 012004001010010001
1 10426.5 012004001010010001 16.343 003001002000004005
1 16.343 003001002000004005 85.4676 000001002000006005
1 85.4676 000001002000006005 8.50313 000001002000006002
1 8.50313 000001002000006002 16.343 003001002000004005
1 16.343 003001002000004005 2370020.0 014001000006007002
1 2370020.0 014001000006007002 2148930.0 011001000006007002
1 2148930.0 011001000006007002 8.50313 000001002000006002
1 8.50313 000001002000006002 17391.7 003001000006004006
1 17391.7 003001000006004006 8431.79 006001000006004006
1 8431.79 006001000006004006 8.50313 000001002000006002
1 8.50313 000001002000006002 12634158.055 013004001000010003
1 12634158.055 013004001000010003 12634158.055 013004001000010003
1 12634158.055 013004001000010003 8.50313 000001002000006002
1 8.50313 000001002000006002 2049.74 000001000000004005
1 2049.74 000001000000004005 54.1291 000001000000005005
1 54.1291 000001000000005005 8.50313 000001002000006002
1 8.50313 000001002000006002 13162900000.0 014004001000001002
1 13162900000.0 014004001000001002 11784100000.0 014004002000001002
1 11784100000.0 014004002000001002 8.50313 000001002000006002
1 8.50313 000001002000006002 388777000.0 020006001000004004
1 388777000.0 020006001000004004 194056000.0 020006001003004004
1 194056000.0 020006001003004004 8.50313 000001002000006002
1 8.50313 000001002000006002 12994079.895 003001002000004000
1 12994079.895 003001002000004000 67038.2 003001000000004000
1 67038.2 003001000000004000 8.50313 000001002000006002
1 8.50313 000001002000006002 73.6593 007004002000006005
1 73.6593 007004002000006005 58.2216 007004002000006008
1 58.2216 007004002000006008 8.50313 000001002000006002
1 8.50313 000001002000006002 635153.0 002004001005005005
1 635153.0 002004001005005005 41523.7 002004001005005003
1 41523.7 002004001005005003 8.50313 000001002000006002
1 8.50313 000001002000006002 6652450.0 007001001009006000
1 6652450.0 007001001009006000 6046000.0 007001001009010000
1 6046000.0 007001001009010000 8.50313 000001002000006002
1 8.50313 000001002000006002 23799.8 007002002005006001
1 23799.8 007002002005006001 9379.42 007002002005004001
1 9379.42 007002002005004001 8.50313 000001002000006002
1 8.50313 000001002000006002 41.1067 000004000006010005
1 41.1067 000004000006010005 41.1067 000004000006010005
1 41.1067 000004000006010005 8.50313 000001002000006002
1 8.50313 000001002000006002 463646.0 002004000006002005
1 463646.0 002004000006002005 452319.0 002004000006002003
1 452319.0 002004000006002003 8.50313 000001002000006002
1 8.50313 000001002000006002 830088423.2 012001000006002004
1 830088423.2 012001000006002004 830088423.2 012001000006002004
1 830088423.2 012001000006002004 8.50313 000001002000006002
1 8.50313 000001002000006002 12144000000.0 012006002000005006
1 12144000000.0 012006002000005006 404874000.0 012006002000000006
1 404874000.0 012006002000000006 8.50313 000001002000006002
1 8.50313 000001002000006002 81806300.0 020004002000009002
1 81806300.0 020004002000009002 24342.9 002004002000009002
1 24342.9 002004002000009002 8.50313 000001002000006002
1 8.50313 000001002000006002 34686.3 003002002000008004
1 34686.3 003002002000008004 12297.4 003002002000008002
1 12297.4 003002002000008002 8.50313 000001002000006002
1 8.50313 000001002000006002 9744630.0 007004002006007003
1 9744630.0 007004002006007003 7202130.0 007004002007007003
1 7202130.0 007004002007007003 8.50313 000001002000006002
1 8.50313 000001002000006002 18308.2 004001001009004005
1 18308.2 004001001009004005 8.50313 000001002000006002
1 8.50313 000001002000006002 16.343 003001002000004005
1 16.343 003001002000004005 101.98 000004002006010003
1 101.98 000004002006010003 101.98 000004002006010003
1 101.98 000004002006010003 8.50313 000001002000006002
1 8.50313 000001002000006002 9519660000.0 009002002001004004
1 9519660000.0 009002002001004004 118231000.0 009002002001006004
1 118231000.0 009002002001006004 8.50313 000001002000006002
1 8.50313 000001002000006002 1293180.0 000005000000010006
1 1293180.0 000005000000010006 3325.21 000005000000005006
1 3325.21 000005000000005006 8.50313 000001002000006002
1 8.50313 000001002000006002 151584000.0 013001001000010003
1 151584000.0 013001001000010003 72646700.0 009001001000010003
1 72646700.0 009001001000010003 8.50313 000001002000006002
1 8.50313 000001002000006002 7618880.0 003001000006007008
1 7618880.0 003001000006007008 3450110.0 003001000006011008
1 3450110.0 003001000006011008 8.50313 000001002000006002
1 8.50313 000001002000006002 29208600.0 020003000006005008
1 29208600.0 020003000006005008 10370.2 007003000006005008
1 10370.2 007003000006005008 8.50313 000001002000006002
1 8.50313 000001002000006002 3245670.0 002004000006004005
1 3245670.0 002004000006004005 2723.85 002004001006004005
1 2723.85 002004001006004005 8.50313 000001002000006002
1 8.50313 000001002000006002 5832420000.0 007002002010003003
1 5832420000.0 007002002010003003 23376300.0 007002002009003003
1 23376300.0 007002002009003003 8.50313 000001002000006002
1 8.50313 000001002000006002 357659.0 000001001000006002
1 357659.0 000001001000006002 678.709 000001001000006000
1 678.709 000001001000006000 8.50313 000001002000006002
1 8.50313 000001002000006002 40200500.0 020002002002006003
1 40200500.0 020002002002006003 34437.3 020002002002006001
1 34437.3 020002002002006001 8.50313 000001002000006002
1 8.50313 000001002000006002 1162420.0 000001000006010005
1 1162420.0 000001000006010005 41.1067 000004000006010005
1 41.1067 000004000006010005 8.50313 000001002000006002
1 8.50313 000001002000006002 16264.2 003001002006001008
1 16264.2 003001002006001008 12456.5 003004002006001008
1 12456.5 003004002006001008 8.50313 000001002000006002
1 8.50313 000001002000006002 8090.07 000001002006005000
1 8090.07 000001002006005000 8.50313 000001002000006002
1 8.50313 000001002000006002 16.343 003001002000004005
1 16.343 003001002000004005 6490.99 020002000001010002
1 6490.99 020002000001010002 1872.74 020005000001010002
1 1872.74 020005000001010002 8.50313 000001002000006002
1 8.50313 000001002000006002 4785890.0 007001000000006006
1 4785890.0 007001000000006006 7044.63 007001000003006006
1 7044.63 007001000003006006 8.50313 000001002000006002
1 8.50313 000001002000006002 5991040.0 003005002000008000
1 5991040.0 003005002000008000 1875500.0 003005002000011000
1 1875500.0 003005002000011000 8.50313 000001002000006002
1 8.50313 000001002000006002 22222.6 003004002005007005
1 22222.6 003004002005007005 65.9666 003004000005007005
1 65.9666 003004000005007005 8.50313 000001002000006002
1 8.50313 000001002000006002 7043590.0 003001002000002005
1 7043590.0 003001002000002005 27990.4 019001002000002005
1 27990.4 019001002000002005 8.50313 000001002000006002
1 8.50313 000001002000006002 103263850.0 019001000000007003
1 103263850.0 019001000000007003 103263850.0 019001000000007003
1 103263850.0 019001000000007003 8.50313 000001002000006002
1 8.50313 000001002000006002 21115.0 009001002000010000
1 21115.0 009001002000010000 8.50313 000001002000006002
1 8.50313 000001002000006002 16.343 003001002000004005
1 16.343 003001002000004005 594622.0 000004002001007005
1 594622.0 000004002001007005 552297.0 001004002001007005
1 552297.0 001004002001007005 8.50313 000001002000006002
1 8.50313 000001002000006002 347256.0 000004002006004000
1 347256.0 000004002006004000 271008.0 000004002006000000
1 271008.0 000004002006000000 8.50313 000001002000006002
1 8.50313 000001002000006002 9791820.0 007004002001007002
1 9791820.0 007004002001007002 1979650.0 007004002001008002
1 1979650.0 007004002001008002 8.50313 000001002000006002
1 8.50313 000001002000006002 64556200.0 014004001006004002
1 64556200.0 014004001006004002 20314.3 014004001006004004
1 20314.3 014004001006004004 8.50313 000001002000006002
1 8.50313 000001002000006002 13757100000.0 003006000000005008
1 13757100000.0 003006000000005008 7671380000.0 003006000000007008
1 7671380000.0 003006000000007008 8.50313 000001002000006002
1 8.50313 000001002000006002 402.724 007005000000010002
1 402.724 007005000000010002 402.724 007005000000010002
1 402.724 007005000000010002 8.50313 000001002000006002
1 8.50313 000001002000006002 7181.33 004001000007004004
1 7181.33 004001000007004004 8.50313 000001002000006002
1 8.50313 000001002000006002 16.343 003001002000004005
1 16.343 003001002000004005 398559000.0 014000002006006000
1 398559000.0 014000002006006000 151840.0 002000002006006000
1 151840.0 002000002006006000 8.50313 000001002000006002
1 8.50313 000001002000006002 2186460.0 007001000010010005
1 2186460.0 007001000010010005 460460.0 007001000003010005
1 460460.0 007001000003010005 8.50313 000001002000006002
1 8.50313 000001002000006002 1412890.0 003001001006005004
1 1412890.0 003001001006005004 13059.4 003001001006003004
1 13059.4 003001001006003004 8.50313 000001002000006002
1 8.50313 000001002000006002 6611289.0 003001000006008000
1 6611289.0 003001000006008000 6611289.0 003001000006008000
1 6611289.0 003001000006008000 8.50313 000001002000006002
1 8.50313 000001002000006002 3160080.0 000003000000010008
1 3160080.0 000003000000010008 2755420.0 000003001000010008
1 2755420.0 000003001000010008 8.50313 000001002000006002
1 8.50313 000001002000006002 57151900.0 012002000005004002
1 57151900.0 012002000005004002 10391.1 012002000009004002
1 10391.1 012002000009004002 8.50313 000001002000006002
1 8.50313 000001002000006002 18510.4 000002000006010003
1 18510.4 000002000006010003 62.7252 000002000011010003
1 62.7252 000002000011010003 8.50313 000001002000006002
1 8.50313 000001002000006002 1249090.0 007001002007006008
1 1249090.0 007001002007006008 49507.9 007006002007006008
1 49507.9 007006002007006008 8.50313 000001002000006002
1 8.50313 000001002000006002 5572280.0 013004000000005006
1 5572280.0 013004000000005006 65.4034 013000000000005006
1 65.4034 013000000000005006 8.50313 000001002000006002
1 8.50313 000001002000006002 632210.0 003000000000006006
1 632210.0 003000000000006006 7428.81 003000002000006006
1 7428.81 003000002000006006 8.50313 000001002000006002
1 8.50313 000001002000006002 1550120.0 013001000000010005
1 1550120.0 013001000000010005 624594.0 013001000004010005
1 624594.0 013001000004010005 8.50313 000001002000006002
1 8.50313 000001002000006002 106.046 007001000006005005
1 106.046 007001000006005005 8.50313 000001002000006002
1 8.50313 000001002000006002 16.343 003001002000004005
1 16.343 003001002000004005 272369.0 003005000011005004
1 272369.0 003005000011005004 272369.0 003005000011005004
1 272369.0 003005000011005004 8.50313 000001002000006002
1 8.50313 000001002000006002 22795.6 000001001009005004
1 22795.6 000001001009005004 17616.5 018001001009005004
1 17616.5 018001001009005004 8.50313 000001002000006002
1 8.50313 000001002000006002 758013.0 020004002006004008
1 758013.0 020004002006004008 203.708 020004002006008008
1 203.708 020004002006008008 8.50313 000001002000006002
1 8.50313 000001002000006002 2329430.0 007004000001011003
1 2329430.0 007004000001011003 9933.49 007002000001011003
1 9933.49 007002000001011003 8.50313 000001002000006002
1 8.50313 000001002000006002 2833920.0 007001000006006004
1 2833920.0 007001000006006004 2833920.0 007001000006006004
1 2833920.0 007001000006006004 8.50313 000001002000006002
1 8.50313 000001002000006002 42428200.0 007001000006004003
1 42428200.0 007001000006004003 1317.69 007001000006011003
1 1317.69 007001000006011003 8.50313 000001002000006002
1 8.50313 000001002000006002 415362.0 000004000000006003
1 415362.0 000004000000006003 224853.0 000004000007006003
1 224853.0 000004000007006003 8.50313 000001002000006002
1 8.50313 000001002000006002 6974640.0 003004002006004001
1 6974640.0 003004002006004001 41043.0 003004002006005001
1 41043.0 003004002006005001 8.50313 000001002000006002
1 8.50313 000001002000006002 7049900.0 007004001006004003
1 7049900.0 007004001006004003 6848500.0 007004002006004003
1 6848500.0 007004002006004003 8.50313 000001002000006002
1 8.50313 000001002000006002 7561.63 009001001009004003
1 7561.63 009001001009004003 8.50313 000001002000006002
1 8.50313 000001002000006002 16.343 003001002000004005
1 16.343 003001002000004005 17381.8 000000002000010003
1 17381.8 000000002000010003 40.9017 000000002000009003
1 40.9017 000000002000009003 8.50313 000001002000006002
1 8.50313 000001002000006002 2742125.0 013000000000007003
1 2742125.0 013000000000007003 2742125.0 013000000000007003
1 2742125.0 013000000000007003 8.50313 000001002000006002
1 8.50313 000001002000006002 10553.7 005001001010010006
1 10553.7 005001001010010006 6104.97 004001001010010006
1 6104.97 004001001010010006 8.50313 000001002000006002
1 8.50313 000001002000006002 175505.0 000004000000009002
1 175505.0 000004000000009002 12147.9 000003000000009002
1 12147.9 000003000000009002 8.50313 000001002000006002
1 8.50313 000001002000006002 10460.2 001001002006005005
1 10460.2 001001002006005005 3216.86 002001002006005005
1 3216.86 002001002006005005 8.50313 000001002000006002
1 8.50313 000001002000006002 213538.0 003001002006006002
1 213538.0 003001002006006002 17682.5 003001002002006002
1 17682.5 003001002002006002 8.50313 000001002000006002
1 8.50313 000001002000006002 99.6635 002001000000009005
1 99.6635 002001000000009005 11.6442 002001000000005005
1 11.6442 002001000000005005 8.50313 000001002000006002
1 8.50313 000001002000006002 124038.0 000000002000011003
1 124038.0 000000002000011003 53.9125 000000000000011003
1 53.9125 000000000000011003 8.50313 000001002000006002
1 8.50313 000001002000006002 1806230.0 009004002006011003
1 1806230.0 009004002006011003 1523820.0 009004002006011008
1 1523820.0 009004002006011008 8.50313 000001002000006002
1 8.50313 000001002000006002 24.4102 002004000009008005
1 24.4102 002004000009008005 8.50313 000001002000006002
1 8.50313 000001002000006002 11.6442 002001000000005005
1 11.6442 002001000000005005 196859.0 009004000005009001
1 196859.0 009004000005009001 19846.8 009004000005006001
1 19846.8 009004000005006001 8.50313 000001002000006002
1 8.50313 000001002000006002 291496000.0 000002000001007001
1 291496000.0 000002000001007001 4794180.0 000002000003007001
1 4794180.0 000002000003007001 8.50313 000001002000006002
1 8.50313 000001002000006002 12976.185 020001001000010005
1 12976.185 020001001000010005 12976.185 020001001000010005
1 12976.185 020001001000010005 8.50313 000001002000006002
1 8.50313 000001002000006002 43.7348 003005002006010006
1 43.7348 003005002006010006 43.7348 003005002006010006
1 43.7348 003005002006010006 8.50313 000001002000006002
1 8.50313 000001002000006002 40.6863 000005001010008005
1 40.6863 000005001010008005 8.50313 000001002000006002
1 8.50313 000001002000006002 11.6442 002001000000005005
1 11.6442 002001000000005005 518.58 003001002009004003
1 518.58 003001002009004003 137.729 003001002009012003
1 137.729 003001002009012003 8.50313 000001002000006002
1 8.50313 000001002000006002 28.5845 005005000005004001
1 28.5845 005005000005004001 8.50313 000001002000006002
1 8.50313 000001002000006002 11.6442 002001000000005005
1 11.6442 002001000000005005 2753230.0 009001000000010003
1 2753230.0 009001000000010003 12104.2 009001000000000003
1 12104.2 009001000000000003 8.50313 000001002000006002
1 8.50313 000001002000006002 799777.0 000001000000006003
1 799777.0 000001000000006003 4066.57 000000000000006003
1 4066.57 000000000000006003 8.50313 000001002000006002
1 8.50313 000001002000006002 2186460.0 007001000010010005
1 2186460.0 007001000010010005 383170.0 007000000010010005
1 383170.0 007000000010010005 8.50313 000001002000006002
1 8.50313 000001002000006002 440810.0 000004000000009005
1 440810.0 000004000000009005 438678.0 000004000000007005
1 438678.0 000004000000007005 8.50313 000001002000006002
1 8.50313 000001002000006002 1578880.0 007001001006007005
1 1578880.0 007001001006007005 10178.3 007001002006007005
1 10178.3 007001002006007005 8.50313 000001002000006002
1 8.50313 000001002000006002 14289800.0 003001002000005001
1 14289800.0 003001002000005001 268330.0 003001002005005001
1 268330.0 003001002005005001 8.50313 000001002000006002
1 8.50313 000001002000006002 168073.0 000005002009005000
1 168073.0 000005002009005000 49452.6 013005002009005000
1 49452.6 013005002009005000 8.50313 000001002000006002
1 8.50313 000001002000006002 144880.0 000001001010010003
1 144880.0 000001001010010003 8.50313 000001002000006002
1 8.50313 000001002000006002 11.6442 002001000000005005
1 11.6442 002001000000005005 40613.3 000005002005006000
1 40613.3 000005002005006000 14248.1 000005002006006000
1 14248.1 000005002006006000 8.50313 000001002000006002
1 8.50313 000001002000006002 745984.0 000001001002005005
1 745984.0 000001001002005005 7665.06 008001001002005005
1 7665.06 008001001002005005 8.50313 000001002000006002
1 8.50313 000001002000006002 7098470000.0 013004001000005003
1 7098470000.0 013004001000005003 165934000.0 013004001000004003
1 165934000.0 013004001000004003 8.50313 000001002000006002
1 8.50313 000001002000006002 43.6641 002005001006010005
1 43.6641 002005001006010005 8.50313 000001002000006002
1 8.50313 000001002000006002 11.6442 002001000000005005
1 11.6442 002001000000005005 8642300.0 007001001005010003
1 8642300.0 007001001005010003 8037.46 007001001005010008
1 8037.46 007001001005010008 8.50313 000001002000006002
1 8.50313 000001002000006002 25149.4 007001002005010003
1 25149.4 007001002005010003 136.884 007001000005010003
1 136.884 007001000005010003 8.50313 000001002000006002
1 8.50313 000001002000006002 3316210.0 002001002010010000
1 3316210.0 002001002010010000 2054180.0 002001002007010000
1 2054180.0 002001002007010000 8.50313 000001002000006002
1 8.50313 000001002000006002 655934.0 007004000000010002
1 655934.0 007004000000010002 37912.0 007002000000010002
1 37912.0 007002000000010002 8.50313 000001002000006002
1 8.50313 000001002000006002 316459.0 000005002009008002
1 316459.0 000005002009008002 12509.4 000003002009008002
1 12509.4 000003002009008002 8.50313 000001002000006002
1 8.50313 000001002000006002 1334700.0 000001000005010005
1 1334700.0 000001000005010005 316843.0 000001000005010002
1 316843.0 000001000005010002 8.50313 000001002000006002
1 8.50313 000001002000006002 57283400.0 020001001005008003
1 57283400.0 020001001005008003 10420.8 006001001005008003
1 10420.8 006001001005008003 8.50313 000001002000006002
1 8.50313 000001002000006002 11733.5 007001002006008005
1 11733.5 007001002006008005 8.50313 000001002000006002
1 8.50313 000001002000006002 11.6442 002001000000005005
1 11.6442 002001000000005005 592664.0 003001000000011004
1 592664.0 003001000000011004 324476.0 001001000000011004
1 324476.0 001001000000011004 8.50313 000001002000006002
1 8.50313 000001002000006002 15017900000.0 009006002000006003
1 15017900000.0 009006002000006003 448455000.0 009006002004006003
1 448455000.0 009006002004006003 8.50313 000001002000006002
2 8.50313 000001002000006002 35339.0 014006001009012000
2 35339.0 014006001009012000 10216.7 014006001009012002
2 10216.7 014006001009012002 71.5991 001004000006009003
2 71.5991 001004000006009003 135024.9185 013002000005009003
2 135024.9185 013002000005009003 135024.9185 013002000005009003
2 135024.9185 013002000005009003 71.5991 001004000006009003
2 71.5991 001004000006009003 6781.64 000005002005003000
2 6781.64 000005002005003000 93.4575 000005002005010000
2 93.4575 000005002005010000 71.5991 001004000006009003
2 71.5991 001004000006009003 97350200.0 014004002002002004
2 97350200.0 014004002002002004 7893.72 001004002002002004
2 7893.72 001004002002002004 71.5991 001004000006009003
2 71.5991 001004000006009003 745450.0 002002001007012001
2 745450.0 002002001007012001 41474.2 013002001007012001
2 41474.2 013002001007012001 71.5991 001004000006009003
2 71.5991 001004000006009003 11950.6 000001001002002002
2 11950.6 000001001002002002 9.2438 000001001001002002
2 9.2438 000001001001002002 71.5991 001004000006009003
2 71.5991 001004000006009003 312638000.0 000003000003002002
2 312638000.0 000003000003002002 17108.0 000002000003002002
2 17108.0 000002000003002002 9.2438 000001001001002002
2 9.2438 000001001001002002 10582.2 002001002005012004
2 10582.2 002001002005012004 9.2438 000001001001002002
2 9.2438 000001001001002002 71.5991 001004000006009003
2 71.5991 001004000006009003 24995.7 005001001006001004
2 24995.7 005001001006001004 9.2438 000001001001002002
2 9.2438 000001001001002002 71.5991 001004000006009003
2 71.5991 001004000006009003 3883730.0 012001000005012003
2 3883730.0 012001000005012003 224049.0 002001000005012003
2 224049.0 002001000005012003 9.2438 000001001001002002
2 9.2438 000001001001002002 17397000.0 014005000004005000
2 17397000.0 014005000004005000 1542.84 014005000004005003
2 1542.84 014005000004005003 9.2438 000001001001002002
2 9.2438 000001001001002002 722271.0 000001001005007002
2 722271.0 000001001005007002 18309.6 005001001005007002
2 18309.6 005001001005007002 9.2438 000001001001002002
2 9.2438 000001001001002002 802693.0 001001002011004003
2 802693.0 001001002011004003 293244.0 001004002011004003
2 293244.0 001004002011004003 9.2438 000001001001002002
2 9.2438 000001001001002002 568176.0 000001001009000004
2 568176.0 000001001009000004 407623.0 000001001009000005
2 407623.0 000001001009000005 9.2438 000001001001002002
2 9.2438 000001001001002002 12818300000.0 013003002005002001
2 12818300000.0 013003002005002001 38508.8 013003002005002004
2 38508.8 013003002005002004 9.2438 000001001001002002
2 9.2438 000001001001002002 10632.6 001004001005000003
2 10632.6 001004001005000003 9.2438 000001001001002002
2 9.2438 000001001001002002 71.5991 001004000006009003
2 71.5991 001004000006009003 62169000.0 011000002005010001
2 62169000.0 011000002005010001 62169000.0 011000002005010001
2 62169000.0 011000002005010001 9.2438 000001001001002002
2 9.2438 000001001001002002 23241400.0 014002000005000004
2 23241400.0 014002000005000004 15097.9 014002000004000004
2 15097.9 014002000004000004 9.2438 000001001001002002
2 9.2438 000001001001002002 1943880.0 000001000006000005
2 1943880.0 000001000006000005 1438850.0 002001000006000005
2 1438850.0 002001000006000005 9.2438 000001001001002002
2 9.2438 000001001001002002 22795.6 000001001009005004
2 22795.6 000001001009005004 22795.6 000001001009005004
2 22795.6 000001001009005004 9.2438 000001001001002002
2 9.2438 000001001001002002 310254.0 002001001009010001
2 310254.0 002001001009010001 43512.9 012001001009010001
2 43512.9 012001001009010001 9.2438 000001001001002002
2 9.2438 000001001001002002 76.9698 000001000002005002
2 76.9698 000001000002005002 76.9698 000001000002005002
2 76.9698 000001000002005002 9.2438 000001001001002002
2 9.2438 000001001001002002 18252.2 005001001005005003
2 18252.2 005001001005005003 9.2438 000001001001002002
2 9.2438 000001001001002002 76.9698 000001000002005002
2 76.9698 000001000002005002 12393000.0 005001000005010003
2 12393000.0 005001000005010003 4120270.0 005001000005010008
2 4120270.0 005001000005010008 9.2438 000001001001002002
2 9.2438 000001001001002002 213196000.0 020002002011000003
2 213196000.0 020002002011000003 18250.9 020000002011000003
2 18250.9 020000002011000003 9.2438 000001001001002002
2 9.2438 000001001001002002 260485.0 000001001008005002
2 260485.0 000001001008005002 260485.0 000001001008005002
2 260485.0 000001001008005002 9.2438 000001001001002002
2 9.2438 000001001001002002 33993100.0 011002001011000002
2 33993100.0 011002001011000002 38698.9 011002001005000002
2 38698.9 011002001005000002 9.2438 000001001001002002
2 9.2438 000001001001002002 8527520000.0 013004000006002001
2 8527520000.0 013004000006002001 13642.2 013004000006004001
2 13642.2 013004000006004001 9.2438 000001001001002002
2 9.2438 000001001001002002 20947.0 004001000006002002
2 20947.0 004001000006002002 20947.0 004001000006002002
2 20947.0 004001000006002002 9.2438 000001001001002002
2 9.2438 000001001001002002 114.847 000000001006002003
2 114.847 000000001006002003 9.2438 000001001001002002
2 9.2438 000001001001002002 76.9698 000001000002005002
2 76.9698 000001000002005002 1817610.0 004002001009005002
2 1817610.0 004002001009005002 988115.0 004002001009008002
2 988115.0 004002001009008002 9.2438 000001001001002002
2 9.2438 000001001001002002 82694.2 004002002005002002
2 82694.2 004002002005002002 2679.44 000002002005002002
2 2679.44 000002002005002002 9.2438 000001001001002002
2 9.2438 000001001001002002 364462.0 000001002009004004
2 364462.0 000001002009004004 220422.0 000001002010004004
2 220422.0 000001002010004004 9.2438 000001001001002002
2 9.2438 000001001001002002 919004000.0 006002002009011004
2 919004000.0 006002002009011004 1244820.0 006002001009011004
2 1244820.0 006002001009011004 9.2438 000001001001002002
2 9.2438 000001001001002002 184897000.0 014002002008000002
2 184897000.0 014002002008000002 194.434 014002002003000002
2 194.434 014002002003000002 9.2438 000001001001002002
2 9.2438 000001001001002002 32829.3 003001001005002002
2 32829.3 003001001005002002 166.792 003005001005002002
2 166.792 003005001005002002 9.2438 000001001001002002
2 9.2438 000001001001002002 9202750000.0 020001002011000004
2 9202750000.0 020001002011000004 8597.92 020001002011010004
2 8597.92 020001002011010004 9.2438 000001001001002002
2 9.2438 000001001001002002 905246.0 000001002005012002
2 905246.0 000001002005012002 477711.0 000001002005007002
2 477711.0 000001002005007002 9.2438 000001001001002002
2 9.2438 000001001001002002 46141.6 005005001006012000
2 46141.6 005005001006012000 37923.2 005005001002012000
2 37923.2 005005001002012000 9.2438 000001001001002002
2 9.2438 000001001001002002 39626.9 013001001006008000
2 39626.9 013001001006008000 32129.4 013001001006005000
2 32129.4 013001001006005000 9.2438 000001001001002002
2 9.2438 000001001001002002 6633.88 003002002005009002
2 6633.88 003002002005009002 3600.69 003002002005011002
2 3600.69 003002002005011002 9.2438 000001001001002002
2 9.2438 000001001001002002 14386.4 000004002001012004
2 14386.4 000004002001012004 2.71241 000004002001004004
2 2.71241 000004002001004004 9.2438 000001001001002002
2 9.2438 000001001001002002 535570.0 000005002006009004
2 535570.0 000005002006009004 61.8831 000005002004009004
2 61.8831 000005002004009004 2.71241 000004002001004004
2 2.71241 000004002001004004 14322039.8 005002001006008003
2 14322039.8 005002001006008003 14322039.8 005002001006008003
2 14322039.8 005002001006008003 2.71241 000004002001004004
2 2.71241 000004002001004004 29654.6 001001000005000002
2 29654.6 001001000005000002 2.71241 000004002001004004
2 2.71241 000004002001004004 9.2438 000001001001002002
2 9.2438 000001001001002002 154086000.0 013002001006005000
2 154086000.0 013002001006005000 41062.0 013000001006005000
2 41062.0 013000001006005000 2.71241 000004002001004004
2 2.71241 000004002001004004 10092300000.0 014002002011009002
2 10092300000.0 014002002011009002 131228000.0 015002002011009002
2 131228000.0 015002002011009002 2.71241 000004002001004004
2 2.71241 000004002001004004 176137000.0 013005001001005004
2 176137000.0 013005001001005004 26338.4 016005001001005004
2 26338.4 016005001001005004 2.71241 000004002001004004
2 2.71241 000004002001004004 144312000.0 020001000005000002
2 144312000.0 020001000005000002 2175180.0 020001000005009002
2 2175180.0 020001000005009002 2.71241 000004002001004004
2 2.71241 000004002001004004 81604500.0 014002000002000003
2 81604500.0 014002000002000003 29783.9 014002002002000003
2 29783.9 014002002002000003 2.71241 000004002001004004
2 2.71241 000004002001004004 5277.62 010005000004002003
2 5277.62 010005000004002003 1008.89 010005000004002008
2 1008.89 010005000004002008 2.71241 000004002001004004
2 2.71241 000004002001004004 4561010.0 005001000004004002
2 4561010.0 005001000004004002 4561010.0 005001000004004002
2 4561010.0 005001000004004002 2.71241 000004002001004004
2 2.71241 000004002001004004 7639180000.0 002001000003004000
2 7639180000.0 002001000003004000 5646.94 002001001003004000
2 5646.94 002001001003004000 2.71241 000004002001004004
2 2.71241 000004002001004004 13329.0 000001002006000000
2 13329.0 000001002006000000 1801.28 000001002007000000
2 1801.28 000001002007000000 2.71241 000004002001004004
2 2.71241 000004002001004004 199433.0 000002001006010004
2 199433.0 000002001006010004 17206.7 000002001006001004
2 17206.7 000002001006001004 2.71241 000004002001004004
2 2.71241 000004002001004004 267679.0 002004002001012004
2 267679.0 002004002001012004 6454.93 002004000001012004
2 6454.93 002004000001012004 2.71241 000004002001004004
2 2.71241 000004002001004004 458376.0 000001000001008002
2 458376.0 000001000001008002 7725.98 020001000001008002
2 7725.98 020001000001008002 2.71241 000004002001004004
2 2.71241 000004002001004004 4614.14 014001001004004003
2 4614.14 014001001004004003 4244.31 014001001004004006
2 4244.31 014001001004004006 2.71241 000004002001004004
2 2.71241 000004002001004004 181098.5 000001001001012003
2 181098.5 000001001001012003 181098.5 000001001001012003
2 181098.5 000001001001012003 2.71241 000004002001004004
2 2.71241 000004002001004004 638414.0 000005000001005003
2 638414.0 000005000001005003 48.4896 000005000001005005
2 48.4896 000005000001005005 2.71241 000004002001004004
2 2.71241 000004002001004004 111.388 000001001006004002
2 111.388 000001001006004002 1.22932 000001001006003002
2 1.22932 000001001006003002 2.71241 000004002001004004
2 2.71241 000004002001004004 382901000.0 010002002003005002
2 382901000.0 010002002003005002 39924700.0 010001002003005002
2 39924700.0 010001002003005002 1.22932 000001001006003002
2 1.22932 000001001006003002 160344066.56 020001002011000002
2 160344066.56 020001002011000002 160344066.56 020001002011000002
2 160344066.56 020001002011000002 1.22932 000001001006003002
2 1.22932 000001001006003002 239968.0 000002000005005003
2 239968.0 000002000005005003 195950.0 000002000005012003
2 195950.0 000002000005012003 1.22932 000001001006003002
2 1.22932 000001001006003002 4225640000.0 014005002004010003
2 4225640000.0 014005002004010003 23176.3 014003002004010003
2 23176.3 014003002004010003 1.22932 000001001006003002
2 1.22932 000001001006003002 8548400000.0 010002000006000004
2 8548400000.0 010002000006000004 13066500.0 010002000011000004
2 13066500.0 010002000011000004 1.22932 000001001006003002
2 1.22932 000001001006003002 265746000.0 020001001001004002
2 265746000.0 020001001001004002 34434.7 020001001002004002
2 34434.7 020001001002004002 1.22932 000001001006003002
2 1.22932 000001001006003002 360566.0 001002002000005002
2 360566.0 001002002000005002 25545.7 005002002000005002
2 25545.7 005002002000005002 1.22932 000001001006003002
2 1.22932 000001001006003002 4397261375.35 014001002002002000
2 4397261375.35 014001002002002000 4397261375.35 014001002002002000
2 4397261375.35 014001002002002000 1.22932 000001001006003002
2 1.22932 000001001006003002 1646390.0 001001001004002000
2 1646390.0 001001001004002000 2175.6 001001001010002000
2 2175.6 001001001010002000 1.22932 000001001006003002
2 1.22932 000001001006003002 76642900.0 014002001011002003
2 76642900.0 014002001011002003 24446.4 014002002011002003
2 24446.4 014002002011002003 1.22932 000001001006003002
2 1.22932 000001001006003002 202678000.0 011004002004000003
2 202678000.0 011004002004000003 56683.2 011004002004005003
2 56683.2 011004002004005003 1.22932 000001001006003002
2 1.22932 000001001006003002 242943.0 000004000004005003
2 242943.0 000004000004005003 181294.0 000004000005005003
2 181294.0 000004000005005003 1.22932 000001001006003002
2 1.22932 000001001006003002 13298.0 003004001002002004
2 13298.0 003004001002002004 59.1117 003004001002002006
2 59.1117 003004001002002006 1.22932 000001001006003002
2 1.22932 000001001006003002 12945500000.0 010005001001004004
2 12945500000.0 010005001001004004 8090810000.0 010005001001004002
2 8090810000.0 010005001001004002 1.22932 000001001006003002
2 1.22932 000001001006003002 24393.4 000004001005002002
2 24393.4 000004001005002002 1.22932 000001001006003002
2 1.22932 000001001006003002 2.71241 000004002001004004
2 2.71241 000004002001004004 203359000.0 003002002002000003
2 203359000.0 003002002002000003 2682500.0 003002002002008003
2 2682500.0 003002002002008003 1.22932 000001001006003002
2 1.22932 000001001006003002 6571820000.0 020004001005010002
2 6571820000.0 020004001005010002 12752.7 020004001005010006
2 12752.7 020004001005010006 1.22932 000001001006003002
2 1.22932 000001001006003002 12597.175 000001001006009004
2 12597.175 000001001006009004 12597.175 000001001006009004
2 12597.175 000001001006009004 1.22932 000001001006003002
2 1.22932 000001001006003002 120886.0 000002001003005003
2 120886.0 000002001003005003 93.8897 000002001003002003
2 93.8897 000002001003002003 1.22932 000001001006003002
2 1.22932 000001001006003002 1391760.0 002001002005009000
2 1391760.0 002001002005009000 150890.0 002001002010009000
2 150890.0 002001002010009000 1.22932 000001001006003002
2 1.22932 000001001006003002 854246.0 005004001010003004
2 854246.0 005004001010003004 176.307 005004001004003004
2 176.307 005004001004003004 1.22932 000001001006003002
2 1.22932 000001001006003002 9.2438 000001001001002002
2 9.2438 000001001001002002 1.22932 000001001006003002
2 1.22932 000001001006003002 2.71241 000004002001004004
2 2.71241 000004002001004004 226841.0 000001001001012004
2 226841.0 000001001001012004 47619.0 015001001001012004
2 47619.0 015001001001012004 1.22932 000001001006003002
2 1.22932 000001001006003002 13897000.0 003001000004002003
2 13897000.0 003001000004002003 7970840.0 003004000004002003
2 7970840.0 003004000004002003 1.22932 000001001006003002
2 1.22932 000001001006003002 55.3324 000002002002002003
2 55.3324 000002002002002003 55.3324 000002002002002003
2 55.3324 000002002002002003 1.22932 000001001006003002
2 1.22932 000001001006003002 217668.0 000005001011009006
2 217668.0 000005001011009006 11681.1 000005001011007006
2 11681.1 000005001011007006 1.22932 000001001006003002
2 1.22932 000001001006003002 975627.0 000005002004002003
2 975627.0 000005002004002003 40.7166 000005002004012003
2 40.7166 000005002004012003 1.22932 000001001006003002
2 1.22932 000001001006003002 10377400000.0 010002001001004003
2 10377400000.0 010002001001004003 137077000.0 018002001001004003
2 137077000.0 018002001001004003 1.22932 000001001006003002
2 1.22932 000001001006003002 56.8758 013001000005004003
2 56.8758 013001000005004003 1.22932 000001001006003002
2 1.22932 000001001006003002 2.71241 000004002001004004
2 2.71241 000004002001004004 710963.0 001002001004000000
2 710963.0 001002001004000000 487.129 001002001002000000
2 487.129 001002001002000000 1.22932 000001001006003002
2 1.22932 000001001006003002 3682900000.0 014001001004009003
2 3682900000.0 014001001004009003 2784930000.0 014001001004009004
2 2784930000.0 014001001004009004 1.22932 000001001006003002
2 1.22932 000001001006003002 874718.0 000001001005002002
2 874718.0 000001001005002002 167542.0 000001001005010002
2 167542.0 000001001005010002 1.22932 000001001006003002
2 1.22932 000001001006003002 694976000.0 014006002003004002
2 694976000.0 014006002003004002 110482.0 001006002003004002
2 110482.0 001006002003004002 1.22932 000001001006003002
2 1.22932 000001001006003002 1238070.0 000001001001009002
2 1238070.0 000001001001009002 247944.0 000001001010009002
2 247944.0 000001001010009002 1.22932 000001001006003002
2 1.22932 000001001006003002 942899.0 000005002002009002
2 942899.0 000005002002009002 8215.26 005005002002009002
2 8215.26 005005002002009002 1.22932 000001001006003002
2 1.22932 000001001006003002 4614.14 014001001004004003
2 4614.14 014001001004004003 4614.14 014001001004004003
2 4614.14 014001001004004003 1.22932 000001001006003002
2 1.22932 000001001006003002 4001850.0 005005000006003003
2 4001850.0 005005000006003003 2781290.0 005005000006008003
2 2781290.0 005005000006008003 1.22932 000001001006003002
2 1.22932 000001001006003002 139588.0 001004001006008000
2 139588.0 001004001006008000 35600.6 001004001011008000
2 35600.6 001004001011008000 1.22932 000001001006003002
2 1.22932 000001001006003002 706446.0 000001002003005000
2 706446.0 000001002003005000 41.3706 000001002003005008
2 41.3706 000001002003005008 1.22932 000001001006003002
2 1.22932 000001001006003002 922135.0 000005001001009006
2 922135.0 000005001001009006 75.4313 000005001005009006
2 75.4313 000005001005009006 1.22932 000001001006003002
2 1.22932 000001001006003002 218962.0 000005000004008000
2 218962.0 000005000004008000 182992.0 000005000004008001
2 182992.0 000005000004008001 1.22932 000001001006003002
2 1.22932 000001001006003002 2526570.0 003001001004012002
2 2526570.0 003001001004012002 203151.0 003001001004007002
2 203151.0 003001001004007002 1.22932 000001001006003002
2 1.22932 000001001006003002 2753.3 010004001004009004
2 2753.3 010004001004009004 50.937 003004001004009004
2 50.937 003004001004009004 1.22932 000001001006003002
2 1.22932 000001001006003002 76063800.0 005002000006003002
2 76063800.0 005002000006003002 3363970.0 005002000006008002
2 3363970.0 005002000006008002 1.22932 000001001006003002
2 1.22932 000001001006003002 831934000.0 010001002007008004
2 831934000.0 010001002007008004 4630960.0 010001002007008008
2 4630960.0 010001002007008008 1.22932 000001001006003002
2 1.22932 000001001006003002 304126000.0 014001000002000003
2 304126000.0 014001000002000003 304126000.0 014001000002000003
2 304126000.0 014001000002000003 1.22932 000001001006003002
2 1.22932 000001001006003002 3253590.0 000001000003002004
2 3253590.0 000001000003002004 2210380.0 000004000003002004
2 2210380.0 000004000003002004 1.22932 000001001006003002
2 1.22932 000001001006003002 419271.0 000001001005005006
2 419271.0 000001001005005006 186438.0 000001001005005004
2 186438.0 000001001005005004 1.22932 000001001006003002
2 1.22932 000001001006003002 1036220.0 003002000004005003
2 1036220.0 003002000004005003 21942.1 003002000004000003
2 21942.1 003002000004000003 1.22932 000001001006003002
2 1.22932 000001001006003002 61321900.0 013001001005009002
2 61321900.0 013001001005009002 61318900.0 013001001005009001
2 61318900.0 013001001005009001 1.22932 000001001006003002
2 1.22932 000001001006003002 16444400000.0 014004002002002000
2 16444400000.0 014004002002002000 57062400.0 014004002002007000
2 57062400.0 014004002002007000 1.22932 000001001006003002
2 1.22932 000001001006003002 2919640.0 014002001001005008
2 2919640.0 014002001001005008 714.137 014004001001005008
2 714.137 014004001001005008 1.22932 000001001006003002
2 1.22932 000001001006003002 40.5351 000001000006008003
2 40.5351 000001000006008003 40.5351 000001000006008003
2 40.5351 000001000006008003 1.22932 000001001006003002
2 1.22932 000001001006003002 1.08412 000004001004003002
2 1.08412 000004001004003002 1.22932 000001001006003002
2 1.22932 000001001006003002 2.71241 000004002001004004
2 2.71241 000004002001004004 12967.1 005001000006000003
2 12967.1 005001000006000003 1.08412 000004001004003002
2 1.08412 000004001004003002 1.22932 000001001006003002
2 1.22932 000001001006003002 464666.0 000002000004004002
2 464666.0 000002000004004002 8868.46 000002000002004002
2 8868.46 000002000002004002 1.08412 000004001004003002
2 1.08412 000004001004003002 20071.1 005004002001002003
2 20071.1 005004002001002003 12312.4 005004002001006003
2 12312.4 005004002001006003 1.08412 000004001004003002
2 1.08412 000004001004003002 196812000.0 003005001005000002
2 196812000.0 003005001005000002 17421900.0 003005001005000001
2 17421900.0 003005001005000001 1.08412 000004001004003002
2 1.08412 000004001004003002 78.4622 000002002004008003
2 78.4622 000002002004008003 1.08412 000004001004003002
2 1.08412 000004001004003002 1.22932 000001001006003002
2 1.22932 000001001006003002 63506.8 005002002001009002
2 63506.8 005002002001009002 25097.1 005002000001009002
2 25097.1 005002000001009002 1.08412 000004001004003002
2 1.08412 000004001004003002 51480.4 003004002001004002
2 51480.4 003004002001004002 403.396 003004002010004002
2 403.396 003004002010004002 1.08412 000004001004003002
2 1.08412 000004001004003002 6300550000.0 000002000001003002
2 6300550000.0 000002000001003002 1358700.0 000002001001003002
2 1358700.0 000002001001003002 1.08412 000004001004003002
2 1.08412 000004001004003002 25104.1 000004001005005003
2 25104.1 000004001005005003 22446.7 007004001005005003
2 22446.7 007004001005005003 1.08412 000004001004003002
2 1.08412 000004001004003002 283787.0 000002000004009003
2 283787.0 000002000004009003 13260.2 000002002004009003
2 13260.2 000002002004009003 1.08412 000004001004003002
2 1.08412 000004001004003002 9122.25 000005002006004002
2 9122.25 000005002006004002 6043.39 000005002001004002
2 6043.39 000005002001004002 1.08412 000004001004003002
2 1.08412 000004001004003002 14108.2 000001001001005000
2 14108.2 000001001001005000 9612.24 000004001001005000
2 9612.24 000004001001005000 1.08412 000004001004003002
2 1.08412 000004001004003002 56803400.0 010004001003002004
2 56803400.0 010004001003002004 45019.6 010003001003002004
2 45019.6 010003001003002004 1.08412 000004001004003002
2 1.08412 000004001004003002 428949.0 002004001004004006
2 428949.0 002004001004004006 12286.2 001004001004004006
2 12286.2 001004001004004006 1.08412 000004001004003002
2 1.08412 000004001004003002 35820600.0 020001001006009003
2 35820600.0 020001001006009003 4151580.0 020001001006009008
2 4151580.0 020001001006009008 1.08412 000004001004003002
2 1.08412 000004001004003002 1774480.0 014005002004004008
2 1774480.0 014005002004004008 27062.9 014005002004004000
2 27062.9 014005002004004000 1.08412 000004001004003002
2 1.08412 000004001004003002 704605.0 000000001004004003
2 704605.0 000000001004004003 168504.0 000000001004008003
2 168504.0 000000001004008003 1.08412 000004001004003002
2 1.08412 000004001004003002 7709160.0 005001002006009003
2 7709160.0 005001002006009003 24573.9 005001002006004003
2 24573.9 005001002006004003 1.08412 000004001004003002
2 1.08412 000004001004003002 7459.19 000001001001005003
2 7459.19 000001001001005003 98.4068 000003001001005003
2 98.4068 000003001001005003 1.08412 000004001004003002
2 1.08412 000004001004003002 12597.175 000001001006009004
2 12597.175 000001001006009004 37258.4 011001001006009004
2 37258.4 011001001006009004 1.08412 000004001004003002
2 1.08412 000004001004003002 3190630.0 001001001001005003
2 3190630.0 001001001001005003 412480.0 001001001001006003
2 412480.0 001001001001006003 1.08412 000004001004003002
2 1.08412 000004001004003002 570630.0 000001001001005004
2 570630.0 000001001001005004 458353.0 000001001001005008
2 458353.0 000001001001005008 1.08412 000004001004003002
2 1.08412 000004001004003002 228391.0 000000002006002002
2 228391.0 000000002006002002 20583.5 000000002006002004
2 20583.5 000000002006002004 1.08412 000004001004003002
2 1.08412 000004001004003002 367450.225 000001001001000000
2 367450.225 000001001001000000 6.73319 000001001001010000
2 6.73319 000001001001010000 1.08412 000004001004003002
2 1.08412 000004001004003002 6709880000.0 014001001004004002
2 6709880000.0 014001001004004002 51527.9 014003001004004002
2 51527.9 014003001004004002 1.08412 000004001004003002
2 1.08412 000004001004003002 2511640000.0 020001000004005002
2 2511640000.0 020001000004005002 5596.61 020001000002005002
2 5596.61 020001000002005002 1.08412 000004001004003002
2 1.08412 000004001004003002 342737.0 000001000006004004
2 342737.0 000001000006004004 35.4115 000001000006009004
2 35.4115 000001000006009004 1.08412 000004001004003002
2 1.08412 000004001004003002 23632.2 000004001007009006
2 23632.2 000004001007009006 2.55712 000002001007009006
2 2.55712 000002001007009006 1.08412 000004001004003002
2 1.08412 000004001004003002 9746190.0 003005001004000003
2 9746190.0 003005001004000003 131.245 001005001004000003
2 131.245 001005001004000003 1.08412 000004001004003002
2 1.08412 000004001004003002 227341.0 000002001004008004
2 227341.0 000002001004008004 1.08412 000004001004003002
2 1.08412 000004001004003002 1.22932 000001001006003002
2 1.22932 000001001006003002 287936.0 000005001004002003
2 287936.0 000005001004002003 214955.0 000005001004002005
2 214955.0 000005001004002005 1.08412 000004001004003002
2 1.08412 000004001004003002 3566780000.0 010005001003012002
2 3566780000.0 010005001003012002 22025800.0 010004001003012002
2 22025800.0 010004001003012002 1.08412 000004001004003002
2 1.08412 000004001004003002 2956.87 000001002001005004
2 2956.87 000001002001005004 68.0193 000004002001005004
2 68.0193 000004002001005004 1.08412 000004001004003002
2 1.08412 000004001004003002 31742.3 000002000006010000
2 31742.3 000002000006010000 1251.69 000002001006010000
2 1251.69 000002001006010000 1.08412 000004001004003002
2 1.08412 000004001004003002 481435.0 000004001006005003
2 481435.0 000004001006005003 481435.0 000004001006005003
2 481435.0 000004001006005003 1.08412 000004001004003002
2 1.08412 000004001004003002 757866.0 000003002002009003
2 757866.0 000003002002009003 26493.6 000003002008009003
2 26493.6 000003002008009003 1.08412 000004001004003002
2 1.08412 000004001004003002 2171090.0 003005001006005004
2 2171090.0 003005001006005004 151.555 003005001006009004
2 151.555 003005001006009004 1.08412 000004001004003002
2 1.08412 000004001004003002 225067.0 000001001003009003
2 225067.0 000001001003009003 53.8058 000001001012009003
2 53.8058 000001001012009003 1.08412 000004001004003002
2 1.08412 000004001004003002 2151700.0 000004002001000000
2 2151700.0 000004002001000000 649161.0 000004002002000000
2 649161.0 000004002002000000 1.08412 000004001004003002
2 1.08412 000004001004003002 26219.8 001001001005002003
2 26219.8 001001001005002003 8421.64 001005001005002003
2 8421.64 001005001005002003 1.08412 000004001004003002
2 1.08412 000004001004003002 129546.0 000004002003008004
2 129546.0 000004002003008004 78314.9 000006002003008004
2 78314.9 000006002003008004 1.08412 000004001004003002
2 1.08412 000004001004003002 13122.2 005002001002002003
2 13122.2 005002001002002003 7499.58 019002001002002003
2 7499.58 019002001002002003 1.08412 000004001004003002
2 1.08412 000004001004003002 9406.54 000002001005009008
2 9406.54 000002001005009008 7.97304 000002001008009008
2 7.97304 000002001008009008 1.08412 000004001004003002
2 1.08412 000004001004003002 10189.3 000005001005009002
2 10189.3 000005001005009002 1.08412 000004001004003002
2 1.08412 000004001004003002 1.22932 000001001006003002
2 1.22932 000001001006003002 16366.0 000002001006002003
2 16366.0 000002001006002003 720.065 000002001000002003
2 720.065 000002001000002003 1.08412 000004001004003002
2 1.08412 000004001004003002 920828.0 010001002002005006
2 920828.0 010001002002005006 1.08412 000004001004003002
2 1.08412 000004001004003002 1.22932 000001001006003002
2 1.22932 000001001006003002 938976.0 000005001001000002
2 938976.0 000005001001000002 435792.0 000005001001010002
2 435792.0 000005001001010002 1.08412 000004001004003002
2 1.08412 000004001004003002 155.743 000001001006000003
2 155.743 000001001006000003 28.5611 000001001006000002
2 28.5611 000001001006000002 1.08412 000004001004003002
2 1.08412 000004001004003002 25153.2 000001002001000002
2 25153.2 000001002001000002 66.9378 000001002001011002
2 66.9378 000001002001011002 1.08412 000004001004003002
2 1.08412 000004001004003002 2305.11 000005000005002002
2 2305.11 000005000005002002 85.1681 000005000005003002
2 85.1681 000005000005003002 1.08412 000004001004003002
2 1.08412 000004001004003002 885.083 005001000003003004
2 885.083 005001000003003004 53.0518 005001000003005004
2 53.0518 005001000003005004 1.08412 000004001004003002
2 1.08412 000004001004003002 18101.1 000003002006005003
2 18101.1 000003002006005003 1238.76 000003002006005002
2 1238.76 000003002006005002 1.08412 000004001004003002
2 1.08412 000004001004003002 1014510.0 001001001001005004
2 1014510.0 001001001001005004 7354.83 001000001001005004
2 7354.83 001000001001005004 1.08412 000004001004003002
2 1.08412 000004001004003002 8833.17 000002002001004002
2 8833.17 000002002001004002 214.215 000002002011004002
2 214.215 000002002011004002 1.08412 000004001004003002
2 1.08412 000004001004003002 3319608.0 003004001003009002
2 3319608.0 003004001003009002 3319608.0 003004001003009002
2 3319608.0 003004001003009002 1.08412 000004001004003002
2 1.08412 000004001004003002 630.104 000004000006009003
2 630.104 000004000006009003 20.3333 000001000006009003
2 20.3333 000001000006009003 1.08412 000004001004003002
2 1.08412 000004001004003002 701245.0 000001000005002003
2 701245.0 000001000005002003 24495.3 000001000005002001
2 24495.3 000001000005002001 1.08412 000004001004003002
2 1.08412 000004001004003002 2421940000.0 013002002006009006
2 2421940000.0 013002002006009006 18470.9 007002002006009006
2 18470.9 007002002006009006 1.08412 000004001004003002
2 1.08412 000004001004003002 155063.0 000001002005009000
2 155063.0 000001002005009000 136.656 000001002005009001
2 136.656 000001002005009001 1.08412 000004001004003002
2 1.08412 000004001004003002 72023.9 003001000003000003
2 72023.9 003001000003000003 102.586 003001000003000008
2 102.586 003001000003000008 1.08412 000004001004003002
2 1.08412 000004001004003002 426195.0 000001000007002003
2 426195.0 000001000007002003 130.404 000001000007002005
2 130.404 000001000007002005 1.08412 000004001004003002
2 1.08412 000004001004003002 2948330.0 000005000004009000
2 2948330.0 000005000004009000 892.224 000005000002009000
2 892.224 000005000002009000 1.08412 000004001004003002
2 1.08412 000004001004003002 184269.0 000005000006004002
2 184269.0 000005000006004002 2448.13 000005000006004000
2 2448.13 000005000006004000 1.08412 000004001004003002
2 1.08412 000004001004003002 5284440000.0 013004002006004002
2 5284440000.0 013004002006004002 16146.8 013004002006004004
2 16146.8 013004002006004004 1.08412 000004001004003002
2 1.08412 000004001004003002 664023.0 000001002001003003
2 664023.0 000001002001003003 24133.3 016001002001003003
2 24133.3 016001002001003003 1.08412 000004001004003002
2 1.08412 000004001004003002 408968.0 000001002006005003
2 408968.0 000001002006005003 8090.07 000001002006005000
2 8090.07 000001002006005000 1.08412 000004001004003002
2 1.08412 000004001004003002 1630.33 003004000006009008
2 1630.33 003004000006009008 1630.33 003004000006009008
2 1630.33 003004000006009008 1.08412 000004001004003002
2 1.08412 000004001004003002 6499830.0 003001000001005003
2 6499830.0 003001000001005003 2630.77 002001000001005003
2 2630.77 002001000001005003 1.08412 000004001004003002
2 1.08412 000004001004003002 740921.0 000004002005002004
2 740921.0 000004002005002004 333579.0 000004002003002004
2 333579.0 000004002003002004 1.08412 000004001004003002
2 1.08412 000004001004003002 1074040000.0 013002001011010004
2 1074040000.0 013002001011010004 7095660.0 013003001011010004
2 7095660.0 013003001011010004 1.08412 000004001004003002
2 1.08412 000004001004003002 580286.0 000002001006009002
2 580286.0 000002001006009002 252841.0 000003001006009002
2 252841.0 000003001006009002 1.08412 000004001004003002
2 1.08412 000004001004003002 367450.225 000001001001000000
2 367450.225 000001001001000000 195540.0 000001001001008000
2 195540.0 000001001001008000 1.08412 000004001004003002
2 1.08412 000004001004003002 1688430.0 003004000001004004
2 1688430.0 003004000001004004 104.775 003004000001011004
2 104.775 003004000001011004 1.08412 000004001004003002
2 1.08412 000004001004003002 1001583.5 000002000004011004
2 1001583.5 000002000004011004 1001583.5 000002000004011004
2 1001583.5 000002000004011004 1.08412 000004001004003002
2 1.08412 000004001004003002 231756.0 000004000006009002
2 231756.0 000004000006009002 18.1419 000002000006009002
2 18.1419 000002000006009002 1.08412 000004001004003002
2 1.08412 000004001004003002 992756.0 000001002002000002
2 992756.0 000001002002000002 376263.0 000001002010000002
2 376263.0 000001002010000002 1.08412 000004001004003002
2 1.08412 000004001004003002 248725.0 000001000006002002
2 248725.0 000001000006002002 189087.0 000001000011002002
2 189087.0 000001000011002002 1.08412 000004001004003002
2 1.08412 000004001004003002 4413660000.0 013001001006002004
2 4413660000.0 013001001006002004 23770.5 013001001011002004
2 23770.5 013001001011002004 1.08412 000004001004003002
2 1.08412 000004001004003002 971528.0 003005001004009004
2 971528.0 003005001004009004 30334.9 003005001004009005
2 30334.9 003005001004009005 1.08412 000004001004003002
2 1.08412 000004001004003002 222230.0 001002001004010002
2 222230.0 001002001004010002 182028.0 001002001005010002
2 182028.0 001002001005010002 1.08412 000004001004003002
2 1.08412 000004001004003002 6741.82 000004000006004003
2 6741.82 000004000006004003 93.7642 012004000006004003
2 93.7642 012004000006004003 1.08412 000004001004003002
2 1.08412 000004001004003002 6009390000.0 014003001005008003
2 6009390000.0 014003001005008003 4794590000.0 014001001005008003
2 4794590000.0 014001001005008003 1.08412 000004001004003002
2 1.08412 000004001004003002 34957300.0 000002000005000003
2 34957300.0 000002000005000003 66145.8 000001000005000003
2 66145.8 000001000005000003 1.08412 000004001004003002
2 1.08412 000004001004003002 8178.57 000005000006009006
2 8178.57 000005000006009006 82.6075 000005000003009006
2 82.6075 000005000003009006 1.08412 000004001004003002
2 1.08412 000004001004003002 478508.0 000001000005009002
2 478508.0 000001000005009002 213261.0 000001001005009002
2 213261.0 000001001005009002 1.08412 000004001004003002
2 1.08412 000004001004003002 292235.0 000001002002005002
2 292235.0 000001002002005002 246277.0 000001002002005000
2 246277.0 000001002002005000 1.08412 000004001004003002
2 1.08412 000004001004003002 437970.0 000004002005012003
2 437970.0 000004002005012003 368723.0 000006002005012003
2 368723.0 000006002005012003 1.08412 000004001004003002
2 1.08412 000004001004003002 549595.0 000005001006000004
2 549595.0 000005001006000004 83.2216 000005001006001004
2 83.2216 000005001006001004 1.08412 000004001004003002
2 1.08412 000004001004003002 414353.0 000005002005008002
2 414353.0 000005002005008002 252042.0 000005002005010002
2 252042.0 000005002005010002 1.08412 000004001004003002
2 1.08412 000004001004003002 201828.0 000002001001009000
2 201828.0 000002001001009000 185243.0 000000001001009000
2 185243.0 000000001001009000 1.08412 000004001004003002
2 1.08412 000004001004003002 22.4746 000004002007005006
2 22.4746 000004002007005006 1.08412 000004001004003002
2 1.08412 000004001004003002 1.22932 000001001006003002
2 1.22932 000001001006003002 112637000.0 000001000001000004
2 112637000.0 000001000001000004 100042.0 000006000001000004
2 100042.0 000006000001000004 1.08412 000004001004003002
2 1.08412 000004001004003002 92152900.0 005004000001001003
2 92152900.0 005004000001001003 587960.0 005004000001011003
2 587960.0 005004000001011003 1.08412 000004001004003002
2 1.08412 000004001004003002 4089350.0 003004000006000004
2 4089350.0 003004000006000004 438876.0 000004000006000004
2 438876.0 000004000006000004 1.08412 000004001004003002
3 1.08412 000004001004003002 4548150.0 008000002001012009
3 4548150.0 008000002001012009 1866810.0 008000002001004009
3 1866810.0 008000002001004009 6084.46 007003002009001000
3 6084.46 007003002009001000 84340100.0 013004001006007000
3 84340100.0 013004001006007000 12379.3 013005001006007000
3 12379.3 013005001006007000 6084.46 007003002009001000
3 6084.46 007003002009001000 124210.0 005006001006007001
3 124210.0 005006001006007001 72286.3 005006001006006001
3 72286.3 005006001006006001 6084.46 007003002009001000
3 6084.46 007003002009001000 24207.7 008001002004004000
3 24207.7 008001002004004000 17930.6 008001002009004000
3 17930.6 008001002009004000 6084.46 007003002009001000
3 6084.46 007003002009001000 307919000.0 013006001007003003
3 307919000.0 013006001007003003 8108.15 013006001007001003
3 8108.15 013006001007001003 6084.46 007003002009001000
3 6084.46 007003002009001000 1800990.0 002001000009005002
3 1800990.0 002001000009005002 11545.7 006001000009005002
3 11545.7 006001000009005002 6084.46 007003002009001000
3 6084.46 007003002009001000 14491.6 006003002009002001
3 14491.6 006003002009002001 10560.2 006003002002002001
3 10560.2 006003002002002001 6084.46 007003002009001000
3 6084.46 007003002009001000 48469.1 008002002000007004
3 48469.1 008002002000007004 6084.46 007003002009001000
3 6084.46 007003002009001000 8108.15 013006001007001003
3 8108.15 013006001007001003 36815700.0 013005000002004001
3 36815700.0 013005000002004001 36815700.0 013005000002004001
3 36815700.0 013005000002004001 6084.46 007003002009001000
3 6084.46 007003002009001000 120219000.0 006003001003003000
3 120219000.0 006003001003003000 42251.0 006003001003001000
3 42251.0 006003001003001000 6084.46 007003002009001000
3 6084.46 007003002009001000 1851550000.0 008000001008008000
3 1851550000.0 008000001008008000 27223400.0 008000001003008000
3 27223400.0 008000001003008000 6084.46 007003002009001000
3 6084.46 007003002009001000 1406650.0 002003001009001004
3 1406650.0 002003001009001004 3274.94 013003001009001004
3 3274.94 013003001009001004 6084.46 007003002009001000
3 6084.46 007003002009001000 59951.4 008003001000008003
3 59951.4 008003001000008003 29820.2 015003001000008003
3 29820.2 015003001000008003 3274.94 013003001009001004
3 3274.94 013003001009001004 1196870.0 001002000009007004
3 1196870.0 001002000009007004 21695.5 017002000009007004
3 21695.5 017002000009007004 3274.94 013003001009001004
3 3274.94 013003001009001004 59094300.0 002003000000008004
3 59094300.0 002003000000008004 1950620.0 002002000000008004
3 1950620.0 002002000000008004 3274.94 013003001009001004
3 3274.94 013003001009001004 1031.57 006003001000002009
3 1031.57 006003001000002009 27.0975 006003001011002009
3 27.0975 006003001011002009 3274.94 013003001009001004
3 3274.94 013003001009001004 15450000000.0 008006001000005002
3 15450000000.0 008006001000005002 10471800000.0 008002001000005002
3 10471800000.0 008002001000005002 27.0975 006003001011002009
3 27.0975 006003001011002009 1148890000.0 008003000008000000
3 1148890000.0 008003000008000000 29621.6 008003002008000000
3 29621.6 008003002008000000 27.0975 006003001011002009
3 27.0975 006003001011002009 1237440.0 002000002009011003
3 1237440.0 002000002009011003 172507.0 002005002009011003
3 172507.0 002005002009011003 27.0975 006003001011002009
3 27.0975 006003001011002009 2638590.0 002003001000004003
3 2638590.0 002003001000004003 853.119 002003001000008003
3 853.119 002003001000008003 27.0975 006003001011002009
3 27.0975 006003001011002009 45211900.0 011006001006001003
3 45211900.0 011006001006001003 46947.6 011006000006001003
3 46947.6 011006000006001003 27.0975 006003001011002009
3 27.0975 006003001011002009 66554600.0 012006001009012004
3 66554600.0 012006001009012004 42483.5 012006001009012000
3 42483.5 012006001009012000 27.0975 006003001011002009
3 27.0975 006003001011002009 50065.5 012002002009007000
3 50065.5 012002002009007000 42921.5 010002002009007000
3 42921.5 010002002009007000 27.0975 006003001011002009
3 27.0975 006003001011002009 146296000.0 002001000000004000
3 146296000.0 002001000000004000 10513100.0 002001000009004000
3 10513100.0 002001000009004000 27.0975 006003001011002009
3 27.0975 006003001011002009 3782916.4 008004001009005000
3 3782916.4 008004001009005000 3782916.4 008004001009005000
3 3782916.4 008004001009005000 27.0975 006003001011002009
3 27.0975 006003001011002009 5580661.9 012000000000002000
3 5580661.9 012000000000002000 5580661.9 012000000000002000
3 5580661.9 012000000000002000 27.0975 006003001011002009
3 27.0975 006003001011002009 6949624000.0 010006000000006003
3 6949624000.0 010006000000006003 6949624000.0 010006000000006003
3 6949624000.0 010006000000006003 27.0975 006003001011002009
3 27.0975 006003001011002009 218724000.0 012006002006008003
3 218724000.0 012006002006008003 29558.5 012006002007008003
3 29558.5 012006002007008003 27.0975 006003001011002009
3 27.0975 006003001011002009 24726300000.0 012002002000005000
3 24726300000.0 012002002000005000 34739.3 012002000000005000
3 34739.3 012002000000005000 27.0975 006003001011002009
3 27.0975 006003001011002009 39103.2 006002000001000000
3 39103.2 006002000001000000 29673.7 006002001001000000
3 29673.7 006002001001000000 27.0975 006003001011002009
3 27.0975 006003001011002009 15750000.0 006001001009004000
3 15750000.0 006001001009004000 508684.0 006001001009004008
3 508684.0 006001001009004008 27.0975 006003001011002009
3 27.0975 006003001011002009 19479700000.0 006001000004000000
3 19479700000.0 006001000004000000 359448000.0 006005000004000000
3 359448000.0 006005000004000000 27.0975 006003001011002009
3 27.0975 006003001011002009 13612500.0 008003001002008003
3 13612500.0 008003001002008003 1283970.0 008003001002008006
3 1283970.0 008003001002008006 27.0975 006003001011002009
3 27.0975 006003001011002009 45599400.0 011002001002008003
3 45599400.0 011002001002008003 12954400.0 011002000002008003
3 12954400.0 011002000002008003 27.0975 006003001011002009
3 27.0975 006003001011002009 53050.7 011006001009008000
3 53050.7 011006001009008000 44113.2 011006002009008000
3 44113.2 011006002009008000 27.0975 006003001011002009
3 27.0975 006003001011002009 34512400000.0 007006001002002001
3 34512400000.0 007006001002002001 728584000.0 018006001002002001
3 728584000.0 018006001002002001 27.0975 006003001011002009
3 27.0975 006003001011002009 738476.0 002001002009008001
3 738476.0 002001002009008001 738476.0 002001002009008001
3 738476.0 002001002009008001 27.0975 006003001011002009
3 27.0975 006003001011002009 52459100.0 006003001008005001
3 52459100.0 006003001008005001 48426.5 006003001008005005
3 48426.5 006003001008005005 27.0975 006003001011002009
3 27.0975 006003001011002009 11194300000.0 008002001003002000
3 11194300000.0 008002001003002000 41806.1 008002001006002000
3 41806.1 008002001006002000 27.0975 006003001011002009
3 27.0975 006003001011002009 13937.8 008000000009010005
3 13937.8 008000000009010005 32.7063 008004000009010005
3 32.7063 008004000009010005 27.0975 006003001011002009
3 27.0975 006003001011002009 47881.9 013002001000002003
3 47881.9 013002001000002003 27.0975 006003001011002009
3 27.0975 006003001011002009 32.7063 008004000009010005
3 32.7063 008004000009010005 2332130000.0 006001000002008000
3 2332130000.0 006001000002008000 6889570.0 006001000002008007
3 6889570.0 006001000002008007 27.0975 006003001011002009
3 27.0975 006003001011002009 10565745.0 012003002009007007
3 10565745.0 012003002009007007 10565745.0 012003002009007007
3 10565745.0 012003002009007007 27.0975 006003001011002009
3 27.0975 006003001011002009 9339.08 006000002009012000
3 9339.08 006000002009012000 27.0975 006003001011002009
3 27.0975 006003001011002009 32.7063 008004000009010005
3 32.7063 008004000009010005 73663.4 013000002000004003
3 73663.4 013000002000004003 38893.2 011000002000004003
3 38893.2 011000002000004003 27.0975 006003001011002009
3 27.0975 006003001011002009 204435000.0 012003001009008000
3 204435000.0 012003001009008000 101419.0 012003000009008000
3 101419.0 012003000009008000 27.0975 006003001011002009
3 27.0975 006003001011002009 18716.6 008005001009010002
3 18716.6 008005001009010002 9865.63 008005001009001002
3 9865.63 008005001009001002 27.0975 006003001011002009
3 27.0975 006003001011002009 11201200.0 010004001009002002
3 11201200.0 010004001009002002 4898080.0 010004001009009002
3 4898080.0 010004001009009002 27.0975 006003001011002009
3 27.0975 006003001011002009 7586420000.0 006002002007004000
3 7586420000.0 006002002007004000 360057000.0 011002002007004000
3 360057000.0 011002002007004000 27.0975 006003001011002009
3 27.0975 006003001011002009 13097500000.0 013006002000004000
3 13097500000.0 013006002000004000 331517000.0 013006000000004000
3 331517000.0 013006000000004000 27.0975 006003001011002009
3 27.0975 006003001011002009 1032620000.0 008001000007010000
3 1032620000.0 008001000007010000 10492.8 008001000007010001
3 10492.8 008001000007010001 27.0975 006003001011002009
3 27.0975 006003001011002009 38620900000.0 002002000000001000
3 38620900000.0 002002000000001000 63027.4 002002000000001005
3 63027.4 002002000000001005 27.0975 006003001011002009
3 27.0975 006003001011002009 1083130.0 006000000009007002
3 1083130.0 006000000009007002 21244.4 006000000006007002
3 21244.4 006000000006007002 27.0975 006003001011002009
3 27.0975 006003001011002009 23277.0 012004002009008000
3 23277.0 012004002009008000 7658.73 012004001009008000
3 7658.73 012004001009008000 27.0975 006003001011002009
3 27.0975 006003001011002009 28574.2 011005001009003001
3 28574.2 011005001009003001 27.0975 006003001011002009
3 27.0975 006003001011002009 32.7063 008004000009010005
3 32.7063 008004000009010005 7709.64 008003000009010001
3 7709.64 008003000009010001 5382.1 008003000009007001
3 5382.1 008003000009007001 27.0975 006003001011002009
3 27.0975 006003001011002009 28212300.0 008001002000007002
3 28212300.0 008001002000007002 8159990.0 008001002010007002
3 8159990.0 008001002010007002 27.0975 006003001011002009
3 27.0975 006003001011002009 10162200000.0 012003001009007000
3 10162200000.0 012003001009007000 49658.7 012003001009007003
3 49658.7 012003001009007003 27.0975 006003001011002009
3 27.0975 006003001011002009 424700000.0 008003002006007000
3 424700000.0 008003002006007000 7256860.0 008004002006007000
3 7256860.0 008004002006007000 27.0975 006003001011002009
3 27.0975 006003001011002009 13063400000.0 012006000003004003
3 13063400000.0 012006000003004003 13063400000.0 012006000003004003
3 13063400000.0 012006000003004003 27.0975 006003001011002009
3 27.0975 006003001011002009 115851000.0 007003002009000002
3 115851000.0 007003002009000002 25745700.0 007001002009000002
3 25745700.0 007001002009000002 27.0975 006003001011002009
3 27.0975 006003001011002009 32054.2 006003000009002000
3 32054.2 006003000009002000 1418.62 006003000009010000
3 1418.62 006003000009010000 27.0975 006003001011002009
3 27.0975 006003001011002009 285639000.0 008003001009005000
3 285639000.0 008003001009005000 44238.9 011003001009005000
3 44238.9 011003001009005000 27.0975 006003001011002009
3 27.0975 006003001011002009 84403009.95 012003000009007001
3 84403009.95 012003000009007001 84403009.95 012003000009007001
3 84403009.95 012003000009007001 27.0975 006003001011002009
3 27.0975 006003001011002009 24130.6 001001000011007001
3 24130.6 001001000011007001 641.158 001001000011007002
3 641.158 001001000011007002 27.0975 006003001011002009
3 27.0975 006003001011002009 508262.0 008004001009008005
3 508262.0 008004001009008005 18510.8 008003001009008005
3 18510.8 008003001009008005 27.0975 006003001011002009
3 27.0975 006003001011002009 863414867.01 006003000008008003
3 863414867.01 006003000008008003 863414867.01 006003000008008003
3 863414867.01 006003000008008003 27.0975 006003001011002009
3 27.0975 006003001011002009 28837000.0 011003001000010004
3 28837000.0 011003001000010004 28132.0 017003001000010004
3 28132.0 017003001000010004 27.0975 006003001011002009
3 27.0975 006003001011002009 48820.0 008003000009002000
3 48820.0 008003000009002000 40303.0 008003001009002000
3 40303.0 008003001009002000 27.0975 006003001011002009
3 27.0975 006003001011002009 57.4132 008004000010007001
3 57.4132 008004000010007001 27.0975 006003001011002009
3 27.0975 006003001011002009 32.7063 008004000009010005
3 32.7063 008004000009010005 42.4414 012000000008012003
3 42.4414 012000000008012003 27.0975 006003001011002009
3 27.0975 006003001011002009 32.7063 008004000009010005
3 32.7063 008004000009010005 7218960.0 008004002009007000
3 7218960.0 008004002009007000 14731.2 008004002000007000
3 14731.2 008004002000007000 27.0975 006003001011002009
3 27.0975 006003001011002009 15337.7 017005000009012003
3 15337.7 017005000009012003 31.5295 001005000009012003
3 31.5295 001005000009012003 27.0975 006003001011002009
3 27.0975 006003001011002009 16562800000.0 006006000000002001
3 16562800000.0 006006000000002001 92805.1 006006001000002001
3 92805.1 006006001000002001 27.0975 006003001011002009
3 27.0975 006003001011002009 97750900.0 008005001002010000
3 97750900.0 008005001002010000 17820200.0 008005002002010000
3 17820200.0 008005002002010000 27.0975 006003001011002009
3 27.0975 006003001011002009 105.748 008005001009010000
3 105.748 008005001009010000 27.0975 006003001011002009
3 27.0975 006003001011002009 31.5295 001005000009012003
3 31.5295 001005000009012003 1076580000.0 010005000006007000
3 1076580000.0 010005000006007000 37184000.0 010005001006007000
3 37184000.0 010005001006007000 27.0975 006003001011002009
3 27.0975 006003001011002009 265287000.0 013003001009008004
3 265287000.0 013003001009008004 11814.7 013003001009007004
3 11814.7 013003001009007004 27.0975 006003001011002009
3 27.0975 006003001011002009 110.175 008004000011010004
3 110.175 008004000011010004 27.0975 006003001011002009
3 27.0975 006003001011002009 31.5295 001005000009012003
3 31.5295 001005000009012003 9771.12 006005000011012003
3 9771.12 006005000011012003 32.2725 006005000002012003
3 32.2725 006005000002012003 27.0975 006003001011002009
3 27.0975 006003001011002009 33795.2 013004001011008002
3 33795.2 013004001011008002 24811.0 013004001011007002
3 24811.0 013004001011007002 27.0975 006003001011002009
3 27.0975 006003001011002009 38172.5 006003001011009003
3 38172.5 006003001011009003 8179.09 006003001011009004
3 8179.09 006003001011009004 27.0975 006003001011002009
3 27.0975 006003001011002009 621984.0 008004000009010002
3 621984.0 008004000009010002 27.0975 006003001011002009
3 27.0975 006003001011002009 31.5295 001005000009012003
3 31.5295 001005000009012003 964284.0 001005002011009003
3 964284.0 001005002011009003 47550.0 003005002011009003
3 47550.0 003005002011009003 27.0975 006003001011002009
3 27.0975 006003001011002009 44798.3 006003000002008002
3 44798.3 006003000002008002 9192.33 006003000001008002
3 9192.33 006003000001008002 27.0975 006003001011002009
3 27.0975 006003001011002009 4762.77 006003001011007005
3 4762.77 006003001011007005 27.0975 006003001011002009
3 27.0975 006003001011002009 31.5295 001005000009012003
3 31.5295 001005000009012003 982701000.0 012003000002007000
3 982701000.0 012003000002007000 83709.6 012003000002002000
3 83709.6 012003000002002000 27.0975 006003001011002009
3 27.0975 006003001011002009 9177690000.0 013000001011002002
3 9177690000.0 013000001011002002 72129700.0 013000001007002002
3 72129700.0 013000001007002002 27.0975 006003001011002009
3 27.0975 006003001011002009 9290200.0 006003000008007004
3 9290200.0 006003000008007004 52128.4 006003000002007004
3 52128.4 006003000002007004 27.0975 006003001011002009
3 27.0975 006003001011002009 202068.81755 001004001003007004
3 202068.81755 001004001003007004 202068.81755 001004001003007004
3 202068.81755 001004001003007004 27.0975 006003001011002009
3 27.0975 006003001011002009 128431000.0 008003002000008004
3 128431000.0 008003002000008004 56456800.0 008003002000008001
3 56456800.0 008003002000008001 27.0975 006003001011002009
3 27.0975 006003001011002009 10795500000.0 006004000002001003
3 10795500000.0 006004000002001003 43566800.0 006005000002001003
3 43566800.0 006005000002001003 27.0975 006003001011002009
3 27.0975 006003001011002009 58809400.0 008005000011010009
3 58809400.0 008005000011010009 10985.8 008005000011010001
3 10985.8 008005000011010001 27.0975 006003001011002009
3 27.0975 006003001011002009 156882000.0 017003002009001000
3 156882000.0 017003002009001000 57390.1 017003000009001000
3 57390.1 017003000009001000 27.0975 006003001011002009
3 27.0975 006003001011002009 15176.400000000001 012003002010003001
3 15176.400000000001 012003002010003001 15176.400000000001 012003002010003001
3 15176.400000000001 012003002010003001 27.0975 006003001011002009
3 27.0975 006003001011002009 3195020.0 013000001001008009
3 3195020.0 013000001001008009 7858.1 018000001001008009
3 7858.1 018000001001008009 27.0975 006003001011002009
3 27.0975 006003001011002009 3652067500.0 013004001001012000
3 3652067500.0 013004001001012000 3652067500.0 013004001001012000
3 3652067500.0 013004001001012000 27.0975 006003001011002009
3 27.0975 006003001011002009 12950500000.0 013003001002010000
3 12950500000.0 013003001002010000 16080.9 013003001003010000
3 16080.9 013003001003010000 27.0975 006003001011002009
3 27.0975 006003001011002009 561613.0 001001001009002001
3 561613.0 001001001009002001 27400.2 001001001009007001
3 27400.2 001001001009007001 27.0975 006003001011002009
3 27.0975 006003001011002009 4607990000.0 011003000011001004
3 4607990000.0 011003000011001004 24565100.0 011003000011007004
3 24565100.0 011003000011007004 27.0975 006003001011002009
3 27.0975 006003001011002009 81.9512 002005000009011003
3 81.9512 002005000009011003 51.7722 008005000009011003
3 51.7722 008005000009011003 27.0975 006003001011002009
3 27.0975 006003001011002009 7916.72 006005000008010001
3 7916.72 006005000008010001 1012.63 006005000008009001
3 1012.63 006005000008009001 27.0975 006003001011002009
3 27.0975 006003001011002009 40119100.0 007005000009001000
3 40119100.0 007005000009001000 27.0975 006003001011002009
3 27.0975 006003001011002009 31.5295 001005000009012003
3 31.5295 001005000009012003 3959840.0 006001000011010001
3 3959840.0 006001000011010001 7252.87 006005000011010001
3 7252.87 006005000011010001 27.0975 006003001011002009
3 27.0975 006003001011002009 4558.69 013004000007005003
3 4558.69 013004000007005003 27.0975 006003001011002009
3 27.0975 006003001011002009 31.5295 001005000009012003
3 31.5295 001005000009012003 53706.7 002003000011012001
3 53706.7 002003000011012001 10641.2 002003000006012001
3 10641.2 002003000006012001 27.0975 006003001011002009
3 27.0975 006003001011002009 91413900.0 008003000009007009
3 91413900.0 008003000009007009 12230.0 013003000009007009
3 12230.0 013003000009007009 27.0975 006003001011002009
3 27.0975 006003001011002009 16163.6 001005001009012003
3 16163.6 001005001009012003 1449.59 001002001009012003
3 1449.59 001002001009012003 27.0975 006003001011002009
3 27.0975 006003001011002009 380616.5 001005001009010000
3 380616.5 001005001009010000 380616.5 001005001009010000
3 380616.5 001005001009010000 27.0975 006003001011002009
3 27.0975 006003001011002009 25049.4 008004000009007001
3 25049.4 008004000009007001 13121.2 008005000009007001
3 13121.2 008005000009007001 27.0975 006003001011002009
3 27.0975 006003001011002009 1489.17 008000000009007004
3 1489.17 008000000009007004 32.511 008000000009007008
3 32.511 008000000009007008 27.0975 006003001011002009
3 27.0975 006003001011002009 12319.4 012000000009010002
3 12319.4 012000000009010002 12319.4 012000000009010002
3 12319.4 012000000009010002 27.0975 006003001011002009
3 27.0975 006003001011002009 53901900.0 008003000011010002
3 53901900.0 008003000011010002 53901900.0 008003000011010002
3 53901900.0 008003000011010002 27.0975 006003001011002009
3 27.0975 006003001011002009 863414867.01 006003000008008003
3 863414867.01 006003000008008003 434498000.0 006003000008008001
3 434498000.0 006003000008008001 27.0975 006003001011002009
3 27.0975 006003001011002009 3177781.06 013001000009012000
3 3177781.06 013001000009012000 3177781.06 013001000009012000
3 3177781.06 013001000009012000 27.0975 006003001011002009
3 27.0975 006003001011002009 2885.74 006005000009007003
3 2885.74 006005000009007003 27.0975 006003001011002009
3 27.0975 006003001011002009 31.5295 001005000009012003
3 31.5295 001005000009012003 1025460.0 008004001009012003
3 1025460.0 008004001009012003 695908.0 008004001009011003
3 695908.0 008004001009011003 27.0975 006003001011002009
3 27.0975 006003001011002009 48.3093 002004001010010003
3 48.3093 002004001010010003 40.0293 002004001010010006
3 40.0293 002004001010010006 27.0975 006003001011002009
3 27.0975 006003001011002009 675212.0 006004000008007003
3 675212.0 006004000008007003 59.9327 006004000008007008
3 59.9327 006004000008007008 27.0975 006003001011002009
3 27.0975 006003001011002009 83912000.0 013003000009002002
3 83912000.0 013003000009002002 66826.8 013003000009002000
3 66826.8 013003000009002000 27.0975 006003001011002009
3 27.0975 006003001011002009 93.0996 008004000003009004
3 93.0996 008004000003009004 27.0975 006003001011002009
3 27.0975 006003001011002009 31.5295 001005000009012003
3 31.5295 001005000009012003 2925970.0 006005001009001003
3 2925970.0 006005001009001003 25416.1 006005001008001003
3 25416.1 006005001008001003 27.0975 006003001011002009
3 27.0975 006003001011002009 2126690.0 002005001001010003
3 2126690.0 002005001001010003 183.664 014005001001010003
3 183.664 014005001001010003 27.0975 006003001011002009
3 27.0975 006003001011002009 17060.2 006001001011008003
3 17060.2 006001001011008003 10712.3 006001001011001003
3 10712.3 006001001011001003 27.0975 006003001011002009
3 27.0975 006003001011002009 3885300.0 006004001010008003
3 3885300.0 006004001010008003 637705.0 006001001010008003
3 637705.0 006001001010008003 27.0975 006003001011002009
3 27.0975 006003001011002009 16629.2 006004001000009003
3 16629.2 006004001000009003 27.0975 006003001011002009
3 27.0975 006003001011002009 31.5295 001005000009012003
3 31.5295 001005000009012003 4845860000.0 008004000008002001
3 4845860000.0 008004000008002001 4283170000.0 008004001008002001
3 4283170000.0 008004001008002001 27.0975 006003001011002009
3 27.0975 006003001011002009 31432.4 006004000001007000
3 31432.4 006004000001007000 27.0975 006003001011002009
3 27.0975 006003001011002009 31.5295 001005000009012003
3 31.5295 001005000009012003 1777450.0 008003001000007009
3 1777450.0 008003001000007009 23820.2 008003000000007009
3 23820.2 008003000000007009 27.0975 006003001011002009
3 27.0975 006003001011002009 9335.99 006005000009012004
3 9335.99 006005000009012004 50.4047 006004000009012004
3 50.4047 006004000009012004 27.0975 006003001011002009
3 27.0975 006003001011002009 394644.0 008000000009007001
3 394644.0 008000000009007001 27.0975 006003001011002009
3 27.0975 006003001011002009 31.5295 001005000009012003
3 31.5295 001005000009012003 12704600.0 008002001010008001
3 12704600.0 008002001010008001 20116.6 008000001010008001
3 20116.6 008000001010008001 27.0975 006003001011002009
3 27.0975 006003001011002009 5288.69 006004000009001001
3 5288.69 006004000009001001 31.6209 006004000009005001
3 31.6209 006004000009005001 27.0975 006003001011002009
3 27.0975 006003001011002009 124037000.0 008003001009011000
3 124037000.0 008003001009011000 83902000.0 012003001009011000
3 83902000.0 012003001009011000 27.0975 006003001011002009
3 27.0975 006003001011002009 1598350.0 006004000009010001
3 1598350.0 006004000009010001 7039.32 016004000009010001
3 7039.32 016004000009010001 27.0975 006003001011002009
3 27.0975 006003001011002009 4080860.0 008001000008009003
3 4080860.0 008001000008009003 239655.0 008001000008012003
3 239655.0 008001000008012003 27.0975 006003001011002009
3 27.0975 006003001011002009 5547.99 006004000001010000
3 5547.99 006004000001010000 5547.99 006004000001010000
3 5547.99 006004000001010000 27.0975 006003001011002009
3 27.0975 006003001011002009 1995828.6 006005000010008004
3 1995828.6 006005000010008004 1995828.6 006005000010008004
3 1995828.6 006005000010008004 27.0975 006003001011002009
3 27.0975 006003001011002009 12078100.0 006004000009001000
3 12078100.0 006004000009001000 47157.6 019004000009001000
3 47157.6 019004000009001000 27.0975 006003001011002009
3 27.0975 006003001011002009 13855.705 008005000009011004
3 13855.705 008005000009011004 13855.705 008005000009011004
3 13855.705 008005000009011004 27.0975 006003001011002009
3 27.0975 006003001011002009 3537.69 008002000009007009
3 3537.69 008002000009007009 485.396 014002000009007009
3 485.396 014002000009007009 27.0975 006003001011002009
3 27.0975 006003001011002009 1086410.0 001003000009010004
3 1086410.0 001003000009010004 9063.24 001004000009010004
3 9063.24 001004000009010004 27.0975 006003001011002009
3 27.0975 006003001011002009 2747390.0 008004000002007004
3 2747390.0 008004000002007004 1042700.0 008004000002007003
3 1042700.0 008004000002007003 27.0975 006003001011002009
3 27.0975 006003001011002009 21780.6 013001001003010000
3 21780.6 013001001003010000 18606.8 013001001003004000
3 18606.8 013001001003004000 27.0975 006003001011002009
3 27.0975 006003001011002009 1204880.0 002004000010011000
3 1204880.0 002004000010011000 14279.9 009004000010011000
3 14279.9 009004000010011000 27.0975 006003001011002009
3 27.0975 006003001011002009 443487.0 006004000011012001
3 443487.0 006004000011012001 27.0975 006003001011002009
3 27.0975 006003001011002009 31.5295 001005000009012003
3 31.5295 001005000009012003 168649.185 006000000010010001
3 168649.185 006000000010010001 168649.185 006000000010010001
3 168649.185 006000000010010001 27.0975 006003001011002009
3 27.0975 006003001011002009 181234.0 002004000007010003
3 181234.0 002004000007010003 21.3544 002002000007010003
3 21.3544 002002000007010003 27.0975 006003001011002009
3 27.0975 006003001011002009 1625.74 006005000010010003
3 1625.74 006005000010010003 38.5726 006005000010011003
3 38.5726 006005000010011003 21.3544 002002000007010003
3 21.3544 002002000007010003 13820600.0 014003000009012002
3 13820600.0 014003000009012002 18430.4 014003001009012002
3 18430.4 014003001009012002 21.3544 002002000007010003
3 21.3544 002002000007010003 15820600000.0 016003000010007000
3 15820600000.0 016003000010007000 56906300.0 016003000010007002
3 56906300.0 016003000010007002 21.3544 002002000007010003
3 21.3544 002002000007010003 1929920000.0 013004001009008003
3 1929920000.0 013004001009008003 36419400.0 013004001005008003
3 36419400.0 013004001005008003 21.3544 002002000007010003
3 21.3544 002002000007010003 2056430.0 012004000008012004
3 2056430.0 012004000008012004 13144.4 012004000008006004
3 13144.4 012004000008006004 21.3544 002002000007010003
3 21.3544 002002000007010003 216792.0 006005000009010003
3 216792.0 006005000009010003 21.3544 002002000007010003
3 21.3544 002002000007010003 27.0975 006003001011002009
3 27.0975 006003001011002009 9657620.0 006002000003007009
3 9657620.0 006002000003007009 1245.37 006002000003004009
3 1245.37 006002000003004009 21.3544 002002000007010003
3 21.3544 002002000007010003 170991000.0 002003000011002003
3 170991000.0 002003000011002003 97422000.0 002003000011002005
3 97422000.0 002003000011002005 21.3544 002002000007010003
3 21.3544 002002000007010003 20113800.0 008003000011010001
3 20113800.0 008003000011010001 40197.3 008003000011007001
3 40197.3 008003000011007001 21.3544 002002000007010003
3 21.3544 002002000007010003 1660980.0 002004000002005009
3 1660980.0 002004000002005009 6538.77 002004000002005000
3 6538.77 002004000002005000 21.3544 002002000007010003
3 21.3544 002002000007010003 9775920000.0 002003000003011000
3 9775920000.0 002003000003011000 19583.6 002003000003011003
3 19583.6 002003000003011003 21.3544 002002000007010003
3 21.3544 002002000007010003 22795400.0 008004000008001009
3 22795400.0 008004000008001009 254.167 008004000008001003
3 254.167 008004000008001003 21.3544 002002000007010003
3 21.3544 002002000007010003 6132.58 006004000010010003
3 6132.58 006004000010010003 16.2382 000004000010010003
3 16.2382 000004000010010003 21.3544 002002000007010003
3 21.3544 002002000007010003 12023.7 006003000009001008
3 12023.7 006003000009001008 11908.9 003003000009001008
3 11908.9 003003000009001008 16.2382 000004000010010003
3 16.2382 000004000010010003 3336100.0 002003000009007003
3 3336100.0 002003000009007003 35280.6 002003000009001003
3 35280.6 002003000009001003 16.2382 000004000010010003
3 16.2382 000004000010010003 6982630.0 002004000009012009
3 6982630.0 002004000009012009 16.7158 002004001009012009
3 16.7158 002004001009012009 16.2382 000004000010010003
3 16.2382 000004000010010003 316243.0 006005000003010002
3 316243.0 006005000003010002 9658.59 006002000003010002
3 9658.59 006002000003010002 16.2382 000004000010010003
3 16.2382 000004000010010003 15116.6 001002000008007001
3 15116.6 001002000008007001 62.8178 006002000008007001
3 62.8178 006002000008007001 16.2382 000004000010010003
3 16.2382 000004000010010003 2868220.0 013005001009007009
3 2868220.0 013005001009007009 7451.56 013000001009007009
3 7451.56 013000001009007009 16.2382 000004000010010003
3 16.2382 000004000010010003 2934720000.0 006003001010007000
3 2934720000.0 006003001010007000 9721.49 006003001010007008
3 9721.49 006003001010007008 16.2382 000004000010010003
3 16.2382 000004000010010003 11354900000.0 008002000002007000
3 11354900000.0 008002000002007000 27656.2 008002000010007000
3 27656.2 008002000010007000 16.2382 000004000010010003
3 16.2382 000004000010010003 849484.0 008004001007011004
3 849484.0 008004001007011004 6927.6 008001001007011004
3 6927.6 008001001007011004 16.2382 000004000010010003
3 16.2382 000004000010010003 2406270.0 008001000011011001
3 2406270.0 008001000011011001 206485.0 008001000011010001
3 206485.0 008001000011010001 16.2382 000004000010010003
3 16.2382 000004000010010003 894166.0 006005001010012003
3 894166.0 006005001010012003 18141.1 006005001005012003
3 18141.1 006005001005012003 16.2382 000004000010010003
3 16.2382 000004000010010003 36684.9 008005000003007003
3 36684.9 008005000003007003 16.2382 000004000010010003
3 16.2382 000004000010010003 16.7158 002004001009012009
3 16.7158 002004001009012009 2273100.0 002003001011011003
3 2273100.0 002003001011011003 384066.0 002003001011011001
3 384066.0 002003001011011001 16.2382 000004000010010003
3 16.2382 000004000010010003 7626710.0 008001001008002003
3 7626710.0 008001001008002003 46742.0 008001001000002003
3 46742.0 008001001000002003 16.2382 000004000010010003
3 16.2382 000004000010010003 180176.0 008004000010010003
3 180176.0 008004000010010003 9816.57 008004002010010003
3 9816.57 008004002010010003 16.2382 000004000010010003
3 16.2382 000004000010010003 26325600.0 008002000010010008
3 26325600.0 008002000010010008 5767690.0 008002002010010008
3 5767690.0 008002002010010008 16.2382 000004000010010003
3 16.2382 000004000010010003 2213850000.0 012002001010005004
3 2213850000.0 012002001010005004 20594100.0 012002001010004004
3 20594100.0 012002001010004004 16.2382 000004000010010003
3 16.2382 000004000010010003 546.086 006002000009007001
3 546.086 006002000009007001 16.2382 000004000010010003
3 16.2382 000004000010010003 16.7158 002004001009012009
3 16.7158 002004001009012009 365419000.0 006002000009010009
3 365419000.0 006002000009010009 205.708 006002000009001009
3 205.708 006002000009001009 16.2382 000004000010010003
3 16.2382 000004000010010003 9230.2 006004000001004005
3 9230.2 006004000001004005 86.9102 006002000001004005
3 86.9102 006002000001004005 16.2382 000004000010010003
3 16.2382 000004000010010003 52614900.0 014005001000007004
3 52614900.0 014005001000007004 33291.1 014005001000005004
3 33291.1 014005001000005004 16.2382 000004000010010003
3 16.2382 000004000010010003 1562020000.0 008005000009007000
3 1562020000.0 008005000009007000 32721000.0 007005000009007000
3 32721000.0 007005000009007000 16.2382 000004000010010003
3 16.2382 000004000010010003 439801.0 006004000009011004
3 439801.0 006004000009011004 209140.0 006004000009006004
3 209140.0 006004000009006004 16.2382 000004000010010003
3 16.2382 000004000010010003 2026640.0 008000000009010009
3 2026640.0 008000000009010009 1281350.0 008000001009010009
3 1281350.0 008000001009010009 16.2382 000004000010010003
3 16.2382 000004000010010003 6328790.0 008003001008007009
3 6328790.0 008003001008007009 50.5763 008003001008005009
3 50.5763 008003001008005009 16.2382 000004000010010003
3 16.2382 000004000010010003 332.371 014004000008001009
3 332.371 014004000008001009 187.245 013004000008001009
3 187.245 013004000008001009 16.2382 000004000010010003
3 16.2382 000004000010010003 17981.7 008004001003001005
3 17981.7 008004001003001005 16673.8 008004001003000005
3 16673.8 008004001003000005 16.2382 000004000010010003
3 16.2382 000004000010010003 2175930.0 006002000009012003
3 2175930.0 006002000009012003 9247.03 006000000009012003
3 9247.03 006000000009012003 16.2382 000004000010010003
3 16.2382 000004000010010003 1841240.0 014002000009010004
3 1841240.0 014002000009010004 1755720.0 008002000009010004
3 1755720.0 008002000009010004 16.2382 000004000010010003
3 16.2382 000004000010010003 30290.0 013003000000010003
3 30290.0 013003000000010003 16.2382 000004000010010003
3 16.2382 000004000010010003 16.7158 002004001009012009
3 16.7158 002004001009012009 10395.3 008005000008008003
3 10395.3 008005000008008003 1460.64 008006000008008003
3 1460.64 008006000008008003 16.2382 000004000010010003
3 16.2382 000004000010010003 76077.3 006002000009001001
3 76077.3 006002000009001001 12200.9 006005000009001001
3 12200.9 006005000009001001 16.2382 000004000010010003
3 16.2382 000004000010010003 3816570000.0 008004000009005000
3 3816570000.0 008004000009005000 25446300.0 008004000000005000
3 25446300.0 008004000000005000 16.2382 000004000010010003
4 16.2382 000004000010010003 15870.6 007001000003005002
4 15870.6 007001000003005002 15384.1 007001000001005002
4 15384.1 007001000001005002 3424.21 003001001004006004
4 3424.21 003001001004006004 2171880.0 001002000007010003
4 2171880.0 001002000007010003 21.3544 002002000007010003
4 21.3544 002002000007010003 3424.21 003001001004006004
4 3424.21 003001001004006004 21828.9 014001002009006001
4 21828.9 014001002009006001 6194.72 014001002009002001
4 6194.72 014001002009002001 3424.21 003001001004006004
4 3424.21 003001001004006004 12592300000.0 013002002004001003
4 12592300000.0 013002002004001003 71575.6 013002002004001000
4 71575.6 013002002004001000 3424.21 003001001004006004
4 3424.21 003001001004006004 64823.5 013006000007005004
4 64823.5 013006000007005004 14585.6 005006000007005004
4 14585.6 005006000007005004 3424.21 003001001004006004
4 3424.21 003001001004006004 33474.1 009003002001004000
4 33474.1 009003002001004000 3424.21 003001001004006004
4 3424.21 003001001004006004 6102.9 011005001004003003
4 6102.9 011005001004003003 88779100.0 013002000010001000
4 88779100.0 013002000010001000 30830300.0 013002000010001003
4 30830300.0 013002000010001003 3424.21 003001001004006004
4 3424.21 003001001004006004 1596400.45 004003001009002002
4 1596400.45 004003001009002002 1596400.45 004003001009002002
4 1596400.45 004003001009002002 3424.21 003001001004006004
4 3424.21 003001001004006004 22198600000.0 009002000000004002
4 22198600000.0 009002000000004002 572.308 009002000000004009
4 572.308 009002000000004009 3424.21 003001001004006004
4 3424.21 003001001004006004 59355.8 002003000007008001
4 59355.8 002003000007008001 32681.0 002003000007000001
4 32681.0 002003000007000001 572.308 009002000000004009
4 572.308 009002000000004009 3.69772 001005001012010003
4 3.69772 001005001012010003 572.308 009002000000004009
4 572.308 009002000000004009 3424.21 003001001004006004
4 3424.21 003001001004006004 1140.17 011001000000006000
4 1140.17 011001000000006000 3.69772 001005001012010003
4 3.69772 001005001012010003 572.308 009002000000004009
4 572.308 009002000000004009 21945300.0 013004001004010004
4 21945300.0 013004001004010004 542341.0 013004002004010004
4 542341.0 013004002004010004 3.69772 001005001012010003
4 3.69772 001005001012010003 2349311.5 006002000009010001
4 2349311.5 006002000009010001 2349311.5 006002000009010001
4 2349311.5 006002000009010001 3.69772 001005001012010003
4 3.69772 001005001012010003 47162.5 011003000011002001
4 47162.5 011003000011002001 38201.2 009003000011002001
4 38201.2 009003000011002001 3.69772 001005001012010003
4 3.69772 001005001012010003 31157800000.0 003006002007004001
4 31157800000.0 003006002007004001 489159000.0 003006002007004002
4 489159000.0 003006002007004002 3.69772 001005001012010003
4 3.69772 001005001012010003 13826.0 001000001007010001
4 13826.0 001000001007010001 99.5861 001000001007006001
4 99.5861 001000001007006001 3.69772 001005001012010003
4 3.69772 001005001012010003 45628600.0 007006000009009002
4 45628600.0 007006000009009002 30094.4 004006000009009002
4 30094.4 004006000009009002 3.69772 001005001012010003
4 3.69772 001005001012010003 78766.2 002000001010000002
4 78766.2 002000001010000002 60431.8 002004001010000002
4 60431.8 002004001010000002 3.69772 001005001012010003
4 3.69772 001005001012010003 29362100000.0 009003000003001001
4 29362100000.0 009003000003001001 3673530000.0 009005000003001001
4 3673530000.0 009005000003001001 3.69772 001005001012010003
4 3.69772 001005001012010003 45450.1 009003000009011002
4 45450.1 009003000009011002 31533.3 009003002009011002
4 31533.3 009003002009011002 3.69772 001005001012010003
4 3.69772 001005001012010003 103943000.0 009006000004010001
4 103943000.0 009006000004010001 17079.5 009006000004010000
4 17079.5 009006000004010000 3.69772 001005001012010003
4 3.69772 001005001012010003 10216.7 014006001009012002
4 10216.7 014006001009012002 13327.8 014006001009000002
4 13327.8 014006001009000002 3.69772 001005001012010003
4 3.69772 001005001012010003 40582.1 009004001009001001
4 40582.1 009004001009001001 22355.9 009004001009003001
4 22355.9 009004001009003001 3.69772 001005001012010003
4 3.69772 001005001012010003 20067600000.0 002006002006010001
4 20067600000.0 002006002006010001 128766000.0 002006002006010007
4 128766000.0 002006002006010007 3.69772 001005001012010003
4 3.69772 001005001012010003 181329.0 002002001004009002
4 181329.0 002002001004009002 20812.2 002002001004012002
4 20812.2 002002001004012002 3.69772 001005001012010003
4 3.69772 001005001012010003 336814.0 004000002009002004
4 336814.0 004000002009002004 295.859 000000002009002004
4 295.859 000000002009002004 3.69772 001005001012010003
4 3.69772 001005001012010003 639362000.0 004006002011012001
4 639362000.0 004006002011012001 10545.2 018006002011012001
4 10545.2 018006002011012001 3.69772 001005001012010003
4 3.69772 001005001012010003 997901.65 004003001009006004
4 997901.65 004003001009006004 997901.65 004003001009006004
4 997901.65 004003001009006004 3.69772 001005001012010003
4 3.69772 001005001012010003 2715340000.0 009001001009006000
4 2715340000.0 009001001009006000 41205800.0 009001001006006000
4 41205800.0 009001001006006000 3.69772 001005001012010003
4 3.69772 001005001012010003 23.789 002000000010006002
4 23.789 002000000010006002 3.69772 001005001012010003
4 3.69772 001005001012010003 99.5861 001000001007006001
4 99.5861 001000001007006001 94856500.0 012003001011002003
4 94856500.0 012003001011002003 92302000.0 012003000011002003
4 92302000.0 012003000011002003 3.69772 001005001012010003
4 3.69772 001005001012010003 78054.6 009006001010002000
4 78054.6 009006001010002000 14205.1 009004001010002000
4 14205.1 009004001010002000 3.69772 001005001012010003
4 3.69772 001005001012010003 2518850000.0 009006000010006004
4 2518850000.0 009006000010006004 329717000.0 009006001010006004
4 329717000.0 009006001010006004 3.69772 001005001012010003
4 3.69772 001005001012010003 225471000.0 009006001003003002
4 225471000.0 009006001003003002 222018000.0 009006001006003002
4 222018000.0 009006001006003002 3.69772 001005001012010003
4 3.69772 001005001012010003 436439000.0 014003002001006001
4 436439000.0 014003002001006001 334045000.0 009003002001006001
4 334045000.0 009003002001006001 3.69772 001005001012010003
4 3.69772 001005001012010003 44832.9 014006001007002002
4 44832.9 014006001007002002 4937.08 014004001007002002
4 4937.08 014004001007002002 3.69772 001005001012010003
4 3.69772 001005001012010003 14836200000.0 009006000004002003
4 14836200000.0 009006000004002003 192730000.0 009006000004002004
4 192730000.0 009006000004002004 3.69772 001005001012010003
4 3.69772 001005001012010003 576225.0 001003001011012001
4 576225.0 001003001011012001 20543.4 001003001003012001
4 20543.4 001003001003012001 3.69772 001005001012010003
4 3.69772 001005001012010003 320230000.0 004006000010000001
4 320230000.0 004006000010000001 23744.7 004005000010000001
4 23744.7 004005000010000001 3.69772 001005001012010003
4 3.69772 001005001012010003 5240570.0 004003001009004002
4 5240570.0 004003001009004002 13017.7 004003001005004002
4 13017.7 004003001005004002 3.69772 001005001012010003
4 3.69772 001005001012010003 3290490.0 006003001010000000
4 3290490.0 006003001010000000 49556.5 007003001010000000
4 49556.5 007003001010000000 3.69772 001005001012010003
4 3.69772 001005001012010003 466485000.0 014006000009002002
4 466485000.0 014006000009002002 39442.8 014006000003002002
4 39442.8 014006000003002002 3.69772 001005001012010003
4 3.69772 001005001012010003 36628.1 009005000010002004
4 36628.1 009005000010002004 2149.86 009000000010002004
4 2149.86 009000000010002004 3.69772 001005001012010003
4 3.69772 001005001012010003 5173.37 004005002009006003
4 5173.37 004005002009006003 110.225 004005002009006006
4 110.225 004005002009006006 3.69772 001005001012010003
4 3.69772 001005001012010003 41473150.0 009006000010006002
4 41473150.0 009006000010006002 41473150.0 009006000010006002
4 41473150.0 009006000010006002 3.69772 001005001012010003
4 3.69772 001005001012010003 3439.3 009004000011006000
4 3439.3 009004000011006000 3.69772 001005001012010003
4 3.69772 001005001012010003 23.789 002000000010006002
4 23.789 002000000010006002 796.281 004005000009006002
4 796.281 004005000009006002 259.243 004005000009001002
4 259.243 004005000009001002 3.69772 001005001012010003
4 3.69772 001005001012010003 11942000.0 009004002009006000
4 11942000.0 009004002009006000 31515.7 009004002009010000
4 31515.7 009004002009010000 3.69772 001005001012010003
4 3.69772 001005001012010003 16332900.0 009005000003002000
4 16332900.0 009005000003002000 89.3609 003005000003002000
4 89.3609 003005000003002000 3.69772 001005001012010003
4 3.69772 001005001012010003 32418.2 018006000009000002
4 32418.2 018006000009000002 2084.8 018005000009000002
4 2084.8 018005000009000002 3.69772 001005001012010003
4 3.69772 001005001012010003 44821.6 014003000009006002
4 44821.6 014003000009006002 25249.6 014003000012006002
4 25249.6 014003000012006002 3.69772 001005001012010003
4 3.69772 001005001012010003 3913060000.0 005003000005006002
4 3913060000.0 005003000005006002 25053100.0 005003000006006002
4 25053100.0 005003000006006002 3.69772 001005001012010003
4 3.69772 001005001012010003 243976.0 000003002009012002
4 243976.0 000003002009012002 12509.4 000003002009008002
4 12509.4 000003002009008002 3.69772 001005001012010003
4 3.69772 001005001012010003 694320.0 004005001007006002
4 694320.0 004005001007006002 267575.0 004005000007006002
4 267575.0 004005000007006002 3.69772 001005001012010003
4 3.69772 001005001012010003 37394.4 014006000009000001
4 37394.4 014006000009000001 26399.2 014001000009000001
4 26399.2 014001000009000001 3.69772 001005001012010003
4 3.69772 001005001012010003 330387.0 000004002000012000
4 330387.0 000004002000012000 7133.9 000001002000012000
4 7133.9 000001002000012000 3.69772 001005001012010003
4 3.69772 001005001012010003 49260.9 011004001012006001
4 49260.9 011004001012006001 3.69772 001005001012010003
4 3.69772 001005001012010003 23.789 002000000010006002
4 23.789 002000000010006002 163207.0 009002000009012002
4 163207.0 009002000009012002 163207.0 009002000009012002
4 163207.0 009002000009012002 3.69772 001005001012010003
4 3.69772 001005001012010003 13045500000.0 001003000009001001
4 13045500000.0 001003000009001001 42916.7 016003000009001001
4 42916.7 016003000009001001 3.69772 001005001012010003
4 3.69772 001005001012010003 7601580.0 001001000009000004
4 7601580.0 001001000009000004 3335450.0 001001000009000008
4 3335450.0 001001000009000008 3.69772 001005001012010003
4 3.69772 001005001012010003 4968540000.0 018004002009006002
4 4968540000.0 018004002009006002 23089.6 018004002009010002
4 23089.6 018004002009010002 3.69772 001005001012010003
4 3.69772 001005001012010003 3641.8 004000000003006004
4 3641.8 004000000003006004 37.7031 004000000003003004
4 37.7031 004000000003003004 3.69772 001005001012010003
4 3.69772 001005001012010003 87557.5 004002002003006004
4 87557.5 004002002003006004 461.95 004002002008006004
4 461.95 004002002008006004 3.69772 001005001012010003
4 3.69772 001005001012010003 7518220.0 014001002004006006
4 7518220.0 014001002004006006 2119960.0 014001002004006007
4 2119960.0 014001002004006007 3.69772 001005001012010003
4 3.69772 001005001012010003 17929.0 007004001007002001
4 17929.0 007004001007002001 2339.27 007004001007011001
4 2339.27 007004001007011001 3.69772 001005001012010003
4 3.69772 001005001012010003 663251.0 000002000006006000
4 663251.0 000002000006006000 81473.7 000002000006000000
4 81473.7 000002000006000000 3.69772 001005001012010003
4 3.69772 001005001012010003 11032.1 002004000010002004
4 11032.1 002004000010002004 5024.89 011004000010002004
4 5024.89 011004000010002004 3.69772 001005001012010003
4 3.69772 001005001012010003 306359000.0 014002002007001002
4 306359000.0 014002002007001002 26302.1 014003002007001002
4 26302.1 014003002007001002 3.69772 001005001012010003
4 3.69772 001005001012010003 2704178500.0 003006001010006002
4 2704178500.0 003006001010006002 2704178500.0 003006001010006002
4 2704178500.0 003006001010006002 3.69772 001005001012010003
4 3.69772 001005001012010003 3636540.0 004000001004002004
4 3636540.0 004000001004002004 3636540.0 004000001004002004
4 3636540.0 004000001004002004 3.69772 001005001012010003
4 3.69772 001005001012010003 64608600.0 018002001009006004
4 64608600.0 018002001009006004 61439.5 018002001009008004
4 61439.5 018002001009008004 3.69772 001005001012010003
4 3.69772 001005001012010003 25633.4 003002001009012001
4 25633.4 003002001009012001 10745.4 003002001011012001
4 10745.4 003002001011012001 3.69772 001005001012010003
4 3.69772 001005001012010003 21947.9 003000002007006000
4 21947.9 003000002007006000 3.69772 001005001012010003
4 3.69772 001005001012010003 23.789 002000000010006002
4 23.789 002000000010006002 2067700.0 009002000001006004
4 2067700.0 009002000001006004 1631850.0 002002000001006004
4 1631850.0 002002000001006004 3.69772 001005001012010003
4 3.69772 001005001012010003 306114.0 003000000003006004
4 306114.0 003000000003006004 2247.14 003000000003006003
4 2247.14 003000000003006003 3.69772 001005001012010003
4 3.69772 001005001012010003 14216.6 011003002009012002
4 14216.6 011003002009012002 4330.13 003003002009012002
4 4330.13 003003002009012002 3.69772 001005001012010003
4 3.69772 001005001012010003 130.242 011005000003006004
4 130.242 011005000003006004 43.6146 011005000003006006
4 43.6146 011005000003006006 3.69772 001005001012010003
4 3.69772 001005001012010003 4194660.0 004001000003006002
4 4194660.0 004001000003006002 8499.82 004001000008006002
4 8499.82 004001000008006002 3.69772 001005001012010003
4 3.69772 001005001012010003 628520.0 002000000007006001
4 628520.0 002000000007006001 218725.0 017000000007006001
4 218725.0 017000000007006001 3.69772 001005001012010003
4 3.69772 001005001012010003 38449200.0 014006000009002003
4 38449200.0 014006000009002003 14547200.0 014005000009002003
4 14547200.0 014005000009002003 3.69772 001005001012010003
4 3.69772 001005001012010003 4542370.0 007004002009007000
4 4542370.0 007004002009007000 7687.42 007004002009010000
4 7687.42 007004002009010000 3.69772 001005001012010003
4 3.69772 001005001012010003 3413330.0 009000000003006001
4 3413330.0 009000000003006001 251013.0 009000000003006002
4 251013.0 009000000003006002 3.69772 001005001012010003
4 3.69772 001005001012010003 1127070000.0 009003001010005002
4 1127070000.0 009003001010005002 82222600.0 009003000010005002
4 82222600.0 009003000010005002 3.69772 001005001012010003
4 3.69772 001005001012010003 2412590.0 007005001011012001
4 2412590.0 007005001011012001 25554.6 007000001011012001
4 25554.6 007000001011012001 3.69772 001005001012010003
4 3.69772 001005001012010003 2090570.0 004004002009012004
4 2090570.0 004004002009012004 585572.0 004004002009007004
4 585572.0 004004002009007004 3.69772 001005001012010003
4 3.69772 001005001012010003 6309.55 002000000001006001
4 6309.55 002000000001006001 6309.55 002000000001006001
4 6309.55 002000000001006001 3.69772 001005001012010003
4 3.69772 001005001012010003 10840600.0 004005000009002000
4 10840600.0 004005000009002000 34295.6 004003000009002000
4 34295.6 004003000009002000 3.69772 001005001012010003
4 3.69772 001005001012010003 26857300.0 018000000008002000
4 26857300.0 018000000008002000 550129.0 009000000008002000
4 550129.0 009000000008002000 3.69772 001005001012010003
4 3.69772 001005001012010003 6304630.0 007001000001003004
4 6304630.0 007001000001003004 39170.8 007001001001003004
4 39170.8 007001001001003004 3.69772 001005001012010003
4 3.69772 001005001012010003 4980140.0 007005001008006002
4 4980140.0 007005001008006002 34384.6 007005001006006002
4 34384.6 007005001006006002 3.69772 001005001012010003
4 3.69772 001005001012010003 576016.0 004001002011006004
4 576016.0 004001002011006004 16111.0 004002002011006004
4 16111.0 004002002011006004 3.69772 001005001012010003
4 3.69772 001005001012010003 30402400.0 014003001009000000
4 30402400.0 014003001009000000 40387.3 014003001009008000
4 40387.3 014003001009008000 3.69772 001005001012010003
4 3.69772 001005001012010003 136471.0 004004001010004002
4 136471.0 004004001010004002 4447.8 004005001010004002
4 4447.8 004005001010004002 3.69772 001005001012010003
4 3.69772 001005001012010003 25596.6 003002001003002001
4 25596.6 003002001003002001 3.69772 001005001012010003
4 3.69772 001005001012010003 23.789 002000000010006002
4 23.789 002000000010006002 17197400000.0 011002002003010000
4 17197400000.0 011002002003010000 10571200000.0 011002002003010005
4 10571200000.0 011002002003010005 3.69772 001005001012010003
4 3.69772 001005001012010003 7883680000.0 004003002003002001
4 7883680000.0 004003002003002001 40216.8 004003000003002001
4 40216.8 004003000003002001 3.69772 001005001012010003
4 3.69772 001005001012010003 777693.0 009000000009004001
4 777693.0 009000000009004001 238354.0 011000000009004001
4 238354.0 011000000009004001 3.69772 001005001012010003
4 3.69772 001005001012010003 3009.96 002005000009002002
4 3009.96 002005000009002002 79.313 002005000009009002
4 79.313 002005000009009002 3.69772 001005001012010003
4 3.69772 001005001012010003 7934290000.0 009005000000006000
4 7934290000.0 009005000000006000 49520100.0 000005000000006000
4 49520100.0 000005000000006000 3.69772 001005001012010003
4 3.69772 001005001012010003 296992.0 000005001010007000
4 296992.0 000005001010007000 10672.3 000005001002007000
4 10672.3 000005001002007000 3.69772 001005001012010003
4 3.69772 001005001012010003 556908.0 002004000003006002
4 556908.0 002004000003006002 6129.45 001004000003006002
4 6129.45 001004000003006002 3.69772 001005001012010003
4 3.69772 001005001012010003 168594.0 001005000009007002
4 168594.0 001005000009007002 164331.0 001005001009007002
4 164331.0 001005001009007002 3.69772 001005001012010003
4 3.69772 001005001012010003 2492.69 001005001003000001
4 2492.69 001005001003000001 4.13175 001005001003012001
4 4.13175 001005001003012001 3.69772 001005001012010003
4 3.69772 001005001012010003 612882.0 002000002003006003
4 612882.0 002000002003006003 363823.0 002000000003006003
4 363823.0 002000000003006003 3.69772 001005001012010003
4 3.69772 001005001012010003 10517.0 003005001000006004
4 10517.0 003005001000006004 171.496 004005001000006004
4 171.496 004005001000006004 3.69772 001005001012010003
4 3.69772 001005001012010003 998.967 002000000003012006
4 998.967 002000000003012006 7.74117 002000001003012006
4 7.74117 002000001003012006 3.69772 001005001012010003
4 3.69772 001005001012010003 49800.5 004002002009001000
4 49800.5 004002002009001000 33564.0 004005002009001000
4 33564.0 004005002009001000 3.69772 001005001012010003
4 3.69772 001005001012010003 18358.5 011001001003002002
4 18358.5 011001001003002002 14455.8 011001001010002002
4 14455.8 011001001010002002 3.69772 001005001012010003
4 3.69772 001005001012010003 7291.31 011005000010001001
4 7291.31 011005000010001001 3.69772 001005001012010003
4 3.69772 001005001012010003 4.13175 001005001003012001
4 4.13175 001005001003012001 6339.5 007005002009002006
4 6339.5 007005002009002006 1983.79 007005002009004006
4 1983.79 007005002009004006 3.69772 001005001012010003
4 3.69772 001005001012010003 2577.45 011005001009004004
4 2577.45 011005001009004004 121.651 011005001006004004
4 121.651 011005001006004004 3.69772 001005001012010003
4 3.69772 001005001012010003 5729650.0 018005000003011002
4 5729650.0 018005000003011002 1480030.0 018005000003011001
4 1480030.0 018005000003011001 3.69772 001005001012010003
4 3.69772 001005001012010003 3011130.0 002005000009012003
4 3011130.0 002005000009012003 1385920.0 002005000009006003
4 1385920.0 002005000009006003 3.69772 001005001012010003
4 3.69772 001005001012010003 86407000.0 018005002000006006
4 86407000.0 018005002000006006 22437700.0 018005002007006006
4 22437700.0 018005002007006006 3.69772 001005001012010003
4 3.69772 001005001012010003 1027880000.0 007006000000003004
4 1027880000.0 007006000000003004 48442.3 007006002000003004
4 48442.3 007006002000003004 3.69772 001005001012010003
4 3.69772 001005001012010003 199399.0 002000002009006004
4 199399.0 002000002009006004 3.69772 001005001012010003
4 3.69772 001005001012010003 4.13175 001005001003012001
4 4.13175 001005001003012001 1279620000.0 000006000003002004
4 1279620000.0 000006000003002004 16728.9 000006000003002003
4 16728.9 000006000003002003 3.69772 001005001012010003
4 3.69772 001005001012010003 108385000.0 014005002011006002
4 108385000.0 014005002011006002 42085.3 014004002011006002
4 42085.3 014004002011006002 3.69772 001005001012010003
4 3.69772 001005001012010003 44610.3 004005001009004004
4 44610.3 004005001009004004 44610.3 004005001009004004
4 44610.3 004005001009004004 3.69772 001005001012010003
4 3.69772 001005001012010003 4880470.0 011000001009006004
4 4880470.0 011000001009006004 94.8289 011000001009006005
4 94.8289 011000001009006005 3.69772 001005001012010003
4 3.69772 001005001012010003 170332.0 000000002009006002
4 170332.0 000000002009006002 135180.0 000000002009012002
4 135180.0 000000002009012002 3.69772 001005001012010003
4 3.69772 001005001012010003 800352.0 009000000003012006
4 800352.0 009000000003012006 234184.0 009000001003012006
4 234184.0 009000001003012006 3.69772 001005001012010003
4 3.69772 001005001012010003 298008.0 003005001010002006
4 298008.0 003005001010002006 18240.6 003005001010005006
4 18240.6 003005001010005006 3.69772 001005001012010003
4 3.69772 001005001012010003 167584.0 001006000004002001
4 167584.0 001006000004002001 167584.0 001006000004002001
4 167584.0 001006000004002001 3.69772 001005001012010003
4 3.69772 001005001012010003 1341970000.0 014005001003002006
4 1341970000.0 014005001003002006 12515.0 014005002003002006
4 12515.0 014005002003002006 3.69772 001005001012010003
4 3.69772 001005001012010003 849189.0 004005001004000006
4 849189.0 004005001004000006 527621.0 004001001004000006
4 527621.0 004001001004000006 3.69772 001005001012010003
4 3.69772 001005001012010003 19868.3 004005000007006004
4 19868.3 004005000007006004 19868.3 004005000007006004
4 19868.3 004005000007006004 3.69772 001005001012010003
4 3.69772 001005001012010003 10271.5 001000000003006002
4 10271.5 001000000003006002 3.69772 001005001012010003
4 3.69772 001005001012010003 4.13175 001005001003012001
4 4.13175 001005001003012001 6832500.0 011005000000006006
4 6832500.0 011005000000006006 5480080.0 011005000000006003
4 5480080.0 011005000000006003 3.69772 001005001012010003
4 3.69772 001005001012010003 947804.0 002005002009006001
4 947804.0 002005002009006001 947804.0 002005002009006001
4 947804.0 002005002009006001 3.69772 001005001012010003
4 3.69772 001005001012010003 181387.0 004000000007006004
4 181387.0 004000000007006004 19868.3 004005000007006004
4 19868.3 004005000007006004 3.69772 001005001012010003
4 3.69772 001005001012010003 18497.9 007005000003006004
4 18497.9 007005000003006004 3.69772 001005001012010003
4 3.69772 001005001012010003 4.13175 001005001003012001
4 4.13175 001005001003012001 2668920000.0 014001002010006004
4 2668920000.0 014001002010006004 22538600.0 014001002010004004
4 22538600.0 014001002010004004 3.69772 001005001012010003
4 3.69772 001005001012010003 90743700.0 011005000010004004
4 90743700.0 011005000010004004 42.3 011005000010004006
4 42.3 011005000010004006 3.69772 001005001012010003
4 3.69772 001005001012010003 77887800.0 011005002003012002
4 77887800.0 011005002003012002 1043910.0 011005002003012006
4 1043910.0 011005002003012006 3.69772 001005001012010003
4 3.69772 001005001012010003 28439.5 011005001003006001
4 28439.5 011005001003006001 7742.36 011005001004006001
4 7742.36 011005001004006001 3.69772 001005001012010003
4 3.69772 001005001012010003 5567420.0 003005002007002006
4 5567420.0 003005002007002006 12227.9 003005002004002006
4 12227.9 003005002004002006 3.69772 001005001012010003
4 3.69772 001005001012010003 508947.0 011004002003006006
4 508947.0 011004002003006006 474546.0 011004002003005006
4 474546.0 011004002003005006 3.69772 001005001012010003
4 3.69772 001005001012010003 2634620.0 004004000003002004
4 2634620.0 004004000003002004 1941380.0 004004002003002004
4 1941380.0 004004002003002004 3.69772 001005001012010003
4 3.69772 001005001012010003 387243000.0 001005000003001001
4 387243000.0 001005000003001001 1236280.0 001005002003001001
4 1236280.0 001005002003001001 3.69772 001005001012010003
4 3.69772 001005001012010003 8093470000.0 011000002000012002
4 8093470000.0 011000002000012002 59059800.0 011005002000012002
4 59059800.0 011005002000012002 3.69772 001005001012010003
4 3.69772 001005001012010003 1460730.0 004000002012012000
4 1460730.0 004000002012012000 442656.0 004000000012012000
4 442656.0 004000000012012000 3.69772 001005001012010003
4 3.69772 001005001012010003 2808080.0 004000002007006004
4 2808080.0 004000002007006004 1091.67 004000002007003004
4 1091.67 004000002007003004 3.69772 001005001012010003
4 3.69772 001005001012010003 4618540.0 003003001004012002
4 4618540.0 003003001004012002 3094240.0 003003001004009002
4 3094240.0 003003001004009002 3.69772 001005001012010003
4 3.69772 001005001012010003 2716290.0 011000000009002002
4 2716290.0 011000000009002002 32345.4 011000002009002002
4 32345.4 011000002009002002 3.69772 001005001012010003
4 3.69772 001005001012010003 319687.0 003000001003006001
4 319687.0 003000001003006001 38569.4 003000001003003001
4 38569.4 003000001003003001 3.69772 001005001012010003
4 3.69772 001005001012010003 5240570.0 004003001009004002
4 5240570.0 004003001009004002 519705.0 004003001009004005
4 519705.0 004003001009004005 3.69772 001005001012010003
4 3.69772 001005001012010003 1283570.0 004004000006012000
4 1283570.0 004004000006012000 8.87837 004001000006012000
4 8.87837 004001000006012000 3.69772 001005001012010003
4 3.69772 001005001012010003 43453.5 011005002009002006
4 43453.5 011005002009002006 3.69772 001005001012010003
4 3.69772 001005001012010003 4.13175 001005001003012001
4 4.13175 001005001003012001 7068030.0 009002000009003004
4 7068030.0 009002000009003004 42548.8 009006000009003004
4 42548.8 009006000009003004 3.69772 001005001012010003
4 3.69772 001005001012010003 15670.4 011005000009009004
4 15670.4 011005000009009004 3.69772 001005001012010003
4 3.69772 001005001012010003 4.13175 001005001003012001
4 4.13175 001005001003012001 207830.6537 004000000009012003
4 207830.6537 004000000009012003 207830.6537 004000000009012003
4 207830.6537 004000000009012003 3.69772 001005001012010003
4 3.69772 001005001012010003 4719250.0 004004000006000003
4 4719250.0 004004000006000003 5438.44 004004000006000007
4 5438.44 004004000006000007 3.69772 001005001012010003
4 3.69772 001005001012010003 22253600.0 011000000006001001
4 22253600.0 011000000006001001 864895.0 011000000006004001
4 864895.0 011000000006004001 3.69772 001005001012010003
4 3.69772 001005001012010003 24631.9 004000001007006000
4 24631.9 004000001007006000 3.69772 001005001012010003
4 3.69772 001005001012010003 4.13175 001005001003012001
4 4.13175 001005001003012001 45320.7 007005000003000002
4 45320.7 007005000003000002 30531.4 007005000007000002
4 30531.4 007005000007000002 3.69772 001005001012010003
4 3.69772 001005001012010003 403567.0 000004000009000002
4 403567.0 000004000009000002 403567.0 000004000009000002
4 403567.0 000004000009000002 3.69772 001005001012010003
4 3.69772 001005001012010003 11827.4 004005000010006002
4 11827.4 004005000010006002 1391.91 004005000010006001
4 1391.91 004005000010006001 3.69772 001005001012010003
4 3.69772 001005001012010003 9248830.0 011005001009012003
4 9248830.0 011005001009012003 8366490.0 011004001009012003
4 8366490.0 011004001009012003 3.69772 001005001012010003
4 3.69772 001005001012010003 2924130.0 004005000006012006
4 2924130.0 004005000006012006 29342.9 004005001006012006
4 29342.9 004005001006012006 3.69772 001005001012010003
4 3.69772 001005001012010003 505174.0 001000000003002004
4 505174.0 001000000003002004 2109.53 001001000003002004
4 2109.53 001001000003002004 3.69772 001005001012010003
4 3.69772 001005001012010003 28112.5 004005000003010002
4 28112.5 004005000003010002 41.0605 004005000003010007
4 41.0605 004005000003010007 3.69772 001005001012010003
4 3.69772 001005001012010003 993050.0 004000000009006004
4 993050.0 004000000009006004 249763.0 016000000009006004
4 249763.0 016000000009006004 3.69772 001005001012010003
4 3.69772 001005001012010003 10313.9 003005000010002004
4 10313.9 003005000010002004 4472.71 006005000010002004
4 4472.71 006005000010002004 3.69772 001005001012010003
4 3.69772 001005001012010003 31414.3 004005000003010001
4 31414.3 004005000003010001 28112.5 004005000003010002
4 28112.5 004005000003010002 3.69772 001005001012010003
4 3.69772 001005001012010003 6681.57 011005002003004004
4 6681.57 011005002003004004 23.4266 003005002003004004
4 23.4266 003005002003004004 3.69772 001005001012010003
4 3.69772 001005001012010003 10471.3 009005002003006000
4 10471.3 009005002003006000 3140.68 003005002003006000
4 3140.68 003005002003006000 3.69772 001005001012010003
4 3.69772 001005001012010003 18497.9 007005000003006004
4 18497.9 007005000003006004 6018.24 007003000003006004
4 6018.24 007003000003006004 3.69772 001005001012010003
4 3.69772 001005001012010003 1687630.0 001005002003001000
4 1687630.0 001005002003001000 9555.46 001005001003001000
4 9555.46 001005001003001000 3.69772 001005001012010003
4 3.69772 001005001012010003 6274670.0 002005001000003003
4 6274670.0 002005001000003003 434517.0 000005001000003003
4 434517.0 000005001000003003 3.69772 001005001012010003
4 3.69772 001005001012010003 6796680.0 011005000010000002
4 6796680.0 011005000010000002 35994.8 011005000010007002
4 35994.8 011005000010007002 3.69772 001005001012010003
4 3.69772 001005001012010003 24960.1 018001000003002003
4 24960.1 018001000003002003 16094.4 018001000006002003
4 16094.4 018001000006002003 3.69772 001005001012010003
4 3.69772 001005001012010003 23410.1 011005002009002002
4 23410.1 011005002009002002 69.5413 011005002009002008
4 69.5413 011005002009002008 3.69772 001005001012010003
4 3.69772 001005001012010003 671872.0 003005001006006001
4 671872.0 003005001006006001 521918.0 003005001006006005
4 521918.0 003005001006006005 3.69772 001005001012010003
4 3.69772 001005001012010003 8135.61 002005000009012004
4 8135.61 002005000009012004 27.0218 002005000009012008
4 27.0218 002005000009012008 3.69772 001005001012010003
4 3.69772 001005001012010003 5208940000.0 007005002006011000
4 5208940000.0 007005002006011000 30617.5 007005002006009000
4 30617.5 007005002006009000 3.69772 001005001012010003
4 3.69772 001005001012010003 23444.9 011000000007000006
4 23444.9 011000000007000006 7586.94 004000000007000006
4 7586.94 004000000007000006 3.69772 001005001012010003
4 3.69772 001005001012010003 854053.0 000005002010004003
4 854053.0 000005002010004003 200464.0 000002002010004003
4 200464.0 000002002010004003 3.69772 001005001012010003
4 3.69772 001005001012010003 1772.77 009004000010002006
4 1772.77 009004000010002006 326.497 015004000010002006
4 326.497 015004000010002006 3.69772 001005001012010003
4 3.69772 001005001012010003 18568.2 004005002003004003
4 18568.2 004005002003004003 7800.17 004002002003004003
4 7800.17 004002002003004003 3.69772 001005001012010003
4 3.69772 001005001012010003 2554260.0 001005001003002005
4 2554260.0 001005001003002005 436578.0 001005001003002003
4 436578.0 001005001003002003 3.69772 001005001012010003
4 3.69772 001005001012010003 244758.0 004000000006012002
4 244758.0 004000000006012002 41.0183 004000000001012002
4 41.0183 004000000001012002 3.69772 001005001012010003
4 3.69772 001005001012010003 2722280000.0 007005002003002004
4 2722280000.0 007005002003002004 37935.3 007005000003002004
4 37935.3 007005000003002004 3.69772 001005001012010003
4 3.69772 001005001012010003 2150680000.0 007005000003006000
4 2150680000.0 007005000003006000 37899800.0 007005000006006000
4 37899800.0 007005000006006000 3.69772 001005001012010003
4 3.69772 001005001012010003 3096350000.0 009005000003006000
4 3096350000.0 009005000003006000 50761.7 009005000003009000
4 50761.7 009005000003009000 3.69772 001005001012010003
4 3.69772 001005001012010003 1025.8 000005002007006000
4 1025.8 000005002007006000 410.13 000005001007006000
4 410.13 000005001007006000 3.69772 001005001012010003
4 3.69772 001005001012010003 225808000.0 011005000009003005
4 225808000.0 011005000009003005 92509400.0 012005000009003005
4 92509400.0 012005000009003005 3.69772 001005001012010003
4 3.69772 001005001012010003 8146.38 011000002003011005
4 8146.38 011000002003011005 3.69772 001005001012010003
4 3.69772 001005001012010003 4.13175 001005001003012001
4 4.13175 001005001003012001 21631.6 011005001009012006
4 21631.6 011005001009012006 17327.8 011005001002012006
4 17327.8 011005001002012006 3.69772 001005001012010003
4 3.69772 001005001012010003 2892910.0 003005001009002002
4 2892910.0 003005001009002002 2071140.0 003005001009009002
4 2071140.0 003005001009009002 3.69772 001005001012010003
4 3.69772 001005001012010003 5208985000.0 004004000003002002
4 5208985000.0 004004000003002002 5208985000.0 004004000003002002
4 5208985000.0 004004000003002002 3.69772 001005001012010003
4 3.69772 001005001012010003 758564.93425 004005001007002004
4 758564.93425 004005001007002004 758564.93425 004005001007002004
4 758564.93425 004005001007002004 3.69772 001005001012010003
4 3.69772 001005001012010003 11763900.0 004005000009004009
4 11763900.0 004005000009004009 2613150.0 004000000009004009
4 2613150.0 004000000009004009 3.69772 001005001012010003
4 3.69772 001005001012010003 520447.0 004000001009006004
4 520447.0 004000001009006004 4001.43 004000001009002004
4 4001.43 004000001009002004 3.69772 001005001012010003
4 3.69772 001005001012010003 805265.0 004005001009001002
4 805265.0 004005001009001002 179.413 004003001009001002
4 179.413 004003001009001002 3.69772 001005001012010003
4 3.69772 001005001012010003 20884100.0 001003000004004002
4 20884100.0 001003000004004002 43561.6 001003000011004002
4 43561.6 001003000011004002 3.69772 001005001012010003
4 3.69772 001005001012010003 1176510.0 007000000010002004
4 1176510.0 007000000010002004 258.153 007000002010002004
4 258.153 007000002010002004 3.69772 001005001012010003
4 3.69772 001005001012010003 101.814 004000000009010000
4 101.814 004000000009010000 3.28417 003000000009010000
4 3.28417 003000000009010000 3.69772 001005001012010003
4 3.69772 001005001012010003 731730.0 004005000009012002
4 731730.0 004005000009012002 46949.8 004005000008012002
4 46949.8 004005000008012002 3.28417 003000000009010000
4 3.28417 003000000009010000 8953000.0 011005000009012002
4 8953000.0 011005000009012002 214148.0 011001000009012002
4 214148.0 011001000009012002 3.28417 003000000009010000
4 3.28417 003000000009010000 1420830.0 004005000007009004
4 1420830.0 004005000007009004 7527.51 005005000007009004
4 7527.51 005005000007009004 3.28417 003000000009010000
4 3.28417 003000000009010000 3879.46 011000000010010002
4 3879.46 011000000010010002 1311.68 014000000010010002
4 1311.68 014000000010010002 3.28417 003000000009010000
4 3.28417 003000000009010000 584642.0 001004002009006004
4 584642.0 001004002009006004 8942.03 001004000009006004
4 8942.03 001004000009006004 3.28417 003000000009010000
4 3.28417 003000000009010000 908641.5 004005000007010004
4 908641.5 004005000007010004 908641.5 004005000007010004
4 908641.5 004005000007010004 3.28417 003000000009010000
4 3.28417 003000000009010000 16813.1 004000002010002004
4 16813.1 004000002010002004 5589.29 004000002010006004
4 5589.29 004000002010006004 3.28417 003000000009010000
4 3.28417 003000000009010000 6565900.0 004005002003001006
4 6565900.0 004005002003001006 52339.9 004002002003001006
4 52339.9 004002002003001006 3.28417 003000000009010000
4 3.28417 003000000009010000 1579550.0 007000000009004004
4 1579550.0 007000000009004004 12309.4 007006000009004004
4 12309.4 007006000009004004 3.28417 003000000009010000
4 3.28417 003000000009010000 456301.0 002000000010012006
4 456301.0 002000000010012006 998.967 002000000003012006
4 998.967 002000000003012006 3.28417 003000000009010000
5 3.28417 003000000009010000 600129.0 001000001008008002
5 600129.0 001000001008008002 293993.0 001005001008008002
5 293993.0 001005001008008002 423.285 011001000001002001
5 423.285 011001000001002001 802131.0 002005002008001004
5 802131.0 002005002008001004 764030.0 002005002008001008
5 764030.0 002005002008001008 423.285 011001000001002001
5 423.285 011001000001002001 5209.88 008003000009004003
5 5209.88 008003000009004003 423.285 011001000001002001
5 423.285 011001000001002001 6532.12 005000001007011000
5 6532.12 005000001007011000 2617.17 005001000001008003
5 2617.17 005001000001008003 147.558 014001000001008003
5 147.558 014001000001008003 423.285 011001000001002001
5 423.285 011001000001002001 5543.9 002000001009009000
5 5543.9 002000001009009000 9.95559 002000001009011000
5 9.95559 002000001009011000 147.558 014001000001008003
5 147.558 014001000001008003 13485.7 002001002002011004
5 13485.7 002001002002011004 4781.15 002002002002011004
5 4781.15 002002002002011004 9.95559 002000001009011000
5 9.95559 002000001009011000 54.5065 005005001008000004
5 54.5065 005005001008000004 8.85058 005005001008000005
5 8.85058 005005001008000005 9.95559 002000001009011000
5 9.95559 002000001009011000 3714.7 013004001008011000
5 3714.7 013004001008011000 8.85058 005005001008000005
5 8.85058 005005001008000005 9.95559 002000001009011000
5 9.95559 002000001009011000 20124.4 005003002001005005
5 20124.4 005003002001005005 11778.6 019003002001005005
5 11778.6 019003002001005005 8.85058 005005001008000005
5 8.85058 005005001008000005 4640036.95 002004001001004001
5 4640036.95 002004001001004001 4640036.95 002004001001004001
5 4640036.95 002004001001004001 8.85058 005005001008000005
5 8.85058 005005001008000005 7127.94 003003000008011004
5 7127.94 003003000008011004 1562.83 001003000008011004
5 1562.83 001003000008011004 8.85058 005005001008000005
5 8.85058 005005001008000005 1092287.1866666668 009000000008011001
5 1092287.1866666668 009000000008011001 148997.0 009000000008005001
5 148997.0 009000000008005001 8.85058 005005001008000005
5 8.85058 005005001008000005 14601.8 003005000008011000
5 14601.8 003005000008011000 16111.2 003005001008011000
5 16111.2 003005001008011000 8.85058 005005001008000005
5 8.85058 005005001008000005 810238.0 002002002008011004
5 810238.0 002002002008011004 25389.0 002006002008011004
5 25389.0 002006002008011004 8.85058 005005001008000005
5 8.85058 005005001008000005 191646.0 000000001001008001
5 191646.0 000000001001008001 21669.5 000000001001008000
5 21669.5 000000001001008000 8.85058 005005001008000005
5 8.85058 005005001008000005 560624.0 002000000009000004
5 560624.0 002000000009000004 4651.32 015000000009000004
5 4651.32 015000000009000004 8.85058 005005001008000005
5 8.85058 005005001008000005 1843690.0 005001002008008002
5 1843690.0 005001002008008002 247032.0 005001002008008005
5 247032.0 005001002008008005 8.85058 005005001008000005
5 8.85058 005005001008000005 48.5429 002001000004006003
5 48.5429 002001000004006003 8.85058 005005001008000005
5 8.85058 005005001008000005 9.95559 002000001009011000
5 9.95559 002000001009011000 28919900.0 011005000001005000
5 28919900.0 011005000001005000 28919900.0 011005000001005000
5 28919900.0 011005000001005000 8.85058 005005001008000005
5 8.85058 005005001008000005 816420.0 001001000008001005
5 816420.0 001001000008001005 23204.4 006001000008001005
5 23204.4 006001000008001005 8.85058 005005001008000005
5 8.85058 005005001008000005 375100000.0 002003000001006002
5 375100000.0 002003000001006002 146144000.0 014003000001006002
5 146144000.0 014003000001006002 8.85058 005005001008000005
5 8.85058 005005001008000005 10982.0 015004002009009004
5 10982.0 015004002009009004 8.85058 005005001008000005
5 8.85058 005005001008000005 9.95559 002000001009011000
5 9.95559 002000001009011000 79181700.0 013005001008004002
5 79181700.0 013005001008004002 79181700.0 013005001008004002
5 79181700.0 013005001008004002 8.85058 005005001008000005
5 8.85058 005005001008000005 277.321 005003001008011001
5 277.321 005003001008011001 8.85058 005005001008000005
5 8.85058 005005001008000005 9.95559 002000001009011000
5 9.95559 002000001009011000 28157.4 002000001010006004
5 28157.4 002000001010006004 16498.0 002000001004006004
5 16498.0 002000001004006004 8.85058 005005001008000005
5 8.85058 005005001008000005 1367540.0 005004000008000005
5 1367540.0 005004000008000005 328686.0 005004000008007005
5 328686.0 005004000008007005 8.85058 005005001008000005
5 8.85058 005005001008000005 26663200.0 003005000001005001
5 26663200.0 003005000001005001 29384.3 003005000008005001
5 29384.3 003005000008005001 8.85058 005005001008000005
5 8.85058 005005001008000005 181366000.0 005002000008000001
5 181366000.0 005002000008000001 6206.88 005000000008000001
5 6206.88 005000000008000001 8.85058 005005001008000005
5 8.85058 005005001008000005 205377.0 000000002002004000
5 205377.0 000000002002004000 169052.0 000000002002006000
5 169052.0 000000002002006000 8.85058 005005001008000005
5 8.85058 005005001008000005 1413920.0 000003000001011003
5 1413920.0 000003000001011003 12597.2 000003000001011006
5 12597.2 000003000001011006 8.85058 005005001008000005
5 8.85058 005005001008000005 1092287.1866666668 009000000008011001
5 1092287.1866666668 009000000008011001 2181.08 009000000008004001
5 2181.08 009000000008004001 8.85058 005005001008000005
5 8.85058 005005001008000005 2371670.0 014004000010011003
5 2371670.0 014004000010011003 2418.8 014004000010011009
5 2418.8 014004000010011009 8.85058 005005001008000005
5 8.85058 005005001008000005 284680.5 000004001008006004
5 284680.5 000004001008006004 284680.5 000004001008006004
5 284680.5 000004001008006004 8.85058 005005001008000005
5 8.85058 005005001008000005 1742330.0 002003000008012002
5 1742330.0 002003000008012002 1611520.0 002004000008012002
5 1611520.0 002004000008012002 8.85058 005005001008000005
5 8.85058 005005001008000005 826898000.0 002004000002008000
5 826898000.0 002004000002008000 11085.3 002004000002004000
5 11085.3 002004000002004000 8.85058 005005001008000005
5 8.85058 005005001008000005 216153.0 000001001001002004
5 216153.0 000001001001002004 7402.4 000001001001010004
5 7402.4 000001001001010004 8.85058 005005001008000005
5 8.85058 005005001008000005 22.6109 002000001005011001
5 22.6109 002000001005011001 8.85058 005005001008000005
5 8.85058 005005001008000005 9.95559 002000001009011000
5 9.95559 002000001009011000 1103550.0 005004001005004003
5 1103550.0 005004001005004003 4246.8 005004001005004000
5 4246.8 005004001005004000 8.85058 005005001008000005
5 8.85058 005005001008000005 56191.8 005003000009011000
5 56191.8 005003000009011000 8.85058 005005001008000005
5 8.85058 005005001008000005 9.95559 002000001009011000
5 9.95559 002000001009011000 282930.0 014004002001009004
5 282930.0 014004002001009004 18621.6 014004002001004004
5 18621.6 014004002001004004 8.85058 005005001008000005
5 8.85058 005005001008000005 383506.0 000004002008006005
5 383506.0 000004002008006005 212135.0 000004002008006004
5 212135.0 000004002008006004 8.85058 005005001008000005
5 8.85058 005005001008000005 42.3006 000001001001009004
5 42.3006 000001001001009004 13.2862 000001001008009004
5 13.2862 000001001008009004 8.85058 005005001008000005
5 8.85058 005005001008000005 5159.61 014001000008009000
5 5159.61 014001000008009000 2321.46 014001000008001000
5 2321.46 014001000008001000 8.85058 005005001008000005
5 8.85058 005005001008000005 5528830000.0 014000001005011001
5 5528830000.0 014000001005011001 32941.1 014000001005000001
5 32941.1 014000001005000001 8.85058 005005001008000005
5 8.85058 005005001008000005 22320.6 000003001001004001
5 22320.6 000003001001004001 15336.9 005003001001004001
5 15336.9 005003001001004001 8.85058 005005001008000005
5 8.85058 005005001008000005 4079560.0 009004000010009000
5 4079560.0 009004000010009000 15412.3 004004000010009000
5 15412.3 004004000010009000 8.85058 005005001008000005
5 8.85058 005005001008000005 7009.68 000000000008005003
5 7009.68 000000000008005003 2730.07 000000000008005007
5 2730.07 000000000008005007 8.85058 005005001008000005
5 8.85058 005005001008000005 31407.2 005001000008000004
5 31407.2 005001000008000004 21899.6 006001000008000004
5 21899.6 006001000008000004 8.85058 005005001008000005
5 8.85058 005005001008000005 78.4814 000003000001011004
5 78.4814 000003000001011004 47.3593 000003000010011004
5 47.3593 000003000010011004 8.85058 005005001008000005
5 8.85058 005005001008000005 1648710.0 002004002004011000
5 1648710.0 002004002004011000 1217.66 005004002004011000
5 1217.66 005004002004011000 8.85058 005005001008000005
5 8.85058 005005001008000005 8481.66 000005001009008007
5 8481.66 000005001009008007 2.27723 000005001009011007
5 2.27723 000005001009011007 8.85058 005005001008000005
5 8.85058 005005001008000005 4222.53 009001000008008000
5 4222.53 009001000008008000 706.419 009004000008008000
5 706.419 009004000008008000 2.27723 000005001009011007
5 2.27723 000005001009011007 1114210.0 000003000008005003
5 1114210.0 000003000008005003 9413.59 000005000008005003
5 9413.59 000005000008005003 2.27723 000005001009011007
5 2.27723 000005001009011007 490718000.0 005003000008009000
5 490718000.0 005003000008009000 45395.5 005003000002009000
5 45395.5 005003000002009000 2.27723 000005001009011007
5 2.27723 000005001009011007 179523.0 013000000010011004
5 179523.0 013000000010011004 367.9 013000000005011004
5 367.9 013000000005011004 2.27723 000005001009011007
5 2.27723 000005001009011007 14413000.0 014001001001002007
5 14413000.0 014001001001002007 15798.5 014002001001002007
5 15798.5 014002001001002007 2.27723 000005001009011007
5 2.27723 000005001009011007 4147.44 002000000009011003
5 4147.44 002000000009011003 70.5064 002000000000011003
5 70.5064 002000000000011003 2.27723 000005001009011007
5 2.27723 000005001009011007 2565830.0 002001000008000004
5 2565830.0 002001000008000004 1329080.0 002002000008000004
5 1329080.0 002002000008000004 2.27723 000005001009011007
5 2.27723 000005001009011007 159589000.0 015000001004006000
5 159589000.0 015000001004006000 64086300.0 003000001004006000
5 64086300.0 003000001004006000 2.27723 000005001009011007
5 2.27723 000005001009011007 231450.0 000000002009011001
5 231450.0 000000002009011001 130217.0 003000002009011001
5 130217.0 003000002009011001 2.27723 000005001009011007
5 2.27723 000005001009011007 27646800.0 002001000001006001
5 27646800.0 002001000001006001 256788.0 002001002001006001
5 256788.0 002001002001006001 2.27723 000005001009011007
5 2.27723 000005001009011007 600645.0 001001001001008000
5 600645.0 001001001001008000 50754.2 001004001001008000
5 50754.2 001004001001008000 2.27723 000005001009011007
5 2.27723 000005001009011007 118764000.0 014001001002000005
5 118764000.0 014001001002000005 68540200.0 014001001002004005
5 68540200.0 014001001002004005 2.27723 000005001009011007
5 2.27723 000005001009011007 1.04007 000000000008011000
5 1.04007 000000000008011000 2.27723 000005001009011007
5 2.27723 000005001009011007 8.85058 005005001008000005
5 8.85058 005005001008000005 29446.6 019002001002011004
5 29446.6 019002001002011004 24524.0 019002001002011005
5 24524.0 019002001002011005 1.04007 000000000008011000
5 1.04007 000000000008011000 280281.0 002000000004008001
5 280281.0 002000000004008001 55834.9 002006000004008001
5 55834.9 002006000004008001 1.04007 000000000008011000
5 1.04007 000000000008011000 24405300000.0 014001000004000001
5 24405300000.0 014001000004000001 8214050000.0 014005000004000001
5 8214050000.0 014005000004000001 1.04007 000000000008011000
5 1.04007 000000000008011000 1595470.0 000004000010008000
5 1595470.0 000004000010008000 956178.0 000002000010008000
5 956178.0 000002000010008000 1.04007 000000000008011000
5 1.04007 000000000008011000 376123.0 000000000009009003
5 376123.0 000000000009009003 185140.0 000000001009009003
5 185140.0 000000001009009003 1.04007 000000000008011000
5 1.04007 000000000008011000 6097.78 002004000009011003
5 6097.78 002004000009011003 1.04007 000000000008011000
5 1.04007 000000000008011000 2.27723 000005001009011007
5 2.27723 000005001009011007 614164.0 000000002008004000
5 614164.0 000000002008004000 227713.0 000001002008004000
5 227713.0 000001002008004000 1.04007 000000000008011000
5 1.04007 000000000008011000 289608.0 000005000009009003
5 289608.0 000005000009009003 6.49393 002005000009009003
5 6.49393 002005000009009003 1.04007 000000000008011000
5 1.04007 000000000008011000 42.9057 002001000009011004
5 42.9057 002001000009011004 42.9057 002001000009011004
5 42.9057 002001000009011004 1.04007 000000000008011000
5 1.04007 000000000008011000 34018.0 013000001000011000
5 34018.0 013000001000011000 11247.0 013004001000011000
5 11247.0 013004001000011000 1.04007 000000000008011000
5 1.04007 000000000008011000 101427000.0 002003000009004001
5 101427000.0 002003000009004001 22150800.0 002003000009004003
5 22150800.0 002003000009004003 1.04007 000000000008011000
5 1.04007 000000000008011000 11619.7 005001000008011001
5 11619.7 005001000008011001 1158.51 005001000005011001
5 1158.51 005001000005011001 1.04007 000000000008011000
5 1.04007 000000000008011000 31457.1 002000001000004000
5 31457.1 002000001000004000 12230.4 002005001000004000
5 12230.4 002005001000004000 1.04007 000000000008011000
5 1.04007 000000000008011000 1613900.0 005004000008011003
5 1613900.0 005004000008011003 1613900.0 005004000008011003
5 1613900.0 005004000008011003 1.04007 000000000008011000
5 1.04007 000000000008011000 120.491 000000000008009001
5 120.491 000000000008009001 50.3381 000000000008003001
5 50.3381 000000000008003001 1.04007 000000000008011000
5 1.04007 000000000008011000 629912.0 000004000008008001
5 629912.0 000004000008008001 325662.0 000004000008003001
5 325662.0 000004000008003001 1.04007 000000000008011000
5 1.04007 000000000008011000 470785.0 000000000009011001
5 470785.0 000000000009011001 151838.0 003000000009011001
5 151838.0 003000000009011001 1.04007 000000000008011000
5 1.04007 000000000008011000 97204500.0 005005000005004000
5 97204500.0 005005000005004000 5734.37 005005001005004000
5 5734.37 005005001005004000 1.04007 000000000008011000
5 1.04007 000000000008011000 1926910000.0 005001000001008001
5 1926910000.0 005001000001008001 1285.25 005001000001009001
5 1285.25 005001000001009001 1.04007 000000000008011000
5 1.04007 000000000008011000 35164.3 000000000008009003
5 35164.3 000000000008009003 86.7838 000000000008003003
5 86.7838 000000000008003003 1.04007 000000000008011000
5 1.04007 000000000008011000 42013.6 014003001008011003
5 42013.6 014003001008011003 39202.0 014003001006011003
5 39202.0 014003001006011003 1.04007 000000000008011000
5 1.04007 000000000008011000 51708900.0 014004002008006000
5 51708900.0 014004002008006000 10593900.0 008004002008006000
5 10593900.0 008004002008006000 1.04007 000000000008011000
5 1.04007 000000000008011000 376700.0 009000000001011001
5 376700.0 009000000001011001 20899.9 009000000003011001
5 20899.9 009000000003011001 1.04007 000000000008011000
5 1.04007 000000000008011000 350545.0 000003001005011001
5 350545.0 000003001005011001 204312.0 000003002005011001
5 204312.0 000003002005011001 1.04007 000000000008011000
5 1.04007 000000000008011000 2910.47 014003000005011003
5 2910.47 014003000005011003 244.655 014005000005011003
5 244.655 014005000005011003 1.04007 000000000008011000
5 1.04007 000000000008011000 4418470.0 013000001008003005
5 4418470.0 013000001008003005 7998.91 013000000008003005
5 7998.91 013000000008003005 1.04007 000000000008011000
5 1.04007 000000000008011000 841609.0 002001000001011004
5 841609.0 002001000001011004 85.7408 002001000001011007
5 85.7408 002001000001011007 1.04007 000000000008011000
5 1.04007 000000000008011000 5475.39 002003000010009007
5 5475.39 002003000010009007 1.04007 000000000008011000
5 1.04007 000000000008011000 2.27723 000005001009011007
5 2.27723 000005001009011007 1065060.0 002005001001011001
5 1065060.0 002005001001011001 211077.0 002005002001011001
5 211077.0 002005002001011001 1.04007 000000000008011000
5 1.04007 000000000008011000 278.895 005000002004011003
5 278.895 005000002004011003 1.04007 000000000008011000
5 1.04007 000000000008011000 2.27723 000005001009011007
5 2.27723 000005001009011007 13442.5 013000001010011000
5 13442.5 013000001010011000 40.6886 000000001010011000
5 40.6886 000000001010011000 1.04007 000000000008011000
5 1.04007 000000000008011000 375346.0 002000001000011003
5 375346.0 002000001000011003 30702.2 003000001000011003
5 30702.2 003000001000011003 1.04007 000000000008011000
5 1.04007 000000000008011000 20756.2 009001001009004001
5 20756.2 009001001009004001 8245.94 009001001002004001
5 8245.94 009001001002004001 1.04007 000000000008011000
5 1.04007 000000000008011000 377.488 005004000010011001
5 377.488 005004000010011001 377.488 005004000010011001
5 377.488 005004000010011001 1.04007 000000000008011000
5 1.04007 000000000008011000 391383.5 000003000005008004
5 391383.5 000003000005008004 391383.5 000003000005008004
5 391383.5 000003000005008004 1.04007 000000000008011000
5 1.04007 000000000008011000 73.3331 002001000009003003
5 73.3331 002001000009003003 1.04007 000000000008011000
5 1.04007 000000000008011000 2.27723 000005001009011007
5 2.27723 000005001009011007 89130100.0 005002002001004003
5 89130100.0 005002002001004003 16113100.0 005004002001004003
5 16113100.0 005004002001004003 1.04007 000000000008011000
5 1.04007 000000000008011000 13694100.0 013005001008009004
5 13694100.0 013005001008009004 13694100.0 013005001008009004
5 13694100.0 013005001008009004 1.04007 000000000008011000
5 1.04007 000000000008011000 784317.0 009000000002009001
5 784317.0 009000000002009001 1479.03 009000000010009001
5 1479.03 009000000010009001 1.04007 000000000008011000
5 1.04007 000000000008011000 49015.6 014005002010011000
5 49015.6 014005002010011000 136.62 014005000010011000
5 136.62 014005000010011000 1.04007 000000000008011000
5 1.04007 000000000008011000 1092287.1866666668 009000000008011001
5 1092287.1866666668 009000000008011001 46304.0 009006000008011001
5 46304.0 009006000008011001 1.04007 000000000008011000
5 1.04007 000000000008011000 4866.46 013000000009000001
5 4866.46 013000000009000001 2889.81 013000000009000005
5 2889.81 013000000009000005 1.04007 000000000008011000
5 1.04007 000000000008011000 20502800000.0 014001000008000000
5 20502800000.0 014001000008000000 20502800000.0 014001000008000000
5 20502800000.0 014001000008000000 1.04007 000000000008011000
5 1.04007 000000000008011000 382755.0 000000000009011000
5 382755.0 000000000009011000 6684.71 000002000009011000
5 6684.71 000002000009011000 1.04007 000000000008011000
5 1.04007 000000000008011000 3300820.0 013005001005002007
5 3300820.0 013005001005002007 2977350.0 013005001005001007
5 2977350.0 013005001005001007 1.04007 000000000008011000
5 1.04007 000000000008011000 2757.53 011000000009009001
5 2757.53 011000000009009001 1.04007 000000000008011000
5 1.04007 000000000008011000 2.27723 000005001009011007
5 2.27723 000005001009011007 735129.0 005000000005011000
5 735129.0 005000000005011000 460020.0 005000000004011000
5 460020.0 005000000004011000 1.04007 000000000008011000
5 1.04007 000000000008011000 234759.0 000000000005011005
5 234759.0 000000000005011005 8497.56 018000000005011005
5 8497.56 018000000005011005 1.04007 000000000008011000
5 1.04007 000000000008011000 293607.0 009001000008011003
5 293607.0 009001000008011003 293607.0 009001000008011003
5 293607.0 009001000008011003 1.04007 000000000008011000
5 1.04007 000000000008011000 425416.0 005000000008009001
5 425416.0 005000000008009001 158994.0 013000000008009001
5 158994.0 013000000008009001 1.04007 000000000008011000
5 1.04007 000000000008011000 28797.1 014003000009011003
5 28797.1 014003000009011003 3445.78 014003000009011001
5 3445.78 014003000009011001 1.04007 000000000008011000
5 1.04007 000000000008011000 29915.9 000003000004011007
5 29915.9 000003000004011007 6026.47 017003000004011007
5 6026.47 017003000004011007 1.04007 000000000008011000
5 1.04007 000000000008011000 22589.7 002000000001001003
5 22589.7 002000000001001003 5817.03 002000000001000003
5 5817.03 002000000001000003 1.04007 000000000008011000
5 1.04007 000000000008011000 50.3381 000000000008003001
5 50.3381 000000000008003001 29466.8 019000000008003001
5 29466.8 019000000008003001 1.04007 000000000008011000
5 1.04007 000000000008011000 31011.2 005003000008011001
5 31011.2 005003000008011001 20249.5 005003000000011001
5 20249.5 005003000000011001 1.04007 000000000008011000
5 1.04007 000000000008011000 280822000.0 013003000008011000
5 280822000.0 013003000008011000 603.511 013002000008011000
5 603.511 013002000008011000 1.04007 000000000008011000
5 1.04007 000000000008011000 23990.0 000005000009011004
5 23990.0 000005000009011004 59.1735 000005000009005004
5 59.1735 000005000009005004 1.04007 000000000008011000
5 1.04007 000000000008011000 921844.0 000001001001011001
5 921844.0 000001001001011001 127551.0 000001001001007001
5 127551.0 000001001001007001 1.04007 000000000008011000
5 1.04007 000000000008011000 144539.0 000001000001011001
5 144539.0 000001000001011001 52053.0 000003000001011001
5 52053.0 000003000001011001 1.04007 000000000008011000
5 1.04007 000000000008011000 429732.0 014000000001011004
5 429732.0 014000000001011004 9748.17 014000000001001004
5 9748.17 014000000001001004 1.04007 000000000008011000
5 1.04007 000000000008011000 70.0587 009001000001009003
5 70.0587 009001000001009003 39.1817 009001000001010003
5 39.1817 009001000001010003 1.04007 000000000008011000
5 1.04007 000000000008011000 16998.7 005005000008011000
5 16998.7 005005000008011000 14601.8 003005000008011000
5 14601.8 003005000008011000 1.04007 000000000008011000
5 1.04007 000000000008011000 937119.0 000001000009000001
5 937119.0 000001000009000001 376428.0 000001000009000002
5 376428.0 000001000009000002 1.04007 000000000008011000
5 1.04007 000000000008011000 668410.0 000001000004009004
5 668410.0 000001000004009004 175881.0 000001001004009004
5 175881.0 000001001004009004 1.04007 000000000008011000
5 1.04007 000000000008011000 12671.415 005001000008003003
5 12671.415 005001000008003003 12671.415 005001000008003003
5 12671.415 005001000008003003 1.04007 000000000008011000
5 1.04007 000000000008011000 176699000.0 013001001001005001
5 176699000.0 013001001001005001 29461.1 013005001001005001
5 29461.1 013005001001005001 1.04007 000000000008011000
5 1.04007 000000000008011000 20453.0 000001002005011000
5 20453.0 000001002005011000 3187.46 000001002005011005
5 3187.46 000001002005011005 1.04007 000000000008011000
5 1.04007 000000000008011000 54314.3 005003000008011000
5 54314.3 005003000008011000 54077.7 005003000008012000
5 54077.7 005003000008012000 1.04007 000000000008011000
5 1.04007 000000000008011000 40307.6 001005001005008003
5 40307.6 001005001005008003 2183.56 001005001005011003
5 2183.56 001005001005011003 1.04007 000000000008011000
5 1.04007 000000000008011000 4477330.0 000003000009006007
5 4477330.0 000003000009006007 2324760.0 000003000009006000
5 2324760.0 000003000009006000 1.04007 000000000008011000
5 1.04007 000000000008011000 446053.0 000000001001011007
5 446053.0 000000001001011007 7617.68 000004001001011007
5 7617.68 000004001001011007 1.04007 000000000008011000
5 1.04007 000000000008011000 699483.0 013001000005011003
5 699483.0 013001000005011003 15879.8 013001001005011003
5 15879.8 013001001005011003 1.04007 000000000008011000
5 1.04007 000000000008011000 6607.58 000000000008011003
5 6607.58 000000000008011003 93.1916 000000000008010003
5 93.1916 000000000008010003 1.04007 000000000008011000
5 1.04007 000000000008011000 158520.0 013000000008011003
5 158520.0 013000000008011003 12247.5 013000000008004003
5 12247.5 013000000008004003 1.04007 000000000008011000
5 1.04007 000000000008011000 8948.805 005000000001003004
5 8948.805 005000000001003004 8948.805 005000000001003004
5 8948.805 005000000001003004 1.04007 000000000008011000
5 1.04007 000000000008011000 5.24501 000004000008000003
5 5.24501 000004000008000003 5.24501 000004000008000003
5 5.24501 000004000008000003 1.04007 000000000008011000
5 1.04007 000000000008011000 96787500.0 002003000005009001
5 96787500.0 002003000005009001 12646.2 002005000005009001
5 12646.2 002005000005009001 1.04007 000000000008011000
5 1.04007 000000000008011000 2385370.0 011004002008011001
5 2385370.0 011004002008011001 5133.42 011004002009011001
5 5133.42 011004002009011001 1.04007 000000000008011000
5 1.04007 000000000008011000 92403800.0 013000001001011001
5 92403800.0 013000001001011001 57588.4 008000001001011001
5 57588.4 008000001001011001 1.04007 000000000008011000
5 1.04007 000000000008011000 1826190.0 005000000001002004
5 1826190.0 005000000001002004 327654.0 005000000008002004
5 327654.0 005000000008002004 1.04007 000000000008011000
5 1.04007 000000000008011000 364923.0 002000000005009003
5 364923.0 002000000005009003 1.04007 000000000008011000
5 1.04007 000000000008011000 2.27723 000005001009011007
5 2.27723 000005001009011007 4170830.0 005004000005009001
5 4170830.0 005004000005009001 1865130.0 005004000005009004
5 1865130.0 005004000005009004 1.04007 000000000008011000
5 1.04007 000000000008011000 27454.9 009000001004006009
5 27454.9 009000001004006009 139.186 009000001004007009
5 139.186 009000001004007009 1.04007 000000000008011000
5 1.04007 000000000008011000 570992.0 005004000008011004
5 570992.0 005004000008011004 183474.0 005004001008011004
5 183474.0 005004001008011004 1.04007 000000000008011000
5 1.04007 000000000008011000 18774.5 002004001001000000
5 18774.5 002004001001000000 13709.3 007004001001000000
5 13709.3 007004001001000000 1.04007 000000000008011000
5 1.04007 000000000008011000 45.5016 000004001008010001
5 45.5016 000004001008010001 12.7083 000000001008010001
5 12.7083 000000001008010001 1.04007 000000000008011000
5 1.04007 000000000008011000 289637.0 000000000005011004
5 289637.0 000000000005011004 276052.0 000000000005010004
5 276052.0 000000000005010004 1.04007 000000000008011000
5 1.04007 000000000008011000 52.8482 000004000008011004
5 52.8482 000004000008011004 24.4726 004004000008011004
5 24.4726 004004000008011004 1.04007 000000000008011000
5 1.04007 000000000008011000 53.9125 000000000000011003
5 53.9125 000000000000011003 1.04007 000000000008011000
5 1.04007 000000000008011000 2.27723 000005001009011007
5 2.27723 000005001009011007 189592.0 000001000009008003
5 189592.0 000001000009008003 17230.1 000001000009000003
5 17230.1 000001000009000003 1.04007 000000000008011000
5 1.04007 000000000008011000 4402.02 002004000008011004
5 4402.02 002004000008011004 4402.02 002004000008011004
5 4402.02 002004000008011004 1.04007 000000000008011000
5 1.04007 000000000008011000 535644.0 000001001005000001
5 535644.0 000001001005000001 208699.0 000001001005000004
5 208699.0 000001001005000004 1.04007 000000000008011000
5 1.04007 000000000008011000 34897.9 000005000001000000
5 34897.9 000005000001000000 28501.4 011005000001000000
5 28501.4 011005000001000000 1.04007 000000000008011000
5 1.04007 000000000008011000 804653.0 002000002008011003
5 804653.0 002000002008011003 24734.1 002000002008011008
5 24734.1 002000002008011008 1.04007 000000000008011000
5 1.04007 000000000008011000 5796.47 009001000001010000
5 5796.47 009001000001010000 5796.47 009001000001010000
5 5796.47 009001000001010000 1.04007 000000000008011000
5 1.04007 000000000008011000 219574.0 000001001001011003
5 219574.0 000001001001011003 199481.0 000001000001011003
5 199481.0 000001000001011003 1.04007 000000000008011000
5 1.04007 000000000008011000 9625.22 009001002009009001
5 9625.22 009001002009009001 4067.66 014001002009009001
5 4067.66 014001002009009001 1.04007 000000000008011000
5 1.04007 000000000008011000 20482.3 002002001001011001
5 20482.3 002002001001011001 17031.6 002002001004011001
5 17031.6 002002001004011001 1.04007 000000000008011000
5 1.04007 000000000008011000 7980.022550000001 000000001008011007
5 7980.022550000001 000000001008011007 7980.022550000001 000000001008011007
5 7980.022550000001 000000001008011007 1.04007 000000000008011000
5 1.04007 000000000008011000 341520.0 005000000001011003
5 341520.0 005000000001011003 341520.0 005000000001011003
5 341520.0 005000000001011003 1.04007 000000000008011000
5 1.04007 000000000008011000 556571.0 000004001008011000
5 556571.0 000004001008011000 96248.7 000000001008011000
5 96248.7 000000001008011000 1.04007 000000000008011000
5 1.04007 000000000008011000 85.7408 002001000001011007
5 85.7408 002001000001011007 1.04007 000000000008011000
5 1.04007 000000000008011000 2.27723 000005001009011007
5 2.27723 000005001009011007 14245.0 005003000005011003
5 14245.0 005003000005011003 4617.39 008003000005011003
5 4617.39 008003000005011003 1.04007 000000000008011000
6 1.04007 000000000008011000 405591.0 001004002007012002
6 405591.0 001004002007012002 4813.6 012004002007012002
6 4813.6 012004002007012002 1.33171 000001001004011002
6 1.33171 000001001004011002 21854200.0 014005000002000003
6 21854200.0 014005000002000003 5198570.0 014005000002009003
6 5198570.0 014005000002009003 1.33171 000001001004011002
6 1.33171 000001001004011002 63292.6 013006002007000004
6 63292.6 013006002007000004 54428.7 019006002007000004
6 54428.7 019006002007000004 1.33171 000001001004011002
6 1.33171 000001001004011002 16362500.0 006004000000007001
6 16362500.0 006004000000007001 5199490.0 006004000000012001
6 5199490.0 006004000000012001 1.33171 000001001004011002
6 1.33171 000001001004011002 1411260.0 012004002000011003
6 1411260.0 012004002000011003 554289.0 012004000000011003
6 554289.0 012004000000011003 1.33171 000001001004011002
6 1.33171 000001001004011002 7811170000.0 011005002003010002
6 7811170000.0 011005002003010002 1091730000.0 011005002003010004
6 1091730000.0 011005002003010004 1.33171 000001001004011002
6 1.33171 000001001004011002 8635070000.0 019000001003005003
6 8635070000.0 019000001003005003 1589050.0 003000001003005003
6 1589050.0 003000001003005003 1.33171 000001001004011002
6 1.33171 000001001004011002 77023.6 007002001002000003
6 77023.6 007002001002000003 20394.9 007002002002000003
6 20394.9 007002002002000003 1.33171 000001001004011002
6 1.33171 000001001004011002 26696.5 014006002004010003
6 26696.5 014006002004010003 26696.5 014006002004010003
6 26696.5 014006002004010003 1.33171 000001001004011002
6 1.33171 000001001004011002 368195000.0 004000002003002003
6 368195000.0 004000002003002003 14485400.0 004000002010002003
6 14485400.0 004000002010002003 1.33171 000001001004011002
6 1.33171 000001001004011002 3130360.0 007002000010005003
6 3130360.0 007002000010005003 317581.0 007002000006005003
6 317581.0 007002000006005003 1.33171 000001001004011002
6 1.33171 000001001004011002 16930.5 002005000005000001
6 16930.5 002005000005000001 9270.83 002005000012000001
6 9270.83 002005000012000001 1.33171 000001001004011002
6 1.33171 000001001004011002 266407000.0 007006000004000003
6 266407000.0 007006000004000003 31785.2 002006000004000003
6 31785.2 002006000004000003 1.33171 000001001004011002
6 1.33171 000001001004011002 2291630000.0 014004001007005004
6 2291630000.0 014004001007005004 16275.6 008004001007005004
6 16275.6 008004001007005004 1.33171 000001001004011002
6 1.33171 000001001004011002 52025000.0 005005000007001002
6 52025000.0 005005000007001002 6679.94 005005000008001002
6 6679.94 005005000008001002 1.33171 000001001004011002
6 1.33171 000001001004011002 56868.1 002002002008005003
6 56868.1 002002002008005003 14458.7 002002002008006003
6 14458.7 002002002008006003 1.33171 000001001004011002
6 1.33171 000001001004011002 537534.0 002002001007001002
6 537534.0 002002001007001002 34780.2 013002001007001002
6 34780.2 013002001007001002 1.33171 000001001004011002
6 1.33171 000001001004011002 8982090000.0 007006001010008002
6 8982090000.0 007006001010008002 24788.5 008006001010008002
6 24788.5 008006001010008002 1.33171 000001001004011002
6 1.33171 000001001004011002 81191000.0 007004001002001003
6 81191000.0 007004001002001003 5208690.0 007004001002007003
6 5208690.0 007004001002007003 1.33171 000001001004011002
6 1.33171 000001001004011002 14801400000.0 014000002007005002
6 14801400000.0 014000002007005002 47323.6 014000002012005002
6 47323.6 014000002012005002 1.33171 000001001004011002
6 1.33171 000001001004011002 52259.3 014000001004000001
6 52259.3 014000001004000001 29529.9 014000001007000001
6 29529.9 014000001007000001 1.33171 000001001004011002
6 1.33171 000001001004011002 4876620.95 008002002008011003
6 4876620.95 008002002008011003 4876620.95 008002002008011003
6 4876620.95 008002002008011003 1.33171 000001001004011002
6 1.33171 000001001004011002 2574200.0 005004000010002002
6 2574200.0 005004000010002002 613.255 000004000010002002
6 613.255 000004000010002002 1.33171 000001001004011002
6 1.33171 000001001004011002 3036130.0 004002000008005002
6 3036130.0 004002000008005002 3036130.0 004002000008005002
6 3036130.0 004002000008005002 1.33171 000001001004011002
6 1.33171 000001001004011002 487795000.0 013002002000012001
6 487795000.0 013002002000012001 125582.0 013002002000004001
6 125582.0 013002002000004001 1.33171 000001001004011002
6 1.33171 000001001004011002 67939058.75 013006001007011002
6 67939058.75 013006001007011002 67939058.75 013006001007011002
6 67939058.75 013006001007011002 1.33171 000001001004011002
6 1.33171 000001001004011002 41108.55 002003000008005004
6 41108.55 002003000008005004 41108.55 002003000008005004
6 41108.55 002003000008005004 1.33171 000001001004011002
6 1.33171 000001001004011002 19033200000.0 007006001004001004
6 19033200000.0 007006001004001004 52200.1 007006001004010004
6 52200.1 007006001004010004 1.33171 000001001004011002
6 1.33171 000001001004011002 8534940000.0 007006000011005002
6 8534940000.0 007006000011005002 50692.3 007006000011007002
6 50692.3 007006000011007002 1.33171 000001001004011002
6 1.33171 000001001004011002 1661670000.0 005001001007002001
6 1661670000.0 005001001007002001 88678800.0 014001001007002001
6 88678800.0 014001001007002001 1.33171 000001001004011002
6 1.33171 000001001004011002 3841.84 013004001008010003
6 3841.84 013004001008010003 42.195 004004001008010003
6 42.195 004004001008010003 1.33171 000001001004011002
6 1.33171 000001001004011002 10690300.0 011004000008007002
6 10690300.0 011004000008007002 10690300.0 011004000008007002
6 10690300.0 011004000008007002 1.33171 000001001004011002
6 1.33171 000001001004011002 448846000.0 014005000004002004
6 448846000.0 014005000004002004 2686500.0 014005000004007004
6 2686500.0 014005000004007004 1.33171 000001001004011002
6 1.33171 000001001004011002 36038.0 014001002004000000
6 36038.0 014001002004000000 1.33171 000001001004011002
6 1.33171 000001001004011002 39.7185 013000000002012003
6 39.7185 013000000002012003 4646090.0 012005000010005004
6 4646090.0 012005000010005004 1554050.0 012005000010012004
6 1554050.0 012005000010012004 1.33171 000001001004011002
6 1.33171 000001001004011002 603062000.0 002006001007010002
6 603062000.0 002006001007010002 156651.0 002001001007010002
6 156651.0 002001001007010002 1.33171 000001001004011002
6 1.33171 000001001004011002 17045.9 005002000011012003
6 17045.9 005002000011012003 7509.53 003002000011012003
6 7509.53 003002000011012003 1.33171 000001001004011002
6 1.33171 000001001004011002 886845.0 013004000006012001
6 886845.0 013004000006012001 863819.0 013004000003012001
6 863819.0 013004000003012001 1.33171 000001001004011002
6 1.33171 000001001004011002 18747100.0 005000000011000002
6 18747100.0 005000000011000002 1060920.0 005000000011004002
6 1060920.0 005000000011004002 1.33171 000001001004011002
6 1.33171 000001001004011002 6512306.3 012004001011008001
6 6512306.3 012004001011008001 6512306.3 012004001011008001
6 6512306.3 012004001011008001 1.33171 000001001004011002
6 1.33171 000001001004011002 16813.6 004001001011008004
6 16813.6 004001001011008004 39.8511 004000001011008004
6 39.8511 004000001011008004 1.33171 000001001004011002
6 1.33171 000001001004011002 7460900.0 004004000010002003
6 7460900.0 004004000010002003 28107.2 004004000003002003
6 28107.2 004004000003002003 1.33171 000001001004011002
6 1.33171 000001001004011002 18978.4 007000001003012003
6 18978.4 007000001003012003 18978.4 007000001003012003
6 18978.4 007000001003012003 1.33171 000001001004011002
6 1.33171 000001001004011002 414444.0 000005000002012001
6 414444.0 000005000002012001 942.205 000005000002012007
6 942.205 000005000002012007 1.33171 000001001004011002
6 1.33171 000001001004011002 2655.94 002005001004011002
6 2655.94 002005001004011002 5.79526 002005001009011002
6 5.79526 002005001009011002 1.33171 000001001004011002
6 1.33171 000001001004011002 388906.0 014001000012012001
6 388906.0 014001000012012001 667.849 014001000012011001
6 667.849 014001000012011001 1.33171 000001001004011002
6 1.33171 000001001004011002 21.4224 002004000010011003
6 21.4224 002004000010011003 1.33171 000001001004011002
6 1.33171 000001001004011002 5.79526 002005001009011002
6 5.79526 002005001009011002 11735.7 012004001011011001
6 11735.7 012004001011011001 6155.87 012004001011005001
6 6155.87 012004001011005001 1.33171 000001001004011002
6 1.33171 000001001004011002 16770.7 002004001005006000
6 16770.7 002004001005006000 6599.4 008004001005006000
6 6599.4 008004001005006000 1.33171 000001001004011002
6 1.33171 000001001004011002 11259.5 002005000008011004
6 11259.5 002005000008011004 11259.5 002005000008011004
6 11259.5 002005000008011004 1.33171 000001001004011002
6 1.33171 000001001004011002 6793660000.0 013001001004010001
6 6793660000.0 013001001004010001 17985.0 013001000004010001
6 17985.0 013001000004010001 1.33171 000001001004011002
6 1.33171 000001001004011002 29654.3 013001001004012003
6 29654.3 013001001004012003 18807.5 013001001004006003
6 18807.5 013001001004006003 1.33171 000001001004011002
6 1.33171 000001001004011002 13179.2 002004001007012003
6 13179.2 002004001007012003 1.87733 002004001007012007
6 1.87733 002004001007012007 1.33171 000001001004011002
6 1.33171 000001001004011002 7545.23 012005000009007003
6 7545.23 012005000009007003 186.181 008005000009007003
6 186.181 008005000009007003 1.33171 000001001004011002
6 1.33171 000001001004011002 9957.21 002004000012011003
6 9957.21 002004000012011003 3869.56 002004000012011007
6 3869.56 002004000012011007 1.33171 000001001004011002
6 1.33171 000001001004011002 18606200.0 000004000004000003
6 18606200.0 000004000004000003 19119.8 000004002004000003
6 19119.8 000004002004000003 1.33171 000001001004011002
6 1.33171 000001001004011002 387750.0 000001001007005002
6 387750.0 000001001007005002 18010.0 015001001007005002
6 18010.0 015001001007005002 1.33171 000001001004011002
6 1.33171 000001001004011002 118.693 013004000011005002
6 118.693 013004000011005002 118.693 013004000011005002
6 118.693 013004000011005002 1.33171 000001001004011002
6 1.33171 000001001004011002 667288.0 003004000011005003
6 667288.0 003004000011005003 6233.97 003000000011005003
6 6233.97 003000000011005003 1.33171 000001001004011002
6 1.33171 000001001004011002 2541110.0 012004000008007001
6 2541110.0 012004000008007001 17637.0 012004000002007001
6 17637.0 012004000002007001 1.33171 000001001004011002
6 1.33171 000001001004011002 4816270000.0 011004000002005001
6 4816270000.0 011004000002005001 404870.0 011000000002005001
6 404870.0 011000000002005001 1.33171 000001001004011002
6 1.33171 000001001004011002 141748.0 002002001005011001
6 141748.0 002002001005011001 61.9874 002003001005011001
6 61.9874 002003001005011001 1.33171 000001001004011002
6 1.33171 000001001004011002 692927.0 002003001011006004
6 692927.0 002003001011006004 25.5469 002003001011003004
6 25.5469 002003001011003004 1.33171 000001001004011002
6 1.33171 000001001004011002 3915730000.0 012004000006002002
6 3915730000.0 012004000006002002 8048090.0 012004000008002002
6 8048090.0 012004000008002002 1.33171 000001001004011002
6 1.33171 000001001004011002 311605.0 002004001005012003
6 311605.0 002004001005012003 45.9982 002004002005012003
6 45.9982 002004002005012003 1.33171 000001001004011002
6 1.33171 000001001004011002 74.1476 002001001011011003
6 74.1476 002001001011011003 74.1476 002001001011011003
6 74.1476 002001001011011003 1.33171 000001001004011002
6 1.33171 000001001004011002 14241000.0 002005000006011007
6 14241000.0 002005000006011007 371374.0 002005000006011001
6 371374.0 002005000006011001 1.33171 000001001004011002
6 1.33171 000001001004011002 27164.7 008004001008004001
6 27164.7 008004001008004001 7322.9 008004001008008001
6 7322.9 008004001008008001 1.33171 000001001004011002
6 1.33171 000001001004011002 36.3339 000000001011012001
6 36.3339 000000001011012001 36.3339 000000001011012001
6 36.3339 000000001011012001 1.33171 000001001004011002
6 1.33171 000001001004011002 161.028 000005001008012002
6 161.028 000005001008012002 272055.0 000005001001012002
6 272055.0 000005001001012002 1.33171 000001001004011002
6 1.33171 000001001004011002 403275.0 000005000011003004
6 403275.0 000005000011003004 31692.3 002005000011003004
6 31692.3 002005000011003004 1.33171 000001001004011002
6 1.33171 000001001004011002 323919.0 000004000012012002
6 323919.0 000004000012012002 51.093 000004000012005002
6 51.093 000004000012005002 1.33171 000001001004011002
6 1.33171 000001001004011002 938942.0 002005000005011001
6 938942.0 002005000005011001 3599.14 002005000005005001
6 3599.14 002005000005005001 1.33171 000001001004011002
6 1.33171 000001001004011002 125.61 004004000012011002
6 125.61 004004000012011002 1.33171 000001001004011002
6 1.33171 000001001004011002 1.87733 002004001007012007
6 1.87733 002004001007012007 2108040.0 002004000011006003
6 2108040.0 002004000011006003 1052130.0 002002000011006003
6 1052130.0 002002000011006003 1.33171 000001001004011002
6 1.33171 000001001004011002 12.5852 002002001011011002
6 12.5852 002002001011011002 1.33171 000001001004011002
6 1.33171 000001001004011002 1.87733 002004001007012007
6 1.87733 002004001007012007 6405380.0 013004001011006003
6 6405380.0 013004001011006003 87402.1 013006001011006003
6 87402.1 013006001011006003 1.33171 000001001004011002
6 1.33171 000001001004011002 468.86315 002001000012012003
6 468.86315 002001000012012003 468.86315 002001000012012003
6 468.86315 002001000012012003 1.33171 000001001004011002
6 1.33171 000001001004011002 174474.0 000002001011005002
6 174474.0 000002001011005002 1.33171 000001001004011002
6 1.33171 000001001004011002 1.87733 002004001007012007
6 1.87733 002004001007012007 24477.2 014006000007011000
6 24477.2 014006000007011000 1915.78 014006000006011000
6 1915.78 014006000006011000 1.33171 000001001004011002
6 1.33171 000001001004011002 778747.0 002002001005005004
6 778747.0 002002001005005004 303061.0 001002001005005004
6 303061.0 001002001005005004 1.33171 000001001004011002
6 1.33171 000001001004011002 211406.0 003004000010006002
6 211406.0 003004000010006002 3904.76 003004000010006007
6 3904.76 003004000010006007 1.33171 000001001004011002
6 1.33171 000001001004011002 2805.71 002005001011011001
6 2805.71 002005001011011001 1.33171 000001001004011002
6 1.33171 000001001004011002 1.87733 002004001007012007
6 1.87733 002004001007012007 33635.7 014004000011005001
6 33635.7 014004000011005001 33635.7 014004000011005001
6 33635.7 014004000011005001 1.33171 000001001004011002
6 1.33171 000001001004011002 1030810.0 004001002009012004
6 1030810.0 004001002009012004 3167.95 004001002009000004
6 3167.95 004001002009000004 1.33171 000001001004011002
6 1.33171 000001001004011002 3931570.0 013004000010004004
6 3931570.0 013004000010004004 30224.1 013004000010004001
6 30224.1 013004000010004001 1.33171 000001001004011002
6 1.33171 000001001004011002 2356830.0 002006000011008004
6 2356830.0 002006000011008004 2113050.0 002001000011008004
6 2113050.0 002001000011008004 1.33171 000001001004011002
6 1.33171 000001001004011002 4270100.0 007004000002007001
6 4270100.0 007004000002007001 35299.7 007004001002007001
6 35299.7 007004001002007001 1.33171 000001001004011002
6 1.33171 000001001004011002 16010.4 013004001009003003
6 16010.4 013004001009003003 11424.7 013004001009006003
6 11424.7 013004001009006003 1.33171 000001001004011002
6 1.33171 000001001004011002 403886.0 002001001011003002
6 403886.0 002001001011003002 159913.0 002001001006003002
6 159913.0 002001001006003002 1.33171 000001001004011002
6 1.33171 000001001004011002 2093.71 002001001009011001
6 2093.71 002001001009011001 843084.0 002001001009011004
6 843084.0 002001001009011004 1.33171 000001001004011002
6 1.33171 000001001004011002 3914.94 014004001007005002
6 3914.94 014004001007005002 3914.94 014004001007005002
6 3914.94 014004001007005002 1.33171 000001001004011002
6 1.33171 000001001004011002 12107.2 000003000011011000
6 12107.2 000003000011011000 3.826 000003000011007000
6 3.826 000003000011007000 1.33171 000001001004011002
6 1.33171 000001001004011002 124223000.0 013006000009004000
6 124223000.0 013006000009004000 66253.8 013006000009009000
6 66253.8 013006000009009000 1.33171 000001001004011002
6 1.33171 000001001004011002 519786.0 004004000009005002
6 519786.0 004004000009005002 17814.7 004004002009005002
6 17814.7 004004002009005002 1.33171 000001001004011002
6 1.33171 000001001004011002 39.1961 008000000005008000
6 39.1961 008000000005008000 1.33171 000001001004011002
6 1.33171 000001001004011002 1.87733 002004001007012007
6 1.87733 002004001007012007 104144000.0 003004000005008000
6 104144000.0 003004000005008000 549572.0 003000000005008000
6 549572.0 003000000005008000 1.33171 000001001004011002
6 1.33171 000001001004011002 816406.0 002002001012007001
6 816406.0 002002001012007001 43606.4 002002001012007005
6 43606.4 002002001012007005 1.33171 000001001004011002
6 1.33171 000001001004011002 235946.0 000004000011012000
6 235946.0 000004000011012000 162663.0 000004001011012000
6 162663.0 000004001011012000 1.33171 000001001004011002
6 1.33171 000001001004011002 239510.0 002004000010002002
6 239510.0 002004000010002002 3091.66 011004000010002002
6 3091.66 011004000010002002 1.33171 000001001004011002
6 1.33171 000001001004011002 265331.0 002003000009012001
6 265331.0 002003000009012001 147563.0 002003000009012003
6 147563.0 002003000009012003 1.33171 000001001004011002
6 1.33171 000001001004011002 2024058.5 012005001011011007
6 2024058.5 012005001011011007 2024058.5 012005001011011007
6 2024058.5 012005001011011007 1.33171 000001001004011002
6 1.33171 000001001004011002 103.147 013003001002007007
6 103.147 013003001002007007 1.33171 000001001004011002
6 1.33171 000001001004011002 1.87733 002004001007012007
6 1.87733 002004001007012007 33343100.0 014005001010011003
6 33343100.0 014005001010011003 32906000.0 014005001010009003
6 32906000.0 014005001010009003 1.33171 000001001004011002
6 1.33171 000001001004011002 7720.07 008000001007012000
6 7720.07 008000001007012000 7720.07 008000001007012000
6 7720.07 008000001007012000 1.33171 000001001004011002
6 1.33171 000001001004011002 1627550.0 002005001005010002
6 1627550.0 002005001005010002 17596.8 002005000005010002
6 17596.8 002005000005010002 1.33171 000001001004011002
6 1.33171 000001001004011002 6459240000.0 007006001005010004
6 6459240000.0 007006001005010004 384020.0 007003001005010004
6 384020.0 007003001005010004 1.33171 000001001004011002
6 1.33171 000001001004011002 804044.0 000005001010002007
6 804044.0 000005001010002007 645243.0 014005001010002007
6 645243.0 014005001010002007 1.33171 000001001004011002
6 1.33171 000001001004011002 87.1199 008004002011011003
6 87.1199 008004002011011003 60.3359 008004002011011007
6 60.3359 008004002011011007 1.33171 000001001004011002
6 1.33171 000001001004011002 3835.31 013000000011011000
6 3835.31 013000000011011000 3835.31 013000000011011000
6 3835.31 013000000011011000 1.33171 000001001004011002
6 1.33171 000001001004011002 3483710.0 008004001011011001
6 3483710.0 008004001011011001 19530.5 019004001011011001
6 19530.5 019004001011011001 1.33171 000001001004011002
6 1.33171 000001001004011002 45018.0 013001001005010004
6 45018.0 013001001005010004 12843.6 001001001005010004
6 12843.6 001001001005010004 1.33171 000001001004011002
6 1.33171 000001001004011002 743551.0 004004001011000003
6 743551.0 004004001011000003 14821.4 004004001011002003
6 14821.4 004004001011002003 1.33171 000001001004011002
6 1.33171 000001001004011002 21269.2 003005002011012002
6 21269.2 003005002011012002 10488.4 003002002011012002
6 10488.4 003002002011012002 1.33171 000001001004011002
6 1.33171 000001001004011002 100387000.0 013003001005011002
6 100387000.0 013003001005011002 30686.9 013003000005011002
6 30686.9 013003000005011002 1.33171 000001001004011002
6 1.33171 000001001004011002 930553.0 008000000002005003
6 930553.0 008000000002005003 1.33171 000001001004011002
6 1.33171 000001001004011002 1.87733 002004001007012007
6 1.87733 002004001007012007 736059000.0 013004001010011003
6 736059000.0 013004001010011003 736059000.0 013004001010011003
6 736059000.0 013004001010011003 1.33171 000001001004011002
6 1.33171 000001001004011002 156477000.0 014003001005011002
6 156477000.0 014003001005011002 136193.0 014003001005010002
6 136193.0 014003001005010002 1.33171 000001001004011002
6 1.33171 000001001004011002 8014.34 003000000011011002
6 8014.34 003000000011011002 10.7523 003000000011011008
6 10.7523 003000000011011008 1.33171 000001001004011002
6 1.33171 000001001004011002 5008.69 004004001006011007
6 5008.69 004004001006011007 98.3737 004004001006000007
6 98.3737 004004001006000007 1.33171 000001001004011002
6 1.33171 000001001004011002 10315700.0 008004001005007001
6 10315700.0 008004001005007001 21204.5 008004001005007004
6 21204.5 008004001005007004 1.33171 000001001004011002
6 1.33171 000001001004011002 1165290000.0 011000001011012001
6 1165290000.0 011000001011012001 298578.0 011000000011012001
6 298578.0 011000000011012001 1.33171 000001001004011002
6 1.33171 000001001004011002 48357900.0 011001001005010002
6 48357900.0 011001001005010002 29211.2 011001002005010002
6 29211.2 011001002005010002 1.33171 000001001004011002
6 1.33171 000001001004011002 898678.0 000001002005010007
6 898678.0 000001002005010007 90.9939 000003002005010007
6 90.9939 000003002005010007 1.33171 000001001004011002
6 1.33171 000001001004011002 12731.9 014000001010005000
6 12731.9 014000001010005000 1.33171 000001001004011002
6 1.33171 000001001004011002 1.87733 002004001007012007
6 1.87733 002004001007012007 10358.4 011004001012005000
6 10358.4 011004001012005000 3428.59 011004002012005000
6 3428.59 011004002012005000 1.33171 000001001004011002
6 1.33171 000001001004011002 7667710.0 008001001011007003
6 7667710.0 008001001011007003 17590.4 008001001006007003
6 17590.4 008001001006007003 1.33171 000001001004011002
6 1.33171 000001001004011002 174861000.0 008006000002012003
6 174861000.0 008006000002012003 42297600.0 018006000002012003
6 42297600.0 018006000002012003 1.33171 000001001004011002
6 1.33171 000001001004011002 6228340.0 013001000011011001
6 6228340.0 013001000011011001 14879.4 013001001011011001
6 14879.4 013001001011011001 1.33171 000001001004011002
6 1.33171 000001001004011002 21.4905 013000000011012007
6 21.4905 013000000011012007 21.3999 013000000011012008
6 21.3999 013000000011012008 1.33171 000001001004011002
6 1.33171 000001001004011002 17742.9 002003000011005003
6 17742.9 002003000011005003 17742.9 002003000011005003
6 17742.9 002003000011005003 1.33171 000001001004011002
6 1.33171 000001001004011002 574681.0 000004000002004007
6 574681.0 000004000002004007 291015.0 000004001002004007
6 291015.0 000004001002004007 1.33171 000001001004011002
6 1.33171 000001001004011002 646269.0 011004001002011007
6 646269.0 011004001002011007 5330.23 011004001001011007
6 5330.23 011004001001011007 1.33171 000001001004011002
6 1.33171 000001001004011002 136171.0 000004001005011001
6 136171.0 000004001005011001 21305.8 000004001006011001
6 21305.8 000004001006011001 1.33171 000001001004011002
6 1.33171 000001001004011002 368250.0 002000002008011002
6 368250.0 002000002008011002 6491.39 002002002008011002
6 6491.39 002002002008011002 1.33171 000001001004011002
6 1.33171 000001001004011002 699483.0 013001000005011003
6 699483.0 013001000005011003 2523330.0 003001000005011003
6 2523330.0 003001000005011003 1.33171 000001001004011002
6 1.33171 000001001004011002 739077.0 014000000004012003
6 739077.0 014000000004012003 102.486 014000000007012003
6 102.486 014000000007012003 1.33171 000001001004011002
6 1.33171 000001001004011002 3847.03 013005000009012000
6 3847.03 013005000009012000 1.33171 000001001004011002
6 1.33171 000001001004011002 1.87733 002004001007012007
6 1.87733 002004001007012007 4063690.0 008000001011012001
6 4063690.0 008000001011012001 37566.4 008000002011012001
6 37566.4 008000002011012001 1.33171 000001001004011002
6 1.33171 000001001004011002 1066646.0 002002001012011000
6 1066646.0 002002001012011000 1066646.0 002002001012011000
6 1066646.0 002002001012011000 1.33171 000001001004011002
6 1.33171 000001001004011002 382584000.0 013000000008000001
6 382584000.0 013000000008000001 7167.17 006000000008000001
6 7167.17 006000000008000001 1.33171 000001001004011002
6 1.33171 000001001004011002 17604.5 000000002007012001
6 17604.5 000000002007012001 16.0184 000000001007012001
6 16.0184 000000001007012001 1.33171 000001001004011002
6 1.33171 000001001004011002 5678650.0 014004000007007000
6 5678650.0 014004000007007000 5530900.0 014004000008007000
6 5530900.0 014004000008007000 1.33171 000001001004011002
6 1.33171 000001001004011002 38.1484 004000001011011003
6 38.1484 004000001011011003 12.0724 004000001011003003
6 12.0724 004000001011003003 1.33171 000001001004011002
6 1.33171 000001001004011002 166401.85 002004000012011004
6 166401.85 002004000012011004 166401.85 002004000012011004
6 166401.85 002004000012011004 1.33171 000001001004011002
6 1.33171 000001001004011002 46.352 002004001005000003
6 46.352 002004001005000003 1.33171 000001001004011002
6 1.33171 000001001004011002 1.87733 002004001007012007
6 1.87733 002004001007012007 12303.9 004001001009005002
6 12303.9 004001001009005002 1784.88 004001001009005008
6 1784.88 004001001009005008 1.33171 000001001004011002
6 1.33171 000001001004011002 202615.96715 002005000007012003
6 202615.96715 002005000007012003 202615.96715 002005000007012003
6 202615.96715 002005000007012003 1.33171 000001001004011002
6 1.33171 000001001004011002 24926.1 002005001007011007
6 24926.1 002005001007011007 5130.36 013005001007011007
6 5130.36 013005001007011007 1.33171 000001001004011002
6 1.33171 000001001004011002 133213.715 002004001012012002
6 133213.715 002004001012012002 133213.715 002004001012012002
6 133213.715 002004001012012002 1.33171 000001001004011002
6 1.33171 000001001004011002 1485910.0 002004000011008001
6 1485910.0 002004000011008001 140007.0 006004000011008001
6 140007.0 006004000011008001 1.33171 000001001004011002
6 1.33171 000001001004011002 443161.0 000004001011012007
6 443161.0 000004001011012007 251722.0 000004000011012007
6 251722.0 000004000011012007 1.33171 000001001004011002
6 1.33171 000001001004011002 53059800.0 008004000011005002
6 53059800.0 008004000011005002 11828.7 008004002011005002
6 11828.7 008004002011005002 1.33171 000001001004011002
6 1.33171 000001001004011002 715829.0 014000000011012003
6 715829.0 014000000011012003 130587.0 004000000011012003
6 130587.0 004000000011012003 1.33171 000001001004011002
6 1.33171 000001001004011002 12085.3 004004000007010003
6 12085.3 004004000007010003 4114.56 004004000007003003
6 4114.56 004004000007003003 1.33171 000001001004011002
6 1.33171 000001001004011002 1869180000.0 013001001011012002
6 1869180000.0 013001001011012002 15679200.0 013001001011012000
6 15679200.0 013001001011012000 1.33171 000001001004011002
6 1.33171 000001001004011002 9514.28 014004001007005003
6 9514.28 014004001007005003 91.4786 014004001007011003
6 91.4786 014004001007011003 1.33171 000001001004011002
6 1.33171 000001001004011002 19623.801000000003 004000002005011008
6 19623.801000000003 004000002005011008 19623.801000000003 004000002005011008
6 19623.801000000003 004000002005011008 1.33171 000001001004011002
6 1.33171 000001001004011002 158372.0 002000000011010003
6 158372.0 002000000011010003 149417.0 002000000001010003
6 149417.0 002000000001010003 1.33171 000001001004011002
6 1.33171 000001001004011002 2246440.0 003001001005000007
6 2246440.0 003001001005000007 398389.0 001001001005000007
6 398389.0 001001001005000007 1.33171 000001001004011002
6 1.33171 000001001004011002 6452.1 002004000005012003
6 6452.1 002004000005012003 99.3595 002005000005012003
6 99.3595 002005000005012003 1.33171 000001001004011002
6 1.33171 000001001004011002 102.486 014000000007012003
6 102.486 014000000007012003 774.839 014001000007012003
6 774.839 014001000007012003 1.33171 000001001004011002
6 1.33171 000001001004011002 25366.7 000005001005012002
6 25366.7 000005001005012002 161.028 000005001008012002
6 161.028 000005001008012002 1.33171 000001001004011002
6 1.33171 000001001004011002 25429600.0 004000001000000008
6 25429600.0 004000001000000008 682376.0 004000001004000008
6 682376.0 004000001004000008 1.33171 000001001004011002
6 1.33171 000001001004011002 115394.0 004005000005012000
6 115394.0 004005000005012000 115394.0 004005000005012000
6 115394.0 004005000005012000 1.33171 000001001004011002
6 1.33171 000001001004011002 14361.9 002002000007004003
6 14361.9 002002000007004003 47.3643 005002000007004003
6 47.3643 005002000007004003 1.33171 000001001004011002
6 1.33171 000001001004011002 7156.72 014002000005012004
6 7156.72 014002000005012004 7156.72 014002000005012004
6 7156.72 014002000005012004 1.33171 000001001004011002
6 1.33171 000001001004011002 232854.0 004000000005011000
6 232854.0 004000000005011000 8229.95 004000000005001000
6 8229.95 004000000005001000 1.33171 000001001004011002
6 1.33171 000001001004011002 4942400.0 002001000005000007
6 4942400.0 002001000005000007 859768.0 002001000006000007
6 859768.0 002001000006000007 1.33171 000001001004011002
6 1.33171 000001001004011002 16049.2 004000000012004002
6 16049.2 004000000012004002 2876.19 004000000006004002
6 2876.19 004000000006004002 1.33171 000001001004011002
6 1.33171 000001001004011002 135532.4 005002000011007003
6 135532.4 005002000011007003 135532.4 005002000011007003
6 135532.4 005002000011007003 1.33171 000001001004011002
6 1.33171 000001001004011002 411432.0 000004001009012003
6 411432.0 000004001009012003 7497.69 003004001009012003
6 7497.69 003004001009012003 1.33171 000001001004011002
6 1.33171 000001001004011002 82.0659 014004000011012004
6 82.0659 014004000011012004 1.33171 000001001004011002
6 1.33171 000001001004011002 1.87733 002004001007012007
6 1.87733 002004001007012007 904685.0 002004000005012007
6 904685.0 002004000005012007 519433.0 002004000005006007
6 519433.0 002004000005006007 1.33171 000001001004011002
6 1.33171 000001001004011002 13149.5 011001001011011001
6 13149.5 011001001011011001 6254.96 011001001006011001
6 6254.96 011001001006011001 1.33171 000001001004011002
6 1.33171 000001001004011002 42161.7 013002002005012001
6 42161.7 013002002005012001 38121.8 013002002005004001
6 38121.8 013002002005004001 1.33171 000001001004011002
6 1.33171 000001001004011002 2004650.0 004000001009004002
6 2004650.0 004000001009004002 156.257 004000001011004002
6 156.257 004000001011004002 1.33171 000001001004011002
6 1.33171 000001001004011002 9361.71 004005000005011003
6 9361.71 004005000005011003 9361.71 004005000005011003
6 9361.71 004005000005011003 1.33171 000001001004011002
6 1.33171 000001001004011002 158080.0 000005001009012000
6 158080.0 000005001009012000 3.68756 000005000009012000
6 3.68756 000005000009012000 1.33171 000001001004011002
6 1.33171 000001001004011002 10778.0 008000000005010002
6 10778.0 008000000005010002 8.0066 018000000005010002
6 8.0066 018000000005010002 1.33171 000001001004011002
6 1.33171 000001001004011002 56549.2 004005001012012000
6 56549.2 004005001012012000 11363.8 004005000012012000
6 11363.8 004005000012012000 1.33171 000001001004011002
6 1.33171 000001001004011002 2688.0029999999997 000005001011008008
6 2688.0029999999997 000005001011008008 2688.0029999999997 000005001011008008
6 2688.0029999999997 000005001011008008 1.33171 000001001004011002
6 1.33171 000001001004011002 5412.24 008004000006011007
6 5412.24 008004000006011007 105.291 008004000001011007
6 105.291 008004000001011007 1.33171 000001001004011002
6 1.33171 000001001004011002 1648.31 008000000006010002
6 1648.31 008000000006010002 7.43418 008000000006007002
6 7.43418 008000000006007002 1.33171 000001001004011002
6 1.33171 000001001004011002 14260.9 004004001010010003
6 14260.9 004004001010010003 1.33171 000001001004011002
6 1.33171 000001001004011002 1.87733 002004001007012007
6 1.87733 002004001007012007 5100370.0 013001000005011007
6 5100370.0 013001000005011007 11707.7 013001001005011007
6 11707.7 013001001005011007 1.33171 000001001004011002
6 1.33171 000001001004011002 2112920.0 002003001005012007
6 2112920.0 002003001005012007 563.228 002003002005012007
6 563.228 002003002005012007 1.33171 000001001004011002
6 1.33171 000001001004011002 4374520.0 004004000002000008
6 4374520.0 004004000002000008 2651.71 004004000002005008
6 2651.71 004004000002005008 1.33171 000001001004011002
6 1.33171 000001001004011002 7132.1 014004001009005003
6 7132.1 014004001009005003 1131.49 001004001009005003
6 1131.49 001004001009005003 1.33171 000001001004011002
6 1.33171 000001001004011002 1640.38 004005000007011008
6 1640.38 004005000007011008 162.66 004005000001011008
6 162.66 004005000001011008 1.33171 000001001004011002
6 1.33171 000001001004011002 1439600.0 008004001011011002
6 1439600.0 008004001011011002 10550.5 008004001006011002
6 10550.5 008004001006011002 1.33171 000001001004011002
6 1.33171 000001001004011002 6236.39 013000000009011007
6 6236.39 013000000009011007 34.8418 013000000009011008
6 34.8418 013000000009011008 1.33171 000001001004011002
6 1.33171 000001001004011002 360342.0 000000000010012002
6 360342.0 000000000010012002 103.823 000000000010012008
6 103.823 000000000010012008 1.33171 000001001004011002
6 1.33171 000001001004011002 53706.7 002003000011012001
6 53706.7 002003000011012001 252575.0 002003000005012001
6 252575.0 002003000005012001 1.33171 000001001004011002
6 1.33171 000001001004011002 617569.0 008000000005005003
6 617569.0 008000000005005003 123.472 008002000005005003
6 123.472 008002000005005003 1.33171 000001001004011002
6 1.33171 000001001004011002 4921.79 000003001007003008
6 4921.79 000003001007003008 59.3633 000004001007003008
6 59.3633 000004001007003008 1.33171 000001001004011002
6 1.33171 000001001004011002 522913.0 004000000006011003
6 522913.0 004000000006011003 7218.11 004000000009011003
6 7218.11 004000000009011003 1.33171 000001001004011002
6 1.33171 000001001004011002 5557.42 004002000005011008
6 5557.42 004002000005011008 80.69 004002000005011005
6 80.69 004002000005011005 1.33171 000001001004011002
6 1.33171 000001001004011002 1980960.0 002004002011011008
6 1980960.0 002004002011011008 1073.78 002001002011011008
6 1073.78 002001002011011008 1.33171 000001001004011002
6 1.33171 000001001004011002 3160.15 002002001011012002
6 3160.15 002002001011012002 48.57 002002000011012002
6 48.57 002002000011012002 1.33171 000001001004011002
6 1.33171 000001001004011002 14471500.0 002003000011005007
6 14471500.0 002003000011005007 628471.0 002003000011005004
6 628471.0 002003000011005004 1.33171 000001001004011002
6 1.33171 000001001004011002 956649.0 004002000008008002
6 956649.0 004002000008008002 11548.4 004002000005008002
6 11548.4 004002000005008002 1.33171 000001001004011002
6 1.33171 000001001004011002 45.8426 000000001005012007
6 45.8426 000000001005012007 45.3535 000000001005000007
6 45.3535 000000001005000007 1.33171 000001001004011002
6 1.33171 000001001004011002 9204.81 008002001004012003
6 9204.81 008002001004012003 45.3234 001002001004012003
6 45.3234 001002001004012003 1.33171 000001001004011002
6 1.33171 000001001004011002 15242.3 014003001011000002
6 15242.3 014003001011000002 1.33171 000001001004011002
6 1.33171 000001001004011002 1.87733 002004001007012007
6 1.87733 002004001007012007 27.475 002004000011011002
6 27.475 002004000011011002 1.76892 002004000007011002
6 1.76892 002004000007011002 1.33171 000001001004011002
6 1.33171 000001001004011002 295222.0 000000000007011003
6 295222.0 000000000007011003 152080.0 000000000007012003
6 152080.0 000000000007012003 1.33171 000001001004011002
6 1.33171 000001001004011002 7534.3 000004000002011003
6 7534.3 000004000002011003 4271.29 000004000007011003
6 4271.29 000004000007011003 1.33171 000001001004011002
6 1.33171 000001001004011002 136507.0 002000001011012003
6 136507.0 002000001011012003 25728.9 002000001011012005
6 25728.9 002000001011012005 1.33171 000001001004011002
6 1.33171 000001001004011002 249436.81 000004001005012008
6 249436.81 000004001005012008 249436.81 000004001005012008
6 249436.81 000004001005012008 1.33171 000001001004011002
7 1.33171 000001001004011002 18431.2 005003002011011001
7 18431.2 005003002011011001 3194.59 005003002011011004
7 3194.59 005003002011011004 41.9156 001000002003012004
7 41.9156 001000002003012004 1503120.0 007005001006011004
7 1503120.0 007005001006011004 1364670.0 007005001006010004
7 1364670.0 007005001006010004 41.9156 001000002003012004
7 41.9156 001000002003012004 3448161.23 004005002012004002
7 3448161.23 004005002012004002 3448161.23 004005002012004002
7 3448161.23 004005002012004002 41.9156 001000002003012004
7 41.9156 001000002003012004 17331.6 007004001001000004
7 17331.6 007004001001000004 210.561 007004001003000004
7 210.561 007004001003000004 41.9156 001000002003012004
7 41.9156 001000002003012004 280951000.0 010006001005006003
7 280951000.0 010006001005006003 129338000.0 010006001005008003
7 129338000.0 010006001005008003 41.9156 001000002003012004
7 41.9156 001000002003012004 21296.5 014001001003009004
7 21296.5 014001001003009004 21296.5 014001001003009004
7 21296.5 014001001003009004 41.9156 001000002003012004
7 41.9156 001000002003012004 60.7126 012000000004011003
7 60.7126 012000000004011003 4.97052 012000000004012003
7 4.97052 012000000004012003 41.9156 001000002003012004
7 41.9156 001000002003012004 568092.0 002000001003000004
7 568092.0 002000001003000004 36625.9 002005001003000004
7 36625.9 002005001003000004 4.97052 012000000004012003
7 4.97052 012000000004012003 5935440000.0 014000001004002003
7 5935440000.0 014000001004002003 130186000.0 014000001004002002
7 130186000.0 014000001004002002 4.97052 012000000004012003
7 4.97052 012000000004012003 24590.3 012004000005004000
7 24590.3 012004000005004000 4.97052 012000000004012003
7 4.97052 012000000004012003 41.9156 001000002003012004
7 41.9156 001000002003012004 9245.06 011000002001012004
7 9245.06 011000002001012004 2461.77 011000002001010004
7 2461.77 011000002001010004 4.97052 012000000004012003
7 4.97052 012000000004012003 276681.0 000000000008004002
7 276681.0 000000000008004002 203663.0 000001000008004002
7 203663.0 000001000008004002 4.97052 012000000004012003
7 4.97052 012000000004012003 30362.3 012004000012009004
7 30362.3 012004000012009004 74.6532 012004001012009004
7 74.6532 012004001012009004 4.97052 012000000004012003
7 4.97052 012000000004012003 15274800000.0 014004000001000004
7 15274800000.0 014004000001000004 15274800000.0 014004000001000004
7 15274800000.0 014004000001000004 4.97052 012000000004012003
7 4.97052 012000000004012003 68479400.0 011004001001007003
7 68479400.0 011004001001007003 68479400.0 011004001001007003
7 68479400.0 011004001001007003 4.97052 012000000004012003
7 4.97052 012000000004012003 200481000.0 011000002005003001
7 200481000.0 011000002005003001 48391.4 011005002005003001
7 48391.4 011005002005003001 4.97052 012000000004012003
7 4.97052 012000000004012003 154365.0 000005000011009000
7 154365.0 000005000011009000 892.224 000005000002009000
7 892.224 000005000002009000 4.97052 012000000004012003
7 4.97052 012000000004012003 6775631.7 008001001008010003
7 6775631.7 008001001008010003 6775631.7 008001001008010003
7 6775631.7 008001001008010003 4.97052 012000000004012003
7 4.97052 012000000004012003 5829330000.0 012000001003000004
7 5829330000.0 012000001003000004 495111000.0 019000001003000004
7 495111000.0 019000001003000004 4.97052 012000000004012003
7 4.97052 012000000004012003 20388.0 003005000001001000
7 20388.0 003005000001001000 16463.1 003005000001001004
7 16463.1 003005000001001004 4.97052 012000000004012003
7 4.97052 012000000004012003 8899710000.0 004001000008000001
7 8899710000.0 004001000008000001 225140000.0 004001000002000001
7 225140000.0 004001000002000001 4.97052 012000000004012003
7 4.97052 012000000004012003 168189.0 002004002009010004
7 168189.0 002004002009010004 95.5759 002004002009003004
7 95.5759 002004002009003004 4.97052 012000000004012003
7 4.97052 012000000004012003 15358.5 002001002000007004
7 15358.5 002001002000007004 2.12255 000001002000007004
7 2.12255 000001002000007004 4.97052 012000000004012003
7 4.97052 012000000004012003 282170000.0 001004000000001003
7 282170000.0 001004000000001003 461267.0 001004000000011003
7 461267.0 001004000000011003 2.12255 000001002000007004
7 2.12255 000001002000007004 11711400.0 002000002000001002
7 11711400.0 002000002000001002 11711400.0 002000002000001002
7 11711400.0 002000002000001002 2.12255 000001002000007004
7 2.12255 000001002000007004 62.5812 000004001001009004
7 62.5812 000004001001009004 2.12255 000001002000007004
7 2.12255 000001002000007004 4.97052 012000000004012003
7 4.97052 012000000004012003 38644.5 012005002008005004
7 38644.5 012005002008005004 22466.9 012005002000005004
7 22466.9 012005002000005004 2.12255 000001002000007004
7 2.12255 000001002000007004 23965.4 014000002001009004
7 23965.4 014000002001009004 11466.7 014000002009009004
7 11466.7 014000002009009004 2.12255 000001002000007004
7 2.12255 000001002000007004 143305.0 014000002009010001
7 143305.0 014000002009010001 12328.6 014000002009007001
7 12328.6 014000002009007001 2.12255 000001002000007004
7 2.12255 000001002000007004 3176330000.0 012003002007009004
7 3176330000.0 012003002007009004 67471600.0 012006002007009004
7 67471600.0 012006002007009004 2.12255 000001002000007004
7 2.12255 000001002000007004 5058950000.0 008000002001009000
7 5058950000.0 008000002001009000 51718800.0 008000002001009002
7 51718800.0 008000002001009002 2.12255 000001002000007004
7 2.12255 000001002000007004 181269000.0 004001002001002000
7 181269000.0 004001002001002000 93985100.0 004001001001002000
7 93985100.0 004001001001002000 2.12255 000001002000007004
7 2.12255 000001002000007004 643547.0 005000000000009000
7 643547.0 005000000000009000 628643.0 005000000000009008
7 628643.0 005000000000009008 2.12255 000001002000007004
7 2.12255 000001002000007004 8276650000.0 012005001005003004
7 8276650000.0 012005001005003004 5759120000.0 012005001005000004
7 5759120000.0 012005001005000004 2.12255 000001002000007004
7 2.12255 000001002000007004 30591.9 008005000009000003
7 30591.9 008005000009000003 2.12255 000001002000007004
7 2.12255 000001002000007004 4.97052 012000000004012003
7 4.97052 012000000004012003 52.8554 005004001000012004
7 52.8554 005004001000012004 2.12255 000001002000007004
7 2.12255 000001002000007004 4.97052 012000000004012003
7 4.97052 012000000004012003 45865.8 007001000000000004
7 45865.8 007001000000000004 16969.6 007001000000000008
7 16969.6 007001000000000008 2.12255 000001002000007004
7 2.12255 000001002000007004 6778.04 002000000003003004
7 6778.04 002000000003003004 6778.04 002000000003003004
7 6778.04 002000000003003004 2.12255 000001002000007004
7 2.12255 000001002000007004 3473.46 008000001008000004
7 3473.46 008000001008000004 2.12255 000001002000007004
7 2.12255 000001002000007004 4.97052 012000000004012003
7 4.97052 012000000004012003 37.1736 012005000009009004
7 37.1736 012005000009009004 2.12255 000001002000007004
7 2.12255 000001002000007004 4.97052 012000000004012003
7 4.97052 012000000004012003 27433000.0 010004000009000001
7 27433000.0 010004000009000001 28012.8 010004002009000001
7 28012.8 010004002009000001 2.12255 000001002000007004
7 2.12255 000001002000007004 14112700000.0 008002001001002000
7 14112700000.0 008002001001002000 66953.9 008002002001002000
7 66953.9 008002002001002000 2.12255 000001002000007004
7 2.12255 000001002000007004 4568510000.0 012000001001012004
7 4568510000.0 012000001001012004 54220100.0 012000001001012001
7 54220100.0 012000001001012001 2.12255 000001002000007004
7 2.12255 000001002000007004 3961.02 003001000004000002
7 3961.02 003001000004000002 2524.75 005001000004000002
7 2524.75 005001000004000002 2.12255 000001002000007004
7 2.12255 000001002000007004 569037000.0 012000002001004000
7 569037000.0 012000002001004000 28853.8 012000001001004000
7 28853.8 012000001001004000 2.12255 000001002000007004
7 2.12255 000001002000007004 1586690.0 007005002011012004
7 1586690.0 007005002011012004 2906.73 007005002004012004
7 2906.73 007005002004012004 2.12255 000001002000007004
7 2.12255 000001002000007004 196286.0 012000000009011004
7 196286.0 012000000009011004 83.8135 012000000009011006
7 83.8135 012000000009011006 2.12255 000001002000007004
7 2.12255 000001002000007004 3203550.0 007005000000009004
7 3203550.0 007005000000009004 3090340.0 007005000000012004
7 3090340.0 007005000000012004 2.12255 000001002000007004
7 2.12255 000001002000007004 2560.63 002000002012004004
7 2560.63 002000002012004004 62.3714 002000002012004002
7 62.3714 002000002012004002 2.12255 000001002000007004
7 2.12255 000001002000007004 15658.2 012001000001011002
7 15658.2 012001000001011002 25.1497 007001000001011002
7 25.1497 007001000001011002 2.12255 000001002000007004
7 2.12255 000001002000007004 1531470.0 003000001004010006
7 1531470.0 003000001004010006 815260.0 002000001004010006
7 815260.0 002000001004010006 2.12255 000001002000007004
7 2.12255 000001002000007004 68345400.0 008004000002003002
7 68345400.0 008004000002003002 27038000.0 008004000002004002
7 27038000.0 008004000002004002 2.12255 000001002000007004
7 2.12255 000001002000007004 1910670.0 003004001000005004
7 1910670.0 003004001000005004 3777.66 003004001002005004
7 3777.66 003004001002005004 2.12255 000001002000007004
7 2.12255 000001002000007004 2093.71 002001001009011001
7 2093.71 002001001009011001 38.178 002001001009011007
7 38.178 002001001009011007 2.12255 000001002000007004
7 2.12255 000001002000007004 2912.87 000003001003003002
7 2912.87 000003001003003002 2.12255 000001002000007004
7 2.12255 000001002000007004 4.97052 012000000004012003
7 4.97052 012000000004012003 1880680.0 012000000009012008
7 1880680.0 012000000009012008 730269.0 012000000005012008
7 730269.0 012000000005012008 2.12255 000001002000007004
7 2.12255 000001002000007004 97985.9 012000002011011004
7 97985.9 012000002011011004 9490.61 012000002009011004
7 9490.61 012000002009011004 2.12255 000001002000007004
7 2.12255 000001002000007004 26371400.0 014003000008009004
7 26371400.0 014003000008009004 91620.8 014003000008000004
7 91620.8 014003000008000004 2.12255 000001002000007004
7 2.12255 000001002000007004 229855000.0 011001001000000004
7 229855000.0 011001001000000004 25799.9 011001001001000004
7 25799.9 011001001001000004 2.12255 000001002000007004
7 2.12255 000001002000007004 66736.6 005003000001011004
7 66736.6 005003000001011004 66736.6 005003000001011004
7 66736.6 005003000001011004 2.12255 000001002000007004
7 2.12255 000001002000007004 54558.2 002003000001004003
7 54558.2 002003000001004003 99.5475 002002000001004003
7 99.5475 002002000001004003 2.12255 000001002000007004
7 2.12255 000001002000007004 47253300.0 012000001000004006
7 47253300.0 012000001000004006 47253300.0 012000001000004006
7 47253300.0 012000001000004006 2.12255 000001002000007004
7 2.12255 000001002000007004 13472500.0 006003001000009004
7 13472500.0 006003001000009004 457376.0 006003001005009004
7 457376.0 006003001005009004 2.12255 000001002000007004
7 2.12255 000001002000007004 2850130.0 011004000003003004
7 2850130.0 011004000003003004 13331.0 003004000003003004
7 13331.0 003004000003003004 2.12255 000001002000007004
7 2.12255 000001002000007004 7679.92 014000002009003004
7 7679.92 014000002009003004 2404.64 001000002009003004
7 2404.64 001000002009003004 2.12255 000001002000007004
7 2.12255 000001002000007004 1104750.0 008005000001009004
7 1104750.0 008005000001009004 27267.4 008006000001009004
7 27267.4 008006000001009004 2.12255 000001002000007004
7 2.12255 000001002000007004 3836690000.0 007000002000011001
7 3836690000.0 007000002000011001 5130.09 007000002002011001
7 5130.09 007000002002011001 2.12255 000001002000007004
7 2.12255 000001002000007004 8526.37 014001000000007002
7 8526.37 014001000000007002 462.91 013001000000007002
7 462.91 013001000000007002 2.12255 000001002000007004
7 2.12255 000001002000007004 1610920.0 004004002009007007
7 1610920.0 004004002009007007 196906.0 004004001009007007
7 196906.0 004004001009007007 2.12255 000001002000007004
7 2.12255 000001002000007004 7047350000.0 014000002008004004
7 7047350000.0 014000002008004004 3528660000.0 008000002008004004
7 3528660000.0 008000002008004004 2.12255 000001002000007004
7 2.12255 000001002000007004 1441220.0 001002001001004004
7 1441220.0 001002001001004004 886211.0 001002001001010004
7 886211.0 001002001001010004 2.12255 000001002000007004
7 2.12255 000001002000007004 10692400000.0 012004000001002002
7 10692400000.0 012004000001002002 758901000.0 012004000011002002
7 758901000.0 012004000011002002 2.12255 000001002000007004
7 2.12255 000001002000007004 4414490.0 004005000011011004
7 4414490.0 004005000011011004 1594.53 004005000011003004
7 1594.53 004005000011003004 2.12255 000001002000007004
7 2.12255 000001002000007004 12702.6 009001000009000004
7 12702.6 009001000009000004 2683.63 009001000005000004
7 2683.63 009001000005000004 2.12255 000001002000007004
7 2.12255 000001002000007004 28144.4 002004000012003004
7 28144.4 002004000012003004 13486.2 002004000012003002
7 13486.2 002004000012003002 2.12255 000001002000007004
7 2.12255 000001002000007004 3224980.0 002001002011003003
7 3224980.0 002001002011003003 13428.9 002001002009003003
7 13428.9 002001002009003003 2.12255 000001002000007004
7 2.12255 000001002000007004 4654060000.0 012001002009012002
7 4654060000.0 012001002009012002 5424.88 012001002009012000
7 5424.88 012001002009012000 2.12255 000001002000007004
7 2.12255 000001002000007004 18098600.0 013005000005009001
7 18098600.0 013005000005009001 2221.81 013005000012009001
7 2221.81 013005000012009001 2.12255 000001002000007004
7 2.12255 000001002000007004 6548570000.0 007005000001000004
7 6548570000.0 007005000001000004 62495800.0 016005000001000004
7 62495800.0 016005000001000004 2.12255 000001002000007004
7 2.12255 000001002000007004 723403.0 007000000005003004
7 723403.0 007000000005003004 19224.3 016000000005003004
7 19224.3 016000000005003004 2.12255 000001002000007004
7 2.12255 000001002000007004 1604730.0 002001001001004004
7 1604730.0 002001001001004004 10576.8 002001002001004004
7 10576.8 002001002001004004 2.12255 000001002000007004
7 2.12255 000001002000007004 115650000.0 014005002003000004
7 115650000.0 014005002003000004 1923060.0 001005002003000004
7 1923060.0 001005002003000004 2.12255 000001002000007004
7 2.12255 000001002000007004 9577.24 000001002003003002
7 9577.24 000001002003003002 95.2742 000001002003003005
7 95.2742 000001002003003005 2.12255 000001002000007004
7 2.12255 000001002000007004 671462.0 003004002000011004
7 671462.0 003004002000011004 340743.0 003004002000011000
7 340743.0 003004002000011000 2.12255 000001002000007004
7 2.12255 000001002000007004 8347.61 004000001000004000
7 8347.61 004000001000004000 8347.61 004000001000004000
7 8347.61 004000001000004000 2.12255 000001002000007004
7 2.12255 000001002000007004 2002.74 013000000001009002
7 2002.74 013000000001009002 321.705 013000000001009001
7 321.705 013000000001009001 2.12255 000001002000007004
7 2.12255 000001002000007004 282958500.0 013000000003000004
7 282958500.0 013000000003000004 282958500.0 013000000003000004
7 282958500.0 013000000003000004 2.12255 000001002000007004
7 2.12255 000001002000007004 613512.0 012001000002009004
7 613512.0 012001000002009004 63.6402 012001000011009004
7 63.6402 012001000011009004 2.12255 000001002000007004
7 2.12255 000001002000007004 486085.0 001001001009003002
7 486085.0 001001001009003002 269688.0 001001001009008002
7 269688.0 001001001009008002 2.12255 000001002000007004
7 2.12255 000001002000007004 1086220.0 012000000009009003
7 1086220.0 012000000009009003 6.38546 004000000009009003
7 6.38546 004000000009009003 2.12255 000001002000007004
7 2.12255 000001002000007004 192928000.0 007000001004005004
7 192928000.0 007000001004005004 147423000.0 015000001004005004
7 147423000.0 015000001004005004 2.12255 000001002000007004
7 2.12255 000001002000007004 33841.0 003000002002011002
7 33841.0 003000002002011002 2.12255 000001002000007004
7 2.12255 000001002000007004 4.97052 012000000004012003
7 4.97052 012000000004012003 12449.1 012004000001007004
7 12449.1 012004000001007004 11535.8 012004000001007007
7 11535.8 012004000001007007 2.12255 000001002000007004
7 2.12255 000001002000007004 13816.5 012004001001009004
7 13816.5 012004001001009004 2.12255 000001002000007004
7 2.12255 000001002000007004 4.97052 012000000004012003
7 4.97052 012000000004012003 3736710.0 012004000009012002
7 3736710.0 012004000009012002 218.418 012004000009005002
7 218.418 012004000009005002 2.12255 000001002000007004
7 2.12255 000001002000007004 167.78 005000000003004002
7 167.78 005000000003004002 2.12255 000001002000007004
7 2.12255 000001002000007004 4.97052 012000000004012003
7 4.97052 012000000004012003 13087.9 004001001009010004
7 13087.9 004001001009010004 7830.98 004001001009009004
7 7830.98 004001001009009004 2.12255 000001002000007004
7 2.12255 000001002000007004 158568000.0 007004000001000004
7 158568000.0 007004000001000004 158568000.0 007004000001000004
7 158568000.0 007004000001000004 2.12255 000001002000007004
7 2.12255 000001002000007004 550855000.0 012003000001000001
7 550855000.0 012003000001000001 54878.8 012003000001000006
7 54878.8 012003000001000006 2.12255 000001002000007004
7 2.12255 000001002000007004 382998.0 003005000002007004
7 382998.0 003005000002007004 382998.0 003005000002007004
7 382998.0 003005000002007004 2.12255 000001002000007004
7 2.12255 000001002000007004 749846.0 000000000012003004
7 749846.0 000000000012003004 68.2788 006000000012003004
7 68.2788 006000000012003004 2.12255 000001002000007004
7 2.12255 000001002000007004 3373730.0 005002000008003004
7 3373730.0 005002000008003004 1224.86 007002000008003004
7 1224.86 007002000008003004 2.12255 000001002000007004
7 2.12255 000001002000007004 54470.7 005001000003000003
7 54470.7 005001000003000003 7170.95 005001000003011003
7 7170.95 005001000003011003 2.12255 000001002000007004
7 2.12255 000001002000007004 865425000.0 005003000011009004
7 865425000.0 005003000011009004 13717900.0 005003000005009004
7 13717900.0 005003000005009004 2.12255 000001002000007004
7 2.12255 000001002000007004 19468.2 009003002000010004
7 19468.2 009003002000010004 3004.23 009000002000010004
7 3004.23 009000002000010004 2.12255 000001002000007004
7 2.12255 000001002000007004 786574.0 005004000009007004
7 786574.0 005004000009007004 15284.3 005004000008007004
7 15284.3 005004000008007004 2.12255 000001002000007004
7 2.12255 000001002000007004 108469.75 002001000008009000
7 108469.75 002001000008009000 108469.75 002001000008009000
7 108469.75 002001000008009000 2.12255 000001002000007004
7 2.12255 000001002000007004 3167.95 004001002009000004
7 3167.95 004001002009000004 766334.0 004001002009008004
7 766334.0 004001002009008004 2.12255 000001002000007004
7 2.12255 000001002000007004 67048.0 002003000002005001
7 67048.0 002003000002005001 67048.0 002003000002005001
7 67048.0 002003000002005001 2.12255 000001002000007004
7 2.12255 000001002000007004 1764110.0 002003001009009007
7 1764110.0 002003001009009007 24319.4 000003001009009007
7 24319.4 000003001009009007 2.12255 000001002000007004
7 2.12255 000001002000007004 40375.5 001002001012007004
7 40375.5 001002001012007004 57.4364 011002001012007004
7 57.4364 011002001012007004 2.12255 000001002000007004
7 2.12255 000001002000007004 56.4132 001000000003009004
7 56.4132 001000000003009004 718.008 001000002003009004
7 718.008 001000002003009004 2.12255 000001002000007004
7 2.12255 000001002000007004 1999.75 004000000003012003
7 1999.75 004000000003012003 118.099 004000000003002003
7 118.099 004000000003002003 2.12255 000001002000007004
7 2.12255 000001002000007004 14903.2 012000002001003002
7 14903.2 012000002001003002 7568.14 018000002001003002
7 7568.14 018000002001003002 2.12255 000001002000007004
7 2.12255 000001002000007004 19344.559999999998 002001002003009004
7 19344.559999999998 002001002003009004 19344.559999999998 002001002003009004
7 19344.559999999998 002001002003009004 2.12255 000001002000007004
7 2.12255 000001002000007004 183.202 004005000003011003
7 183.202 004005000003011003 2.12255 000001002000007004
7 2.12255 000001002000007004 4.97052 012000000004012003
7 4.97052 012000000004012003 203.672 004005002001004002
7 203.672 004005002001004002 2.12255 000001002000007004
7 2.12255 000001002000007004 4.97052 012000000004012003
7 4.97052 012000000004012003 428664.0 004000000000009005
7 428664.0 004000000000009005 113.581 004000000000009001
7 113.581 004000000000009001 2.12255 000001002000007004
7 2.12255 000001002000007004 827108.84 013000000009004001
7 827108.84 013000000009004001 827108.84 013000000009004001
7 827108.84 013000000009004001 2.12255 000001002000007004
7 2.12255 000001002000007004 9437910.0 001003002000003007
7 9437910.0 001003002000003007 34967.1 005003002000003007
7 34967.1 005003002000003007 2.12255 000001002000007004
7 2.12255 000001002000007004 32.2504 005000000012009002
7 32.2504 005000000012009002 32.2504 005000000012009002
7 32.2504 005000000012009002 2.12255 000001002000007004
7 2.12255 000001002000007004 35498.7 002000002009009002
7 35498.7 002000002009009002 35498.7 002000002009009002
7 35498.7 002000002009009002 2.12255 000001002000007004
7 2.12255 000001002000007004 313251.0 000000000003009002
7 313251.0 000000000003009002 70.6898 000000001003009002
7 70.6898 000000001003009002 2.12255 000001002000007004
7 2.12255 000001002000007004 1513728.045 007001000011000006
7 1513728.045 007001000011000006 1513728.045 007001000011000006
7 1513728.045 007001000011000006 2.12255 000001002000007004
7 2.12255 000001002000007004 59005100.0 012000000003000003
7 59005100.0 012000000003000003 2.12255 000001002000007004
7 2.12255 000001002000007004 4.97052 012000000004012003
7 4.97052 012000000004012003 19415.0 012005000009009003
7 19415.0 012005000009009003 84.3852 012005000009009007
7 84.3852 012005000009009007 2.12255 000001002000007004
7 2.12255 000001002000007004 18910.15 012004000003000004
7 18910.15 012004000003000004 18910.15 012004000003000004
7 18910.15 012004000003000004 2.12255 000001002000007004
7 2.12255 000001002000007004 16332.425 012000000003009001
7 16332.425 012000000003009001 16332.425 012000000003009001
7 16332.425 012000000003009001 2.12255 000001002000007004
7 2.12255 000001002000007004 679753.0 002004002000007007
7 679753.0 002004002000007007 409104.0 002004002010007007
7 409104.0 002004002010007007 2.12255 000001002000007004
7 2.12255 000001002000007004 944358000.0 012004001009003004
7 944358000.0 012004001009003004 64884100.0 012004001009003005
7 64884100.0 012004001009003005 2.12255 000001002000007004
7 2.12255 000001002000007004 2816880.0 007000001011011004
7 2816880.0 007000001011011004 1764890.0 014000001011011004
7 1764890.0 014000001011011004 2.12255 000001002000007004
7 2.12255 000001002000007004 1765670.0 000004000001009007
7 1765670.0 000004000001009007 126.53 000004001001009007
7 126.53 000004001001009007 2.12255 000001002000007004
7 2.12255 000001002000007004 1753250.0 009001000008012004
7 1753250.0 009001000008012004 3886.02 009001000008012008
7 3886.02 009001000008012008 2.12255 000001002000007004
7 2.12255 000001002000007004 34572.25 011001001003007003
7 34572.25 011001001003007003 34572.25 011001001003007003
7 34572.25 011001001003007003 2.12255 000001002000007004
7 2.12255 000001002000007004 25201797.4 012000002000011004
7 25201797.4 012000002000011004 25201797.4 012000002000011004
7 25201797.4 012000002000011004 2.12255 000001002000007004
7 2.12255 000001002000007004 1846720.0 004005001008003002
7 1846720.0 004005001008003002 39674.4 004005001012003002
7 39674.4 004005001012003002 2.12255 000001002000007004
7 2.12255 000001002000007004 223128.0 006004002003009004
7 223128.0 006004002003009004 8088.62 006004002003009000
7 8088.62 006004002003009000 2.12255 000001002000007004
7 2.12255 000001002000007004 2528360000.0 004004001000007001
7 2528360000.0 004004001000007001 55958900.0 004004001000006001
7 55958900.0 004004001000006001 2.12255 000001002000007004
7 2.12255 000001002000007004 169557000.0 012004002003000003
7 169557000.0 012004002003000003 21834.4 012004002003000005
7 21834.4 012004002003000005 2.12255 000001002000007004
7 2.12255 000001002000007004 4877271500.0 012003000009003003
7 4877271500.0 012003000009003003 4877271500.0 012003000009003003
7 4877271500.0 012003000009003003 2.12255 000001002000007004
7 2.12255 000001002000007004 821818.0 000004000011003005
7 821818.0 000004000011003005 116.341 000004000008003005
7 116.341 000004000008003005 2.12255 000001002000007004
7 2.12255 000001002000007004 15943300.0 007002000001009002
7 15943300.0 007002000001009002 41.3712 001002000001009002
7 41.3712 001002000001009002 2.12255 000001002000007004
7 2.12255 000001002000007004 1723.21 011000000000011002
7 1723.21 011000000000011002 32.0256 011000000011011002
7 32.0256 011000000011011002 2.12255 000001002000007004
7 2.12255 000001002000007004 14985700.0 009001000001004007
7 14985700.0 009001000001004007 4964360.0 009001000001004003
7 4964360.0 009001000001004003 2.12255 000001002000007004
7 2.12255 000001002000007004 167.78 005000000003004002
7 167.78 005000000003004002 60.3855 005000000003004006
7 60.3855 005000000003004006 2.12255 000001002000007004
7 2.12255 000001002000007004 401337.0 012001000012009003
7 401337.0 012001000012009003 27536.5 012003000012009003
7 27536.5 012003000012009003 2.12255 000001002000007004
7 2.12255 000001002000007004 7899620000.0 013000002004011003
7 7899620000.0 013000002004011003 651174.0 013000000004011003
7 651174.0 013000000004011003 2.12255 000001002000007004
7 2.12255 000001002000007004 4.33248 007000001012011004
7 4.33248 007000001012011004 2.12255 000001002000007004
7 2.12255 000001002000007004 4.97052 012000000004012003
7 4.97052 012000000004012003 525219.0 004005000012007007
7 525219.0 004005000012007007 82.1337 004005000000007007
7 82.1337 004005000000007007 2.12255 000001002000007004
7 2.12255 000001002000007004 48538.6 013001000000004001
7 48538.6 013001000000004001 7869.23 013001000008004001
7 7869.23 013001000008004001 2.12255 000001002000007004
7 2.12255 000001002000007004 274989000.0 011002002008009003
7 274989000.0 011002002008009003 24869.6 011002002008009004
7 24869.6 011002002008009004 2.12255 000001002000007004
7 2.12255 000001002000007004 620120.0 004000001004009004
7 620120.0 004000001004009004 6429.18 004000001004004004
7 6429.18 004000001004004004 2.12255 000001002000007004
7 2.12255 000001002000007004 43.2114 000004002009009004
7 43.2114 000004002009009004 2.12255 000001002000007004
7 2.12255 000001002000007004 4.33248 007000001012011004
7 4.33248 007000001012011004 16511600000.0 012005002011012001
7 16511600000.0 012005002011012001 52346.5 012005002011003001
7 52346.5 012005002011003001 2.12255 000001002000007004
7 2.12255 000001002000007004 40.1419 004000000012009004
7 40.1419 004000000012009004 6.31711 004000000012000004
7 6.31711 004000000012000004 2.12255 000001002000007004
7 2.12255 000001002000007004 3863720.0 005005002003011003
7 3863720.0 005005002003011003 3668220.0 005001002003011003
7 3668220.0 005001002003011003 2.12255 000001002000007004
7 2.12255 000001002000007004 30240.1 013000001003009003
7 30240.1 013000001003009003 30240.1 013000001003009003
7 30240.1 013000001003009003 2.12255 000001002000007004
7 2.12255 000001002000007004 5270.07 012004002003003004
7 5270.07 012004002003003004 2110.03 012004002003003007
7 2110.03 012004002003003007 2.12255 000001002000007004
7 2.12255 000001002000007004 22344.6 004001000011005004
7 22344.6 004001000011005004 31.6991 004001000011010004
7 31.6991 004001000011010004 2.12255 000001002000007004
7 2.12255 000001002000007004 1452840.0 012000000001004002
7 1452840.0 012000000001004002 8533.0 012000000001009002
7 8533.0 012000000001009002 2.12255 000001002000007004
7 2.12255 000001002000007004 291348.5 001004000000011005
7 291348.5 001004000000011005 291348.5 001004000000011005
7 291348.5 001004000000011005 2.12255 000001002000007004
7 2.12255 000001002000007004 95929050.0 001001000003000002
7 95929050.0 001001000003000002 95929050.0 001001000003000002
7 95929050.0 001001000003000002 2.12255 000001002000007004
7 2.12255 000001002000007004 32486800.0 020005000003000007
7 32486800.0 020005000003000007 7908230.0 020000000003000007
7 7908230.0 020000000003000007 2.12255 000001002000007004
7 2.12255 000001002000007004 5995860.0 004005000003005004
7 5995860.0 004005000003005004 319127.0 004000000003005004
7 319127.0 004000000003005004 2.12255 000001002000007004
7 2.12255 000001002000007004 67799800.0 012001001001009003
7 67799800.0 012001001001009003 12905.9 002001001001009003
7 12905.9 002001001001009003 2.12255 000001002000007004
7 2.12255 000001002000007004 3093.16 012000000001011004
7 3093.16 012000000001011004 566.008 009000000001011004
7 566.008 009000000001011004 2.12255 000001002000007004
7 2.12255 000001002000007004 789841.0 009000000001007005
7 789841.0 009000000001007005 14717.2 009000000001003005
7 14717.2 009000000001003005 2.12255 000001002000007004
7 2.12255 000001002000007004 416345905.64 012004001004012004
7 416345905.64 012004001004012004 416345905.64 012004001004012004
7 416345905.64 012004001004012004 2.12255 000001002000007004
7 2.12255 000001002000007004 251960.5 009000000003009003
7 251960.5 009000000003009003 251960.5 009000000003009003
7 251960.5 009000000003009003 2.12255 000001002000007004
7 2.12255 000001002000007004 1544.24 007000001001009004
7 1544.24 007000001001009004 30.7365 005000001001009004
7 30.7365 005000001001009004 2.12255 000001002000007004
7 2.12255 000001002000007004 351287.0 002000000001011007
7 351287.0 002000000001011007 66.1969 002000000003011007
7 66.1969 002000000003011007 2.12255 000001002000007004
7 2.12255 000001002000007004 5125480.0 007001000012004004
7 5125480.0 007001000012004004 12569.5 007001000012004006
7 12569.5 007001000012004006 2.12255 000001002000007004
7 2.12255 000001002000007004 390768.0 007000000012011004
7 390768.0 007000000012011004 390768.0 007000000012011004
7 390768.0 007000000012011004 2.12255 000001002000007004
7 2.12255 000001002000007004 705416.0 002000000001004004
7 705416.0 002000000001004004 438183.0 002000000001004003
7 438183.0 002000000001004003 2.12255 000001002000007004
7 2.12255 000001002000007004 5466.86 004000000000009006
7 5466.86 004000000000009006 76.4296 004000000000008006
7 76.4296 004000000000008006 2.12255 000001002000007004
7 2.12255 000001002000007004 147553.0 004000000009012002
7 147553.0 004000000009012002 147553.0 004000000009012002
7 147553.0 004000000009012002 2.12255 000001002000007004
7 2.12255 000001002000007004 1667580.0 012000000009009001
7 1667580.0 012000000009009001 1588000.0 004000000009009001
7 1588000.0 004000000009009001 2.12255 000001002000007004
7 2.12255 000001002000007004 1254.33 002001000004011006
7 1254.33 002001000004011006 1254.33 002001000004011006
7 1254.33 002001000004011006 2.12255 000001002000007004
7 2.12255 000001002000007004 3955610.0 006005000012012002
7 3955610.0 006005000012012002 270273.0 006005000012012005
7 270273.0 006005000012012005 2.12255 000001002000007004
7 2.12255 000001002000007004 608582.0 004000001001009005
7 608582.0 004000001001009005 1642.82 004000001001003005
7 1642.82 004000001001003005 2.12255 000001002000007004
7 2.12255 000001002000007004 6.31711 004000000012000004
7 6.31711 004000000012000004 8754.39 004005000012000004
7 8754.39 004005000012000004 2.12255 000001002000007004
7 2.12255 000001002000007004 241620.0 002000000001009004
7 241620.0 002000000001009004 7.21149 020000000001009004
7 7.21149 020000000001009004 2.12255 000001002000007004
7 2.12255 000001002000007004 782684.0 000002000003009002
7 782684.0 000002000003009002 22078.8 000002000003003002
7 22078.8 000002000003003002 2.12255 000001002000007004
8 2.12255 000001002000007004 2321.46 014001000008001000
8 2321.46 014001000008001000 25157500.0 014001000008005000
8 25157500.0 014001000008005000 30.7119 002004000009011004
8 30.7119 002004000009011004 437782000.0 002006000007011000
8 437782000.0 002006000007011000 1968.09 002006000007011005
8 1968.09 002006000007011005 30.7119 002004000009011004
8 30.7119 002004000009011004 43564.2 001006000007002001
8 43564.2 001006000007002001 43564.2 001006000007002001
8 43564.2 001006000007002001 30.7119 002004000009011004
8 30.7119 002004000009011004 2117660.0 001004002002007000
8 2117660.0 001004002002007000 491723.0 001002002002007000
8 491723.0 001002002002007000 30.7119 002004000009011004
8 30.7119 002004000009011004 337.715 005004000007002002
8 337.715 005004000007002002 88.7588 005004000007002003
8 88.7588 005004000007002003 30.7119 002004000009011004
8 30.7119 002004000009011004 6660540000.0 014000002008009004
8 6660540000.0 014000002008009004 72630200.0 014006002008009004
8 72630200.0 014006002008009004 30.7119 002004000009011004
8 30.7119 002004000009011004 636538000.0 007002002002004001
8 636538000.0 007002002002004001 46815.7 007000002002004001
8 46815.7 007000002002004001 30.7119 002004000009011004
8 30.7119 002004000009011004 3415190000.0 009006002007008003
8 3415190000.0 009006002007008003 29558.5 012006002007008003
8 29558.5 012006002007008003 30.7119 002004000009011004
8 30.7119 002004000009011004 35791700000.0 009004000004000002
8 35791700000.0 009004000004000002 28911.2 009004000001000002
8 28911.2 009004000001000002 30.7119 002004000009011004
8 30.7119 002004000009011004 14631800.0 012005000000008001
8 14631800.0 012005000000008001 4097510.0 012005000000008007
8 4097510.0 012005000000008007 30.7119 002004000009011004
8 30.7119 002004000009011004 742872000.0 010006001001005001
8 742872000.0 010006001001005001 11705.4 010000001001005001
8 11705.4 010000001001005001 30.7119 002004000009011004
8 30.7119 002004000009011004 24967.4 011005000000001002
8 24967.4 011005000000001002 4108.82 011005000009001002
8 4108.82 011005000009001002 30.7119 002004000009011004
8 30.7119 002004000009011004 1738.07 008005000001001004
8 1738.07 008005000001001004 1738.07 008005000001001004
8 1738.07 008005000001001004 30.7119 002004000009011004
8 30.7119 002004000009011004 5954.71 010006000006004009
8 5954.71 010006000006004009 702.49 010006000002004009
8 702.49 010006000002004009 30.7119 002004000009011004
8 30.7119 002004000009011004 15511.4 008004002004001000
8 15511.4 008004002004001000 11415.8 008004002010001000
8 11415.8 008004002010001000 30.7119 002004000009011004
8 30.7119 002004000009011004 3495220.0 005001000004010002
8 3495220.0 005001000004010002 7083.59 005001000002010002
8 7083.59 005001000002010002 30.7119 002004000009011004
8 30.7119 002004000009011004 1899630.0 010004000007007001
8 1899630.0 010004000007007001 1899630.0 010004000007007001
8 1899630.0 010004000007007001 30.7119 002004000009011004
8 30.7119 002004000009011004 339352000.0 008006000000009001
8 339352000.0 008006000000009001 17825000.0 008006000000009006
8 17825000.0 008006000000009006 30.7119 002004000009011004
8 30.7119 002004000009011004 72506600.0 007004002008000001
8 72506600.0 007004002008000001 2143460.0 007004002008010001
8 2143460.0 007004002008010001 30.7119 002004000009011004
8 30.7119 002004000009011004 20644400000.0 010000002004001000
8 20644400000.0 010000002004001000 45782.7 004000002004001000
8 45782.7 004000002004001000 30.7119 002004000009011004
8 30.7119 002004000009011004 2947990.0 010004001007001009
8 2947990.0 010004001007001009 1471483.7433333334 007004001007001009
8 1471483.7433333334 007004001007001009 30.7119 002004000009011004
8 30.7119 002004000009011004 4261570.0 000002000007000009
8 4261570.0 000002000007000009 2394600.0 000002000007004009
8 2394600.0 000002000007004009 30.7119 002004000009011004
8 30.7119 002004000009011004 6889220.0 012005000009006002
8 6889220.0 012005000009006002 19115.0 012005000009001002
8 19115.0 012005000009001002 30.7119 002004000009011004
8 30.7119 002004000009011004 13983400000.0 012006000000009002
8 13983400000.0 012006000000009002 21088.2 012006000000012002
8 21088.2 012006000000012002 30.7119 002004000009011004
8 30.7119 002004000009011004 6176310000.0 012004001004000002
8 6176310000.0 012004001004000002 852536.0 001004001004000002
8 852536.0 001004001004000002 30.7119 002004000009011004
8 30.7119 002004000009011004 24879800000.0 001006000009009000
8 24879800000.0 001006000009009000 1245680000.0 001006000005009000
8 1245680000.0 001006000005009000 30.7119 002004000009011004
8 30.7119 002004000009011004 25674700.0 005004002001002002
8 25674700.0 005004002001002002 274304.0 005004002001008002
8 274304.0 005004002001008002 30.7119 002004000009011004
8 30.7119 002004000009011004 40503.7 001006000012001009
8 40503.7 001006000012001009 30.7119 002004000009011004
8 30.7119 002004000009011004 88.7588 005004000007002003
8 88.7588 005004000007002003 7008180.0 010005000007011002
8 7008180.0 010005000007011002 7321.57 010005000000011002
8 7321.57 010005000000011002 30.7119 002004000009011004
8 30.7119 002004000009011004 56873.7 012000001005011003
8 56873.7 012000001005011003 30.7119 002004000009011004
8 30.7119 002004000009011004 88.7588 005004000007002003
8 88.7588 005004000007002003 91348874.9 011002001004000001
8 91348874.9 011002001004000001 91348874.9 011002001004000001
8 91348874.9 011002001004000001 30.7119 002004000009011004
8 30.7119 002004000009011004 15896500000.0 005006000010002002
8 15896500000.0 005006000010002002 157418000.0 005006000010003002
8 157418000.0 005006000010003002 30.7119 002004000009011004
8 30.7119 002004000009011004 385410000.0 012000000008000001
8 385410000.0 012000000008000001 15704500.0 012000000012000001
8 15704500.0 012000000012000001 30.7119 002004000009011004
8 30.7119 002004000009011004 882304.0 011000001005004009
8 882304.0 011000001005004009 14609.7 011000001004004009
8 14609.7 011000001004004009 30.7119 002004000009011004
8 30.7119 002004000009011004 1166450000.0 011004000007001004
8 1166450000.0 011004000007001004 362.048 005004000007001004
8 362.048 005004000007001004 30.7119 002004000009011004
8 30.7119 002004000009011004 37105000.0 009002000010004009
8 37105000.0 009002000010004009 12886000.0 009002000010002009
8 12886000.0 009002000010002009 30.7119 002004000009011004
8 30.7119 002004000009011004 4459.49 011004002004012001
8 4459.49 011004002004012001 3225.94 007004002004012001
8 3225.94 007004002004012001 30.7119 002004000009011004
8 30.7119 002004000009011004 25121.6 002005000000010000
8 25121.6 002005000000010000 17662.9 002000000000010000
8 17662.9 002000000000010000 30.7119 002004000009011004
8 30.7119 002004000009011004 17519000000.0 010006002001010001
8 17519000000.0 010006002001010001 30812.2 010006002003010001
8 30812.2 010006002003010001 30.7119 002004000009011004
8 30.7119 002004000009011004 11729.6 010006002004010004
8 11729.6 010006002004010004 3887.95 005006002004010004
8 3887.95 005006002004010004 30.7119 002004000009011004
8 30.7119 002004000009011004 1740412763.55 004005000002001002
8 1740412763.55 004005000002001002 1740412763.55 004005000002001002
8 1740412763.55 004005000002001002 30.7119 002004000009011004
8 30.7119 002004000009011004 49644.7 004005001000001002
8 49644.7 004005001000001002 49644.7 004005001000001002
8 49644.7 004005001000001002 30.7119 002004000009011004
8 30.7119 002004000009011004 6439380000.0 008004000002001004
8 6439380000.0 008004000002001004 10070000.0 008004000011001004
8 10070000.0 008004000011001004 30.7119 002004000009011004
8 30.7119 002004000009011004 34323.8 020004001004001009
8 34323.8 020004001004001009 30.7119 002004000009011004
8 30.7119 002004000009011004 88.7588 005004000007002003
8 88.7588 005004000007002003 573138000.0 004004000007000003
8 573138000.0 004004000007000003 5150.29 004004002007000003
8 5150.29 004004002007000003 30.7119 002004000009011004
8 30.7119 002004000009011004 334569.0 011000001007010009
8 334569.0 011000001007010009 30.7119 002004000009011004
8 30.7119 002004000009011004 88.7588 005004000007002003
8 88.7588 005004000007002003 32702.3 005006002010009009
8 32702.3 005006002010009009 20194.2 005006002010000009
8 20194.2 005006002010000009 30.7119 002004000009011004
8 30.7119 002004000009011004 24033.7 001004002004010003
8 24033.7 001004002004010003 2021.7 001004002004006003
8 2021.7 001004002004006003 30.7119 002004000009011004
8 30.7119 002004000009011004 988865.0 010000000002012002
8 988865.0 010000000002012002 10358.3 010000000002004002
8 10358.3 010000000002004002 30.7119 002004000009011004
8 30.7119 002004000009011004 169988000.0 008001001004001000
8 169988000.0 008001001004001000 14728.6 012001001004001000
8 14728.6 012001001004001000 30.7119 002004000009011004
8 30.7119 002004000009011004 14587500.0 008004001001006004
8 14587500.0 008004001001006004 14587500.0 008004001001006004
8 14587500.0 008004001001006004 30.7119 002004000009011004
8 30.7119 002004000009011004 77220440.2 010001000007004004
8 77220440.2 010001000007004004 77220440.2 010001000007004004
8 77220440.2 010001000007004004 30.7119 002004000009011004
8 30.7119 002004000009011004 13303900000.0 010006001005010002
8 13303900000.0 010006001005010002 53067.9 010002001005010002
8 53067.9 010002001005010002 30.7119 002004000009011004
8 30.7119 002004000009011004 26159.8 005004002001000000
8 26159.8 005004002001000000 30.7119 002004000009011004
8 30.7119 002004000009011004 88.7588 005004000007002003
8 88.7588 005004000007002003 5107290000.0 005001000002005000
8 5107290000.0 005001000002005000 2120600.0 005000000002005000
8 2120600.0 005000000002005000 30.7119 002004000009011004
8 30.7119 002004000009011004 3719095.65 020001002004005009
8 3719095.65 020001002004005009 3719095.65 020001002004005009
8 3719095.65 020001002004005009 30.7119 002004000009011004
8 30.7119 002004000009011004 2628100.0 005004000004011003
8 2628100.0 005004000004011003 188138.0 005004000011011003
8 188138.0 005004000011011003 30.7119 002004000009011004
8 30.7119 002004000009011004 25497500.0 005000000000001002
8 25497500.0 005000000000001002 24355.6 005004000000001002
8 24355.6 005004000000001002 30.7119 002004000009011004
8 30.7119 002004000009011004 19954.3 005001000004005003
8 19954.3 005001000004005003 30.7119 002004000009011004
8 30.7119 002004000009011004 88.7588 005004000007002003
8 88.7588 005004000007002003 1638490.0 004004002000006004
8 1638490.0 004004002000006004 1638490.0 004004002000006004
8 1638490.0 004004002000006004 30.7119 002004000009011004
8 30.7119 002004000009011004 19932100000.0 008006002002011000
8 19932100000.0 008006002002011000 6994370000.0 008006002002011008
8 6994370000.0 008006002002011008 30.7119 002004000009011004
8 30.7119 002004000009011004 8028340.0 010004000007004001
8 8028340.0 010004000007004001 234973.0 010004000007009001
8 234973.0 010004000007009001 30.7119 002004000009011004
8 30.7119 002004000009011004 12760700.0 005005000000004009
8 12760700.0 005005000000004009 3738070.0 005005000000004006
8 3738070.0 005005000000004006 30.7119 002004000009011004
8 30.7119 002004000009011004 6871000.0 008004000009000009
8 6871000.0 008004000009000009 17531.7 008004000009000005
8 17531.7 008004000009000005 30.7119 002004000009011004
8 30.7119 002004000009011004 2184020.0 005003002004010004
8 2184020.0 005003002004010004 8655.84 005003001004010004
8 8655.84 005003001004010004 30.7119 002004000009011004
8 30.7119 002004000009011004 16317000.0 011005000004010002
8 16317000.0 011005000004010002 1462730.0 011005000004010008
8 1462730.0 011005000004010008 30.7119 002004000009011004
8 30.7119 002004000009011004 21827600.0 005001002000004000
8 21827600.0 005001002000004000 29060.2 009001002000004000
8 29060.2 009001002000004000 30.7119 002004000009011004
8 30.7119 002004000009011004 109.873 005000001007001003
8 109.873 005000001007001003 87.4972 005000001007001007
8 87.4972 005000001007001007 30.7119 002004000009011004
8 30.7119 002004000009011004 12771.4 010005000007004004
8 12771.4 010005000007004004 12771.4 010005000007004004
8 12771.4 010005000007004004 30.7119 002004000009011004
8 30.7119 002004000009011004 34143200.0 002004000006001001
8 34143200.0 002004000006001001 31397.2 002004000009001001
8 31397.2 002004000009001001 30.7119 002004000009011004
8 30.7119 002004000009011004 82393000.0 014004001004002003
8 82393000.0 014004001004002003 36209.3 008004001004002003
8 36209.3 008004001004002003 30.7119 002004000009011004
8 30.7119 002004000009011004 2246654.60875 010004002002010009
8 2246654.60875 010004002002010009 2246654.60875 010004002002010009
8 2246654.60875 010004002002010009 30.7119 002004000009011004
8 30.7119 002004000009011004 20925.8 005006001007000009
8 20925.8 005006001007000009 2246654.60875 010004002002010009
8 2246654.60875 010004002002010009 30.7119 002004000009011004
8 30.7119 002004000009011004 20235.3 008004001000001002
8 20235.3 008004001000001002 163.644 008004001000001009
8 163.644 008004001000001009 2246654.60875 010004002002010009
8 2246654.60875 010004002002010009 11210.1 020005000004001003
8 11210.1 020005000004001003 105.268 020005000008001003
8 105.268 020005000008001003 2246654.60875 010004002002010009
8 2246654.60875 010004002002010009 30094.2 020004000007001003
8 30094.2 020004000007001003 5544.11 020004000007011003
8 5544.11 020004000007011003 2246654.60875 010004002002010009
8 2246654.60875 010004002002010009 516789000.0 010006000012002002
8 516789000.0 010006000012002002 198840000.0 010006002012002002
8 198840000.0 010006002012002002 2246654.60875 010004002002010009
8 2246654.60875 010004002002010009 833477000.0 011006001004011001
8 833477000.0 011006001004011001 55275.0 011006001004008001
8 55275.0 011006001004008001 2246654.60875 010004002002010009
8 2246654.60875 010004002002010009 12436.6 011005000004001004
8 12436.6 011005000004001004 1867.02 011005000004009004
8 1867.02 011005000004009004 2246654.60875 010004002002010009
8 2246654.60875 010004002002010009 44864.7 008005002001011001
8 44864.7 008005002001011001 28524.5 008003002001011001
8 28524.5 008003002001011001 2246654.60875 010004002002010009
8 2246654.60875 010004002002010009 2479845.0 002005001007002004
8 2479845.0 002005001007002004 2479845.0 002005001007002004
8 2479845.0 002005001007002004 2246654.60875 010004002002010009
8 2246654.60875 010004002002010009 222306.0 001000001001010003
8 222306.0 001000001001010003 17746.8 001001001001010003
8 17746.8 001001001001010003 2246654.60875 010004002002010009
8 2246654.60875 010004002002010009 82644.9 005006000001010004
8 82644.9 005006000001010004 15186.3 017006000001010004
8 15186.3 017006000001010004 2246654.60875 010004002002010009
8 2246654.60875 010004002002010009 9569730.0 011005002007012009
8 9569730.0 011005002007012009 121.221 007005002007012009
8 121.221 007005002007012009 2246654.60875 010004002002010009
8 2246654.60875 010004002002010009 811118.0 011000000009010002
8 811118.0 011000000009010002 140964.0 011000000009008002
8 140964.0 011000000009008002 2246654.60875 010004002002010009
8 2246654.60875 010004002002010009 84051.8 020000002008002003
8 84051.8 020000002008002003 75992.5 009000002008002003
8 75992.5 009000002008002003 2246654.60875 010004002002010009
8 2246654.60875 010004002002010009 346348000.0 005006002000005002
8 346348000.0 005006002000005002 45922.7 005006002000010002
8 45922.7 005006002000010002 2246654.60875 010004002002010009
8 2246654.60875 010004002002010009 439166000.0 011006000006001000
8 439166000.0 011006000006001000 361048000.0 011006001006001000
8 361048000.0 011006001006001000 2246654.60875 010004002002010009
8 2246654.60875 010004002002010009 11102400000.0 012001001000001000
8 11102400000.0 012001001000001000 260321000.0 012001001000001001
8 260321000.0 012001001000001001 2246654.60875 010004002002010009
8 2246654.60875 010004002002010009 9014100.0 011001001007001009
8 9014100.0 011001001007001009 1644350.0 011001001011001009
8 1644350.0 011001001011001009 2246654.60875 010004002002010009
8 2246654.60875 010004002002010009 8386.33 020005000007010002
8 8386.33 020005000007010002 5689.64 020004000007010002
8 5689.64 020004000007010002 2246654.60875 010004002002010009
8 2246654.60875 010004002002010009 14279.1 020004002009004002
8 14279.1 020004002009004002 1211.53 020004002009004007
8 1211.53 020004002009004007 2246654.60875 010004002002010009
8 2246654.60875 010004002002010009 65.2948 010004000007012003
8 65.2948 010004000007012003 65.2948 010004000007012003
8 65.2948 010004000007012003 2246654.60875 010004002002010009
8 2246654.60875 010004002002010009 19459500000.0 014006002007004002
8 19459500000.0 014006002007004002 13773300000.0 014006001007004002
8 13773300000.0 014006001007004002 2246654.60875 010004002002010009
8 2246654.60875 010004002002010009 9292.35 007004000007001004
8 9292.35 007004000007001004 1435.52 007004000007007004
8 1435.52 007004000007007004 2246654.60875 010004002002010009
8 2246654.60875 010004002002010009 7222490000.0 020006000007010002
8 7222490000.0 020006000007010002 146134000.0 020006000007011002
8 146134000.0 020006000007011002 2246654.60875 010004002002010009
8 2246654.60875 010004002002010009 118069000.0 010004001006009004
8 118069000.0 010004001006009004 7944630.0 010005001006009004
8 7944630.0 010005001006009004 2246654.60875 010004002002010009
8 2246654.60875 010004002002010009 18022.1 010006000004004004
8 18022.1 010006000004004004 17411.6 010006000008004004
8 17411.6 010006000008004004 2246654.60875 010004002002010009
8 2246654.60875 010004002002010009 13057400000.0 010006000002001007
8 13057400000.0 010006000002001007 11387.4 013006000002001007
8 11387.4 013006000002001007 2246654.60875 010004002002010009
8 2246654.60875 010004002002010009 43902.0 008006001007002000
8 43902.0 008006001007002000 655.692 008006001007000000
8 655.692 008006001007000000 2246654.60875 010004002002010009
8 2246654.60875 010004002002010009 1223810.0 011004000001011000
8 1223810.0 011004000001011000 1076.7 011004000001011005
8 1076.7 011004000001011005 2246654.60875 010004002002010009
8 2246654.60875 010004002002010009 1112970.0 005004001007005004
8 1112970.0 005004001007005004 769.051 005004001007000004
8 769.051 005004001007000004 2246654.60875 010004002002010009
8 2246654.60875 010004002002010009 17540.7 005005002007001007
8 17540.7 005005002007001007 17540.7 005005002007001007
8 17540.7 005005002007001007 2246654.60875 010004002002010009
8 2246654.60875 010004002002010009 4774000.0 005004000004004005
8 4774000.0 005004000004004005 830916.0 005004000001004005
8 830916.0 005004000001004005 2246654.60875 010004002002010009
8 2246654.60875 010004002002010009 287901000.0 007006002004010002
8 287901000.0 007006002004010002 746.474 007006002004010001
8 746.474 007006002004010001 2246654.60875 010004002002010009
8 2246654.60875 010004002002010009 362.048 005004000007001004
8 362.048 005004000007001004 362.048 005004000007001004
8 362.048 005004000007001004 2246654.60875 010004002002010009
8 2246654.60875 010004002002010009 7736.84 002004000004001002
8 7736.84 002004000004001002 2246654.60875 010004002002010009
8 2246654.60875 010004002002010009 30.7119 002004000009011004
8 30.7119 002004000009011004 12957.1 005004002001010003
8 12957.1 005004002001010003 54.7411 005004002003010003
8 54.7411 005004002003010003 2246654.60875 010004002002010009
8 2246654.60875 010004002002010009 19222700.0 005004000007001002
8 19222700.0 005004000007001002 19222700.0 005004000007001002
8 19222700.0 005004000007001002 2246654.60875 010004002002010009
8 2246654.60875 010004002002010009 9825.23 008004002008007002
8 9825.23 008004002008007002 4449.3 008004002002007002
8 4449.3 008004002002007002 2246654.60875 010004002002010009
8 2246654.60875 010004002002010009 7837.1 005000000004011003
8 7837.1 005000000004011003 32.7328 005000000004007003
8 32.7328 005000000004007003 2246654.60875 010004002002010009
8 2246654.60875 010004002002010009 1481710000.0 005005002007001004
8 1481710000.0 005005002007001004 7777800.0 005005002007005004
8 7777800.0 005005002007005004 2246654.60875 010004002002010009
8 2246654.60875 010004002002010009 237998.45 007004002007011004
8 237998.45 007004002007011004 237998.45 007004002007011004
8 237998.45 007004002007011004 2246654.60875 010004002002010009
8 2246654.60875 010004002002010009 16891000000.0 005006000007012002
8 16891000000.0 005006000007012002 26936200.0 005006000007012003
8 26936200.0 005006000007012003 2246654.60875 010004002002010009
8 2246654.60875 010004002002010009 1291530.0 007004002008006009
8 1291530.0 007004002008006009 8346.85 007004002010006009
8 8346.85 007004002010006009 2246654.60875 010004002002010009
8 2246654.60875 010004002002010009 1407.81 004004000004001009
8 1407.81 004004000004001009 699.108 001004000004001009
8 699.108 001004000004001009 2246654.60875 010004002002010009
8 2246654.60875 010004002002010009 16730500000.0 005006000004001003
8 16730500000.0 005006000004001003 64275.2 005006000004001007
8 64275.2 005006000004001007 2246654.60875 010004002002010009
8 2246654.60875 010004002002010009 40673100.0 005004000002001004
8 40673100.0 005004000002001004 1128650.0 005004000002007004
8 1128650.0 005004000002007004 2246654.60875 010004002002010009
8 2246654.60875 010004002002010009 81253200.0 014006002007012003
8 81253200.0 014006002007012003 618.221 014006002007008003
8 618.221 014006002007008003 2246654.60875 010004002002010009
8 2246654.60875 010004002002010009 15680300.0 005005002010000004
8 15680300.0 005005002010000004 8448210.0 005005002011000004
8 8448210.0 005005002011000004 2246654.60875 010004002002010009
8 2246654.60875 010004002002010009 3534100.0 010004002007001007
8 3534100.0 010004002007001007 30364.7 010004002007001001
8 30364.7 010004002007001001 2246654.60875 010004002002010009
8 2246654.60875 010004002002010009 82.787 004005002000011009
8 82.787 004005002000011009 65.3714 004005002000012009
8 65.3714 004005002000012009 2246654.60875 010004002002010009
8 2246654.60875 010004002002010009 3586690.0 008000001004001007
8 3586690.0 008000001004001007 18103.9 008005001004001007
8 18103.9 008005001004001007 2246654.60875 010004002002010009
8 2246654.60875 010004002002010009 1214970.0 002000002007010003
8 1214970.0 002000002007010003 187255.0 002005002007010003
8 187255.0 002005002007010003 2246654.60875 010004002002010009
8 2246654.60875 010004002002010009 14921.4 011000002007010003
8 14921.4 011000002007010003 2323.51 011000002008010003
8 2323.51 011000002008010003 2246654.60875 010004002002010009
8 2246654.60875 010004002002010009 442022.0 005004000000007003
8 442022.0 005004000000007003 46833.5 005004002000007003
8 46833.5 005004002000007003 2246654.60875 010004002002010009
8 2246654.60875 010004002002010009 8887.01 008006002007000003
8 8887.01 008006002007000003 1275.32 008006002008000003
8 1275.32 008006002008000003 2246654.60875 010004002002010009
8 2246654.60875 010004002002010009 1519210000.0 005004001000007003
8 1519210000.0 005004001000007003 15525300.0 005003001000007003
8 15525300.0 005003001000007003 2246654.60875 010004002002010009
8 2246654.60875 010004002002010009 324851000.0 020005002000001002
8 324851000.0 020005002000001002 41960.6 020005002001001002
8 41960.6 020005002001001002 2246654.60875 010004002002010009
8 2246654.60875 010004002002010009 35857600.0 010005000006010009
8 35857600.0 010005000006010009 373704.0 010005000006010002
8 373704.0 010005000006010002 2246654.60875 010004002002010009
8 2246654.60875 010004002002010009 14358.1 002004002004001004
8 14358.1 002004002004001004 4602.81 002000002004001004
8 4602.81 002000002004001004 2246654.60875 010004002002010009
8 2246654.60875 010004002002010009 44491900.0 008004002000001003
8 44491900.0 008004002000001003 44321.5 014004002000001003
8 44321.5 014004002000001003 2246654.60875 010004002002010009
8 2246654.60875 010004002002010009 3482110000.0 008006001007011003
8 3482110000.0 008006001007011003 198814000.0 008006001007012003
8 198814000.0 008006001007012003 2246654.60875 010004002002010009
8 2246654.60875 010004002002010009 513387000.0 005006000009001002
8 513387000.0 005006000009001002 274350000.0 005006002009001002
8 274350000.0 005006002009001002 2246654.60875 010004002002010009
8 2246654.60875 010004002002010009 45.4663 008004000001007009
8 45.4663 008004000001007009 2246654.60875 010004002002010009
8 2246654.60875 010004002002010009 30.7119 002004000009011004
8 30.7119 002004000009011004 2046872914.5 005005002004007002
8 2046872914.5 005005002004007002 2046872914.5 005005002004007002
8 2046872914.5 005005002004007002 2246654.60875 010004002002010009
8 2246654.60875 010004002002010009 6691560000.0 010005001001004003
8 6691560000.0 010005001001004003 11856.3 010005002001004003
8 11856.3 010005002001004003 2246654.60875 010004002002010009
8 2246654.60875 010004002002010009 13532.9 010006000006012003
8 13532.9 010006000006012003 4553.51 010003000006012003
8 4553.51 010003000006012003 2246654.60875 010004002002010009
8 2246654.60875 010004002002010009 159742000.0 007000000009001000
8 159742000.0 007000000009001000 46219.0 007000000009005000
8 46219.0 007000000009005000 2246654.60875 010004002002010009
8 2246654.60875 010004002002010009 26472150000.0 001006002004001004
8 26472150000.0 001006002004001004 26472150000.0 001006002004001004
8 26472150000.0 001006002004001004 2246654.60875 010004002002010009
8 2246654.60875 010004002002010009 578635000.0 007004000007001003
8 578635000.0 007004000007001003 486181.0 007004000007010003
8 486181.0 007004000007010003 2246654.60875 010004002002010009
8 2246654.60875 010004002002010009 1772309.09 010004002001010004
8 1772309.09 010004002001010004 1772309.09 010004002001010004
8 1772309.09 010004002001010004 2246654.60875 010004002002010009
8 2246654.60875 010004002002010009 20300100.0 005004000003001009
8 20300100.0 005004000003001009 4901560.0 005004002003001009
8 4901560.0 005004002003001009 2246654.60875 010004002002010009
8 2246654.60875 010004002002010009 45278.0 008006000001001009
8 45278.0 008006000001001009 39071.9 008006000001001006
8 39071.9 008006000001001006 2246654.60875 010004002002010009
8 2246654.60875 010004002002010009 248767.0 005000000008004002
8 248767.0 005000000008004002 15475.8 006000000008004002
8 15475.8 006000000008004002 2246654.60875 010004002002010009
8 2246654.60875 010004002002010009 4834260.0 007005000004010002
8 4834260.0 007005000004010002 2183110.0 007005000012010002
8 2183110.0 007005000012010002 2246654.60875 010004002002010009
8 2246654.60875 010004002002010009 71212500.0 005004002000001002
8 71212500.0 005004002000001002 65128.7 013004002000001002
8 65128.7 013004002000001002 2246654.60875 010004002002010009
8 2246654.60875 010004002002010009 38373.9 011004000004001002
8 38373.9 011004000004001002 31853.7 003004000004001002
8 31853.7 003004000004001002 2246654.60875 010004002002010009
8 2246654.60875 010004002002010009 38698.7 010006002009011000
8 38698.7 010006002009011000 36702.8 010006002009011001
8 36702.8 010006002009011001 2246654.60875 010004002002010009
8 2246654.60875 010004002002010009 32933400000.0 005006000007007001
8 32933400000.0 005006000007007001 12471500000.0 018006000007007001
8 12471500000.0 018006000007007001 2246654.60875 010004002002010009
8 2246654.60875 010004002002010009 6088.76 010004001007011009
8 6088.76 010004001007011009 3501.68 010004001007011006
8 3501.68 010004001007011006 2246654.60875 010004002002010009
8 2246654.60875 010004002002010009 236071.0 001004000001010001
8 236071.0 001004000001010001 12514.7 010004000001010001
8 12514.7 010004000001010001 2246654.60875 010004002002010009
8 2246654.60875 010004002002010009 24402.9 001006000000004001
8 24402.9 001006000000004001 22403.3 010006000000004001
8 22403.3 010006000000004001 2246654.60875 010004002002010009
8 2246654.60875 010004002002010009 96276500.0 008005000000001004
8 96276500.0 008005000000001004 12909.1 008005000000001003
8 12909.1 008005000000001003 2246654.60875 010004002002010009
8 2246654.60875 010004002002010009 27573.2 001003001004001004
8 27573.2 001003001004001004 22159.9 001003001004001008
8 22159.9 001003001004001008 2246654.60875 010004002002010009
8 2246654.60875 010004002002010009 3612.91 011000002001010009
8 3612.91 011000002001010009 866.276 011004002001010009
8 866.276 011004002001010009 2246654.60875 010004002002010009
8 2246654.60875 010004002002010009 1471360.0 002005000004001009
8 1471360.0 002005000004001009 31217.0 002003000004001009
8 31217.0 002003000004001009 2246654.60875 010004002002010009
8 2246654.60875 010004002002010009 25655500.0 005006000009011009
8 25655500.0 005006000009011009 27659.0 005006001009011009
8 27659.0 005006001009011009 2246654.60875 010004002002010009
8 2246654.60875 010004002002010009 104699.0 020000002004001005
8 104699.0 020000002004001005 60052.2 020000002004001004
8 60052.2 020000002004001004 2246654.60875 010004002002010009
8 2246654.60875 010004002002010009 12324700.0 005004000007001009
8 12324700.0 005004000007001009 21176.2 005004000007000009
8 21176.2 005004000007000009 2246654.60875 010004002002010009
8 2246654.60875 010004002002010009 159973.0 005000002004012000
8 159973.0 005000002004012000 84066.3 005000002004012003
8 84066.3 005000002004012003 2246654.60875 010004002002010009
8 2246654.60875 010004002002010009 8887.01 008006002007000003
8 8887.01 008006002007000003 43556.5 008003002007000003
8 43556.5 008003002007000003 2246654.60875 010004002002010009
8 2246654.60875 010004002002010009 521173.0 011000000007004007
8 521173.0 011000000007004007 4646.05 005000000007004007
8 4646.05 005000000007004007 2246654.60875 010004002002010009
8 2246654.60875 010004002002010009 17632.4 008005000007010003
8 17632.4 008005000007010003 2976.31 008005000002010003
8 2976.31 008005000002010003 2246654.60875 010004002002010009
8 2246654.60875 010004002002010009 25.9532 011004000000008003
8 25.9532 011004000000008003 2246654.60875 010004002002010009
8 2246654.60875 010004002002010009 30.7119 002004000009011004
8 30.7119 002004000009011004 22042400.0 011006000000007009
8 22042400.0 011006000000007009 69401.7 011006000000007000
8 69401.7 011006000000007000 2246654.60875 010004002002010009
8 2246654.60875 010004002002010009 683519000.0 005006000004002001
8 683519000.0 005006000004002001 45432900.0 005002000004002001
8 45432900.0 005002000004002001 2246654.60875 010004002002010009
8 2246654.60875 010004002002010009 57643.8 010006001007001001
8 57643.8 010006001007001001 53609.4 018006001007001001
8 53609.4 018006001007001001 2246654.60875 010004002002010009
8 2246654.60875 010004002002010009 3560.88 008000000004010003
8 3560.88 008000000004010003 159.015 003000000004010003
8 159.015 003000000004010003 2246654.60875 010004002002010009
8 2246654.60875 010004002002010009 6051280000.0 008005002007004003
8 6051280000.0 008005002007004003 288985000.0 008005002007012003
8 288985000.0 008005002007012003 2246654.60875 010004002002010009
8 2246654.60875 010004002002010009 296.408 010000000004007009
8 296.408 010000000004007009 85.743 010000000004007008
8 85.743 010000000004007008 2246654.60875 010004002002010009
8 2246654.60875 010004002002010009 17297.5 010004000007002001
8 17297.5 010004000007002001 9575.78 016004000007002001
8 9575.78 016004000007002001 2246654.60875 010004002002010009
8 2246654.60875 010004002002010009 4654.26 005000000008001009
8 4654.26 005000000008001009 94.7347 008000000008001009
8 94.7347 008000000008001009 2246654.60875 010004002002010009
8 2246654.60875 010004002002010009 3.77226 008004000000010004
8 3.77226 008004000000010004 3.77226 008004000000010004
8 3.77226 008004000000010004 2246654.60875 010004002002010009
8 2246654.60875 010004002002010009 6480700000.0 011006000007006003
8 6480700000.0 011006000007006003 341395000.0 011006000004006003
8 341395000.0 011006000004006003 3.77226 008004000000010004
8 3.77226 008004000000010004 512418.0 003005002008011007
8 512418.0 003005002008011007 85.7715 001005002008011007
8 85.7715 001005002008011007 3.77226 008004000000010004
8 3.77226 008004000000010004 916245.0 005004001009004009
8 916245.0 005004001009004009 1534.39 005004001009009009
8 1534.39 005004001009009009 3.77226 008004000000010004
8 3.77226 008004000000010004 342758.0 005004000004010003
8 342758.0 005004000004010003 179443.0 005000000004010003
8 179443.0 005000000004010003 3.77226 008004000000010004
8 3.77226 008004000000010004 3323.14 005000000008002009
8 3323.14 005000000008002009 3.77226 008004000000010004
8 3.77226 008004000000010004 2246654.60875 010004002002010009
8 2246654.60875 010004002002010009 28045100.0 005005000004004001
8 28045100.0 005005000004004001 40722.4 005005000011004001
8 40722.4 005005000011004001 3.77226 008004000000010004
8 3.77226 008004000000010004 36828.8 005004002007001003
8 36828.8 005004002007001003 16726.4 005004001007001003
8 16726.4 005004001007001003 3.77226 008004000000010004
8 3.77226 008004000000010004 64783522.135 008004002000000004
8 64783522.135 008004002000000004 64783522.135 008004002000000004
8 64783522.135 008004002000000004 3.77226 008004000000010004
8 3.77226 008004000000010004 7628550.0 005005000008004009
8 7628550.0 005005000008004009 3669740.0 005005002008004009
8 3669740.0 005005002008004009 3.77226 008004000000010004
8 3.77226 008004000000010004 4434850.0 005004002007009009
8 4434850.0 005004002007009009 77.2846 005004000007009009
8 77.2846 005004000007009009 3.77226 008004000000010004
8 3.77226 008004000000010004 819.671 010004000004006009
8 819.671 010004000004006009 446.04 011004000004006009
8 446.04 011004000004006009 3.77226 008004000000010004
8 3.77226 008004000000010004 1471483.7433333334 007004001007001009
8 1471483.7433333334 007004001007001009 1471483.7433333334 007004001007001009
8 1471483.7433333334 007004001007001009 3.77226 008004000000010004
8 3.77226 008004000000010004 989668.0 007004000007002007
8 989668.0 007004000007002007 946750.0 008004000007002007
8 946750.0 008004000007002007 3.77226 008004000000010004
8 3.77226 008004000000010004 4926450.0 007004000008007003
8 4926450.0 007004000008007003 4651.96 007004000008010003
8 4651.96 007004000008010003 3.77226 008004000000010004
8 3.77226 008004000000010004 12170300000.0 005006002003001009
8 12170300000.0 005006002003001009 406133000.0 005006002003001004
8 406133000.0 005006002003001004 3.77226 008004000000010004
8 3.77226 008004000000010004 524687000.0 005005000000004003
8 524687000.0 005005000000004003 37974.7 005003000000004003
8 37974.7 005003000000004003 3.77226 008004000000010004
8 3.77226 008004000000010004 745923.0 001004000000006004
8 745923.0 001004000000006004 691360.0 007004000000006004
8 691360.0 007004000000006004 3.77226 008004000000010004
8 3.77226 008004000000010004 755321.5 002000000007001003
8 755321.5 002000000007001003 755321.5 002000000007001003
8 755321.5 002000000007001003 3.77226 008004000000010004
8 3.77226 008004000000010004 6303.19 005004000009011003
8 6303.19 005004000009011003 8.50062 009004000009011003
8 8.50062 009004000009011003 3.77226 008004000000010004
8 3.77226 008004000000010004 780469.0 005000000004000003
8 780469.0 005000000004000003 19518.7 005000001004000003
8 19518.7 005000001004000003 3.77226 008004000000010004
9 3.77226 008004000000010004 2027004500.0 013005001006012002
9 2027004500.0 013005001006012002 2027004500.0 013005001006012002
9 2027004500.0 013005001006012002 5.11834 009000000002010002
9 5.11834 009000000002010002 5927690000.0 011004000004004000
9 5927690000.0 011004000004004000 15052900.0 011004000004004004
9 15052900.0 011004000004004004 5.11834 009000000002010002
9 5.11834 009000000002010002 14082800000.0 014005001000002001
9 14082800000.0 014005001000002001 20189.5 010005001000002001
9 20189.5 010005001000002001 5.11834 009000000002010002
9 5.11834 009000000002010002 15824.6 000004002000007004
9 15824.6 000004002000007004 9877.55 002004002000007004
9 9877.55 002004002000007004 5.11834 009000000002010002
9 5.11834 009000000002010002 15806.1 012001000009006002
9 15806.1 012001000009006002 69.8955 012001000010006002
9 69.8955 012001000010006002 5.11834 009000000002010002
9 5.11834 009000000002010002 240788.0 008001000011009002
9 240788.0 008001000011009002 27103.5 008001000005009002
9 27103.5 008001000005009002 5.11834 009000000002010002
9 5.11834 009000000002010002 4410190000.0 006000002009006000
9 4410190000.0 006000002009006000 34047.9 006000002009008000
9 34047.9 006000002009008000 5.11834 009000000002010002
9 5.11834 009000000002010002 43501.1 006002001011000000
9 43501.1 006002001011000000 25901.2 006002001008000000
9 25901.2 006002001008000000 5.11834 009000000002010002
9 5.11834 009000000002010002 412976.0 012000000008006003
9 412976.0 012000000008006003 381872.0 004000000008006003
9 381872.0 004000000008006003 5.11834 009000000002010002
9 5.11834 009000000002010002 1262890.0 007000000000007001
9 1262890.0 007000000000007001 1007810.0 007000000000006001
9 1007810.0 007000000000006001 5.11834 009000000002010002
9 5.11834 009000000002010002 2054970.45 006000002000008003
9 2054970.45 006000002000008003 2054970.45 006000002000008003
9 2054970.45 006000002000008003 5.11834 009000000002010002
9 5.11834 009000000002010002 24853.8 002000001004004004
9 24853.8 002000001004004004 12987.1 002000001005004004
9 12987.1 002000001005004004 5.11834 009000000002010002
9 5.11834 009000000002010002 1112070.0 001001002010010003
9 1112070.0 001001002010010003 828202.0 001001002010010004
9 828202.0 001001002010010004 5.11834 009000000002010002
9 5.11834 009000000002010002 8703340.0 009002001010010004
9 8703340.0 009002001010010004 21117.9 009002001010002004
9 21117.9 009002001010002004 5.11834 009000000002010002
9 5.11834 009000000002010002 56514.1 010006000009004000
9 56514.1 010006000009004000 4842.11 010004000009004000
9 4842.11 010004000009004000 5.11834 009000000002010002
9 5.11834 009000000002010002 1458810.0 000003002008005003
9 1458810.0 000003002008005003 853435.0 000003002008008003
9 853435.0 000003002008008003 5.11834 009000000002010002
9 5.11834 009000000002010002 4393480.0 006001001010002002
9 4393480.0 006001001010002002 20686.6 006001001012002002
9 20686.6 006001001012002002 5.11834 009000000002010002
9 5.11834 009000000002010002 3972870.0 010001000010007000
9 3972870.0 010001000010007000 2188770.0 010001000010012000
9 2188770.0 010001000010012000 5.11834 009000000002010002
9 5.11834 009000000002010002 54318.8 006002002002002001
9 54318.8 006002002002002001 52412.8 006000002002002001
9 52412.8 006000002002002001 5.11834 009000000002010002
9 5.11834 009000000002010002 507654.0 000000001000011004
9 507654.0 000000001000011004 59.9065 000000000000011004
9 59.9065 000000000000011004 5.11834 009000000002010002
9 5.11834 009000000002010002 10781.4 011004000007009002
9 10781.4 011004000007009002 5.11834 009000000002010002
9 5.11834 009000000002010002 59.9065 000000000000011004
9 59.9065 000000000000011004 4557560.0 011004000011011003
9 4557560.0 011004000011011003 11875.6 011004000011009003
9 11875.6 011004000011009003 5.11834 009000000002010002
9 5.11834 009000000002010002 255509.0 002000002009009000
9 255509.0 002000002009009000 225461.0 001000002009009000
9 225461.0 001000002009009000 5.11834 009000000002010002
9 5.11834 009000000002010002 6532433.8 002002001003002001
9 6532433.8 002002001003002001 6532433.8 002002001003002001
9 6532433.8 002002001003002001 5.11834 009000000002010002
9 5.11834 009000000002010002 690102.0 001000002009002003
9 690102.0 001000002009002003 12752.7 001000002009002007
9 12752.7 001000002009002007 5.11834 009000000002010002
9 5.11834 009000000002010002 28235.1 012000001002002000
9 28235.1 012000001002002000 15577.7 012000001009002000
9 15577.7 012000001009002000 5.11834 009000000002010002
9 5.11834 009000000002010002 7375150000.0 010000001000010000
9 7375150000.0 010000001000010000 41.2424 010000000000010000
9 41.2424 010000000000010000 5.11834 009000000002010002
9 5.11834 009000000002010002 54721.8 009001000000002004
9 54721.8 009001000000002004 6173.66 009000000000002004
9 6173.66 009000000000002004 5.11834 009000000002010002
9 5.11834 009000000002010002 46354.3 011001000003004000
9 46354.3 011001000003004000 2891.26 011001000003004008
9 2891.26 011001000003004008 5.11834 009000000002010002
9 5.11834 009000000002010002 389007.0 000004001000011004
9 389007.0 000004001000011004 379274.0 000002001000011004
9 379274.0 000002001000011004 5.11834 009000000002010002
9 5.11834 009000000002010002 14591.9 002005000012006002
9 14591.9 002005000012006002 87.3328 002005000012006006
9 87.3328 002005000012006006 5.11834 009000000002010002
9 5.11834 009000000002010002 3743660.0 010000001009004004
9 3743660.0 010000001009004004 26867.7 015000001009004004
9 26867.7 015000001009004004 5.11834 009000000002010002
9 5.11834 009000000002010002 8097180000.0 011000001000006001
9 8097180000.0 011000001000006001 241570000.0 011000001000005001
9 241570000.0 011000001000005001 5.11834 009000000002010002
9 5.11834 009000000002010002 967554.5 002005000005010001
9 967554.5 002005000005010001 967554.5 002005000005010001
9 967554.5 002005000005010001 5.11834 009000000002010002
9 5.11834 009000000002010002 30383.1 010000002009002000
9 30383.1 010000002009002000 24651.7 008000002009002000
9 24651.7 008000002009002000 5.11834 009000000002010002
9 5.11834 009000000002010002 6995.03 012001000010002003
9 6995.03 012001000010002003 2596.24 007001000010002003
9 2596.24 007001000010002003 5.11834 009000000002010002
9 5.11834 009000000002010002 26831979.94 011001001004002002
9 26831979.94 011001001004002002 26831979.94 011001001004002002
9 26831979.94 011001001004002002 5.11834 009000000002010002
9 5.11834 009000000002010002 167266.0 010000000010006002
9 167266.0 010000000010006002 8334.83 016000000010006002
9 8334.83 016000000010006002 5.11834 009000000002010002
9 5.11834 009000000002010002 6691330.0 005001001004009002
9 6691330.0 005001001004009002 14030.6 005001001001009002
9 14030.6 005001001001009002 5.11834 009000000002010002
9 5.11834 009000000002010002 6812990.0 011004001010004004
9 6812990.0 011004001010004004 15509.0 011006001010004004
9 15509.0 011006001010004004 5.11834 009000000002010002
9 5.11834 009000000002010002 54378.3 005000000005002002
9 54378.3 005000000005002002 5.11834 009000000002010002
9 5.11834 009000000002010002 41.2424 010000000000010000
9 41.2424 010000000000010000 3877457.05 012002000010006008
9 3877457.05 012002000010006008 3877457.05 012002000010006008
9 3877457.05 012002000010006008 5.11834 009000000002010002
9 5.11834 009000000002010002 638411.0 006000000000006000
9 638411.0 006000000000006000 2920.53 014000000000006000
9 2920.53 014000000000006000 5.11834 009000000002010002
9 5.11834 009000000002010002 36621.9 006004001009000000
9 36621.9 006004001009000000 11637.8 003004001009000000
9 11637.8 003004001009000000 5.11834 009000000002010002
9 5.11834 009000000002010002 39176.6 005000001003004004
9 39176.6 005000001003004004 7903.58 000000001003004004
9 7903.58 000000001003004004 5.11834 009000000002010002
9 5.11834 009000000002010002 17411.9 002001001000009002
9 17411.9 002001001000009002 2210.15 002001001010009002
9 2210.15 002001001010009002 5.11834 009000000002010002
9 5.11834 009000000002010002 794379.0 012000000003010008
9 794379.0 012000000003010008 692369.0 012000001003010008
9 692369.0 012000001003010008 5.11834 009000000002010002
9 5.11834 009000000002010002 5033600.0 010001002010002008
9 5033600.0 010001002010002008 2030170.0 010001000010002008
9 2030170.0 010001000010002008 5.11834 009000000002010002
9 5.11834 009000000002010002 1918930000.0 007006000012001004
9 1918930000.0 007006000012001004 296984000.0 007006000012001000
9 296984000.0 007006000012001000 5.11834 009000000002010002
9 5.11834 009000000002010002 3027380.0 002001002010001003
9 3027380.0 002001002010001003 1266300.0 002001002010010003
9 1266300.0 002001002010010003 5.11834 009000000002010002
9 5.11834 009000000002010002 56068700.0 002003000011006002
9 56068700.0 002003000011006002 47240700.0 002003000011006003
9 47240700.0 002003000011006003 5.11834 009000000002010002
9 5.11834 009000000002010002 1010190000.0 011005001009006004
9 1010190000.0 011005001009006004 8831610.0 007005001009006004
9 8831610.0 007005001009006004 5.11834 009000000002010002
9 5.11834 009000000002010002 71.8926 005002001009009002
9 71.8926 005002001009009002 32.7519 005002001010009002
9 32.7519 005002001010009002 5.11834 009000000002010002
9 5.11834 009000000002010002 1085438.0 012000000011002003
9 1085438.0 012000000011002003 1085438.0 012000000011002003
9 1085438.0 012000000011002003 5.11834 009000000002010002
9 5.11834 009000000002010002 6389.7 005001000003007004
9 6389.7 005001000003007004 105.472 005001000007007004
9 105.472 005001000007007004 5.11834 009000000002010002
9 5.11834 009000000002010002 2674420000.0 014004000006002002
9 2674420000.0 014004000006002002 18639400.0 005004000006002002
9 18639400.0 005004000006002002 5.11834 009000000002010002
9 5.11834 009000000002010002 3.39259 000001002010009004
9 3.39259 000001002010009004 3.39259 000001002010009004
9 3.39259 000001002010009004 5.11834 009000000002010002
9 5.11834 009000000002010002 6099.68 006005000003004002
9 6099.68 006005000003004002 1381.02 006005000003004006
9 1381.02 006005000003004006 3.39259 000001002010009004
9 3.39259 000001002010009004 10894.7 000001000003006002
9 10894.7 000001000003006002 1.92951 000001000003006004
9 1.92951 000001000003006004 3.39259 000001002010009004
9 3.39259 000001002010009004 4967.18 014001000003006002
9 4967.18 014001000003006002 3065.05 014001000011006002
9 3065.05 014001000011006002 3.39259 000001002010009004
9 3.39259 000001002010009004 6321400.0 014001000012006007
9 6321400.0 014001000012006007 136.214 014001000012006004
9 136.214 014001000012006004 3.39259 000001002010009004
9 3.39259 000001002010009004 4423020.0 012004001009009004
9 4423020.0 012004001009009004 37922.8 011004001009009004
9 37922.8 011004001009009004 3.39259 000001002010009004
9 3.39259 000001002010009004 61651100.0 012001001003007002
9 61651100.0 012001001003007002 27665900.0 010001001003007002
9 27665900.0 010001001003007002 3.39259 000001002010009004
9 3.39259 000001002010009004 2232380.0 002000001003006004
9 2232380.0 002000001003006004 102569.0 002000000003006004
9 102569.0 002000000003006004 3.39259 000001002010009004
9 3.39259 000001002010009004 78.6175 012000000003009002
9 78.6175 012000000003009002 3.39259 000001002010009004
9 3.39259 000001002010009004 5.11834 009000000002010002
9 5.11834 009000000002010002 35.4472 005000000003009002
9 35.4472 005000000003009002 8.99604 005000000004009002
9 8.99604 005000000004009002 3.39259 000001002010009004
9 3.39259 000001002010009004 16597600.0 005001000010004003
9 16597600.0 005001000010004003 3932.25 007001000010004003
9 3932.25 007001000010004003 3.39259 000001002010009004
9 3.39259 000001002010009004 1132560.0 002002001000009000
9 1132560.0 002002001000009000 3.39259 000001002010009004
9 3.39259 000001002010009004 5.11834 009000000002010002
9 5.11834 009000000002010002 6162030.0 005001000011006004
9 6162030.0 005001000011006004 122306.0 005001000011004004
9 122306.0 005001000011004004 3.39259 000001002010009004
9 3.39259 000001002010009004 1662010.0 016000000012004004
9 1662010.0 016000000012004004 1390610.0 015000000012004004
9 1390610.0 015000000012004004 3.39259 000001002010009004
9 3.39259 000001002010009004 9141.12 014001001010006000
9 9141.12 014001001010006000 48.5865 003001001010006000
9 48.5865 003001001010006000 3.39259 000001002010009004
9 3.39259 000001002010009004 5575.41 012000000000004002
9 5575.41 012000000000004002 3.39259 000001002010009004
9 3.39259 000001002010009004 5.11834 009000000002010002
9 5.11834 009000000002010002 11.5813 000001001003009002
9 11.5813 000001001003009002 6.95117 000001001007009002
9 6.95117 000001001007009002 3.39259 000001002010009004
9 3.39259 000001002010009004 1167125050.0 014001000000004004
9 1167125050.0 014001000000004004 1167125050.0 014001000000004004
9 1167125050.0 014001000000004004 3.39259 000001002010009004
9 3.39259 000001002010009004 12164900.0 005004000000004004
9 12164900.0 005004000000004004 1939730.0 005004000000004009
9 1939730.0 005004000000004009 3.39259 000001002010009004
9 3.39259 000001002010009004 38.48 000001000010010000
9 38.48 000001000010010000 3.39259 000001002010009004
9 3.39259 000001002010009004 5.11834 009000000002010002
9 5.11834 009000000002010002 3817590.0 009001000005011002
9 3817590.0 009001000005011002 3.39259 000001002010009004
9 3.39259 000001002010009004 5.11834 009000000002010002
9 5.11834 009000000002010002 13661700.0 007001002003007003
9 13661700.0 007001002003007003 1383330.0 007001000003007003
9 1383330.0 007001000003007003 3.39259 000001002010009004
9 3.39259 000001002010009004 6547.4 014000000003009004
9 6547.4 014000000003009004 56.4132 001000000003009004
9 56.4132 001000000003009004 3.39259 000001002010009004
9 3.39259 000001002010009004 2014330.0 010005000010011000
9 2014330.0 010005000010011000 322594.0 001005000010011000
9 322594.0 001005000010011000 3.39259 000001002010009004
9 3.39259 000001002010009004 16401.0 000001000003004004
9 16401.0 000001000003004004 1.92951 000001000003006004
9 1.92951 000001000003006004 3.39259 000001002010009004
9 3.39259 000001002010009004 39252800.0 009001001010004000
9 39252800.0 009001001010004000 5906.11 009001000010004000
9 5906.11 009001000010004000 1.92951 000001000003006004
9 1.92951 000001000003006004 24155.15 012000001010009006
9 24155.15 012000001010009006 24155.15 012000001010009006
9 24155.15 012000001010009006 1.92951 000001000003006004
9 1.92951 000001000003006004 720185.0 005000000000009004
9 720185.0 005000000000009004 629601.0 005000000000004004
9 629601.0 005000000000004004 1.92951 000001000003006004
9 1.92951 000001000003006004 9687.96 002000000000006002
9 9687.96 002000000000006002 8729.12 002000000005006002
9 8729.12 002000000005006002 1.92951 000001000003006004
9 1.92951 000001000003006004 17561.7 009001000003009000
9 17561.7 009001000003009000 8952.92 010001000003009000
9 8952.92 010001000003009000 1.92951 000001000003006004
9 1.92951 000001000003006004 5243810000.0 005001000007004000
9 5243810000.0 005001000007004000 986354.0 005001000007011000
9 986354.0 005001000007011000 1.92951 000001000003006004
9 1.92951 000001000003006004 14318.7 005001000000006004
9 14318.7 005001000000006004 14139.1 005001000000002004
9 14139.1 005001000000002004 1.92951 000001000003006004
9 1.92951 000001000003006004 23840300.0 010001002003009002
9 23840300.0 010001002003009002 18233.1 010001002003009005
9 18233.1 010001002003009005 1.92951 000001000003006004
9 1.92951 000001000003006004 7147.49 007000000004007000
9 7147.49 007000000004007000 6736.25 011000000004007000
9 6736.25 011000000004007000 1.92951 000001000003006004
9 1.92951 000001000003006004 7351540000.0 014001000011002000
9 7351540000.0 014001000011002000 39774.3 017001000011002000
9 39774.3 017001000011002000 1.92951 000001000003006004
9 1.92951 000001000003006004 195608.0 003001000012006002
9 195608.0 003001000012006002 10784.8 003001000012001002
9 10784.8 003001000012001002 1.92951 000001000003006004
9 1.92951 000001000003006004 42905100.0 010005001000009004
9 42905100.0 010005001000009004 21191200.0 010003001000009004
9 21191200.0 010003001000009004 1.92951 000001000003006004
9 1.92951 000001000003006004 24367.6 000001000009002004
9 24367.6 000001000009002004 6195.55 012001000009002004
9 6195.55 012001000009002004 1.92951 000001000003006004
9 1.92951 000001000003006004 3387.4 011000000010004002
9 3387.4 011000000010004002 39.9679 011000000010007002
9 39.9679 011000000010007002 1.92951 000001000003006004
9 1.92951 000001000003006004 148.514 000005000012002000
9 148.514 000005000012002000 1.92951 000001000003006004
9 1.92951 000001000003006004 3.39259 000001002010009004
9 3.39259 000001002010009004 34.0675 001001000010009000
9 34.0675 001001000010009000 1.92951 000001000003006004
9 1.92951 000001000003006004 3.39259 000001002010009004
9 3.39259 000001002010009004 256025.0 005000000009006002
9 256025.0 005000000009006002 10934.6 019000000009006002
9 10934.6 019000000009006002 1.92951 000001000003006004
9 1.92951 000001000003006004 7455700.0 014001000003006004
9 7455700.0 014001000003006004 6768310.0 014004000003006004
9 6768310.0 014004000003006004 1.92951 000001000003006004
9 1.92951 000001000003006004 4777.84 011001000012004002
9 4777.84 011001000012004002 2581.65 011005000012004002
9 2581.65 011005000012004002 1.92951 000001000003006004
9 1.92951 000001000003006004 22953.5 005005002010010000
9 22953.5 005005002010010000 134.083 005005002010007000
9 134.083 005005002010007000 1.92951 000001000003006004
9 1.92951 000001000003006004 266914.0 000001000004006000
9 266914.0 000001000004006000 4582.17 000001000003006000
9 4582.17 000001000003006000 1.92951 000001000003006004
9 1.92951 000001000003006004 5925.64 009005000003004000
9 5925.64 009005000003004000 1.92951 000001000003006004
9 1.92951 000001000003006004 3.39259 000001002010009004
9 3.39259 000001002010009004 3736630.0 005000001003009002
9 3736630.0 005000001003009002 35.4472 005000000003009002
9 35.4472 005000000003009002 1.92951 000001000003006004
9 1.92951 000001000003006004 7277800.0 005001001000004004
9 7277800.0 005001001000004004 5430580.0 005001001000004005
9 5430580.0 005001001000004005 1.92951 000001000003006004
9 1.92951 000001000003006004 646551.0 000002000003006002
9 646551.0 000002000003006002 10323.4 018002000003006002
9 10323.4 018002000003006002 1.92951 000001000003006004
9 1.92951 000001000003006004 9544490.0 002002000004009000
9 9544490.0 002002000004009000 287448.0 002002002004009000
9 287448.0 002002002004009000 1.92951 000001000003006004
9 1.92951 000001000003006004 1763830.0 005001000010006000
9 1763830.0 005001000010006000 1763830.0 005001000010006000
9 1763830.0 005001000010006000 1.92951 000001000003006004
9 1.92951 000001000003006004 16226.6 014001001002009002
9 16226.6 014001001002009002 1.92951 000001000003006004
9 1.92951 000001000003006004 3.39259 000001002010009004
9 3.39259 000001002010009004 1999790.0 009001002002009006
9 1999790.0 009001002002009006 1419590.0 009001002002009005
9 1419590.0 009001002002009005 1.92951 000001000003006004
9 1.92951 000001000003006004 27738500.0 011005000010004000
9 27738500.0 011005000010004000 32542.5 011005002010004000
9 32542.5 011005002010004000 1.92951 000001000003006004
9 1.92951 000001000003006004 3834000.0 005001000003004004
9 3834000.0 005001000003004004 2369630.0 005001000003004007
9 2369630.0 005001000003004007 1.92951 000001000003006004
9 1.92951 000001000003006004 11122.2 011001000010009002
9 11122.2 011001000010009002 4911.78 011001000010009007
9 4911.78 011001000010009007 1.92951 000001000003006004
9 1.92951 000001000003006004 1383780.0 006001000003009000
9 1383780.0 006001000003009000 11328.3 015001000003009000
9 11328.3 015001000003009000 1.92951 000001000003006004
9 1.92951 000001000003006004 1635940000.0 005001001003007000
9 1635940000.0 005001001003007000 4699980.0 005001001003010000
9 4699980.0 005001001003010000 1.92951 000001000003006004
9 1.92951 000001000003006004 1983500.0 009001000010006004
9 1983500.0 009001000010006004 1983500.0 009001000010006004
9 1983500.0 009001000010006004 1.92951 000001000003006004
9 1.92951 000001000003006004 54.7037 005001001010006002
9 54.7037 005001001010006002 1.92951 000001000003006004
9 1.92951 000001000003006004 3.39259 000001002010009004
9 3.39259 000001002010009004 202109.0 001005000010006000
9 202109.0 001005000010006000 186972.0 001005000010006001
9 186972.0 001005000010006001 1.92951 000001000003006004
9 1.92951 000001000003006004 350.118 012001000000007004
9 350.118 012001000000007004 1.92951 000001000003006004
9 1.92951 000001000003006004 3.39259 000001002010009004
9 3.39259 000001002010009004 1908.88 012004000010009000
9 1908.88 012004000010009000 1908.88 012004000010009000
9 1908.88 012004000010009000 1.92951 000001000003006004
9 1.92951 000001000003006004 3028420.0 005001001012004002
9 3028420.0 005001001012004002 23010.2 005005001012004002
9 23010.2 005005001012004002 1.92951 000001000003006004
9 1.92951 000001000003006004 38453500.0 007002001003009000
9 38453500.0 007002001003009000 632384.0 007002001003009008
9 632384.0 007002001003009008 1.92951 000001000003006004
9 1.92951 000001000003006004 2390340.0 005001000009007003
9 2390340.0 005001000009007003 6407.17 005001000006007003
9 6407.17 005001000006007003 1.92951 000001000003006004
9 1.92951 000001000003006004 13651.2 005000000010006002
9 13651.2 005000000010006002 1273.47 005001000010006002
9 1273.47 005001000010006002 1.92951 000001000003006004
9 1.92951 000001000003006004 197280.0 000001000010004000
9 197280.0 000001000010004000 9928.17 003001000010004000
9 9928.17 003001000010004000 1.92951 000001000003006004
9 1.92951 000001000003006004 859418744.55 007001002003009000
9 859418744.55 007001002003009000 859418744.55 007001002003009000
9 859418744.55 007001002003009000 1.92951 000001000003006004
9 1.92951 000001000003006004 9367410000.0 014001001000009000
9 9367410000.0 014001001000009000 231254000.0 014001001001009000
9 231254000.0 014001001001009000 1.92951 000001000003006004
9 1.92951 000001000003006004 33213.6 005001000010004002
9 33213.6 005001000010004002 1.92951 000001000003006004
9 1.92951 000001000003006004 3.39259 000001002010009004
9 3.39259 000001002010009004 22213.5 011005000003006002
9 22213.5 011005000003006002 7338.48 011005000003009002
9 7338.48 011005000003009002 1.92951 000001000003006004
9 1.92951 000001000003006004 15175600.0 012004000006006000
9 15175600.0 012004000006006000 17127.0 012004000006001000
9 17127.0 012004000006001000 1.92951 000001000003006004
9 1.92951 000001000003006004 105.019 005000001010004002
9 105.019 005000001010004002 23.8602 005000001008004002
9 23.8602 005000001008004002 1.92951 000001000003006004
9 1.92951 000001000003006004 1493292.5 005001000012006002
9 1493292.5 005001000012006002 2723.17 017001000012006002
9 2723.17 017001000012006002 1.92951 000001000003006004
9 1.92951 000001000003006004 7455700.0 014001000003006004
9 7455700.0 014001000003006004 2804460.0 014002000003006004
9 2804460.0 014002000003006004 1.92951 000001000003006004
9 1.92951 000001000003006004 194140.0 011004000010010004
9 194140.0 011004000010010004 5813.34 015004000010010004
9 5813.34 015004000010010004 1.92951 000001000003006004
9 1.92951 000001000003006004 246073000.0 012004000012002004
9 246073000.0 012004000012002004 7338370.0 012005000012002004
9 7338370.0 012005000012002004 1.92951 000001000003006004
9 1.92951 000001000003006004 1230.91 000001000010009004
9 1230.91 000001000010009004 1230.91 000001000010009004
9 1230.91 000001000010009004 1.92951 000001000003006004
9 1.92951 000001000003006004 6151460000.0 014000001003004004
9 6151460000.0 014000001003004004 23634.9 016000001003004004
9 23634.9 016000001003004004 1.92951 000001000003006004
9 1.92951 000001000003006004 7086340.0 005005000010004002
9 7086340.0 005005000010004002 29349.6 005005000010004000
9 29349.6 005005000010004000 1.92951 000001000003006004
9 1.92951 000001000003006004 22843.2 011000001008006000
9 22843.2 011000001008006000 9472.04 011000001008007000
9 9472.04 011000001008007000 1.92951 000001000003006004
9 1.92951 000001000003006004 7942.13 005001000009006002
9 7942.13 005001000009006002 5224.86 005001001009006002
9 5224.86 005001001009006002 1.92951 000001000003006004
9 1.92951 000001000003006004 45897.3 010002000010006000
9 45897.3 010002000010006000 5224.97 010005000010006000
9 5224.97 010005000010006000 1.92951 000001000003006004
9 1.92951 000001000003006004 80895.92595 002001001010010004
9 80895.92595 002001001010010004 80895.92595 002001001010010004
9 80895.92595 002001001010010004 1.92951 000001000003006004
9 1.92951 000001000003006004 671705.0 000005001000009002
9 671705.0 000005001000009002 9988.17 000005001000007002
9 9988.17 000005001000007002 1.92951 000001000003006004
9 1.92951 000001000003006004 1035.17 007001000010009000
9 1035.17 007001000010009000 1035.17 007001000010009000
9 1035.17 007001000010009000 1.92951 000001000003006004
9 1.92951 000001000003006004 33254.7 014005000010004004
9 33254.7 014005000010004004 20688.2 014005000006004004
9 20688.2 014005000006004004 1.92951 000001000003006004
9 1.92951 000001000003006004 8363.22 001001000003009008
9 8363.22 001001000003009008 91.0631 001001001003009008
9 91.0631 001001001003009008 1.92951 000001000003006004
9 1.92951 000001000003006004 8471.185 000000000003011000
9 8471.185 000000000003011000 8471.185 000000000003011000
9 8471.185 000000000003011000 1.92951 000001000003006004
9 1.92951 000001000003006004 16368.1 017001000007009002
9 16368.1 017001000007009002 8256.88 017001000009009002
9 8256.88 017001000009009002 1.92951 000001000003006004
9 1.92951 000001000003006004 5348710.0 011005000012004000
9 5348710.0 011005000012004000 3830580.0 011000000012004000
9 3830580.0 011000000012004000 1.92951 000001000003006004
9 1.92951 000001000003006004 183041.0 000001000010004002
9 183041.0 000001000010004002 4501.13 000001000010004004
9 4501.13 000001000010004004 1.92951 000001000003006004
9 1.92951 000001000003006004 10291.1 002001000010009002
9 10291.1 002001000010009002 65.1209 002002000010009002
9 65.1209 002002000010009002 1.92951 000001000003006004
9 1.92951 000001000003006004 1926270.0 006001002003009008
9 1926270.0 006001002003009008 100039.0 006001002012009008
9 100039.0 006001002012009008 1.92951 000001000003006004
9 1.92951 000001000003006004 56717.9 005001000003004000
9 56717.9 005001000003004000 15515.4 005001000002004000
9 15515.4 005001000002004000 1.92951 000001000003006004
9 1.92951 000001000003006004 2.07523 002001000010011002
9 2.07523 002001000010011002 1.92951 000001000003006004
9 1.92951 000001000003006004 3.39259 000001002010009004
9 3.39259 000001002010009004 263130000.0 012000001003006000
9 263130000.0 012000001003006000 3048430.0 012000001003006007
9 3048430.0 012000001003006007 1.92951 000001000003006004
9 1.92951 000001000003006004 48.2494 005001000010009002
9 48.2494 005001000010009002 11895.6 019001000010009002
9 11895.6 019001000010009002 1.92951 000001000003006004
9 1.92951 000001000003006004 6575990.0 012001001010009003
9 6575990.0 012001001010009003 6247890.0 012001001010008003
9 6247890.0 012001001010008003 1.92951 000001000003006004
9 1.92951 000001000003006004 296486.0 002000000010009002
9 296486.0 002000000010009002 16327.1 002000000010004002
9 16327.1 002000000010004002 1.92951 000001000003006004
9 1.92951 000001000003006004 140791.7275 014000000002010002
9 140791.7275 014000000002010002 140791.7275 014000000002010002
9 140791.7275 014000000002010002 1.92951 000001000003006004
9 1.92951 000001000003006004 500394.0 006000000002004004
9 500394.0 006000000002004004 13815.4 006002000002004004
9 13815.4 006002000002004004 1.92951 000001000003006004
9 1.92951 000001000003006004 1763830.0 005001000010006000
9 1763830.0 005001000010006000 9814.01 005001002010006000
9 9814.01 005001002010006000 1.92951 000001000003006004
9 1.92951 000001000003006004 66309000.0 011001000000004000
9 66309000.0 011001000000004000 20667300.0 011001000006004000
9 20667300.0 011001000006004000 1.92951 000001000003006004
9 1.92951 000001000003006004 5.38765 000000001000006002
9 5.38765 000000001000006002 1.92951 000001000003006004
9 1.92951 000001000003006004 2.07523 002001000010011002
9 2.07523 002001000010011002 10291.1 002001000010009002
9 10291.1 002001000010009002 114.135 002001000010007002
9 114.135 002001000010007002 1.92951 000001000003006004
9 1.92951 000001000003006004 1523550.0 010000000012009004
9 1523550.0 010000000012009004 1403.01 010000000012009000
9 1403.01 010000000012009000 1.92951 000001000003006004
9 1.92951 000001000003006004 1465320.0 001001000003009004
9 1465320.0 001001000003009004 152.977 014001000003009004
9 152.977 014001000003009004 1.92951 000001000003006004
9 1.92951 000001000003006004 455354000.0 005001001003006002
9 455354000.0 005001001003006002 7339360.0 005001001007006002
9 7339360.0 005001001007006002 1.92951 000001000003006004
9 1.92951 000001000003006004 5545350000.0 011005002007007003
9 5545350000.0 011005002007007003 23098.7 011005002007007004
9 23098.7 011005002007007004 1.92951 000001000003006004
9 1.92951 000001000003006004 7526.46 000000000000009002
9 7526.46 000000000000009002 7526.46 000000000000009002
9 7526.46 000000000000009002 1.92951 000001000003006004
9 1.92951 000001000003006004 6355940.0 012001001010010004
9 6355940.0 012001001010010004 20066.7 012001001004010004
9 20066.7 012001001004010004 1.92951 000001000003006004
9 1.92951 000001000003006004 1493292.5 005001000012006002
9 1493292.5 005001000012006002 10979.8 005001000001006002
9 10979.8 005001000001006002 1.92951 000001000003006004
9 1.92951 000001000003006004 151797.0 000001000010009002
9 151797.0 000001000010009002 20.167 000001000011009002
9 20.167 000001000011009002 1.92951 000001000003006004
9 1.92951 000001000003006004 2678.19 012002000003006002
9 2678.19 012002000003006002 722.149 012002000003008002
9 722.149 012002000003008002 1.92951 000001000003006004
9 1.92951 000001000003006004 768431.0 001000000007006000
9 768431.0 001000000007006000 537307.0 001000000012006000
9 537307.0 001000000012006000 1.92951 000001000003006004
9 1.92951 000001000003006004 1068250.0 012000000003009000
9 1068250.0 012000000003009000 27979.4 012000000003001000
9 27979.4 012000000003001000 1.92951 000001000003006004
9 1.92951 000001000003006004 25531.5 012005000003006000
9 25531.5 012005000003006000 6690.42 012005000003006008
9 6690.42 012005000003006008 1.92951 000001000003006004
9 1.92951 000001000003006004 580119.0 000005001003010000
9 580119.0 000005001003010000 182966.0 000005001003010002
9 182966.0 000005001003010002 1.92951 000001000003006004
9 1.92951 000001000003006004 5646.94 002001001003004000
9 5646.94 002001001003004000 5920.23 002001001003004005
9 5920.23 002001001003004005 1.92951 000001000003006004
9 1.92951 000001000003006004 6129940.0 012001001010010002
9 6129940.0 012001001010010002 905908.0 001001001010010002
9 905908.0 001001001010010002 1.92951 000001000003006004
9 1.92951 000001000003006004 182589.0 000000000010010004
9 182589.0 000000000010010004 182589.0 000000000010010004
9 182589.0 000000000010010004 1.92951 000001000003006004
9 1.92951 000001000003006004 6840.63 006000002003009000
9 6840.63 006000002003009000 6840.63 006000002003009000
9 6840.63 006000002003009000 1.92951 000001000003006004
9 1.92951 000001000003006004 4802130.0 005001000003009002
9 4802130.0 005001000003009002 48.2494 005001000010009002
9 48.2494 005001000010009002 1.92951 000001000003006004
9 1.92951 000001000003006004 861132.0 000000000003009006
9 861132.0 000000000003009006 184985.0 000000000003009003
9 184985.0 000000000003009003 1.92951 000001000003006004
9 1.92951 000001000003006004 3508.87 012001000010011008
9 3508.87 012001000010011008 3003.41 012001000007011008
9 3003.41 012001000007011008 1.92951 000001000003006004
9 1.92951 000001000003006004 838453.0 009000000000002002
9 838453.0 009000000000002002 140877.0 009003000000002002
9 140877.0 009003000000002002 1.92951 000001000003006004
9 1.92951 000001000003006004 17717.8 005001000012009000
9 17717.8 005001000012009000 71.0565 005001000012009007
9 71.0565 005001000012009007 1.92951 000001000003006004
9 1.92951 000001000003006004 26965.2 000001000008002002
9 26965.2 000001000008002002 13990.9 000001000008002004
9 13990.9 000001000008002004 1.92951 000001000003006004
9 1.92951 000001000003006004 22569.4 003005001010006002
9 22569.4 003005001010006002 18559.3 011005001010006002
9 18559.3 011005001010006002 1.92951 000001000003006004
10 1.92951 000001000003006004 2332.41 011002001012009003
10 2332.41 011002001012009003 192.793 002002002000011001
10 192.793 002002002000011001 6805.59 006005000006008003
10 6805.59 006005000006008003 167259.0 001004002011005000
10 167259.0 001004002011005000 171.319 001002002011005000
10 171.319 001002002011005000 192.793 002002002000011001
10 192.793 002002002000011001 1533592150.0 010004002007009000
10 1533592150.0 010004002007009000 1533592150.0 010004002007009000
10 1533592150.0 010004002007009000 171.319 001002002011005000
10 171.319 001002002011005000 7585.66 004004000007004003
10 7585.66 004004000007004003 155.785 004004000007009003
10 155.785 004004000007009003 171.319 001002002011005000
10 171.319 001002002011005000 10223.7 001002002001005002
10 10223.7 001002002001005002 155.785 004004000007009003
10 155.785 004004000007009003 171.319 001002002011005000
10 171.319 001002002011005000 332112.0 010000000012003000
10 332112.0 010000000012003000 750.782 015000000012003000
10 750.782 015000000012003000 155.785 004004000007009003
10 155.785 004004000007009003 38808.4 011006002012007000
10 38808.4 011006002012007000 36377.1 020006002012007000
10 36377.1 020006002012007000 155.785 004004000007009003
10 155.785 004004000007009003 13158.4 007006000005009000
10 13158.4 007006000005009000 155.785 004004000007009003
10 155.785 004004000007009003 171.319 001002002011005000
10 171.319 001002002011005000 1955570.0 002000001007001001
10 1955570.0 002000001007001001 27960.1 009000001007001001
10 27960.1 009000001007001001 155.785 004004000007009003
10 155.785 004004000007009003 394749000.0 014003000007005000
10 394749000.0 014003000007005000 135093000.0 015003000007005000
10 135093000.0 015003000007005000 155.785 004004000007009003
10 155.785 004004000007009003 39636.2 005006000006001000
10 39636.2 005006000006001000 11662.6 005006000006001007
10 11662.6 005006000006001007 155.785 004004000007009003
10 155.785 004004000007009003 7754640.0 010003002009009003
10 7754640.0 010003002009009003 749885.0 001003002009009003
10 749885.0 001003002009009003 155.785 004004000007009003
10 155.785 004004000007009003 38075.0 011003002011007000
10 38075.0 011003002011007000 155.785 004004000007009003
10 155.785 004004000007009003 171.319 001002002011005000
10 171.319 001002002011005000 13341500000.0 011003000012001000
10 13341500000.0 011003000012001000 4898520000.0 011003000012001006
10 4898520000.0 011003000012001006 155.785 004004000007009003
10 155.785 004004000007009003 373004.0 002000000010009004
10 373004.0 002000000010009004 207013.0 002004000010009004
10 207013.0 002004000010009004 155.785 004004000007009003
10 155.785 004004000007009003 3224240.0 005002000002006004
10 3224240.0 005002000002006004 1423860.0 005002001002006004
10 1423860.0 005002001002006004 155.785 004004000007009003
10 155.785 004004000007009003 1979880.0 001004002001007000
10 1979880.0 001004002001007000 82236.8 001006002001007000
10 82236.8 001006002001007000 155.785 004004000007009003
10 155.785 004004000007009003 1688430.0 003004000001004004
10 1688430.0 003004000001004004 7008.8 012004000001004004
10 7008.8 012004000001004004 155.785 004004000007009003
10 155.785 004004000007009003 1675.64 001002002006010003
10 1675.64 001002002006010003 4.78305 001004002006010003
10 4.78305 001004002006010003 155.785 004004000007009003
10 155.785 004004000007009003 1179880.0 001002002008004002
10 1179880.0 001002002008004002 819372.0 002002002008004002
10 819372.0 002002002008004002 4.78305 001004002006010003
10 4.78305 001004002006010003 1035.13 005002000012012000
10 1035.13 005002000012012000 4.78305 001004002006010003
10 4.78305 001004002006010003 155.785 004004000007009003
10 155.785 004004000007009003 52367.2 001003002001000002
10 52367.2 001003002001000002 36910.0 001003001001000002
10 36910.0 001003001001000002 4.78305 001004002006010003
10 4.78305 001004002006010003 62684700.0 004004001006009000
10 62684700.0 004004001006009000 6832.36 004001001006009000
10 6832.36 004001001006009000 4.78305 001004002006010003
10 4.78305 001004002006010003 4132092.65 009005002008012003
10 4132092.65 009005002008012003 4132092.65 009005002008012003
10 4132092.65 009005002008012003 4.78305 001004002006010003
10 4.78305 001004002006010003 1832790.0 001002002007009001
10 1832790.0 001002002007009001 809346.0 001004002007009001
10 809346.0 001004002007009001 4.78305 001004002006010003
10 4.78305 001004002006010003 2731280.0 002000002005008001
10 2731280.0 002000002005008001 2246820.0 002000002005009001
10 2246820.0 002000002005009001 4.78305 001004002006010003
10 4.78305 001004002006010003 3202390.0 002004000005009002
10 3202390.0 002004000005009002 192408.0 002005000005009002
10 192408.0 002005000005009002 4.78305 001004002006010003
10 4.78305 001004002006010003 4448.72 004004001006005004
10 4448.72 004004001006005004 4.78305 001004002006010003
10 4.78305 001004002006010003 155.785 004004000007009003
10 155.785 004004000007009003 5124070000.0 010004000008003000
10 5124070000.0 010004000008003000 4065800.0 010004000008003006
10 4065800.0 010004000008003006 4.78305 001004002006010003
10 4.78305 001004002006010003 8621000.0 006002000008005003
10 8621000.0 006002000008005003 785422.0 006002000008005007
10 785422.0 006002000008005007 4.78305 001004002006010003
10 4.78305 001004002006010003 4304880000.0 010002000007005000
10 4304880000.0 010002000007005000 20986.3 010002002007005000
10 20986.3 010002002007005000 4.78305 001004002006010003
10 4.78305 001004002006010003 202629.0 001005002002010001
10 202629.0 001005002002010001 44.8473 001005002002010002
10 44.8473 001005002002010002 4.78305 001004002006010003
10 4.78305 001004002006010003 241785000.0 005002002001001002
10 241785000.0 005002002001001002 45693.5 005002000001001002
10 45693.5 005002000001001002 4.78305 001004002006010003
10 4.78305 001004002006010003 554177.0 005000000011001000
10 554177.0 005000000011001000 45127.7 005000000011005000
10 45127.7 005000000011005000 4.78305 001004002006010003
10 4.78305 001004002006010003 9610690.0 012005000006009000
10 9610690.0 012005000006009000 29607.9 012005000006007000
10 29607.9 012005000006007000 4.78305 001004002006010003
10 4.78305 001004002006010003 215038.0 002000001001009003
10 215038.0 002000001001009003 36854.3 010000001001009003
10 36854.3 010000001001009003 4.78305 001004002006010003
10 4.78305 001004002006010003 64593.3 005005002011011001
10 64593.3 005005002011011001 44275.5 005005001011011001
10 44275.5 005005001011011001 4.78305 001004002006010003
10 4.78305 001004002006010003 38950800.0 015004002011009000
10 38950800.0 015004002011009000 30764.3 015004002004009000
10 30764.3 015004002004009000 4.78305 001004002006010003
10 4.78305 001004002006010003 75158.1 006006002005005003
10 75158.1 006006002005005003 55147.7 006006002005009003
10 55147.7 006006002005009003 4.78305 001004002006010003
10 4.78305 001004002006010003 3146700.0 002002002003009004
10 3146700.0 002002002003009004 18285.2 002002001003009004
10 18285.2 002002001003009004 4.78305 001004002006010003
10 4.78305 001004002006010003 10531800000.0 005002000011000000
10 10531800000.0 005002000011000000 19377.5 006002000011000000
10 19377.5 006002000011000000 4.78305 001004002006010003
10 4.78305 001004002006010003 260298000.0 011006001001000001
10 260298000.0 011006001001000001 37956.3 017006001001000001
10 37956.3 017006001001000001 4.78305 001004002006010003
10 4.78305 001004002006010003 40085.0 005000000001009000
10 40085.0 005000000001009000 68.5343 005000000007009000
10 68.5343 005000000007009000 4.78305 001004002006010003
10 4.78305 001004002006010003 24027.7 005004001005010002
10 24027.7 005004001005010002 5225.28 005004001005010003
10 5225.28 005004001005010003 4.78305 001004002006010003
10 4.78305 001004002006010003 2241580.0 002002001007010009
10 2241580.0 002002001007010009 811882.0 002002001010010009
10 811882.0 002002001010010009 4.78305 001004002006010003
10 4.78305 001004002006010003 202277.0 001003001007003001
10 202277.0 001003001007003001 39583.5 001003001001003001
10 39583.5 001003001001003001 4.78305 001004002006010003
10 4.78305 001004002006010003 460238.0 017000000004005000
10 460238.0 017000000004005000 108.337 017000000004005008
10 108.337 017000000004005008 4.78305 001004002006010003
10 4.78305 001004002006010003 13598.2 005002000003004003
10 13598.2 005002000003004003 13598.2 005002000003004003
10 13598.2 005002000003004003 4.78305 001004002006010003
10 4.78305 001004002006010003 236071.0 001004000001010001
10 236071.0 001004000001010001 236071.0 001004000001010001
10 236071.0 001004000001010001 4.78305 001004002006010003
10 4.78305 001004002006010003 1166410000.0 001006002003012004
10 1166410000.0 001006002003012004 89678800.0 014006002003012004
10 89678800.0 014006002003012004 4.78305 001004002006010003
10 4.78305 001004002006010003 40373.4 007003002012010001
10 40373.4 007003002012010001 28726.9 007003001012010001
10 28726.9 007003001012010001 4.78305 001004002006010003
10 4.78305 001004002006010003 6447.12 004004002012011002
10 6447.12 004004002012011002 7.78627 004004002012011007
10 7.78627 004004002012011007 4.78305 001004002006010003
10 4.78305 001004002006010003 33945.9 004002002012003000
10 33945.9 004002002012003000 33945.9 004002002012003000
10 33945.9 004002002012003000 4.78305 001004002006010003
10 4.78305 001004002006010003 2550190.0 004002000008010001
10 2550190.0 004002000008010001 2550190.0 004002000008010001
10 2550190.0 004002000008010001 4.78305 001004002006010003
10 4.78305 001004002006010003 37153.8 005004002012005003
10 37153.8 005004002012005003 34961.6 005006002012005003
10 34961.6 005006002012005003 4.78305 001004002006010003
10 4.78305 001004002006010003 33414.5 001002001002004000
10 33414.5 001002001002004000 122.241 001002002002004000
10 122.241 001002002002004000 4.78305 001004002006010003
10 4.78305 001004002006010003 18866.7 006004001007010007
10 18866.7 006004001007010007 16609.2 006004001007010003
10 16609.2 006004001007010003 4.78305 001004002006010003
10 4.78305 001004002006010003 1971280.0 001002002004010003
10 1971280.0 001002002004010003 1763010.0 001002002002010003
10 1763010.0 001002002002010003 4.78305 001004002006010003
10 4.78305 001004002006010003 14422.7 010000001007000002
10 14422.7 010000001007000002 14052.7 010000001007000004
10 14052.7 010000001007000004 4.78305 001004002006010003
10 4.78305 001004002006010003 30932.15 002004001005009000
10 30932.15 002004001005009000 30932.15 002004001005009000
10 30932.15 002004001005009000 4.78305 001004002006010003
10 4.78305 001004002006010003 3805740.0 006000000007001003
10 3805740.0 006000000007001003 126.465 006000000007001000
10 126.465 006000000007001000 4.78305 001004002006010003
10 4.78305 001004002006010003 169648000.0 009004000003001000
10 169648000.0 009004000003001000 14872.4 009004000003001001
10 14872.4 009004000003001001 4.78305 001004002006010003
10 4.78305 001004002006010003 36076.2 001003000011001003
10 36076.2 001003000011001003 36076.2 001003000011001003
10 36076.2 001003000011001003 4.78305 001004002006010003
10 4.78305 001004002006010003 4481220.0 012002001007007007
10 4481220.0 012002001007007007 780547.0 012002001005007007
10 780547.0 012002001005007007 4.78305 001004002006010003
10 4.78305 001004002006010003 1925190.0 005002000007009003
10 1925190.0 005002000007009003 184734.0 005002001007009003
10 184734.0 005002001007009003 4.78305 001004002006010003
10 4.78305 001004002006010003 128.794 004002001012009004
10 128.794 004002001012009004 4.78305 001004002006010003
10 4.78305 001004002006010003 7.78627 004004002012011007
10 7.78627 004004002012011007 324449.0 005002000012003003
10 324449.0 005002000012003003 313796.0 005002000010003003
10 313796.0 005002000010003003 4.78305 001004002006010003
10 4.78305 001004002006010003 4967.74 005000001008001003
10 4967.74 005000001008001003 185.681 011000001008001003
10 185.681 011000001008001003 4.78305 001004002006010003
10 4.78305 001004002006010003 444519.0 006000000007009002
10 444519.0 006000000007009002 201916.0 011000000007009002
10 201916.0 011000000007009002 4.78305 001004002006010003
10 4.78305 001004002006010003 5241770.0 005004001012001001
10 5241770.0 005004001012001001 3082660.0 005004001012006001
10 3082660.0 005004001012006001 4.78305 001004002006010003
10 4.78305 001004002006010003 2347570.0 012000000001003004
10 2347570.0 012000000001003004 393327.0 012000000005003004
10 393327.0 012000000005003004 4.78305 001004002006010003
10 4.78305 001004002006010003 1518110000.0 005004000002007001
10 1518110000.0 005004000002007001 14063.9 005004000002009001
10 14063.9 005004000002009001 4.78305 001004002006010003
10 4.78305 001004002006010003 2495960.0 006000001011010003
10 2495960.0 006000001011010003 843606.0 006000001006010003
10 843606.0 006000001006010003 4.78305 001004002006010003
10 4.78305 001004002006010003 459885.0 005000000005001003
10 459885.0 005000000005001003 129.499 005000000005001008
10 129.499 005000000005001008 4.78305 001004002006010003
10 4.78305 001004002006010003 304047.0 010000001012010003
10 304047.0 010000001012010003 4149.94 010004001012010003
10 4149.94 010004001012010003 4.78305 001004002006010003
10 4.78305 001004002006010003 69461450.0 006003000003010002
10 69461450.0 006003000003010002 69461450.0 006003000003010002
10 69461450.0 006003000003010002 4.78305 001004002006010003
10 4.78305 001004002006010003 701114.0 002000001003005000
10 701114.0 002000001003005000 13071.6 002000001003005006
10 13071.6 002000001003005006 4.78305 001004002006010003
10 4.78305 001004002006010003 5725.55 005002001007005003
10 5725.55 005002001007005003 4.78305 001004002006010003
10 4.78305 001004002006010003 7.78627 004004002012011007
10 7.78627 004004002012011007 6481180.0 005002000006005007
10 6481180.0 005002000006005007 26148.3 005002000006007007
10 26148.3 005002000006007007 4.78305 001004002006010003
10 4.78305 001004002006010003 4284170000.0 011004001003010001
10 4284170000.0 011004001003010001 29496.2 011004001003010003
10 29496.2 011004001003010003 4.78305 001004002006010003
10 4.78305 001004002006010003 12470600.0 010000002006009003
10 12470600.0 010000002006009003 30616.4 000000002006009003
10 30616.4 000000002006009003 4.78305 001004002006010003
10 4.78305 001004002006010003 170802000.0 015004001001003002
10 170802000.0 015004001001003002 33998.9 015004001001010002
10 33998.9 015004001001010002 4.78305 001004002006010003
10 4.78305 001004002006010003 436.059 002002001002004001
10 436.059 002002001002004001 4.78305 001004002006010003
10 4.78305 001004002006010003 7.78627 004004002012011007
10 7.78627 004004002012011007 191.564 013002001004004006
10 191.564 013002001004004006 4.78305 001004002006010003
10 4.78305 001004002006010003 7.78627 004004002012011007
10 7.78627 004004002012011007 562933000.0 009006002007009004
10 562933000.0 009006002007009004 72334200.0 009006002011009004
10 72334200.0 009006002011009004 4.78305 001004002006010003
10 4.78305 001004002006010003 495682.0 012000000002005006
10 495682.0 012000000002005006 5525.16 010000000002005006
10 5525.16 010000000002005006 4.78305 001004002006010003
10 4.78305 001004002006010003 80.0221 005004001012000007
10 80.0221 005004001012000007 59.3119 005004001012002007
10 59.3119 005004001012002007 4.78305 001004002006010003
10 4.78305 001004002006010003 5621617269.1 017002001006004001
10 5621617269.1 017002001006004001 5621617269.1 017002001006004001
10 5621617269.1 017002001006004001 4.78305 001004002006010003
10 4.78305 001004002006010003 4631530.0 004004001006004000
10 4631530.0 004004001006004000 3088030.0 004004001006004005
10 3088030.0 004004001006004005 4.78305 001004002006010003
10 4.78305 001004002006010003 37628.6 013003000012010002
10 37628.6 013003000012010002 4.78305 001004002006010003
10 4.78305 001004002006010003 7.78627 004004002012011007
10 7.78627 004004002012011007 44120.1 012004000002000002
10 44120.1 012004000002000002 26844.2 012004000002005002
10 26844.2 012004000002005002 4.78305 001004002006010003
10 4.78305 001004002006010003 16567.2 001004001011001007
10 16567.2 001004001011001007 1659.64 001004002011001007
10 1659.64 001004002011001007 4.78305 001004002006010003
10 4.78305 001004002006010003 5150.29 004004002007000003
10 5150.29 004004002007000003 2051.05 004004002010000003
10 2051.05 004004002010000003 4.78305 001004002006010003
10 4.78305 001004002006010003 10747.3 005004001011010003
10 10747.3 005004001011010003 57.8924 005004001011000003
10 57.8924 005004001011000003 4.78305 001004002006010003
10 4.78305 001004002006010003 129585000.0 005002000002004000
10 129585000.0 005002000002004000 129585000.0 005002000002004000
10 129585000.0 005002000002004000 4.78305 001004002006010003
10 4.78305 001004002006010003 973698.0 005000001006010007
10 973698.0 005000001006010007 783265.0 019000001006010007
10 783265.0 019000001006010007 4.78305 001004002006010003
10 4.78305 001004002006010003 106.914 005005000005005003
10 106.914 005005000005005003 73.2571 004005000005005003
10 73.2571 004005000005005003 4.78305 001004002006010003
10 4.78305 001004002006010003 3220560.0 004004001004005003
10 3220560.0 004004001004005003 209255.0 004004001009005003
10 209255.0 004004001009005003 4.78305 001004002006010003
10 4.78305 001004002006010003 21054.6 005000001007005007
10 21054.6 005000001007005007 3976.43 005002001007005007
10 3976.43 005002001007005007 4.78305 001004002006010003
10 4.78305 001004002006010003 4143950.0 005002001005011000
10 4143950.0 005002001005011000 1597600.0 005002001005011008
10 1597600.0 005002001005011008 4.78305 001004002006010003
10 4.78305 001004002006010003 2422480.0 017000000008004003
10 2422480.0 017000000008004003 834061.0 017000000011004003
10 834061.0 017000000011004003 4.78305 001004002006010003
10 4.78305 001004002006010003 537027.0 002000001003010000
10 537027.0 002000001003010000 168528.0 002002001003010000
10 168528.0 002002001003010000 4.78305 001004002006010003
10 4.78305 001004002006010003 685815.0 001000000000005006
10 685815.0 001000000000005006 554582.0 001005000000005006
10 554582.0 001005000000005006 4.78305 001004002006010003
10 4.78305 001004002006010003 177526000.0 011000002005001003
10 177526000.0 011000002005001003 44244000.0 011000001005001003
10 44244000.0 011000001005001003 4.78305 001004002006010003
10 4.78305 001004002006010003 3073650.0 002002002007005003
10 3073650.0 002002002007005003 980369.0 002002002011005003
10 980369.0 002002002011005003 4.78305 001004002006010003
10 4.78305 001004002006010003 1840340.0 004004000007011000
10 1840340.0 004004000007011000 840929.0 004004001007011000
10 840929.0 004004001007011000 4.78305 001004002006010003
10 4.78305 001004002006010003 119254000.0 006002001001000003
10 119254000.0 006002001001000003 32690.9 006002002001000003
10 32690.9 006002002001000003 4.78305 001004002006010003
10 4.78305 001004002006010003 472837.0 005004001011005002
10 472837.0 005004001011005002 13409.4 005004001001005002
10 13409.4 005004001001005002 4.78305 001004002006010003
10 4.78305 001004002006010003 524199.0 005002000003005002
10 524199.0 005002000003005002 288567.0 002002000003005002
10 288567.0 002002000003005002 4.78305 001004002006010003
10 4.78305 001004002006010003 133.18 004004002011000002
10 133.18 004004002011000002 1.4983 004004002011011002
10 1.4983 004004002011011002 4.78305 001004002006010003
10 4.78305 001004002006010003 14633600.0 006005000008010000
10 14633600.0 006005000008010000 5360480.0 006002000008010000
10 5360480.0 006002000008010000 1.4983 004004002011011002
10 1.4983 004004002011011002 9086880.0 005004001001005004
10 9086880.0 005004001001005004 28632.1 014004001001005004
10 28632.1 014004001001005004 1.4983 004004002011011002
10 1.4983 004004002011011002 22.735 006000001000005007
10 22.735 006000001000005007 1.4983 004004002011011002
10 1.4983 004004002011011002 4.78305 001004002006010003
10 4.78305 001004002006010003 85807200.0 004004000007001001
10 85807200.0 004004000007001001 1851970.0 004004000007008001
10 1851970.0 004004000007008001 1.4983 004004002011011002
10 1.4983 004004002011011002 11950.9 004005002005008008
10 11950.9 004005002005008008 3659.29 004005000005008008
10 3659.29 004005000005008008 1.4983 004004002011011002
10 1.4983 004004002011011002 13145800000.0 017002001000004004
10 13145800000.0 017002001000004004 581714000.0 017002001000004001
10 581714000.0 017002001000004001 1.4983 004004002011011002
10 1.4983 004004002011011002 137893000.0 011001002012004000
10 137893000.0 011001002012004000 39899500.0 013001002012004000
10 39899500.0 013001002012004000 1.4983 004004002011011002
10 1.4983 004004002011011002 35213.4 006005001007010003
10 35213.4 006005001007010003 4910.72 006006001007010003
10 4910.72 006006001007010003 1.4983 004004002011011002
10 1.4983 004004002011011002 2138680.0 002000002000000007
10 2138680.0 002000002000000007 27886.0 002005002000000007
10 27886.0 002005002000000007 1.4983 004004002011011002
10 1.4983 004004002011011002 66626.4 005004002001000002
10 66626.4 005004002001000002 6127.49 005004002001000008
10 6127.49 005004002001000008 1.4983 004004002011011002
10 1.4983 004004002011011002 1053320.0 001002001002001000
10 1053320.0 001002001002001000 386358.0 001002001002007000
10 386358.0 001002001002007000 1.4983 004004002011011002
10 1.4983 004004002011011002 16534400.0 005000001001004003
10 16534400.0 005000001001004003 38543.2 005006001001004003
10 38543.2 005006001001004003 1.4983 004004002011011002
10 1.4983 004004002011011002 5711040.0 005000001006001003
10 5711040.0 005000001006001003 12923.1 005002001006001003
10 12923.1 005002001006001003 1.4983 004004002011011002
10 1.4983 004004002011011002 40.3106 004004000007011003
10 40.3106 004004000007011003 1.4983 004004002011011002
10 1.4983 004004002011011002 4.78305 001004002006010003
10 4.78305 001004002006010003 9973.89 001005001001003003
10 9973.89 001005001001003003 1539.68 001005001004003003
10 1539.68 001005001004003003 1.4983 004004002011011002
10 1.4983 004004002011011002 6057.245000000001 011004001008010003
10 6057.245000000001 011004001008010003 6057.245000000001 011004001008010003
10 6057.245000000001 011004001008010003 1.4983 004004002011011002
10 1.4983 004004002011011002 4461040.0 005005002005011007
10 4461040.0 005005002005011007 1408810.0 001005002005011007
10 1408810.0 001005002005011007 1.4983 004004002011011002
10 1.4983 004004002011011002 4613696000.0 011000002008005000
10 4613696000.0 011000002008005000 4613696000.0 011000002008005000
10 4613696000.0 011000002008005000 1.4983 004004002011011002
10 1.4983 004004002011011002 19729900.0 006004000001004008
10 19729900.0 006004000001004008 10497500.0 006004000001005008
10 10497500.0 006004000001005008 1.4983 004004002011011002
10 1.4983 004004002011011002 8314.09 001004000007001003
10 8314.09 001004000007001003 229.709 001003000007001003
10 229.709 001003000007001003 1.4983 004004002011011002
10 1.4983 004004002011011002 10773.5 004002000012009008
10 10773.5 004002000012009008 9132.32 004002000003009008
10 9132.32 004002000003009008 1.4983 004004002011011002
10 1.4983 004004002011011002 35291.7 001005000005010001
10 35291.7 001005000005010001 1311.14 001005001005010001
10 1311.14 001005001005010001 1.4983 004004002011011002
10 1.4983 004004002011011002 1145030.0 002002001006000001
10 1145030.0 002002001006000001 862999.0 002002001010000001
10 862999.0 002002001010000001 1.4983 004004002011011002
10 1.4983 004004002011011002 17323.8 004004001001010007
10 17323.8 004004001001010007 2211.72 016004001001010007
10 2211.72 016004001001010007 1.4983 004004002011011002
10 1.4983 004004002011011002 196923.0 001004001001011003
10 196923.0 001004001001011003 35749.9 001004001001003003
10 35749.9 001004001001003003 1.4983 004004002011011002
10 1.4983 004004002011011002 125.61 004004000012011002
10 125.61 004004000012011002 679489.0 004000000012011002
10 679489.0 004000000012011002 1.4983 004004002011011002
10 1.4983 004004002011011002 390754.0 005005001010000003
10 390754.0 005005001010000003 38358.8 005006001010000003
10 38358.8 005006001010000003 1.4983 004004002011011002
10 1.4983 004004002011011002 519824.0 001002002007011000
10 519824.0 001002002007011000 255420.0 001002002007011006
10 255420.0 001002002007011006 1.4983 004004002011011002
10 1.4983 004004002011011002 88.4195 006004000007001007
10 88.4195 006004000007001007 1.4983 004004002011011002
10 1.4983 004004002011011002 4.78305 001004002006010003
10 4.78305 001004002006010003 349315.0 001003001005003003
10 349315.0 001003001005003003 732.253 001003001005003006
10 732.253 001003001005003006 1.4983 004004002011011002
10 1.4983 004004002011011002 12711600.0 011005000012002004
10 12711600.0 011005000012002004 4753.58 011005000009002004
10 4753.58 011005000009002004 1.4983 004004002011011002
10 1.4983 004004002011011002 6076630.0 005002000002005007
10 6076630.0 005002000002005007 1476260.0 005005000002005007
10 1476260.0 005005000002005007 1.4983 004004002011011002
10 1.4983 004004002011011002 1116340.0 005002001011010008
10 1116340.0 005002001011010008 18811.5 005002001008010008
10 18811.5 005002001008010008 1.4983 004004002011011002
10 1.4983 004004002011011002 14260.9 004004001010010003
10 14260.9 004004001010010003 24353.3 004004001010012003
10 24353.3 004004001010012003 1.4983 004004002011011002
10 1.4983 004004002011011002 11054.4 013003002004010003
10 11054.4 013003002004010003 5780.04 013001002004010003
10 5780.04 013001002004010003 1.4983 004004002011011002
10 1.4983 004004002011011002 3158580000.0 005003001007011001
10 3158580000.0 005003001007011001 18516.4 005003001007000001
10 18516.4 005003001007000001 1.4983 004004002011011002
10 1.4983 004004002011011002 21488.949999999997 004000001007009003
10 21488.949999999997 004000001007009003 21488.949999999997 004000001007009003
10 21488.949999999997 004000001007009003 1.4983 004004002011011002
10 1.4983 004004002011011002 373560000.0 010005002001001003
10 373560000.0 010005002001001003 11058.0 016005002001001003
10 11058.0 016005002001001003 1.4983 004004002011011002
10 1.4983 004004002011011002 2306.36 004004000004000008
10 2306.36 004004000004000008 156.475 004004000009000008
10 156.475 004004000009000008 1.4983 004004002011011002
10 1.4983 004004002011011002 2867610.0 004002001007003003
10 2867610.0 004002001007003003 14912.3 004002001004003003
10 14912.3 004002001004003003 1.4983 004004002011011002
10 1.4983 004004002011011002 2547.04 002002000004003007
10 2547.04 002002000004003007 168.162 002002000004003008
10 168.162 002002000004003008 1.4983 004004002011011002
10 1.4983 004004002011011002 15400400000.0 006004000005001000
10 15400400000.0 006004000005001000 1529.58 006000000005001000
10 1529.58 006000000005001000 1.4983 004004002011011002
10 1.4983 004004002011011002 15663.7 005004002010005003
10 15663.7 005004002010005003 78.8253 005003002010005003
10 78.8253 005003002010005003 1.4983 004004002011011002
10 1.4983 004004002011011002 2.48046 001004001007010003
10 2.48046 001004001007010003 1.4983 004004002011011002
10 1.4983 004004002011011002 4.78305 001004002006010003
10 4.78305 001004002006010003 3556815.0 006000002005005008
10 3556815.0 006000002005005008 3556815.0 006000002005005008
10 3556815.0 006000002005005008 1.4983 004004002011011002
10 1.4983 004004002011011002 2071940.0 005004000012005000
10 2071940.0 005004000012005000 1.4983 004004002011011002
10 1.4983 004004002011011002 2.48046 001004001007010003
10 2.48046 001004001007010003 4651610.0 006002001011010002
10 4651610.0 006002001011010002 146982.0 006002000011010002
10 146982.0 006002000011010002 1.4983 004004002011011002
10 1.4983 004004002011011002 14219.1 005000000007000000
10 14219.1 005000000007000000 2909.52 005000000007006000
10 2909.52 005000000007006000 1.4983 004004002011011002
10 1.4983 004004002011011002 53299800.0 004004000012001000
10 53299800.0 004004000012001000 6806.36 004004001012001000
10 6806.36 004004001012001000 1.4983 004004002011011002
10 1.4983 004004002011011002 838310.0 004002002009011006
10 838310.0 004002002009011006 838310.0 004002002009011006
10 838310.0 004002002009011006 1.4983 004004002011011002
10 1.4983 004004002011011002 7846.37 004002001008001007
10 7846.37 004002001008001007 5874.52 004002002008001007
10 5874.52 004002002008001007 1.4983 004004002011011002
10 1.4983 004004002011011002 13968.8 005004001007005008
10 13968.8 005004001007005008 6581.05 005005001007005008
10 6581.05 005005001007005008 1.4983 004004002011011002
10 1.4983 004004002011011002 1460390.0 005004000006009003
10 1460390.0 005004000006009003 12003.2 005004000006009001
10 12003.2 005004000006009001 1.4983 004004002011011002
10 1.4983 004004002011011002 5056460.0 005004000005004002
10 5056460.0 005004000005004002 26178.2 005004001005004002
10 26178.2 005004001005004002 1.4983 004004002011011002
10 1.4983 004004002011011002 1130430.0 005000000010002007
10 1130430.0 005000000010002007 12216.7 005004000010002007
10 12216.7 005004000010002007 1.4983 004004002011011002
10 1.4983 004004002011011002 6130.4 005004000007001007
10 6130.4 005004000007001007 4871.81 005004000007006007
10 4871.81 005004000007006007 1.4983 004004002011011002
10 1.4983 004004002011011002 3334230.0 004000000012000001
10 3334230.0 004000000012000001 4740.6 004000000009000001
10 4740.6 004000000009000001 1.4983 004004002011011002
10 1.4983 004004002011011002 549332.0 005004002012002003
10 549332.0 005004002012002003 16692.2 005002002012002003
10 16692.2 005002002012002003 1.4983 004004002011011002
10 1.4983 004004002011011002 7848.84 005000002005011003
10 7848.84 005000002005011003 4059.69 005000002005011006
10 4059.69 005000002005011006 1.4983 004004002011011002
10 1.4983 004004002011011002 1888450.0 002000001004001003
10 1888450.0 002000001004001003 209017.0 002000001004001002
10 209017.0 002000001004001002 1.4983 004004002011011002
10 1.4983 004004002011011002 42.1876 001000001004011001
10 42.1876 001000001004011001 42.1876 001000001004011001
10 42.1876 001000001004011001 1.4983 004004002011011002
10 1.4983 004004002011011002 1627630000.0 005004000004005001
10 1627630000.0 005004000004005001 11273400.0 005004002004005001
10 11273400.0 005004002004005001 1.4983 004004002011011002
10 1.4983 004004002011011002 23764600.0 017002000002005007
10 23764600.0 017002000002005007 7111.29 017002000002005008
10 7111.29 017002000002005008 1.4983 004004002011011002
10 1.4983 004004002011011002 440.838 001002000002011000
10 440.838 001002000002011000 57.6798 001002000002011003
10 57.6798 001002000002011003 1.4983 004004002011011002
10 1.4983 004004002011011002 6718.42 001005000007004000
10 6718.42 001005000007004000 1.4983 004004002011011002
10 1.4983 004004002011011002 2.48046 001004001007010003
10 2.48046 001004001007010003 556800.7 001005000011001003
10 556800.7 001005000011001003 556800.7 001005000011001003
10 556800.7 001005000011001003 1.4983 004004002011011002
10 1.4983 004004002011011002 23046.5 015004002005001002
10 23046.5 015004002005001002 4096.41 001004002005001002
10 4096.41 001004002005001002 1.4983 004004002011011002
10 1.4983 004004002011011002 269495.0 001000002002011000
10 269495.0 001000002002011000 41535.1 001000001002011000
10 41535.1 001000001002011000 1.4983 004004002011011002
10 1.4983 004004002011011002 975688.0 004004000011000007
10 975688.0 004004000011000007 5160.83 017004000011000007
10 5160.83 017004000011000007 1.4983 004004002011011002
10 1.4983 004004002011011002 2898500.0 005000000012000003
10 2898500.0 005000000012000003 780469.0 005000000004000003
10 780469.0 005000000004000003 1.4983 004004002011011002
10 1.4983 004004002011011002 72699700.0 006005001000000003
10 72699700.0 006005001000000003 9253.48 006005001000003003
10 9253.48 006005001000003003 1.4983 004004002011011002
10 1.4983 004004002011011002 764972000.0 017002000004004008
10 764972000.0 017002000004004008 228718000.0 017002000004002008
10 228718000.0 017002000004002008 1.4983 004004002011011002
10 1.4983 004004002011011002 68.0452 001004000006010003
10 68.0452 001004000006010003 65.8855 001004000006010002
10 65.8855 001004000006010002 1.4983 004004002011011002
10 1.4983 004004002011011002 528837.0 005000000007010007
10 528837.0 005000000007010007 3122.07 016000000007010007
10 3122.07 016000000007010007 1.4983 004004002011011002
10 1.4983 004004002011011002 1043840.0 004004000012010003
10 1043840.0 004004000012010003 62.6119 007004000012010003
10 62.6119 007004000012010003 1.4983 004004002011011002
10 1.4983 004004002011011002 7916.15 001002000007001008
10 7916.15 001002000007001008 99.2165 001002000009001008
10 99.2165 001002000009001008 1.4983 004004002011011002
10 1.4983 004004002011011002 1441440.0 004002000002003007
10 1441440.0 004002000002003007 215.12 004002001002003007
10 215.12 004002001002003007 1.4983 004004002011011002
10 1.4983 004004002011011002 96455.6 001003000012009003
10 96455.6 001003000012009003 66750.1 001003000008009003
10 66750.1 001003000008009003 1.4983 004004002011011002
10 1.4983 004004002011011002 222259.0 001003002006010007
10 222259.0 001003002006010007 53863.1 001003002006010003
10 53863.1 001003002006010003 1.4983 004004002011011002
10 1.4983 004004002011011002 216587.0 005004001007009003
10 216587.0 005004001007009003 180380.0 005004001005009003
10 180380.0 005004001005009003 1.4983 004004002011011002
10 1.4983 004004002011011002 2723950.0 004004000012011001
10 2723950.0 004004000012011001 127.95 011004000012011001
10 127.95 011004000012011001 1.4983 004004002011011002
10 1.4983 004004002011011002 6727.57 004004000012011003
10 6727.57 004004000012011003 4539.33 004004000012001003
10 4539.33 004004000012001003 1.4983 004004002011011002
10 1.4983 004004002011011002 715313.0 001000000007009007
10 715313.0 001000000007009007 23356.3 001000002007009007
10 23356.3 001000002007009007 1.4983 004004002011011002
10 1.4983 004004002011011002 3648.5 001000000004003003
10 3648.5 001000000004003003 48.3977 001000002004003003
10 48.3977 001000002004003003 1.4983 004004002011011002
