1 (86 0 1 72 12 52 ) 89.5625
1 (5 2 2 120 168 28 ) 418.939
1 (5 2 2 120 168 50 ) 123.248
1 (86 0 1 72 12 52 ) 89.5625
1 (32 4 2 144 156 32 ) 1906.37
1 (32 4 0 144 156 32 ) 14.3518
1 (32 4 0 144 156 32 ) 14.3518
1 (167 2 2 60 168 52 ) 7.29845e+11
1 (167 2 0 60 168 52 ) 4.75135
1 (167 2 0 60 168 52 ) 4.75135
1 (32 2 2 144 24 52 ) 799.688
1 (50 2 2 144 24 52 ) 119.901
1 (167 2 0 60 168 52 ) 4.75135
1 (32 2 0 72 204 28 ) 182.062
1 (74 2 0 72 204 28 ) 5.25591
1 (167 2 0 60 168 52 ) 4.75135
1 (32 2 2 144 168 28 ) 11861.6
1 (32 2 0 144 168 28 ) 94.9722
1 (167 2 0 60 168 52 ) 4.75135
1 (104 4 2 36 156 64 ) 430894
1 (104 4 2 36 186 64 ) 3857.27
1 (167 2 0 60 168 52 ) 4.75135
1 (5 2 0 144 250 28 ) 3568.85
1 (5 2 1 144 250 28 ) 334.099
1 (167 2 0 60 168 52 ) 4.75135
1 (5 1 0 144 156 52 ) 12910.1
1 (5 1 0 144 156 57 ) 3499.31
1 (167 2 0 60 168 52 ) 4.75135
1 (167 4 1 60 12 28 ) 6661.4
1 (167 4 1 60 158 28 ) 5579.67
1 (167 2 0 60 168 52 ) 4.75135
1 (32 2 2 144 204 52 ) 3794.65
1 (32 2 2 144 102 52 ) 1941.43
1 (167 2 0 60 168 52 ) 4.75135
1 (32 1 0 144 250 28 ) 77.3596
1 (32 1 0 44 250 28 ) 17.7226
1 (167 2 0 60 168 52 ) 4.75135
1 (32 6 0 120 168 52 ) 3948.57
1 (32 6 0 120 168 52 ) 1365.32
1 (167 2 0 60 168 52 ) 4.75135
1 (86 1 2 44 250 28 ) 368.926
1 (167 2 0 60 168 52 ) 4.75135
1 (5 1 2 72 24 52 ) 4494.66
1 (5 1 2 72 24 25 ) 245.909
1 (167 2 0 60 168 52 ) 4.75135
1 (32 2 0 72 250 28 ) 2104.89
1 (32 5 0 72 250 28 ) 101.847
1 (167 2 0 60 168 52 ) 4.75135
1 (5 2 0 144 250 28 ) 1227.1
1 (5 3 0 144 250 28 ) 82.7365
1 (167 2 0 60 168 52 ) 4.75135
1 (32 2 0 36 250 52 ) 416.722
1 (32 2 0 36 126 52 ) 96.4259
1 (167 2 0 60 168 52 ) 4.75135
1 (5 2 1 144 24 28 ) 19.4511
1 (167 2 0 60 168 52 ) 4.75135
1 (5 2 1 72 250 52 ) 202.252
1 (5 2 1 72 220 52 ) 168.844
1 (167 2 0 60 168 52 ) 4.75135
1 (74 2 0 72 12 28 ) 14331.3
1 (74 0 0 72 12 28 ) 4474.14
1 (167 2 0 60 168 52 ) 4.75135
1 (32 2 0 36 12 28 ) 284200
1 (32 4 0 36 12 28 ) 12725.1
1 (167 2 0 60 168 52 ) 4.75135
1 (32 2 0 144 250 28 ) 55.2261
1 (32 2 0 187 250 28 ) 3.12195
1 (32 2 0 187 250 28 ) 3.12195
1 (32 2 0 36 250 28 ) 454.648
1 (32 2 0 36 250 8 ) 237.751
1 (32 2 0 187 250 28 ) 3.12195
1 (5 2 0 144 204 28 ) 16.43
1 (32 2 0 187 250 28 ) 3.12195
1 (104 5 2 144 126 28 ) 9331.19
1 (104 5 0 144 126 28 ) 2486.81
1 (32 2 0 187 250 28 ) 3.12195
1 (32 2 1 144 156 28 ) 6270.29
1 (32 2 2 144 156 28 ) 160.53
1 (32 2 0 187 250 28 ) 3.12195
1 (32 2 1 44 250 28 ) 126699
1 (32 2 2 44 250 28 ) 6566.22
1 (32 2 0 187 250 28 ) 3.12195
1 (5 2 0 72 24 28 ) 4.34899e+08
1 (93 2 0 72 24 28 ) 8338.75
1 (32 2 0 187 250 28 ) 3.12195
1 (32 2 0 144 250 28 ) 2953.9
1 (32 2 0 144 250 7 ) 271.63
1 (32 2 0 187 250 28 ) 3.12195
1 (5 1 1 144 24 28 ) 415.606
1 (5 1 1 144 24 69 ) 20.6009
1 (32 2 0 187 250 28 ) 3.12195
1 (32 2 2 144 24 28 ) 2.74762e+06
1 (32 2 0 144 24 28 ) 1.15227e+06
1 (32 2 0 187 250 28 ) 3.12195
1 (32 0 1 72 250 28 ) 2006.2
1 (32 0 1 72 201 28 ) 102.967
1 (32 2 0 187 250 28 ) 3.12195
1 (74 0 1 60 250 28 ) 1.46941e+08
1 (74 0 1 60 107 28 ) 4433.04
1 (32 2 0 187 250 28 ) 3.12195
1 (32 1 0 144 24 90 ) 3981.39
1 (97 1 0 144 24 90 ) 115.885
1 (32 2 0 187 250 28 ) 3.12195
1 (32 2 1 44 250 28 ) 2145.38
1 (32 2 1 44 250 30 ) 570.247
1 (32 2 0 187 250 28 ) 3.12195
1 (32 2 0 72 24 64 ) 20.9888
1 (32 2 0 187 250 28 ) 3.12195
1 (5 1 0 36 250 64 ) 69255.8
1 (5 6 0 36 250 64 ) 5022.21
1 (32 2 0 187 250 28 ) 3.12195
1 (5 0 0 144 204 28 ) 4898.33
1 (5 3 0 144 204 28 ) 4396.75
1 (32 2 0 187 250 28 ) 3.12195
1 (149 3 0 144 204 28 ) 326.472
1 (149 3 0 84 204 28 ) 59.7243
1 (32 2 0 187 250 28 ) 3.12195
1 (5 2 0 72 168 28 ) 164.801
1 (5 2 2 72 168 28 ) 105.453
1 (32 2 0 187 250 28 ) 3.12195
1 (74 2 1 72 204 28 ) 269724
1 (74 2 1 72 204 5 ) 2889.99
1 (32 2 0 187 250 28 ) 3.12195
1 (32 2 0 72 204 28 ) 10203.7
1 (32 2 0 72 204 59 ) 3638.78
1 (32 2 0 187 250 28 ) 3.12195
1 (32 1 1 72 201 64 ) 4163.22
1 (32 1 1 72 31 64 ) 15.8101
1 (32 2 0 187 250 28 ) 3.12195
1 (74 2 0 72 24 69 ) 22131.9
1 (74 2 0 72 197 69 ) 44.641
1 (32 2 0 187 250 28 ) 3.12195
1 (74 2 0 72 12 52 ) 278625
1 (74 2 0 72 12 52 ) 641.095
1 (32 2 0 187 250 28 ) 3.12195
1 (32 1 0 144 168 52 ) 3479.77
1 (147 1 0 144 168 52 ) 46.8443
1 (32 2 0 187 250 28 ) 3.12195
1 (32 2 0 72 250 28 ) 12876.5
1 (32 2 1 72 250 28 ) 2062.8
1 (32 2 0 187 250 28 ) 3.12195
1 (5 3 0 84 250 32 ) 118.258
1 (5 3 0 84 250 32 ) 24.0032
1 (32 2 0 187 250 28 ) 3.12195
1 (32 2 0 72 24 28 ) 15665.8
1 (32 2 0 22 24 28 ) 2519.58
1 (32 2 0 187 250 28 ) 3.12195
1 (32 2 0 144 250 28 ) 4481.18
1 (32 2 0 144 250 28 ) 65.4228
1 (32 2 0 187 250 28 ) 3.12195
1 (74 1 0 144 250 28 ) 3547.05
1 (74 1 0 177 250 28 ) 3377.33
1 (32 2 0 187 250 28 ) 3.12195
1 (149 2 1 72 168 28 ) 2.43106e+09
1 (149 2 1 72 115 28 ) 4752.67
1 (32 2 0 187 250 28 ) 3.12195
1 (32 2 0 72 250 28 ) 15081.1
1 (32 2 0 72 250 28 ) 21.1204
1 (32 2 0 187 250 28 ) 3.12195
1 (32 2 0 144 168 32 ) 49206.3
1 (154 2 0 144 168 32 ) 27.7126
1 (32 2 0 187 250 28 ) 3.12195
1 (154 2 0 72 250 28 ) 53.5592
1 (32 2 0 187 250 28 ) 3.12195
1 (74 4 0 144 197 64 ) 3329.15
1 (74 4 0 144 231 64 ) 89.4689
1 (32 2 0 187 250 28 ) 3.12195
1 (154 2 0 72 250 28 ) 41657.3
1 (21 2 0 72 250 28 ) 21232.6
1 (32 2 0 187 250 28 ) 3.12195
1 (32 2 0 144 250 52 ) 122.295
1 (32 2 0 187 250 28 ) 3.12195
1 (5 1 0 144 250 28 ) 12134.8
1 (49 1 0 144 250 28 ) 6976.91
1 (32 2 0 187 250 28 ) 3.12195
1 (5 2 0 187 250 28 ) 3817.93
1 (5 2 0 187 250 82 ) 3494.48
1 (32 2 0 187 250 28 ) 3.12195
1 (32 2 0 72 250 28 ) 12952.8
1 (32 2 2 72 250 28 ) 167.689
1 (32 2 0 187 250 28 ) 3.12195
1 (5 1 0 72 168 28 ) 18544.3
1 (5 1 0 72 248 28 ) 103.46
1 (32 2 0 187 250 28 ) 3.12195
1 (74 2 0 144 250 28 ) 3612.63
1 (32 2 0 187 250 28 ) 3.12195
1 (32 1 0 144 250 28 ) 14193.5
1 (32 0 0 144 250 28 ) 3651.37
1 (32 2 0 187 250 28 ) 3.12195
1 (32 2 0 84 31 28 ) 6070.62
1 (32 2 0 84 31 71 ) 4466.48
1 (32 2 0 187 250 28 ) 3.12195
1 (74 2 0 144 204 32 ) 3507.03
1 (74 2 0 123 204 32 ) 3492.15
1 (32 2 0 187 250 28 ) 3.12195
1 (5 1 0 72 168 69 ) 3454.3
1 (5 1 0 72 146 69 ) 126.434
1 (32 2 0 187 250 28 ) 3.12195
1 (32 2 0 144 197 52 ) 3639.88
1 (32 2 2 144 197 52 ) 359.081
1 (32 2 0 187 250 28 ) 3.12195
1 (32 1 0 187 250 28 ) 3555.71
1 (32 1 0 187 250 25 ) 1230.15
1 (32 2 0 187 250 28 ) 3.12195
1 (74 2 0 72 31 64 ) 397556
1 (74 1 0 72 31 64 ) 7502.32
1 (32 2 0 187 250 28 ) 3.12195
1 (74 2 0 144 204 32 ) 2547.2
1 (74 2 2 144 204 32 ) 597.44
1 (32 2 0 187 250 28 ) 3.12195
1 (5 3 1 144 250 32 ) 369.876
1 (5 3 1 144 250 32 ) 246.76
1 (32 2 0 187 250 28 ) 3.12195
1 (154 2 0 72 168 52 ) 62.715
1 (154 2 0 72 210 52 ) 58.6185
1 (32 2 0 187 250 28 ) 3.12195
1 (167 1 1 144 168 64 ) 1708.95
1 (167 1 1 144 244 64 ) 77.691
1 (32 2 0 187 250 28 ) 3.12195
1 (5 2 1 144 24 52 ) 148.359
1 (5 2 1 144 24 84 ) 56.0653
1 (32 2 0 187 250 28 ) 3.12195
1 (167 2 0 144 204 52 ) 3550.16
1 (167 4 0 144 204 52 ) 101.02
1 (32 2 0 187 250 28 ) 3.12195
1 (32 2 0 72 250 28 ) 42.2449
1 (32 2 0 187 250 28 ) 3.12195
1 (32 2 1 72 156 28 ) 8705.16
1 (116 2 1 72 156 28 ) 100.806
1 (32 2 0 187 250 28 ) 3.12195
1 (154 3 0 72 24 28 ) 2.39096e+15
1 (154 3 0 72 24 28 ) 2.01936e+10
1 (32 2 0 187 250 28 ) 3.12195
1 (74 2 0 72 24 32 ) 6.45416e+09
1 (74 2 0 72 24 53 ) 9.6451e+07
1 (32 2 0 187 250 28 ) 3.12195
1 (154 1 0 144 24 52 ) 8339.74
1 (154 1 2 144 24 52 ) 650.704
1 (32 2 0 187 250 28 ) 3.12195
1 (5 1 0 144 204 52 ) 85862
1 (5 1 2 144 204 52 ) 261.937
1 (32 2 0 187 250 28 ) 3.12195
1 (32 1 0 144 250 52 ) 84.735
1 (40 1 0 144 250 52 ) 79.328
1 (32 2 0 187 250 28 ) 3.12195
1 (5 1 1 144 197 69 ) 23.9418
1 (32 2 0 187 250 28 ) 3.12195
1 (32 2 0 144 250 28 ) 8064.14
1 (32 2 2 144 250 28 ) 4892.92
1 (32 2 0 187 250 28 ) 3.12195
1 (74 1 0 72 24 64 ) 993820
1 (74 1 0 72 24 64 ) 966606
1 (32 2 0 187 250 28 ) 3.12195
1 (32 2 0 60 204 28 ) 3762.38
1 (32 2 0 187 250 28 ) 3.12195
1 (5 2 0 84 168 28 ) 189.383
1 (5 2 0 84 168 32 ) 133.15
1 (32 2 0 187 250 28 ) 3.12195
1 (5 2 0 84 31 32 ) 6034.31
1 (5 2 0 84 31 43 ) 4671.24
1 (32 2 0 187 250 28 ) 3.12195
1 (147 2 0 187 197 28 ) 3669.97
1 (147 2 0 187 86 28 ) 132.023
1 (32 2 0 187 250 28 ) 3.12195
1 (167 2 0 72 250 64 ) 3640.69
1 (167 2 0 72 250 64 ) 145.831
1 (32 2 0 187 250 28 ) 3.12195
1 (32 3 0 60 168 52 ) 111297
1 (32 3 0 60 168 60 ) 3837.21
1 (32 2 0 187 250 28 ) 3.12195
1 (167 2 0 72 168 32 ) 80.6207
1 (167 2 0 72 168 71 ) 24.1008
1 (32 2 0 187 250 28 ) 3.12195
1 (154 2 1 72 250 69 ) 3936.82
1 (154 2 1 72 250 15 ) 514.917
1 (32 2 0 187 250 28 ) 3.12195
1 (5 2 0 72 250 52 ) 75.4252
1 (5 2 0 72 227 52 ) 46.29
1 (32 2 0 187 250 28 ) 3.12195
1 (32 2 0 187 250 52 ) 3495.33
1 (32 2 0 21 250 52 ) 264.989
1 (32 2 0 187 250 28 ) 3.12195
1 (5 1 0 144 24 64 ) 271916
1 (5 1 0 223 24 64 ) 2443.92
1 (32 2 0 187 250 28 ) 3.12195
1 (5 2 1 144 197 28 ) 15.4586
1 (5 4 1 144 197 28 ) 13.8487
1 (32 2 0 187 250 28 ) 3.12195
1 (32 2 1 60 250 64 ) 68888.9
1 (32 2 1 60 13 64 ) 318.461
1 (32 2 0 187 250 28 ) 3.12195
1 (32 1 1 44 13 32 ) 3.60357e+07
1 (111 1 1 44 13 32 ) 223.96
1 (32 2 0 187 250 28 ) 3.12195
1 (32 1 0 144 197 28 ) 48.2578
1 (32 2 0 187 250 28 ) 3.12195
1 (5 2 0 144 204 28 ) 3242.08
1 (5 2 0 177 204 28 ) 94.2397
1 (32 2 0 187 250 28 ) 3.12195
1 (32 2 0 84 197 32 ) 3612.23
1 (32 2 0 187 250 28 ) 3.12195
1 (167 1 0 144 168 69 ) 21.0245
1 (32 2 0 187 250 28 ) 3.12195
1 (32 3 1 144 204 32 ) 3811.22
1 (32 3 1 144 204 58 ) 175.706
1 (32 2 0 187 250 28 ) 3.12195
1 (5 2 0 72 24 64 ) 4613.84
1 (159 2 0 72 24 64 ) 158.591
1 (32 2 0 187 250 28 ) 3.12195
1 (5 1 0 144 197 32 ) 8.3918
1 (32 2 0 187 250 28 ) 3.12195
1 (32 2 0 60 197 69 ) 3452.31
1 (144 2 0 60 197 69 ) 354.141
1 (32 2 0 187 250 28 ) 3.12195
1 (5 1 0 72 197 69 ) 28460.5
1 (50 1 0 72 197 69 ) 78.5161
1 (32 2 0 187 250 28 ) 3.12195
1 (32 2 0 144 24 64 ) 52.4796
1 (32 2 0 187 250 28 ) 3.12195
1 (167 2 0 144 31 32 ) 249910
1 (167 2 0 144 227 32 ) 3501.05
1 (32 2 0 187 250 28 ) 3.12195
1 (32 2 0 144 227 28 ) 314598
1 (32 2 1 144 227 28 ) 151.069
1 (32 2 0 187 250 28 ) 3.12195
1 (167 1 1 72 227 69 ) 241.18
1 (70 1 1 72 227 69 ) 133.76
1 (32 2 0 187 250 28 ) 3.12195
1 (32 4 1 144 197 28 ) 170.233
1 (32 4 1 144 103 28 ) 108.731
1 (32 2 0 187 250 28 ) 3.12195
1 (5 2 0 144 204 28 ) 23.4827
1 (5 2 0 144 204 85 ) 12.4365
1 (32 2 0 187 250 28 ) 3.12195
1 (5 1 1 144 250 32 ) 134.468
1 (5 1 1 53 250 32 ) 30.0337
1 (32 2 0 187 250 28 ) 3.12195
1 (32 2 0 72 168 64 ) 2523.42
1 (32 1 0 72 168 64 ) 2501.85
1 (32 2 0 187 250 28 ) 3.12195
1 (32 1 0 144 156 28 ) 432.489
1 (32 1 0 144 156 28 ) 49.022
1 (32 2 0 187 250 28 ) 3.12195
1 (5 2 0 60 204 28 ) 210.516
1 (5 2 2 60 204 28 ) 19.3748
1 (32 2 0 187 250 28 ) 3.12195
1 (32 4 1 144 24 28 ) 8675.1
1 (31 4 1 144 24 28 ) 5910.29
1 (32 2 0 187 250 28 ) 3.12195
1 (32 1 0 144 250 52 ) 3281.23
1 (32 1 0 241 250 52 ) 49.2404
1 (32 2 0 187 250 28 ) 3.12195
1 (5 1 0 44 197 52 ) 93.0075
1 (5 1 0 44 149 52 ) 71.4402
1 (32 2 0 187 250 28 ) 3.12195
1 (5 1 1 72 204 64 ) 202236
1 (5 1 1 72 204 53 ) 9101.17
1 (32 2 0 187 250 28 ) 3.12195
1 (5 2 0 144 204 32 ) 190.268
1 (5 1 0 144 204 32 ) 66.418
1 (32 2 0 187 250 28 ) 3.12195
1 (32 2 2 144 204 28 ) 2109.36
1 (59 2 2 144 204 28 ) 218.631
1 (32 2 0 187 250 28 ) 3.12195
1 (32 1 0 144 204 85 ) 3333.84
1 (32 1 2 144 204 85 ) 47.8832
1 (32 2 0 187 250 28 ) 3.12195
1 (32 4 0 144 204 32 ) 6765.39
1 (32 4 0 188 204 32 ) 43.8847
1 (32 2 0 187 250 28 ) 3.12195
1 (32 2 0 44 204 32 ) 188.901
1 (32 2 0 187 250 28 ) 3.12195
1 (5 2 0 72 156 28 ) 3707.35
1 (5 0 0 72 156 28 ) 393.477
1 (32 2 0 187 250 28 ) 3.12195
1 (32 0 0 144 250 28 ) 10634.4
1 (158 0 0 144 250 28 ) 312.31
1 (32 2 0 187 250 28 ) 3.12195
1 (5 1 0 72 204 28 ) 3707.97
1 (5 1 0 72 204 63 ) 171.136
1 (32 2 0 187 250 28 ) 3.12195
1 (5 1 2 72 204 28 ) 4440.56
1 (5 1 2 72 104 28 ) 626.862
1 (32 2 0 187 250 28 ) 3.12195
1 (5 1 0 72 168 85 ) 2256.12
1 (5 1 0 72 229 85 ) 764.863
1 (32 2 0 187 250 28 ) 3.12195
1 (32 1 0 60 24 64 ) 273585
1 (110 1 0 60 24 64 ) 3875.44
1 (32 2 0 187 250 28 ) 3.12195
1 (32 2 0 144 250 28 ) 1346.91
1 (32 2 0 8 250 28 ) 194.466
1 (32 2 0 187 250 28 ) 3.12195
1 (32 2 1 144 24 28 ) 2136.74
1 (32 2 1 144 24 37 ) 1931.96
1 (32 2 0 187 250 28 ) 3.12195
1 (167 2 0 72 204 28 ) 39801.2
1 (139 2 0 72 204 28 ) 3544.77
1 (32 2 0 187 250 28 ) 3.12195
1 (32 2 0 144 204 64 ) 7218.45
1 (32 2 0 248 204 64 ) 3210.15
1 (32 2 0 187 250 28 ) 3.12195
1 (5 2 0 144 204 28 ) 7.19229
1 (32 2 0 187 250 28 ) 3.12195
1 (5 2 0 144 204 28 ) 27.3537
1 (190 2 0 144 204 28 ) 14.9475
1 (32 2 0 187 250 28 ) 3.12195
1 (167 2 1 72 168 28 ) 1.50308e+09
1 (52 2 1 72 168 28 ) 2325.53
1 (32 2 0 187 250 28 ) 3.12195
1 (32 2 1 144 204 28 ) 1703.5
1 (11 2 1 144 204 28 ) 114.801
1 (32 2 0 187 250 28 ) 3.12195
1 (5 2 0 60 250 28 ) 6.88167
1 (32 2 0 187 250 28 ) 3.12195
1 (32 1 0 72 168 28 ) 24.933
1 (32 2 0 187 250 28 ) 3.12195
1 (167 2 0 72 250 52 ) 3584.49
1 (167 2 0 72 250 86 ) 189.512
1 (32 2 0 187 250 28 ) 3.12195
1 (74 2 0 144 250 28 ) 70.8987
1 (32 2 0 187 250 28 ) 3.12195
1 (5 4 0 144 197 52 ) 41449
1 (5 4 0 144 197 52 ) 12595.2
1 (32 2 0 187 250 28 ) 3.12195
1 (5 4 1 187 24 28 ) 294106
1 (5 4 1 1 24 28 ) 276467
1 (32 2 0 187 250 28 ) 3.12195
1 (5 1 1 144 204 28 ) 234.182
1 (82 1 1 144 204 28 ) 85.9494
1 (32 2 0 187 250 28 ) 3.12195
1 (5 1 1 60 204 28 ) 71.4728
1 (5 5 1 60 204 28 ) 5.6153
1 (32 2 0 187 250 28 ) 3.12195
1 (5 2 1 187 197 28 ) 217.877
1 (32 2 0 187 250 28 ) 3.12195
1 (190 4 1 187 250 69 ) 270.303
1 (190 2 1 187 250 69 ) 105.61
1 (32 2 0 187 250 28 ) 3.12195
1 (5 1 1 72 204 28 ) 8715.55
1 (5 1 2 72 204 28 ) 260.455
1 (32 2 0 187 250 28 ) 3.12195
1 (190 1 1 144 197 28 ) 1.47789e+09
1 (190 3 1 144 197 28 ) 1412.51
1 (32 2 0 187 250 28 ) 3.12195
1 (5 2 1 60 250 32 ) 12623
1 (5 2 1 60 222 32 ) 12131.7
1 (32 2 0 187 250 28 ) 3.12195
1 (32 1 0 144 250 28 ) 132.758
1 (32 1 0 144 250 41 ) 65.8571
1 (32 2 0 187 250 28 ) 3.12195
1 (5 1 0 144 24 32 ) 4492.67
1 (5 1 0 144 24 32 ) 120.907
1 (32 2 0 187 250 28 ) 3.12195
1 (32 2 0 60 204 85 ) 103.497
1 (32 2 0 60 204 33 ) 19.295
1 (32 2 0 187 250 28 ) 3.12195
1 (5 1 0 72 250 52 ) 48.5851
1 (5 1 0 72 250 81 ) 4.73063
1 (32 2 0 187 250 28 ) 3.12195
1 (5 1 0 72 204 28 ) 299.27
1 (5 3 0 72 204 28 ) 165.599
1 (32 2 0 187 250 28 ) 3.12195
1 (5 1 1 144 197 32 ) 510.862
1 (5 1 1 144 180 32 ) 170.115
1 (32 2 0 187 250 28 ) 3.12195
1 (32 1 0 144 31 28 ) 12901.7
1 (32 4 0 144 31 28 ) 5247.48
1 (32 2 0 187 250 28 ) 3.12195
1 (32 2 0 72 197 28 ) 24.9706
1 (32 2 0 72 197 59 ) 12.2526
1 (32 2 0 187 250 28 ) 3.12195
1 (5 1 2 144 197 52 ) 4534.5
1 (5 1 2 144 197 52 ) 81.8177
1 (32 2 0 187 250 28 ) 3.12195
1 (5 2 0 60 197 52 ) 3515.65
1 (5 2 0 60 218 52 ) 71.8231
1 (32 2 0 187 250 28 ) 3.12195
1 (32 2 0 144 204 64 ) 70.0703
1 (32 2 0 144 204 89 ) 9.41191
1 (32 2 0 187 250 28 ) 3.12195
1 (32 2 0 144 197 59 ) 9.90742
1 (32 2 0 187 250 28 ) 3.12195
1 (5 2 0 144 250 89 ) 115983
1 (5 2 0 132 250 89 ) 241.277
1 (32 2 0 187 250 28 ) 3.12195
1 (32 2 0 72 197 52 ) 3894.84
1 (32 2 0 72 150 52 ) 208.28
1 (32 2 0 187 250 28 ) 3.12195
1 (74 2 0 72 197 28 ) 3263.59
1 (74 2 0 87 197 28 ) 2342.63
1 (32 2 0 187 250 28 ) 3.12195
1 (5 2 0 144 197 28 ) 11.5701
1 (32 2 0 187 250 28 ) 3.12195
1 (5 2 0 144 197 52 ) 90.6662
1 (5 2 0 144 230 52 ) 61.7054
1 (32 2 0 187 250 28 ) 3.12195
1 (5 2 0 144 204 81 ) 1209.62
1 (5 4 0 144 204 81 ) 603.753
1 (32 2 0 187 250 28 ) 3.12195
1 (74 2 0 144 204 28 ) 3526.88
1 (74 2 0 144 230 28 ) 1345.63
1 (32 2 0 187 250 28 ) 3.12195
1 (74 4 1 144 204 28 ) 292.832
1 (74 4 1 144 204 60 ) 92.1816
1 (32 2 0 187 250 28 ) 3.12195
1 (5 4 0 144 31 28 ) 8070.02
1 (62 4 0 144 31 28 ) 4095.4
1 (32 2 0 187 250 28 ) 3.12195
1 (5 4 0 144 250 59 ) 13.5669
1 (32 2 0 187 250 28 ) 3.12195
1 (5 2 1 72 197 28 ) 164.998
1 (5 1 1 72 197 28 ) 94.3751
1 (32 2 0 187 250 28 ) 3.12195
1 (5 2 0 144 197 28 ) 73.5198
1 (5 0 0 144 197 28 ) 20.9621
1 (32 2 0 187 250 28 ) 3.12195
1 (32 2 0 60 197 32 ) 1604.28
1 (152 2 0 60 197 32 ) 98.0095
1 (32 2 0 187 250 28 ) 3.12195
1 (5 2 0 72 197 28 ) 3792.37
1 (5 2 0 72 197 28 ) 87.2428
1 (32 2 0 187 250 28 ) 3.12195
1 (5 2 0 72 250 28 ) 9.24063
1 (32 2 0 187 250 28 ) 3.12195
1 (32 1 0 144 250 28 ) 25.1107
1 (32 2 0 187 250 28 ) 3.12195
1 (5 2 0 144 197 28 ) 11.7046
1 (32 2 0 187 250 28 ) 3.12195
1 (32 2 0 60 250 28 ) 3814.15
1 (32 2 0 204 250 28 ) 84.3953
1 (32 2 0 187 250 28 ) 3.12195
1 (32 4 1 144 197 32 ) 4548.18
1 (32 4 1 144 197 43 ) 4212.42
1 (32 2 0 187 250 28 ) 3.12195
1 (5 2 1 72 197 28 ) 382.187
1 (5 2 1 72 197 28 ) 327.128
1 (32 2 0 187 250 28 ) 3.12195
1 (32 2 0 72 197 81 ) 3648.82
1 (32 2 0 172 197 81 ) 61.8904
1 (32 2 0 187 250 28 ) 3.12195
1 (5 2 1 144 197 52 ) 318.265
1 (5 2 0 144 197 52 ) 64.7523
1 (32 2 0 187 250 28 ) 3.12195
1 (5 2 0 72 197 28 ) 7085.44
1 (5 2 0 55 197 28 ) 3411.12
1 (32 2 0 187 250 28 ) 3.12195
1 (167 2 0 144 197 59 ) 14.1196
2 (113 6 0 72 120 60 ) 19.7638
2 (158 1 1 24 0 40 ) 7.32781e+07
2 (158 1 1 191 0 40 ) 530.911
2 (113 6 0 72 120 60 ) 19.7638
2 (140 1 1 36 0 68 ) 5.33166e+08
2 (140 1 1 111 0 68 ) 224108
2 (113 6 0 72 120 60 ) 19.7638
2 (200 6 1 48 24 60 ) 203462
2 (24 6 1 48 24 60 ) 8591.37
2 (113 6 0 72 120 60 ) 19.7638
2 (68 1 2 84 180 36 ) 180.306
2 (68 1 0 84 180 36 ) 144.112
2 (113 6 0 72 120 60 ) 19.7638
2 (113 1 1 180 108 60 ) 1.00986e+06
2 (113 1 0 180 108 60 ) 68.5803
2 (113 6 0 72 120 60 ) 19.7638
2 (158 4 0 250 24 68 ) 414626
2 (20 4 0 250 24 68 ) 36.0452
2 (113 6 0 72 120 60 ) 19.7638
2 (5 6 2 180 0 32 ) 8.51219e+09
2 (5 5 2 180 0 32 ) 3654.27
2 (113 6 0 72 120 60 ) 19.7638
2 (32 1 1 108 250 32 ) 97.6545
2 (32 1 1 108 250 61 ) 31.0738
2 (113 6 0 72 120 60 ) 19.7638
2 (23 1 1 72 180 36 ) 223.59
2 (23 1 1 72 180 56 ) 207.36
2 (113 6 0 72 120 60 ) 19.7638
2 (104 6 0 108 0 32 ) 13483.8
2 (104 6 0 108 0 14 ) 3855.16
2 (113 6 0 72 120 60 ) 19.7638
2 (200 1 0 84 250 20 ) 27876.7
2 (200 1 2 84 250 20 ) 167.011
2 (113 6 0 72 120 60 ) 19.7638
2 (104 0 0 191 180 60 ) 68.1058
2 (104 0 0 191 204 60 ) 53.6857
2 (113 6 0 72 120 60 ) 19.7638
2 (68 4 0 108 180 20 ) 1895.26
2 (60 4 0 108 180 20 ) 11.1155
2 (60 4 0 108 180 20 ) 11.1155
2 (68 1 1 180 180 61 ) 4377.68
2 (186 1 1 180 180 61 ) 4139.26
2 (60 4 0 108 180 20 ) 11.1155
2 (41 1 2 180 120 56 ) 246845
2 (41 1 2 202 120 56 ) 4367.49
2 (60 4 0 108 180 20 ) 11.1155
2 (32 1 1 216 180 24 ) 8144.99
2 (32 1 2 216 180 24 ) 4182.24
2 (60 4 0 108 180 20 ) 11.1155
2 (23 1 2 0 0 20 ) 247089
2 (23 1 2 0 0 2 ) 25547.7
2 (60 4 0 108 180 20 ) 11.1155
2 (158 1 2 180 180 68 ) 4070.82
2 (158 1 2 180 199 68 ) 3913.58
2 (60 4 0 108 180 20 ) 11.1155
2 (158 0 1 72 60 24 ) 329633
2 (158 0 1 72 171 24 ) 335.684
2 (60 4 0 108 180 20 ) 11.1155
2 (32 1 0 216 180 68 ) 77.9058
2 (15 1 0 216 180 68 ) 53.7197
2 (60 4 0 108 180 20 ) 11.1155
2 (60 1 0 216 180 56 ) 43.0392
2 (60 4 0 108 180 20 ) 11.1155
2 (32 0 1 216 204 36 ) 743.008
2 (26 0 1 216 204 36 ) 431.806
2 (60 4 0 108 180 20 ) 11.1155
2 (113 1 0 108 250 68 ) 70.1897
2 (36 1 0 108 250 68 ) 40.7648
2 (60 4 0 108 180 20 ) 11.1155
2 (113 6 2 108 180 68 ) 1.78819e+08
2 (113 6 2 108 239 68 ) 4788.45
2 (60 4 0 108 180 20 ) 11.1155
2 (113 1 2 84 250 68 ) 168.515
2 (113 4 2 84 250 68 ) 163.446
2 (60 4 0 108 180 20 ) 11.1155
2 (68 4 0 84 250 56 ) 3382.89
2 (113 4 0 84 250 56 ) 38.7889
2 (60 4 0 108 180 20 ) 11.1155
2 (32 1 0 84 24 68 ) 775.15
2 (111 1 0 84 24 68 ) 100.981
2 (60 4 0 108 180 20 ) 11.1155
2 (32 4 0 84 250 68 ) 7.9421
2 (32 4 0 84 250 68 ) 7.9421
2 (36 1 0 72 250 60 ) 2556.81
2 (36 1 0 72 250 60 ) 1508.76
2 (32 4 0 84 250 68 ) 7.9421
2 (32 1 0 72 120 68 ) 3333.2
2 (32 1 0 72 94 68 ) 416.73
2 (32 4 0 84 250 68 ) 7.9421
2 (113 1 1 72 250 60 ) 224511
2 (113 1 1 72 250 60 ) 43304.3
2 (32 4 0 84 250 68 ) 7.9421
2 (20 1 1 108 180 20 ) 4.05435
2 (20 1 1 108 180 20 ) 4.05435
2 (60 4 1 84 250 68 ) 121.926
2 (60 4 1 84 202 68 ) 16.8158
2 (20 1 1 108 180 20 ) 4.05435
2 (104 4 0 84 180 60 ) 48.3251
2 (104 4 0 84 101 60 ) 13.4952
2 (20 1 1 108 180 20 ) 4.05435
2 (32 1 0 108 250 20 ) 13862.8
2 (152 1 0 108 250 20 ) 114.621
2 (20 1 1 108 180 20 ) 4.05435
2 (36 1 0 216 180 61 ) 22225.8
2 (36 3 0 216 180 61 ) 240.958
2 (20 1 1 108 180 20 ) 4.05435
2 (104 4 0 216 250 68 ) 3414.38
2 (104 4 0 177 250 68 ) 10.1696
2 (20 1 1 108 180 20 ) 4.05435
2 (113 4 0 108 180 68 ) 36252.1
2 (113 1 0 108 180 68 ) 453.972
2 (20 1 1 108 180 20 ) 4.05435
2 (60 6 0 108 180 56 ) 104196
2 (60 6 0 108 248 56 ) 84.3241
2 (20 1 1 108 180 20 ) 4.05435
2 (60 4 0 84 101 68 ) 84.3044
2 (60 4 0 84 101 46 ) 11.0143
2 (20 1 1 108 180 20 ) 4.05435
2 (60 4 0 108 120 68 ) 4654.14
2 (60 4 0 108 120 79 ) 44.1313
2 (20 1 1 108 180 20 ) 4.05435
2 (113 1 0 84 180 60 ) 82.3557
2 (20 1 1 108 180 20 ) 4.05435
2 (32 4 0 108 202 20 ) 366.02
2 (86 4 0 108 202 20 ) 18.7946
2 (20 1 1 108 180 20 ) 4.05435
2 (20 4 0 84 202 79 ) 18.2762
2 (20 1 1 108 180 20 ) 4.05435
2 (86 1 0 84 120 20 ) 3.04815e+08
2 (86 1 0 84 122 20 ) 3398.51
2 (20 1 1 108 180 20 ) 4.05435
2 (113 4 0 72 180 60 ) 460.543
2 (113 4 0 72 180 60 ) 56.4718
2 (20 1 1 108 180 20 ) 4.05435
2 (113 4 0 72 202 60 ) 32346
2 (113 5 0 72 202 60 ) 2420.63
2 (20 1 1 108 180 20 ) 4.05435
2 (20 4 0 191 120 68 ) 3062.14
2 (20 4 0 58 120 68 ) 496.799
2 (20 1 1 108 180 20 ) 4.05435
2 (60 1 0 250 180 56 ) 3062.8
2 (60 2 0 250 180 56 ) 111.39
2 (20 1 1 108 180 20 ) 4.05435
2 (104 4 0 250 120 68 ) 48.2983
2 (20 1 1 108 180 20 ) 4.05435
2 (20 4 1 84 180 61 ) 26.3852
2 (20 1 1 108 180 20 ) 4.05435
2 (86 1 0 84 250 20 ) 17055.2
2 (86 1 0 84 250 19 ) 86.2961
2 (20 1 1 108 180 20 ) 4.05435
2 (60 4 0 250 250 56 ) 78.006
2 (60 4 2 250 250 56 ) 72.972
2 (20 1 1 108 180 20 ) 4.05435
2 (20 1 0 250 202 20 ) 84.8154
2 (20 1 0 250 88 20 ) 57.0602
2 (20 1 1 108 180 20 ) 4.05435
2 (20 1 0 250 250 56 ) 3461.46
2 (20 1 0 250 250 56 ) 83.9089
2 (20 1 1 108 180 20 ) 4.05435
2 (20 6 1 108 250 20 ) 1.66018e+10
2 (20 6 1 108 250 74 ) 1.13131e+10
2 (20 1 1 108 180 20 ) 4.05435
2 (86 1 1 84 180 20 ) 92.0873
2 (86 1 1 65 180 20 ) 29.0137
2 (20 1 1 108 180 20 ) 4.05435
2 (104 4 0 84 120 68 ) 3629.91
2 (104 4 2 84 120 68 ) 2173.7
2 (20 1 1 108 180 20 ) 4.05435
2 (60 1 1 84 120 20 ) 177.247
2 (60 1 1 84 120 62 ) 84.9032
2 (20 1 1 108 180 20 ) 4.05435
2 (86 4 1 84 101 61 ) 4984.33
2 (86 0 1 84 101 61 ) 13.2968
2 (20 1 1 108 180 20 ) 4.05435
2 (86 4 0 108 250 79 ) 39211.3
2 (86 4 0 108 100 79 ) 3280.38
2 (20 1 1 108 180 20 ) 4.05435
2 (20 4 1 84 180 56 ) 155290
2 (20 4 0 84 180 56 ) 3557.34
2 (20 1 1 108 180 20 ) 4.05435
2 (60 1 0 84 101 60 ) 47.9904
2 (20 1 1 108 180 20 ) 4.05435
2 (20 4 0 84 202 68 ) 1428.03
2 (20 4 1 84 202 68 ) 350.683
2 (20 1 1 108 180 20 ) 4.05435
2 (113 1 0 177 180 61 ) 169.328
2 (113 1 1 177 180 61 ) 132.25
2 (20 1 1 108 180 20 ) 4.05435
2 (60 4 0 84 101 20 ) 75.62
2 (60 4 0 117 101 20 ) 56.753
2 (20 1 1 108 180 20 ) 4.05435
2 (20 4 0 108 250 56 ) 5276.12
2 (20 4 0 108 250 56 ) 3364.88
2 (20 1 1 108 180 20 ) 4.05435
2 (36 1 1 108 250 56 ) 4077.95
2 (15 1 1 108 250 56 ) 154.446
2 (20 1 1 108 180 20 ) 4.05435
2 (20 1 0 84 250 56 ) 17599.1
2 (35 1 0 84 250 56 ) 3376.1
2 (20 1 1 108 180 20 ) 4.05435
2 (36 1 0 108 250 61 ) 21.9964
2 (20 1 1 108 180 20 ) 4.05435
2 (20 1 0 108 250 61 ) 63.5276
2 (20 1 1 108 180 20 ) 4.05435
2 (32 1 1 108 250 20 ) 235905
2 (32 1 0 108 250 20 ) 9985.86
2 (20 1 1 108 180 20 ) 4.05435
2 (32 4 0 84 180 20 ) 127.987
2 (32 4 0 84 180 29 ) 98.3995
2 (20 1 1 108 180 20 ) 4.05435
2 (32 4 0 108 250 61 ) 3467.56
2 (32 4 0 108 250 61 ) 3399.94
2 (20 1 1 108 180 20 ) 4.05435
2 (20 4 0 84 180 68 ) 155.249
2 (20 4 0 84 180 68 ) 52.2118
2 (20 1 1 108 180 20 ) 4.05435
2 (20 4 0 84 250 61 ) 3261.18
2 (20 4 0 84 19 61 ) 11.824
2 (20 1 1 108 180 20 ) 4.05435
2 (86 4 0 108 24 60 ) 183.324
2 (160 4 0 108 24 60 ) 28.4692
2 (20 1 1 108 180 20 ) 4.05435
2 (104 4 0 108 120 20 ) 4.62516e+06
2 (104 2 0 108 120 20 ) 216.801
2 (20 1 1 108 180 20 ) 4.05435
2 (86 1 0 108 24 20 ) 1.29933e+10
2 (86 1 0 108 24 82 ) 40.6161
2 (20 1 1 108 180 20 ) 4.05435
2 (20 0 0 84 24 20 ) 8783.99
2 (20 0 0 208 24 20 ) 1014.6
2 (20 1 1 108 180 20 ) 4.05435
2 (32 4 0 250 120 61 ) 83.7611
2 (20 1 1 108 180 20 ) 4.05435
2 (36 4 0 84 250 68 ) 3376.16
2 (36 4 0 84 250 68 ) 40.1351
2 (20 1 1 108 180 20 ) 4.05435
2 (86 4 0 108 250 20 ) 93.6262
2 (86 4 0 108 215 20 ) 8.6327
2 (20 1 1 108 180 20 ) 4.05435
2 (32 1 0 84 101 60 ) 65145
2 (32 1 0 84 101 60 ) 3381.23
2 (20 1 1 108 180 20 ) 4.05435
2 (104 4 1 108 202 60 ) 4023.66
2 (104 4 1 59 202 60 ) 317.684
2 (20 1 1 108 180 20 ) 4.05435
2 (20 4 0 65 180 46 ) 117.113
2 (20 1 1 108 180 20 ) 4.05435
2 (20 4 0 84 24 20 ) 508.88
2 (20 1 1 108 180 20 ) 4.05435
2 (86 1 1 84 24 46 ) 444.041
2 (86 1 1 84 24 84 ) 210.242
2 (20 1 1 108 180 20 ) 4.05435
2 (113 4 1 84 202 20 ) 247671
2 (113 4 1 236 202 20 ) 92.0874
2 (20 1 1 108 180 20 ) 4.05435
2 (104 1 0 65 180 61 ) 89.4186
2 (104 1 0 65 18 61 ) 79.3015
2 (20 1 1 108 180 20 ) 4.05435
2 (20 1 1 72 250 68 ) 4574.85
2 (20 1 0 72 250 68 ) 3645.04
2 (20 1 1 108 180 20 ) 4.05435
2 (104 4 1 84 180 61 ) 74.9125
2 (157 4 1 84 180 61 ) 64.9967
2 (20 1 1 108 180 20 ) 4.05435
2 (86 4 0 108 180 61 ) 26007.5
2 (86 1 0 108 180 61 ) 3318.32
2 (20 1 1 108 180 20 ) 4.05435
2 (86 4 1 108 215 60 ) 28.0133
2 (20 1 1 108 180 20 ) 4.05435
2 (104 1 0 65 24 68 ) 4325.88
2 (196 1 0 65 24 68 ) 48.4062
2 (20 1 1 108 180 20 ) 4.05435
2 (160 4 1 65 24 46 ) 8804.86
2 (110 4 1 65 24 46 ) 4234.46
2 (20 1 1 108 180 20 ) 4.05435
2 (60 4 1 108 180 20 ) 6.0347e+06
2 (60 4 1 108 180 47 ) 273.231
2 (20 1 1 108 180 20 ) 4.05435
2 (86 4 0 108 215 61 ) 3458.97
2 (27 4 0 108 215 61 ) 98.7454
2 (20 1 1 108 180 20 ) 4.05435
2 (113 4 1 108 101 68 ) 232982
2 (113 4 1 108 101 66 ) 316.487
2 (20 1 1 108 180 20 ) 4.05435
2 (113 4 1 108 101 20 ) 1.13551e+09
2 (113 4 1 108 222 20 ) 429.302
2 (20 1 1 108 180 20 ) 4.05435
2 (20 4 0 108 250 20 ) 3383.75
2 (20 4 0 108 250 30 ) 3346.47
2 (20 1 1 108 180 20 ) 4.05435
2 (86 4 0 84 250 20 ) 2548.97
2 (86 4 0 84 159 20 ) 1041.15
2 (20 1 1 108 180 20 ) 4.05435
2 (104 1 0 84 202 20 ) 3289.76
2 (104 1 0 84 243 20 ) 1054.33
2 (20 1 1 108 180 20 ) 4.05435
2 (20 4 1 108 24 61 ) 123.241
2 (20 1 1 108 180 20 ) 4.05435
2 (36 4 0 84 202 68 ) 3220.68
2 (36 4 0 104 202 68 ) 119.766
2 (20 1 1 108 180 20 ) 4.05435
2 (86 6 1 84 202 20 ) 6.43208e+09
2 (86 6 1 74 202 20 ) 6538.61
2 (20 1 1 108 180 20 ) 4.05435
2 (86 1 0 84 19 68 ) 225746
2 (71 1 0 84 19 68 ) 4310.55
2 (20 1 1 108 180 20 ) 4.05435
2 (113 4 1 108 215 60 ) 79.1041
2 (48 4 1 108 215 60 ) 67.465
2 (20 1 1 108 180 20 ) 4.05435
2 (60 4 1 84 180 60 ) 137.773
2 (60 5 1 84 180 60 ) 14.4196
2 (20 1 1 108 180 20 ) 4.05435
2 (86 4 0 108 180 20 ) 841.82
2 (86 4 0 108 151 20 ) 835.937
2 (20 1 1 108 180 20 ) 4.05435
2 (113 4 1 108 202 20 ) 337.455
2 (113 4 1 108 193 20 ) 204.805
2 (20 1 1 108 180 20 ) 4.05435
2 (113 4 0 108 215 20 ) 1172.06
2 (77 4 0 108 215 20 ) 13.3759
2 (20 1 1 108 180 20 ) 4.05435
2 (160 4 0 108 120 60 ) 76.9356
2 (118 4 0 108 120 60 ) 3.43282
2 (118 4 0 108 120 60 ) 3.43282
2 (104 0 0 84 250 68 ) 3379.92
2 (104 0 0 84 250 13 ) 35.0897
2 (118 4 0 108 120 60 ) 3.43282
2 (86 4 0 84 180 20 ) 3575.65
2 (86 4 0 249 180 20 ) 103.278
2 (118 4 0 108 120 60 ) 3.43282
2 (32 6 1 108 180 61 ) 9.57497e+08
2 (32 5 1 108 180 61 ) 73.7904
2 (118 4 0 108 120 60 ) 3.43282
2 (104 4 0 84 19 46 ) 4356.68
2 (104 4 0 84 19 47 ) 63.1396
2 (118 4 0 108 120 60 ) 3.43282
2 (20 4 0 108 202 61 ) 3627.26
2 (20 4 0 108 213 61 ) 93.3233
2 (118 4 0 108 120 60 ) 3.43282
2 (113 4 0 72 250 68 ) 3387.05
2 (88 4 0 72 250 68 ) 34.9569
2 (118 4 0 108 120 60 ) 3.43282
2 (60 4 1 108 202 60 ) 7943.75
2 (60 4 1 108 202 4 ) 286.532
2 (118 4 0 108 120 60 ) 3.43282
2 (86 6 0 177 215 20 ) 3670.44
2 (86 3 0 177 215 20 ) 98.5099
2 (118 4 0 108 120 60 ) 3.43282
2 (86 3 1 108 19 61 ) 206.227
2 (86 3 1 108 19 61 ) 192.453
2 (118 4 0 108 120 60 ) 3.43282
2 (20 4 1 108 180 79 ) 4249.6
2 (20 4 1 108 236 79 ) 4022.91
2 (118 4 0 108 120 60 ) 3.43282
2 (60 4 0 108 202 60 ) 4.66044
2 (118 4 0 108 120 60 ) 3.43282
2 (20 4 0 84 202 61 ) 152.196
2 (20 4 0 84 202 28 ) 43.6399
2 (118 4 0 108 120 60 ) 3.43282
2 (60 4 1 108 101 68 ) 8259.13
2 (60 4 1 165 101 68 ) 98.0919
2 (118 4 0 108 120 60 ) 3.43282
2 (60 4 0 84 120 68 ) 6.50701
2 (118 4 0 108 120 60 ) 3.43282
2 (36 4 0 108 101 20 ) 288926
2 (36 4 0 108 101 86 ) 3480.26
2 (118 4 0 108 120 60 ) 3.43282
2 (118 1 0 108 250 68 ) 65.9206
2 (118 1 0 108 250 68 ) 17.4885
2 (118 4 0 108 120 60 ) 3.43282
2 (86 4 0 108 101 60 ) 3367.61
2 (86 4 0 58 101 60 ) 3290.03
2 (118 4 0 108 120 60 ) 3.43282
2 (86 4 0 84 202 60 ) 3568.49
2 (86 4 0 84 91 60 ) 875.736
2 (118 4 0 108 120 60 ) 3.43282
2 (20 4 0 84 101 68 ) 246.547
2 (118 4 0 108 120 60 ) 3.43282
2 (60 1 1 108 101 61 ) 97.5001
2 (60 2 1 108 101 61 ) 74.9894
2 (118 4 0 108 120 60 ) 3.43282
2 (60 4 0 108 215 20 ) 3480.29
2 (60 4 0 108 215 20 ) 258.283
2 (118 4 0 108 120 60 ) 3.43282
2 (20 4 0 108 180 20 ) 12426.7
2 (20 4 0 108 180 45 ) 153.303
2 (118 4 0 108 120 60 ) 3.43282
2 (20 4 0 84 120 61 ) 59.5362
2 (39 4 0 84 120 61 ) 50.7406
2 (118 4 0 108 120 60 ) 3.43282
2 (104 4 0 84 120 61 ) 7.10543
2 (118 4 0 108 120 60 ) 3.43282
2 (118 4 0 108 202 60 ) 41.6324
2 (118 4 0 108 120 60 ) 3.43282
2 (104 4 0 84 101 61 ) 3375.34
2 (104 4 0 84 168 61 ) 1845.38
2 (118 4 0 108 120 60 ) 3.43282
2 (104 4 0 108 180 61 ) 3236.76
2 (104 4 0 108 238 61 ) 56.1079
2 (118 4 0 108 120 60 ) 3.43282
2 (86 1 0 84 101 46 ) 406.519
2 (86 1 0 84 178 46 ) 52.3386
2 (118 4 0 108 120 60 ) 3.43282
2 (60 1 0 108 202 60 ) 45.4757
2 (81 1 0 108 202 60 ) 34.3603
2 (118 4 0 108 120 60 ) 3.43282
2 (86 4 0 84 215 20 ) 115.508
2 (86 4 0 84 215 20 ) 53.2706
2 (118 4 0 108 120 60 ) 3.43282
2 (20 4 0 108 120 60 ) 64011.2
2 (20 4 0 127 120 60 ) 77.5659
2 (118 4 0 108 120 60 ) 3.43282
2 (104 4 0 108 19 20 ) 7.80739e+12
2 (104 4 1 108 19 20 ) 239.038
2 (118 4 0 108 120 60 ) 3.43282
2 (104 4 0 84 19 60 ) 4.93663e+06
2 (104 4 0 84 19 17 ) 335.959
2 (118 4 0 108 120 60 ) 3.43282
2 (77 4 0 84 202 46 ) 60.8458
2 (77 4 0 34 202 46 ) 46.9812
2 (118 4 0 108 120 60 ) 3.43282
2 (104 4 1 84 250 68 ) 278.809
2 (104 4 1 84 250 89 ) 243.889
2 (118 4 0 108 120 60 ) 3.43282
2 (86 4 0 84 250 20 ) 3340.43
2 (86 4 1 84 250 20 ) 212.654
2 (118 4 0 108 120 60 ) 3.43282
2 (32 4 0 108 101 20 ) 130.612
2 (32 5 0 108 101 20 ) 113.136
2 (118 4 0 108 120 60 ) 3.43282
2 (60 0 0 84 101 79 ) 81.3896
2 (60 0 0 204 101 79 ) 13.3999
2 (118 4 0 108 120 60 ) 3.43282
2 (20 4 0 84 250 79 ) 45.6564
2 (118 4 0 108 120 60 ) 3.43282
2 (60 5 0 84 215 60 ) 33.976
2 (118 4 0 108 120 60 ) 3.43282
2 (60 4 0 108 180 20 ) 52.1383
2 (60 4 0 108 180 20 ) 22.5637
2 (118 4 0 108 120 60 ) 3.43282
2 (60 4 0 84 215 20 ) 3411.5
2 (60 4 0 84 248 20 ) 1580.26
2 (118 4 0 108 120 60 ) 3.43282
2 (20 4 0 84 248 79 ) 4018.77
2 (20 4 0 84 20 79 ) 427.389
2 (118 4 0 108 120 60 ) 3.43282
2 (20 5 0 108 120 60 ) 96.576
2 (20 5 0 108 73 60 ) 8.97909
2 (118 4 0 108 120 60 ) 3.43282
2 (104 4 0 204 202 68 ) 35808.3
2 (104 4 0 204 202 68 ) 28884.6
2 (118 4 0 108 120 60 ) 3.43282
2 (60 4 0 84 101 60 ) 3418.04
2 (60 4 0 77 101 60 ) 47.9935
2 (118 4 0 108 120 60 ) 3.43282
2 (20 0 0 108 250 20 ) 7165.43
2 (120 0 0 108 250 20 ) 3608.64
2 (118 4 0 108 120 60 ) 3.43282
2 (60 5 0 108 250 68 ) 3616.9
2 (60 5 0 225 250 68 ) 3576.02
2 (118 4 0 108 120 60 ) 3.43282
2 (60 4 0 84 180 61 ) 32443.3
2 (60 4 0 84 164 61 ) 24076.6
2 (118 4 0 108 120 60 ) 3.43282
2 (60 5 0 177 120 20 ) 52.5902
2 (118 4 0 108 120 60 ) 3.43282
2 (32 4 0 84 120 61 ) 10.5538
2 (118 4 0 108 120 60 ) 3.43282
2 (104 0 0 204 180 68 ) 3678.51
2 (104 0 0 204 180 68 ) 54.5213
2 (118 4 0 108 120 60 ) 3.43282
2 (32 0 0 177 120 60 ) 22.0076
2 (118 4 0 108 120 60 ) 3.43282
2 (20 0 0 108 250 60 ) 16162.3
2 (20 0 0 108 16 60 ) 67.3633
2 (118 4 0 108 120 60 ) 3.43282
2 (20 4 0 108 202 46 ) 11329.4
2 (20 5 0 108 202 46 ) 240.971
2 (118 4 0 108 120 60 ) 3.43282
2 (86 4 0 84 120 68 ) 7.42703
2 (118 4 0 108 120 60 ) 3.43282
2 (32 4 0 108 120 20 ) 3987.3
2 (32 4 0 108 120 20 ) 2740.29
2 (118 4 0 108 120 60 ) 3.43282
2 (60 5 1 84 101 60 ) 7.04044
2 (118 4 0 108 120 60 ) 3.43282
2 (60 4 0 108 215 60 ) 34120.1
2 (60 4 0 89 215 60 ) 35.0959
2 (118 4 0 108 120 60 ) 3.43282
2 (60 4 0 84 180 46 ) 3522.22
2 (60 4 0 84 165 46 ) 79.7759
2 (118 4 0 108 120 60 ) 3.43282
2 (104 4 0 84 250 60 ) 12.6212
2 (118 4 0 108 120 60 ) 3.43282
2 (86 4 0 84 101 46 ) 3826.07
2 (123 4 0 84 101 46 ) 3322.39
2 (118 4 0 108 120 60 ) 3.43282
2 (60 0 1 108 250 68 ) 4721.69
2 (60 0 1 38 250 68 ) 103.002
2 (118 4 0 108 120 60 ) 3.43282
2 (118 5 1 84 202 20 ) 174156
2 (108 5 1 84 202 20 ) 99.2504
2 (118 4 0 108 120 60 ) 3.43282
2 (77 4 0 84 19 20 ) 8809.38
2 (77 4 0 84 185 20 ) 403.254
2 (118 4 0 108 120 60 ) 3.43282
2 (60 4 0 108 180 20 ) 373.467
2 (60 4 0 108 180 69 ) 60.3018
2 (118 4 0 108 120 60 ) 3.43282
2 (60 4 0 108 120 60 ) 31246
2 (60 4 0 88 120 60 ) 296.441
2 (118 4 0 108 120 60 ) 3.43282
2 (104 4 0 84 73 68 ) 1041.61
2 (104 4 0 84 73 64 ) 437.952
2 (118 4 0 108 120 60 ) 3.43282
2 (118 4 0 108 101 60 ) 47.9368
2 (135 4 0 108 101 60 ) 15.0602
2 (118 4 0 108 120 60 ) 3.43282
2 (104 5 0 84 120 20 ) 6.69286e+06
2 (104 5 0 84 170 20 ) 9485.34
2 (118 4 0 108 120 60 ) 3.43282
2 (104 1 0 108 170 61 ) 57.0324
2 (118 4 0 108 120 60 ) 3.43282
2 (77 4 0 84 120 60 ) 3573.13
2 (112 4 0 84 120 60 ) 30.703
2 (118 4 0 108 120 60 ) 3.43282
2 (104 0 0 84 180 68 ) 3841.43
2 (104 0 0 84 14 68 ) 49.2048
2 (118 4 0 108 120 60 ) 3.43282
2 (32 4 0 108 101 68 ) 3429.81
2 (32 4 0 185 101 68 ) 45.5054
2 (118 4 0 108 120 60 ) 3.43282
2 (32 4 0 84 250 61 ) 55.5048
2 (32 4 0 84 250 61 ) 45.5604
2 (118 4 0 108 120 60 ) 3.43282
2 (32 4 0 84 215 68 ) 54653
2 (32 4 0 84 215 55 ) 80.7598
2 (118 4 0 108 120 60 ) 3.43282
2 (20 4 1 108 180 68 ) 4102.91
2 (20 4 2 108 180 68 ) 124.7
2 (118 4 0 108 120 60 ) 3.43282
2 (20 0 1 108 120 20 ) 4875.1
2 (20 3 1 108 120 20 ) 75.9295
2 (118 4 0 108 120 60 ) 3.43282
2 (32 5 0 84 215 61 ) 21904.4
2 (68 5 0 84 215 61 ) 5481.77
2 (118 4 0 108 120 60 ) 3.43282
2 (20 4 0 108 215 68 ) 3506.23
2 (20 4 1 108 215 68 ) 293.478
2 (118 4 0 108 120 60 ) 3.43282
2 (60 0 0 108 73 61 ) 32953
2 (60 0 0 108 73 37 ) 99.2022
2 (118 4 0 108 120 60 ) 3.43282
2 (118 0 1 108 202 20 ) 993.791
2 (118 0 1 138 202 20 ) 24.1938
2 (118 4 0 108 120 60 ) 3.43282
2 (86 4 0 108 180 60 ) 30.3872
2 (118 4 0 108 120 60 ) 3.43282
2 (20 5 0 84 101 68 ) 74.0015
2 (20 1 0 84 101 68 ) 37.7716
2 (118 4 0 108 120 60 ) 3.43282
2 (20 4 0 108 120 60 ) 34037.2
2 (20 4 0 69 120 60 ) 3661.66
2 (118 4 0 108 120 60 ) 3.43282
2 (77 4 0 108 180 60 ) 34782.5
2 (77 6 0 108 180 60 ) 3766.99
2 (118 4 0 108 120 60 ) 3.43282
2 (77 4 0 84 202 60 ) 3354.76
2 (77 4 0 84 154 60 ) 47.8828
2 (118 4 0 108 120 60 ) 3.43282
2 (20 4 0 84 101 61 ) 660.208
2 (20 1 0 84 101 61 ) 100.601
2 (118 4 0 108 120 60 ) 3.43282
2 (60 4 0 108 101 60 ) 35017.5
2 (60 4 2 108 101 60 ) 253.607
2 (118 4 0 108 120 60 ) 3.43282
2 (60 4 0 84 120 68 ) 5512.96
2 (43 4 0 84 120 68 ) 5.03324
2 (118 4 0 108 120 60 ) 3.43282
2 (60 4 1 84 120 60 ) 4178.86
2 (60 4 1 84 120 60 ) 144.125
2 (118 4 0 108 120 60 ) 3.43282
2 (104 5 0 84 120 68 ) 6852.57
2 (104 5 0 115 120 68 ) 3611.44
2 (118 4 0 108 120 60 ) 3.43282
2 (118 4 0 84 101 61 ) 3823.42
2 (118 4 0 84 141 61 ) 3553.96
2 (118 4 0 108 120 60 ) 3.43282
2 (104 4 0 84 101 68 ) 322.958
2 (104 4 0 84 16 68 ) 111.793
2 (118 4 0 108 120 60 ) 3.43282
2 (60 4 0 84 19 68 ) 177646
2 (60 4 0 101 19 68 ) 1095.18
2 (118 4 0 108 120 60 ) 3.43282
2 (32 5 0 84 120 61 ) 3330.48
2 (32 5 0 209 120 61 ) 143.639
2 (118 4 0 108 120 60 ) 3.43282
2 (20 4 1 108 19 20 ) 217204
2 (20 4 1 108 154 20 ) 559.993
2 (118 4 0 108 120 60 ) 3.43282
2 (118 4 0 177 154 20 ) 3375.82
2 (118 4 0 177 193 20 ) 250.732
2 (118 4 0 108 120 60 ) 3.43282
2 (32 1 0 84 101 61 ) 6743.05
2 (30 1 0 84 101 61 ) 17.3039
2 (118 4 0 108 120 60 ) 3.43282
2 (43 1 1 84 215 68 ) 920.13
2 (151 1 1 84 215 68 ) 91.8065
2 (118 4 0 108 120 60 ) 3.43282
2 (43 4 0 108 250 68 ) 4.30324
3 (158 6 2 216 48 64 ) 23.9277
3 (14 0 2 48 12 16 ) 15.5029
3 (14 0 2 48 12 16 ) 15.5029
3 (104 2 1 84 12 64 ) 8570.68
3 (104 2 1 197 12 64 ) 103.414
3 (14 0 2 48 12 16 ) 15.5029
3 (14 3 1 250 132 16 ) 199.727
3 (14 3 1 250 132 16 ) 110.66
3 (14 0 2 48 12 16 ) 15.5029
3 (149 4 0 168 48 16 ) 8.85531e+08
3 (162 4 0 168 48 16 ) 2147.24
3 (14 0 2 48 12 16 ) 15.5029
3 (86 0 0 250 12 44 ) 402.636
3 (86 1 0 250 12 44 ) 180.523
3 (14 0 2 48 12 16 ) 15.5029
3 (149 0 1 250 48 44 ) 1.1583e+08
3 (58 0 1 250 48 44 ) 4448.05
3 (14 0 2 48 12 16 ) 15.5029
3 (32 1 1 192 204 48 ) 1167.58
3 (32 1 2 192 204 48 ) 391.432
3 (14 0 2 48 12 16 ) 15.5029
3 (14 1 0 144 108 44 ) 119.032
3 (54 1 0 144 108 44 ) 55.6152
3 (14 0 2 48 12 16 ) 15.5029
3 (14 0 1 250 48 48 ) 4486.75
3 (14 0 1 250 48 49 ) 731.051
3 (14 0 2 48 12 16 ) 15.5029
3 (14 3 1 108 108 12 ) 198.582
3 (97 3 1 108 108 12 ) 62.7271
3 (14 0 2 48 12 16 ) 15.5029
3 (59 1 0 108 108 44 ) 3037.85
3 (59 1 0 108 193 44 ) 55.4746
3 (14 0 2 48 12 16 ) 15.5029
3 (140 3 1 192 48 64 ) 5.10896e+06
3 (140 3 1 192 48 64 ) 35636
3 (14 0 2 48 12 16 ) 15.5029
3 (14 0 0 192 193 64 ) 3618.08
3 (14 2 0 192 193 64 ) 383.051
3 (14 0 2 48 12 16 ) 15.5029
3 (140 1 0 156 193 12 ) 289152
3 (140 1 0 156 99 12 ) 166933
3 (14 0 2 48 12 16 ) 15.5029
3 (14 1 2 216 132 44 ) 4300.27
3 (14 1 2 185 132 44 ) 1113.92
3 (14 0 2 48 12 16 ) 15.5029
3 (14 6 1 144 0 12 ) 8938.12
3 (14 6 1 70 0 12 ) 218.231
3 (14 0 2 48 12 16 ) 15.5029
3 (50 1 2 144 60 16 ) 3.06593e+08
3 (50 6 2 144 60 16 ) 255696
3 (14 0 2 48 12 16 ) 15.5029
3 (14 3 0 108 48 44 ) 657682
3 (14 3 0 71 48 44 ) 236.642
3 (14 0 2 48 12 16 ) 15.5029
3 (14 2 0 197 156 16 ) 3494.82
3 (48 2 0 197 156 16 ) 163.371
3 (14 0 2 48 12 16 ) 15.5029
3 (14 1 1 71 193 48 ) 472579
3 (14 1 1 71 104 48 ) 250302
3 (14 0 2 48 12 16 ) 15.5029
3 (14 1 1 84 108 52 ) 4297.08
3 (162 1 1 84 108 52 ) 4222.99
3 (14 0 2 48 12 16 ) 15.5029
3 (50 0 0 168 60 44 ) 3473.24
3 (50 0 0 122 60 44 ) 297.765
3 (14 0 2 48 12 16 ) 15.5029
3 (97 2 1 197 48 12 ) 6.79989e+08
3 (97 2 1 197 48 31 ) 206.232
3 (14 0 2 48 12 16 ) 15.5029
3 (14 2 1 197 132 16 ) 4455.42
3 (14 2 1 197 28 16 ) 4070.42
3 (14 0 2 48 12 16 ) 15.5029
3 (97 1 2 197 132 12 ) 1.42777e+09
3 (97 1 2 57 132 12 ) 6209.89
3 (14 0 2 48 12 16 ) 15.5029
3 (104 0 0 144 84 48 ) 119.392
3 (104 0 0 229 84 48 ) 118.527
3 (14 0 2 48 12 16 ) 15.5029
3 (14 0 0 108 132 48 ) 7116.11
3 (14 4 0 108 132 48 ) 7017.43
3 (14 0 2 48 12 16 ) 15.5029
3 (59 0 1 108 12 64 ) 364.288
3 (94 0 1 108 12 64 ) 18.2617
3 (14 0 2 48 12 16 ) 15.5029
3 (149 3 2 229 108 44 ) 1.21832e+09
3 (149 3 0 229 108 44 ) 428.399
3 (14 0 2 48 12 16 ) 15.5029
3 (59 3 0 144 48 72 ) 6.35417e+06
3 (136 3 0 144 48 72 ) 224.704
3 (14 0 2 48 12 16 ) 15.5029
3 (54 0 0 108 108 16 ) 106.498
3 (160 0 0 108 108 16 ) 54.02
3 (14 0 2 48 12 16 ) 15.5029
3 (94 1 0 108 132 24 ) 3403.05
3 (94 1 0 108 132 24 ) 25.2802
3 (14 0 2 48 12 16 ) 15.5029
3 (97 2 1 144 48 64 ) 2144.63
3 (6 2 1 144 48 64 ) 9.80063
3 (6 2 1 144 48 64 ) 9.80063
3 (14 1 0 144 108 64 ) 50.5137
3 (14 1 0 144 108 60 ) 50.2503
3 (6 2 1 144 48 64 ) 9.80063
3 (94 2 1 168 0 12 ) 1289.68
3 (94 2 1 168 0 52 ) 109.158
3 (6 2 1 144 48 64 ) 9.80063
3 (14 1 0 144 108 64 ) 79.5107
3 (14 1 0 144 108 59 ) 66.4948
3 (6 2 1 144 48 64 ) 9.80063
3 (6 3 0 144 108 64 ) 69.3307
3 (6 3 0 144 108 64 ) 55.4712
3 (6 2 1 144 48 64 ) 9.80063
3 (14 0 0 216 108 16 ) 7157.3
3 (14 4 0 216 108 16 ) 171.063
3 (6 2 1 144 48 64 ) 9.80063
3 (158 3 2 144 108 64 ) 1.1478e+06
3 (158 3 2 144 108 56 ) 4696.31
3 (6 2 1 144 48 64 ) 9.80063
3 (94 0 0 144 108 60 ) 261.731
3 (94 0 0 144 108 49 ) 21.6675
3 (6 2 1 144 48 64 ) 9.80063
3 (59 6 0 144 12 12 ) 9368.63
3 (59 6 0 144 54 12 ) 8531.58
3 (6 2 1 144 48 64 ) 9.80063
3 (14 0 0 144 108 64 ) 97.4585
3 (14 0 0 190 108 64 ) 11.4576
3 (6 2 1 144 48 64 ) 9.80063
3 (94 0 0 144 132 59 ) 9.82644
3 (6 2 1 144 48 64 ) 9.80063
3 (14 1 1 144 48 16 ) 142.126
3 (14 1 1 144 104 16 ) 11.5432
3 (6 2 1 144 48 64 ) 9.80063
3 (59 3 0 144 132 60 ) 3694.77
3 (59 3 0 100 132 60 ) 79.8922
3 (6 2 1 144 48 64 ) 9.80063
3 (54 0 2 144 132 64 ) 117.242
3 (54 0 2 163 132 64 ) 29.3844
3 (6 2 1 144 48 64 ) 9.80063
3 (94 0 0 144 108 44 ) 26288
3 (94 0 0 144 108 44 ) 132.989
3 (6 2 1 144 48 64 ) 9.80063
3 (14 6 2 144 108 64 ) 28482.6
3 (14 6 2 134 108 64 ) 5334.18
3 (6 2 1 144 48 64 ) 9.80063
3 (160 3 0 163 108 16 ) 2.28742e+12
3 (160 3 2 163 108 16 ) 2.09797e+08
3 (6 2 1 144 48 64 ) 9.80063
3 (6 2 0 163 108 64 ) 3865.9
3 (6 2 0 163 108 81 ) 567.105
3 (6 2 1 144 48 64 ) 9.80063
3 (14 6 2 108 12 60 ) 4803.48
3 (14 6 2 108 12 3 ) 133.27
3 (6 2 1 144 48 64 ) 9.80063
3 (14 1 2 144 108 64 ) 60.7305
3 (6 2 1 144 48 64 ) 9.80063
3 (14 3 1 108 12 59 ) 45308.8
3 (14 4 1 108 12 59 ) 123.519
3 (6 2 1 144 48 64 ) 9.80063
3 (14 1 1 144 108 64 ) 8095.92
3 (14 1 2 144 108 64 ) 99.3992
3 (6 2 1 144 48 64 ) 9.80063
3 (54 0 2 144 108 16 ) 4500.66
3 (54 0 2 218 108 16 ) 68.4958
3 (6 2 1 144 48 64 ) 9.80063
3 (97 0 0 144 48 24 ) 266049
3 (55 0 0 144 48 24 ) 3815.23
3 (6 2 1 144 48 64 ) 9.80063
3 (6 0 0 216 193 16 ) 21.9673
3 (6 2 1 144 48 64 ) 9.80063
3 (97 1 0 163 108 49 ) 3674.28
3 (97 1 0 163 168 49 ) 103.603
3 (6 2 1 144 48 64 ) 9.80063
3 (14 0 0 190 108 49 ) 8.58651
3 (14 0 0 190 108 49 ) 8.58651
3 (14 0 2 48 48 64 ) 274203
3 (100 0 2 48 48 64 ) 4659.62
3 (14 0 0 190 108 49 ) 8.58651
3 (14 0 0 144 108 60 ) 52.809
3 (14 0 0 144 171 60 ) 20.6023
3 (14 0 0 190 108 49 ) 8.58651
3 (94 0 2 190 193 49 ) 36462.1
3 (74 0 2 190 193 49 ) 182.521
3 (14 0 0 190 108 49 ) 8.58651
3 (6 1 0 190 108 64 ) 40578.3
3 (6 6 0 190 108 64 ) 6728.95
3 (14 0 0 190 108 49 ) 8.58651
3 (94 1 1 144 108 16 ) 237121
3 (94 1 1 144 108 16 ) 4024.08
3 (14 0 0 190 108 49 ) 8.58651
3 (158 3 0 144 193 64 ) 4041.94
3 (158 3 0 144 193 64 ) 3889.05
3 (14 0 0 190 108 49 ) 8.58651
3 (14 3 1 216 108 49 ) 50365.1
3 (14 3 1 39 108 49 ) 150.564
3 (14 0 0 190 108 49 ) 8.58651
3 (14 0 2 144 108 64 ) 178.922
3 (14 6 2 144 108 64 ) 119.611
3 (14 0 0 190 108 49 ) 8.58651
3 (14 0 0 216 132 64 ) 34.4456
3 (14 0 0 29 132 64 ) 17.6377
3 (14 0 0 190 108 49 ) 8.58651
3 (6 2 0 190 132 16 ) 135.21
3 (6 4 0 190 132 16 ) 14.8956
3 (14 0 0 190 108 49 ) 8.58651
3 (158 0 1 108 12 64 ) 6437.19
3 (158 0 0 108 12 64 ) 63.5659
3 (14 0 0 190 108 49 ) 8.58651
3 (158 0 2 48 48 16 ) 4852.41
3 (158 0 2 68 48 16 ) 4789.9
3 (14 0 0 190 108 49 ) 8.58651
3 (14 0 1 190 108 16 ) 4660.7
3 (14 0 0 190 108 49 ) 8.58651
3 (6 0 2 108 104 64 ) 294.95
3 (150 0 2 108 104 64 ) 20.9768
3 (14 0 0 190 108 49 ) 8.58651
3 (94 0 0 144 171 64 ) 141612
3 (94 0 0 144 171 53 ) 339.957
3 (14 0 0 190 108 49 ) 8.58651
3 (14 0 1 144 171 49 ) 3686.03
3 (14 0 1 144 171 49 ) 714.669
3 (14 0 0 190 108 49 ) 8.58651
3 (150 4 1 190 132 49 ) 2.62332e+07
3 (150 4 1 179 132 49 ) 4346.23
3 (14 0 0 190 108 49 ) 8.58651
3 (150 0 1 190 132 16 ) 326027
3 (150 0 1 190 132 53 ) 4404.96
3 (14 0 0 190 108 49 ) 8.58651
3 (150 2 2 190 132 24 ) 2.05753e+09
3 (150 2 2 151 132 24 ) 4192.56
3 (14 0 0 190 108 49 ) 8.58651
3 (94 0 2 108 108 60 ) 1.58619e+07
3 (38 0 2 108 108 60 ) 272.488
3 (14 0 0 190 108 49 ) 8.58651
3 (94 6 0 216 108 49 ) 246146
3 (94 6 0 216 95 49 ) 11010.2
3 (14 0 0 190 108 49 ) 8.58651
3 (94 0 0 190 132 16 ) 59.6083
3 (14 0 0 190 108 49 ) 8.58651
3 (14 0 0 108 193 16 ) 156.192
3 (14 0 0 108 193 35 ) 131.691
3 (14 0 0 190 108 49 ) 8.58651
3 (94 0 0 108 132 59 ) 26888.6
3 (94 0 1 108 132 59 ) 283.622
3 (14 0 0 190 108 49 ) 8.58651
3 (54 0 0 144 132 59 ) 138.606
3 (54 1 0 144 132 59 ) 59.6223
3 (14 0 0 190 108 49 ) 8.58651
3 (94 1 2 108 12 64 ) 223.248
3 (94 1 2 108 12 90 ) 121.026
3 (14 0 0 190 108 49 ) 8.58651
3 (94 0 2 144 108 90 ) 3455.17
3 (94 0 2 174 108 90 ) 979.214
3 (14 0 0 190 108 49 ) 8.58651
3 (54 0 2 144 132 59 ) 249305
3 (54 0 2 144 232 59 ) 7996.56
3 (14 0 0 190 108 49 ) 8.58651
3 (14 1 0 144 48 24 ) 75.1179
3 (14 1 0 144 48 53 ) 13.0379
3 (14 0 0 190 108 49 ) 8.58651
3 (14 0 2 108 48 64 ) 86.5139
3 (14 5 2 108 48 64 ) 7.20767
3 (14 5 2 108 48 64 ) 7.20767
3 (6 0 1 190 108 64 ) 100.512
3 (6 0 1 190 108 64 ) 26.5084
3 (14 5 2 108 48 64 ) 7.20767
3 (14 0 1 29 171 64 ) 4566.4
3 (14 0 1 29 205 64 ) 145.362
3 (14 5 2 108 48 64 ) 7.20767
3 (14 0 2 190 48 64 ) 109.385
3 (14 0 2 85 48 64 ) 92.0834
3 (14 5 2 108 48 64 ) 7.20767
3 (94 1 1 144 132 53 ) 430079
3 (94 1 1 144 209 53 ) 332145
3 (14 5 2 108 48 64 ) 7.20767
3 (6 0 0 144 108 59 ) 32912
3 (6 1 0 144 108 59 ) 24624.7
3 (14 5 2 108 48 64 ) 7.20767
3 (14 0 0 190 108 16 ) 4589.48
3 (158 0 0 190 108 16 ) 3495.99
3 (14 5 2 108 48 64 ) 7.20767
3 (14 6 2 108 48 49 ) 6.20223e+13
3 (14 6 2 108 48 81 ) 1.46492e+10
3 (14 5 2 108 48 64 ) 7.20767
3 (94 1 2 216 48 64 ) 160.103
3 (14 5 2 108 48 64 ) 7.20767
3 (6 0 0 144 108 64 ) 52.9776
3 (6 0 1 144 108 64 ) 15.3166
3 (14 5 2 108 48 64 ) 7.20767
3 (94 0 2 29 12 64 ) 2.65217e+09
3 (94 0 2 29 57 64 ) 699.223
3 (14 5 2 108 48 64 ) 7.20767
3 (158 0 2 144 104 24 ) 8.06497e+09
3 (158 0 2 144 184 24 ) 2027.27
3 (14 5 2 108 48 64 ) 7.20767
3 (150 0 0 144 108 60 ) 5434.03
3 (150 0 0 144 234 60 ) 1364.89
3 (14 5 2 108 48 64 ) 7.20767
3 (6 1 2 108 48 64 ) 364.378
3 (6 1 2 222 48 64 ) 76.3454
3 (14 5 2 108 48 64 ) 7.20767
3 (14 0 2 144 132 60 ) 299.048
3 (14 1 2 144 132 60 ) 79.9557
3 (14 5 2 108 48 64 ) 7.20767
3 (14 0 2 108 12 64 ) 256.652
3 (14 0 2 87 12 64 ) 194.153
3 (14 5 2 108 48 64 ) 7.20767
3 (14 5 2 190 104 16 ) 259.342
3 (14 5 2 190 223 16 ) 20.7132
3 (14 5 2 108 48 64 ) 7.20767
3 (14 0 0 29 48 16 ) 92.9082
3 (14 5 2 108 48 64 ) 7.20767
3 (14 1 0 29 48 16 ) 8.70136e+12
3 (14 1 0 95 48 16 ) 5056.96
3 (14 5 2 108 48 64 ) 7.20767
3 (94 0 1 190 171 59 ) 100.144
3 (94 0 1 190 171 78 ) 89.5257
3 (14 5 2 108 48 64 ) 7.20767
3 (150 0 1 144 104 16 ) 222.93
3 (14 5 2 108 48 64 ) 7.20767
3 (94 4 1 144 48 60 ) 227080
3 (94 4 1 144 48 63 ) 127.652
3 (14 5 2 108 48 64 ) 7.20767
3 (150 0 1 144 108 16 ) 8724.01
3 (150 6 1 144 108 16 ) 4119.5
3 (14 5 2 108 48 64 ) 7.20767
3 (14 5 0 108 108 16 ) 72.4458
3 (170 5 0 108 108 16 ) 50.6618
3 (14 5 2 108 48 64 ) 7.20767
3 (14 0 2 190 108 16 ) 794.613
3 (16 0 2 190 108 16 ) 261.271
3 (14 5 2 108 48 64 ) 7.20767
3 (6 0 1 29 223 64 ) 18.0386
3 (6 0 1 29 223 64 ) 15.4574
3 (14 5 2 108 48 64 ) 7.20767
3 (14 0 0 29 108 59 ) 3305.34
3 (14 0 0 29 217 59 ) 431.033
3 (14 5 2 108 48 64 ) 7.20767
3 (14 0 2 190 171 59 ) 25190.6
3 (14 0 2 65 171 59 ) 171.98
3 (14 5 2 108 48 64 ) 7.20767
3 (94 0 2 190 48 49 ) 4694.27
3 (94 0 2 128 48 49 ) 638.012
3 (14 5 2 108 48 64 ) 7.20767
3 (94 0 2 144 104 64 ) 4.78734e+06
3 (94 0 2 144 104 30 ) 162.732
3 (14 5 2 108 48 64 ) 7.20767
3 (14 0 1 144 108 16 ) 1564.95
3 (96 0 1 144 108 16 ) 342.205
3 (14 5 2 108 48 64 ) 7.20767
3 (6 0 0 144 223 49 ) 9528.38
3 (6 3 0 144 223 49 ) 3924.81
3 (14 5 2 108 48 64 ) 7.20767
3 (94 0 0 144 48 64 ) 208231
3 (94 0 2 144 48 64 ) 110.384
3 (14 5 2 108 48 64 ) 7.20767
3 (14 0 2 144 108 16 ) 1574.85
3 (14 0 2 144 100 16 ) 261.372
3 (14 5 2 108 48 64 ) 7.20767
3 (94 5 0 190 12 16 ) 3.43946e+08
3 (94 5 0 190 12 75 ) 540752
3 (14 5 2 108 48 64 ) 7.20767
3 (14 0 0 144 132 64 ) 15.9454
3 (14 0 0 98 132 64 ) 12.599
3 (14 5 2 108 48 64 ) 7.20767
3 (14 0 0 29 132 49 ) 3661.57
3 (14 0 2 29 132 49 ) 1111.32
3 (14 5 2 108 48 64 ) 7.20767
3 (14 0 0 190 12 64 ) 225727
3 (14 0 0 190 12 34 ) 4534.42
3 (14 5 2 108 48 64 ) 7.20767
3 (14 0 0 190 108 59 ) 21140.8
3 (14 0 0 96 108 59 ) 3590.09
3 (14 5 2 108 48 64 ) 7.20767
3 (14 0 0 96 223 59 ) 20384.6
3 (14 0 0 96 127 59 ) 170.63
3 (14 5 2 108 48 64 ) 7.20767
3 (14 0 1 96 48 64 ) 16.7991
3 (14 5 2 108 48 64 ) 7.20767
3 (94 0 1 29 132 60 ) 4.17736e+07
3 (162 0 1 29 132 60 ) 24.783
3 (14 5 2 108 48 64 ) 7.20767
3 (14 0 0 144 132 64 ) 219.594
3 (14 0 0 144 132 73 ) 27.4291
3 (14 5 2 108 48 64 ) 7.20767
3 (14 0 0 98 108 53 ) 17532.3
3 (14 0 1 98 108 53 ) 1571.8
3 (14 5 2 108 48 64 ) 7.20767
3 (14 1 1 190 48 53 ) 4391.14
3 (135 1 1 190 48 53 ) 2300.43
3 (14 5 2 108 48 64 ) 7.20767
3 (14 0 1 144 132 16 ) 5917.48
3 (14 0 1 114 132 16 ) 250.637
3 (14 5 2 108 48 64 ) 7.20767
3 (14 0 0 108 48 64 ) 458.008
3 (14 0 0 108 48 37 ) 176.923
3 (14 5 2 108 48 64 ) 7.20767
3 (94 0 1 144 108 59 ) 331.704
3 (14 5 2 108 48 64 ) 7.20767
3 (14 0 0 98 48 64 ) 93.5914
3 (14 5 2 108 48 64 ) 7.20767
3 (14 0 0 190 48 16 ) 65.5465
3 (14 5 2 108 48 64 ) 7.20767
3 (14 5 2 144 48 60 ) 4206.23
3 (185 5 2 144 48 60 ) 819.313
3 (14 5 2 108 48 64 ) 7.20767
3 (14 0 2 108 12 64 ) 269904
3 (14 0 2 108 12 87 ) 102.49
3 (14 5 2 108 48 64 ) 7.20767
3 (6 0 0 144 108 64 ) 105.551
3 (6 5 0 144 108 64 ) 19.3938
3 (14 5 2 108 48 64 ) 7.20767
3 (6 0 0 29 171 64 ) 44675.6
3 (152 0 0 29 171 64 ) 10065.8
3 (14 5 2 108 48 64 ) 7.20767
3 (6 0 0 108 132 64 ) 3844.7
3 (6 3 0 108 132 64 ) 250.518
3 (14 5 2 108 48 64 ) 7.20767
3 (14 5 1 144 132 64 ) 4318.45
3 (14 4 1 144 132 64 ) 79.4279
3 (14 5 2 108 48 64 ) 7.20767
3 (14 5 0 144 108 64 ) 24971.9
3 (14 5 0 145 108 64 ) 3407.81
3 (14 5 2 108 48 64 ) 7.20767
3 (14 5 1 29 48 59 ) 147.622
3 (14 5 1 180 48 59 ) 71.5604
3 (14 5 2 108 48 64 ) 7.20767
3 (14 0 1 29 12 59 ) 335.476
3 (14 6 1 29 12 59 ) 201.237
3 (14 5 2 108 48 64 ) 7.20767
3 (14 0 0 29 108 16 ) 12969
3 (14 0 0 29 108 16 ) 392.591
3 (14 5 2 108 48 64 ) 7.20767
3 (14 0 1 144 108 64 ) 81.9222
3 (145 0 1 144 108 64 ) 63.972
3 (14 5 2 108 48 64 ) 7.20767
3 (14 1 1 144 48 59 ) 4856.93
3 (14 1 1 144 16 59 ) 222.45
3 (14 5 2 108 48 64 ) 7.20767
3 (14 2 1 144 48 53 ) 863.511
3 (14 2 1 144 145 53 ) 813.425
3 (14 5 2 108 48 64 ) 7.20767
3 (14 4 0 144 132 16 ) 89.1878
3 (115 4 0 144 132 16 ) 84.7066
3 (14 5 2 108 48 64 ) 7.20767
3 (14 0 0 190 132 64 ) 225.083
3 (14 0 0 190 95 64 ) 91.3904
3 (14 5 2 108 48 64 ) 7.20767
3 (14 0 0 29 108 49 ) 94.4753
3 (14 5 2 108 48 64 ) 7.20767
3 (14 0 0 144 108 64 ) 3586.08
3 (14 0 0 144 108 64 ) 112.401
3 (14 5 2 108 48 64 ) 7.20767
3 (6 0 0 144 108 64 ) 20624.4
3 (6 0 0 144 108 64 ) 3541.59
3 (14 5 2 108 48 64 ) 7.20767
3 (6 0 0 144 108 64 ) 11.5713
3 (14 5 2 108 48 64 ) 7.20767
3 (14 0 1 190 132 16 ) 545.692
3 (14 0 1 190 132 35 ) 10.4982
3 (14 5 2 108 48 64 ) 7.20767
3 (14 0 0 144 108 16 ) 3705.68
3 (14 0 0 144 186 16 ) 196.78
3 (14 5 2 108 48 64 ) 7.20767
3 (14 0 1 144 132 64 ) 91.7546
3 (14 0 1 144 132 84 ) 12.8203
3 (14 5 2 108 48 64 ) 7.20767
3 (6 2 0 48 223 64 ) 246.974
3 (6 2 1 48 223 64 ) 25.9892
3 (14 5 2 108 48 64 ) 7.20767
3 (94 0 0 144 132 49 ) 24116.1
3 (94 0 0 144 196 49 ) 84.0832
3 (14 5 2 108 48 64 ) 7.20767
3 (14 0 0 190 108 64 ) 61.2412
3 (199 0 0 190 108 64 ) 33.3426
3 (14 5 2 108 48 64 ) 7.20767
3 (14 0 0 98 223 64 ) 13.9161
3 (105 0 0 98 223 64 ) 7.09654
3 (105 0 0 98 223 64 ) 7.09654
3 (6 1 1 144 132 53 ) 4375.45
3 (6 1 1 144 132 78 ) 67.8719
3 (105 0 0 98 223 64 ) 7.09654
3 (6 0 0 190 223 49 ) 3700.65
3 (6 0 0 165 223 49 ) 146.374
3 (105 0 0 98 223 64 ) 7.09654
3 (14 0 0 144 132 64 ) 3811.59
3 (14 0 0 207 132 64 ) 116.011
3 (105 0 0 98 223 64 ) 7.09654
3 (14 0 1 190 132 64 ) 12303.8
3 (14 0 2 190 132 64 ) 134.875
3 (105 0 0 98 223 64 ) 7.09654
3 (6 2 0 190 108 64 ) 372.709
3 (123 2 0 190 108 64 ) 128.102
3 (105 0 0 98 223 64 ) 7.09654
3 (14 0 1 144 108 64 ) 20.604
3 (28 0 1 144 108 64 ) 11.6037
3 (105 0 0 98 223 64 ) 7.09654
3 (6 0 2 144 104 59 ) 105.61
3 (6 0 2 144 107 59 ) 99.288
3 (105 0 0 98 223 64 ) 7.09654
3 (14 0 0 144 223 64 ) 8.77745
3 (105 0 0 98 223 64 ) 7.09654
3 (105 0 0 190 223 64 ) 6740.88
3 (105 0 0 8 223 64 ) 123.114
3 (105 0 0 98 223 64 ) 7.09654
3 (14 0 0 144 132 35 ) 14358.6
3 (84 0 0 144 132 35 ) 718.983
3 (105 0 0 98 223 64 ) 7.09654
3 (84 0 0 190 104 49 ) 265.407
3 (84 0 0 190 104 49 ) 214.855
3 (105 0 0 98 223 64 ) 7.09654
3 (28 0 0 108 132 64 ) 3679.18
3 (28 1 0 108 132 64 ) 21.8658
3 (105 0 0 98 223 64 ) 7.09654
3 (14 1 1 190 48 53 ) 8294.83
3 (14 1 1 59 48 53 ) 73.3463
3 (105 0 0 98 223 64 ) 7.09654
3 (14 0 0 144 132 64 ) 3698.61
3 (14 0 0 144 132 84 ) 618.263
3 (105 0 0 98 223 64 ) 7.09654
3 (14 0 1 144 223 64 ) 25223.1
3 (14 0 2 144 223 64 ) 15056.2
3 (105 0 0 98 223 64 ) 7.09654
3 (6 0 0 98 104 64 ) 68292.4
3 (6 0 0 98 104 38 ) 3661.87
3 (105 0 0 98 223 64 ) 7.09654
3 (6 0 1 144 108 64 ) 21240.5
3 (6 0 1 144 108 64 ) 4432.83
3 (105 0 0 98 223 64 ) 7.09654
3 (94 4 0 108 108 59 ) 3353.55
3 (94 4 0 225 108 59 ) 337.636
3 (105 0 0 98 223 64 ) 7.09654
3 (14 4 1 225 108 53 ) 206.875
3 (14 4 1 95 108 53 ) 143.993
3 (105 0 0 98 223 64 ) 7.09654
3 (14 0 2 144 108 64 ) 4783.04
3 (14 0 2 144 139 64 ) 4440.12
3 (105 0 0 98 223 64 ) 7.09654
3 (14 0 1 98 108 16 ) 5038.12
3 (14 0 2 98 108 16 ) 604.664
3 (105 0 0 98 223 64 ) 7.09654
3 (14 5 1 144 108 35 ) 1556.73
3 (14 5 1 144 108 46 ) 124.53
3 (105 0 0 98 223 64 ) 7.09654
3 (14 0 0 144 48 84 ) 435.312
3 (115 0 0 144 48 84 ) 54.3104
3 (105 0 0 98 223 64 ) 7.09654
3 (6 0 0 144 108 59 ) 72.0424
3 (6 0 0 144 38 59 ) 63.568
3 (105 0 0 98 223 64 ) 7.09654
3 (105 0 0 144 132 64 ) 3620.18
3 (105 0 0 179 132 64 ) 168.274
3 (105 0 0 98 223 64 ) 7.09654
3 (14 0 0 144 132 59 ) 22207.3
3 (14 0 1 144 132 59 ) 388.506
3 (105 0 0 98 223 64 ) 7.09654
3 (6 0 0 144 108 16 ) 221.285
3 (6 0 0 144 108 82 ) 17.9754
3 (105 0 0 98 223 64 ) 7.09654
3 (94 0 1 108 223 64 ) 9684.88
3 (94 0 1 108 223 20 ) 42.7655
3 (105 0 0 98 223 64 ) 7.09654
3 (6 0 0 190 108 84 ) 30201.9
3 (45 0 0 190 108 84 ) 7252.24
3 (105 0 0 98 223 64 ) 7.09654
3 (14 0 0 190 108 64 ) 3625.27
3 (14 0 0 190 17 64 ) 63.167
3 (105 0 0 98 223 64 ) 7.09654
3 (14 0 0 144 132 64 ) 2555.76
3 (14 0 2 144 132 64 ) 74.6555
3 (105 0 0 98 223 64 ) 7.09654
3 (94 0 0 144 108 16 ) 139.548
3 (94 6 0 144 108 16 ) 81.3687
3 (105 0 0 98 223 64 ) 7.09654
3 (105 0 0 190 132 64 ) 49.7099
3 (129 0 0 190 132 64 ) 16.2364
3 (105 0 0 98 223 64 ) 7.09654
3 (14 0 1 190 132 64 ) 262272
3 (14 0 1 190 108 64 ) 4303.85
3 (105 0 0 98 223 64 ) 7.09654
3 (6 5 0 190 223 64 ) 92.699
3 (105 0 0 98 223 64 ) 7.09654
3 (14 0 1 98 132 59 ) 4550.73
3 (14 0 1 90 132 59 ) 104.361
3 (105 0 0 98 223 64 ) 7.09654
3 (14 4 0 98 132 64 ) 79855.5
3 (89 4 0 98 132 64 ) 20.3047
3 (105 0 0 98 223 64 ) 7.09654
3 (6 0 0 190 223 16 ) 85.7909
3 (105 0 0 98 223 64 ) 7.09654
3 (14 0 0 144 223 84 ) 35.7671
3 (105 0 0 98 223 64 ) 7.09654
3 (14 0 1 144 132 49 ) 13.7774
3 (14 0 0 144 132 49 ) 11.1573
3 (105 0 0 98 223 64 ) 7.09654
3 (14 0 0 144 132 64 ) 29340.9
3 (6 0 0 144 132 64 ) 109.422
3 (105 0 0 98 223 64 ) 7.09654
3 (14 0 1 190 132 35 ) 1260.56
3 (14 0 1 190 237 35 ) 97.5193
3 (105 0 0 98 223 64 ) 7.09654
3 (14 0 0 144 132 64 ) 101.426
3 (72 0 0 144 132 64 ) 60.5999
3 (105 0 0 98 223 64 ) 7.09654
3 (14 0 1 190 108 49 ) 82911.5
3 (14 0 1 190 78 49 ) 9023.64
3 (105 0 0 98 223 64 ) 7.09654
3 (6 0 0 98 108 64 ) 60.3099
3 (59 0 0 98 108 64 ) 17.6428
3 (105 0 0 98 223 64 ) 7.09654
3 (14 0 1 144 132 49 ) 27.8627
3 (14 0 1 144 95 49 ) 7.1204
3 (105 0 0 98 223 64 ) 7.09654
3 (94 5 2 144 48 49 ) 8.13519e+07
3 (94 5 1 144 48 49 ) 6380.6
3 (105 0 0 98 223 64 ) 7.09654
3 (14 2 2 144 223 64 ) 18873.9
3 (14 2 1 144 223 64 ) 3791.67
3 (105 0 0 98 223 64 ) 7.09654
3 (14 0 1 190 108 64 ) 4872.47
3 (14 0 2 190 108 64 ) 79.1205
3 (105 0 0 98 223 64 ) 7.09654
3 (28 5 1 144 95 49 ) 3886.72
3 (149 5 1 144 95 49 ) 209.908
3 (105 0 0 98 223 64 ) 7.09654
3 (14 0 0 144 48 64 ) 9.30831
3 (105 0 0 98 223 64 ) 7.09654
3 (14 0 1 144 132 49 ) 5072.96
3 (14 0 1 83 132 49 ) 261.872
3 (105 0 0 98 223 64 ) 7.09654
3 (14 0 2 83 132 53 ) 19963.9
3 (14 0 2 113 132 53 ) 9008.52
3 (105 0 0 98 223 64 ) 7.09654
3 (14 0 1 144 108 49 ) 221317
3 (14 0 1 144 108 4 ) 2783.94
3 (105 0 0 98 223 64 ) 7.09654
3 (14 0 0 108 108 4 ) 49.0505
4 (44 3 2 25 130 24 ) 26.2436
4 (47 0 2 210 40 12 ) 2591.96
4 (47 0 2 210 40 34 ) 58.0029
4 (44 3 2 25 130 24 ) 26.2436
4 (101 0 0 120 175 12 ) 13.6024
4 (101 0 0 120 175 12 ) 13.6024
4 (140 0 0 215 65 27 ) 7823.6
4 (140 0 0 71 65 27 ) 349.065
4 (101 0 0 120 175 12 ) 13.6024
4 (44 2 0 45 60 21 ) 10980.4
4 (44 0 0 45 60 21 ) 47.0693
4 (101 0 0 120 175 12 ) 13.6024
4 (89 0 2 250 180 38 ) 2.2567e+08
4 (89 1 2 250 180 38 ) 179030
4 (101 0 0 120 175 12 ) 13.6024
4 (89 1 1 55 175 34 ) 1.24667e+09
4 (89 1 1 55 146 34 ) 98.2268
4 (101 0 0 120 175 12 ) 13.6024
4 (122 4 0 80 230 17 ) 6509.49
4 (122 5 0 80 230 17 ) 3480.57
4 (101 0 0 120 175 12 ) 13.6024
4 (140 0 0 100 95 17 ) 351444
4 (140 0 2 100 95 17 ) 4675.18
4 (101 0 0 120 175 12 ) 13.6024
4 (98 2 1 35 95 28 ) 259845
4 (98 2 1 60 95 28 ) 6835.8
4 (101 0 0 120 175 12 ) 13.6024
4 (143 5 0 45 40 27 ) 293311
4 (62 5 0 45 40 27 ) 80456.4
4 (101 0 0 120 175 12 ) 13.6024
4 (44 0 0 130 175 34 ) 256.774
4 (101 0 0 120 175 12 ) 13.6024
4 (32 1 1 75 10 21 ) 272.359
4 (32 1 1 75 10 87 ) 99.4521
4 (101 0 0 120 175 12 ) 13.6024
4 (44 0 1 80 95 24 ) 2.42037e+06
4 (44 0 1 80 93 24 ) 338943
4 (101 0 0 120 175 12 ) 13.6024
4 (122 1 1 80 195 41 ) 5.74017e+08
4 (122 1 1 186 195 41 ) 1903.29
4 (101 0 0 120 175 12 ) 13.6024
4 (71 1 1 60 60 18 ) 4466.58
4 (71 1 1 60 20 18 ) 238.231
4 (101 0 0 120 175 12 ) 13.6024
4 (71 1 1 80 55 1 ) 10763.3
4 (71 5 1 80 55 1 ) 4780.47
4 (101 0 0 120 175 12 ) 13.6024
4 (104 0 0 60 10 31 ) 2019.86
4 (112 0 0 60 10 31 ) 89.0619
4 (101 0 0 120 175 12 ) 13.6024
4 (140 0 0 60 65 31 ) 3866.82
4 (140 0 0 60 65 43 ) 58.8717
4 (101 0 0 120 175 12 ) 13.6024
4 (89 0 0 60 10 34 ) 210649
4 (89 0 0 60 10 86 ) 4303.43
4 (101 0 0 120 175 12 ) 13.6024
4 (140 0 1 240 10 19 ) 5.59627e+08
4 (140 0 1 144 10 19 ) 377.675
4 (101 0 0 120 175 12 ) 13.6024
4 (140 2 0 35 10 19 ) 9.40546e+14
4 (140 2 0 114 10 19 ) 6.94322e+09
4 (101 0 0 120 175 12 ) 13.6024
4 (71 5 0 40 10 48 ) 7.57078e+08
4 (71 5 0 52 10 48 ) 1.66581e+08
4 (101 0 0 120 175 12 ) 13.6024
4 (122 5 2 120 10 48 ) 1.86054e+09
4 (122 5 2 120 70 48 ) 2448.24
4 (101 0 0 120 175 12 ) 13.6024
4 (122 2 0 75 95 18 ) 2496.87
4 (159 2 0 75 95 18 ) 2299.5
4 (101 0 0 120 175 12 ) 13.6024
4 (71 2 1 215 10 12 ) 4.73052e+08
4 (61 2 1 215 10 12 ) 104.521
4 (101 0 0 120 175 12 ) 13.6024
4 (44 1 1 120 175 36 ) 272692
4 (44 1 0 120 175 36 ) 18670.9
4 (101 0 0 120 175 12 ) 13.6024
4 (41 0 2 60 220 18 ) 11955.7
4 (41 2 2 60 220 18 ) 11322.5
4 (101 0 0 120 175 12 ) 13.6024
4 (44 0 0 210 175 7 ) 235.573
4 (44 0 0 210 175 7 ) 103.784
4 (101 0 0 120 175 12 ) 13.6024
4 (122 4 1 215 10 7 ) 496554
4 (122 4 1 215 10 7 ) 8512.69
4 (101 0 0 120 175 12 ) 13.6024
4 (122 0 1 120 130 44 ) 205.175
4 (6 0 1 120 130 44 ) 19.9094
4 (101 0 0 120 175 12 ) 13.6024
4 (32 1 1 120 175 24 ) 228.266
4 (32 1 1 120 175 54 ) 85.0544
4 (101 0 0 120 175 12 ) 13.6024
4 (131 5 1 45 10 13 ) 4.02531e+09
4 (106 5 1 45 10 13 ) 270366
4 (101 0 0 120 175 12 ) 13.6024
4 (23 3 1 60 120 48 ) 8634.45
4 (23 3 1 60 120 71 ) 4404.52
4 (101 0 0 120 175 12 ) 13.6024
4 (95 1 0 55 146 18 ) 8.01439e+08
4 (95 1 1 55 146 18 ) 4301.36
4 (101 0 0 120 175 12 ) 13.6024
4 (11 0 0 100 130 31 ) 3560.27
4 (11 0 0 26 130 31 ) 222.071
4 (101 0 0 120 175 12 ) 13.6024
4 (23 4 0 144 10 12 ) 3.75688e+09
4 (23 4 0 135 10 12 ) 2325.57
4 (101 0 0 120 175 12 ) 13.6024
4 (140 0 1 100 175 41 ) 110.99
4 (140 0 1 100 175 79 ) 23.5585
4 (101 0 0 120 175 12 ) 13.6024
4 (112 0 0 75 175 44 ) 14503.6
4 (112 0 0 75 175 69 ) 9.49487
4 (112 0 0 75 175 69 ) 9.49487
4 (71 0 1 100 135 17 ) 206.044
4 (71 0 1 100 6 17 ) 85.8116
4 (112 0 0 75 175 69 ) 9.49487
4 (112 0 1 85 240 7 ) 16.6345
4 (112 0 0 75 175 69 ) 9.49487
4 (101 1 0 25 10 44 ) 289.647
4 (112 0 0 75 175 69 ) 9.49487
4 (112 0 2 60 55 7 ) 4.97446e+09
4 (112 0 2 60 55 7 ) 8947.65
4 (112 0 0 75 175 69 ) 9.49487
4 (122 1 0 75 130 34 ) 4.14559e+06
4 (159 1 0 75 130 34 ) 61.3856
4 (112 0 0 75 175 69 ) 9.49487
4 (140 5 1 25 130 18 ) 2721.89
4 (140 5 1 31 130 18 ) 367.363
4 (112 0 0 75 175 69 ) 9.49487
4 (23 0 0 120 130 31 ) 16338.4
4 (23 0 0 120 130 41 ) 3581.16
4 (112 0 0 75 175 69 ) 9.49487
4 (89 2 0 210 240 24 ) 74.304
4 (89 3 0 210 240 24 ) 44.0655
4 (112 0 0 75 175 69 ) 9.49487
4 (44 1 0 75 60 31 ) 414.575
4 (44 1 0 75 60 79 ) 90.7165
4 (112 0 0 75 175 69 ) 9.49487
4 (101 1 0 75 60 69 ) 17.2526
4 (112 0 0 75 175 69 ) 9.49487
4 (104 0 0 25 60 24 ) 235.618
4 (104 0 0 242 60 24 ) 7.34897
4 (104 0 0 242 60 24 ) 7.34897
4 (140 0 0 210 146 12 ) 3459.77
4 (14 0 0 210 146 12 ) 14.4167
4 (104 0 0 242 60 24 ) 7.34897
4 (104 2 0 25 240 69 ) 3592.42
4 (104 2 0 25 240 69 ) 2004.16
4 (104 0 0 242 60 24 ) 7.34897
4 (140 1 0 130 60 19 ) 2.30011e+12
4 (140 3 0 130 60 19 ) 8.85847e+09
4 (104 0 0 242 60 24 ) 7.34897
4 (200 1 1 100 60 12 ) 225663
4 (200 1 1 100 60 13 ) 53704.2
4 (104 0 0 242 60 24 ) 7.34897
4 (32 1 2 100 6 41 ) 4605.42
4 (32 2 2 100 6 41 ) 299.748
4 (104 0 0 242 60 24 ) 7.34897
4 (44 0 0 210 60 12 ) 1906.53
4 (44 0 0 210 159 12 ) 273.28
4 (104 0 0 242 60 24 ) 7.34897
4 (44 0 1 75 175 12 ) 1.56307e+06
4 (44 1 1 75 175 12 ) 158.215
4 (104 0 0 242 60 24 ) 7.34897
4 (140 0 0 60 240 12 ) 74.4602
4 (140 0 0 161 240 12 ) 56.0899
4 (104 0 0 242 60 24 ) 7.34897
4 (140 0 1 25 175 34 ) 5.77636e+08
4 (140 0 1 25 175 34 ) 8857.74
4 (104 0 0 242 60 24 ) 7.34897
4 (14 0 0 25 175 7 ) 91.7926
4 (180 0 0 25 175 7 ) 35.6846
4 (104 0 0 242 60 24 ) 7.34897
4 (44 0 1 75 175 7 ) 1.16883e+06
4 (44 5 1 75 175 7 ) 2446.73
4 (104 0 0 242 60 24 ) 7.34897
4 (140 3 1 60 60 12 ) 2.69946e+09
4 (87 3 1 60 60 12 ) 6403.14
4 (104 0 0 242 60 24 ) 7.34897
4 (71 0 1 45 10 44 ) 258994
4 (71 0 1 45 10 14 ) 4598.78
4 (104 0 0 242 60 24 ) 7.34897
4 (107 0 0 120 6 34 ) 253660
4 (25 0 0 120 6 34 ) 125.449
4 (104 0 0 242 60 24 ) 7.34897
4 (32 3 0 120 146 69 ) 197.314
4 (32 3 0 89 146 69 ) 16.9847
4 (104 0 0 242 60 24 ) 7.34897
4 (25 2 2 60 240 31 ) 273.782
4 (25 2 2 60 240 57 ) 234.334
4 (104 0 0 242 60 24 ) 7.34897
4 (180 0 0 120 185 17 ) 12350.7
4 (180 0 0 120 185 17 ) 1073.16
4 (104 0 0 242 60 24 ) 7.34897
4 (112 1 2 120 175 7 ) 211397
4 (112 1 2 120 156 7 ) 407.565
4 (104 0 0 242 60 24 ) 7.34897
4 (112 4 1 60 130 34 ) 3.74113e+08
4 (112 1 1 60 130 34 ) 2324.5
4 (104 0 0 242 60 24 ) 7.34897
4 (6 1 0 75 60 57 ) 307798
4 (6 5 0 75 60 57 ) 8285.44
4 (104 0 0 242 60 24 ) 7.34897
4 (47 0 1 75 60 31 ) 131.629
4 (47 0 1 75 60 76 ) 105.488
4 (104 0 0 242 60 24 ) 7.34897
4 (71 2 0 210 175 69 ) 4071.19
4 (71 2 0 210 175 11 ) 562.454
4 (104 0 0 242 60 24 ) 7.34897
4 (89 1 1 25 175 17 ) 1.761e+09
4 (89 1 1 25 175 68 ) 586.332
4 (104 0 0 242 60 24 ) 7.34897
4 (8 1 0 120 130 12 ) 343210
4 (8 1 0 120 93 12 ) 3305.52
4 (104 0 0 242 60 24 ) 7.34897
4 (89 1 0 120 60 12 ) 127.428
4 (89 1 0 120 60 60 ) 112.031
4 (104 0 0 242 60 24 ) 7.34897
4 (112 0 1 89 240 34 ) 4351.99
4 (112 0 1 52 240 34 ) 504.564
4 (104 0 0 242 60 24 ) 7.34897
4 (200 0 0 160 6 42 ) 285082
4 (200 0 0 166 6 42 ) 8661.4
4 (104 0 0 242 60 24 ) 7.34897
4 (44 0 0 89 60 69 ) 3465.07
4 (104 0 0 242 60 24 ) 7.34897
4 (32 0 0 120 146 12 ) 8.43558
4 (32 0 0 120 240 12 ) 0.501802
4 (32 0 0 120 240 12 ) 0.501802
4 (112 0 0 210 240 7 ) 3652.55
4 (112 0 0 210 236 7 ) 181.796
4 (32 0 0 120 240 12 ) 0.501802
4 (140 0 0 60 10 69 ) 4339.56
4 (140 0 0 172 10 69 ) 2097.36
4 (32 0 0 120 240 12 ) 0.501802
4 (140 1 0 120 236 24 ) 66.682
4 (32 0 0 120 240 12 ) 0.501802
4 (44 0 0 85 60 12 ) 33309.1
4 (44 0 0 85 60 4 ) 27.2731
4 (32 0 0 120 240 12 ) 0.501802
4 (104 1 0 45 240 69 ) 646.673
4 (46 1 0 45 240 69 ) 31.0227
4 (32 0 0 120 240 12 ) 0.501802
4 (140 1 0 210 146 12 ) 1.26287e+07
4 (140 1 0 210 146 12 ) 1.08931e+07
4 (32 0 0 120 240 12 ) 0.501802
4 (101 0 2 100 175 24 ) 2447.83
4 (32 0 0 120 240 12 ) 0.501802
4 (44 0 0 0 240 7 ) 7156.28
4 (138 0 0 0 240 7 ) 528.86
4 (32 0 0 120 240 12 ) 0.501802
4 (200 2 0 60 130 24 ) 1304.43
4 (200 2 0 49 130 24 ) 488.983
4 (32 0 0 120 240 12 ) 0.501802
4 (32 0 0 210 60 24 ) 603368
4 (32 0 0 12 60 24 ) 3939.21
4 (32 0 0 120 240 12 ) 0.501802
4 (46 1 1 120 240 24 ) 8352.95
4 (46 1 0 120 240 24 ) 188.983
4 (32 0 0 120 240 12 ) 0.501802
4 (95 0 0 120 175 7 ) 2695.91
4 (95 0 0 183 175 7 ) 26.1513
4 (32 0 0 120 240 12 ) 0.501802
4 (47 1 0 210 240 17 ) 71.4743
4 (47 1 0 210 240 34 ) 54.9826
4 (32 0 0 120 240 12 ) 0.501802
4 (44 0 0 120 146 31 ) 3549.7
4 (124 0 0 120 146 31 ) 60.007
4 (32 0 0 120 240 12 ) 0.501802
4 (44 0 0 100 175 12 ) 251.86
4 (44 1 0 100 175 12 ) 140.103
4 (32 0 0 120 240 12 ) 0.501802
4 (32 0 1 85 10 69 ) 4527.67
4 (152 0 1 85 10 69 ) 4389.8
4 (32 0 0 120 240 12 ) 0.501802
4 (61 1 1 210 130 31 ) 199655
4 (61 1 0 210 130 31 ) 29813.7
4 (32 0 0 120 240 12 ) 0.501802
4 (140 0 1 75 135 7 ) 4446.37
4 (140 5 1 75 135 7 ) 2554.07
4 (32 0 0 120 240 12 ) 0.501802
4 (140 0 2 85 6 69 ) 1.41071e+10
4 (71 0 2 85 6 69 ) 268815
4 (32 0 0 120 240 12 ) 0.501802
4 (44 0 0 120 240 4 ) 14610.3
4 (44 4 0 120 240 4 ) 14569.9
4 (32 0 0 120 240 12 ) 0.501802
4 (44 0 0 45 60 13 ) 2189.29
4 (44 0 0 45 244 13 ) 26.9004
4 (32 0 0 120 240 12 ) 0.501802
4 (32 0 0 161 10 17 ) 4325.25
4 (173 0 0 161 10 17 ) 2301.44
4 (32 0 0 120 240 12 ) 0.501802
4 (32 0 0 120 240 7 ) 793.337
4 (38 0 0 120 240 7 ) 49.5323
4 (32 0 0 120 240 12 ) 0.501802
4 (6 0 0 100 6 7 ) 1.65279e+07
4 (59 0 0 100 6 7 ) 8.7481e+06
4 (32 0 0 120 240 12 ) 0.501802
4 (180 0 0 161 175 17 ) 3459.41
4 (180 1 0 161 175 17 ) 1026.32
4 (32 0 0 120 240 12 ) 0.501802
4 (32 0 1 75 240 7 ) 800.025
4 (32 0 1 75 240 7 ) 680.939
4 (32 0 0 120 240 12 ) 0.501802
4 (140 0 0 75 60 43 ) 2299.97
4 (32 0 0 120 240 12 ) 0.501802
4 (180 1 0 120 60 69 ) 2.79095e+06
4 (180 6 0 120 60 69 ) 235288
4 (32 0 0 120 240 12 ) 0.501802
4 (25 1 0 210 175 34 ) 2986.38
4 (25 1 0 210 89 34 ) 60.2388
4 (32 0 0 120 240 12 ) 0.501802
4 (47 0 0 215 240 12 ) 5145.58
4 (47 4 0 215 240 12 ) 76.4466
4 (32 0 0 120 240 12 ) 0.501802
4 (140 0 2 210 240 21 ) 2.15782e+08
4 (140 0 2 249 240 21 ) 5437.3
4 (32 0 0 120 240 12 ) 0.501802
4 (47 1 0 242 6 24 ) 5.66623e+06
4 (47 1 0 84 6 24 ) 15775.4
4 (32 0 0 120 240 12 ) 0.501802
4 (101 2 1 75 240 7 ) 735.122
4 (101 2 1 75 232 7 ) 231.155
4 (32 0 0 120 240 12 ) 0.501802
4 (6 0 0 120 60 12 ) 4.76589
4 (32 0 0 120 240 12 ) 0.501802
4 (47 1 0 210 175 12 ) 51.8399
4 (32 0 0 120 240 12 ) 0.501802
4 (32 1 1 210 175 41 ) 1504.47
4 (32 1 1 210 175 41 ) 124.913
4 (32 0 0 120 240 12 ) 0.501802
4 (95 0 1 60 240 12 ) 383884
4 (95 0 1 101 240 12 ) 4863.16
4 (32 0 0 120 240 12 ) 0.501802
4 (44 1 1 75 10 24 ) 7.23472e+07
4 (44 1 1 75 10 53 ) 20159.2
4 (32 0 0 120 240 12 ) 0.501802
4 (47 0 0 25 10 12 ) 4320.39
4 (47 0 0 25 10 12 ) 20.0285
4 (32 0 0 120 240 12 ) 0.501802
4 (95 1 0 210 146 12 ) 35878.2
4 (95 1 1 210 146 12 ) 152.314
4 (32 0 0 120 240 12 ) 0.501802
4 (47 1 1 60 244 17 ) 9.32943e+06
4 (47 1 1 60 220 17 ) 427580
4 (32 0 0 120 240 12 ) 0.501802
4 (14 1 1 25 130 12 ) 280346
4 (14 5 1 25 130 12 ) 6489.38
4 (32 0 0 120 240 12 ) 0.501802
4 (44 0 0 210 175 43 ) 60.1739
4 (32 0 0 120 240 12 ) 0.501802
4 (180 1 0 161 10 79 ) 12521
4 (180 5 0 161 10 79 ) 818.879
4 (32 0 0 120 240 12 ) 0.501802
4 (47 0 0 210 60 17 ) 3552.63
4 (47 0 1 210 60 17 ) 192.208
4 (32 0 0 120 240 12 ) 0.501802
4 (140 1 2 120 60 12 ) 2.42131e+09
4 (140 1 2 120 60 12 ) 4326.62
4 (32 0 0 120 240 12 ) 0.501802
4 (47 4 0 75 10 34 ) 6.01008e+09
4 (47 4 0 90 10 34 ) 2.90153e+09
4 (32 0 0 120 240 12 ) 0.501802
4 (14 0 0 210 60 17 ) 77.9479
4 (149 0 0 210 60 17 ) 40.1212
4 (32 0 0 120 240 12 ) 0.501802
4 (180 0 0 100 146 43 ) 103.826
4 (180 0 0 186 146 43 ) 7.52711
4 (32 0 0 120 240 12 ) 0.501802
4 (32 0 0 85 40 44 ) 3681.55
4 (190 0 0 85 40 44 ) 3400.62
4 (32 0 0 120 240 12 ) 0.501802
4 (47 1 0 60 146 4 ) 1.34374e+09
4 (47 0 0 60 146 4 ) 238.711
4 (32 0 0 120 240 12 ) 0.501802
4 (140 0 0 183 60 7 ) 285195
4 (140 0 0 115 60 7 ) 2184.93
4 (32 0 0 120 240 12 ) 0.501802
4 (44 0 0 210 175 34 ) 3380.47
4 (44 4 0 210 175 34 ) 46.2107
4 (32 0 0 120 240 12 ) 0.501802
4 (159 4 1 100 175 17 ) 1.78178e+09
4 (88 4 1 100 175 17 ) 4239.62
4 (32 0 0 120 240 12 ) 0.501802
4 (32 1 0 120 175 13 ) 3469.73
4 (32 1 0 120 249 13 ) 161.697
4 (32 0 0 120 240 12 ) 0.501802
4 (95 0 0 100 10 17 ) 3.23332e+06
4 (95 0 0 100 10 24 ) 2223.24
4 (32 0 0 120 240 12 ) 0.501802
4 (44 1 0 160 60 13 ) 1.27535e+09
4 (44 1 0 160 187 13 ) 70.8442
4 (32 0 0 120 240 12 ) 0.501802
4 (25 1 0 25 60 24 ) 4.73513e+09
4 (25 0 0 25 60 24 ) 167.081
4 (32 0 0 120 240 12 ) 0.501802
4 (47 0 0 75 40 17 ) 2180.66
4 (47 0 0 75 8 17 ) 136.628
4 (32 0 0 120 240 12 ) 0.501802
4 (32 0 1 210 175 24 ) 11.0732
4 (32 0 0 120 240 12 ) 0.501802
4 (159 0 0 120 65 12 ) 2116.86
4 (159 0 0 225 65 12 ) 103.639
4 (32 0 0 120 240 12 ) 0.501802
4 (14 1 0 210 146 13 ) 67.1147
4 (14 1 0 245 146 13 ) 14.8941
4 (32 0 0 120 240 12 ) 0.501802
4 (32 0 0 186 240 69 ) 19871.5
4 (32 0 0 7 240 69 ) 11.2551
4 (32 0 0 120 240 12 ) 0.501802
4 (140 3 0 215 240 12 ) 189.942
4 (116 3 0 215 240 12 ) 175.72
4 (32 0 0 120 240 12 ) 0.501802
4 (46 0 0 75 65 34 ) 114.785
4 (46 0 0 108 65 34 ) 87.9904
4 (32 0 0 120 240 12 ) 0.501802
4 (44 0 0 120 10 7 ) 114.605
4 (44 0 0 153 10 7 ) 91.0179
4 (32 0 0 120 240 12 ) 0.501802
4 (140 0 0 210 240 43 ) 101.376
4 (71 0 0 210 240 43 ) 72.6902
4 (32 0 0 120 240 12 ) 0.501802
4 (6 1 1 120 146 69 ) 83.3548
4 (6 1 1 120 146 85 ) 63.7235
4 (32 0 0 120 240 12 ) 0.501802
4 (38 1 0 210 175 12 ) 26026.7
4 (38 1 0 196 175 12 ) 1869.81
4 (32 0 0 120 240 12 ) 0.501802
4 (124 1 0 242 146 24 ) 6769.07
4 (124 1 2 242 146 24 ) 4159.79
4 (32 0 0 120 240 12 ) 0.501802
4 (140 1 0 85 240 21 ) 3321.42
4 (32 0 0 120 240 12 ) 0.501802
4 (124 0 0 45 175 79 ) 3090.85
4 (28 0 0 45 175 79 ) 1042.69
4 (32 0 0 120 240 12 ) 0.501802
4 (14 3 0 120 175 12 ) 320038
4 (14 3 0 212 175 12 ) 136.778
4 (32 0 0 120 240 12 ) 0.501802
4 (47 0 0 7 175 12 ) 199.848
4 (98 0 0 7 175 12 ) 157.48
4 (32 0 0 120 240 12 ) 0.501802
4 (6 0 0 7 146 13 ) 18391.2
4 (6 0 0 7 146 13 ) 98.4407
4 (32 0 0 120 240 12 ) 0.501802
4 (14 0 0 85 244 24 ) 3.63772
4 (32 0 0 120 240 12 ) 0.501802
4 (32 0 0 210 60 12 ) 1663.28
4 (32 1 0 210 60 12 ) 132
4 (32 0 0 120 240 12 ) 0.501802
4 (32 0 0 60 175 12 ) 18064
4 (32 1 0 60 175 12 ) 9002.92
4 (32 0 0 120 240 12 ) 0.501802
4 (149 0 0 45 60 17 ) 486390
4 (149 0 1 45 60 17 ) 8733.28
4 (32 0 0 120 240 12 ) 0.501802
4 (47 1 0 186 240 43 ) 3373.13
4 (47 1 0 186 240 43 ) 3363.67
4 (32 0 0 120 240 12 ) 0.501802
4 (32 0 0 85 236 34 ) 48.591
4 (32 0 0 85 236 63 ) 16.2563
4 (32 0 0 120 240 12 ) 0.501802
4 (180 0 1 120 130 12 ) 5619.52
4 (180 0 1 120 31 12 ) 3735.35
4 (32 0 0 120 240 12 ) 0.501802
4 (180 0 0 45 130 13 ) 24.284
4 (32 0 0 120 240 12 ) 0.501802
4 (44 0 0 120 146 34 ) 3526.36
4 (44 0 0 120 23 34 ) 71.525
4 (32 0 0 120 240 12 ) 0.501802
4 (47 1 0 160 175 24 ) 1032.35
4 (47 1 0 160 49 24 ) 152.684
4 (32 0 0 120 240 12 ) 0.501802
4 (180 1 0 210 146 24 ) 5.70236e+06
4 (48 1 0 210 146 24 ) 5317.31
4 (32 0 0 120 240 12 ) 0.501802
4 (47 3 0 85 175 85 ) 2.11259e+09
4 (47 3 0 200 175 85 ) 3939.36
4 (32 0 0 120 240 12 ) 0.501802
4 (112 0 0 120 175 12 ) 55.6588
4 (153 0 0 120 175 12 ) 31.9389
4 (32 0 0 120 240 12 ) 0.501802
4 (6 0 0 210 175 7 ) 17741.5
4 (6 0 0 210 175 7 ) 2680.58
4 (32 0 0 120 240 12 ) 0.501802
4 (101 0 0 161 240 12 ) 12825.6
4 (101 0 0 245 240 12 ) 315.112
4 (32 0 0 120 240 12 ) 0.501802
4 (47 0 0 120 146 63 ) 2246.46
4 (47 0 1 120 146 63 ) 9.57906
4 (32 0 0 120 240 12 ) 0.501802
4 (6 1 1 25 40 13 ) 149.26
4 (6 1 1 25 40 13 ) 63.8427
4 (32 0 0 120 240 12 ) 0.501802
4 (47 0 0 245 175 44 ) 14728.5
4 (47 0 0 245 175 70 ) 3470.8
4 (32 0 0 120 240 12 ) 0.501802
4 (14 0 0 120 175 13 ) 323611
4 (14 0 0 120 183 13 ) 17769
4 (32 0 0 120 240 12 ) 0.501802
4 (32 0 0 210 240 34 ) 12751.5
4 (32 5 0 210 240 34 ) 3318.15
4 (32 0 0 120 240 12 ) 0.501802
4 (180 1 0 210 175 34 ) 53493.1
4 (180 1 0 39 175 34 ) 30176
4 (32 0 0 120 240 12 ) 0.501802
4 (44 0 0 120 60 24 ) 5087.8
4 (44 1 0 120 60 24 ) 4333.55
4 (32 0 0 120 240 12 ) 0.501802
4 (47 0 0 89 240 34 ) 10888.3
4 (47 0 0 76 240 34 ) 3493.6
4 (32 0 0 120 240 12 ) 0.501802
4 (124 0 0 120 65 4 ) 126.905
4 (124 0 0 120 65 61 ) 49.7003
4 (32 0 0 120 240 12 ) 0.501802
4 (14 0 0 120 175 34 ) 74.5441
4 (57 0 0 120 175 34 ) 16.3751
4 (32 0 0 120 240 12 ) 0.501802
4 (112 0 0 210 175 69 ) 30461.1
4 (112 0 0 210 224 69 ) 33.6757
4 (32 0 0 120 240 12 ) 0.501802
4 (101 1 0 120 175 79 ) 3327.23
4 (101 1 0 154 175 79 ) 12.1078
4 (32 0 0 120 240 12 ) 0.501802
4 (124 0 0 120 240 31 ) 1426.24
4 (124 0 0 120 240 52 ) 139.521
4 (32 0 0 120 240 12 ) 0.501802
4 (38 0 0 75 10 17 ) 4599.62
4 (38 0 0 75 187 17 ) 439.97
4 (32 0 0 120 240 12 ) 0.501802
4 (32 0 0 89 60 12 ) 3963.32
4 (32 0 0 89 23 12 ) 1981.76
4 (32 0 0 120 240 12 ) 0.501802
4 (44 0 0 120 175 24 ) 124.798
4 (159 0 0 120 175 24 ) 109.265
4 (32 0 0 120 240 12 ) 0.501802
4 (46 0 1 89 60 69 ) 1591.74
4 (192 0 1 89 60 69 ) 218.944
4 (32 0 0 120 240 12 ) 0.501802
4 (192 0 0 85 60 44 ) 135.854
4 (192 0 0 85 15 44 ) 86.2644
4 (32 0 0 120 240 12 ) 0.501802
4 (47 3 0 120 60 24 ) 8011.88
4 (47 4 0 120 60 24 ) 219.833
4 (32 0 0 120 240 12 ) 0.501802
4 (112 0 0 120 175 21 ) 124.958
4 (112 0 1 120 175 21 ) 21.0766
4 (32 0 0 120 240 12 ) 0.501802
4 (112 4 0 210 130 12 ) 4644.46
4 (112 4 0 113 130 12 ) 2120.26
4 (32 0 0 120 240 12 ) 0.501802
4 (112 0 0 75 175 13 ) 175.673
4 (19 0 0 75 175 13 ) 77.189
4 (32 0 0 120 240 12 ) 0.501802
4 (47 3 0 210 40 69 ) 1.05567e+08
4 (47 3 0 210 130 69 ) 261.24
4 (32 0 0 120 240 12 ) 0.501802
4 (101 0 0 245 65 13 ) 266937
4 (101 0 0 245 81 13 ) 4306.33
4 (32 0 0 120 240 12 ) 0.501802
4 (112 0 0 45 175 17 ) 111.006
4 (112 0 0 45 175 51 ) 93.3158
4 (32 0 0 120 240 12 ) 0.501802
5 (68 0 0 108 120 32 ) 20.8612
5 (5 6 2 250 96 56 ) 1.86886e+09
5 (5 0 2 250 96 56 ) 4713.65
5 (68 0 0 108 120 32 ) 20.8612
5 (122 2 1 132 180 90 ) 216881
5 (122 0 1 132 180 90 ) 55.2017
5 (68 0 0 108 120 32 ) 20.8612
5 (122 0 2 250 180 68 ) 334.939
5 (122 0 2 250 180 68 ) 32.2671
5 (68 0 0 108 120 32 ) 20.8612
5 (95 2 1 204 180 28 ) 1.95205e+08
5 (95 2 1 204 180 79 ) 321.055
5 (68 0 0 108 120 32 ) 20.8612
5 (41 4 1 132 108 90 ) 22.9707
5 (68 0 0 108 120 32 ) 20.8612
5 (149 0 2 156 12 64 ) 4438.39
5 (149 0 2 156 12 85 ) 375.637
5 (68 0 0 108 120 32 ) 20.8612
5 (68 2 2 250 250 72 ) 121346
5 (68 2 2 250 250 72 ) 76498.4
5 (68 0 0 108 120 32 ) 20.8612
5 (41 3 2 84 216 56 ) 126222
5 (41 2 2 84 216 56 ) 123442
5 (68 0 0 108 120 32 ) 20.8612
5 (95 0 0 156 12 68 ) 6774.05
5 (80 0 0 156 12 68 ) 4576.08
5 (68 0 0 108 120 32 ) 20.8612
5 (104 0 2 132 216 68 ) 27610.3
5 (104 0 2 132 26 68 ) 820.303
5 (68 0 0 108 120 32 ) 20.8612
5 (68 2 1 144 72 90 ) 3502.07
5 (68 5 1 144 72 90 ) 94.1419
5 (68 0 0 108 120 32 ) 20.8612
5 (95 0 1 96 72 68 ) 256179
5 (95 4 1 96 72 68 ) 65.434
5 (68 0 0 108 120 32 ) 20.8612
5 (95 0 1 168 72 90 ) 91.3868
5 (95 0 1 168 72 86 ) 66.8765
5 (68 0 0 108 120 32 ) 20.8612
5 (122 0 1 96 72 79 ) 147.188
5 (86 0 1 96 72 79 ) 86.096
5 (68 0 0 108 120 32 ) 20.8612
5 (41 0 1 250 120 90 ) 188428
5 (91 0 1 250 120 90 ) 158710
5 (68 0 0 108 120 32 ) 20.8612
5 (77 0 1 250 26 90 ) 7073.7
5 (77 0 1 250 26 14 ) 4843.37
5 (68 0 0 108 120 32 ) 20.8612
5 (41 0 1 96 180 68 ) 4591.5
5 (41 0 1 96 93 68 ) 22.8596
5 (68 0 0 108 120 32 ) 20.8612
5 (41 0 1 250 72 60 ) 4567.39
5 (41 0 1 250 72 60 ) 4213.02
5 (68 0 0 108 120 32 ) 20.8612
5 (95 3 2 250 72 68 ) 8475.71
5 (42 3 2 250 72 68 ) 17.9515
5 (42 3 2 250 72 68 ) 17.9515
5 (122 0 1 144 180 32 ) 319864
5 (122 0 1 107 180 32 ) 219.212
5 (42 3 2 250 72 68 ) 17.9515
5 (95 0 1 132 72 68 ) 1864.83
5 (95 3 1 132 72 68 ) 778.278
5 (42 3 2 250 72 68 ) 17.9515
5 (122 0 1 156 72 68 ) 500.875
5 (26 0 1 156 72 68 ) 148.895
5 (42 3 2 250 72 68 ) 17.9515
5 (149 4 1 96 72 68 ) 132.83
5 (149 4 1 96 190 68 ) 127.776
5 (42 3 2 250 72 68 ) 17.9515
5 (149 0 2 96 72 90 ) 475.27
5 (149 0 2 96 30 90 ) 146.775
5 (42 3 2 250 72 68 ) 17.9515
5 (122 4 0 108 72 60 ) 82.5915
5 (122 1 0 108 72 60 ) 58.3382
5 (42 3 2 250 72 68 ) 17.9515
5 (95 4 0 132 72 90 ) 36498
5 (95 4 0 37 72 90 ) 12.6703
5 (95 4 0 37 72 90 ) 12.6703
5 (68 0 1 96 72 90 ) 7843.78
5 (68 0 1 96 88 90 ) 615.337
5 (95 4 0 37 72 90 ) 12.6703
5 (41 0 2 132 30 60 ) 213.765
5 (95 4 0 37 72 90 ) 12.6703
5 (95 0 2 108 120 60 ) 536.103
5 (95 0 1 108 120 60 ) 84.264
5 (95 4 0 37 72 90 ) 12.6703
5 (95 0 1 168 72 90 ) 4244.37
5 (95 3 1 168 72 90 ) 3372.78
5 (95 4 0 37 72 90 ) 12.6703
5 (68 4 0 96 190 90 ) 3247.2
5 (68 4 0 127 190 90 ) 2421.17
5 (95 4 0 37 72 90 ) 12.6703
5 (122 0 1 168 190 68 ) 642.671
5 (95 4 0 37 72 90 ) 12.6703
5 (95 0 1 96 120 68 ) 8776.85
5 (95 0 1 57 120 68 ) 4419.66
5 (95 4 0 37 72 90 ) 12.6703
5 (41 3 1 96 120 90 ) 3589.88
5 (41 3 2 96 120 90 ) 1333.88
5 (95 4 0 37 72 90 ) 12.6703
5 (149 0 1 108 72 90 ) 873.149
5 (149 0 1 108 209 90 ) 47.78
5 (95 4 0 37 72 90 ) 12.6703
5 (68 0 1 144 72 90 ) 1767.86
5 (68 0 1 144 72 67 ) 135.001
5 (95 4 0 37 72 90 ) 12.6703
5 (122 0 1 144 72 68 ) 8471.84
5 (122 0 2 144 72 68 ) 2382.95
5 (95 4 0 37 72 90 ) 12.6703
5 (68 0 2 108 72 90 ) 63.6393
5 (68 0 2 154 72 90 ) 14.0683
5 (95 4 0 37 72 90 ) 12.6703
5 (95 0 1 132 72 90 ) 88.1968
5 (95 0 1 132 219 90 ) 10.5466
5 (95 0 1 132 219 90 ) 10.5466
5 (149 0 0 96 219 68 ) 82.1199
5 (149 0 0 105 219 68 ) 43.924
5 (95 0 1 132 219 90 ) 10.5466
5 (95 0 1 108 108 90 ) 4275.81
5 (95 0 1 108 108 14 ) 326.862
5 (95 0 1 132 219 90 ) 10.5466
5 (122 0 0 108 72 90 ) 6783.02
5 (122 0 0 108 72 71 ) 61.5607
5 (95 0 1 132 219 90 ) 10.5466
5 (95 4 0 105 72 60 ) 61899.5
5 (95 4 0 105 72 73 ) 3562.35
5 (95 0 1 132 219 90 ) 10.5466
5 (122 4 2 108 120 73 ) 64.7615
5 (95 0 1 132 219 90 ) 10.5466
5 (122 0 1 132 72 60 ) 2.32022e+07
5 (122 0 1 132 72 63 ) 361646
5 (95 0 1 132 219 90 ) 10.5466
5 (95 0 1 132 72 90 ) 2429.89
5 (95 0 1 132 219 90 ) 10.5466
5 (122 0 2 250 72 90 ) 1169.09
5 (122 2 2 250 72 90 ) 1056.3
5 (95 0 1 132 219 90 ) 10.5466
5 (95 4 1 96 93 90 ) 204253
5 (95 4 1 236 93 90 ) 3571.27
5 (95 0 1 132 219 90 ) 10.5466
5 (122 4 2 96 219 73 ) 91.3153
5 (122 4 2 96 72 73 ) 68.9266
5 (95 0 1 132 219 90 ) 10.5466
5 (122 0 0 96 219 90 ) 85125.8
5 (122 0 0 195 219 90 ) 3239.51
5 (95 0 1 132 219 90 ) 10.5466
5 (149 0 0 96 180 90 ) 3802.94
5 (149 0 0 96 198 90 ) 45.8873
5 (95 0 1 132 219 90 ) 10.5466
5 (42 4 1 108 72 90 ) 3617.3
5 (8 4 1 108 72 90 ) 223.172
5 (95 0 1 132 219 90 ) 10.5466
5 (42 0 1 108 72 90 ) 8478.94
5 (42 1 1 108 72 90 ) 328.061
5 (95 0 1 132 219 90 ) 10.5466
5 (95 0 1 108 72 90 ) 55.1257
5 (95 5 1 108 72 90 ) 12.5711
5 (95 0 1 132 219 90 ) 10.5466
5 (41 0 0 96 180 68 ) 3475.98
5 (41 1 0 96 180 68 ) 148.711
5 (95 0 1 132 219 90 ) 10.5466
5 (122 0 1 96 72 71 ) 4769.02
5 (122 0 1 96 72 71 ) 4555.57
5 (95 0 1 132 219 90 ) 10.5466
5 (41 1 1 108 72 68 ) 72.6746
5 (41 1 1 52 72 68 ) 16.6663
5 (95 0 1 132 219 90 ) 10.5466
5 (68 0 1 108 72 90 ) 35.7879
5 (68 0 1 108 247 90 ) 17.1983
5 (95 0 1 132 219 90 ) 10.5466
5 (95 0 1 108 72 90 ) 5450.48
5 (95 6 1 108 72 90 ) 284.309
5 (95 0 1 132 219 90 ) 10.5466
5 (41 0 1 250 180 90 ) 92.9047
5 (41 0 1 250 230 90 ) 68.597
5 (95 0 1 132 219 90 ) 10.5466
5 (95 1 2 132 108 90 ) 3814.17
5 (95 1 2 82 108 90 ) 547.082
5 (95 0 1 132 219 90 ) 10.5466
5 (95 0 0 108 93 68 ) 35473.3
5 (95 0 0 56 93 68 ) 17.2006
5 (95 0 1 132 219 90 ) 10.5466
5 (41 0 1 108 72 68 ) 135.294
5 (11 0 1 108 72 68 ) 12.9039
5 (95 0 1 132 219 90 ) 10.5466
5 (68 0 0 96 108 68 ) 3369.06
5 (68 0 0 23 108 68 ) 39.7299
5 (95 0 1 132 219 90 ) 10.5466
5 (11 0 1 250 108 90 ) 11037.2
5 (11 0 1 250 226 90 ) 3595.72
5 (95 0 1 132 219 90 ) 10.5466
5 (11 0 1 132 180 90 ) 6078.38
5 (11 0 1 132 111 90 ) 1320.37
5 (95 0 1 132 219 90 ) 10.5466
5 (11 0 0 132 247 68 ) 21.065
5 (11 0 0 132 247 87 ) 16.4365
5 (95 0 1 132 219 90 ) 10.5466
5 (122 0 1 132 247 87 ) 249.639
5 (79 0 1 132 247 87 ) 101.594
5 (95 0 1 132 219 90 ) 10.5466
5 (95 0 2 108 72 87 ) 54.5807
5 (20 0 2 108 72 87 ) 12.706
5 (95 0 1 132 219 90 ) 10.5466
5 (95 0 2 23 72 90 ) 3620.95
5 (69 0 2 23 72 90 ) 60.8616
5 (95 0 1 132 219 90 ) 10.5466
5 (95 4 1 56 72 90 ) 86.6171
5 (95 5 1 56 72 90 ) 50.3749
5 (95 0 1 132 219 90 ) 10.5466
5 (11 0 1 250 72 68 ) 220736
5 (11 0 1 70 72 68 ) 280.621
5 (95 0 1 132 219 90 ) 10.5466
5 (68 0 0 108 219 68 ) 4.43338
5 (68 0 0 108 219 68 ) 4.43338
5 (68 0 1 154 93 68 ) 5724.33
5 (68 0 0 154 93 68 ) 3668.59
5 (68 0 0 108 219 68 ) 4.43338
5 (68 5 0 108 93 90 ) 23860.5
5 (56 5 0 108 93 90 ) 66.6108
5 (68 0 0 108 219 68 ) 4.43338
5 (122 5 2 108 180 68 ) 55363.1
5 (54 5 2 108 180 68 ) 94.1161
5 (68 0 0 108 219 68 ) 4.43338
5 (11 1 0 132 180 68 ) 57.9093
5 (11 1 0 2 180 68 ) 56.12
5 (68 0 0 108 219 68 ) 4.43338
5 (41 0 1 108 72 90 ) 140.058
5 (41 0 1 71 72 90 ) 41.9318
5 (68 0 0 108 219 68 ) 4.43338
5 (95 0 1 132 247 68 ) 53.1818
5 (95 0 1 41 247 68 ) 20.7647
5 (68 0 0 108 219 68 ) 4.43338
5 (95 0 0 96 108 90 ) 3279.88
5 (95 0 0 96 196 90 ) 503.116
5 (68 0 0 108 219 68 ) 4.43338
5 (42 0 1 108 72 90 ) 62.4898
5 (42 0 1 108 197 90 ) 12.3847
5 (68 0 0 108 219 68 ) 4.43338
5 (68 1 0 108 72 68 ) 77794.8
5 (68 1 0 108 72 16 ) 5978.57
5 (68 0 0 108 219 68 ) 4.43338
5 (68 0 0 52 247 68 ) 81.1188
5 (68 0 0 52 247 68 ) 52.4497
5 (68 0 0 108 219 68 ) 4.43338
5 (11 1 1 108 72 68 ) 109.747
5 (11 5 1 108 72 68 ) 62.7317
5 (68 0 0 108 219 68 ) 4.43338
5 (95 0 0 108 72 90 ) 94009
5 (95 0 0 218 72 90 ) 3288.78
5 (68 0 0 108 219 68 ) 4.43338
5 (41 0 2 108 72 32 ) 1.01854e+08
5 (41 0 0 108 72 32 ) 21.334
5 (68 0 0 108 219 68 ) 4.43338
5 (20 0 1 41 72 68 ) 113.802
5 (133 0 1 41 72 68 ) 32.7657
5 (68 0 0 108 219 68 ) 4.43338
5 (68 0 2 108 72 32 ) 4.17337e+08
5 (68 4 2 108 72 32 ) 3.99097e+07
5 (68 0 0 108 219 68 ) 4.43338
5 (95 0 1 108 93 32 ) 1.61288e+08
5 (95 0 1 109 93 32 ) 127.835
5 (68 0 0 108 219 68 ) 4.43338
5 (95 0 1 108 72 87 ) 5619.24
5 (95 0 1 108 72 47 ) 4511.61
5 (68 0 0 108 219 68 ) 4.43338
5 (95 0 2 52 247 68 ) 4136.55
5 (95 1 2 52 247 68 ) 3823.07
5 (68 0 0 108 219 68 ) 4.43338
5 (41 0 1 108 72 68 ) 4414.47
5 (41 0 1 108 72 68 ) 229.513
5 (68 0 0 108 219 68 ) 4.43338
5 (95 0 0 108 197 90 ) 24.3834
5 (95 0 0 108 197 20 ) 18.4422
5 (68 0 0 108 219 68 ) 4.43338
5 (11 0 1 250 72 68 ) 4341.04
5 (11 0 1 250 72 31 ) 622.73
5 (68 0 0 108 219 68 ) 4.43338
5 (11 0 1 108 72 90 ) 4753.51
5 (11 0 1 108 184 90 ) 52.6218
5 (68 0 0 108 219 68 ) 4.43338
5 (11 0 1 37 219 68 ) 189.307
5 (11 0 1 249 219 68 ) 15.9249
5 (68 0 0 108 219 68 ) 4.43338
5 (20 0 1 108 72 87 ) 86.7532
5 (68 0 0 108 219 68 ) 4.43338
5 (20 0 0 108 93 68 ) 3430.09
5 (20 3 0 108 93 68 ) 53.3456
5 (68 0 0 108 219 68 ) 4.43338
5 (95 0 1 108 72 90 ) 191.066
5 (95 0 1 108 72 14 ) 178.77
5 (68 0 0 108 219 68 ) 4.43338
5 (95 0 1 108 247 32 ) 51.1309
5 (95 0 1 38 247 32 ) 33.1106
5 (68 0 0 108 219 68 ) 4.43338
5 (95 0 1 108 72 68 ) 1876.19
5 (95 0 1 108 72 68 ) 123.28
5 (68 0 0 108 219 68 ) 4.43338
5 (68 1 0 132 72 68 ) 342176
5 (68 5 0 132 72 68 ) 6979.74
5 (68 0 0 108 219 68 ) 4.43338
5 (68 0 2 249 247 90 ) 53.9175
5 (68 0 0 108 219 68 ) 4.43338
5 (95 0 1 108 219 20 ) 4678.39
5 (95 0 1 108 195 20 ) 4410.2
5 (68 0 0 108 219 68 ) 4.43338
5 (95 0 2 41 72 32 ) 4560.4
5 (95 0 1 41 72 32 ) 4505.69
5 (68 0 0 108 219 68 ) 4.43338
5 (95 0 1 108 219 90 ) 7916.62
5 (15 0 1 108 219 90 ) 2350.43
5 (68 0 0 108 219 68 ) 4.43338
5 (42 0 0 132 219 90 ) 20.9729
5 (68 0 0 108 219 68 ) 4.43338
5 (11 0 0 108 72 68 ) 1135.78
5 (11 0 0 108 235 68 ) 39.1468
5 (68 0 0 108 219 68 ) 4.43338
5 (95 0 0 132 120 68 ) 82.1503
5 (95 0 0 132 120 28 ) 12.5042
5 (68 0 0 108 219 68 ) 4.43338
5 (68 0 1 132 72 32 ) 4.61539e+07
5 (68 0 1 132 72 32 ) 6494
5 (68 0 0 108 219 68 ) 4.43338
5 (41 0 0 249 72 28 ) 77.4423
5 (68 0 0 108 219 68 ) 4.43338
5 (95 4 1 108 72 68 ) 500.234
5 (95 4 1 108 26 68 ) 78.1114
5 (68 0 0 108 219 68 ) 4.43338
5 (41 0 1 108 72 68 ) 68.2033
5 (68 0 0 108 219 68 ) 4.43338
5 (11 0 2 132 219 90 ) 3560.15
5 (11 0 1 132 219 90 ) 50.7134
5 (68 0 0 108 219 68 ) 4.43338
5 (95 0 1 56 219 68 ) 26216.3
5 (95 0 1 28 219 68 ) 1537.85
5 (68 0 0 108 219 68 ) 4.43338
5 (42 0 0 108 72 28 ) 42065.5
5 (42 0 0 108 72 28 ) 35.8
5 (68 0 0 108 219 68 ) 4.43338
5 (41 0 1 41 219 28 ) 4432.16
5 (41 0 1 41 219 60 ) 384.129
5 (68 0 0 108 219 68 ) 4.43338
5 (95 0 0 108 219 68 ) 3814.51
5 (95 0 0 108 48 68 ) 3390.93
5 (68 0 0 108 219 68 ) 4.43338
5 (68 0 1 132 93 32 ) 8847.77
5 (91 0 1 132 93 32 ) 4436.74
5 (68 0 0 108 219 68 ) 4.43338
5 (95 0 0 108 72 90 ) 228445
5 (95 0 0 108 72 87 ) 4213.65
5 (68 0 0 108 219 68 ) 4.43338
5 (42 0 0 52 72 68 ) 21.7758
5 (96 0 0 52 72 68 ) 16.9907
5 (68 0 0 108 219 68 ) 4.43338
5 (68 0 0 108 72 68 ) 46.0544
5 (68 0 0 108 154 68 ) 18.207
5 (68 0 0 108 219 68 ) 4.43338
5 (95 4 1 108 72 90 ) 367.4
5 (95 4 2 108 72 90 ) 21.5563
5 (68 0 0 108 219 68 ) 4.43338
5 (20 1 1 249 219 90 ) 215208
5 (20 0 1 249 219 90 ) 6890.73
5 (68 0 0 108 219 68 ) 4.43338
5 (68 0 0 108 120 68 ) 4294.39
5 (68 5 0 108 120 68 ) 3694.7
5 (68 0 0 108 219 68 ) 4.43338
5 (68 0 1 108 247 90 ) 39133.8
5 (68 0 1 108 247 90 ) 16.8294
5 (68 0 0 108 219 68 ) 4.43338
5 (95 0 0 132 247 90 ) 71814
5 (95 0 1 132 247 90 ) 3512.39
5 (68 0 0 108 219 68 ) 4.43338
5 (11 0 0 52 93 90 ) 48.8411
5 (11 0 0 52 58 90 ) 20.7199
5 (68 0 0 108 219 68 ) 4.43338
5 (42 0 1 250 197 68 ) 67.0758
5 (42 0 1 91 197 68 ) 52.0362
5 (68 0 0 108 219 68 ) 4.43338
5 (68 0 1 108 72 90 ) 4346.52
5 (68 4 1 108 72 90 ) 46.7041
5 (68 0 0 108 219 68 ) 4.43338
5 (20 0 1 37 247 68 ) 315.281
5 (20 0 1 37 134 68 ) 139.29
5 (68 0 0 108 219 68 ) 4.43338
5 (68 0 0 108 72 68 ) 32538.4
5 (68 0 2 108 72 68 ) 4425.62
5 (68 0 0 108 219 68 ) 4.43338
5 (68 0 1 132 219 68 ) 4569.46
5 (68 0 1 132 219 78 ) 1811.84
5 (68 0 0 108 219 68 ) 4.43338
5 (95 1 2 250 72 90 ) 206723
5 (95 1 2 216 72 90 ) 4507.95
5 (68 0 0 108 219 68 ) 4.43338
5 (96 4 1 108 247 68 ) 130.968
5 (96 4 1 108 232 68 ) 74.4962
5 (68 0 0 108 219 68 ) 4.43338
5 (95 0 0 154 72 68 ) 3416.44
5 (95 2 0 154 72 68 ) 2135.24
5 (68 0 0 108 219 68 ) 4.43338
5 (20 4 2 108 72 90 ) 383.458
5 (20 4 2 54 72 90 ) 233.846
5 (68 0 0 108 219 68 ) 4.43338
5 (95 0 1 132 247 68 ) 4987.16
5 (68 0 1 132 247 68 ) 143.113
5 (68 0 0 108 219 68 ) 4.43338
5 (95 0 0 56 72 90 ) 47457.7
5 (75 0 0 56 72 90 ) 781.242
5 (68 0 0 108 219 68 ) 4.43338
5 (95 0 2 52 247 90 ) 407.17
5 (95 6 2 52 247 90 ) 78.4616
5 (68 0 0 108 219 68 ) 4.43338
5 (11 5 2 108 219 68 ) 25.4464
5 (68 0 0 108 219 68 ) 4.43338
5 (41 0 1 132 120 90 ) 2079.97
5 (41 0 1 132 120 81 ) 113.477
5 (68 0 0 108 219 68 ) 4.43338
5 (95 0 0 108 72 68 ) 64.2767
5 (68 0 0 108 219 68 ) 4.43338
5 (68 0 0 37 247 68 ) 52.2842
5 (68 0 0 94 247 68 ) 4.48013
5 (68 0 0 108 219 68 ) 4.43338
5 (95 0 1 52 197 87 ) 33402.9
5 (95 0 1 52 199 87 ) 4009.4
5 (68 0 0 108 219 68 ) 4.43338
5 (95 0 0 108 72 68 ) 37046.9
5 (67 0 0 108 72 68 ) 75.1802
5 (68 0 0 108 219 68 ) 4.43338
5 (95 0 2 108 120 87 ) 3579.37
5 (95 0 2 152 120 87 ) 439.559
5 (68 0 0 108 219 68 ) 4.43338
5 (95 0 2 132 72 90 ) 132.902
5 (95 0 2 132 104 90 ) 98.8163
5 (68 0 0 108 219 68 ) 4.43338
5 (42 0 0 108 219 90 ) 71100.1
5 (42 4 0 108 219 90 ) 69.4615
5 (68 0 0 108 219 68 ) 4.43338
5 (95 0 0 132 72 87 ) 3788.75
5 (95 0 0 83 72 87 ) 3604.15
5 (68 0 0 108 219 68 ) 4.43338
5 (11 0 0 250 72 90 ) 53.8137
5 (11 0 0 241 72 90 ) 22.5565
5 (68 0 0 108 219 68 ) 4.43338
5 (11 0 1 108 247 90 ) 4388.47
5 (154 0 1 108 247 90 ) 229.664
5 (68 0 0 108 219 68 ) 4.43338
5 (95 3 2 132 247 68 ) 3931.26
5 (68 0 0 108 219 68 ) 4.43338
5 (154 0 0 108 247 68 ) 5103.56
5 (29 0 0 108 247 68 ) 3491.84
5 (68 0 0 108 219 68 ) 4.43338
5 (42 0 1 37 120 90 ) 3506.18
5 (42 5 1 37 120 90 ) 3465.56
5 (68 0 0 108 219 68 ) 4.43338
5 (11 0 1 52 72 90 ) 94.7011
5 (11 0 1 52 72 63 ) 18.7072
5 (68 0 0 108 219 68 ) 4.43338
5 (41 0 0 154 72 68 ) 272050
5 (41 0 0 93 72 68 ) 13.14
5 (68 0 0 108 219 68 ) 4.43338
5 (95 0 1 37 247 68 ) 4415.8
5 (95 0 1 83 247 68 ) 910.847
5 (68 0 0 108 219 68 ) 4.43338
5 (95 5 0 108 72 68 ) 236997
5 (97 5 0 108 72 68 ) 59.8567
5 (68 0 0 108 219 68 ) 4.43338
5 (68 0 1 52 120 68 ) 1957.9
5 (68 0 1 52 120 68 ) 481.62
5 (68 0 0 108 219 68 ) 4.43338
5 (68 0 1 132 93 90 ) 50.0201
5 (68 0 1 132 93 11 ) 13.4537
5 (68 0 0 108 219 68 ) 4.43338
5 (95 0 1 93 93 11 ) 610464
5 (95 0 1 93 76 11 ) 694.034
5 (68 0 0 108 219 68 ) 4.43338
5 (68 0 1 108 247 90 ) 50.1796
5 (68 0 1 108 178 90 ) 16.1815
5 (68 0 0 108 219 68 ) 4.43338
5 (41 0 1 132 120 90 ) 3606
5 (9 0 1 132 120 90 ) 1241.83
5 (68 0 0 108 219 68 ) 4.43338
5 (68 0 1 132 219 11 ) 109.132
5 (68 0 1 132 219 65 ) 16.9542
5 (68 0 0 108 219 68 ) 4.43338
5 (11 0 1 132 72 68 ) 140220
5 (11 0 2 132 72 68 ) 4473.79
5 (68 0 0 108 219 68 ) 4.43338
5 (95 0 1 108 197 68 ) 4424.08
5 (95 4 1 108 197 68 ) 6.51366
5 (68 0 0 108 219 68 ) 4.43338
5 (41 0 1 108 72 68 ) 9130.7
5 (41 6 1 108 72 68 ) 8882.84
5 (68 0 0 108 219 68 ) 4.43338
5 (41 5 1 249 219 68 ) 3465.7
5 (83 5 1 249 219 68 ) 476.643
5 (68 0 0 108 219 68 ) 4.43338
5 (41 0 1 108 247 68 ) 3782.19
5 (41 0 1 108 247 74 ) 246.551
5 (68 0 0 108 219 68 ) 4.43338
5 (95 0 1 108 72 90 ) 54.9575
5 (95 1 1 108 72 90 ) 11.2505
5 (68 0 0 108 219 68 ) 4.43338
5 (95 0 1 132 72 68 ) 4439.85
5 (95 0 1 72 72 68 ) 2086.01
5 (68 0 0 108 219 68 ) 4.43338
5 (95 0 1 37 72 68 ) 2.24064e+07
5 (95 0 1 37 72 49 ) 219.193
5 (68 0 0 108 219 68 ) 4.43338
5 (68 0 1 108 197 90 ) 3482.42
5 (68 0 1 108 197 59 ) 269.673
5 (68 0 0 108 219 68 ) 4.43338
5 (95 0 1 108 219 11 ) 510.861
5 (186 0 1 108 219 11 ) 182.441
5 (68 0 0 108 219 68 ) 4.43338
5 (68 1 0 108 219 90 ) 77473.9
5 (68 0 0 108 219 90 ) 514.863
5 (68 0 0 108 219 68 ) 4.43338
5 (95 0 0 93 72 90 ) 57.2085
5 (147 0 0 93 72 90 ) 12.8516
5 (68 0 0 108 219 68 ) 4.43338
5 (41 1 1 249 219 68 ) 266.891
5 (41 1 1 249 219 72 ) 181.786
5 (68 0 0 108 219 68 ) 4.43338
5 (11 0 0 108 72 90 ) 86887.6
5 (11 0 0 108 72 46 ) 120.564
5 (68 0 0 108 219 68 ) 4.43338
5 (147 0 1 132 72 68 ) 93.0083
5 (147 5 1 132 72 68 ) 51.9003
5 (68 0 0 108 219 68 ) 4.43338
5 (95 0 2 132 72 68 ) 12.8127
5 (68 0 0 108 219 68 ) 4.43338
5 (20 0 1 93 72 68 ) 141.351
5 (20 0 2 93 72 68 ) 19.6101
5 (68 0 0 108 219 68 ) 4.43338
5 (95 1 0 132 72 68 ) 53.5589
5 (68 0 0 108 219 68 ) 4.43338
5 (95 0 0 93 197 68 ) 3522.65
5 (74 0 0 93 197 68 ) 3473.96
5 (68 0 0 108 219 68 ) 4.43338
5 (95 4 1 108 93 68 ) 4290.51
5 (164 4 1 108 93 68 ) 795.313
5 (68 0 0 108 219 68 ) 4.43338
5 (11 0 2 108 72 90 ) 85591.8
5 (11 0 2 108 72 59 ) 162.868
5 (68 0 0 108 219 68 ) 4.43338
5 (95 0 0 108 72 90 ) 8.23992
5 (68 0 0 108 219 68 ) 4.43338
5 (11 0 0 132 72 68 ) 406.307
5 (11 0 0 148 72 68 ) 47.5713
5 (68 0 0 108 219 68 ) 4.43338
5 (95 5 0 108 72 68 ) 101.385
5 (95 0 0 108 72 68 ) 44.3212
5 (68 0 0 108 219 68 ) 4.43338
5 (95 4 0 108 72 68 ) 24.0104
5 (68 0 0 108 219 68 ) 4.43338
5 (11 0 1 249 120 28 ) 19.4777
5 (11 0 1 249 113 28 ) 10.4221
5 (68 0 0 108 219 68 ) 4.43338
5 (11 0 1 132 72 90 ) 50.6966
5 (11 0 1 96 72 90 ) 15.2276
5 (68 0 0 108 219 68 ) 4.43338
5 (95 0 0 93 72 68 ) 142.806
5 (95 0 0 93 192 68 ) 50.5629
5 (68 0 0 108 219 68 ) 4.43338
5 (95 5 1 132 72 68 ) 14.543
5 (68 0 0 108 219 68 ) 4.43338
5 (95 0 0 108 72 68 ) 3956.5
5 (95 0 0 108 102 68 ) 3372.74
5 (68 0 0 108 219 68 ) 4.43338
5 (95 0 0 132 72 90 ) 83448.2
5 (14 0 0 132 72 90 ) 6952.36
5 (68 0 0 108 219 68 ) 4.43338
5 (11 5 1 37 72 90 ) 221189
5 (45 5 1 37 72 90 ) 92.3093
5 (68 0 0 108 219 68 ) 4.43338
5 (95 0 0 37 72 90 ) 49.7494
5 (68 0 0 108 219 68 ) 4.43338
5 (20 0 1 93 72 90 ) 424.148
5 (20 2 1 93 72 90 ) 66.2168
5 (68 0 0 108 219 68 ) 4.43338
5 (42 0 0 108 72 28 ) 580.015
5 (42 0 0 108 72 28 ) 129.196
5 (68 0 0 108 219 68 ) 4.43338
5 (68 0 1 93 72 68 ) 49.1319
5 (68 0 0 108 219 68 ) 4.43338
5 (95 0 2 154 72 90 ) 734.294
5 (95 0 2 154 48 90 ) 348.231
5 (68 0 0 108 219 68 ) 4.43338
5 (68 4 0 108 72 68 ) 6773.7
5 (68 4 1 108 72 68 ) 179.332
5 (68 0 0 108 219 68 ) 4.43338
5 (68 1 2 93 72 90 ) 48.8383
5 (68 1 2 93 241 90 ) 48.7963
5 (68 0 0 108 219 68 ) 4.43338
5 (68 0 1 93 72 90 ) 210979
5 (68 0 1 93 72 90 ) 4447.98
5 (68 0 0 108 219 68 ) 4.43338
5 (42 5 0 132 120 28 ) 44757.7
5 (95 5 0 132 120 28 ) 13905.1
5 (68 0 0 108 219 68 ) 4.43338
5 (11 0 1 108 219 87 ) 34478.7
5 (11 0 1 108 163 87 ) 9.3905
5 (68 0 0 108 219 68 ) 4.43338
5 (95 0 0 108 72 90 ) 5599.91
6 (95 1 2 84 60 56 ) 157.055
6 (50 5 1 84 168 16 ) 14.2456
6 (50 5 1 84 168 16 ) 14.2456
6 (68 0 0 36 24 90 ) 163182
6 (68 0 0 126 24 90 ) 2189.3
6 (50 5 1 84 168 16 ) 14.2456
6 (68 5 0 12 24 32 ) 133779
6 (68 5 0 151 24 32 ) 4366.8
6 (50 5 1 84 168 16 ) 14.2456
6 (32 6 1 60 132 52 ) 3426.8
6 (148 6 1 60 132 52 ) 423.775
6 (50 5 1 84 168 16 ) 14.2456
6 (50 4 1 0 216 64 ) 4492.17
6 (50 4 1 63 216 64 ) 253.675
6 (50 5 1 84 168 16 ) 14.2456
6 (95 1 1 216 12 32 ) 152.568
6 (95 1 1 225 12 32 ) 19.41
6 (50 5 1 84 168 16 ) 14.2456
6 (149 5 1 225 12 72 ) 4087.58
6 (149 5 1 39 12 72 ) 86.9083
6 (50 5 1 84 168 16 ) 14.2456
6 (95 1 1 84 12 64 ) 219.022
6 (31 1 1 84 12 64 ) 121.938
6 (50 5 1 84 168 16 ) 14.2456
6 (50 1 1 60 250 52 ) 238033
6 (54 1 1 60 250 52 ) 4339.4
6 (50 5 1 84 168 16 ) 14.2456
6 (31 1 1 63 204 52 ) 1849.22
6 (31 1 1 63 204 26 ) 1794.24
6 (50 5 1 84 168 16 ) 14.2456
6 (149 1 1 63 24 56 ) 1.22261e+09
6 (149 1 1 63 24 56 ) 5.99118e+08
6 (50 5 1 84 168 16 ) 14.2456
6 (31 6 1 126 250 64 ) 3886.53
6 (31 6 1 126 250 46 ) 513.419
6 (50 5 1 84 168 16 ) 14.2456
6 (149 2 1 63 12 32 ) 3.59309e+09
6 (149 2 1 63 12 32 ) 235561
6 (50 5 1 84 168 16 ) 14.2456
6 (31 1 1 63 250 32 ) 421.182
6 (31 1 1 188 250 32 ) 13.0006
6 (31 1 1 188 250 32 ) 13.0006
6 (95 1 1 126 12 16 ) 2864.6
6 (178 1 1 126 12 16 ) 303.356
6 (31 1 1 188 250 32 ) 13.0006
6 (149 6 1 188 96 32 ) 4266.28
6 (135 6 1 188 96 32 ) 118.772
6 (31 1 1 188 250 32 ) 13.0006
6 (178 5 1 84 96 16 ) 2688.17
6 (98 5 1 84 96 16 ) 918.458
6 (31 1 1 188 250 32 ) 13.0006
6 (148 4 1 156 12 56 ) 4266.15
6 (148 4 1 156 211 56 ) 118.899
6 (31 1 1 188 250 32 ) 13.0006
6 (50 2 1 126 211 48 ) 4866.88
6 (50 2 1 126 204 48 ) 236.063
6 (31 1 1 188 250 32 ) 13.0006
6 (149 1 1 84 132 72 ) 32.4743
6 (31 1 1 188 250 32 ) 13.0006
6 (50 4 1 84 96 64 ) 4523.62
6 (50 4 0 84 96 64 ) 3327.08
6 (31 1 1 188 250 32 ) 13.0006
6 (95 4 1 84 132 72 ) 4373.56
6 (95 4 1 84 222 72 ) 320.027
6 (31 1 1 188 250 32 ) 13.0006
6 (178 4 1 188 211 72 ) 4055.33
6 (178 4 1 188 211 72 ) 176.472
6 (31 1 1 188 250 32 ) 13.0006
6 (95 1 1 126 132 48 ) 4204.1
6 (95 6 1 126 132 48 ) 94.5433
6 (31 1 1 188 250 32 ) 13.0006
6 (149 1 1 216 60 32 ) 8.36267e+08
6 (149 1 1 216 60 67 ) 1459.9
6 (31 1 1 188 250 32 ) 13.0006
6 (50 2 1 84 132 48 ) 90.2006
6 (31 1 1 188 250 32 ) 13.0006
6 (50 6 1 84 250 16 ) 104.262
6 (31 1 1 188 250 32 ) 13.0006
6 (31 5 2 84 12 72 ) 4731.44
6 (117 5 2 84 12 72 ) 2866.76
6 (31 1 1 188 250 32 ) 13.0006
6 (149 5 1 84 12 48 ) 2.62963e+09
6 (149 5 1 84 12 48 ) 607.428
6 (31 1 1 188 250 32 ) 13.0006
6 (95 5 1 216 72 16 ) 8174.28
6 (95 5 0 216 72 16 ) 1359.1
6 (31 1 1 188 250 32 ) 13.0006
6 (31 1 2 216 132 32 ) 445.665
6 (31 1 2 216 36 32 ) 113.724
6 (31 1 1 188 250 32 ) 13.0006
6 (149 1 1 84 211 32 ) 5.24187e+08
6 (149 1 1 98 211 32 ) 6247.3
6 (31 1 1 188 250 32 ) 13.0006
6 (31 2 1 225 12 16 ) 602.191
6 (31 2 1 225 12 60 ) 29.7988
6 (31 1 1 188 250 32 ) 13.0006
6 (95 5 1 188 132 72 ) 3935.56
6 (95 5 1 162 132 72 ) 3528.56
6 (31 1 1 188 250 32 ) 13.0006
6 (135 4 1 156 12 64 ) 18.9674
6 (31 1 1 188 250 32 ) 13.0006
6 (135 1 2 84 132 72 ) 4116.7
6 (135 1 2 84 171 72 ) 18.811
6 (31 1 1 188 250 32 ) 13.0006
6 (95 5 1 216 96 64 ) 61211.8
6 (95 5 1 249 96 64 ) 268.729
6 (31 1 1 188 250 32 ) 13.0006
6 (178 4 1 84 36 32 ) 3.50613e+09
6 (154 4 1 84 36 32 ) 4412.63
6 (31 1 1 188 250 32 ) 13.0006
6 (149 1 1 156 211 32 ) 8.03335e+08
6 (149 1 1 156 225 32 ) 86.8601
6 (31 1 1 188 250 32 ) 13.0006
6 (148 4 1 84 12 72 ) 198008
6 (148 2 1 84 12 72 ) 350.329
6 (31 1 1 188 250 32 ) 13.0006
6 (95 1 2 84 168 64 ) 4314.14
6 (95 1 2 84 29 64 ) 149.218
6 (31 1 1 188 250 32 ) 13.0006
6 (31 4 1 188 132 64 ) 188304
6 (31 4 1 40 132 64 ) 155.658
6 (31 1 1 188 250 32 ) 13.0006
6 (50 6 1 84 12 32 ) 198773
6 (50 6 1 84 12 26 ) 8142.09
6 (31 1 1 188 250 32 ) 13.0006
6 (31 4 1 84 132 64 ) 28.3169
6 (31 4 1 149 132 64 ) 12.7634
6 (31 4 1 149 132 64 ) 12.7634
6 (31 1 2 188 12 64 ) 254062
6 (31 2 2 188 12 64 ) 4441.85
6 (31 4 1 149 132 64 ) 12.7634
6 (31 1 1 188 211 64 ) 81.2348
6 (31 3 1 188 211 64 ) 4.2162
6 (31 3 1 188 211 64 ) 4.2162
6 (31 1 1 156 12 64 ) 203.711
6 (139 1 1 156 12 64 ) 160.452
6 (31 3 1 188 211 64 ) 4.2162
6 (149 6 1 126 12 48 ) 304.491
6 (149 6 1 126 12 48 ) 171.398
6 (31 3 1 188 211 64 ) 4.2162
6 (135 1 1 84 96 64 ) 6073.62
6 (135 1 1 84 35 64 ) 136.975
6 (31 3 1 188 211 64 ) 4.2162
6 (31 5 1 216 211 32 ) 3979.84
6 (31 5 1 216 211 32 ) 208.246
6 (31 3 1 188 211 64 ) 4.2162
6 (31 5 1 225 211 72 ) 13.3163
6 (31 3 1 188 211 64 ) 4.2162
6 (95 4 1 126 132 64 ) 90.6169
6 (31 3 1 188 211 64 ) 4.2162
6 (31 1 1 84 12 64 ) 126.463
6 (31 1 1 121 12 64 ) 117.35
6 (31 3 1 188 211 64 ) 4.2162
6 (135 4 1 39 211 72 ) 4250.58
6 (135 2 1 39 211 72 ) 133.3
6 (31 3 1 188 211 64 ) 4.2162
6 (31 1 1 225 132 48 ) 4221.34
6 (31 1 1 225 132 21 ) 1637.38
6 (31 3 1 188 211 64 ) 4.2162
6 (31 4 1 84 225 48 ) 1465.36
6 (31 2 1 84 225 48 ) 69.5962
6 (31 3 1 188 211 64 ) 4.2162
6 (149 1 2 156 250 16 ) 4.45364e+08
6 (149 4 2 156 250 16 ) 8.63269e+07
6 (31 3 1 188 211 64 ) 4.2162
6 (31 4 1 84 168 32 ) 175.72
6 (13 4 1 84 168 32 ) 80.8454
6 (31 3 1 188 211 64 ) 4.2162
6 (31 1 1 126 132 72 ) 63.5954
6 (31 1 2 126 132 72 ) 21.7405
6 (31 3 1 188 211 64 ) 4.2162
6 (31 4 1 156 211 72 ) 440.78
6 (31 4 0 156 211 72 ) 73.5229
6 (31 3 1 188 211 64 ) 4.2162
6 (31 4 1 84 132 64 ) 4213.65
6 (31 4 1 84 132 81 ) 63.2513
6 (31 3 1 188 211 64 ) 4.2162
6 (31 4 1 84 225 72 ) 114.455
6 (154 4 1 84 225 72 ) 67.4977
6 (31 3 1 188 211 64 ) 4.2162
6 (135 4 1 84 12 32 ) 9.39731e+08
6 (135 4 1 84 96 32 ) 4332.78
6 (31 3 1 188 211 64 ) 4.2162
6 (31 1 1 84 132 32 ) 8794.28
6 (31 1 1 34 132 32 ) 2182.17
6 (31 3 1 188 211 64 ) 4.2162
6 (31 4 1 84 211 81 ) 3980.8
6 (31 6 1 84 211 81 ) 58.1512
6 (31 3 1 188 211 64 ) 4.2162
6 (31 1 1 84 168 72 ) 16.0616
6 (31 3 1 188 211 64 ) 4.2162
6 (31 4 1 84 132 72 ) 76.8352
6 (31 4 1 84 132 13 ) 15.9529
6 (31 3 1 188 211 64 ) 4.2162
6 (31 4 1 156 132 64 ) 214934
6 (31 4 1 156 134 64 ) 8262.68
6 (31 3 1 188 211 64 ) 4.2162
6 (31 1 1 84 132 64 ) 211118
6 (31 1 1 84 172 64 ) 69.8707
6 (31 3 1 188 211 64 ) 4.2162
6 (95 1 1 149 132 72 ) 205865
6 (95 1 0 149 132 72 ) 54391.6
6 (31 3 1 188 211 64 ) 4.2162
6 (95 4 2 84 12 72 ) 261928
6 (95 4 2 84 12 72 ) 81.3522
6 (31 3 1 188 211 64 ) 4.2162
6 (31 1 1 84 211 13 ) 4700.48
6 (31 1 1 84 211 34 ) 12.6187
6 (31 3 1 188 211 64 ) 4.2162
6 (31 4 1 84 132 32 ) 4086.9
6 (31 4 1 84 139 32 ) 512.27
6 (31 3 1 188 211 64 ) 4.2162
6 (31 1 1 84 12 64 ) 11.7624
6 (31 3 1 188 211 64 ) 4.2162
6 (50 1 1 225 211 64 ) 4351.62
6 (50 1 1 195 211 64 ) 3958.79
6 (31 3 1 188 211 64 ) 4.2162
6 (135 4 1 84 132 81 ) 67.9573
6 (135 4 1 84 132 83 ) 65.3534
6 (31 3 1 188 211 64 ) 4.2162
6 (135 5 1 84 132 60 ) 124.399
6 (135 5 1 232 132 60 ) 77.8029
6 (31 3 1 188 211 64 ) 4.2162
6 (31 1 1 225 12 72 ) 4072.02
6 (31 1 1 225 189 72 ) 3825.41
6 (31 3 1 188 211 64 ) 4.2162
6 (31 3 1 84 12 32 ) 128.594
6 (31 3 1 84 12 56 ) 114.466
6 (31 3 1 188 211 64 ) 4.2162
6 (31 1 1 84 211 64 ) 4116.26
6 (106 1 1 84 211 64 ) 100.922
6 (31 3 1 188 211 64 ) 4.2162
6 (50 4 1 84 12 34 ) 7.41551e+07
6 (27 4 1 84 12 34 ) 176.329
6 (31 3 1 188 211 64 ) 4.2162
6 (135 1 1 84 168 13 ) 1.74119e+09
6 (135 1 1 84 168 7 ) 300.047
6 (31 3 1 188 211 64 ) 4.2162
6 (31 4 1 84 12 81 ) 2035.55
6 (31 4 1 115 12 81 ) 387.958
6 (31 3 1 188 211 64 ) 4.2162
6 (31 1 1 84 168 64 ) 194.06
6 (31 1 1 84 168 24 ) 170.499
6 (31 3 1 188 211 64 ) 4.2162
6 (31 4 1 84 132 64 ) 105.724
6 (31 5 1 84 132 64 ) 16.8036
6 (31 3 1 188 211 64 ) 4.2162
6 (31 2 2 84 132 16 ) 8.32844e+06
6 (31 2 2 45 132 16 ) 4787.68
6 (31 3 1 188 211 64 ) 4.2162
6 (31 2 1 84 12 72 ) 114894
6 (31 2 1 179 12 72 ) 4470.91
6 (31 3 1 188 211 64 ) 4.2162
6 (31 4 1 84 12 64 ) 1833.7
6 (31 5 1 84 12 64 ) 187.391
6 (31 3 1 188 211 64 ) 4.2162
6 (31 5 1 225 171 32 ) 3543.09
6 (31 5 1 225 171 32 ) 195.627
6 (31 3 1 188 211 64 ) 4.2162
6 (31 5 1 149 132 72 ) 17.9806
6 (31 0 1 149 132 72 ) 7.96708
6 (31 3 1 188 211 64 ) 4.2162
6 (50 1 1 188 132 13 ) 3.53235e+06
6 (50 1 1 250 132 13 ) 2853.43
6 (31 3 1 188 211 64 ) 4.2162
6 (31 4 2 225 168 32 ) 193.889
6 (31 4 2 150 168 32 ) 173.571
6 (31 3 1 188 211 64 ) 4.2162
6 (31 1 1 149 12 64 ) 19.029
6 (31 1 1 149 12 47 ) 15.8663
6 (31 3 1 188 211 64 ) 4.2162
6 (31 4 1 84 211 13 ) 1879.18
6 (31 4 1 225 211 13 ) 423.04
6 (31 3 1 188 211 64 ) 4.2162
6 (95 1 1 84 12 64 ) 251426
6 (95 1 1 191 12 64 ) 158550
6 (31 3 1 188 211 64 ) 4.2162
6 (31 5 1 84 132 64 ) 3525.61
6 (31 5 1 84 207 64 ) 259.167
6 (31 3 1 188 211 64 ) 4.2162
6 (31 3 1 84 132 32 ) 4063.08
6 (31 3 2 84 132 32 ) 77.8661
6 (31 3 1 188 211 64 ) 4.2162
6 (31 5 1 84 211 72 ) 3846.49
6 (56 5 1 84 211 72 ) 56.4518
6 (31 3 1 188 211 64 ) 4.2162
6 (31 1 1 188 12 72 ) 289.925
6 (31 1 1 188 180 72 ) 111.223
6 (31 3 1 188 211 64 ) 4.2162
6 (31 5 1 156 132 72 ) 3935.71
6 (31 5 1 156 134 72 ) 62.6497
6 (31 3 1 188 211 64 ) 4.2162
6 (95 1 1 188 250 32 ) 1969.35
6 (31 3 1 188 211 64 ) 4.2162
6 (31 0 2 149 132 72 ) 168.971
6 (31 0 2 187 132 72 ) 87.9822
6 (31 3 1 188 211 64 ) 4.2162
6 (31 1 1 149 12 13 ) 433.061
6 (31 3 1 188 211 64 ) 4.2162
6 (135 0 1 149 171 64 ) 294251
6 (135 4 1 149 171 64 ) 4004.68
6 (31 3 1 188 211 64 ) 4.2162
6 (31 4 1 84 211 32 ) 230.679
6 (26 4 1 84 211 32 ) 21.9007
6 (31 3 1 188 211 64 ) 4.2162
6 (31 3 1 225 211 64 ) 209.851
6 (31 3 1 212 211 64 ) 82.682
6 (31 3 1 188 211 64 ) 4.2162
6 (135 4 1 126 132 72 ) 4178.2
6 (135 4 1 126 132 72 ) 118.749
6 (31 3 1 188 211 64 ) 4.2162
6 (31 1 1 84 211 64 ) 36.8678
6 (31 1 1 84 76 64 ) 14.1881
6 (31 3 1 188 211 64 ) 4.2162
6 (31 1 1 84 132 16 ) 296.893
6 (31 3 1 188 211 64 ) 4.2162
6 (31 5 2 225 132 47 ) 402.381
6 (31 5 2 225 132 48 ) 148.145
6 (31 3 1 188 211 64 ) 4.2162
6 (31 4 1 225 171 72 ) 3944.82
6 (31 4 1 225 171 87 ) 58.8864
6 (31 3 1 188 211 64 ) 4.2162
6 (31 4 1 84 171 72 ) 191294
6 (83 4 1 84 171 72 ) 17.1932
6 (31 3 1 188 211 64 ) 4.2162
6 (31 3 1 188 76 64 ) 99.3824
6 (161 3 1 188 76 64 ) 16.8641
6 (31 3 1 188 211 64 ) 4.2162
6 (31 0 1 84 132 72 ) 4665.89
6 (31 0 1 8 132 72 ) 1320.98
6 (31 3 1 188 211 64 ) 4.2162
6 (135 5 1 188 132 47 ) 2.71737e+08
6 (135 5 1 188 132 47 ) 3907.57
6 (31 3 1 188 211 64 ) 4.2162
6 (31 1 1 84 12 64 ) 201692
6 (31 1 1 84 180 64 ) 1272.43
6 (31 3 1 188 211 64 ) 4.2162
6 (31 1 1 188 12 72 ) 466471
6 (31 3 1 188 12 72 ) 110.656
6 (31 3 1 188 211 64 ) 4.2162
6 (31 4 1 188 76 72 ) 206734
6 (31 4 1 241 76 72 ) 57.0933
6 (31 3 1 188 211 64 ) 4.2162
6 (31 1 1 84 12 72 ) 8.14095
6 (31 3 1 188 211 64 ) 4.2162
6 (31 1 1 84 168 64 ) 4109.78
6 (11 1 1 84 168 64 ) 125.29
6 (31 3 1 188 211 64 ) 4.2162
6 (31 3 1 84 132 64 ) 26760.9
6 (31 3 1 84 132 59 ) 5157.25
6 (31 3 1 188 211 64 ) 4.2162
6 (31 5 1 149 12 72 ) 50.3313
6 (42 5 1 149 12 72 ) 18.7409
6 (31 3 1 188 211 64 ) 4.2162
6 (31 1 1 84 12 72 ) 1597.74
6 (14 1 1 84 12 72 ) 101.825
6 (31 3 1 188 211 64 ) 4.2162
6 (42 1 1 188 76 64 ) 8233.42
6 (42 3 1 188 76 64 ) 4024.15
6 (31 3 1 188 211 64 ) 4.2162
6 (31 0 1 84 211 72 ) 9.59972
6 (31 3 1 188 211 64 ) 4.2162
6 (42 4 1 149 171 47 ) 109.983
6 (31 3 1 188 211 64 ) 4.2162
6 (31 4 1 84 132 64 ) 4286.96
6 (31 4 1 84 132 44 ) 229.479
6 (31 3 1 188 211 64 ) 4.2162
6 (50 1 1 84 132 72 ) 128.521
6 (50 1 1 84 132 87 ) 18.8041
6 (31 3 1 188 211 64 ) 4.2162
6 (31 0 1 84 76 64 ) 331210
6 (98 0 1 84 76 64 ) 326127
6 (31 3 1 188 211 64 ) 4.2162
6 (31 3 1 84 132 32 ) 175.215
6 (18 3 1 84 132 32 ) 131.927
6 (31 3 1 188 211 64 ) 4.2162
6 (31 4 1 84 132 72 ) 6.97708
6 (31 3 1 188 211 64 ) 4.2162
6 (31 4 1 84 12 64 ) 1810.68
6 (31 4 1 235 12 64 ) 879.163
6 (31 3 1 188 211 64 ) 4.2162
6 (31 3 1 84 211 32 ) 11149.5
6 (31 5 1 84 211 32 ) 304.299
6 (31 3 1 188 211 64 ) 4.2162
6 (31 3 1 149 168 64 ) 65.9775
6 (31 3 1 188 211 64 ) 4.2162
6 (31 1 1 149 132 64 ) 264.038
6 (31 1 1 149 132 89 ) 199.263
6 (31 3 1 188 211 64 ) 4.2162
6 (83 1 1 84 211 72 ) 52.0327
6 (83 1 1 84 211 84 ) 8.36272
6 (31 3 1 188 211 64 ) 4.2162
6 (31 1 1 84 250 16 ) 288.973
6 (31 1 1 84 250 43 ) 149.918
6 (31 3 1 188 211 64 ) 4.2162
6 (31 3 1 84 168 72 ) 77497.5
6 (31 3 1 91 168 72 ) 4298.76
6 (31 3 1 188 211 64 ) 4.2162
6 (31 0 1 84 168 64 ) 148.915
6 (31 0 1 84 168 64 ) 137.265
6 (31 3 1 188 211 64 ) 4.2162
6 (161 1 1 84 12 84 ) 1683.21
6 (93 1 1 84 12 84 ) 542.494
6 (31 3 1 188 211 64 ) 4.2162
6 (31 1 1 84 12 84 ) 930.413
6 (31 3 1 188 211 64 ) 4.2162
6 (31 4 1 188 12 72 ) 4472.11
6 (31 4 0 188 12 72 ) 106.882
6 (31 3 1 188 211 64 ) 4.2162
6 (31 0 1 84 132 64 ) 339949
6 (31 0 1 84 132 54 ) 566.994
6 (31 3 1 188 211 64 ) 4.2162
6 (31 1 1 84 250 64 ) 33.4073
6 (31 3 1 188 211 64 ) 4.2162
6 (31 1 1 84 76 72 ) 121.135
6 (31 1 0 84 76 72 ) 64.2784
6 (31 3 1 188 211 64 ) 4.2162
6 (50 0 1 149 211 64 ) 99482.9
6 (50 0 1 149 211 22 ) 6222.78
6 (31 3 1 188 211 64 ) 4.2162
6 (31 1 1 84 211 13 ) 4683.48
6 (31 1 1 84 211 13 ) 4117.84
6 (31 3 1 188 211 64 ) 4.2162
6 (31 1 1 188 12 64 ) 264.967
6 (31 1 0 188 12 64 ) 204.984
6 (31 3 1 188 211 64 ) 4.2162
6 (50 1 1 84 132 64 ) 4396.84
6 (50 1 1 84 154 64 ) 1422.98
6 (31 3 1 188 211 64 ) 4.2162
6 (31 5 1 149 132 64 ) 119.568
6 (31 1 1 149 132 64 ) 27.1367
6 (31 3 1 188 211 64 ) 4.2162
6 (31 1 1 225 12 72 ) 4136.46
6 (31 1 1 225 12 61 ) 155.604
6 (31 3 1 188 211 64 ) 4.2162
6 (161 4 1 84 168 34 ) 323.21
6 (161 4 1 84 168 19 ) 260.535
6 (31 3 1 188 211 64 ) 4.2162
6 (31 1 1 84 132 72 ) 194.256
6 (31 1 1 84 132 27 ) 105.834
6 (31 3 1 188 211 64 ) 4.2162
6 (31 5 1 84 12 64 ) 231373
6 (31 5 1 84 12 64 ) 191796
6 (31 3 1 188 211 64 ) 4.2162
6 (31 1 1 84 132 84 ) 51.8793
6 (31 3 1 188 211 64 ) 4.2162
6 (31 3 1 84 211 64 ) 28816.3
6 (32 3 1 84 211 64 ) 136.198
6 (31 3 1 188 211 64 ) 4.2162
6 (161 3 1 84 132 32 ) 5050.19
6 (161 5 1 84 132 32 ) 4511.21
6 (31 3 1 188 211 64 ) 4.2162
6 (31 1 1 84 12 72 ) 1538.16
6 (31 1 1 92 12 72 ) 282.276
6 (31 3 1 188 211 64 ) 4.2162
6 (31 1 1 84 250 84 ) 93.5891
6 (31 4 1 84 250 84 ) 53.237
6 (31 3 1 188 211 64 ) 4.2162
6 (31 0 1 225 132 32 ) 357.357
6 (61 0 1 225 132 32 ) 8.74167
6 (31 3 1 188 211 64 ) 4.2162
6 (31 4 1 225 132 64 ) 12040.1
6 (186 4 1 225 132 64 ) 274.261
6 (31 3 1 188 211 64 ) 4.2162
6 (31 4 1 84 76 64 ) 4201.25
6 (31 4 1 84 76 33 ) 368.928
6 (31 3 1 188 211 64 ) 4.2162
6 (50 1 1 225 132 64 ) 336.828
6 (50 3 1 225 132 64 ) 178.15
6 (31 3 1 188 211 64 ) 4.2162
6 (31 1 1 84 132 64 ) 144.602
6 (31 1 1 84 132 64 ) 86.2829
6 (31 3 1 188 211 64 ) 4.2162
6 (31 1 1 84 211 47 ) 22.0238
6 (31 3 1 188 211 64 ) 4.2162
6 (31 5 1 84 76 32 ) 246792
6 (137 5 1 84 76 32 ) 177.397
6 (31 3 1 188 211 64 ) 4.2162
6 (31 4 1 188 76 72 ) 16.6551
6 (31 4 1 188 134 72 ) 16.3544
6 (31 3 1 188 211 64 ) 4.2162
6 (83 1 1 84 211 72 ) 218.214
6 (83 1 1 84 211 70 ) 6.08609
6 (31 3 1 188 211 64 ) 4.2162
6 (83 1 1 225 211 64 ) 850.783
6 (83 6 1 225 211 64 ) 124.319
6 (31 3 1 188 211 64 ) 4.2162
6 (31 1 1 225 211 72 ) 4048.21
6 (31 1 1 225 250 72 ) 370.821
6 (31 3 1 188 211 64 ) 4.2162
6 (31 1 1 84 132 32 ) 2045.66
6 (31 1 2 84 132 32 ) 291.599
6 (31 3 1 188 211 64 ) 4.2162
6 (31 4 1 84 12 72 ) 4397.01
6 (31 4 1 84 12 26 ) 75.1643
6 (31 3 1 188 211 64 ) 4.2162
6 (31 1 1 84 132 84 ) 81.7929
6 (71 1 1 84 132 84 ) 49.4893
6 (31 3 1 188 211 64 ) 4.2162
6 (31 1 1 84 211 16 ) 370.911
6 (120 1 1 84 211 16 ) 23.5332
6 (31 3 1 188 211 64 ) 4.2162
6 (31 1 1 149 168 32 ) 4171.61
6 (31 3 1 149 168 32 ) 390.453
6 (31 3 1 188 211 64 ) 4.2162
6 (83 0 1 84 211 64 ) 301.931
6 (83 0 1 84 211 79 ) 12.9661
6 (31 3 1 188 211 64 ) 4.2162
6 (31 4 1 84 250 72 ) 65.4125
6 (31 3 1 188 211 64 ) 4.2162
6 (31 1 1 84 168 32 ) 164.729
6 (31 1 1 84 168 32 ) 12.6727
6 (31 3 1 188 211 64 ) 4.2162
6 (31 4 1 84 132 72 ) 127.394
6 (129 4 1 84 132 72 ) 72.534
6 (31 3 1 188 211 64 ) 4.2162
6 (31 1 1 84 211 84 ) 386.728
6 (31 4 1 84 211 84 ) 220.785
6 (31 3 1 188 211 64 ) 4.2162
6 (31 4 1 149 132 72 ) 4316.81
6 (122 4 1 149 132 72 ) 103.477
6 (31 3 1 188 211 64 ) 4.2162
6 (31 1 1 84 132 64 ) 115.285
6 (31 3 1 188 211 64 ) 4.2162
6 (31 1 1 84 168 16 ) 204352
6 (67 1 1 84 168 16 ) 8660.28
6 (31 3 1 188 211 64 ) 4.2162
6 (31 0 1 188 211 32 ) 538.127
6 (31 0 1 188 211 38 ) 280.344
6 (31 3 1 188 211 64 ) 4.2162
6 (83 1 1 84 211 32 ) 7.091e+07
6 (83 1 1 172 211 32 ) 4112.18
6 (31 3 1 188 211 64 ) 4.2162
6 (50 5 1 188 211 72 ) 3780.85
6 (50 5 1 188 23 72 ) 1324.41
6 (31 3 1 188 211 64 ) 4.2162
6 (31 1 1 149 12 32 ) 199.333
6 (31 1 1 149 12 32 ) 199.109
6 (31 3 1 188 211 64 ) 4.2162
6 (31 4 1 84 211 72 ) 4216.95
6 (31 4 1 84 86 72 ) 4123.08
6 (31 3 1 188 211 64 ) 4.2162
6 (31 1 1 225 12 47 ) 4070.55
6 (31 1 1 225 12 42 ) 245.677
6 (31 3 1 188 211 64 ) 4.2162
6 (31 3 1 84 12 47 ) 4284.59
6 (31 3 1 84 12 47 ) 14.7496
6 (31 3 1 188 211 64 ) 4.2162
6 (31 4 1 188 211 32 ) 524.624
6 (31 4 1 188 211 25 ) 70.8147
6 (31 3 1 188 211 64 ) 4.2162
6 (31 5 1 188 211 72 ) 3541.19
6 (31 5 1 188 215 72 ) 145.679
6 (31 3 1 188 211 64 ) 4.2162
6 (31 0 1 84 211 64 ) 217.47
6 (31 0 1 84 232 64 ) 15.8005
6 (31 3 1 188 211 64 ) 4.2162
6 (83 5 1 149 12 72 ) 108670
6 (83 5 2 149 12 72 ) 276.885
6 (31 3 1 188 211 64 ) 4.2162
6 (83 1 1 149 250 72 ) 4293.12
6 (83 5 1 149 250 72 ) 3441.69
6 (31 3 1 188 211 64 ) 4.2162
6 (83 5 1 149 76 32 ) 8.25977e+07
6 (83 4 1 149 76 32 ) 161.184
6 (31 3 1 188 211 64 ) 4.2162
6 (31 1 1 149 12 32 ) 4554.38
6 (31 1 1 149 12 44 ) 4163.29
6 (31 3 1 188 211 64 ) 4.2162
6 (31 1 1 84 211 72 ) 635.909
6 (31 0 1 84 211 72 ) 341.3
6 (31 3 1 188 211 64 ) 4.2162
6 (31 0 1 225 12 34 ) 303.926
6 (31 0 0 225 12 34 ) 124.413
6 (31 3 1 188 211 64 ) 4.2162
6 (31 1 1 149 132 34 ) 81.5865
6 (31 1 1 149 182 34 ) 4.047
6 (31 1 1 149 182 34 ) 4.047
6 (31 1 1 84 211 34 ) 8467.94
6 (31 1 0 84 211 34 ) 155.909
6 (31 1 1 149 182 34 ) 4.047
6 (31 1 1 84 168 64 ) 4109.95
6 (31 1 0 84 168 64 ) 13.2928
6 (31 1 1 149 182 34 ) 4.047
6 (31 1 1 84 211 72 ) 12453.3
6 (31 1 1 198 211 72 ) 3855.6
6 (31 1 1 149 182 34 ) 4.047
6 (83 5 1 149 211 70 ) 3504.09
6 (83 5 1 149 211 15 ) 357.075
6 (31 1 1 149 182 34 ) 4.047
6 (31 1 1 84 211 70 ) 250968
6 (31 1 1 84 211 53 ) 1529.24
6 (31 1 1 149 182 34 ) 4.047
6 (31 4 1 84 211 34 ) 227860
6 (31 4 1 84 211 13 ) 183761
6 (31 1 1 149 182 34 ) 4.047
6 (31 1 1 84 211 72 ) 517.501
6 (31 1 0 84 211 72 ) 79.0392
6 (31 1 1 149 182 34 ) 4.047
6 (31 3 1 84 250 72 ) 3186.48
6 (31 3 1 84 250 60 ) 13.6084
6 (31 1 1 149 182 34 ) 4.047
6 (31 1 1 188 211 72 ) 3814.64
6 (31 1 1 188 42 72 ) 265.974
6 (31 1 1 149 182 34 ) 4.047
6 (61 1 1 225 132 72 ) 78.1524
6 (97 1 1 225 132 72 ) 70.1347
6 (31 1 1 149 182 34 ) 4.047
6 (31 1 1 84 132 72 ) 4423.58
6 (31 1 1 84 132 10 ) 408.812
6 (31 1 1 149 182 34 ) 4.047
6 (31 1 1 84 211 60 ) 1087.65
7 (167 0 1 12 250 60 ) 54.7342
7 (158 1 1 204 84 20 ) 250998
7 (158 1 1 214 84 20 ) 538.358
7 (167 0 1 12 250 60 ) 54.7342
7 (86 3 1 214 192 44 ) 16911.5
7 (86 3 1 188 192 44 ) 1772.58
7 (167 0 1 12 250 60 ) 54.7342
7 (131 5 1 192 36 20 ) 1.262e+09
7 (131 5 1 192 102 20 ) 4.54779e+08
7 (167 0 1 12 250 60 ) 54.7342
7 (149 5 1 144 192 44 ) 4.72679e+08
7 (149 0 1 144 192 44 ) 6567.36
7 (167 0 1 12 250 60 ) 54.7342
7 (32 4 1 204 192 60 ) 8072.17
7 (32 4 1 204 192 87 ) 331.385
7 (167 0 1 12 250 60 ) 54.7342
7 (5 1 1 216 12 72 ) 3603.05
7 (5 1 1 216 12 72 ) 213.117
7 (167 0 1 12 250 60 ) 54.7342
7 (5 5 1 216 12 90 ) 164790
7 (5 5 1 216 240 90 ) 231.161
7 (167 0 1 12 250 60 ) 54.7342
7 (68 2 1 24 250 90 ) 104636
7 (68 2 1 24 250 60 ) 4456.94
7 (167 0 1 12 250 60 ) 54.7342
7 (167 1 1 216 250 90 ) 54.8809
7 (167 1 1 15 250 90 ) 19.2552
7 (167 1 1 15 250 90 ) 19.2552
7 (86 1 0 216 250 90 ) 62.272
7 (167 1 1 15 250 90 ) 19.2552
7 (32 4 0 0 84 12 ) 4689.04
7 (32 3 0 0 84 12 ) 691.418
7 (167 1 1 15 250 90 ) 19.2552
7 (32 2 1 0 192 90 ) 3437.96
7 (32 2 1 0 68 90 ) 937.42
7 (167 1 1 15 250 90 ) 19.2552
7 (158 1 0 132 84 48 ) 111.933
7 (158 4 0 132 84 48 ) 38.2911
7 (167 1 1 15 250 90 ) 19.2552
7 (5 1 2 15 60 28 ) 102.791
7 (5 1 2 32 60 28 ) 42.9175
7 (167 1 1 15 250 90 ) 19.2552
7 (5 1 1 204 108 28 ) 429.39
7 (49 1 1 204 108 28 ) 143.281
7 (167 1 1 15 250 90 ) 19.2552
7 (167 1 2 15 108 28 ) 5042.08
7 (167 1 2 15 108 28 ) 2425.44
7 (167 1 1 15 250 90 ) 19.2552
7 (131 1 0 216 36 20 ) 261081
7 (182 1 0 216 36 20 ) 247447
7 (167 1 1 15 250 90 ) 19.2552
7 (167 1 1 132 132 48 ) 12337.6
7 (102 1 1 132 132 48 ) 6077.12
7 (167 1 1 15 250 90 ) 19.2552
7 (158 4 1 216 132 48 ) 8221.06
7 (158 1 1 216 132 48 ) 259.806
7 (167 1 1 15 250 90 ) 19.2552
7 (86 0 0 216 192 90 ) 103.138
7 (86 5 0 216 192 90 ) 48.2004
7 (167 1 1 15 250 90 ) 19.2552
7 (5 1 2 216 12 60 ) 192.954
7 (167 1 1 15 250 90 ) 19.2552
7 (5 5 0 132 60 48 ) 54.5879
7 (167 1 1 15 250 90 ) 19.2552
7 (86 5 0 132 84 28 ) 93.5049
7 (86 5 0 132 150 28 ) 67.6375
7 (167 1 1 15 250 90 ) 19.2552
7 (86 1 1 108 250 28 ) 319.99
7 (86 1 1 108 165 28 ) 304.813
7 (167 1 1 15 250 90 ) 19.2552
7 (167 1 0 216 60 28 ) 9.3583e+07
7 (167 1 1 216 60 28 ) 4337.63
7 (167 1 1 15 250 90 ) 19.2552
7 (158 1 1 132 36 90 ) 484.467
7 (158 2 1 132 36 90 ) 14.8754
7 (158 2 1 132 36 90 ) 14.8754
7 (5 5 1 216 192 90 ) 119.709
7 (5 5 1 154 192 90 ) 64.6831
7 (158 2 1 132 36 90 ) 14.8754
7 (86 2 2 132 60 90 ) 1791.7
7 (86 2 2 132 241 90 ) 220.293
7 (158 2 1 132 36 90 ) 14.8754
7 (86 5 2 108 60 48 ) 210515
7 (86 5 2 108 60 15 ) 5548.45
7 (158 2 1 132 36 90 ) 14.8754
7 (5 5 1 12 60 48 ) 322901
7 (5 5 0 12 60 48 ) 73675.4
7 (158 2 1 132 36 90 ) 14.8754
7 (41 2 0 132 60 48 ) 269168
7 (41 2 0 132 60 25 ) 4528.2
7 (158 2 1 132 36 90 ) 14.8754
7 (158 5 0 216 60 48 ) 11.2198
7 (158 5 0 216 60 48 ) 11.2198
7 (167 5 0 132 250 28 ) 3656.22
7 (167 4 0 132 250 28 ) 449.279
7 (158 5 0 216 60 48 ) 11.2198
7 (5 5 0 132 192 90 ) 350.983
7 (5 5 0 132 192 40 ) 26.4159
7 (158 5 0 216 60 48 ) 11.2198
7 (86 1 0 216 60 20 ) 156032
7 (86 1 0 216 150 20 ) 62.5339
7 (158 5 0 216 60 48 ) 11.2198
7 (167 5 0 216 108 28 ) 241454
7 (167 5 0 216 108 17 ) 1092.82
7 (158 5 0 216 60 48 ) 11.2198
7 (158 2 1 216 150 90 ) 107.816
7 (158 2 1 216 150 55 ) 96.2763
7 (158 5 0 216 60 48 ) 11.2198
7 (167 1 1 216 36 90 ) 96.6925
7 (167 1 1 216 36 49 ) 30.112
7 (158 5 0 216 60 48 ) 11.2198
7 (158 2 2 132 250 48 ) 1.56972e+10
7 (158 2 2 22 250 48 ) 3829.8
7 (158 5 0 216 60 48 ) 11.2198
7 (86 2 0 12 250 28 ) 46422.8
7 (86 2 0 12 250 57 ) 6465.62
7 (158 5 0 216 60 48 ) 11.2198
7 (5 1 1 15 60 48 ) 56.2892
7 (5 0 1 15 60 48 ) 54.3004
7 (158 5 0 216 60 48 ) 11.2198
7 (158 1 1 132 60 49 ) 89.0876
7 (158 5 0 216 60 48 ) 11.2198
7 (5 5 1 32 250 48 ) 40.3463
7 (158 5 0 216 60 48 ) 11.2198
7 (86 4 0 216 192 90 ) 6977.41
7 (37 4 0 216 192 90 ) 127.95
7 (158 5 0 216 60 48 ) 11.2198
7 (37 5 0 32 36 28 ) 3.08799e+09
7 (37 5 1 32 36 28 ) 7.36171e+07
7 (158 5 0 216 60 48 ) 11.2198
7 (86 5 0 32 36 48 ) 9.3892e+07
7 (86 5 0 32 36 73 ) 465.427
7 (158 5 0 216 60 48 ) 11.2198
7 (86 0 1 132 250 48 ) 168.088
7 (86 0 0 132 250 48 ) 12.5733
7 (158 5 0 216 60 48 ) 11.2198
7 (158 4 0 132 250 48 ) 105.985
7 (158 4 0 132 39 48 ) 22.5189
7 (158 5 0 216 60 48 ) 11.2198
7 (86 5 1 216 250 48 ) 3587.96
7 (86 5 1 216 250 80 ) 389.454
7 (158 5 0 216 60 48 ) 11.2198
7 (167 0 1 32 150 90 ) 90618.7
7 (167 0 1 136 150 90 ) 6001.98
7 (158 5 0 216 60 48 ) 11.2198
7 (86 0 0 216 192 48 ) 2035.22
7 (57 0 0 216 192 48 ) 136.919
7 (158 5 0 216 60 48 ) 11.2198
7 (86 0 2 216 192 60 ) 253975
7 (86 0 2 247 192 60 ) 20254.9
7 (158 5 0 216 60 48 ) 11.2198
7 (5 0 2 132 84 60 ) 3667.55
7 (95 0 2 132 84 60 ) 196.738
7 (158 5 0 216 60 48 ) 11.2198
7 (5 1 0 132 60 48 ) 4439.27
7 (37 1 0 132 60 48 ) 62.661
7 (158 5 0 216 60 48 ) 11.2198
7 (86 5 0 216 150 90 ) 86737.5
7 (86 5 0 216 150 43 ) 317.101
7 (158 5 0 216 60 48 ) 11.2198
7 (167 5 0 216 36 48 ) 6.5505
7 (167 5 0 216 36 48 ) 6.5505
7 (167 5 1 216 39 60 ) 4269.2
7 (167 5 1 209 39 60 ) 173.702
7 (167 5 0 216 36 48 ) 6.5505
7 (5 1 1 132 250 90 ) 98.5751
7 (5 1 1 132 247 90 ) 13.8289
7 (167 5 0 216 36 48 ) 6.5505
7 (158 1 1 132 250 90 ) 4112.98
7 (158 1 1 132 250 87 ) 59.3141
7 (167 5 0 216 36 48 ) 6.5505
7 (86 5 0 216 36 90 ) 4115.9
7 (86 5 0 216 20 90 ) 58.5538
7 (167 5 0 216 36 48 ) 6.5505
7 (158 4 0 132 60 28 ) 1.95027e+08
7 (158 4 0 132 60 54 ) 2.62411e+06
7 (167 5 0 216 36 48 ) 6.5505
7 (5 0 0 15 60 48 ) 319.013
7 (5 0 0 12 60 48 ) 63.79
7 (167 5 0 216 36 48 ) 6.5505
7 (158 0 0 132 39 49 ) 4772.68
7 (158 3 0 132 39 49 ) 427.747
7 (167 5 0 216 36 48 ) 6.5505
7 (5 2 1 216 36 48 ) 470.415
7 (35 2 1 216 36 48 ) 193.12
7 (167 5 0 216 36 48 ) 6.5505
7 (167 0 1 132 247 90 ) 76968.4
7 (167 0 1 132 247 90 ) 3712.96
7 (167 5 0 216 36 48 ) 6.5505
7 (167 5 0 216 60 48 ) 1.46158e+06
7 (167 5 0 216 60 38 ) 14.936
7 (167 5 0 216 36 48 ) 6.5505
7 (167 5 0 132 60 40 ) 920978
7 (167 5 0 132 157 40 ) 80870.5
7 (167 5 0 216 36 48 ) 6.5505
7 (167 5 1 216 60 48 ) 1.09799e+08
7 (167 2 1 216 60 48 ) 120.73
7 (167 5 0 216 36 48 ) 6.5505
7 (167 5 0 216 60 48 ) 609408
7 (167 1 0 216 60 48 ) 316.895
7 (167 5 0 216 36 48 ) 6.5505
7 (86 1 0 216 60 38 ) 20384.2
7 (86 2 0 216 60 38 ) 153.881
7 (167 5 0 216 36 48 ) 6.5505
7 (5 5 1 216 60 48 ) 176332
7 (8 5 1 216 60 48 ) 98.5969
7 (167 5 0 216 36 48 ) 6.5505
7 (158 5 0 132 250 60 ) 100.824
7 (158 5 0 40 250 60 ) 43.2724
7 (167 5 0 216 36 48 ) 6.5505
7 (167 1 1 132 247 90 ) 8007.27
7 (167 1 1 132 247 80 ) 65.6554
7 (167 5 0 216 36 48 ) 6.5505
7 (167 1 1 216 247 90 ) 61.0186
7 (39 1 1 216 247 90 ) 37.696
7 (167 5 0 216 36 48 ) 6.5505
7 (39 5 0 216 247 60 ) 90.535
7 (39 2 0 216 247 60 ) 60.5262
7 (167 5 0 216 36 48 ) 6.5505
7 (39 4 1 216 60 48 ) 31.657
7 (167 5 0 216 36 48 ) 6.5505
7 (158 1 1 132 60 48 ) 247.006
7 (158 1 1 132 60 67 ) 168.008
7 (167 5 0 216 36 48 ) 6.5505
7 (86 0 0 132 247 49 ) 12787.4
7 (86 0 0 84 247 49 ) 4203.61
7 (167 5 0 216 36 48 ) 6.5505
7 (167 1 1 132 247 48 ) 2.40942e+08
7 (167 1 1 132 232 48 ) 1.99301e+08
7 (167 5 0 216 36 48 ) 6.5505
7 (167 4 0 216 84 48 ) 235.119
7 (167 4 2 216 84 48 ) 111.899
7 (167 5 0 216 36 48 ) 6.5505
7 (5 1 1 216 36 90 ) 116168
7 (5 1 1 216 36 90 ) 96.4137
7 (167 5 0 216 36 48 ) 6.5505
7 (167 5 0 132 60 60 ) 150694
7 (167 5 0 132 45 60 ) 28163.7
7 (167 5 0 216 36 48 ) 6.5505
7 (5 2 1 216 247 60 ) 87.0629
7 (5 2 1 216 247 27 ) 48.3254
7 (167 5 0 216 36 48 ) 6.5505
7 (167 1 0 132 250 90 ) 94439.9
7 (167 1 0 132 250 90 ) 757.239
7 (167 5 0 216 36 48 ) 6.5505
7 (167 2 0 132 247 90 ) 1.78697e+07
7 (167 2 0 132 201 90 ) 158.592
7 (167 5 0 216 36 48 ) 6.5505
7 (5 2 0 216 247 48 ) 26313.7
7 (5 2 0 0 247 48 ) 7.40208
7 (167 5 0 216 36 48 ) 6.5505
7 (158 1 0 216 192 38 ) 16786.4
7 (158 1 0 216 216 38 ) 34.5928
7 (167 5 0 216 36 48 ) 6.5505
7 (158 5 0 216 36 48 ) 6.94583e+06
7 (158 5 0 19 36 48 ) 145751
7 (167 5 0 216 36 48 ) 6.5505
7 (167 4 0 132 36 90 ) 4222.73
7 (167 2 0 132 36 90 ) 75.4946
7 (167 5 0 216 36 48 ) 6.5505
7 (158 1 0 132 39 48 ) 4159.96
7 (158 1 0 132 62 48 ) 3811.53
7 (167 5 0 216 36 48 ) 6.5505
7 (167 1 0 32 250 48 ) 3298.53
7 (167 1 1 32 250 48 ) 2121.6
7 (167 5 0 216 36 48 ) 6.5505
7 (39 2 1 15 250 49 ) 259.19
7 (39 2 1 15 250 88 ) 55.7267
7 (167 5 0 216 36 48 ) 6.5505
7 (158 4 1 216 250 48 ) 164335
7 (158 4 1 216 250 64 ) 90.1481
7 (167 5 0 216 36 48 ) 6.5505
7 (5 4 1 216 250 90 ) 137759
7 (5 4 1 35 250 90 ) 3194.92
7 (167 5 0 216 36 48 ) 6.5505
7 (5 5 0 35 250 48 ) 156.294
7 (5 5 0 35 250 32 ) 23.7525
7 (167 5 0 216 36 48 ) 6.5505
7 (5 0 1 216 36 48 ) 393.393
7 (35 0 1 216 36 48 ) 115.704
7 (167 5 0 216 36 48 ) 6.5505
7 (39 1 1 0 192 90 ) 8011.78
7 (39 1 1 0 192 90 ) 4593.69
7 (167 5 0 216 36 48 ) 6.5505
7 (5 5 0 216 60 48 ) 2892.73
7 (5 5 0 216 60 48 ) 192.373
7 (167 5 0 216 36 48 ) 6.5505
7 (5 4 0 216 60 40 ) 198072
7 (5 4 0 216 60 80 ) 7533.87
7 (167 5 0 216 36 48 ) 6.5505
7 (5 1 0 216 192 49 ) 62.8015
7 (142 1 0 216 192 49 ) 60.8874
7 (167 5 0 216 36 48 ) 6.5505
7 (39 5 0 216 216 48 ) 19.2427
7 (39 5 0 85 216 48 ) 12.8932
7 (167 5 0 216 36 48 ) 6.5505
7 (167 5 0 0 60 48 ) 7.16867e+06
7 (167 5 0 167 60 48 ) 677782
7 (167 5 0 216 36 48 ) 6.5505
7 (158 5 0 132 250 48 ) 25915.1
7 (158 5 0 132 250 55 ) 7071.44
7 (167 5 0 216 36 48 ) 6.5505
7 (167 5 1 132 60 90 ) 90.8345
7 (167 0 1 132 60 90 ) 18.7928
7 (167 5 0 216 36 48 ) 6.5505
7 (39 2 1 216 216 38 ) 48771.5
7 (196 2 1 216 216 38 ) 2367.95
7 (167 5 0 216 36 48 ) 6.5505
7 (167 2 0 216 216 90 ) 1.54845e+06
7 (9 2 0 216 216 90 ) 662.783
7 (167 5 0 216 36 48 ) 6.5505
7 (167 5 0 216 247 48 ) 6.83009
7 (167 5 0 216 36 48 ) 6.5505
7 (86 4 0 85 247 48 ) 3353.26
7 (86 4 0 85 247 48 ) 50.2689
7 (167 5 0 216 36 48 ) 6.5505
7 (5 5 0 216 39 48 ) 267253
7 (5 5 1 216 39 48 ) 12.9221
7 (167 5 0 216 36 48 ) 6.5505
7 (5 5 0 216 247 48 ) 3551.28
7 (5 0 0 216 247 48 ) 68.7886
7 (167 5 0 216 36 48 ) 6.5505
7 (39 5 1 216 60 48 ) 4512.07
7 (39 5 1 246 60 48 ) 1658.3
7 (167 5 0 216 36 48 ) 6.5505
7 (167 5 0 216 250 48 ) 52.807
7 (167 5 0 216 250 26 ) 32.9253
7 (167 5 0 216 36 48 ) 6.5505
7 (167 5 0 132 247 48 ) 61.8531
7 (167 5 0 132 247 46 ) 39.3113
7 (167 5 0 216 36 48 ) 6.5505
7 (167 2 0 132 250 48 ) 51.351
7 (167 5 0 216 36 48 ) 6.5505
7 (5 5 0 132 216 38 ) 10791.4
7 (5 5 0 132 216 38 ) 3887.45
7 (167 5 0 216 36 48 ) 6.5505
7 (158 4 1 216 60 90 ) 197473
7 (158 4 1 216 60 71 ) 269.126
7 (167 5 0 216 36 48 ) 6.5505
7 (167 5 0 216 39 90 ) 3907.69
7 (167 5 0 216 158 90 ) 85.6536
7 (167 5 0 216 36 48 ) 6.5505
7 (167 1 1 132 36 48 ) 5.63695e+08
7 (167 1 1 132 36 4 ) 235492
7 (167 5 0 216 36 48 ) 6.5505
7 (5 1 0 85 250 48 ) 90.5957
7 (5 1 0 187 250 48 ) 75.266
7 (167 5 0 216 36 48 ) 6.5505
7 (5 5 1 216 250 48 ) 198.971
7 (5 5 1 216 250 41 ) 98.0612
7 (167 5 0 216 36 48 ) 6.5505
7 (5 5 1 132 247 48 ) 208538
7 (154 5 1 132 247 48 ) 73.4879
7 (167 5 0 216 36 48 ) 6.5505
7 (86 2 0 216 247 48 ) 246.465
7 (167 5 0 216 36 48 ) 6.5505
7 (5 1 0 216 36 48 ) 8473.66
7 (5 1 0 245 36 48 ) 90.3728
7 (167 5 0 216 36 48 ) 6.5505
7 (5 5 0 245 60 38 ) 59.8773
7 (5 5 0 81 60 38 ) 39.6367
7 (167 5 0 216 36 48 ) 6.5505
7 (5 4 0 0 247 48 ) 178.738
7 (5 4 0 0 247 56 ) 57.7306
7 (167 5 0 216 36 48 ) 6.5505
7 (39 1 1 35 250 48 ) 479.902
7 (108 1 1 35 250 48 ) 218.942
7 (167 5 0 216 36 48 ) 6.5505
7 (39 5 1 35 36 48 ) 7.05706e+06
7 (39 5 1 184 36 48 ) 79.4867
7 (167 5 0 216 36 48 ) 6.5505
7 (39 1 0 35 36 49 ) 2.07567e+08
7 (39 1 0 35 151 49 ) 116.746
7 (167 5 0 216 36 48 ) 6.5505
7 (86 4 1 216 36 32 ) 328.507
7 (86 4 1 216 36 32 ) 201.511
7 (167 5 0 216 36 48 ) 6.5505
7 (167 5 0 216 60 49 ) 4076.3
7 (167 5 1 216 60 49 ) 19.1458
7 (167 5 0 216 36 48 ) 6.5505
7 (5 5 1 216 250 48 ) 7476.31
7 (5 5 1 102 250 48 ) 13.5181
7 (167 5 0 216 36 48 ) 6.5505
7 (39 5 1 216 250 48 ) 58766.7
7 (39 5 1 216 250 48 ) 75.5411
7 (167 5 0 216 36 48 ) 6.5505
7 (5 5 1 15 247 40 ) 83.1554
7 (5 5 1 61 247 40 ) 20.5577
7 (167 5 0 216 36 48 ) 6.5505
7 (167 5 0 216 60 90 ) 124.311
7 (41 5 0 216 60 90 ) 47.5684
7 (167 5 0 216 36 48 ) 6.5505
7 (5 5 1 216 247 48 ) 179.585
7 (5 5 1 216 5 48 ) 12.8415
7 (167 5 0 216 36 48 ) 6.5505
7 (167 4 0 132 216 48 ) 15.5319
7 (162 4 0 132 216 48 ) 14.3538
7 (167 5 0 216 36 48 ) 6.5505
7 (5 2 1 132 247 48 ) 3786.6
7 (5 2 1 132 247 48 ) 3723.69
7 (167 5 0 216 36 48 ) 6.5505
7 (167 4 1 15 36 48 ) 2.77639e+09
7 (6 4 1 15 36 48 ) 4716.92
7 (167 5 0 216 36 48 ) 6.5505
7 (167 4 0 102 250 48 ) 23397.9
7 (167 0 0 102 250 48 ) 139.55
7 (167 5 0 216 36 48 ) 6.5505
7 (167 0 1 85 250 48 ) 247.632
7 (167 5 0 216 36 48 ) 6.5505
7 (5 5 1 132 60 48 ) 70.719
7 (167 5 0 216 36 48 ) 6.5505
7 (167 5 1 216 60 48 ) 98350.4
7 (167 5 0 216 60 48 ) 38.574
7 (167 5 0 216 36 48 ) 6.5505
7 (5 5 0 216 60 48 ) 4789.09
7 (5 0 0 216 60 48 ) 59.4352
7 (167 5 0 216 36 48 ) 6.5505
7 (5 0 0 216 216 48 ) 1533.93
7 (5 0 0 45 216 48 ) 167.52
7 (167 5 0 216 36 48 ) 6.5505
7 (5 5 0 216 5 90 ) 5188.9
7 (5 5 0 216 168 90 ) 51.1453
7 (167 5 0 216 36 48 ) 6.5505
7 (167 1 0 216 60 48 ) 3667.64
7 (167 1 0 8 60 48 ) 1967.02
7 (167 5 0 216 36 48 ) 6.5505
7 (167 2 0 216 216 48 ) 3582.98
7 (167 3 0 216 216 48 ) 340.859
7 (167 5 0 216 36 48 ) 6.5505
7 (86 5 0 216 60 48 ) 81.9685
7 (86 5 0 216 202 48 ) 61.1223
7 (167 5 0 216 36 48 ) 6.5505
7 (167 5 0 216 60 48 ) 1.6191e+06
7 (167 5 1 216 60 48 ) 364.042
7 (167 5 0 216 36 48 ) 6.5505
7 (5 5 1 216 36 90 ) 8.48141
7 (167 5 0 216 36 48 ) 6.5505
7 (5 5 1 102 250 38 ) 12934.3
7 (5 1 1 102 250 38 ) 3714.01
7 (167 5 0 216 36 48 ) 6.5505
7 (39 2 0 132 216 90 ) 81.3455
7 (39 2 0 185 216 90 ) 51.0577
7 (167 5 0 216 36 48 ) 6.5505
7 (167 1 0 185 36 48 ) 200.542
7 (167 1 0 185 158 48 ) 65.8976
7 (167 5 0 216 36 48 ) 6.5505
7 (162 5 1 216 60 90 ) 4758.76
7 (180 5 1 216 60 90 ) 309.058
7 (167 5 0 216 36 48 ) 6.5505
7 (158 5 1 132 39 48 ) 581.579
7 (158 5 1 132 39 87 ) 15.0288
7 (167 5 0 216 36 48 ) 6.5505
7 (167 0 1 132 250 48 ) 148.521
7 (167 5 0 216 36 48 ) 6.5505
7 (167 5 1 216 36 48 ) 25.9684
7 (167 5 1 216 239 48 ) 8.19484
7 (167 5 0 216 36 48 ) 6.5505
7 (158 2 1 102 60 48 ) 2.94068e+09
7 (158 2 0 102 60 48 ) 3737.78
7 (167 5 0 216 36 48 ) 6.5505
7 (158 5 0 216 216 48 ) 19031.8
7 (158 5 0 216 216 60 ) 100.373
7 (167 5 0 216 36 48 ) 6.5505
7 (158 5 1 216 39 48 ) 7690.54
7 (158 5 1 216 24 48 ) 198.397
7 (167 5 0 216 36 48 ) 6.5505
7 (167 5 1 216 239 48 ) 5.47659e+06
7 (167 4 1 216 239 48 ) 272.941
7 (167 5 0 216 36 48 ) 6.5505
7 (86 5 1 216 60 90 ) 3085.16
7 (128 5 1 216 60 90 ) 436.702
7 (167 5 0 216 36 48 ) 6.5505
7 (158 4 1 216 250 48 ) 1514.96
7 (158 3 1 216 250 48 ) 221.456
7 (167 5 0 216 36 48 ) 6.5505
7 (167 5 1 132 216 48 ) 16.5753
7 (167 5 0 216 36 48 ) 6.5505
7 (5 5 1 132 60 48 ) 149.049
7 (5 5 1 132 133 48 ) 21.734
7 (167 5 0 216 36 48 ) 6.5505
7 (167 5 0 216 216 38 ) 82.1227
7 (167 5 0 216 216 47 ) 12.6208
7 (167 5 0 216 36 48 ) 6.5505
7 (167 2 1 216 216 48 ) 199.153
7 (167 2 1 140 216 48 ) 66.9536
7 (167 5 0 216 36 48 ) 6.5505
7 (86 5 1 216 239 38 ) 2568.14
7 (107 5 1 216 239 38 ) 298.75
7 (167 5 0 216 36 48 ) 6.5505
7 (5 5 0 216 216 48 ) 3307.36
7 (5 2 0 216 216 48 ) 167.259
7 (167 5 0 216 36 48 ) 6.5505
7 (167 4 0 216 216 48 ) 138.122
7 (167 4 0 176 216 48 ) 84.6409
7 (167 5 0 216 36 48 ) 6.5505
7 (167 2 0 216 250 90 ) 119892
7 (167 2 0 216 250 64 ) 93246.4
7 (167 5 0 216 36 48 ) 6.5505
7 (167 4 0 216 5 87 ) 3.3898e+07
7 (167 4 2 216 5 87 ) 5.15564e+06
7 (167 5 0 216 36 48 ) 6.5505
7 (167 5 1 132 250 48 ) 208.81
7 (167 5 1 132 250 55 ) 10.5181
7 (167 5 0 216 36 48 ) 6.5505
7 (5 5 0 216 36 48 ) 38.9741
7 (22 5 0 216 36 48 ) 16.8702
7 (167 5 0 216 36 48 ) 6.5505
7 (162 5 0 216 39 48 ) 858974
7 (115 5 0 216 39 48 ) 241506
7 (167 5 0 216 36 48 ) 6.5505
7 (167 5 0 0 39 48 ) 235.79
7 (167 5 0 216 36 48 ) 6.5505
7 (167 2 1 216 60 90 ) 2477.64
7 (167 2 1 220 60 90 ) 19.3511
7 (167 5 0 216 36 48 ) 6.5505
7 (167 5 1 216 250 48 ) 1.71783e+06
7 (167 5 1 216 235 48 ) 3640.39
7 (167 5 0 216 36 48 ) 6.5505
7 (86 5 1 132 250 48 ) 5405.59
7 (86 5 1 132 99 48 ) 30.5496
7 (167 5 0 216 36 48 ) 6.5505
7 (158 5 0 216 250 48 ) 225.365
7 (158 5 0 216 13 48 ) 178.926
7 (167 5 0 216 36 48 ) 6.5505
7 (158 0 0 102 36 87 ) 188091
7 (158 0 0 102 36 40 ) 159.163
7 (167 5 0 216 36 48 ) 6.5505
7 (158 5 0 216 247 40 ) 3392.94
7 (167 5 0 216 247 40 ) 64.5092
7 (167 5 0 216 36 48 ) 6.5505
7 (167 5 1 0 36 90 ) 7800.11
7 (167 5 0 216 36 48 ) 6.5505
7 (5 5 0 102 250 38 ) 47627.5
7 (5 5 0 102 179 38 ) 189.985
7 (167 5 0 216 36 48 ) 6.5505
7 (167 5 0 216 179 48 ) 102.694
7 (167 5 0 216 179 15 ) 61.2211
7 (167 5 0 216 36 48 ) 6.5505
7 (5 5 0 216 216 87 ) 73613.1
7 (5 1 0 216 216 87 ) 27.2394
7 (167 5 0 216 36 48 ) 6.5505
7 (5 5 1 85 216 38 ) 77.1824
7 (67 5 1 85 216 38 ) 12.8796
7 (167 5 0 216 36 48 ) 6.5505
7 (158 5 1 132 36 55 ) 10258.2
7 (158 5 1 132 185 55 ) 7273.85
7 (167 5 0 216 36 48 ) 6.5505
7 (167 5 1 102 239 48 ) 25004.5
7 (167 5 1 102 239 60 ) 114.066
7 (167 5 0 216 36 48 ) 6.5505
7 (5 4 0 102 60 48 ) 211122
7 (5 4 0 102 3 48 ) 448.176
7 (167 5 0 216 36 48 ) 6.5505
7 (67 2 1 85 36 48 ) 3.81412e+08
7 (67 2 1 156 36 48 ) 7.30593e+06
7 (167 5 0 216 36 48 ) 6.5505
7 (158 5 1 132 247 48 ) 371.667
7 (41 5 1 132 247 48 ) 170.058
7 (167 5 0 216 36 48 ) 6.5505
7 (39 5 1 102 250 90 ) 177494
7 (39 5 0 102 250 90 ) 1439.96
7 (167 5 0 216 36 48 ) 6.5505
7 (167 2 0 102 39 48 ) 4543.4
7 (156 2 0 102 39 48 ) 4379.42
7 (167 5 0 216 36 48 ) 6.5505
7 (167 5 1 132 239 90 ) 147818
7 (167 4 1 132 239 90 ) 354.29
7 (167 5 0 216 36 48 ) 6.5505
7 (5 5 1 132 250 48 ) 127.345
7 (5 5 2 132 250 48 ) 74.3518
7 (167 5 0 216 36 48 ) 6.5505
7 (5 1 1 0 36 90 ) 795.597
7 (5 0 1 0 36 90 ) 20.4604
7 (167 5 0 216 36 48 ) 6.5505
7 (158 5 1 132 36 90 ) 163579
7 (158 5 1 132 36 7 ) 1280.52
7 (167 5 0 216 36 48 ) 6.5505
7 (5 5 0 216 239 48 ) 3975.67
7 (5 5 0 216 167 48 ) 3752.44
7 (167 5 0 216 36 48 ) 6.5505
7 (158 5 1 132 36 38 ) 2.13198e+09
7 (158 1 1 132 36 38 ) 259.21
7 (167 5 0 216 36 48 ) 6.5505
7 (162 5 1 85 39 38 ) 3.4071e+09
7 (162 5 1 179 39 38 ) 4339.84
7 (167 5 0 216 36 48 ) 6.5505
7 (162 5 0 85 247 48 ) 20818
7 (162 5 0 74 247 48 ) 3144.03
7 (167 5 0 216 36 48 ) 6.5505
7 (162 2 0 216 250 38 ) 341.332
7 (162 2 0 17 250 38 ) 11.2939
7 (167 5 0 216 36 48 ) 6.5505
7 (167 4 0 85 250 48 ) 3349.06
7 (167 4 0 122 250 48 ) 148.783
7 (167 5 0 216 36 48 ) 6.5505
7 (67 2 0 17 36 48 ) 195.377
7 (167 5 0 216 36 48 ) 6.5505
7 (5 2 1 216 247 55 ) 4376.03
7 (5 2 1 167 247 55 ) 4238.63
7 (167 5 0 216 36 48 ) 6.5505
7 (162 5 0 132 36 48 ) 486873
7 (162 5 0 132 236 48 ) 153.232
7 (167 5 0 216 36 48 ) 6.5505
7 (39 5 0 216 216 48 ) 3466.06
7 (39 5 0 216 216 48 ) 3405.35
7 (167 5 0 216 36 48 ) 6.5505
7 (5 5 0 216 216 48 ) 3390.98
7 (5 5 0 216 216 48 ) 76.8253
7 (167 5 0 216 36 48 ) 6.5505
7 (167 5 1 216 216 48 ) 1760.79
7 (163 5 1 216 216 48 ) 174.505
7 (167 5 0 216 36 48 ) 6.5505
7 (167 5 0 216 36 48 ) 2.03798e+07
7 (167 5 0 216 36 83 ) 5949.36
7 (167 5 0 216 36 48 ) 6.5505
7 (162 2 0 216 36 90 ) 7903.9
7 (162 2 0 112 36 90 ) 4214.62
7 (167 5 0 216 36 48 ) 6.5505
7 (158 5 1 216 216 47 ) 107.561
7 (158 5 1 216 216 88 ) 45.4659
7 (167 5 0 216 36 48 ) 6.5505
7 (162 5 0 216 247 55 ) 457.833
7 (162 5 0 216 247 55 ) 117.518
7 (167 5 0 216 36 48 ) 6.5505
7 (86 1 0 17 239 38 ) 80.7282
7 (86 1 0 17 239 38 ) 52.7918
7 (167 5 0 216 36 48 ) 6.5505
7 (167 5 0 216 216 38 ) 309.914
7 (167 5 0 88 216 38 ) 60.8579
7 (167 5 0 216 36 48 ) 6.5505
7 (67 5 0 132 36 48 ) 224490
7 (67 5 0 132 36 48 ) 217707
7 (167 5 0 216 36 48 ) 6.5505
7 (5 5 0 132 239 48 ) 28.1303
7 (5 5 0 58 239 48 ) 16.2852
7 (167 5 0 216 36 48 ) 6.5505
7 (5 5 0 132 247 48 ) 108.083
7 (5 5 0 132 28 48 ) 52.6962
7 (167 5 0 216 36 48 ) 6.5505
7 (5 5 0 216 247 48 ) 32650.1
7 (24 5 0 216 247 48 ) 50.2894
7 (167 5 0 216 36 48 ) 6.5505
7 (5 5 0 85 250 90 ) 84500.5
7 (5 2 0 85 250 90 ) 3318.3
7 (167 5 0 216 36 48 ) 6.5505
7 (5 5 0 216 36 90 ) 73.2618
7 (5 5 1 216 36 90 ) 42.421
7 (167 5 0 216 36 48 ) 6.5505
7 (167 0 0 132 247 47 ) 88214.8
7 (114 0 0 132 247 47 ) 175.199
7 (167 5 0 216 36 48 ) 6.5505
7 (5 2 1 216 250 48 ) 167.755
7 (5 2 1 216 182 48 ) 8.68631
7 (167 5 0 216 36 48 ) 6.5505
7 (5 5 0 132 247 48 ) 101.601
7 (167 5 0 216 36 48 ) 6.5505
7 (67 5 0 85 216 90 ) 44691.3
7 (67 3 0 85 216 90 ) 9026.04
7 (167 5 0 216 36 48 ) 6.5505
7 (67 5 0 132 247 48 ) 11673.2
7 (67 5 0 224 247 48 ) 128.687
7 (167 5 0 216 36 48 ) 6.5505
7 (167 2 1 216 250 90 ) 154563
7 (167 2 1 216 94 90 ) 27.3066
7 (167 5 0 216 36 48 ) 6.5505
7 (86 5 1 0 216 48 ) 7053.03
7 (22 5 1 0 216 48 ) 1783.45
7 (167 5 0 216 36 48 ) 6.5505
7 (167 0 1 85 247 48 ) 4.9232e+08
7 (167 5 1 85 247 48 ) 6102.22
7 (167 5 0 216 36 48 ) 6.5505
7 (5 1 0 216 60 48 ) 298.152
7 (5 1 0 216 60 66 ) 10.0937
7 (167 5 0 216 36 48 ) 6.5505
7 (167 5 0 216 247 48 ) 221.284
7 (149 5 0 216 247 48 ) 82.9515
7 (167 5 0 216 36 48 ) 6.5505
7 (167 1 0 132 250 48 ) 28182.5
7 (167 4 0 132 250 48 ) 128.119
7 (167 5 0 216 36 48 ) 6.5505
7 (39 5 0 132 36 48 ) 1774.49
7 (39 5 0 132 36 5 ) 506.204
7 (167 5 0 216 36 48 ) 6.5505
7 (5 5 0 216 247 47 ) 21.4231
7 (5 5 0 216 247 26 ) 12.3625
7 (167 5 0 216 36 48 ) 6.5505
7 (5 5 0 216 239 48 ) 3610.93
7 (5 5 0 180 239 48 ) 100.672
7 (167 5 0 216 36 48 ) 6.5505
7 (5 2 1 216 250 90 ) 3424.69
7 (5 2 1 216 250 17 ) 431.1
7 (167 5 0 216 36 48 ) 6.5505
7 (5 5 1 132 216 48 ) 10.137
8 (86 4 1 216 168 20 ) 18.0092
8 (158 0 2 120 96 32 ) 4.23041e+11
8 (158 0 2 120 166 32 ) 6981.92
8 (86 4 1 216 168 20 ) 18.0092
8 (77 0 0 48 216 64 ) 6981.65
8 (102 0 0 48 216 64 ) 3568.24
8 (86 4 1 216 168 20 ) 18.0092
8 (95 1 0 120 72 90 ) 112.791
8 (95 1 0 120 190 90 ) 11.1373
8 (95 1 0 120 190 90 ) 11.1373
8 (113 1 0 120 72 44 ) 1.02179e+07
8 (113 1 0 120 72 36 ) 120360
8 (95 1 0 120 190 90 ) 11.1373
8 (23 4 0 108 192 90 ) 99.0232
8 (46 4 0 108 192 90 ) 90.0832
8 (95 1 0 120 190 90 ) 11.1373
8 (46 3 2 144 120 4 ) 277411
8 (46 3 0 144 120 4 ) 239579
8 (95 1 0 120 190 90 ) 11.1373
8 (95 4 0 144 84 64 ) 3318.53
8 (95 4 1 144 84 64 ) 16.4502
8 (95 1 0 120 190 90 ) 11.1373
8 (113 4 0 12 192 90 ) 802871
8 (113 4 0 242 192 90 ) 115571
8 (95 1 0 120 190 90 ) 11.1373
8 (104 6 0 216 132 64 ) 45377.5
8 (104 6 0 216 10 64 ) 4197.63
8 (95 1 0 120 190 90 ) 11.1373
8 (95 1 0 108 190 24 ) 7907.6
8 (95 1 0 108 190 69 ) 337.17
8 (95 1 0 120 190 90 ) 11.1373
8 (23 1 0 36 180 28 ) 124.111
8 (23 1 0 242 180 28 ) 89.62
8 (95 1 0 120 190 90 ) 11.1373
8 (50 2 2 108 72 90 ) 886.5
8 (7 2 2 108 72 90 ) 786.73
8 (95 1 0 120 190 90 ) 11.1373
8 (23 0 0 84 180 32 ) 80.2609
8 (23 0 1 84 180 32 ) 27.4223
8 (95 1 0 120 190 90 ) 11.1373
8 (113 4 2 96 72 32 ) 442.847
8 (113 4 2 96 60 32 ) 109.448
8 (95 1 0 120 190 90 ) 11.1373
8 (5 1 0 120 192 90 ) 88.1034
8 (26 1 0 120 192 90 ) 65.5945
8 (95 1 0 120 190 90 ) 11.1373
8 (113 4 1 84 180 90 ) 7735.5
8 (113 4 1 84 180 90 ) 10.8064
8 (113 4 1 84 180 90 ) 10.8064
8 (23 4 0 120 192 90 ) 705.964
8 (23 4 0 150 192 90 ) 106.714
8 (113 4 1 84 180 90 ) 10.8064
8 (95 4 1 84 72 28 ) 193761
8 (95 4 1 117 72 28 ) 8205.88
8 (113 4 1 84 180 90 ) 10.8064
8 (50 0 2 120 180 90 ) 74020.6
8 (50 0 2 120 180 90 ) 3521.99
8 (113 4 1 84 180 90 ) 10.8064
8 (95 6 1 36 192 90 ) 6.60556e+07
8 (21 6 1 36 192 90 ) 4187.33
8 (113 4 1 84 180 90 ) 10.8064
8 (95 4 0 36 204 64 ) 58.2922
8 (95 4 0 138 204 64 ) 52.2712
8 (113 4 1 84 180 90 ) 10.8064
8 (5 0 0 108 168 64 ) 21081.1
8 (149 0 0 108 168 64 ) 3223.39
8 (113 4 1 84 180 90 ) 10.8064
8 (26 4 0 108 168 32 ) 37587.6
8 (26 4 0 108 168 21 ) 10570
8 (113 4 1 84 180 90 ) 10.8064
8 (104 0 2 192 192 90 ) 3957.76
8 (104 0 2 192 192 65 ) 676.096
8 (113 4 1 84 180 90 ) 10.8064
8 (46 4 0 96 60 32 ) 1.92272e+06
8 (46 4 1 96 60 32 ) 6389.24
8 (113 4 1 84 180 90 ) 10.8064
8 (95 1 1 216 204 90 ) 58.6828
8 (95 1 1 216 204 56 ) 23.4093
8 (113 4 1 84 180 90 ) 10.8064
8 (23 4 0 84 204 64 ) 64.3454
8 (113 4 1 84 180 90 ) 10.8064
8 (95 1 1 216 192 64 ) 20.61
8 (47 1 1 216 192 64 ) 17.008
8 (113 4 1 84 180 90 ) 10.8064
8 (95 4 1 216 192 90 ) 13.1136
8 (113 4 1 84 180 90 ) 10.8064
8 (95 0 1 216 84 20 ) 2358.55
8 (95 0 1 216 208 20 ) 165.866
8 (113 4 1 84 180 90 ) 10.8064
8 (46 1 1 216 204 64 ) 382812
8 (46 0 1 216 204 64 ) 230.948
8 (113 4 1 84 180 90 ) 10.8064
8 (95 0 1 216 168 32 ) 2.57752e+06
8 (95 0 2 216 168 32 ) 226234
8 (113 4 1 84 180 90 ) 10.8064
8 (86 4 0 120 204 90 ) 83852.8
8 (86 4 0 120 204 90 ) 94.5039
8 (113 4 1 84 180 90 ) 10.8064
8 (95 1 0 84 204 90 ) 1.33521e+06
8 (95 1 0 84 152 90 ) 6926.57
8 (113 4 1 84 180 90 ) 10.8064
8 (46 1 0 120 180 64 ) 3380.37
8 (46 1 0 120 146 64 ) 75.5921
8 (113 4 1 84 180 90 ) 10.8064
8 (26 1 0 36 192 64 ) 36.742
8 (113 4 1 84 180 90 ) 10.8064
8 (26 4 1 216 204 90 ) 51.9863
8 (26 4 1 216 130 90 ) 30.5469
8 (113 4 1 84 180 90 ) 10.8064
8 (95 4 0 120 180 64 ) 8.66864
8 (95 4 0 120 180 64 ) 8.66864
8 (26 4 1 120 84 56 ) 110.666
8 (152 4 1 120 84 56 ) 80.2216
8 (95 4 0 120 180 64 ) 8.66864
8 (26 1 0 216 190 32 ) 161.449
8 (32 1 0 216 190 32 ) 155.842
8 (95 4 0 120 180 64 ) 8.66864
8 (23 1 0 120 180 56 ) 115.539
8 (23 1 0 120 196 56 ) 90.483
8 (95 4 0 120 180 64 ) 8.66864
8 (47 1 1 120 180 90 ) 236751
8 (47 1 1 203 180 90 ) 192365
8 (95 4 0 120 180 64 ) 8.66864
8 (95 1 0 120 192 56 ) 13.7902
8 (95 4 0 120 180 64 ) 8.66864
8 (26 1 1 216 130 90 ) 131.306
8 (163 1 1 216 130 90 ) 67.0631
8 (95 4 0 120 180 64 ) 8.66864
8 (47 4 1 84 130 90 ) 329.904
8 (47 4 0 84 130 90 ) 6.90539
8 (47 4 0 84 130 90 ) 6.90539
8 (47 1 1 216 190 90 ) 3315.11
8 (52 1 1 216 190 90 ) 45.7994
8 (47 4 0 84 130 90 ) 6.90539
8 (23 4 1 120 168 64 ) 205046
8 (23 4 1 120 168 75 ) 3987.97
8 (47 4 0 84 130 90 ) 6.90539
8 (95 4 1 120 204 20 ) 182.606
8 (29 4 1 120 204 20 ) 86.7674
8 (47 4 0 84 130 90 ) 6.90539
8 (47 1 1 120 180 90 ) 45.0128
8 (47 4 0 84 130 90 ) 6.90539
8 (86 0 0 216 180 90 ) 99.2195
8 (86 0 0 216 180 90 ) 8.0202
8 (47 4 0 84 130 90 ) 6.90539
8 (95 1 0 216 192 56 ) 6855.67
8 (95 1 1 216 192 56 ) 4290.38
8 (47 4 0 84 130 90 ) 6.90539
8 (26 4 1 216 180 90 ) 3287.07
8 (142 4 1 216 180 90 ) 45.8741
8 (47 4 0 84 130 90 ) 6.90539
8 (23 1 1 216 190 90 ) 149.782
8 (23 6 1 216 190 90 ) 88.7371
8 (47 4 0 84 130 90 ) 6.90539
8 (26 4 1 216 180 90 ) 3745.96
8 (26 4 1 216 180 90 ) 5.62011
8 (26 4 1 216 180 90 ) 5.62011
8 (26 4 1 216 192 90 ) 18.6041
8 (26 4 1 216 180 90 ) 5.62011
8 (47 0 1 216 84 64 ) 170263
8 (47 0 1 216 226 64 ) 8728.94
8 (26 4 1 216 180 90 ) 5.62011
8 (95 1 1 36 84 90 ) 4055.96
8 (95 1 0 36 84 90 ) 17.1898
8 (26 4 1 216 180 90 ) 5.62011
8 (86 4 0 120 84 90 ) 84.8577
8 (86 4 0 120 84 90 ) 55.6412
8 (26 4 1 216 180 90 ) 5.62011
8 (26 1 1 36 192 90 ) 412.934
8 (26 4 1 216 180 90 ) 5.62011
8 (86 1 0 216 180 64 ) 166.57
8 (86 1 0 216 180 80 ) 31.3528
8 (26 4 1 216 180 90 ) 5.62011
8 (95 1 1 144 192 64 ) 1335.52
8 (95 1 1 63 192 64 ) 82.1775
8 (26 4 1 216 180 90 ) 5.62011
8 (95 1 0 84 130 56 ) 3394.22
8 (95 1 0 84 130 21 ) 96.8953
8 (26 4 1 216 180 90 ) 5.62011
8 (47 4 0 84 168 80 ) 0.516931
8 (47 4 0 84 168 80 ) 0.516931
8 (95 4 1 216 180 90 ) 3727.14
8 (10 4 1 216 180 90 ) 3181.17
8 (47 4 0 84 168 80 ) 0.516931
8 (86 4 0 216 84 90 ) 77.8068
8 (86 4 2 216 84 90 ) 64.7374
8 (47 4 0 84 168 80 ) 0.516931
8 (95 1 0 36 180 90 ) 4.70462e+06
8 (7 1 0 36 180 90 ) 6899.36
8 (47 4 0 84 168 80 ) 0.516931
8 (95 1 0 216 180 56 ) 25838.7
8 (95 1 0 164 180 56 ) 10007.2
8 (47 4 0 84 168 80 ) 0.516931
8 (86 4 1 120 168 90 ) 8019.55
8 (86 4 1 120 168 71 ) 62.5219
8 (47 4 0 84 168 80 ) 0.516931
8 (26 0 1 216 168 20 ) 4650.53
8 (26 0 1 216 168 20 ) 441.838
8 (47 4 0 84 168 80 ) 0.516931
8 (95 1 1 120 204 64 ) 5651.91
8 (95 6 1 120 204 64 ) 4096.2
8 (47 4 0 84 168 80 ) 0.516931
8 (95 1 0 216 180 90 ) 1.63225e+06
8 (28 1 0 216 180 90 ) 92.576
8 (47 4 0 84 168 80 ) 0.516931
8 (113 4 0 216 192 90 ) 111848
8 (24 4 0 216 192 90 ) 58338.7
8 (47 4 0 84 168 80 ) 0.516931
8 (95 1 1 216 192 90 ) 4447.67
8 (95 1 1 6 192 90 ) 401.426
8 (47 4 0 84 168 80 ) 0.516931
8 (95 4 0 84 168 90 ) 43.1769
8 (47 4 0 84 168 80 ) 0.516931
8 (95 1 0 36 84 90 ) 514.769
8 (95 1 0 69 84 90 ) 85.4956
8 (47 4 0 84 168 80 ) 0.516931
8 (95 1 1 216 130 56 ) 203153
8 (95 1 1 193 130 56 ) 194012
8 (47 4 0 84 168 80 ) 0.516931
8 (113 0 0 84 180 90 ) 50.1506
8 (113 0 0 84 180 1 ) 25.3467
8 (47 4 0 84 168 80 ) 0.516931
8 (47 4 0 84 180 90 ) 61498.6
8 (47 4 0 84 180 44 ) 19622.9
8 (47 4 0 84 168 80 ) 0.516931
8 (95 1 1 84 180 64 ) 646.15
8 (95 1 1 84 180 21 ) 602.195
8 (47 4 0 84 168 80 ) 0.516931
8 (95 4 0 144 192 20 ) 64.9282
8 (95 0 0 144 192 20 ) 7.22622
8 (47 4 0 84 168 80 ) 0.516931
8 (47 4 1 84 180 64 ) 8466.31
8 (47 4 1 84 180 64 ) 175.976
8 (47 4 0 84 168 80 ) 0.516931
8 (95 4 1 84 192 64 ) 74.7431
8 (95 4 1 178 192 64 ) 72.3047
8 (47 4 0 84 168 80 ) 0.516931
8 (47 1 1 216 204 20 ) 242416
8 (47 5 1 216 204 20 ) 4040.08
8 (47 4 0 84 168 80 ) 0.516931
8 (86 4 1 84 180 90 ) 13.428
8 (47 4 0 84 168 80 ) 0.516931
8 (113 4 0 84 180 1 ) 18438.1
8 (113 6 0 84 180 1 ) 1595.92
8 (47 4 0 84 168 80 ) 0.516931
8 (95 4 1 216 192 90 ) 4073.49
8 (95 4 1 216 192 90 ) 299.778
8 (47 4 0 84 168 80 ) 0.516931
8 (95 4 1 216 180 90 ) 3386.74
8 (12 4 1 216 180 90 ) 10.9479
8 (47 4 0 84 168 80 ) 0.516931
8 (86 4 1 84 180 90 ) 45.1019
8 (86 4 1 84 91 90 ) 15.4376
8 (47 4 0 84 168 80 ) 0.516931
8 (86 0 1 216 180 64 ) 25924.1
8 (86 0 2 216 180 64 ) 29.0347
8 (47 4 0 84 168 80 ) 0.516931
8 (47 4 1 36 180 90 ) 477367
8 (40 4 1 36 180 90 ) 210666
8 (47 4 0 84 168 80 ) 0.516931
8 (47 4 0 216 91 90 ) 4116.79
8 (47 4 0 187 91 90 ) 817.582
8 (47 4 0 84 168 80 ) 0.516931
8 (113 0 0 84 91 20 ) 149.562
8 (47 4 0 84 168 80 ) 0.516931
8 (47 0 0 84 180 90 ) 60.1579
8 (148 0 0 84 180 90 ) 9.40476
8 (47 4 0 84 168 80 ) 0.516931
8 (86 4 1 120 180 90 ) 282.885
8 (86 4 1 120 180 17 ) 190.412
8 (47 4 0 84 168 80 ) 0.516931
8 (86 4 1 120 91 20 ) 272.442
8 (86 4 1 120 193 20 ) 134.784
8 (47 4 0 84 168 80 ) 0.516931
8 (26 4 1 216 168 90 ) 227712
8 (26 4 1 216 168 80 ) 260.867
8 (47 4 0 84 168 80 ) 0.516931
8 (86 1 1 84 130 90 ) 211491
8 (23 1 1 84 130 90 ) 3838.19
8 (47 4 0 84 168 80 ) 0.516931
8 (47 1 1 144 168 64 ) 3974.91
8 (47 1 0 144 168 64 ) 207.429
8 (47 4 0 84 168 80 ) 0.516931
8 (12 1 0 84 192 80 ) 81.9833
8 (12 1 0 137 192 80 ) 1.55593
8 (47 4 0 84 168 80 ) 0.516931
8 (26 4 0 216 192 90 ) 5761.21
8 (100 4 0 216 192 90 ) 31.0012
8 (47 4 0 84 168 80 ) 0.516931
8 (113 4 0 216 192 80 ) 14.2352
8 (58 4 0 216 192 80 ) 11.9015
8 (47 4 0 84 168 80 ) 0.516931
8 (12 0 0 216 190 64 ) 3389.72
8 (12 6 0 216 190 64 ) 789.543
8 (47 4 0 84 168 80 ) 0.516931
8 (86 1 1 84 180 90 ) 216597
8 (164 1 1 84 180 90 ) 4426.66
8 (47 4 0 84 168 80 ) 0.516931
8 (26 1 0 120 192 80 ) 27594.6
8 (26 1 0 120 192 14 ) 3752.55
8 (47 4 0 84 168 80 ) 0.516931
8 (95 1 0 84 180 80 ) 55266.8
8 (95 6 0 84 180 80 ) 83.2806
8 (47 4 0 84 168 80 ) 0.516931
8 (47 0 1 84 180 90 ) 45.0419
8 (47 4 0 84 168 80 ) 0.516931
8 (12 4 1 216 192 90 ) 30.2037
8 (47 4 0 84 168 80 ) 0.516931
8 (95 1 1 84 180 56 ) 1.65622e+07
8 (68 1 1 84 180 56 ) 5832.78
8 (47 4 0 84 168 80 ) 0.516931
8 (86 4 1 216 84 90 ) 4199.17
8 (86 4 1 216 147 90 ) 4033.22
8 (47 4 0 84 168 80 ) 0.516931
8 (47 4 0 216 180 90 ) 3444.55
8 (47 4 2 216 180 90 ) 129.348
8 (47 4 0 84 168 80 ) 0.516931
8 (86 1 1 216 180 80 ) 12.7671
8 (47 4 0 84 168 80 ) 0.516931
8 (86 0 1 216 192 80 ) 7624.79
8 (86 0 1 118 192 80 ) 335.615
8 (47 4 0 84 168 80 ) 0.516931
8 (47 4 0 144 192 90 ) 6672.2
8 (47 4 2 144 192 90 ) 506.113
8 (47 4 0 84 168 80 ) 0.516931
8 (86 1 0 84 180 80 ) 9.66196
8 (86 1 0 84 180 81 ) 9.61589
8 (47 4 0 84 168 80 ) 0.516931
8 (148 1 0 120 130 90 ) 9018.4
8 (148 1 0 120 124 90 ) 3759.16
8 (47 4 0 84 168 80 ) 0.516931
8 (95 0 0 84 192 80 ) 6698.82
8 (95 0 0 84 192 47 ) 3561.73
8 (47 4 0 84 168 80 ) 0.516931
8 (12 4 0 137 180 64 ) 3425.42
8 (46 4 0 137 180 64 ) 131.544
8 (47 4 0 84 168 80 ) 0.516931
8 (86 4 0 84 190 64 ) 56652.4
8 (86 4 0 84 190 57 ) 6922.91
8 (47 4 0 84 168 80 ) 0.516931
8 (12 0 1 216 192 80 ) 8.43889
8 (12 0 1 216 163 80 ) 7.10643
8 (47 4 0 84 168 80 ) 0.516931
8 (47 4 1 84 180 90 ) 3591.49
8 (47 4 1 84 190 90 ) 349.978
8 (47 4 0 84 168 80 ) 0.516931
8 (113 1 1 216 180 80 ) 118.17
8 (157 1 1 216 180 80 ) 63.2628
8 (47 4 0 84 168 80 ) 0.516931
8 (12 4 0 120 180 90 ) 406.172
8 (12 4 0 120 180 37 ) 22.9357
8 (47 4 0 84 168 80 ) 0.516931
8 (113 1 0 120 180 80 ) 62.2692
8 (113 1 0 117 180 80 ) 37.3566
8 (47 4 0 84 168 80 ) 0.516931
8 (95 0 0 84 180 80 ) 55.5888
8 (155 0 0 84 180 80 ) 8.77452
8 (47 4 0 84 168 80 ) 0.516931
8 (47 0 0 84 192 80 ) 86.3449
8 (47 0 1 84 192 80 ) 80.9886
8 (47 4 0 84 168 80 ) 0.516931
8 (95 4 1 216 192 90 ) 199663
8 (95 5 1 216 192 90 ) 196993
8 (47 4 0 84 168 80 ) 0.516931
8 (86 0 1 216 130 80 ) 141110
8 (23 0 1 216 130 80 ) 4361.96
8 (47 4 0 84 168 80 ) 0.516931
8 (86 1 1 216 180 90 ) 4631.57
8 (22 1 1 216 180 90 ) 19.3657
8 (47 4 0 84 168 80 ) 0.516931
8 (86 0 0 216 180 80 ) 48.3549
8 (86 0 0 216 180 27 ) 37.8728
8 (47 4 0 84 168 80 ) 0.516931
8 (95 4 1 216 180 80 ) 4893
8 (101 4 1 216 180 80 ) 61.8901
8 (47 4 0 84 168 80 ) 0.516931
8 (12 4 1 84 180 20 ) 152.331
8 (12 4 1 84 180 80 ) 93.7889
8 (47 4 0 84 168 80 ) 0.516931
8 (12 4 0 216 180 90 ) 195146
8 (12 5 0 216 180 90 ) 3085.33
8 (47 4 0 84 168 80 ) 0.516931
8 (113 1 0 216 163 90 ) 102.532
8 (47 4 0 84 168 80 ) 0.516931
8 (95 1 0 137 180 80 ) 2935.57
8 (95 1 0 137 180 77 ) 1070.39
8 (47 4 0 84 168 80 ) 0.516931
8 (95 1 0 84 180 80 ) 46.0634
8 (47 4 0 84 168 80 ) 0.516931
8 (47 4 0 84 180 64 ) 215.412
8 (47 2 0 84 180 64 ) 61.6857
8 (47 4 0 84 168 80 ) 0.516931
8 (86 4 1 144 180 80 ) 134.335
8 (86 4 1 144 180 66 ) 67.7136
8 (47 4 0 84 168 80 ) 0.516931
8 (86 0 0 120 180 90 ) 1644.25
8 (47 4 0 84 168 80 ) 0.516931
8 (148 1 0 120 130 66 ) 91.0461
8 (148 1 0 120 162 66 ) 16.9179
8 (47 4 0 84 168 80 ) 0.516931
8 (58 4 0 120 180 64 ) 5093.56
8 (102 4 0 120 180 64 ) 145.515
8 (47 4 0 84 168 80 ) 0.516931
8 (12 0 0 84 192 80 ) 151.64
8 (12 0 0 136 192 80 ) 119.086
8 (47 4 0 84 168 80 ) 0.516931
8 (95 4 1 216 180 80 ) 39.4501
8 (95 4 1 239 180 80 ) 13.8093
8 (47 4 0 84 168 80 ) 0.516931
8 (12 4 1 137 192 80 ) 4439.34
8 (12 4 1 137 192 0 ) 95.1285
8 (47 4 0 84 168 80 ) 0.516931
8 (12 0 0 216 180 80 ) 95.7185
8 (12 1 0 216 180 80 ) 85.641
8 (47 4 0 84 168 80 ) 0.516931
8 (12 4 0 84 180 90 ) 56654.2
8 (12 4 1 84 180 90 ) 302.279
8 (47 4 0 84 168 80 ) 0.516931
8 (12 0 0 84 180 90 ) 71.3687
8 (12 0 0 84 180 66 ) 28.5002
8 (47 4 0 84 168 80 ) 0.516931
8 (148 1 1 216 180 80 ) 274.964
8 (176 1 1 216 180 80 ) 98.964
8 (47 4 0 84 168 80 ) 0.516931
8 (95 0 0 216 190 90 ) 22.0372
8 (98 0 0 216 190 90 ) 19.1981
8 (47 4 0 84 168 80 ) 0.516931
8 (47 1 0 84 192 80 ) 28.7225
8 (47 1 0 84 166 80 ) 11.5996
8 (47 4 0 84 168 80 ) 0.516931
8 (12 0 0 84 163 80 ) 33862.4
8 (12 2 0 84 163 80 ) 30.9382
8 (47 4 0 84 168 80 ) 0.516931
8 (58 1 1 137 130 90 ) 3996.8
8 (162 1 1 137 130 90 ) 46.6881
8 (47 4 0 84 168 80 ) 0.516931
8 (12 1 1 137 192 90 ) 204441
8 (12 1 1 137 158 90 ) 6392.5
8 (47 4 0 84 168 80 ) 0.516931
8 (86 4 1 84 192 80 ) 3804.27
8 (86 4 2 84 192 80 ) 3668.88
8 (47 4 0 84 168 80 ) 0.516931
8 (12 0 0 84 130 80 ) 3438.21
8 (12 0 0 84 130 51 ) 74.0124
8 (47 4 0 84 168 80 ) 0.516931
8 (148 1 0 84 180 20 ) 25437.6
8 (148 1 0 84 180 74 ) 3381.28
8 (47 4 0 84 168 80 ) 0.516931
8 (12 4 1 84 190 80 ) 12.6032
8 (47 4 0 84 168 80 ) 0.516931
8 (86 4 0 216 192 80 ) 6746.31
8 (86 6 0 216 192 80 ) 53.9561
8 (47 4 0 84 168 80 ) 0.516931
8 (12 0 1 216 180 90 ) 80042.1
8 (12 0 1 68 180 90 ) 4456.43
8 (47 4 0 84 168 80 ) 0.516931
8 (95 1 0 216 180 80 ) 2548.3
8 (95 1 0 216 180 47 ) 79.6481
8 (47 4 0 84 168 80 ) 0.516931
8 (95 4 0 84 163 80 ) 46306.1
8 (95 4 0 84 195 80 ) 3416.41
8 (47 4 0 84 168 80 ) 0.516931
8 (148 1 0 84 168 90 ) 4.39587e+06
8 (148 1 0 160 168 90 ) 74854.4
8 (47 4 0 84 168 80 ) 0.516931
8 (148 0 1 144 166 90 ) 116851
8 (148 0 1 144 166 90 ) 4108.65
8 (47 4 0 84 168 80 ) 0.516931
8 (86 0 0 137 180 90 ) 3871.22
8 (57 0 0 137 180 90 ) 74.3387
8 (47 4 0 84 168 80 ) 0.516931
8 (155 0 0 216 180 90 ) 157935
8 (197 0 0 216 180 90 ) 28.8649
8 (47 4 0 84 168 80 ) 0.516931
8 (197 0 0 84 163 80 ) 109.195
8 (197 0 0 84 163 80 ) 52.0232
8 (47 4 0 84 168 80 ) 0.516931
8 (148 0 0 84 192 90 ) 4404.07
8 (148 6 0 84 192 90 ) 3521.97
8 (47 4 0 84 168 80 ) 0.516931
8 (47 0 0 84 180 90 ) 58982.3
8 (34 0 0 84 180 90 ) 3454.8
8 (47 4 0 84 168 80 ) 0.516931
8 (95 1 0 216 192 81 ) 50.4336
8 (95 1 0 216 192 60 ) 38.8168
8 (47 4 0 84 168 80 ) 0.516931
8 (86 4 0 144 180 80 ) 46459.2
8 (86 4 0 144 180 59 ) 30497.8
8 (47 4 0 84 168 80 ) 0.516931
8 (95 4 1 120 180 64 ) 13.2341
8 (47 4 0 84 168 80 ) 0.516931
8 (95 4 0 137 180 90 ) 37791.4
8 (95 4 1 137 180 90 ) 399.721
8 (47 4 0 84 168 80 ) 0.516931
8 (95 0 0 216 192 90 ) 143991
8 (95 2 0 216 192 90 ) 53.3295
8 (47 4 0 84 168 80 ) 0.516931
8 (58 4 0 216 192 90 ) 3182.89
8 (58 4 0 183 192 90 ) 58.6194
8 (47 4 0 84 168 80 ) 0.516931
8 (86 4 0 216 190 80 ) 123.977
8 (86 6 0 216 190 80 ) 18.4327
8 (47 4 0 84 168 80 ) 0.516931
8 (86 0 0 84 163 90 ) 62351.2
8 (86 0 0 84 163 90 ) 170.984
8 (47 4 0 84 168 80 ) 0.516931
8 (47 4 1 84 192 64 ) 181850
8 (47 4 1 84 116 64 ) 70.3178
8 (47 4 0 84 168 80 ) 0.516931
8 (47 0 1 84 192 80 ) 3584.08
8 (47 0 1 203 192 80 ) 126.728
8 (47 4 0 84 168 80 ) 0.516931
8 (47 1 0 84 130 64 ) 38814.7
8 (57 1 0 84 130 64 ) 3389.54
8 (47 4 0 84 168 80 ) 0.516931
8 (86 0 0 144 180 90 ) 53.1685
8 (86 0 0 144 165 90 ) 11.5468
8 (47 4 0 84 168 80 ) 0.516931
8 (47 4 1 84 180 80 ) 4004.99
8 (47 4 1 84 204 80 ) 112.602
8 (47 4 0 84 168 80 ) 0.516931
8 (148 0 0 137 180 80 ) 206.023
8 (148 0 0 194 180 80 ) 40.8944
8 (47 4 0 84 168 80 ) 0.516931
8 (155 4 0 137 180 80 ) 51.3326
8 (155 4 0 137 180 57 ) 44.8661
8 (47 4 0 84 168 80 ) 0.516931
8 (12 1 1 120 130 90 ) 219202
8 (12 1 1 120 105 90 ) 205819
8 (47 4 0 84 168 80 ) 0.516931
8 (12 0 0 84 180 64 ) 147.594
8 (47 4 0 84 168 80 ) 0.516931
8 (113 0 0 216 163 64 ) 42.774
8 (47 4 0 84 168 80 ) 0.516931
8 (95 0 0 84 180 64 ) 8.76715
8 (47 4 0 84 168 80 ) 0.516931
8 (12 0 0 120 180 81 ) 38168.8
8 (12 0 0 120 29 81 ) 5275.27
8 (47 4 0 84 168 80 ) 0.516931
8 (86 4 0 84 180 80 ) 6565.37
8 (86 4 0 49 180 80 ) 3533.43
8 (47 4 0 84 168 80 ) 0.516931
8 (12 0 0 84 192 90 ) 59598.4
8 (12 0 0 84 107 90 ) 3784.04
8 (47 4 0 84 168 80 ) 0.516931
8 (12 4 0 137 190 90 ) 476.917
8 (12 4 1 137 190 90 ) 145.646
8 (47 4 0 84 168 80 ) 0.516931
8 (86 4 0 120 192 90 ) 3622.89
8 (144 4 0 120 192 90 ) 118.085
8 (47 4 0 84 168 80 ) 0.516931
8 (12 0 0 84 192 90 ) 3670.53
8 (12 0 0 84 192 3 ) 31.2997
8 (47 4 0 84 168 80 ) 0.516931
8 (86 0 1 120 192 64 ) 38.5551
8 (86 0 1 120 192 41 ) 18.1718
8 (47 4 0 84 168 80 ) 0.516931
8 (86 0 0 84 180 80 ) 6327.04
8 (86 0 0 243 180 80 ) 10.8331
8 (47 4 0 84 168 80 ) 0.516931
8 (12 4 0 84 180 90 ) 74.2194
8 (12 4 0 184 180 90 ) 56.4387
8 (47 4 0 84 168 80 ) 0.516931
8 (26 4 1 216 180 90 ) 72.7392
8 (26 4 1 216 40 90 ) 20.773
8 (47 4 0 84 168 80 ) 0.516931
8 (86 0 0 243 180 80 ) 86.7962
8 (47 4 0 84 168 80 ) 0.516931
8 (95 0 0 84 192 64 ) 2201.69
8 (95 0 0 84 192 88 ) 4.70454
8 (47 4 0 84 168 80 ) 0.516931
8 (86 4 1 84 180 90 ) 3472.63
8 (86 4 1 84 180 90 ) 82.125
8 (47 4 0 84 168 80 ) 0.516931
8 (95 4 0 216 180 80 ) 48243.6
8 (95 4 0 216 180 80 ) 15.8064
8 (47 4 0 84 168 80 ) 0.516931
8 (113 4 0 84 192 90 ) 86661.1
8 (113 4 1 84 192 90 ) 4270.05
8 (47 4 0 84 168 80 ) 0.516931
8 (26 1 0 216 192 90 ) 63.8089
8 (16 1 0 216 192 90 ) 5.34996
8 (47 4 0 84 168 80 ) 0.516931
8 (12 4 0 216 180 90 ) 3607.47
8 (12 4 0 187 180 90 ) 72.2066
8 (47 4 0 84 168 80 ) 0.516931
8 (95 4 0 144 192 88 ) 3225.25
8 (21 4 0 144 192 88 ) 3152.93
8 (47 4 0 84 168 80 ) 0.516931
8 (86 0 0 243 192 80 ) 33.9426
8 (86 0 0 67 192 80 ) 14.2521
8 (47 4 0 84 168 80 ) 0.516931
8 (26 0 0 67 192 80 ) 462.519
8 (26 5 0 67 192 80 ) 48.6047
8 (47 4 0 84 168 80 ) 0.516931
8 (95 0 0 84 180 90 ) 3048.45
8 (95 0 0 84 180 59 ) 2648.56
8 (47 4 0 84 168 80 ) 0.516931
8 (86 1 0 84 192 80 ) 2894.11
8 (86 1 0 96 192 80 ) 73.0057
8 (47 4 0 84 168 80 ) 0.516931
8 (12 0 0 84 180 90 ) 95.0672
8 (12 0 0 84 185 90 ) 7.13166
8 (47 4 0 84 168 80 ) 0.516931
8 (12 0 0 144 130 90 ) 92.8272
8 (140 0 0 144 130 90 ) 11.2976
8 (47 4 0 84 168 80 ) 0.516931
8 (26 0 0 84 180 64 ) 3549.25
8 (26 0 0 84 43 64 ) 79.557
8 (47 4 0 84 168 80 ) 0.516931
8 (113 0 0 216 180 80 ) 53.6448
8 (113 0 0 137 180 80 ) 52.2925
8 (47 4 0 84 168 80 ) 0.516931
8 (12 0 0 120 192 80 ) 7184.08
8 (12 0 0 120 192 18 ) 3480.6
8 (47 4 0 84 168 80 ) 0.516931
8 (12 1 0 216 192 64 ) 26919.9
8 (128 1 0 216 192 64 ) 241.168
8 (47 4 0 84 168 80 ) 0.516931
8 (12 1 0 84 185 90 ) 86495.2
8 (12 1 0 84 185 3 ) 36923.5
8 (47 4 0 84 168 80 ) 0.516931
8 (12 1 0 120 130 80 ) 35828.1
8 (12 1 0 120 85 80 ) 3284.49
8 (47 4 0 84 168 80 ) 0.516931
8 (155 4 0 84 168 90 ) 659446
8 (155 4 0 48 168 90 ) 3919.56
8 (47 4 0 84 168 80 ) 0.516931
8 (12 0 0 84 130 90 ) 78648.4
8 (12 0 0 84 130 18 ) 7380.11
8 (47 4 0 84 168 80 ) 0.516931
8 (47 4 0 216 192 64 ) 6540.77
8 (47 4 0 216 64 64 ) 381.397
8 (47 4 0 84 168 80 ) 0.516931
8 (95 0 0 84 192 90 ) 68670.9
8 (117 0 0 84 192 90 ) 14.9354
8 (47 4 0 84 168 80 ) 0.516931
8 (95 0 0 216 180 90 ) 17.6586
8 (95 0 0 216 114 90 ) 14.8862
8 (47 4 0 84 168 80 ) 0.516931
8 (12 0 0 84 180 80 ) 1988.36
8 (12 0 0 84 95 80 ) 90.7559
8 (47 4 0 84 168 80 ) 0.516931
8 (95 0 1 216 180 90 ) 60.6106
8 (95 0 1 216 180 32 ) 29.4971
8 (47 4 0 84 168 80 ) 0.516931
8 (12 0 0 216 130 90 ) 125.059
8 (47 4 0 84 168 80 ) 0.516931
8 (95 0 0 84 185 32 ) 19390.9
8 (161 0 0 84 185 32 ) 1766.82
8 (47 4 0 84 168 80 ) 0.516931
8 (12 0 0 84 185 90 ) 3398.34
8 (12 5 0 84 185 90 ) 3329.95
8 (47 4 0 84 168 80 ) 0.516931
8 (86 0 0 84 180 20 ) 12061.2
8 (86 2 0 84 180 20 ) 22.0557
8 (47 4 0 84 168 80 ) 0.516931
8 (12 0 0 216 192 90 ) 3227.61
8 (12 0 0 216 192 28 ) 44.9949
8 (47 4 0 84 168 80 ) 0.516931
8 (26 4 1 84 180 80 ) 245.406
8 (26 4 1 106 180 80 ) 66.4402
8 (47 4 0 84 168 80 ) 0.516931
8 (26 0 0 216 180 90 ) 105774
8 (26 3 0 216 180 90 ) 130.276
8 (47 4 0 84 168 80 ) 0.516931
8 (95 4 0 144 180 64 ) 3494.47
8 (95 4 0 144 180 29 ) 137.878
8 (47 4 0 84 168 80 ) 0.516931
8 (86 4 0 216 192 80 ) 3206.12
8 (86 4 1 216 192 80 ) 71.8407
8 (47 4 0 84 168 80 ) 0.516931
8 (86 0 0 216 192 80 ) 172.818
8 (86 0 0 73 192 80 ) 57.2271
8 (47 4 0 84 168 80 ) 0.516931
8 (47 0 0 137 192 80 ) 3696.58
8 (47 0 0 137 105 80 ) 3468.87
8 (47 4 0 84 168 80 ) 0.516931
8 (12 0 0 84 192 80 ) 3584.28
8 (12 0 0 84 124 80 ) 94.5882
8 (47 4 0 84 168 80 ) 0.516931
8 (12 0 0 84 180 20 ) 3418.52
8 (12 0 0 84 180 90 ) 42.8829
8 (47 4 0 84 168 80 ) 0.516931
8 (12 0 0 84 130 64 ) 2919.76
8 (12 5 0 84 130 64 ) 2793.9
8 (47 4 0 84 168 80 ) 0.516931
8 (16 0 0 216 163 90 ) 5471.88
8 (16 0 0 216 243 90 ) 3277.4
8 (47 4 0 84 168 80 ) 0.516931
8 (86 4 0 84 180 64 ) 3430.95
9 (5 2 0 168 108 56 ) 14.8293
9 (41 2 0 84 250 52 ) 123.56
9 (41 2 0 84 250 65 ) 38.67
9 (5 2 0 168 108 56 ) 14.8293
9 (200 2 2 72 108 36 ) 2.32206e+13
9 (200 2 1 72 108 36 ) 372.869
9 (5 2 0 168 108 56 ) 14.8293
9 (32 6 0 250 250 32 ) 435.83
9 (32 6 0 55 250 32 ) 234.24
9 (5 2 0 168 108 56 ) 14.8293
9 (41 2 0 192 250 32 ) 3391.78
9 (41 2 0 192 170 32 ) 74.5617
9 (5 2 0 168 108 56 ) 14.8293
9 (41 2 1 192 204 48 ) 19163.5
9 (41 2 0 192 204 48 ) 4444.21
9 (5 2 0 168 108 56 ) 14.8293
9 (14 2 2 192 250 32 ) 88.43
9 (5 2 0 168 108 56 ) 14.8293
9 (149 4 1 192 216 28 ) 4281.3
9 (149 5 1 192 216 28 ) 333.058
9 (5 2 0 168 108 56 ) 14.8293
9 (59 5 2 250 108 48 ) 4109.73
9 (59 5 2 250 189 48 ) 404.903
9 (5 2 0 168 108 56 ) 14.8293
9 (104 2 1 84 48 32 ) 4230.04
9 (104 2 1 84 48 22 ) 105.817
9 (5 2 0 168 108 56 ) 14.8293
9 (200 2 0 250 192 90 ) 3474.93
9 (75 2 0 250 192 90 ) 102.782
9 (5 2 0 168 108 56 ) 14.8293
9 (59 6 1 12 250 22 ) 475.141
9 (59 6 1 12 219 22 ) 419.574
9 (5 2 0 168 108 56 ) 14.8293
9 (200 2 0 72 219 22 ) 103455
9 (200 2 0 134 219 22 ) 75.9738
9 (5 2 0 168 108 56 ) 14.8293
9 (59 6 0 12 250 48 ) 1.41648e+09
9 (59 6 0 12 250 63 ) 128.586
9 (5 2 0 168 108 56 ) 14.8293
9 (149 6 0 84 250 90 ) 2487.21
9 (149 6 0 207 250 90 ) 227.491
9 (5 2 0 168 108 56 ) 14.8293
9 (5 2 1 192 250 24 ) 271.654
9 (5 2 1 192 250 24 ) 98.3998
9 (5 2 0 168 108 56 ) 14.8293
9 (41 2 1 84 48 22 ) 1.67964e+08
9 (41 2 1 84 48 22 ) 2698.5
9 (5 2 0 168 108 56 ) 14.8293
9 (200 6 1 84 60 52 ) 5.73906e+09
9 (200 3 1 84 60 52 ) 256.447
9 (5 2 0 168 108 56 ) 14.8293
9 (41 3 0 84 250 32 ) 201.374
9 (41 3 0 180 250 32 ) 163.909
9 (5 2 0 168 108 56 ) 14.8293
9 (41 6 2 168 250 22 ) 1.28259e+12
9 (41 6 1 168 250 22 ) 213712
9 (5 2 0 168 108 56 ) 14.8293
9 (14 6 0 192 250 22 ) 1.29733e+10
9 (14 6 0 192 123 22 ) 208479
9 (5 2 0 168 108 56 ) 14.8293
9 (41 2 0 192 250 32 ) 19120.9
9 (41 6 0 192 250 32 ) 355.39
9 (5 2 0 168 108 56 ) 14.8293
9 (14 2 0 168 60 32 ) 9190.92
9 (14 2 0 168 116 32 ) 974.658
9 (5 2 0 168 108 56 ) 14.8293
9 (41 2 0 192 60 22 ) 8995.03
9 (41 2 0 192 60 25 ) 4824.22
9 (5 2 0 168 108 56 ) 14.8293
9 (59 2 0 84 250 22 ) 475.331
9 (59 5 0 84 250 22 ) 109.578
9 (5 2 0 168 108 56 ) 14.8293
9 (41 2 2 192 60 90 ) 110.644
9 (41 2 2 192 244 90 ) 101.602
9 (5 2 0 168 108 56 ) 14.8293
9 (59 2 0 84 170 90 ) 1.48005e+06
9 (59 5 0 84 170 90 ) 84411.3
9 (5 2 0 168 108 56 ) 14.8293
9 (104 2 0 84 170 32 ) 124.66
9 (104 2 0 84 21 32 ) 121.078
9 (5 2 0 168 108 56 ) 14.8293
9 (59 4 2 84 250 65 ) 208291
9 (59 4 2 84 250 65 ) 127.389
9 (5 2 0 168 108 56 ) 14.8293
9 (41 2 0 84 48 56 ) 13.2757
9 (41 1 0 84 48 56 ) 11.8855
9 (41 1 0 84 48 56 ) 11.8855
9 (41 2 1 84 192 65 ) 60.6722
9 (41 2 1 84 156 65 ) 59.9218
9 (41 1 0 84 48 56 ) 11.8855
9 (59 2 0 84 250 56 ) 35153.9
9 (59 2 0 84 250 70 ) 457.425
9 (41 1 0 84 48 56 ) 11.8855
9 (41 2 0 84 170 22 ) 297678
9 (41 2 0 22 170 22 ) 3306.44
9 (41 1 0 84 48 56 ) 11.8855
9 (14 2 0 192 250 65 ) 22079.7
9 (14 5 0 192 250 65 ) 20459.4
9 (41 1 0 84 48 56 ) 11.8855
9 (104 1 0 84 250 56 ) 41.8282
9 (41 1 0 84 48 56 ) 11.8855
9 (104 5 1 84 192 90 ) 91.0337
9 (104 5 1 89 192 90 ) 39.4155
9 (41 1 0 84 48 56 ) 11.8855
9 (75 2 1 84 250 22 ) 5.06247e+08
9 (149 2 1 84 250 22 ) 226895
9 (41 1 0 84 48 56 ) 11.8855
9 (41 2 2 192 250 56 ) 134.542
9 (41 3 2 192 250 56 ) 84.7005
9 (41 1 0 84 48 56 ) 11.8855
9 (41 5 2 84 204 90 ) 3151.95
9 (41 3 2 84 204 90 ) 332.592
9 (41 1 0 84 48 56 ) 11.8855
9 (41 2 2 168 192 56 ) 1912.8
9 (41 2 2 168 60 56 ) 82.8929
9 (41 1 0 84 48 56 ) 11.8855
9 (41 1 0 84 219 56 ) 5150.62
9 (41 1 0 84 159 56 ) 108.057
9 (41 1 0 84 48 56 ) 11.8855
9 (104 2 0 168 48 32 ) 3.63369e+07
9 (104 1 0 168 48 32 ) 4242.88
9 (41 1 0 84 48 56 ) 11.8855
9 (41 2 2 134 192 32 ) 233452
9 (41 1 2 134 192 32 ) 15.7312
9 (41 1 0 84 48 56 ) 11.8855
9 (104 2 0 84 250 56 ) 41035.4
9 (104 2 0 84 103 56 ) 4219.89
9 (41 1 0 84 48 56 ) 11.8855
9 (41 2 1 134 250 90 ) 5429.75
9 (194 2 1 134 250 90 ) 160.603
9 (41 1 0 84 48 56 ) 11.8855
9 (41 5 0 84 250 90 ) 276.731
9 (41 5 0 84 85 90 ) 108.366
9 (41 1 0 84 48 56 ) 11.8855
9 (41 5 2 192 250 56 ) 37008.9
9 (41 1 2 192 250 56 ) 1282.64
9 (41 1 0 84 48 56 ) 11.8855
9 (104 1 1 134 192 56 ) 717701
9 (166 1 1 134 192 56 ) 238260
9 (41 1 0 84 48 56 ) 11.8855
9 (5 2 0 192 250 56 ) 1577.21
9 (5 2 0 89 250 56 ) 1373.97
9 (41 1 0 84 48 56 ) 11.8855
9 (104 2 0 156 48 32 ) 9.19137e+07
9 (104 2 0 156 48 32 ) 266.632
9 (41 1 0 84 48 56 ) 11.8855
9 (14 2 0 168 60 56 ) 8.5079
9 (14 2 0 168 60 56 ) 8.5079
9 (200 2 1 84 244 56 ) 3.90959e+08
9 (200 2 1 84 173 56 ) 137509
9 (14 2 0 168 60 56 ) 8.5079
9 (41 2 0 84 250 90 ) 47214.3
9 (41 2 0 84 54 90 ) 82.6954
9 (14 2 0 168 60 56 ) 8.5079
9 (5 2 1 134 54 56 ) 69604.5
9 (5 2 1 134 125 56 ) 86.4435
9 (14 2 0 168 60 56 ) 8.5079
9 (14 2 1 84 250 65 ) 347.181
9 (14 2 1 84 250 70 ) 58.9219
9 (14 2 0 168 60 56 ) 8.5079
9 (14 2 2 84 192 56 ) 276.977
9 (14 2 2 84 192 56 ) 227.56
9 (14 2 0 168 60 56 ) 8.5079
9 (41 2 1 84 250 22 ) 23.7164
9 (14 2 0 168 60 56 ) 8.5079
9 (41 3 0 134 60 56 ) 8.61461e+06
9 (41 3 0 134 71 56 ) 3.21462e+06
9 (14 2 0 168 60 56 ) 8.5079
9 (41 2 1 84 54 65 ) 4606.97
9 (41 2 1 84 54 65 ) 4495.64
9 (14 2 0 168 60 56 ) 8.5079
9 (104 2 2 84 60 90 ) 5029.17
9 (104 5 2 84 60 90 ) 3989.48
9 (14 2 0 168 60 56 ) 8.5079
9 (41 5 0 84 250 56 ) 3711.08
9 (41 5 0 84 250 56 ) 161.941
9 (14 2 0 168 60 56 ) 8.5079
9 (41 2 0 134 60 56 ) 4275.27
9 (41 0 0 134 60 56 ) 57.3867
9 (14 2 0 168 60 56 ) 8.5079
9 (41 2 1 84 250 56 ) 8544.11
9 (41 2 1 84 250 56 ) 4890.81
9 (14 2 0 168 60 56 ) 8.5079
9 (41 2 0 84 108 56 ) 3983.68
9 (41 2 0 84 108 56 ) 545.616
9 (14 2 0 168 60 56 ) 8.5079
9 (41 1 0 134 48 22 ) 2112.57
9 (41 1 0 134 212 22 ) 8.14646
9 (41 1 0 134 212 22 ) 8.14646
9 (14 2 0 134 250 56 ) 6900.8
9 (14 2 0 134 250 79 ) 6713.51
9 (41 1 0 134 212 22 ) 8.14646
9 (41 2 0 84 219 56 ) 90.5425
9 (41 5 0 84 219 56 ) 88.8382
9 (41 1 0 134 212 22 ) 8.14646
9 (41 2 0 84 60 56 ) 105.083
9 (41 1 0 134 212 22 ) 8.14646
9 (14 2 0 134 212 56 ) 166.001
9 (45 2 0 134 212 56 ) 21.6287
9 (41 1 0 134 212 22 ) 8.14646
9 (41 2 0 84 212 56 ) 62.6173
9 (41 1 0 134 212 22 ) 8.14646
9 (41 2 1 134 250 56 ) 35658.1
9 (41 2 1 134 250 50 ) 4518.05
9 (41 1 0 134 212 22 ) 8.14646
9 (41 2 1 84 250 90 ) 96.6066
9 (41 2 1 165 250 90 ) 81.1046
9 (41 1 0 134 212 22 ) 8.14646
9 (41 2 0 168 48 22 ) 7.00843e+06
9 (41 2 0 168 48 23 ) 1022.68
9 (41 1 0 134 212 22 ) 8.14646
9 (41 2 0 84 250 65 ) 50038.4
9 (41 2 0 84 239 65 ) 114.334
9 (41 1 0 134 212 22 ) 8.14646
9 (45 1 0 84 212 65 ) 24718.3
9 (129 1 0 84 212 65 ) 693.884
9 (41 1 0 134 212 22 ) 8.14646
9 (41 2 0 84 192 32 ) 3757.68
9 (41 2 1 84 192 32 ) 105.549
9 (41 1 0 134 212 22 ) 8.14646
9 (41 1 0 168 156 32 ) 284.062
9 (158 1 0 168 156 32 ) 114.783
9 (41 1 0 134 212 22 ) 8.14646
9 (41 2 1 134 212 22 ) 201947
9 (41 2 1 134 212 84 ) 78.2541
9 (41 1 0 134 212 22 ) 8.14646
9 (41 2 1 84 212 90 ) 103734
9 (41 2 1 84 197 90 ) 64236.9
9 (41 1 0 134 212 22 ) 8.14646
9 (14 1 0 168 60 22 ) 169.93
9 (14 1 0 168 60 22 ) 135.898
9 (41 1 0 134 212 22 ) 8.14646
9 (41 2 0 168 250 90 ) 46980
9 (41 2 1 168 250 90 ) 47.2642
9 (41 1 0 134 212 22 ) 8.14646
9 (41 2 0 168 48 65 ) 223.012
9 (41 2 0 168 202 65 ) 77.7156
9 (41 1 0 134 212 22 ) 8.14646
9 (41 2 1 84 202 56 ) 4608.28
9 (41 4 1 84 202 56 ) 18.091
9 (41 1 0 134 212 22 ) 8.14646
9 (41 2 0 134 192 56 ) 8.96609
9 (41 1 0 134 212 22 ) 8.14646
9 (41 2 0 84 108 90 ) 3325.68
9 (28 2 0 84 108 90 ) 121.621
9 (41 1 0 134 212 22 ) 8.14646
9 (41 1 0 84 60 56 ) 46.6118
9 (41 1 0 84 60 69 ) 15.0641
9 (41 1 0 134 212 22 ) 8.14646
9 (45 2 0 168 108 22 ) 102.382
9 (11 2 0 168 108 22 ) 97.9992
9 (41 1 0 134 212 22 ) 8.14646
9 (41 2 0 134 192 56 ) 267861
9 (41 2 2 134 192 56 ) 1901.15
9 (41 1 0 134 212 22 ) 8.14646
9 (41 0 0 134 192 56 ) 19.8749
9 (41 1 0 134 212 22 ) 8.14646
9 (45 2 0 168 60 56 ) 1092.05
9 (45 4 0 168 60 56 ) 19.7448
9 (41 1 0 134 212 22 ) 8.14646
9 (5 2 0 84 212 56 ) 3576.12
9 (5 2 0 84 212 30 ) 135.82
9 (41 1 0 134 212 22 ) 8.14646
9 (41 1 0 84 192 30 ) 46.5615
9 (41 1 0 177 192 30 ) 23.2222
9 (41 1 0 134 212 22 ) 8.14646
9 (41 4 0 134 192 56 ) 72.2519
9 (41 1 0 134 212 22 ) 8.14646
9 (104 2 0 134 212 56 ) 5145.61
9 (104 5 0 134 212 56 ) 119.002
9 (41 1 0 134 212 22 ) 8.14646
9 (41 5 0 134 212 56 ) 99.6978
9 (24 5 0 134 212 56 ) 56.4259
9 (41 1 0 134 212 22 ) 8.14646
9 (45 5 0 84 192 30 ) 3591.97
9 (41 1 0 134 212 22 ) 8.14646
9 (104 4 0 168 212 56 ) 68.7803
9 (41 1 0 134 212 22 ) 8.14646
9 (41 1 0 168 192 56 ) 15.9287
9 (41 1 0 134 212 22 ) 8.14646
9 (41 2 1 168 212 56 ) 4410.14
9 (6 2 1 168 212 56 ) 4193.45
9 (41 1 0 134 212 22 ) 8.14646
9 (41 0 0 89 212 32 ) 14732.9
9 (91 0 0 89 212 32 ) 2266.67
9 (41 1 0 134 212 22 ) 8.14646
9 (41 1 0 134 108 30 ) 94.3418
9 (41 1 0 134 26 30 ) 84.5908
9 (41 1 0 134 212 22 ) 8.14646
9 (41 2 0 89 192 56 ) 79326.3
9 (41 2 0 89 192 87 ) 109.526
9 (41 1 0 134 212 22 ) 8.14646
9 (41 2 2 168 60 56 ) 4524.23
9 (41 1 2 168 60 56 ) 142.477
9 (41 1 0 134 212 22 ) 8.14646
9 (41 1 1 84 192 32 ) 4141.06
9 (41 1 1 84 240 32 ) 116.682
9 (41 1 0 134 212 22 ) 8.14646
9 (41 1 0 134 60 56 ) 649.305
9 (41 1 1 134 60 56 ) 321.3
9 (41 1 0 134 212 22 ) 8.14646
9 (41 1 1 168 250 56 ) 327.202
9 (153 1 1 168 250 56 ) 76.8244
9 (41 1 0 134 212 22 ) 8.14646
9 (104 2 0 84 60 56 ) 204.37
9 (104 2 0 84 60 56 ) 81.4055
9 (41 1 0 134 212 22 ) 8.14646
9 (45 2 1 134 192 56 ) 167.198
9 (45 2 0 134 192 56 ) 94.5892
9 (41 1 0 134 212 22 ) 8.14646
9 (104 4 0 168 192 56 ) 66.0433
9 (41 1 0 134 212 22 ) 8.14646
9 (41 2 1 168 250 30 ) 210.835
9 (41 1 0 134 212 22 ) 8.14646
9 (104 4 0 84 48 56 ) 142.881
9 (104 4 0 131 48 56 ) 94.2836
9 (41 1 0 134 212 22 ) 8.14646
9 (45 1 1 177 60 56 ) 200.261
9 (45 1 1 177 60 56 ) 7.19443
9 (45 1 1 177 60 56 ) 7.19443
9 (41 1 0 84 108 56 ) 115.484
9 (41 1 0 157 108 56 ) 83.4016
9 (45 1 1 177 60 56 ) 7.19443
9 (5 1 0 177 250 56 ) 39743
9 (5 1 0 177 250 56 ) 17209.2
9 (45 1 1 177 60 56 ) 7.19443
9 (41 2 0 168 250 56 ) 7227.19
9 (41 2 0 180 250 56 ) 286.363
9 (45 1 1 177 60 56 ) 7.19443
9 (45 2 0 168 192 56 ) 6695.65
9 (45 2 0 216 192 56 ) 4605.25
9 (45 1 1 177 60 56 ) 7.19443
9 (41 2 0 84 192 56 ) 3514.02
9 (41 2 0 84 16 56 ) 308.823
9 (45 1 1 177 60 56 ) 7.19443
9 (41 1 1 89 192 90 ) 3942.14
9 (41 1 1 89 119 90 ) 42.039
9 (45 1 1 177 60 56 ) 7.19443
9 (41 2 0 89 202 56 ) 3966.4
9 (128 2 0 89 202 56 ) 135.461
9 (45 1 1 177 60 56 ) 7.19443
9 (41 1 0 84 192 56 ) 2582.6
9 (41 1 0 84 192 76 ) 134.19
9 (45 1 1 177 60 56 ) 7.19443
9 (41 1 0 84 60 76 ) 3436.64
9 (41 1 1 84 60 76 ) 64.7132
9 (45 1 1 177 60 56 ) 7.19443
9 (45 4 2 168 202 56 ) 474.663
9 (130 4 2 168 202 56 ) 94.5102
9 (45 1 1 177 60 56 ) 7.19443
9 (41 1 1 84 192 56 ) 292.587
9 (41 4 1 84 192 56 ) 71.7847
9 (45 1 1 177 60 56 ) 7.19443
9 (41 1 1 84 60 30 ) 153.324
9 (41 4 1 84 60 30 ) 141.744
9 (45 1 1 177 60 56 ) 7.19443
9 (41 2 0 134 192 65 ) 6736.06
9 (41 2 0 134 192 65 ) 3624.07
9 (45 1 1 177 60 56 ) 7.19443
9 (41 1 0 134 192 32 ) 3260.69
9 (167 1 0 134 192 32 ) 3203.89
9 (45 1 1 177 60 56 ) 7.19443
9 (41 2 0 168 250 22 ) 74.9086
9 (140 2 0 168 250 22 ) 12.3175
9 (45 1 1 177 60 56 ) 7.19443
9 (41 2 1 134 48 56 ) 520.238
9 (41 2 0 134 48 56 ) 62.9281
9 (45 1 1 177 60 56 ) 7.19443
9 (41 1 0 134 192 22 ) 6712.23
9 (41 1 0 61 192 22 ) 3488.22
9 (45 1 1 177 60 56 ) 7.19443
9 (45 2 0 168 60 56 ) 232063
9 (45 2 0 168 60 71 ) 4298.14
9 (45 1 1 177 60 56 ) 7.19443
9 (41 1 0 134 108 56 ) 31679.8
9 (41 0 0 134 108 56 ) 18756.8
9 (45 1 1 177 60 56 ) 7.19443
9 (41 2 0 134 60 56 ) 331.412
9 (41 2 0 134 60 56 ) 122.028
9 (45 1 1 177 60 56 ) 7.19443
9 (41 2 0 84 108 56 ) 1773.59
9 (41 2 0 84 96 56 ) 208.606
9 (45 1 1 177 60 56 ) 7.19443
9 (41 1 0 168 60 22 ) 4450.92
9 (41 1 0 168 60 22 ) 995.191
9 (45 1 1 177 60 56 ) 7.19443
9 (41 4 0 168 60 22 ) 130.977
9 (118 4 0 168 60 22 ) 19.4273
9 (45 1 1 177 60 56 ) 7.19443
9 (140 4 0 134 192 56 ) 6596.01
9 (140 4 0 134 192 56 ) 3262.91
9 (45 1 1 177 60 56 ) 7.19443
9 (41 1 0 177 192 22 ) 3520.15
9 (41 1 0 177 192 73 ) 52.2361
9 (45 1 1 177 60 56 ) 7.19443
9 (41 2 0 134 192 56 ) 3573.98
9 (41 2 0 69 192 56 ) 3397.54
9 (45 1 1 177 60 56 ) 7.19443
9 (45 1 0 134 250 56 ) 1524.99
9 (45 1 0 88 250 56 ) 24.8878
9 (45 1 1 177 60 56 ) 7.19443
9 (41 1 0 168 202 56 ) 3368.17
9 (41 1 0 64 202 56 ) 68.242
9 (45 1 1 177 60 56 ) 7.19443
9 (140 1 0 134 48 22 ) 6684.19
9 (140 1 0 134 48 30 ) 77.0553
9 (45 1 1 177 60 56 ) 7.19443
9 (41 1 0 84 250 56 ) 44.0715
9 (41 1 0 84 250 56 ) 26.1977
9 (45 1 1 177 60 56 ) 7.19443
9 (41 1 0 168 192 22 ) 488.139
9 (41 1 0 168 171 22 ) 67.5566
9 (45 1 1 177 60 56 ) 7.19443
9 (41 1 0 134 171 22 ) 18507.2
9 (41 1 1 134 171 22 ) 4847.5
9 (45 1 1 177 60 56 ) 7.19443
9 (140 1 1 134 192 56 ) 9.91528e+06
9 (140 1 1 248 192 56 ) 21485.3
9 (45 1 1 177 60 56 ) 7.19443
9 (5 1 0 168 60 56 ) 575.932
9 (5 4 0 168 60 56 ) 13.6625
9 (45 1 1 177 60 56 ) 7.19443
9 (41 1 0 177 192 56 ) 22138.1
9 (41 1 0 177 192 84 ) 3325.38
9 (45 1 1 177 60 56 ) 7.19443
9 (41 1 0 84 192 56 ) 3386.3
9 (41 3 0 84 192 56 ) 294.77
9 (45 1 1 177 60 56 ) 7.19443
9 (41 2 0 177 192 56 ) 58.1943
9 (45 1 1 177 60 56 ) 7.19443
9 (45 2 0 168 60 69 ) 332.517
9 (45 2 0 168 60 2 ) 320.04
9 (45 1 1 177 60 56 ) 7.19443
9 (41 1 0 84 192 56 ) 78.4686
9 (41 1 0 84 232 56 ) 11.3688
9 (45 1 1 177 60 56 ) 7.19443
9 (5 2 0 177 60 22 ) 1274.97
9 (5 4 0 177 60 22 ) 68.7784
9 (45 1 1 177 60 56 ) 7.19443
9 (41 4 0 177 212 69 ) 25.1198
9 (45 1 1 177 60 56 ) 7.19443
9 (41 2 1 134 60 56 ) 2182.08
9 (41 2 1 91 60 56 ) 302.628
9 (45 1 1 177 60 56 ) 7.19443
9 (41 2 0 168 48 56 ) 131.521
9 (41 2 0 168 48 59 ) 79.2564
9 (45 1 1 177 60 56 ) 7.19443
9 (41 0 0 177 48 56 ) 8710.39
9 (41 0 0 177 48 19 ) 154.765
9 (45 1 1 177 60 56 ) 7.19443
9 (41 1 0 134 192 56 ) 3426.7
9 (28 1 0 134 192 56 ) 47.7082
9 (45 1 1 177 60 56 ) 7.19443
9 (41 2 0 134 60 56 ) 139.083
9 (41 2 0 64 60 56 ) 115.874
9 (45 1 1 177 60 56 ) 7.19443
9 (45 2 0 168 250 56 ) 4156.41
9 (113 2 0 168 250 56 ) 3634.51
9 (45 1 1 177 60 56 ) 7.19443
9 (5 1 1 168 60 56 ) 4356.7
9 (5 1 1 221 60 56 ) 120.222
9 (45 1 1 177 60 56 ) 7.19443
9 (41 1 1 221 192 56 ) 298.821
9 (41 1 1 221 192 54 ) 171.953
9 (45 1 1 177 60 56 ) 7.19443
9 (14 4 0 168 232 56 ) 44.001
9 (14 4 0 168 232 12 ) 30.4619
9 (45 1 1 177 60 56 ) 7.19443
9 (140 1 0 84 60 56 ) 6.30396e+06
9 (140 3 0 84 60 56 ) 3706.68
9 (45 1 1 177 60 56 ) 7.19443
9 (140 4 0 134 202 56 ) 3341.03
9 (140 4 0 134 186 56 ) 14.6268
9 (45 1 1 177 60 56 ) 7.19443
9 (41 4 0 168 60 69 ) 51.1984
9 (41 4 0 197 60 69 ) 32.1496
9 (45 1 1 177 60 56 ) 7.19443
9 (41 4 0 168 232 22 ) 365.075
9 (41 4 0 168 111 22 ) 177.682
9 (45 1 1 177 60 56 ) 7.19443
9 (14 1 0 134 232 56 ) 6793.95
9 (19 1 0 134 232 56 ) 61.0393
9 (45 1 1 177 60 56 ) 7.19443
9 (140 4 0 84 192 56 ) 44.768
9 (45 1 1 177 60 56 ) 7.19443
9 (41 4 0 168 192 69 ) 315.385
9 (41 4 0 168 160 69 ) 115.443
9 (45 1 1 177 60 56 ) 7.19443
9 (41 1 0 168 250 56 ) 234.214
9 (41 1 0 18 250 56 ) 105.28
9 (45 1 1 177 60 56 ) 7.19443
9 (41 4 0 168 250 56 ) 348.171
9 (41 4 0 76 250 56 ) 71.0694
9 (45 1 1 177 60 56 ) 7.19443
9 (118 1 1 168 192 56 ) 217365
9 (118 1 1 31 192 56 ) 2068.14
9 (45 1 1 177 60 56 ) 7.19443
9 (5 4 0 134 48 22 ) 11721.8
9 (5 4 0 134 48 22 ) 5946.91
9 (45 1 1 177 60 56 ) 7.19443
9 (41 1 0 168 250 56 ) 71.5188
9 (41 1 0 168 250 56 ) 15.971
9 (45 1 1 177 60 56 ) 7.19443
9 (41 1 1 134 48 56 ) 4128.04
9 (41 1 2 134 48 56 ) 367.107
9 (45 1 1 177 60 56 ) 7.19443
9 (41 1 0 168 212 56 ) 133.433
9 (41 5 0 168 212 56 ) 58.4111
9 (45 1 1 177 60 56 ) 7.19443
9 (41 1 1 168 250 56 ) 78.8201
9 (129 1 1 168 250 56 ) 20.6142
9 (45 1 1 177 60 56 ) 7.19443
9 (45 4 0 134 60 69 ) 85.4473
9 (45 4 0 134 60 89 ) 27.4116
9 (45 1 1 177 60 56 ) 7.19443
9 (5 1 0 168 192 56 ) 178.736
9 (5 1 0 168 192 86 ) 129.882
9 (45 1 1 177 60 56 ) 7.19443
9 (5 1 0 134 232 56 ) 12836.6
9 (5 1 0 134 232 53 ) 123.408
9 (45 1 1 177 60 56 ) 7.19443
9 (41 4 0 134 48 69 ) 49.5534
9 (41 4 0 134 48 69 ) 34.5707
9 (45 1 1 177 60 56 ) 7.19443
9 (41 2 0 168 60 56 ) 279140
9 (41 3 0 168 60 56 ) 4479.81
9 (45 1 1 177 60 56 ) 7.19443
9 (41 1 2 168 192 56 ) 74.8341
9 (45 1 1 177 60 56 ) 7.19443
9 (41 4 0 168 48 56 ) 60.7607
9 (41 4 0 168 48 56 ) 29.6266
9 (45 1 1 177 60 56 ) 7.19443
9 (5 4 0 134 186 56 ) 25.9766
9 (5 4 0 134 186 75 ) 23.5643
9 (45 1 1 177 60 56 ) 7.19443
9 (41 1 0 168 60 56 ) 111922
9 (16 1 0 168 60 56 ) 303.639
9 (45 1 1 177 60 56 ) 7.19443
9 (41 1 0 134 202 56 ) 3677.84
9 (41 0 0 134 202 56 ) 169.698
9 (45 1 1 177 60 56 ) 7.19443
9 (41 1 0 84 60 56 ) 46.8378
9 (45 1 1 177 60 56 ) 7.19443
9 (41 2 0 168 60 56 ) 103.64
9 (41 2 0 168 60 31 ) 24.8814
9 (45 1 1 177 60 56 ) 7.19443
9 (41 4 0 134 202 56 ) 10134
9 (108 4 0 134 202 56 ) 3266.5
9 (45 1 1 177 60 56 ) 7.19443
9 (41 4 0 168 192 56 ) 112.272
9 (41 4 0 168 192 56 ) 46.1626
9 (45 1 1 177 60 56 ) 7.19443
9 (5 2 0 168 60 56 ) 141.308
9 (45 1 1 177 60 56 ) 7.19443
9 (45 1 0 134 250 22 ) 3449.73
9 (45 1 0 134 206 22 ) 3354.21
9 (45 1 1 177 60 56 ) 7.19443
9 (41 1 0 168 60 56 ) 54.1351
9 (45 1 1 177 60 56 ) 7.19443
9 (41 4 0 168 60 56 ) 18.4704
9 (14 4 0 168 60 56 ) 11.0218
9 (45 1 1 177 60 56 ) 7.19443
9 (140 1 0 168 60 56 ) 551757
9 (140 1 0 168 136 56 ) 2631.8
9 (45 1 1 177 60 56 ) 7.19443
9 (14 1 1 134 60 56 ) 245274
9 (14 1 1 134 56 56 ) 791.853
9 (45 1 1 177 60 56 ) 7.19443
9 (14 1 0 134 60 22 ) 484.511
9 (29 1 0 134 60 22 ) 109.538
9 (45 1 1 177 60 56 ) 7.19443
9 (41 4 0 84 186 56 ) 7.44852
9 (45 1 1 177 60 56 ) 7.19443
9 (41 2 0 84 60 56 ) 285162
9 (41 2 0 84 154 56 ) 3744.12
9 (45 1 1 177 60 56 ) 7.19443
9 (140 1 0 84 48 56 ) 71.5865
9 (140 1 0 84 48 74 ) 29.7783
9 (45 1 1 177 60 56 ) 7.19443
9 (41 2 1 134 48 56 ) 122270
9 (41 2 1 134 169 56 ) 137.952
9 (45 1 1 177 60 56 ) 7.19443
9 (41 4 0 168 202 56 ) 20.5687
9 (45 1 1 177 60 56 ) 7.19443
9 (41 1 0 84 186 56 ) 174.339
9 (41 1 0 84 186 69 ) 20.2755
9 (45 1 1 177 60 56 ) 7.19443
9 (41 1 0 134 60 69 ) 66.9839
9 (41 4 0 134 60 69 ) 41.5273
9 (45 1 1 177 60 56 ) 7.19443
9 (140 1 0 84 186 56 ) 26565.4
9 (140 1 0 84 186 84 ) 102.941
9 (45 1 1 177 60 56 ) 7.19443
9 (14 2 2 168 212 56 ) 64.2445
9 (45 1 1 177 60 56 ) 7.19443
9 (41 1 0 134 186 56 ) 133.049
9 (41 1 0 134 156 56 ) 128.221
9 (45 1 1 177 60 56 ) 7.19443
9 (41 4 0 134 48 56 ) 59.2259
9 (41 4 0 134 104 56 ) 14.7565
9 (45 1 1 177 60 56 ) 7.19443
9 (45 4 0 134 104 56 ) 3385.25
9 (169 4 0 134 104 56 ) 3348.37
9 (45 1 1 177 60 56 ) 7.19443
9 (5 4 0 84 186 56 ) 152.17
9 (5 1 0 84 186 56 ) 67.251
9 (45 1 1 177 60 56 ) 7.19443
9 (5 2 0 84 60 32 ) 95.5268
9 (5 2 2 84 60 32 ) 77.2093
9 (45 1 1 177 60 56 ) 7.19443
9 (41 1 0 134 60 56 ) 100.375
9 (41 1 0 201 60 56 ) 12.832
9 (45 1 1 177 60 56 ) 7.19443
9 (41 2 0 168 250 56 ) 707.719
9 (41 2 0 168 250 36 ) 74.0529
9 (45 1 1 177 60 56 ) 7.19443
9 (41 1 0 134 60 56 ) 218989
9 (41 1 0 114 60 56 ) 10706.1
9 (45 1 1 177 60 56 ) 7.19443
9 (41 1 0 177 60 56 ) 234690
9 (41 5 0 177 60 56 ) 337.94
9 (45 1 1 177 60 56 ) 7.19443
9 (41 2 0 201 232 56 ) 3307.2
9 (41 2 0 201 236 56 ) 125.579
9 (45 1 1 177 60 56 ) 7.19443
9 (45 4 0 168 60 32 ) 40.1122
9 (45 4 0 168 60 60 ) 29.8077
9 (45 1 1 177 60 56 ) 7.19443
9 (41 4 1 168 108 69 ) 187.318
9 (41 4 1 168 108 50 ) 72.8325
9 (45 1 1 177 60 56 ) 7.19443
9 (41 2 0 134 48 56 ) 4496.7
10 (158 4 1 12 108 36 ) 19.3765
10 (95 6 0 96 0 48 ) 2178.99
10 (95 6 0 96 167 48 ) 389.6
10 (158 4 1 12 108 36 ) 19.3765
10 (86 6 2 168 120 52 ) 241.847
10 (158 4 1 12 108 36 ) 19.3765
10 (41 6 2 96 250 52 ) 3.53791e+09
10 (30 6 2 96 250 52 ) 4277.77
10 (158 4 1 12 108 36 ) 19.3765
10 (149 6 0 108 250 4 ) 7.13063e+09
10 (149 2 0 108 250 4 ) 26612.2
10 (158 4 1 12 108 36 ) 19.3765
10 (95 2 2 96 216 52 ) 4776.94
10 (95 2 2 96 74 52 ) 4617.37
10 (158 4 1 12 108 36 ) 19.3765
10 (86 2 0 168 144 32 ) 8187.71
10 (86 2 0 26 144 32 ) 7863.98
10 (158 4 1 12 108 36 ) 19.3765
10 (95 4 0 60 167 32 ) 39.1657
10 (95 4 0 73 167 32 ) 19.3478
10 (95 4 0 73 167 32 ) 19.3478
10 (95 0 1 60 192 56 ) 1.33583e+06
10 (95 1 1 60 192 56 ) 8433.81
10 (95 4 0 73 167 32 ) 19.3478
10 (149 2 1 12 0 60 ) 3.82612e+09
10 (149 2 1 161 0 60 ) 231.932
10 (95 4 0 73 167 32 ) 19.3478
10 (149 2 2 96 120 36 ) 2.11145e+09
10 (6 2 2 96 120 36 ) 4338.79
10 (95 4 0 73 167 32 ) 19.3478
10 (95 2 2 156 216 32 ) 216.969
10 (95 4 0 73 167 32 ) 19.3478
10 (23 0 2 156 250 48 ) 27876.5
10 (23 2 2 156 250 48 ) 1856.84
10 (95 4 0 73 167 32 ) 19.3478
10 (131 6 0 72 120 64 ) 87.4473
10 (131 6 2 72 120 64 ) 13.0274
10 (131 6 2 72 120 64 ) 13.0274
10 (149 6 0 156 132 64 ) 2.30097e+07
10 (149 6 0 156 101 64 ) 113.618
10 (131 6 2 72 120 64 ) 13.0274
10 (158 1 2 72 180 32 ) 8.83706e+08
10 (158 3 2 72 180 32 ) 150212
10 (131 6 2 72 120 64 ) 13.0274
10 (95 4 0 180 180 32 ) 16327.8
10 (95 4 0 168 180 32 ) 3383.54
10 (131 6 2 72 120 64 ) 13.0274
10 (95 4 0 156 168 32 ) 21686.4
10 (95 4 0 156 168 70 ) 3433.98
10 (131 6 2 72 120 64 ) 13.0274
10 (68 6 2 180 216 48 ) 5680.55
10 (68 0 2 180 216 48 ) 3677.41
10 (131 6 2 72 120 64 ) 13.0274
10 (131 0 0 168 168 32 ) 11.5234
10 (131 0 0 168 168 32 ) 11.5234
10 (23 2 1 161 120 36 ) 178762
10 (23 2 1 161 120 51 ) 4259.35
10 (131 0 0 168 168 32 ) 11.5234
10 (14 3 1 73 168 52 ) 80473.9
10 (14 3 1 73 168 8 ) 432.77
10 (131 0 0 168 168 32 ) 11.5234
10 (95 2 1 72 168 64 ) 6.27787e+06
10 (95 2 1 72 103 64 ) 3.09712e+06
10 (131 0 0 168 168 32 ) 11.5234
10 (23 4 0 192 120 60 ) 3558.82
10 (23 4 0 192 120 72 ) 345.37
10 (131 0 0 168 168 32 ) 11.5234
10 (14 0 0 60 120 52 ) 45.8787
10 (14 0 0 60 120 52 ) 20.9096
10 (131 0 0 168 168 32 ) 11.5234
10 (131 0 0 73 168 52 ) 14.5964
10 (131 0 0 230 168 52 ) 8.39997
10 (131 0 0 230 168 52 ) 8.39997
10 (14 4 1 156 250 48 ) 198951
10 (14 4 1 156 250 7 ) 8785.45
10 (131 0 0 230 168 52 ) 8.39997
10 (131 3 1 60 167 36 ) 277.259
10 (131 0 0 230 168 52 ) 8.39997
10 (95 4 0 156 167 32 ) 16317.3
10 (95 4 0 199 167 32 ) 665.309
10 (131 0 0 230 168 52 ) 8.39997
10 (95 1 0 73 167 32 ) 59079.1
10 (95 0 0 73 167 32 ) 2215.28
10 (131 0 0 230 168 52 ) 8.39997
10 (131 0 1 73 167 32 ) 4.42326e+08
10 (131 2 1 73 167 32 ) 4425.36
10 (131 0 0 230 168 52 ) 8.39997
10 (95 4 0 180 167 52 ) 3658.25
10 (95 4 0 180 167 52 ) 2285
10 (131 0 0 230 168 52 ) 8.39997
10 (131 6 1 156 168 36 ) 994.828
10 (131 1 1 156 168 36 ) 10.4967
10 (131 0 0 230 168 52 ) 8.39997
10 (23 0 0 156 167 52 ) 6918.97
10 (23 0 0 215 167 52 ) 2183.96
10 (131 0 0 230 168 52 ) 8.39997
10 (149 1 0 156 120 52 ) 58137.6
10 (10 1 0 156 120 52 ) 39.3039
10 (131 0 0 230 168 52 ) 8.39997
10 (131 1 0 73 120 32 ) 1.98286e+07
10 (131 0 0 230 168 52 ) 8.39997
10 (113 6 0 168 168 32 ) 4.70189e+08
10 (113 6 0 168 35 32 ) 9345.74
10 (131 0 0 230 168 52 ) 8.39997
10 (10 4 0 192 167 64 ) 3556.5
10 (10 4 0 192 167 87 ) 33.2994
10 (131 0 0 230 168 52 ) 8.39997
10 (149 4 0 156 167 72 ) 3249.4
10 (149 4 0 221 167 72 ) 49.2539
10 (131 0 0 230 168 52 ) 8.39997
10 (95 0 0 156 168 32 ) 16889.9
10 (95 2 0 156 168 32 ) 87.3701
10 (131 0 0 230 168 52 ) 8.39997
10 (149 0 0 72 120 52 ) 12082.2
10 (149 0 0 240 120 52 ) 64.3008
10 (131 0 0 230 168 52 ) 8.39997
10 (10 4 0 12 168 52 ) 54175.2
10 (10 4 2 12 168 52 ) 165.49
10 (131 0 0 230 168 52 ) 8.39997
10 (131 0 0 180 168 87 ) 111.073
10 (131 1 0 180 168 87 ) 59.0065
10 (131 0 0 230 168 52 ) 8.39997
10 (14 1 0 60 167 52 ) 6987.09
10 (14 1 2 60 167 52 ) 98.3117
10 (131 0 0 230 168 52 ) 8.39997
10 (113 0 0 240 167 52 ) 17.354
10 (131 0 0 230 168 52 ) 8.39997
10 (131 4 0 73 192 32 ) 628.074
10 (131 2 0 73 192 32 ) 82.3843
10 (131 0 0 230 168 52 ) 8.39997
10 (113 4 0 192 120 32 ) 157.092
10 (113 4 0 192 120 59 ) 92.2965
10 (131 0 0 230 168 52 ) 8.39997
10 (149 0 0 240 168 72 ) 35.8564
10 (149 0 0 240 143 72 ) 17.0259
10 (131 0 0 230 168 52 ) 8.39997
10 (131 4 0 240 143 32 ) 30068.7
10 (148 4 0 240 143 32 ) 62.9147
10 (131 0 0 230 168 52 ) 8.39997
10 (14 0 0 60 192 64 ) 57.0476
10 (160 0 0 60 192 64 ) 10.4584
10 (131 0 0 230 168 52 ) 8.39997
10 (149 1 0 168 167 72 ) 8841.47
10 (149 1 0 168 22 72 ) 90.8073
10 (131 0 0 230 168 52 ) 8.39997
10 (95 0 0 230 192 52 ) 67.8725
10 (131 0 0 230 168 52 ) 8.39997
10 (158 0 0 168 167 32 ) 16266.6
10 (158 0 0 77 167 32 ) 339.715
10 (131 0 0 230 168 52 ) 8.39997
10 (131 4 1 72 168 52 ) 5.39294e+07
10 (131 4 1 72 168 34 ) 502.018
10 (131 0 0 230 168 52 ) 8.39997
10 (131 4 0 73 192 87 ) 30996.7
10 (131 4 0 94 192 87 ) 22613.6
10 (131 0 0 230 168 52 ) 8.39997
10 (131 4 1 230 167 32 ) 213244
10 (131 4 1 230 167 32 ) 205065
10 (131 0 0 230 168 52 ) 8.39997
10 (95 0 0 60 167 52 ) 3466.74
10 (95 0 0 60 167 0 ) 135.577
10 (131 0 0 230 168 52 ) 8.39997
10 (149 0 0 73 168 36 ) 10019.9
10 (149 0 0 67 168 36 ) 3903.28
10 (131 0 0 230 168 52 ) 8.39997
10 (95 4 0 230 120 52 ) 3208.71
10 (95 4 0 230 134 52 ) 159.895
10 (131 0 0 230 168 52 ) 8.39997
10 (95 0 0 60 120 72 ) 41936.8
10 (95 0 0 60 120 65 ) 3960.03
10 (131 0 0 230 168 52 ) 8.39997
10 (113 4 0 60 168 87 ) 48.1423
10 (131 0 0 230 168 52 ) 8.39997
10 (10 1 0 60 167 52 ) 121.827
10 (10 1 0 60 167 68 ) 111.667
10 (131 0 0 230 168 52 ) 8.39997
10 (131 0 1 60 167 52 ) 3.19659e+08
10 (131 0 1 60 167 21 ) 335083
10 (131 0 0 230 168 52 ) 8.39997
10 (14 0 0 240 168 52 ) 3436.28
10 (14 0 0 240 200 52 ) 69.5045
10 (131 0 0 230 168 52 ) 8.39997
10 (160 4 0 60 168 52 ) 22.3205
10 (160 4 0 101 168 52 ) 16.4791
10 (131 0 0 230 168 52 ) 8.39997
10 (160 4 0 168 167 52 ) 36521.4
10 (160 4 0 168 216 52 ) 25009.9
10 (131 0 0 230 168 52 ) 8.39997
10 (160 0 0 72 168 72 ) 3598.2
10 (160 4 0 72 168 72 ) 17.4932
10 (131 0 0 230 168 52 ) 8.39997
10 (14 4 0 60 168 64 ) 3412.95
10 (14 4 0 60 118 64 ) 7.22845
10 (14 4 0 60 118 64 ) 7.22845
10 (95 4 0 60 120 52 ) 67.475
10 (95 4 0 60 19 52 ) 16.605
10 (14 4 0 60 118 64 ) 7.22845
10 (131 4 0 101 108 72 ) 68.7411
10 (165 4 0 101 108 72 ) 56.1208
10 (14 4 0 60 118 64 ) 7.22845
10 (131 4 2 72 167 52 ) 232386
10 (131 4 2 72 167 68 ) 108.389
10 (14 4 0 60 118 64 ) 7.22845
10 (131 1 0 73 168 64 ) 19.9143
10 (14 4 0 60 118 64 ) 7.22845
10 (10 6 0 156 167 52 ) 252908
10 (10 6 0 156 167 51 ) 2942.92
10 (14 4 0 60 118 64 ) 7.22845
10 (10 1 0 12 167 52 ) 167.307
10 (10 1 0 12 98 52 ) 81.0657
10 (14 4 0 60 118 64 ) 7.22845
10 (131 1 0 12 19 32 ) 8035.83
10 (131 1 0 42 19 32 ) 7550.62
10 (14 4 0 60 118 64 ) 7.22845
10 (10 1 0 60 108 36 ) 27611.6
10 (10 1 0 60 108 59 ) 3534.25
10 (14 4 0 60 118 64 ) 7.22845
10 (149 4 1 168 108 52 ) 4356.18
10 (149 4 1 168 131 52 ) 2013
10 (14 4 0 60 118 64 ) 7.22845
10 (113 4 0 230 168 87 ) 4926.84
10 (170 4 0 230 168 87 ) 27.567
10 (14 4 0 60 118 64 ) 7.22845
10 (131 4 1 12 168 52 ) 6295.46
10 (131 4 2 12 168 52 ) 126.622
10 (14 4 0 60 118 64 ) 7.22845
10 (160 4 0 168 192 52 ) 152.909
10 (160 4 0 168 192 6 ) 150.635
10 (14 4 0 60 118 64 ) 7.22845
10 (131 4 0 72 19 64 ) 1.45053e+07
10 (131 4 1 72 19 64 ) 44.3135
10 (14 4 0 60 118 64 ) 7.22845
10 (131 1 0 60 120 32 ) 41.7313
10 (14 4 0 60 118 64 ) 7.22845
10 (95 4 1 12 120 52 ) 13.2604
10 (14 4 0 60 118 64 ) 7.22845
10 (95 4 0 60 120 64 ) 3414.96
10 (95 1 0 60 120 64 ) 83.1175
10 (14 4 0 60 118 64 ) 7.22845
10 (160 4 0 60 120 52 ) 54.6945
10 (160 4 0 60 222 52 ) 24.9699
10 (14 4 0 60 118 64 ) 7.22845
10 (149 4 0 73 168 36 ) 597.735
10 (149 4 0 73 168 52 ) 43.5399
10 (14 4 0 60 118 64 ) 7.22845
10 (131 0 1 72 168 64 ) 6554.54
10 (131 3 1 72 168 64 ) 3900.17
10 (14 4 0 60 118 64 ) 7.22845
10 (160 4 0 73 168 32 ) 47276
10 (160 4 0 236 168 32 ) 3176.09
10 (14 4 0 60 118 64 ) 7.22845
10 (14 0 0 12 120 52 ) 69.0794
10 (14 4 0 12 120 52 ) 19.7326
10 (14 4 0 60 118 64 ) 7.22845
10 (95 0 0 240 168 72 ) 3400.81
10 (95 0 0 240 145 72 ) 107.208
10 (14 4 0 60 118 64 ) 7.22845
10 (131 4 0 72 168 52 ) 56.917
10 (105 4 0 72 168 52 ) 13.4598
10 (14 4 0 60 118 64 ) 7.22845
10 (131 0 0 101 168 64 ) 3591.16
10 (131 0 0 222 168 64 ) 6.66158
10 (131 0 0 222 168 64 ) 6.66158
10 (131 0 1 230 143 52 ) 264223
10 (131 0 1 230 179 52 ) 73.1438
10 (131 0 0 222 168 64 ) 6.66158
10 (95 4 0 72 143 72 ) 1604.56
10 (95 4 0 187 143 72 ) 209.692
10 (131 0 0 222 168 64 ) 6.66158
10 (14 4 1 12 118 36 ) 1866.37
10 (14 4 1 12 118 79 ) 354.511
10 (131 0 0 222 168 64 ) 6.66158
10 (95 1 0 72 143 52 ) 30106
10 (95 1 0 72 143 64 ) 165.653
10 (131 0 0 222 168 64 ) 6.66158
10 (14 4 0 60 168 52 ) 15654
10 (14 3 0 60 168 52 ) 4201.87
10 (131 0 0 222 168 64 ) 6.66158
10 (131 1 2 12 108 52 ) 4291.87
10 (131 3 2 12 108 52 ) 1290.56
10 (131 0 0 222 168 64 ) 6.66158
10 (131 4 1 240 108 72 ) 252075
10 (131 4 1 240 108 38 ) 27.3756
10 (131 0 0 222 168 64 ) 6.66158
10 (160 1 1 168 167 52 ) 140.223
10 (5 1 1 168 167 52 ) 20.0256
10 (131 0 0 222 168 64 ) 6.66158
10 (131 0 1 73 168 64 ) 270006
10 (131 0 1 73 218 64 ) 7152.85
10 (131 0 0 222 168 64 ) 6.66158
10 (149 4 0 72 167 32 ) 52708.5
10 (177 4 0 72 167 32 ) 44.608
10 (131 0 0 222 168 64 ) 6.66158
10 (95 0 0 12 168 36 ) 7075.06
10 (95 1 0 12 168 36 ) 6625.62
10 (131 0 0 222 168 64 ) 6.66158
10 (131 4 0 12 143 64 ) 3130.78
10 (131 4 0 12 143 48 ) 262.902
10 (131 0 0 222 168 64 ) 6.66158
10 (95 0 0 72 168 52 ) 155.584
10 (95 0 0 72 37 52 ) 40.8285
10 (131 0 0 222 168 64 ) 6.66158
10 (113 4 0 72 167 64 ) 3296.53
10 (113 4 0 72 206 64 ) 11.8754
10 (131 0 0 222 168 64 ) 6.66158
10 (160 4 1 72 168 52 ) 9.41378e+07
10 (160 4 0 72 168 52 ) 8.97722
10 (131 0 0 222 168 64 ) 6.66158
10 (95 4 0 101 168 52 ) 120.469
10 (95 4 2 101 168 52 ) 74.6083
10 (131 0 0 222 168 64 ) 6.66158
10 (131 0 0 240 168 52 ) 3370.76
10 (41 0 0 240 168 52 ) 335.096
10 (131 0 0 222 168 64 ) 6.66158
10 (131 4 0 72 168 36 ) 302.928
10 (150 4 0 72 168 36 ) 32.2453
10 (131 0 0 222 168 64 ) 6.66158
10 (131 4 0 240 167 52 ) 27462.5
10 (131 4 0 240 15 52 ) 71.3839
10 (131 0 0 222 168 64 ) 6.66158
10 (105 4 0 73 168 52 ) 25918.6
10 (105 4 0 73 168 52 ) 46.6691
10 (131 0 0 222 168 64 ) 6.66158
10 (160 4 1 72 120 72 ) 8187.4
10 (160 4 1 72 120 62 ) 26.5905
10 (131 0 0 222 168 64 ) 6.66158
10 (131 0 2 168 120 72 ) 7691.05
10 (131 1 2 168 120 72 ) 132.207
10 (131 0 0 222 168 64 ) 6.66158
10 (160 4 0 72 120 52 ) 49175
10 (160 4 0 245 120 52 ) 114.911
10 (131 0 0 222 168 64 ) 6.66158
10 (105 0 0 168 168 36 ) 233.25
10 (109 0 0 168 168 36 ) 75.7127
10 (131 0 0 222 168 64 ) 6.66158
10 (113 0 0 72 168 52 ) 176.462
10 (113 0 0 72 168 47 ) 166.975
10 (131 0 0 222 168 64 ) 6.66158
10 (160 4 0 12 167 32 ) 104837
10 (160 4 0 12 250 32 ) 24358.7
10 (131 0 0 222 168 64 ) 6.66158
10 (105 0 0 72 192 64 ) 3547.85
10 (175 0 0 72 192 64 ) 91.7766
10 (131 0 0 222 168 64 ) 6.66158
10 (131 4 0 60 168 72 ) 43742.7
10 (131 4 0 60 168 29 ) 3604.24
10 (131 0 0 222 168 64 ) 6.66158
10 (160 0 0 60 168 64 ) 136.208
10 (160 0 0 182 168 64 ) 109.164
10 (131 0 0 222 168 64 ) 6.66158
10 (149 0 0 72 168 52 ) 22326.7
10 (45 0 0 72 168 52 ) 3628.54
10 (131 0 0 222 168 64 ) 6.66158
10 (160 0 1 101 168 32 ) 1.34355e+09
10 (160 0 1 101 168 32 ) 347306
10 (131 0 0 222 168 64 ) 6.66158
10 (160 0 0 101 168 52 ) 6272.8
10 (160 0 0 101 168 6 ) 3443.3
10 (131 0 0 222 168 64 ) 6.66158
10 (131 4 2 60 168 6 ) 4222.81
10 (131 2 2 60 168 6 ) 250.854
10 (131 0 0 222 168 64 ) 6.66158
10 (131 4 2 101 206 64 ) 126.103
10 (131 4 2 146 206 64 ) 18.8164
10 (131 0 0 222 168 64 ) 6.66158
10 (131 4 0 240 167 32 ) 3605.44
10 (131 4 0 240 101 32 ) 3594.58
10 (131 0 0 222 168 64 ) 6.66158
10 (131 0 0 146 192 64 ) 32.3561
10 (131 0 0 222 168 64 ) 6.66158
10 (95 6 0 73 168 52 ) 56.3996
10 (131 0 0 222 168 64 ) 6.66158
10 (149 4 0 240 19 52 ) 7.52531e+06
10 (197 4 0 240 19 52 ) 196784
10 (131 0 0 222 168 64 ) 6.66158
10 (197 4 0 60 143 72 ) 40.815
10 (194 4 0 60 143 72 ) 18.3025
10 (131 0 0 222 168 64 ) 6.66158
10 (131 4 0 73 168 72 ) 41976.6
10 (131 4 0 73 134 72 ) 459.58
10 (131 0 0 222 168 64 ) 6.66158
10 (131 4 0 60 120 52 ) 3641.77
10 (131 4 0 60 220 52 ) 66.7342
10 (131 0 0 222 168 64 ) 6.66158
10 (149 4 0 240 206 52 ) 55.9513
10 (79 4 0 240 206 52 ) 51.4726
10 (131 0 0 222 168 64 ) 6.66158
10 (160 4 0 72 120 32 ) 8.23111e+06
10 (160 4 0 72 120 88 ) 259360
10 (131 0 0 222 168 64 ) 6.66158
10 (160 0 0 168 206 52 ) 13.4783
10 (131 0 0 222 168 64 ) 6.66158
10 (149 4 0 222 167 52 ) 6805.33
10 (93 4 0 222 167 52 ) 3494.23
10 (131 0 0 222 168 64 ) 6.66158
10 (14 0 2 101 19 52 ) 584682
10 (6 0 2 101 19 52 ) 406.194
10 (131 0 0 222 168 64 ) 6.66158
10 (160 6 2 101 168 72 ) 4116.82
10 (160 0 2 101 168 72 ) 247.661
10 (131 0 0 222 168 64 ) 6.66158
10 (149 0 1 60 168 72 ) 4347.07
10 (149 0 1 60 166 72 ) 179.567
10 (131 0 0 222 168 64 ) 6.66158
10 (160 4 1 168 192 52 ) 209528
10 (160 4 1 168 192 90 ) 37.3954
10 (131 0 0 222 168 64 ) 6.66158
10 (160 4 0 60 120 52 ) 38844.8
10 (160 4 2 60 120 52 ) 208.893
10 (131 0 0 222 168 64 ) 6.66158
10 (113 0 1 72 168 64 ) 4542.61
10 (113 0 1 72 168 24 ) 221.379
10 (131 0 0 222 168 64 ) 6.66158
10 (160 0 1 72 168 64 ) 3.72794e+06
10 (118 0 1 72 168 64 ) 4591.26
10 (131 0 0 222 168 64 ) 6.66158
10 (160 4 0 73 168 64 ) 20.0944
10 (131 0 0 222 168 64 ) 6.66158
10 (160 4 0 222 206 52 ) 99.3391
10 (160 5 0 222 206 52 ) 38.61
10 (131 0 0 222 168 64 ) 6.66158
10 (160 4 0 73 168 64 ) 277.163
10 (160 6 0 73 168 64 ) 78.5985
10 (131 0 0 222 168 64 ) 6.66158
10 (160 0 0 230 168 64 ) 27646.6
10 (160 0 0 21 168 64 ) 71.4796
10 (131 0 0 222 168 64 ) 6.66158
10 (160 0 0 168 192 36 ) 3608.43
10 (160 0 0 168 115 36 ) 183.765
10 (131 0 0 222 168 64 ) 6.66158
10 (113 1 1 156 120 52 ) 247.269
10 (113 1 1 156 120 33 ) 29.0906
10 (131 0 0 222 168 64 ) 6.66158
10 (131 6 0 72 120 33 ) 3.46753e+12
10 (131 6 0 72 60 33 ) 241566
10 (131 0 0 222 168 64 ) 6.66158
10 (160 0 0 72 143 52 ) 3474.5
10 (160 0 0 72 220 52 ) 103.904
10 (131 0 0 222 168 64 ) 6.66158
10 (113 0 0 72 206 52 ) 17.3218
10 (131 0 0 222 168 64 ) 6.66158
10 (131 0 0 72 168 64 ) 227.171
10 (131 0 1 72 168 64 ) 193.899
10 (131 0 0 222 168 64 ) 6.66158
10 (160 4 0 60 168 52 ) 62.1619
10 (160 4 0 60 101 52 ) 42.7117
10 (131 0 0 222 168 64 ) 6.66158
10 (131 6 1 168 192 52 ) 81.1756
10 (131 0 0 222 168 64 ) 6.66158
10 (131 0 0 72 168 64 ) 165.244
10 (131 0 0 72 168 43 ) 85.0781
10 (131 0 0 222 168 64 ) 6.66158
10 (105 0 0 168 168 64 ) 8.75583
10 (131 0 0 222 168 64 ) 6.66158
10 (131 4 0 168 168 36 ) 77.657
10 (131 4 0 168 196 36 ) 35.3695
10 (131 0 0 222 168 64 ) 6.66158
10 (113 0 0 60 120 52 ) 3305.43
10 (113 0 1 60 120 52 ) 332
10 (131 0 0 222 168 64 ) 6.66158
10 (113 0 0 72 168 64 ) 24166.6
10 (105 0 0 72 168 64 ) 3449.35
10 (131 0 0 222 168 64 ) 6.66158
10 (160 4 2 168 206 64 ) 447537
10 (160 4 2 55 206 64 ) 3766.57
10 (131 0 0 222 168 64 ) 6.66158
10 (95 4 0 168 168 64 ) 6678.56
10 (95 4 0 168 168 45 ) 5870.52
10 (131 0 0 222 168 64 ) 6.66158
10 (113 0 0 222 206 64 ) 192.156
10 (113 0 0 152 206 64 ) 77.9466
10 (131 0 0 222 168 64 ) 6.66158
10 (95 4 0 60 120 36 ) 516.161
10 (90 4 0 60 120 36 ) 64.0382
10 (131 0 0 222 168 64 ) 6.66158
10 (160 0 1 168 120 52 ) 4511.31
10 (160 0 1 168 120 42 ) 236.572
10 (131 0 0 222 168 64 ) 6.66158
10 (160 4 0 168 120 64 ) 1866.86
10 (7 4 0 168 120 64 ) 165.659
10 (131 0 0 222 168 64 ) 6.66158
10 (105 4 0 168 19 64 ) 489589
10 (105 6 0 168 19 64 ) 73.1572
10 (131 0 0 222 168 64 ) 6.66158
10 (160 0 0 60 118 64 ) 192.41
10 (160 0 0 60 118 81 ) 54.1117
10 (131 0 0 222 168 64 ) 6.66158
10 (131 4 0 230 120 64 ) 216585
10 (63 4 0 230 120 64 ) 3398.27
10 (131 0 0 222 168 64 ) 6.66158
10 (160 4 1 72 168 52 ) 4275.07
10 (160 4 1 72 168 78 ) 71.7545
10 (131 0 0 222 168 64 ) 6.66158
10 (160 0 0 168 206 64 ) 19547.2
10 (160 0 0 168 206 64 ) 118.832
10 (131 0 0 222 168 64 ) 6.66158
10 (160 4 0 156 206 52 ) 362.345
10 (160 4 0 156 203 52 ) 97.5432
10 (131 0 0 222 168 64 ) 6.66158
10 (131 0 1 12 168 52 ) 231.278
10 (131 0 0 222 168 64 ) 6.66158
10 (131 4 0 72 206 52 ) 25006.3
10 (131 4 0 72 242 52 ) 50.252
10 (131 0 0 222 168 64 ) 6.66158
10 (95 4 1 168 120 72 ) 4071.06
10 (95 4 0 168 120 72 ) 49.8157
10 (131 0 0 222 168 64 ) 6.66158
10 (131 4 0 230 168 36 ) 118495
10 (131 4 0 100 168 36 ) 276.263
10 (131 0 0 222 168 64 ) 6.66158
10 (131 4 0 72 143 52 ) 25836.1
10 (131 4 0 72 142 52 ) 336.012
10 (131 0 0 222 168 64 ) 6.66158
10 (131 0 1 60 168 52 ) 283.446
10 (131 0 1 60 168 71 ) 64.6193
10 (131 0 0 222 168 64 ) 6.66158
10 (131 4 0 101 168 71 ) 3484.5
10 (131 4 0 28 168 71 ) 16.9696
10 (131 0 0 222 168 64 ) 6.66158
10 (131 0 0 72 168 52 ) 140.535
10 (72 0 0 72 168 52 ) 58.8346
10 (131 0 0 222 168 64 ) 6.66158
10 (131 0 0 168 120 52 ) 11.654
10 (131 0 0 168 120 27 ) 11.3775
10 (131 0 0 222 168 64 ) 6.66158
10 (160 0 0 72 120 27 ) 2595.94
10 (42 0 0 72 120 27 ) 1833.31
10 (131 0 0 222 168 64 ) 6.66158
10 (131 4 1 12 206 52 ) 218660
10 (47 4 1 12 206 52 ) 83.7936
10 (131 0 0 222 168 64 ) 6.66158
10 (95 4 0 168 168 64 ) 3625.28
10 (95 4 0 33 168 64 ) 61.4042
10 (131 0 0 222 168 64 ) 6.66158
10 (131 4 0 168 120 52 ) 4282.14
10 (131 4 0 168 244 52 ) 121.147
10 (131 0 0 222 168 64 ) 6.66158
10 (105 0 0 60 120 52 ) 135.104
10 (105 1 0 60 120 52 ) 51.2501
10 (131 0 0 222 168 64 ) 6.66158
10 (14 4 0 101 192 64 ) 22183
10 (14 4 0 101 192 61 ) 3548.71
10 (131 0 0 222 168 64 ) 6.66158
10 (160 0 1 72 168 52 ) 5.16933e+08
10 (189 0 1 72 168 52 ) 3.19659e+08
10 (131 0 0 222 168 64 ) 6.66158
10 (131 0 0 168 168 52 ) 43.258
10 (131 0 0 172 168 52 ) 32.5668
10 (131 0 0 222 168 64 ) 6.66158
10 (131 0 2 72 168 52 ) 12501.7
10 (131 0 2 72 168 52 ) 4490.24
10 (131 0 0 222 168 64 ) 6.66158
10 (14 0 0 60 192 64 ) 95.8973
10 (14 0 0 232 192 64 ) 49.216
10 (131 0 0 222 168 64 ) 6.66158
10 (131 4 0 230 168 64 ) 40508.5
10 (131 4 0 230 168 64 ) 10.6946
10 (131 0 0 222 168 64 ) 6.66158
10 (160 0 0 168 206 52 ) 745.546
10 (160 0 1 168 206 52 ) 205.994
10 (131 0 0 222 168 64 ) 6.66158
10 (95 0 1 72 168 52 ) 1.15987e+06
10 (25 0 1 72 168 52 ) 294.89
10 (131 0 0 222 168 64 ) 6.66158
10 (131 0 0 156 118 52 ) 3768.2
10 (131 0 2 156 118 52 ) 118.136
10 (131 0 0 222 168 64 ) 6.66158
10 (160 1 1 72 206 52 ) 222520
10 (160 1 1 72 43 52 ) 180.419
10 (131 0 0 222 168 64 ) 6.66158
10 (131 0 0 168 118 36 ) 20408.7
10 (131 0 0 216 118 36 ) 3680.7
10 (131 0 0 222 168 64 ) 6.66158
10 (131 4 0 72 168 27 ) 3670.52
10 (131 4 0 205 168 27 ) 3476.34
10 (131 0 0 222 168 64 ) 6.66158
10 (105 0 0 73 168 52 ) 19.2349
10 (131 0 0 222 168 64 ) 6.66158
10 (113 4 0 72 120 27 ) 58.9462
10 (131 0 0 222 168 64 ) 6.66158
10 (131 0 0 72 168 64 ) 1980.22
10 (131 0 1 72 168 64 ) 19.2269
10 (131 0 0 222 168 64 ) 6.66158
10 (131 0 2 101 120 64 ) 315.291
10 (131 0 2 101 120 90 ) 14.856
10 (131 0 0 222 168 64 ) 6.66158
10 (131 0 0 222 168 36 ) 2637.82
10 (131 0 0 222 168 79 ) 14.303
10 (131 0 0 222 168 64 ) 6.66158
10 (160 0 0 72 168 52 ) 2244.72
10 (160 0 0 112 168 52 ) 66.2536
10 (131 0 0 222 168 64 ) 6.66158
10 (95 6 0 60 168 64 ) 8.74892e+06
10 (95 6 0 60 195 64 ) 4.01283e+06
10 (131 0 0 222 168 64 ) 6.66158
10 (131 4 0 168 120 64 ) 223.066
10 (131 4 0 168 120 44 ) 69.4524
10 (131 0 0 222 168 64 ) 6.66158
10 (105 0 0 72 168 52 ) 17029.1
10 (69 0 0 72 168 52 ) 72.0803
10 (131 0 0 222 168 64 ) 6.66158
10 (95 4 0 60 168 64 ) 379.792
10 (95 2 0 60 168 64 ) 174.82
10 (131 0 0 222 168 64 ) 6.66158
10 (113 6 0 60 168 64 ) 283.955
10 (106 6 0 60 168 64 ) 237.256
10 (131 0 0 222 168 64 ) 6.66158
10 (131 4 0 60 168 64 ) 6714.58
10 (131 4 0 123 168 64 ) 3307.8
10 (131 0 0 222 168 64 ) 6.66158
10 (131 1 0 230 168 52 ) 9.30328
10 (131 0 0 222 168 64 ) 6.66158
10 (131 4 1 72 168 52 ) 6.48057e+07
10 (59 4 1 72 168 52 ) 2069.22
10 (131 0 0 222 168 64 ) 6.66158
10 (160 4 0 222 206 52 ) 6418.72
10 (160 4 0 222 206 52 ) 3280.57
10 (131 0 0 222 168 64 ) 6.66158
10 (14 4 0 72 168 52 ) 251.308
10 (14 4 0 66 168 52 ) 110.854
10 (131 0 0 222 168 64 ) 6.66158
10 (131 4 0 72 120 32 ) 103.958
10 (131 4 0 72 118 32 ) 55.287
10 (131 0 0 222 168 64 ) 6.66158
10 (95 1 0 168 168 32 ) 65.46
10 (95 1 0 221 168 32 ) 62.7183
10 (131 0 0 222 168 64 ) 6.66158
10 (113 6 0 168 206 64 ) 47.696
10 (113 1 0 168 206 64 ) 10.6534
10 (131 0 0 222 168 64 ) 6.66158
10 (14 6 1 72 120 36 ) 9.9756e+13
10 (14 6 2 72 120 36 ) 9.73477e+09
10 (131 0 0 222 168 64 ) 6.66158
10 (160 1 0 156 192 36 ) 95.0581
10 (184 1 0 156 192 36 ) 8.71846
10 (131 0 0 222 168 64 ) 6.66158
10 (95 4 0 72 168 27 ) 23067.8
10 (95 4 0 221 168 27 ) 3399.58
10 (131 0 0 222 168 64 ) 6.66158
10 (131 0 1 222 168 52 ) 11.2664
10 (131 0 0 222 168 64 ) 6.66158
10 (131 6 0 60 120 52 ) 661.962
10 (131 6 0 66 120 52 ) 91.1951
10 (131 0 0 222 168 64 ) 6.66158
10 (113 4 1 156 118 64 ) 4268.2
10 (183 4 1 156 118 64 ) 4149.36
10 (131 0 0 222 168 64 ) 6.66158
10 (184 6 0 156 206 64 ) 3864.24
10 (131 0 0 222 168 64 ) 6.66158
10 (131 0 0 156 120 64 ) 22547.5
10 (131 0 0 156 120 64 ) 3190.51
10 (131 0 0 222 168 64 ) 6.66158
10 (131 1 0 230 192 52 ) 146.276
10 (131 0 0 222 168 64 ) 6.66158
10 (160 1 2 72 168 64 ) 812817
10 (96 1 2 72 168 64 ) 327.531
10 (131 0 0 222 168 64 ) 6.66158
10 (14 0 2 168 192 36 ) 308.79
10 (131 0 0 222 168 64 ) 6.66158
10 (131 4 1 222 120 52 ) 5189.65
10 (131 4 1 222 120 52 ) 129.344
10 (131 0 0 222 168 64 ) 6.66158
10 (160 4 0 168 168 36 ) 709.494
10 (160 4 0 168 168 39 ) 301.261
10 (131 0 0 222 168 64 ) 6.66158
10 (131 0 0 168 168 52 ) 77.9619
10 (137 0 0 168 168 52 ) 74.8398
10 (131 0 0 222 168 64 ) 6.66158
10 (95 1 0 222 206 36 ) 342.104
10 (131 0 0 222 168 64 ) 6.66158
10 (131 0 0 168 206 64 ) 18002.1
10 (131 0 0 14 206 64 ) 3625.59
10 (131 0 0 222 168 64 ) 6.66158
10 (184 0 0 168 206 52 ) 3290.17
10 (184 0 0 168 206 11 ) 52.3013
10 (131 0 0 222 168 64 ) 6.66158
10 (95 0 0 168 168 64 ) 24784.4
10 (154 0 0 168 168 64 ) 3362.27
10 (131 0 0 222 168 64 ) 6.66158
10 (160 1 0 230 168 64 ) 3593.58
10 (153 1 0 230 168 64 ) 1.34713
10 (153 1 0 230 168 64 ) 1.34713
10 (131 0 0 168 168 64 ) 6863.86
10 (131 0 0 150 168 64 ) 3598.2
10 (153 1 0 230 168 64 ) 1.34713
10 (131 0 0 230 118 52 ) 3266.29
