1 (59 0 0 108 132 48 ) 57.8673
1 (158 5 1 96 108 68 ) 5317.4
1 (158 3 1 96 108 68 ) 484.076
1 (59 0 0 108 132 48 ) 57.8673
1 (149 2 1 96 0 68 ) 9.61323e+07
1 (149 2 1 96 0 26 ) 9656
1 (59 0 0 108 132 48 ) 57.8673
1 (14 5 0 108 48 68 ) 373.784
1 (184 5 0 108 48 68 ) 352.91
1 (59 0 0 108 132 48 ) 57.8673
1 (14 2 1 72 108 68 ) 61754.9
1 (14 2 1 72 108 4 ) 448.049
1 (59 0 0 108 132 48 ) 57.8673
1 (184 5 1 36 168 56 ) 9091.62
1 (184 3 1 36 168 56 ) 1173.07
1 (59 0 0 108 132 48 ) 57.8673
1 (5 6 2 108 144 56 ) 9.05171e+08
1 (162 6 2 108 144 56 ) 692.1
1 (59 0 0 108 132 48 ) 57.8673
1 (158 5 1 156 168 56 ) 1276.65
1 (158 1 1 156 168 56 ) 918.304
1 (59 0 0 108 132 48 ) 57.8673
1 (184 5 1 216 168 68 ) 791.409
1 (59 0 0 108 132 48 ) 57.8673
1 (158 5 2 36 168 68 ) 77235.2
1 (158 5 2 36 168 68 ) 462.021
1 (59 0 0 108 132 48 ) 57.8673
1 (68 1 2 36 168 56 ) 296.042
1 (50 1 2 36 168 56 ) 20.9895
1 (50 1 2 36 168 56 ) 20.9895
1 (162 5 1 72 168 56 ) 3498.76
1 (162 5 1 72 142 56 ) 3141.84
1 (50 1 2 36 168 56 ) 20.9895
1 (158 4 2 72 108 56 ) 25014.3
1 (158 4 2 72 108 86 ) 1699.01
1 (50 1 2 36 168 56 ) 20.9895
1 (158 3 1 96 108 64 ) 52136
1 (158 3 2 96 108 64 ) 49952.5
1 (50 1 2 36 168 56 ) 20.9895
1 (59 1 1 156 48 56 ) 488.5
1 (98 1 1 156 48 56 ) 485.222
1 (50 1 2 36 168 56 ) 20.9895
1 (59 1 2 36 168 56 ) 17619.8
1 (59 1 2 36 86 56 ) 1798.59
1 (50 1 2 36 168 56 ) 20.9895
1 (59 1 1 72 144 68 ) 15356.6
1 (59 1 0 72 144 68 ) 52.2046
1 (50 1 2 36 168 56 ) 20.9895
1 (59 4 0 72 168 68 ) 414.743
1 (59 1 0 72 168 68 ) 202.408
1 (50 1 2 36 168 56 ) 20.9895
1 (14 1 1 156 48 68 ) 3322.52
1 (14 1 1 156 48 83 ) 272.003
1 (50 1 2 36 168 56 ) 20.9895
1 (59 5 0 108 48 68 ) 414.35
1 (59 5 0 108 48 52 ) 137.236
1 (50 1 2 36 168 56 ) 20.9895
1 (14 5 2 72 48 56 ) 671.396
1 (14 0 2 72 48 56 ) 235.059
1 (50 1 2 36 168 56 ) 20.9895
1 (59 1 2 72 48 56 ) 2036.47
1 (59 1 2 72 103 56 ) 263.581
1 (50 1 2 36 168 56 ) 20.9895
1 (59 1 1 156 144 68 ) 21889.1
1 (59 2 1 156 144 68 ) 539.605
1 (50 1 2 36 168 56 ) 20.9895
1 (59 1 2 72 48 68 ) 19842.3
1 (59 1 2 72 48 11 ) 10082.8
1 (50 1 2 36 168 56 ) 20.9895
1 (68 5 2 108 48 68 ) 39000.9
1 (68 5 1 108 48 68 ) 18127.6
1 (50 1 2 36 168 56 ) 20.9895
1 (50 0 2 72 103 56 ) 545.547
1 (50 5 2 72 103 56 ) 523.651
1 (50 1 2 36 168 56 ) 20.9895
1 (59 1 0 108 132 68 ) 1841.12
1 (59 1 0 108 132 57 ) 515.356
1 (50 1 2 36 168 56 ) 20.9895
1 (59 1 2 72 103 16 ) 734.339
1 (59 1 2 55 103 16 ) 628.074
1 (50 1 2 36 168 56 ) 20.9895
1 (59 1 2 36 144 52 ) 419.197
1 (59 1 2 36 189 52 ) 137.372
1 (50 1 2 36 168 56 ) 20.9895
1 (68 5 2 72 168 68 ) 326.852
1 (68 5 2 72 182 68 ) 269.754
1 (50 1 2 36 168 56 ) 20.9895
1 (59 0 0 108 48 52 ) 324.025
1 (59 0 0 108 48 10 ) 162.887
1 (50 1 2 36 168 56 ) 20.9895
1 (59 1 2 72 48 83 ) 162.134
1 (50 1 2 36 168 56 ) 20.9895
1 (59 0 2 72 48 83 ) 34673.1
1 (59 0 2 152 48 83 ) 482.526
1 (50 1 2 36 168 56 ) 20.9895
1 (14 5 0 108 48 56 ) 476.232
1 (14 5 0 108 199 56 ) 391.234
1 (50 1 2 36 168 56 ) 20.9895
1 (59 1 2 36 168 56 ) 1687.35
1 (59 1 1 36 168 56 ) 464.816
1 (50 1 2 36 168 56 ) 20.9895
1 (14 1 0 108 168 56 ) 32596.7
1 (14 1 2 108 168 56 ) 16168.8
1 (50 1 2 36 168 56 ) 20.9895
1 (14 1 0 72 144 56 ) 65700
1 (14 1 0 2 144 56 ) 612.803
1 (50 1 2 36 168 56 ) 20.9895
1 (50 0 0 72 48 68 ) 52829.9
1 (50 1 0 72 48 68 ) 370.074
1 (50 1 2 36 168 56 ) 20.9895
1 (14 1 0 72 48 52 ) 358.327
1 (14 1 0 72 48 52 ) 272.322
1 (50 1 2 36 168 56 ) 20.9895
1 (14 0 2 72 182 52 ) 305.206
1 (14 0 2 137 182 52 ) 299.315
1 (50 1 2 36 168 56 ) 20.9895
1 (59 0 0 72 168 56 ) 845.099
1 (59 0 0 72 31 56 ) 528.79
1 (50 1 2 36 168 56 ) 20.9895
1 (50 0 0 72 48 83 ) 432.163
1 (50 0 0 72 54 83 ) 429.925
1 (50 1 2 36 168 56 ) 20.9895
1 (59 1 0 36 48 52 ) 408.378
1 (59 1 0 146 48 52 ) 354.952
1 (50 1 2 36 168 56 ) 20.9895
1 (59 1 0 72 48 68 ) 162.826
1 (50 1 2 36 168 56 ) 20.9895
1 (59 1 0 72 48 68 ) 415.168
1 (58 1 0 72 48 68 ) 221.877
1 (50 1 2 36 168 56 ) 20.9895
1 (58 1 2 36 103 52 ) 660.896
1 (58 1 2 36 231 52 ) 525.487
1 (50 1 2 36 168 56 ) 20.9895
1 (59 1 2 72 132 56 ) 1843.32
1 (59 1 2 134 132 56 ) 396.069
1 (50 1 2 36 168 56 ) 20.9895
1 (68 5 0 72 144 52 ) 69795.3
1 (68 5 2 72 144 52 ) 2256.2
1 (50 1 2 36 168 56 ) 20.9895
1 (50 1 2 72 103 48 ) 18515.7
1 (50 1 2 72 103 63 ) 1800.48
1 (50 1 2 36 168 56 ) 20.9895
1 (14 1 2 156 48 52 ) 560.19
1 (14 1 2 143 48 52 ) 231.352
1 (50 1 2 36 168 56 ) 20.9895
1 (68 1 0 36 103 56 ) 54384.9
1 (110 1 0 36 103 56 ) 300.495
1 (50 1 2 36 168 56 ) 20.9895
1 (59 0 2 36 48 48 ) 3791.4
1 (59 0 2 36 48 48 ) 1752.14
1 (50 1 2 36 168 56 ) 20.9895
1 (59 1 0 36 48 83 ) 2437.44
1 (59 1 0 53 48 83 ) 618.957
1 (50 1 2 36 168 56 ) 20.9895
1 (58 0 0 72 48 83 ) 23226.9
1 (58 0 0 72 48 83 ) 624.205
1 (50 1 2 36 168 56 ) 20.9895
1 (59 5 2 72 48 56 ) 32191.6
1 (59 5 2 78 48 56 ) 590.761
1 (50 1 2 36 168 56 ) 20.9895
1 (59 5 2 72 48 52 ) 512.268
1 (46 5 2 72 48 52 ) 456.8
1 (50 1 2 36 168 56 ) 20.9895
1 (68 1 0 108 168 56 ) 44055.6
1 (68 1 0 73 168 56 ) 472.087
1 (50 1 2 36 168 56 ) 20.9895
1 (59 5 2 156 48 56 ) 635.056
1 (59 1 2 156 48 56 ) 101.018
1 (50 1 2 36 168 56 ) 20.9895
1 (14 1 0 72 189 52 ) 41845.8
1 (14 5 0 72 189 52 ) 32680.1
1 (50 1 2 36 168 56 ) 20.9895
1 (68 5 0 72 189 52 ) 3532.82
1 (50 1 2 36 168 56 ) 20.9895
1 (14 0 0 72 48 68 ) 36088.5
1 (14 0 2 72 48 68 ) 1925.93
1 (50 1 2 36 168 56 ) 20.9895
1 (59 1 0 143 48 56 ) 508.454
1 (50 1 2 36 168 56 ) 20.9895
1 (59 5 0 108 48 68 ) 491.536
1 (59 5 1 108 48 68 ) 303.009
1 (50 1 2 36 168 56 ) 20.9895
1 (59 1 2 108 48 10 ) 19262.3
1 (59 1 2 108 247 10 ) 13390.1
1 (50 1 2 36 168 56 ) 20.9895
1 (59 5 0 72 48 83 ) 400.983
1 (59 5 0 72 36 83 ) 232.427
1 (50 1 2 36 168 56 ) 20.9895
1 (59 0 0 72 168 48 ) 1986.53
1 (59 0 0 72 168 48 ) 230.075
1 (50 1 2 36 168 56 ) 20.9895
1 (14 1 0 72 36 68 ) 391.45
1 (14 1 0 72 244 68 ) 253.608
1 (50 1 2 36 168 56 ) 20.9895
1 (59 5 0 72 168 68 ) 1783.44
1 (138 5 0 72 168 68 ) 169.604
1 (50 1 2 36 168 56 ) 20.9895
1 (14 1 0 72 48 56 ) 412.678
1 (14 1 0 72 48 62 ) 177.349
1 (50 1 2 36 168 56 ) 20.9895
1 (59 1 0 72 168 68 ) 2967.17
1 (59 1 0 72 168 62 ) 494.281
1 (50 1 2 36 168 56 ) 20.9895
1 (59 1 0 72 168 68 ) 42993.7
1 (74 1 0 72 168 68 ) 1588.41
1 (50 1 2 36 168 56 ) 20.9895
1 (59 1 2 36 48 52 ) 1704.34
1 (59 6 2 36 48 52 ) 1429.72
1 (50 1 2 36 168 56 ) 20.9895
1 (59 5 2 72 244 83 ) 1699.48
1 (59 5 1 72 244 83 ) 353.717
1 (50 1 2 36 168 56 ) 20.9895
1 (138 1 2 72 168 56 ) 12305.4
1 (138 1 0 72 168 56 ) 225.024
1 (50 1 2 36 168 56 ) 20.9895
1 (59 1 0 72 168 10 ) 434.977
1 (59 1 0 228 168 10 ) 181.611
1 (50 1 2 36 168 56 ) 20.9895
1 (50 1 0 72 168 68 ) 221.279
1 (50 1 0 140 168 68 ) 183.847
1 (50 1 2 36 168 56 ) 20.9895
1 (59 0 0 36 168 52 ) 268.972
1 (59 0 0 36 181 52 ) 56.7935
1 (50 1 2 36 168 56 ) 20.9895
1 (14 1 0 156 168 48 ) 208.243
1 (14 1 0 156 168 44 ) 198.03
1 (50 1 2 36 168 56 ) 20.9895
1 (59 1 0 36 48 83 ) 34857.8
1 (59 1 0 36 48 69 ) 20717.8
1 (50 1 2 36 168 56 ) 20.9895
1 (59 1 0 36 189 68 ) 1774.5
1 (59 1 0 109 189 68 ) 237.103
1 (50 1 2 36 168 56 ) 20.9895
1 (50 0 0 140 48 68 ) 464.039
1 (50 0 0 113 48 68 ) 213.392
1 (50 1 2 36 168 56 ) 20.9895
1 (59 5 2 36 48 56 ) 1621.4
1 (59 5 2 198 48 56 ) 457.384
1 (50 1 2 36 168 56 ) 20.9895
1 (14 5 0 72 168 48 ) 292.578
1 (50 1 2 36 168 56 ) 20.9895
1 (59 1 0 113 181 83 ) 39154.6
1 (59 1 0 113 181 12 ) 13872.6
1 (50 1 2 36 168 56 ) 20.9895
1 (59 1 0 108 168 10 ) 825.894
1 (59 1 0 108 168 18 ) 346.906
1 (50 1 2 36 168 56 ) 20.9895
1 (50 1 0 156 132 62 ) 25677.8
1 (50 2 0 156 132 62 ) 207.901
1 (50 1 2 36 168 56 ) 20.9895
1 (59 1 2 72 132 48 ) 9644.33
1 (59 1 1 72 132 48 ) 1864.53
1 (50 1 2 36 168 56 ) 20.9895
1 (59 1 0 156 168 52 ) 523.732
1 (59 5 0 156 168 52 ) 226.853
1 (50 1 2 36 168 56 ) 20.9895
1 (14 1 0 72 144 62 ) 31959.3
1 (14 1 0 72 144 90 ) 262.986
1 (50 1 2 36 168 56 ) 20.9895
1 (14 5 0 156 48 90 ) 36170.1
1 (14 5 0 174 48 90 ) 92.2701
1 (50 1 2 36 168 56 ) 20.9895
1 (14 1 0 72 168 52 ) 42823.7
1 (14 1 0 72 222 52 ) 1946.05
1 (50 1 2 36 168 56 ) 20.9895
1 (50 1 2 72 132 10 ) 2495.78
1 (50 1 2 72 220 10 ) 423.161
1 (50 1 2 36 168 56 ) 20.9895
1 (14 5 2 72 144 62 ) 41259.6
1 (14 5 2 72 144 62 ) 936.036
1 (50 1 2 36 168 56 ) 20.9895
1 (59 1 0 108 189 52 ) 524.035
1 (59 1 0 108 144 52 ) 365.112
1 (50 1 2 36 168 56 ) 20.9895
1 (59 1 0 72 48 68 ) 155.539
1 (50 1 2 36 168 56 ) 20.9895
1 (59 5 2 36 189 68 ) 25826.7
1 (59 5 1 36 189 68 ) 18895.9
1 (50 1 2 36 168 56 ) 20.9895
1 (14 1 0 228 48 56 ) 613.472
1 (14 1 0 95 48 56 ) 579.03
1 (50 1 2 36 168 56 ) 20.9895
1 (14 1 2 108 181 44 ) 189.668
1 (14 1 2 108 164 44 ) 134.181
1 (50 1 2 36 168 56 ) 20.9895
1 (59 5 0 72 48 68 ) 33067.6
1 (59 5 0 204 48 68 ) 521.243
1 (50 1 2 36 168 56 ) 20.9895
1 (138 5 0 108 48 52 ) 28274.6
1 (138 5 0 109 48 52 ) 478.492
1 (50 1 2 36 168 56 ) 20.9895
1 (59 5 0 109 48 68 ) 32898.7
1 (59 5 0 109 234 68 ) 1690.76
1 (50 1 2 36 168 56 ) 20.9895
1 (59 1 0 108 181 83 ) 340.527
1 (59 1 0 167 181 83 ) 237.366
1 (50 1 2 36 168 56 ) 20.9895
1 (59 1 0 36 168 68 ) 278.423
1 (59 1 0 36 168 39 ) 247.709
1 (50 1 2 36 168 56 ) 20.9895
1 (59 5 0 36 48 56 ) 535.906
1 (59 5 2 36 48 56 ) 511.075
1 (50 1 2 36 168 56 ) 20.9895
1 (59 1 0 108 168 68 ) 325.799
1 (59 1 0 108 198 68 ) 312.126
1 (50 1 2 36 168 56 ) 20.9895
1 (59 5 0 36 48 83 ) 67426.4
1 (59 5 0 246 48 83 ) 357.806
1 (50 1 2 36 168 56 ) 20.9895
1 (59 5 2 140 48 68 ) 706.882
1 (59 5 2 140 48 50 ) 642.861
1 (50 1 2 36 168 56 ) 20.9895
1 (59 0 0 36 144 90 ) 52478.8
1 (59 0 2 36 144 90 ) 567.833
1 (50 1 2 36 168 56 ) 20.9895
1 (59 0 0 108 48 90 ) 58238.3
1 (198 0 0 108 48 90 ) 495.218
1 (50 1 2 36 168 56 ) 20.9895
1 (14 0 0 72 48 83 ) 558.863
1 (14 0 0 0 48 83 ) 471.282
1 (50 1 2 36 168 56 ) 20.9895
1 (14 0 0 36 48 52 ) 355.597
1 (14 0 0 36 48 18 ) 312.121
1 (50 1 2 36 168 56 ) 20.9895
1 (59 1 0 72 48 68 ) 663.655
1 (59 1 0 83 48 68 ) 257.671
1 (50 1 2 36 168 56 ) 20.9895
1 (50 1 2 72 48 68 ) 1878.77
1 (50 1 2 72 48 23 ) 1519.26
1 (50 1 2 36 168 56 ) 20.9895
1 (59 1 2 108 181 62 ) 401.259
1 (59 1 2 108 200 62 ) 342.018
1 (50 1 2 36 168 56 ) 20.9895
1 (59 1 2 108 132 44 ) 621.026
1 (59 1 2 236 132 44 ) 508.801
1 (50 1 2 36 168 56 ) 20.9895
1 (59 1 0 140 168 56 ) 303.16
1 (59 0 0 140 168 56 ) 74.8836
1 (50 1 2 36 168 56 ) 20.9895
1 (14 0 0 156 189 48 ) 430.222
1 (14 0 0 156 189 3 ) 163.79
1 (50 1 2 36 168 56 ) 20.9895
1 (50 0 0 228 181 48 ) 612.579
1 (27 0 0 228 181 48 ) 540.652
1 (50 1 2 36 168 56 ) 20.9895
1 (59 1 2 72 48 3 ) 6189.8
1 (59 1 2 72 48 11 ) 375.805
1 (50 1 2 36 168 56 ) 20.9895
1 (59 0 2 140 168 10 ) 2.58558e+07
1 (61 0 2 140 168 10 ) 3131.89
1 (50 1 2 36 168 56 ) 20.9895
1 (59 1 2 72 48 68 ) 232.218
1 (50 1 2 36 168 56 ) 20.9895
1 (59 1 2 36 189 3 ) 2085.17
1 (59 1 2 115 189 3 ) 602.038
1 (50 1 2 36 168 56 ) 20.9895
1 (59 5 0 72 48 52 ) 39580.5
1 (59 5 0 108 48 52 ) 268.108
1 (50 1 2 36 168 56 ) 20.9895
1 (59 0 2 108 168 52 ) 72546.2
1 (59 0 0 108 168 52 ) 354.719
1 (50 1 2 36 168 56 ) 20.9895
1 (59 5 2 156 168 52 ) 321.63
1 (50 1 2 36 168 56 ) 20.9895
1 (59 0 2 72 168 68 ) 374.337
1 (59 0 2 72 206 68 ) 253.399
1 (50 1 2 36 168 56 ) 20.9895
1 (59 0 0 228 48 10 ) 41998.1
1 (59 0 0 228 48 34 ) 328.547
1 (50 1 2 36 168 56 ) 20.9895
1 (14 1 2 228 189 48 ) 805.388
1 (14 1 2 74 189 48 ) 408.637
1 (50 1 2 36 168 56 ) 20.9895
1 (59 1 0 108 144 68 ) 481.577
1 (59 1 0 108 144 79 ) 278.511
1 (50 1 2 36 168 56 ) 20.9895
1 (50 1 2 36 168 68 ) 591.446
1 (50 1 2 36 168 3 ) 362.735
1 (50 1 2 36 168 56 ) 20.9895
1 (59 0 0 72 48 48 ) 485.273
1 (59 0 0 72 48 62 ) 383.251
1 (50 1 2 36 168 56 ) 20.9895
1 (59 1 0 174 48 10 ) 6447.55
1 (59 1 0 174 48 60 ) 652.921
1 (50 1 2 36 168 56 ) 20.9895
1 (59 1 0 174 48 90 ) 139.91
1 (50 1 2 36 168 56 ) 20.9895
1 (59 1 0 72 189 56 ) 555.708
1 (59 1 2 72 189 56 ) 431.265
1 (50 1 2 36 168 56 ) 20.9895
1 (59 0 2 36 168 83 ) 570.004
1 (59 1 2 36 168 83 ) 382.802
1 (50 1 2 36 168 56 ) 20.9895
1 (14 1 0 36 189 56 ) 1913.72
1 (14 1 2 36 189 56 ) 292.61
1 (50 1 2 36 168 56 ) 20.9895
1 (59 0 2 72 48 62 ) 20024.5
1 (59 0 2 72 48 62 ) 425.203
1 (50 1 2 36 168 56 ) 20.9895
1 (138 1 0 108 168 90 ) 520311
1 (138 1 0 108 168 90 ) 207219
1 (50 1 2 36 168 56 ) 20.9895
1 (59 1 0 108 189 56 ) 37362.5
1 (59 1 0 108 89 56 ) 733.754
1 (50 1 2 36 168 56 ) 20.9895
1 (59 1 0 72 48 62 ) 916.433
1 (59 1 0 72 169 62 ) 285.619
1 (50 1 2 36 168 56 ) 20.9895
1 (59 1 2 36 168 62 ) 19765.4
1 (185 1 2 36 168 62 ) 309.244
1 (50 1 2 36 168 56 ) 20.9895
1 (50 0 0 72 168 56 ) 31385.8
1 (50 0 0 72 168 41 ) 392.638
1 (50 1 2 36 168 56 ) 20.9895
1 (50 1 0 156 181 68 ) 203.354
1 (50 1 0 160 181 68 ) 89.2264
1 (50 1 2 36 168 56 ) 20.9895
1 (59 5 0 72 181 52 ) 602.748
1 (59 5 0 72 74 52 ) 215.697
1 (50 1 2 36 168 56 ) 20.9895
1 (59 0 0 72 48 90 ) 106934
1 (11 0 0 72 48 90 ) 95921.8
1 (50 1 2 36 168 56 ) 20.9895
1 (14 1 0 140 168 90 ) 1455.35
1 (14 1 0 32 168 90 ) 676.521
1 (50 1 2 36 168 56 ) 20.9895
1 (138 1 2 36 48 48 ) 5.09977e+08
1 (87 1 2 36 48 48 ) 36108.3
1 (50 1 2 36 168 56 ) 20.9895
1 (59 0 0 140 48 48 ) 319.86
1 (59 0 0 140 48 48 ) 122.519
1 (50 1 2 36 168 56 ) 20.9895
1 (59 1 0 156 189 3 ) 171.306
1 (50 1 2 36 168 56 ) 20.9895
1 (59 0 0 72 168 68 ) 1678.31
1 (59 0 0 72 35 68 ) 465.788
1 (50 1 2 36 168 56 ) 20.9895
1 (59 0 0 160 164 56 ) 36976.6
1 (59 6 0 160 164 56 ) 2452.12
1 (50 1 2 36 168 56 ) 20.9895
1 (14 1 2 108 48 44 ) 65.5086
1 (50 1 2 36 168 56 ) 20.9895
1 (59 5 0 108 48 68 ) 51820.2
1 (59 5 0 95 48 68 ) 41150
1 (50 1 2 36 168 56 ) 20.9895
1 (50 1 0 108 48 68 ) 37218.8
1 (50 1 2 108 48 68 ) 77.2361
1 (50 1 2 36 168 56 ) 20.9895
1 (59 1 0 108 181 68 ) 59449.3
1 (59 4 0 108 181 68 ) 387.014
1 (50 1 2 36 168 56 ) 20.9895
1 (14 5 2 108 168 68 ) 497.672
1 (14 5 2 209 168 68 ) 357.148
1 (50 1 2 36 168 56 ) 20.9895
1 (50 1 0 108 48 52 ) 88.7501
1 (50 1 2 36 168 56 ) 20.9895
1 (59 0 0 108 189 68 ) 30676.9
1 (59 0 0 108 244 68 ) 188.704
1 (50 1 2 36 168 56 ) 20.9895
1 (50 1 0 108 181 52 ) 401.234
1 (50 1 0 108 181 73 ) 253.337
1 (50 1 2 36 168 56 ) 20.9895
1 (59 0 2 108 48 52 ) 19293.6
1 (59 0 2 108 48 37 ) 689.081
1 (50 1 2 36 168 56 ) 20.9895
1 (14 0 0 174 48 52 ) 25758.2
1 (14 0 0 174 48 57 ) 654.2
1 (50 1 2 36 168 56 ) 20.9895
1 (59 0 0 108 48 56 ) 46654.5
1 (59 0 2 108 48 56 ) 20741.4
1 (50 1 2 36 168 56 ) 20.9895
1 (59 0 0 36 48 52 ) 27575.2
1 (59 0 2 36 48 52 ) 25758.8
1 (50 1 2 36 168 56 ) 20.9895
1 (59 1 0 108 48 83 ) 19613.6
1 (39 1 0 108 48 83 ) 955.983
1 (50 1 2 36 168 56 ) 20.9895
1 (59 0 0 36 48 68 ) 37420.1
1 (59 0 0 248 48 68 ) 491.379
1 (50 1 2 36 168 56 ) 20.9895
1 (14 1 0 174 48 83 ) 1689.03
1 (105 1 0 174 48 83 ) 388.435
1 (50 1 2 36 168 56 ) 20.9895
1 (14 1 2 108 48 44 ) 24701.8
1 (14 1 2 108 48 78 ) 88.0985
1 (50 1 2 36 168 56 ) 20.9895
1 (59 1 2 108 48 52 ) 2648.89
1 (59 1 2 165 48 52 ) 466.479
1 (50 1 2 36 168 56 ) 20.9895
1 (50 5 2 108 48 68 ) 267.182
1 (50 5 2 207 48 68 ) 259.336
1 (50 1 2 36 168 56 ) 20.9895
1 (59 0 0 156 48 68 ) 32252.7
1 (59 0 2 156 48 68 ) 463.127
1 (50 1 2 36 168 56 ) 20.9895
1 (14 0 2 108 48 48 ) 715.256
1 (80 0 2 108 48 48 ) 640.604
1 (50 1 2 36 168 56 ) 20.9895
1 (14 5 0 108 181 68 ) 525.395
1 (14 5 0 128 181 68 ) 345.025
1 (50 1 2 36 168 56 ) 20.9895
1 (14 1 0 36 48 56 ) 638.691
1 (14 1 0 36 48 63 ) 263.926
1 (50 1 2 36 168 56 ) 20.9895
1 (14 1 0 36 168 56 ) 64433.8
1 (8 1 0 36 168 56 ) 474.246
1 (50 1 2 36 168 56 ) 20.9895
1 (59 1 0 36 48 90 ) 546.668
1 (59 1 0 36 48 20 ) 482.581
1 (50 1 2 36 168 56 ) 20.9895
1 (59 1 0 36 48 56 ) 1877.81
1 (59 1 0 36 36 56 ) 1665.45
1 (50 1 2 36 168 56 ) 20.9895
1 (59 1 2 36 164 90 ) 62302.7
1 (59 1 1 36 164 90 ) 457.844
1 (50 1 2 36 168 56 ) 20.9895
1 (50 1 0 140 164 90 ) 324.371
1 (50 1 2 140 164 90 ) 216.496
1 (50 1 2 36 168 56 ) 20.9895
1 (59 1 2 156 181 56 ) 13885.9
1 (59 1 2 156 181 34 ) 773.625
1 (50 1 2 36 168 56 ) 20.9895
1 (59 1 2 140 48 52 ) 14471.6
1 (109 1 2 140 48 52 ) 3191.96
1 (50 1 2 36 168 56 ) 20.9895
1 (14 1 0 108 132 52 ) 524.055
1 (50 1 2 36 168 56 ) 20.9895
1 (59 1 0 140 132 52 ) 202.097
1 (50 1 2 36 168 56 ) 20.9895
1 (50 1 0 36 181 68 ) 512.655
1 (50 1 0 36 239 68 ) 481.671
1 (50 1 2 36 168 56 ) 20.9895
1 (59 0 0 108 48 48 ) 113909
1 (26 0 0 108 48 48 ) 3070.97
1 (50 1 2 36 168 56 ) 20.9895
1 (14 0 0 72 48 68 ) 1701.94
1 (14 0 0 72 48 68 ) 660.695
1 (50 1 2 36 168 56 ) 20.9895
1 (14 1 0 108 132 90 ) 507.501
1 (14 1 0 108 12 90 ) 244.436
1 (50 1 2 36 168 56 ) 20.9895
1 (59 0 0 174 48 48 ) 516.48
1 (72 0 0 174 48 48 ) 278.883
1 (50 1 2 36 168 56 ) 20.9895
1 (59 1 0 108 48 68 ) 42616.3
1 (59 1 0 108 48 38 ) 829.244
1 (50 1 2 36 168 56 ) 20.9895
1 (59 1 0 108 181 48 ) 333.952
1 (59 1 0 108 181 48 ) 173.048
1 (50 1 2 36 168 56 ) 20.9895
1 (59 1 0 156 48 56 ) 53358.2
1 (181 1 0 156 48 56 ) 222.197
1 (50 1 2 36 168 56 ) 20.9895
1 (50 1 0 156 181 44 ) 23709.9
1 (50 1 0 180 181 44 ) 231.602
1 (50 1 2 36 168 56 ) 20.9895
1 (50 1 0 140 48 56 ) 1515.27
1 (50 3 0 140 48 56 ) 876.313
1 (50 1 2 36 168 56 ) 20.9895
1 (50 1 0 36 48 52 ) 403.165
1 (50 1 0 36 48 89 ) 374.638
1 (50 1 2 36 168 56 ) 20.9895
1 (59 1 2 108 168 52 ) 2025.6
1 (59 1 1 108 168 52 ) 298.042
1 (50 1 2 36 168 56 ) 20.9895
1 (59 1 2 36 168 68 ) 1721.27
1 (59 3 2 36 168 68 ) 335.792
1 (50 1 2 36 168 56 ) 20.9895
1 (59 5 2 140 144 56 ) 2177.71
1 (35 5 2 140 144 56 ) 614.85
1 (50 1 2 36 168 56 ) 20.9895
1 (50 0 0 174 48 52 ) 1856.92
1 (50 0 0 43 48 52 ) 733.87
1 (50 1 2 36 168 56 ) 20.9895
1 (59 1 2 174 164 56 ) 144.968
1 (50 1 2 36 168 56 ) 20.9895
1 (59 1 2 108 48 68 ) 1990.06
1 (59 1 0 108 48 68 ) 355.18
1 (50 1 2 36 168 56 ) 20.9895
1 (59 1 2 160 48 48 ) 565.334
1 (59 1 2 160 149 48 ) 537.255
1 (50 1 2 36 168 56 ) 20.9895
1 (14 1 0 160 181 48 ) 282.934
1 (14 1 0 160 181 85 ) 130.453
1 (50 1 2 36 168 56 ) 20.9895
1 (50 1 2 108 48 56 ) 328.844
1 (50 1 2 36 168 56 ) 20.9895
1 (14 1 0 108 181 56 ) 40903.7
1 (22 1 0 108 181 56 ) 34961
1 (50 1 2 36 168 56 ) 20.9895
1 (50 1 0 174 168 90 ) 38205.5
1 (50 1 0 174 149 90 ) 1356.13
1 (50 1 2 36 168 56 ) 20.9895
1 (59 1 0 174 149 52 ) 21446.1
1 (59 1 0 174 149 45 ) 377.734
1 (50 1 2 36 168 56 ) 20.9895
1 (59 0 0 140 48 56 ) 50538.1
1 (59 0 0 53 48 56 ) 346.581
1 (50 1 2 36 168 56 ) 20.9895
1 (50 0 0 53 189 56 ) 434.209
1 (50 1 2 36 168 56 ) 20.9895
1 (59 1 2 140 168 78 ) 2009.37
1 (59 1 2 105 168 78 ) 536.978
1 (50 1 2 36 168 56 ) 20.9895
1 (59 1 0 36 181 56 ) 35424.4
1 (59 4 0 36 181 56 ) 95.0927
1 (50 1 2 36 168 56 ) 20.9895
1 (59 0 0 108 48 68 ) 454.735
1 (50 1 2 36 168 56 ) 20.9895
1 (59 1 2 156 132 68 ) 28716
1 (59 1 2 156 55 68 ) 116.247
1 (50 1 2 36 168 56 ) 20.9895
1 (14 1 0 140 48 68 ) 1708.73
1 (14 1 0 2 48 68 ) 541.118
1 (50 1 2 36 168 56 ) 20.9895
1 (50 1 0 108 48 56 ) 14982.7
1 (50 1 0 108 227 56 ) 311.526
1 (50 1 2 36 168 56 ) 20.9895
1 (59 1 2 108 168 44 ) 557.757
1 (59 1 2 108 237 44 ) 500.994
1 (50 1 2 36 168 56 ) 20.9895
1 (14 1 2 108 55 85 ) 40093.2
1 (151 1 2 108 55 85 ) 17266.6
1 (50 1 2 36 168 56 ) 20.9895
1 (14 4 0 36 164 52 ) 1996.94
1 (14 4 1 36 164 52 ) 155.398
1 (50 1 2 36 168 56 ) 20.9895
1 (59 4 0 156 48 68 ) 313.795
1 (59 4 1 156 48 68 ) 268.541
1 (50 1 2 36 168 56 ) 20.9895
1 (50 1 2 156 48 44 ) 1796.2
1 (13 1 2 156 48 44 ) 176.24
1 (50 1 2 36 168 56 ) 20.9895
1 (14 1 2 156 48 85 ) 73353.5
1 (14 1 2 156 227 85 ) 3156.93
1 (50 1 2 36 168 56 ) 20.9895
1 (50 0 2 72 48 52 ) 1432.76
1 (56 0 2 72 48 52 ) 825.974
1 (50 1 2 36 168 56 ) 20.9895
1 (50 5 2 72 144 68 ) 580.693
1 (50 5 2 72 144 36 ) 353.919
1 (50 1 2 36 168 56 ) 20.9895
1 (59 1 0 160 48 56 ) 26910.5
1 (59 2 0 160 48 56 ) 25090.9
1 (50 1 2 36 168 56 ) 20.9895
1 (14 0 2 160 48 68 ) 487.017
1 (14 3 2 160 48 68 ) 190.925
1 (50 1 2 36 168 56 ) 20.9895
1 (59 1 2 174 168 52 ) 19904.4
1 (59 1 2 222 168 52 ) 1962.05
1 (50 1 2 36 168 56 ) 20.9895
1 (50 0 0 108 181 78 ) 712.168
1 (50 0 0 178 181 78 ) 522.443
1 (50 1 2 36 168 56 ) 20.9895
1 (50 0 0 140 48 85 ) 344.65
1 (50 0 0 140 18 85 ) 337.77
1 (50 1 2 36 168 56 ) 20.9895
1 (14 1 2 108 48 48 ) 1979.17
1 (14 3 2 108 48 48 ) 313.355
1 (50 1 2 36 168 56 ) 20.9895
1 (59 1 2 36 48 68 ) 35431.2
1 (59 1 2 36 234 68 ) 23755
1 (50 1 2 36 168 56 ) 20.9895
1 (50 4 2 36 168 90 ) 365.159
1 (50 1 2 36 168 90 ) 203.437
1 (50 1 2 36 168 56 ) 20.9895
1 (59 5 0 36 168 56 ) 217.998
1 (50 1 2 36 168 56 ) 20.9895
1 (14 0 2 72 48 90 ) 33673.1
2 (200 1 0 84 24 90 ) 286.124
2 (68 4 1 132 192 12 ) 560.334
2 (200 1 0 84 24 90 ) 286.124
2 (86 1 1 84 250 8 ) 589.603
2 (86 1 1 60 250 8 ) 516.875
2 (200 1 0 84 24 90 ) 286.124
2 (50 3 1 120 216 12 ) 1368.02
2 (200 1 0 84 24 90 ) 286.124
2 (5 3 1 120 192 68 ) 40312
2 (5 3 1 120 192 5 ) 489.623
2 (200 1 0 84 24 90 ) 286.124
2 (68 5 0 216 216 5 ) 149.995
2 (68 5 0 216 216 5 ) 149.995
2 (149 2 1 192 96 8 ) 981.765
2 (149 0 1 192 96 8 ) 745.918
2 (68 5 0 216 216 5 ) 149.995
2 (86 1 0 216 96 8 ) 1218.76
2 (86 5 0 216 96 8 ) 763.728
2 (68 5 0 216 216 5 ) 149.995
2 (5 1 1 60 96 12 ) 20349.4
2 (5 1 1 109 96 12 ) 19010.7
2 (68 5 0 216 216 5 ) 149.995
2 (50 3 1 0 216 12 ) 302.301
2 (68 5 0 216 216 5 ) 149.995
2 (32 2 1 156 96 36 ) 452.393
2 (14 2 1 156 96 36 ) 419.895
2 (68 5 0 216 216 5 ) 149.995
2 (5 3 0 216 96 8 ) 1766.16
2 (5 3 0 216 96 8 ) 161.874
2 (68 5 0 216 216 5 ) 149.995
2 (41 2 0 192 24 36 ) 63864.5
2 (41 2 0 192 205 36 ) 259.174
2 (68 5 0 216 216 5 ) 149.995
2 (14 4 1 192 250 12 ) 13502.2
2 (14 4 2 192 250 12 ) 1942.37
2 (68 5 0 216 216 5 ) 149.995
2 (149 0 2 84 96 36 ) 8852.46
2 (149 0 2 122 96 36 ) 704.189
2 (68 5 0 216 216 5 ) 149.995
2 (14 2 1 0 24 36 ) 56028.2
2 (14 2 1 0 24 36 ) 512.889
2 (68 5 0 216 216 5 ) 149.995
2 (68 2 1 0 250 52 ) 820.962
2 (51 2 1 0 250 52 ) 495.092
2 (68 5 0 216 216 5 ) 149.995
2 (41 4 1 84 96 90 ) 210.424
2 (41 4 1 84 96 14 ) 185.388
2 (68 5 0 216 216 5 ) 149.995
2 (68 2 1 84 96 52 ) 648.489
2 (68 4 1 84 96 52 ) 573.844
2 (68 5 0 216 216 5 ) 149.995
2 (5 2 1 120 192 36 ) 378.131
2 (5 2 1 120 74 36 ) 168.96
2 (68 5 0 216 216 5 ) 149.995
2 (51 2 0 84 250 90 ) 978.822
2 (51 2 0 84 250 90 ) 767.004
2 (68 5 0 216 216 5 ) 149.995
2 (41 4 1 84 250 14 ) 609.424
2 (41 4 0 84 250 14 ) 341.536
2 (68 5 0 216 216 5 ) 149.995
2 (41 2 1 84 24 36 ) 16981.3
2 (41 2 1 206 24 36 ) 545.035
2 (68 5 0 216 216 5 ) 149.995
2 (5 2 1 192 96 8 ) 12434.9
2 (5 2 1 192 96 11 ) 466.116
2 (68 5 0 216 216 5 ) 149.995
2 (32 2 1 0 24 14 ) 568.285
2 (10 2 1 0 24 14 ) 468.164
2 (68 5 0 216 216 5 ) 149.995
2 (5 4 0 120 96 90 ) 74601
2 (5 4 0 148 96 90 ) 1612.82
2 (68 5 0 216 216 5 ) 149.995
2 (86 2 1 84 96 36 ) 1.1149e+08
2 (27 2 1 84 96 36 ) 17397.9
2 (68 5 0 216 216 5 ) 149.995
2 (50 4 1 84 192 5 ) 25649.4
2 (87 4 1 84 192 5 ) 22211.5
2 (68 5 0 216 216 5 ) 149.995
2 (5 2 1 84 250 90 ) 17695.3
2 (5 5 1 84 250 90 ) 724.886
2 (68 5 0 216 216 5 ) 149.995
2 (5 3 1 156 24 8 ) 21863.7
2 (5 6 1 156 24 8 ) 11839
2 (68 5 0 216 216 5 ) 149.995
2 (41 3 1 156 24 5 ) 66005.6
2 (41 3 1 156 93 5 ) 17882
2 (68 5 0 216 216 5 ) 149.995
2 (5 3 0 0 24 36 ) 12439.9
2 (5 3 0 186 24 36 ) 196.029
2 (68 5 0 216 216 5 ) 149.995
2 (41 1 1 0 24 14 ) 40654.4
2 (41 1 1 0 20 14 ) 625.824
2 (68 5 0 216 216 5 ) 149.995
2 (5 2 0 156 205 5 ) 54385.5
2 (5 5 0 156 205 5 ) 947.019
2 (68 5 0 216 216 5 ) 149.995
2 (10 4 1 84 205 12 ) 301.129
2 (10 4 1 57 205 12 ) 297.162
2 (68 5 0 216 216 5 ) 149.995
2 (68 2 0 84 96 36 ) 563.607
2 (53 2 0 84 96 36 ) 429.062
2 (68 5 0 216 216 5 ) 149.995
2 (10 2 1 84 250 8 ) 2242.01
2 (10 2 1 84 73 8 ) 1029.92
2 (68 5 0 216 216 5 ) 149.995
2 (10 3 0 156 96 14 ) 1381
2 (10 3 0 156 96 14 ) 853.596
2 (68 5 0 216 216 5 ) 149.995
2 (50 3 1 84 96 90 ) 1677.34
2 (50 3 1 84 70 90 ) 283.786
2 (68 5 0 216 216 5 ) 149.995
2 (5 2 1 84 96 36 ) 15239.1
2 (40 2 1 84 96 36 ) 816.215
2 (68 5 0 216 216 5 ) 149.995
2 (10 4 1 156 24 36 ) 571.838
2 (46 4 1 156 24 36 ) 397.607
2 (68 5 0 216 216 5 ) 149.995
2 (5 4 1 216 24 36 ) 802.211
2 (5 4 1 141 24 36 ) 344.925
2 (68 5 0 216 216 5 ) 149.995
2 (5 1 0 186 216 36 ) 43885.6
2 (5 1 0 186 234 36 ) 27117.6
2 (68 5 0 216 216 5 ) 149.995
2 (41 1 0 84 205 5 ) 737.141
2 (41 1 0 84 71 5 ) 455.804
2 (68 5 0 216 216 5 ) 149.995
2 (68 4 1 57 216 36 ) 10893.8
2 (68 4 2 57 216 36 ) 309.092
2 (68 5 0 216 216 5 ) 149.995
2 (50 3 1 216 96 36 ) 2046.35
2 (50 3 1 75 96 36 ) 252.834
2 (68 5 0 216 216 5 ) 149.995
2 (68 4 1 156 96 8 ) 356.203
2 (68 4 1 156 96 56 ) 109.356
2 (68 4 1 156 96 56 ) 109.356
2 (41 3 1 192 216 8 ) 1187.88
2 (41 3 1 192 218 8 ) 556.426
2 (68 4 1 156 96 56 ) 109.356
2 (41 4 1 192 216 8 ) 9187.97
2 (41 5 1 192 216 8 ) 487.116
2 (68 4 1 156 96 56 ) 109.356
2 (5 5 1 84 70 56 ) 227.989
2 (5 5 1 84 70 53 ) 174.191
2 (68 4 1 156 96 56 ) 109.356
2 (68 4 1 84 70 36 ) 323402
2 (157 4 1 84 70 36 ) 24903
2 (68 4 1 156 96 56 ) 109.356
2 (5 5 0 156 70 8 ) 671.112
2 (5 5 0 156 70 8 ) 327.181
2 (68 4 1 156 96 56 ) 109.356
2 (10 3 1 84 70 36 ) 439.249
2 (35 3 1 84 70 36 ) 249.594
2 (68 4 1 156 96 56 ) 109.356
2 (5 5 1 84 24 90 ) 60631.9
2 (5 5 1 84 75 90 ) 48472.2
2 (68 4 1 156 96 56 ) 109.356
2 (50 4 1 156 74 56 ) 2052.58
2 (50 4 1 156 74 56 ) 352.475
2 (68 4 1 156 96 56 ) 109.356
2 (5 4 1 216 70 12 ) 37575
2 (78 4 1 216 70 12 ) 16619
2 (68 4 1 156 96 56 ) 109.356
2 (10 5 1 84 96 36 ) 591.905
2 (10 0 1 84 96 36 ) 466.649
2 (68 4 1 156 96 56 ) 109.356
2 (10 2 1 84 74 56 ) 154.312
2 (10 2 1 85 74 56 ) 143.875
2 (68 4 1 156 96 56 ) 109.356
2 (10 2 1 84 70 56 ) 633.785
2 (10 2 1 56 70 56 ) 331.593
2 (68 4 1 156 96 56 ) 109.356
2 (41 5 1 192 70 90 ) 1872.61
2 (41 5 1 192 70 90 ) 651.785
2 (68 4 1 156 96 56 ) 109.356
2 (5 3 1 186 74 12 ) 48668.7
2 (5 3 1 186 74 66 ) 535.562
2 (68 4 1 156 96 56 ) 109.356
2 (10 3 1 216 96 5 ) 9916.51
2 (9 3 1 216 96 5 ) 776.602
2 (68 4 1 156 96 56 ) 109.356
2 (68 1 0 84 70 36 ) 499991
2 (26 1 0 84 70 36 ) 1898.43
2 (68 4 1 156 96 56 ) 109.356
2 (41 2 0 75 96 36 ) 64461.2
2 (41 2 0 75 96 90 ) 390.647
2 (68 4 1 156 96 56 ) 109.356
2 (5 2 0 84 70 53 ) 193.425
2 (68 4 1 156 96 56 ) 109.356
2 (10 3 1 84 70 14 ) 295.753
2 (10 3 1 84 70 80 ) 133.988
2 (68 4 1 156 96 56 ) 109.356
2 (10 2 1 156 74 56 ) 190.775
2 (10 2 1 156 74 74 ) 138.731
2 (68 4 1 156 96 56 ) 109.356
2 (10 3 1 84 24 8 ) 1774.93
2 (10 3 1 247 24 8 ) 275.843
2 (68 4 1 156 96 56 ) 109.356
2 (50 4 0 156 96 56 ) 317.783
2 (68 4 1 156 96 56 ) 109.356
2 (10 5 1 216 70 8 ) 2201.51
2 (10 5 1 216 70 8 ) 202.581
2 (68 4 1 156 96 56 ) 109.356
2 (68 3 1 85 70 36 ) 14595.7
2 (68 3 1 157 70 36 ) 771.573
2 (68 4 1 156 96 56 ) 109.356
2 (5 3 1 84 96 74 ) 570.738
2 (5 3 2 84 96 74 ) 228.81
2 (68 4 1 156 96 56 ) 109.356
2 (10 4 1 84 74 56 ) 1854.92
2 (80 4 1 84 74 56 ) 445.801
2 (68 4 1 156 96 56 ) 109.356
2 (5 4 0 216 70 8 ) 501.379
2 (5 5 0 216 70 8 ) 346.927
2 (68 4 1 156 96 56 ) 109.356
2 (5 4 1 156 70 74 ) 3332.46
2 (159 4 1 156 70 74 ) 500.629
2 (68 4 1 156 96 56 ) 109.356
2 (10 4 0 186 96 36 ) 682.058
2 (10 4 0 31 96 36 ) 567.79
2 (68 4 1 156 96 56 ) 109.356
2 (35 4 1 84 70 36 ) 289.899
2 (35 4 1 84 70 70 ) 209.297
2 (68 4 1 156 96 56 ) 109.356
2 (10 2 1 156 96 5 ) 601.292
2 (10 2 1 156 68 5 ) 305.026
2 (68 4 1 156 96 56 ) 109.356
2 (5 5 1 216 74 56 ) 21073.5
2 (146 5 1 216 74 56 ) 19851.8
2 (68 4 1 156 96 56 ) 109.356
2 (10 5 0 216 70 56 ) 651.14
2 (75 5 0 216 70 56 ) 204.778
2 (68 4 1 156 96 56 ) 109.356
2 (41 3 1 85 96 56 ) 271.346
2 (84 3 1 85 96 56 ) 258.945
2 (68 4 1 156 96 56 ) 109.356
2 (5 5 1 84 96 56 ) 135.808
2 (5 5 1 84 96 87 ) 98.6113
2 (5 5 1 84 96 87 ) 98.6113
2 (68 3 1 120 70 56 ) 1977.82
2 (68 3 2 120 70 56 ) 935.982
2 (5 5 1 84 96 87 ) 98.6113
2 (68 3 1 84 96 74 ) 587.824
2 (68 5 1 84 96 74 ) 405.198
2 (5 5 1 84 96 87 ) 98.6113
2 (10 5 1 156 74 87 ) 33507.5
2 (10 2 1 156 74 87 ) 33375.2
2 (5 5 1 84 96 87 ) 98.6113
2 (5 5 0 156 24 56 ) 425.966
2 (5 5 0 199 24 56 ) 382.021
2 (5 5 1 84 96 87 ) 98.6113
2 (10 5 1 216 70 56 ) 1564.85
2 (10 5 1 145 70 56 ) 295.907
2 (5 5 1 84 96 87 ) 98.6113
2 (5 2 1 156 74 56 ) 13461.2
2 (5 2 1 156 74 49 ) 657.11
2 (5 5 1 84 96 87 ) 98.6113
2 (5 4 0 216 96 80 ) 692.068
2 (5 4 1 216 96 80 ) 552.404
2 (5 5 1 84 96 87 ) 98.6113
2 (41 4 1 85 70 56 ) 19734.6
2 (41 4 1 249 70 56 ) 500.774
2 (5 5 1 84 96 87 ) 98.6113
2 (5 3 1 85 70 56 ) 328.643
2 (5 3 1 85 70 56 ) 276.625
2 (5 5 1 84 96 87 ) 98.6113
2 (10 3 1 84 96 56 ) 45292.7
2 (10 3 1 84 96 82 ) 34207.4
2 (5 5 1 84 96 87 ) 98.6113
2 (10 3 0 120 70 56 ) 6635.39
2 (10 3 0 120 8 56 ) 238.588
2 (5 5 1 84 96 87 ) 98.6113
2 (5 5 1 84 96 36 ) 1883.36
2 (5 5 1 84 96 51 ) 377.861
2 (5 5 1 84 96 87 ) 98.6113
2 (5 5 1 216 96 70 ) 666.044
2 (5 5 1 106 96 70 ) 566.651
2 (5 5 1 84 96 87 ) 98.6113
2 (10 4 1 216 70 56 ) 32468.5
2 (10 4 1 83 70 56 ) 27194.2
2 (5 5 1 84 96 87 ) 98.6113
2 (10 2 0 216 70 53 ) 2020.85
2 (10 6 0 216 70 53 ) 758.716
2 (5 5 1 84 96 87 ) 98.6113
2 (5 3 1 156 70 53 ) 606.983
2 (35 3 1 156 70 53 ) 68.757
2 (35 3 1 156 70 53 ) 68.757
2 (75 2 1 156 96 36 ) 2757.98
2 (75 2 1 19 96 36 ) 584.793
2 (35 3 1 156 70 53 ) 68.757
2 (10 3 1 156 96 53 ) 627.891
2 (10 3 1 82 96 53 ) 76.9505
2 (35 3 1 156 70 53 ) 68.757
2 (10 3 0 85 74 80 ) 5.44352e+09
2 (10 3 1 85 74 80 ) 69272.8
2 (35 3 1 156 70 53 ) 68.757
2 (5 2 1 85 74 80 ) 393.426
2 (5 2 1 100 74 80 ) 300.522
2 (35 3 1 156 70 53 ) 68.757
2 (10 2 1 82 96 53 ) 44337.8
2 (10 2 1 82 96 66 ) 668.177
2 (35 3 1 156 70 53 ) 68.757
2 (10 2 1 156 74 87 ) 582.301
2 (10 2 1 156 74 50 ) 484.693
2 (35 3 1 156 70 53 ) 68.757
2 (10 3 1 156 70 8 ) 535.056
2 (10 3 2 156 70 8 ) 195.635
2 (35 3 1 156 70 53 ) 68.757
2 (10 5 1 85 70 8 ) 475.465
2 (35 3 1 156 70 53 ) 68.757
2 (5 3 1 216 70 87 ) 823.404
2 (5 3 1 216 241 87 ) 311.836
2 (35 3 1 156 70 53 ) 68.757
2 (10 2 0 84 74 53 ) 1816.08
2 (10 2 0 84 15 53 ) 401.978
2 (35 3 1 156 70 53 ) 68.757
2 (10 3 1 84 74 56 ) 509.639
2 (10 3 1 84 80 56 ) 457.24
2 (35 3 1 156 70 53 ) 68.757
2 (5 3 2 84 96 8 ) 389.148
2 (35 3 1 156 70 53 ) 68.757
2 (10 2 1 84 96 56 ) 493.833
2 (10 2 1 84 96 68 ) 397.162
2 (35 3 1 156 70 53 ) 68.757
2 (10 2 1 216 74 36 ) 176.645
2 (35 3 1 156 70 53 ) 68.757
2 (10 2 1 84 74 8 ) 28450.3
2 (10 2 1 84 74 8 ) 123.912
2 (35 3 1 156 70 53 ) 68.757
2 (10 3 1 84 70 87 ) 212.985
2 (35 3 1 156 70 53 ) 68.757
2 (10 5 0 84 96 56 ) 35380
2 (10 5 0 84 28 56 ) 408.604
2 (35 3 1 156 70 53 ) 68.757
2 (10 3 1 84 96 53 ) 530.603
2 (10 3 1 84 78 53 ) 134.631
2 (35 3 1 156 70 53 ) 68.757
2 (5 3 1 84 70 14 ) 433.198
2 (5 3 1 236 70 14 ) 163.911
2 (35 3 1 156 70 53 ) 68.757
2 (5 2 1 156 74 87 ) 1752.34
2 (5 2 1 49 74 87 ) 197.302
2 (35 3 1 156 70 53 ) 68.757
2 (5 5 1 84 96 14 ) 153.985
2 (35 3 1 156 70 53 ) 68.757
2 (5 3 1 216 74 14 ) 44772.5
2 (14 3 1 216 74 14 ) 567.778
2 (35 3 1 156 70 53 ) 68.757
2 (10 3 1 84 96 56 ) 372.431
2 (10 3 1 84 96 77 ) 133.631
2 (35 3 1 156 70 53 ) 68.757
2 (5 3 1 84 96 36 ) 523.032
2 (37 3 1 84 96 36 ) 339.331
2 (35 3 1 156 70 53 ) 68.757
2 (5 5 1 236 70 56 ) 16710.1
2 (5 1 1 236 70 56 ) 888.805
2 (35 3 1 156 70 53 ) 68.757
2 (35 4 1 84 96 53 ) 326.316
2 (9 4 1 84 96 53 ) 242.098
2 (35 3 1 156 70 53 ) 68.757
2 (5 5 1 84 70 53 ) 302.274
2 (5 5 1 84 70 75 ) 299.015
2 (35 3 1 156 70 53 ) 68.757
2 (10 2 1 156 70 14 ) 2070.69
2 (10 2 1 156 70 67 ) 1789.65
2 (35 3 1 156 70 53 ) 68.757
2 (10 2 1 84 74 53 ) 352.139
2 (10 5 1 84 74 53 ) 254.9
2 (35 3 1 156 70 53 ) 68.757
2 (68 3 1 84 74 77 ) 39615.8
2 (71 3 1 84 74 77 ) 673.65
2 (35 3 1 156 70 53 ) 68.757
2 (10 3 1 85 74 77 ) 27596.3
2 (10 4 1 85 74 77 ) 491.681
2 (35 3 1 156 70 53 ) 68.757
2 (10 2 1 84 70 56 ) 316.836
2 (10 2 1 84 113 56 ) 104.868
2 (35 3 1 156 70 53 ) 68.757
2 (5 3 1 84 74 8 ) 119.195
2 (35 3 1 156 70 53 ) 68.757
2 (5 2 1 84 216 8 ) 543.888
2 (5 2 1 84 55 8 ) 499.793
2 (35 3 1 156 70 53 ) 68.757
2 (5 4 0 84 70 56 ) 167657
2 (159 4 0 84 70 56 ) 1288.6
2 (35 3 1 156 70 53 ) 68.757
2 (10 2 1 84 96 80 ) 547.856
2 (10 2 0 84 96 80 ) 291.36
2 (35 3 1 156 70 53 ) 68.757
2 (68 5 1 84 96 56 ) 539.574
2 (68 5 1 84 96 75 ) 422.366
2 (35 3 1 156 70 53 ) 68.757
2 (35 2 1 84 74 56 ) 1842.17
2 (35 2 1 75 74 56 ) 499.597
2 (35 3 1 156 70 53 ) 68.757
2 (5 2 0 84 74 53 ) 47200.4
2 (5 2 0 84 74 53 ) 443.378
2 (35 3 1 156 70 53 ) 68.757
2 (10 3 1 236 96 8 ) 34296.5
2 (10 3 1 236 96 33 ) 2222.77
2 (35 3 1 156 70 53 ) 68.757
2 (10 2 1 84 74 53 ) 198.59
2 (35 3 1 156 70 53 ) 68.757
2 (10 3 0 216 96 53 ) 546.592
2 (10 4 0 216 96 53 ) 420.579
2 (35 3 1 156 70 53 ) 68.757
2 (10 2 1 84 74 8 ) 196.294
2 (10 2 1 4 74 8 ) 170.256
2 (35 3 1 156 70 53 ) 68.757
2 (68 4 1 156 70 77 ) 278.066
2 (68 4 1 15 70 77 ) 152.501
2 (35 3 1 156 70 53 ) 68.757
2 (10 3 1 156 96 5 ) 700.515
2 (10 3 1 156 96 5 ) 247.873
2 (35 3 1 156 70 53 ) 68.757
2 (10 5 1 84 74 53 ) 541.848
2 (5 5 1 84 74 53 ) 280.319
2 (35 3 1 156 70 53 ) 68.757
2 (5 2 1 84 70 74 ) 68484.3
2 (177 2 1 84 70 74 ) 679.491
2 (35 3 1 156 70 53 ) 68.757
2 (10 5 1 84 96 53 ) 248.291
2 (10 5 1 175 96 53 ) 206.116
2 (35 3 1 156 70 53 ) 68.757
2 (5 3 1 84 96 53 ) 25445
2 (5 3 1 84 195 53 ) 412.745
2 (35 3 1 156 70 53 ) 68.757
2 (10 3 1 84 96 5 ) 345.198
2 (10 3 1 221 96 5 ) 264.104
2 (35 3 1 156 70 53 ) 68.757
2 (35 5 1 156 74 56 ) 30400
2 (35 5 0 156 74 56 ) 457.621
2 (35 3 1 156 70 53 ) 68.757
2 (10 5 1 156 74 56 ) 62.3048
2 (10 5 1 156 74 56 ) 62.3048
2 (10 2 1 15 96 77 ) 478.973
2 (107 2 1 15 96 77 ) 456.233
2 (10 5 1 156 74 56 ) 62.3048
2 (68 5 1 15 70 56 ) 16760.3
2 (68 5 0 15 70 56 ) 16447.4
2 (10 5 1 156 74 56 ) 62.3048
2 (68 2 1 84 74 8 ) 3276.66
2 (68 2 1 84 74 36 ) 3086.83
2 (10 5 1 156 74 56 ) 62.3048
2 (68 5 1 84 216 56 ) 361.077
2 (68 5 1 84 216 57 ) 335.823
2 (10 5 1 156 74 56 ) 62.3048
2 (10 3 1 84 70 56 ) 21724.2
2 (10 3 0 84 70 56 ) 544.365
2 (10 5 1 156 74 56 ) 62.3048
2 (10 3 1 216 74 80 ) 148.755
2 (10 5 1 156 74 56 ) 62.3048
2 (5 3 1 216 78 8 ) 38010.3
2 (5 3 1 216 78 84 ) 1848.9
2 (10 5 1 156 74 56 ) 62.3048
2 (68 5 1 85 96 84 ) 35008.3
2 (68 0 1 85 96 84 ) 19947.9
2 (10 5 1 156 74 56 ) 62.3048
2 (10 4 1 156 216 77 ) 24109.4
2 (10 4 1 156 216 42 ) 586.682
2 (10 5 1 156 74 56 ) 62.3048
2 (68 3 1 156 74 56 ) 28077.2
2 (68 3 1 156 74 55 ) 16767.3
2 (10 5 1 156 74 56 ) 62.3048
2 (10 3 1 156 74 77 ) 33429.5
2 (10 3 2 156 74 77 ) 29380.8
2 (10 5 1 156 74 56 ) 62.3048
2 (5 3 1 84 96 53 ) 364.113
2 (5 3 1 39 96 53 ) 346.043
2 (10 5 1 156 74 56 ) 62.3048
2 (10 5 1 84 96 74 ) 25694.7
2 (149 5 1 84 96 74 ) 12471.5
2 (10 5 1 156 74 56 ) 62.3048
2 (5 3 1 84 96 80 ) 678.88
2 (5 3 1 237 96 80 ) 283.075
2 (10 5 1 156 74 56 ) 62.3048
2 (10 2 1 84 96 8 ) 555.632
2 (10 3 1 84 96 8 ) 481.188
2 (10 5 1 156 74 56 ) 62.3048
2 (68 3 1 84 113 56 ) 386.808
2 (68 2 1 84 113 56 ) 385.582
2 (10 5 1 156 74 56 ) 62.3048
2 (10 5 1 156 216 53 ) 1819.74
2 (10 5 1 156 216 26 ) 450.173
2 (10 5 1 156 74 56 ) 62.3048
2 (5 5 1 156 70 5 ) 638.675
2 (5 5 1 156 70 2 ) 357.501
2 (10 5 1 156 74 56 ) 62.3048
2 (10 3 1 156 74 74 ) 21189.8
2 (10 3 1 156 141 74 ) 215.384
2 (10 5 1 156 74 56 ) 62.3048
2 (10 5 1 84 70 80 ) 41973.5
2 (43 5 1 84 70 80 ) 2201.86
2 (10 5 1 156 74 56 ) 62.3048
2 (10 3 1 84 74 74 ) 34022.4
2 (10 3 0 84 74 74 ) 506.553
2 (10 5 1 156 74 56 ) 62.3048
2 (10 3 1 216 74 77 ) 1616.94
2 (138 3 1 216 74 77 ) 673.053
2 (10 5 1 156 74 56 ) 62.3048
2 (10 5 1 84 96 56 ) 18541.3
2 (10 5 1 162 96 56 ) 16381.3
2 (10 5 1 156 74 56 ) 62.3048
2 (10 3 1 85 216 80 ) 40869.6
2 (10 3 1 85 77 80 ) 31687.6
2 (10 5 1 156 74 56 ) 62.3048
2 (68 3 1 84 113 80 ) 36598.2
2 (68 5 1 84 113 80 ) 1880.49
2 (10 5 1 156 74 56 ) 62.3048
2 (5 3 1 216 74 77 ) 315.979
2 (5 4 1 216 74 77 ) 198.844
2 (10 5 1 156 74 56 ) 62.3048
2 (10 4 1 85 74 87 ) 43596.7
2 (10 3 1 85 74 87 ) 216.238
2 (10 5 1 156 74 56 ) 62.3048
2 (5 5 1 156 74 56 ) 14175.4
2 (5 2 1 156 74 56 ) 531.379
2 (10 5 1 156 74 56 ) 62.3048
2 (10 5 1 84 96 77 ) 46249.5
2 (10 5 1 205 96 77 ) 64.7525
2 (10 5 1 156 74 56 ) 62.3048
2 (5 3 1 156 96 53 ) 16851.7
2 (5 0 1 156 96 53 ) 93.8682
2 (10 5 1 156 74 56 ) 62.3048
2 (5 3 1 216 96 80 ) 596.697
2 (10 5 1 156 74 56 ) 62.3048
2 (10 5 1 84 74 53 ) 46535
2 (141 5 1 84 74 53 ) 6503.31
2 (10 5 1 156 74 56 ) 62.3048
2 (10 5 1 84 74 5 ) 586.923
2 (10 2 1 84 74 5 ) 562.678
2 (10 5 1 156 74 56 ) 62.3048
2 (5 3 1 84 96 56 ) 413.926
2 (5 3 1 134 96 56 ) 220.946
2 (10 5 1 156 74 56 ) 62.3048
2 (5 3 1 156 96 80 ) 1999.21
2 (5 3 1 207 96 80 ) 579.209
2 (10 5 1 156 74 56 ) 62.3048
2 (10 3 1 156 216 8 ) 3524.55
2 (10 3 0 156 216 8 ) 899.611
2 (10 5 1 156 74 56 ) 62.3048
2 (10 2 1 216 96 56 ) 51294
2 (35 2 1 216 96 56 ) 20087.3
2 (10 5 1 156 74 56 ) 62.3048
2 (10 3 1 84 74 56 ) 243.364
2 (10 3 1 84 181 56 ) 136.343
2 (10 5 1 156 74 56 ) 62.3048
2 (5 5 1 82 96 80 ) 1545.56
2 (5 5 2 82 96 80 ) 817.432
2 (10 5 1 156 74 56 ) 62.3048
2 (10 5 1 156 181 8 ) 514.442
2 (105 5 1 156 181 8 ) 486.523
2 (10 5 1 156 74 56 ) 62.3048
2 (10 2 1 84 74 56 ) 372.125
2 (10 5 1 156 74 56 ) 62.3048
2 (10 0 1 84 96 53 ) 315.125
2 (10 0 1 88 96 53 ) 294.216
2 (10 5 1 156 74 56 ) 62.3048
2 (5 3 1 156 74 77 ) 40617.4
2 (11 3 1 156 74 77 ) 199.017
2 (10 5 1 156 74 56 ) 62.3048
2 (10 3 1 84 74 8 ) 15399.3
2 (10 3 1 84 27 8 ) 210.601
2 (10 5 1 156 74 56 ) 62.3048
2 (10 2 1 205 74 80 ) 48362.6
2 (10 4 1 205 74 80 ) 22820.5
2 (10 5 1 156 74 56 ) 62.3048
2 (5 5 1 84 96 74 ) 395.737
2 (71 5 1 84 96 74 ) 256.128
2 (10 5 1 156 74 56 ) 62.3048
2 (68 3 1 156 96 53 ) 2225.08
2 (68 3 1 156 96 51 ) 597.394
2 (10 5 1 156 74 56 ) 62.3048
2 (10 3 1 156 70 8 ) 14429.3
2 (10 3 1 156 24 8 ) 141.762
2 (10 5 1 156 74 56 ) 62.3048
2 (5 4 1 156 70 80 ) 35533.9
2 (5 4 1 25 70 80 ) 226.829
2 (10 5 1 156 74 56 ) 62.3048
2 (5 0 1 156 96 8 ) 43759.5
2 (130 0 1 156 96 8 ) 10158.9
2 (10 5 1 156 74 56 ) 62.3048
2 (10 0 1 156 70 8 ) 11072.9
2 (10 0 2 156 70 8 ) 613.581
2 (10 5 1 156 74 56 ) 62.3048
2 (10 2 1 156 70 77 ) 396.001
2 (10 4 1 156 70 77 ) 312.924
2 (10 5 1 156 74 56 ) 62.3048
2 (10 3 1 84 74 8 ) 1746.65
2 (10 3 1 84 74 1 ) 693.252
2 (10 5 1 156 74 56 ) 62.3048
2 (10 3 1 205 78 80 ) 413.683
2 (10 0 1 205 78 80 ) 224.338
2 (10 5 1 156 74 56 ) 62.3048
2 (5 3 1 84 96 56 ) 439.833
2 (5 4 1 84 96 56 ) 395.967
2 (10 5 1 156 74 56 ) 62.3048
2 (10 0 1 84 74 77 ) 29773
2 (10 0 1 84 145 77 ) 544.554
2 (10 5 1 156 74 56 ) 62.3048
2 (10 3 1 84 96 56 ) 17532.5
2 (10 3 2 84 96 56 ) 351.775
2 (10 5 1 156 74 56 ) 62.3048
2 (5 3 1 84 74 56 ) 192.945
2 (5 1 1 84 74 56 ) 117.903
2 (10 5 1 156 74 56 ) 62.3048
2 (10 5 1 85 96 77 ) 1617.38
2 (10 1 1 85 96 77 ) 341.589
2 (10 5 1 156 74 56 ) 62.3048
2 (10 5 1 84 96 53 ) 1864.44
2 (10 5 1 84 96 0 ) 389.549
2 (10 5 1 156 74 56 ) 62.3048
2 (10 5 1 84 78 53 ) 372.004
2 (10 5 1 84 78 74 ) 177.434
2 (10 5 1 156 74 56 ) 62.3048
2 (10 2 1 84 96 77 ) 2022.29
2 (10 2 1 84 184 77 ) 330.738
2 (10 5 1 156 74 56 ) 62.3048
2 (5 5 1 84 74 8 ) 22248.8
2 (5 5 0 84 74 8 ) 1245.05
2 (10 5 1 156 74 56 ) 62.3048
2 (10 2 1 156 181 77 ) 40159.5
2 (10 2 1 156 181 20 ) 465.777
2 (10 5 1 156 74 56 ) 62.3048
2 (10 2 1 84 181 8 ) 619.872
2 (10 4 1 84 181 8 ) 590.186
2 (10 5 1 156 74 56 ) 62.3048
2 (35 5 1 84 70 56 ) 1762.27
2 (35 5 1 84 232 56 ) 508.436
2 (10 5 1 156 74 56 ) 62.3048
2 (10 2 1 156 113 77 ) 34474.8
2 (10 0 1 156 113 77 ) 177.498
2 (10 5 1 156 74 56 ) 62.3048
2 (5 0 1 156 96 80 ) 31433.3
2 (5 0 1 161 96 80 ) 389.319
2 (10 5 1 156 74 56 ) 62.3048
2 (5 5 1 156 74 56 ) 31918
2 (23 5 1 156 74 56 ) 13159.9
2 (10 5 1 156 74 56 ) 62.3048
2 (10 3 1 156 70 74 ) 31858.4
2 (10 3 1 156 171 74 ) 1884.56
2 (10 5 1 156 74 56 ) 62.3048
2 (68 3 1 156 74 56 ) 597.207
2 (22 3 1 156 74 56 ) 353.332
2 (10 5 1 156 74 56 ) 62.3048
2 (5 1 1 156 96 56 ) 215.964
2 (10 5 1 156 74 56 ) 62.3048
2 (5 5 1 156 70 56 ) 34322.8
2 (5 5 1 156 173 56 ) 22322.3
2 (10 5 1 156 74 56 ) 62.3048
2 (10 1 1 82 96 87 ) 662.251
2 (10 1 1 82 96 87 ) 499.56
2 (10 5 1 156 74 56 ) 62.3048
2 (5 2 1 156 74 56 ) 508.24
2 (10 5 1 156 74 56 ) 62.3048
2 (5 5 1 84 74 53 ) 18237.3
2 (5 5 1 84 74 53 ) 1946.19
2 (10 5 1 156 74 56 ) 62.3048
2 (10 3 1 84 74 80 ) 364.536
2 (54 3 1 84 74 80 ) 76.4057
2 (10 5 1 156 74 56 ) 62.3048
2 (10 3 1 156 74 53 ) 829.589
2 (10 3 1 206 74 53 ) 433.578
2 (10 5 1 156 74 56 ) 62.3048
2 (10 3 1 84 78 56 ) 434.306
2 (9 3 1 84 78 56 ) 96.0684
2 (10 5 1 156 74 56 ) 62.3048
2 (5 3 1 84 78 80 ) 28216.4
2 (5 3 1 138 78 80 ) 496.033
2 (10 5 1 156 74 56 ) 62.3048
2 (10 3 1 84 78 8 ) 206.771
2 (22 3 1 84 78 8 ) 130.788
2 (10 5 1 156 74 56 ) 62.3048
2 (10 3 1 84 113 53 ) 19107
2 (114 3 1 84 113 53 ) 525.874
2 (10 5 1 156 74 56 ) 62.3048
2 (10 3 1 84 74 53 ) 250.033
2 (10 5 1 156 74 56 ) 62.3048
2 (68 0 1 84 74 77 ) 734.42
2 (68 0 1 84 77 77 ) 437.006
2 (10 5 1 156 74 56 ) 62.3048
2 (68 5 1 84 70 53 ) 19008.6
2 (68 5 1 84 176 53 ) 781.38
2 (10 5 1 156 74 56 ) 62.3048
2 (10 5 1 84 96 77 ) 24715.8
2 (10 5 1 84 96 82 ) 340.031
2 (10 5 1 156 74 56 ) 62.3048
2 (10 5 1 84 96 8 ) 1789.5
2 (29 5 1 84 96 8 ) 970.048
2 (10 5 1 156 74 56 ) 62.3048
2 (10 3 1 156 74 87 ) 3398.51
2 (10 1 1 156 74 87 ) 353.446
2 (10 5 1 156 74 56 ) 62.3048
2 (5 3 1 156 78 8 ) 476.246
2 (5 3 1 156 78 21 ) 363.852
2 (10 5 1 156 74 56 ) 62.3048
2 (5 3 1 84 78 8 ) 329.099
2 (5 3 1 84 78 10 ) 253.126
2 (10 5 1 156 74 56 ) 62.3048
2 (68 2 1 84 96 53 ) 366253
2 (68 2 1 84 96 84 ) 15474.7
2 (10 5 1 156 74 56 ) 62.3048
2 (10 0 1 156 96 53 ) 727.625
2 (10 0 1 150 96 53 ) 451.569
2 (10 5 1 156 74 56 ) 62.3048
2 (68 1 1 84 74 53 ) 327.828
2 (10 5 1 156 74 56 ) 62.3048
2 (9 3 1 84 96 8 ) 18344.5
2 (9 3 1 215 96 8 ) 719.529
2 (10 5 1 156 74 56 ) 62.3048
2 (68 3 1 84 74 56 ) 28160.7
2 (68 3 1 84 74 56 ) 964.901
2 (10 5 1 156 74 56 ) 62.3048
2 (10 3 1 156 74 80 ) 206.442
3 (5 2 2 144 180 28 ) 339.532
3 (77 0 0 180 250 4 ) 162.373
3 (77 0 0 180 250 50 ) 139.046
3 (77 0 0 180 250 50 ) 139.046
3 (140 5 2 250 84 56 ) 1.35897e+08
3 (140 5 2 250 84 56 ) 8.97566e+07
3 (77 0 0 180 250 50 ) 139.046
3 (77 2 2 108 96 56 ) 1002.88
3 (12 2 2 108 96 56 ) 448.97
3 (77 0 0 180 250 50 ) 139.046
3 (5 0 1 168 144 64 ) 347.738
3 (156 0 1 168 144 64 ) 306.487
3 (77 0 0 180 250 50 ) 139.046
3 (77 5 0 108 156 56 ) 681.723
3 (77 5 0 108 241 56 ) 448.322
3 (77 0 0 180 250 50 ) 139.046
3 (77 5 1 168 96 52 ) 29883
3 (77 5 1 167 96 52 ) 19173
3 (77 0 0 180 250 50 ) 139.046
3 (131 4 1 108 250 20 ) 16330
3 (131 4 1 108 243 20 ) 10498.8
3 (77 0 0 180 250 50 ) 139.046
3 (122 1 0 168 12 4 ) 13478.7
3 (122 1 0 168 12 68 ) 562.131
3 (77 0 0 180 250 50 ) 139.046
3 (12 5 1 168 250 48 ) 654.711
3 (73 5 1 168 250 48 ) 571.236
3 (77 0 0 180 250 50 ) 139.046
3 (73 5 0 168 204 68 ) 1847.32
3 (111 5 0 168 204 68 ) 490.915
3 (77 0 0 180 250 50 ) 139.046
3 (111 1 0 180 204 56 ) 343.624
3 (111 1 0 180 47 56 ) 192.622
3 (77 0 0 180 250 50 ) 139.046
3 (5 0 0 180 250 56 ) 61510
3 (5 5 0 180 250 56 ) 543.337
3 (77 0 0 180 250 50 ) 139.046
3 (156 1 2 180 96 64 ) 1055.82
3 (156 1 2 180 96 81 ) 210.409
3 (77 0 0 180 250 50 ) 139.046
3 (122 5 2 108 12 68 ) 5082.52
3 (122 5 2 26 12 68 ) 833.09
3 (77 0 0 180 250 50 ) 139.046
3 (86 1 0 180 156 68 ) 23067.9
3 (86 1 0 180 156 56 ) 1723.95
3 (77 0 0 180 250 50 ) 139.046
3 (50 5 0 168 96 50 ) 171.853
3 (50 5 0 168 96 14 ) 73.7694
3 (50 5 0 168 96 14 ) 73.7694
3 (111 2 2 168 144 56 ) 3.90295e+08
3 (49 2 2 168 144 56 ) 61083.6
3 (50 5 0 168 96 14 ) 73.7694
3 (12 2 1 168 241 64 ) 25994.9
3 (12 2 1 168 241 68 ) 1795.66
3 (50 5 0 168 96 14 ) 73.7694
3 (50 5 1 144 96 81 ) 159.459
3 (50 5 1 144 158 81 ) 150.318
3 (50 5 0 168 96 14 ) 73.7694
3 (77 1 0 108 250 81 ) 943.762
3 (77 1 0 206 250 81 ) 722.24
3 (50 5 0 168 96 14 ) 73.7694
3 (5 1 0 180 96 50 ) 506.968
3 (77 1 0 180 96 50 ) 375.936
3 (50 5 0 168 96 14 ) 73.7694
3 (122 5 1 168 250 14 ) 487.381
3 (50 5 0 168 96 14 ) 73.7694
3 (77 1 0 168 250 81 ) 281.498
3 (60 1 0 168 250 81 ) 122.257
3 (50 5 0 168 96 14 ) 73.7694
3 (50 1 1 180 96 14 ) 544.443
3 (50 1 1 180 96 27 ) 534.016
3 (50 5 0 168 96 14 ) 73.7694
3 (77 5 0 168 96 50 ) 19122
3 (146 5 0 168 96 50 ) 503.866
3 (50 5 0 168 96 14 ) 73.7694
3 (12 5 0 144 180 50 ) 22239.4
3 (12 5 0 144 180 63 ) 1947.02
3 (50 5 0 168 96 14 ) 73.7694
3 (5 1 2 168 250 4 ) 2070.48
3 (5 1 2 168 125 4 ) 482.04
3 (50 5 0 168 96 14 ) 73.7694
3 (12 0 0 180 144 81 ) 30742.9
3 (12 4 0 180 144 81 ) 3160.98
3 (50 5 0 168 96 14 ) 73.7694
3 (60 1 0 108 158 64 ) 307.255
3 (60 1 0 108 158 45 ) 287.544
3 (50 5 0 168 96 14 ) 73.7694
3 (111 1 0 144 158 81 ) 590.916
3 (111 1 2 144 158 81 ) 351.927
3 (50 5 0 168 96 14 ) 73.7694
3 (5 1 2 144 250 50 ) 1665.67
3 (60 1 2 144 250 50 ) 454.532
3 (50 5 0 168 96 14 ) 73.7694
3 (5 5 0 180 96 81 ) 76546.6
3 (76 5 0 180 96 81 ) 1829.47
3 (50 5 0 168 96 14 ) 73.7694
3 (111 0 2 180 158 81 ) 1029.39
3 (111 0 2 156 158 81 ) 456.397
3 (50 5 0 168 96 14 ) 73.7694
3 (111 0 0 180 204 50 ) 273.17
3 (57 0 0 180 204 50 ) 267.071
3 (50 5 0 168 96 14 ) 73.7694
3 (60 0 0 144 158 81 ) 1664.89
3 (60 0 2 144 158 81 ) 261.526
3 (50 5 0 168 96 14 ) 73.7694
3 (60 5 0 180 158 81 ) 2079.1
3 (60 5 0 112 158 81 ) 513.841
3 (50 5 0 168 96 14 ) 73.7694
3 (111 1 1 168 47 56 ) 2817.46
3 (111 1 1 168 47 43 ) 335.089
3 (50 5 0 168 96 14 ) 73.7694
3 (111 1 0 180 158 50 ) 486.586
3 (111 1 0 180 158 30 ) 435.13
3 (50 5 0 168 96 14 ) 73.7694
3 (5 5 0 168 180 64 ) 1744.47
3 (5 5 0 168 180 55 ) 615.238
3 (50 5 0 168 96 14 ) 73.7694
3 (5 1 2 180 96 43 ) 23947.9
3 (5 1 2 180 96 20 ) 510.62
3 (50 5 0 168 96 14 ) 73.7694
3 (77 1 1 168 158 81 ) 294.828
3 (77 1 1 168 16 81 ) 200.164
3 (50 5 0 168 96 14 ) 73.7694
3 (77 5 0 180 96 4 ) 20053.9
3 (77 5 0 180 226 4 ) 496.529
3 (50 5 0 168 96 14 ) 73.7694
3 (77 5 0 168 204 81 ) 35596
3 (77 6 0 168 204 81 ) 256.352
3 (50 5 0 168 96 14 ) 73.7694
3 (60 1 0 180 250 50 ) 214.997
3 (50 5 0 168 96 14 ) 73.7694
3 (50 1 0 108 158 50 ) 82.676
3 (50 5 0 168 96 14 ) 73.7694
3 (60 1 2 180 204 50 ) 1828.78
3 (60 1 2 180 204 50 ) 484.373
3 (50 5 0 168 96 14 ) 73.7694
3 (77 1 0 108 204 4 ) 578.477
3 (77 0 0 108 204 4 ) 183.241
3 (50 5 0 168 96 14 ) 73.7694
3 (60 0 0 180 96 14 ) 197.471
3 (50 5 0 168 96 14 ) 73.7694
3 (50 0 0 108 158 50 ) 741.375
3 (50 0 0 108 158 50 ) 576.946
3 (50 5 0 168 96 14 ) 73.7694
3 (50 0 0 180 96 81 ) 104.432
3 (50 5 0 168 96 14 ) 73.7694
3 (50 5 0 180 47 4 ) 2882.74
3 (50 5 2 180 47 4 ) 671.278
3 (50 5 0 168 96 14 ) 73.7694
3 (77 1 0 180 158 50 ) 350.643
3 (37 1 0 180 158 50 ) 300.166
3 (50 5 0 168 96 14 ) 73.7694
3 (77 1 0 180 250 4 ) 3175.12
3 (77 1 1 180 250 4 ) 787.533
3 (50 5 0 168 96 14 ) 73.7694
3 (50 5 1 168 16 81 ) 24909.2
3 (50 5 1 180 16 81 ) 24110.5
3 (50 5 0 168 96 14 ) 73.7694
3 (57 1 2 180 250 81 ) 173.812
3 (50 5 0 168 96 14 ) 73.7694
3 (57 1 1 168 204 56 ) 381.547
3 (50 5 0 168 96 14 ) 73.7694
3 (77 0 1 144 96 81 ) 289.117
3 (77 1 1 144 96 81 ) 215.411
3 (50 5 0 168 96 14 ) 73.7694
3 (60 1 0 180 250 81 ) 1722.41
3 (60 1 1 180 250 81 ) 212.029
3 (50 5 0 168 96 14 ) 73.7694
3 (50 0 0 180 204 81 ) 533.88
3 (141 0 0 180 204 81 ) 360.18
3 (50 5 0 168 96 14 ) 73.7694
3 (57 1 0 180 250 50 ) 241.588
3 (194 1 0 180 250 50 ) 201.037
3 (50 5 0 168 96 14 ) 73.7694
3 (111 1 0 180 204 50 ) 46073.8
3 (111 1 0 180 204 6 ) 32239.9
3 (50 5 0 168 96 14 ) 73.7694
3 (50 1 2 168 204 81 ) 172.954
3 (50 5 0 168 96 14 ) 73.7694
3 (77 1 2 180 96 81 ) 20190.7
3 (77 6 2 180 96 81 ) 666.012
3 (50 5 0 168 96 14 ) 73.7694
3 (50 1 1 180 250 50 ) 14979.8
3 (54 1 1 180 250 50 ) 681.338
3 (50 5 0 168 96 14 ) 73.7694
3 (50 0 1 144 250 50 ) 20623.4
3 (50 0 1 144 104 50 ) 11133.8
3 (50 5 0 168 96 14 ) 73.7694
3 (57 1 1 168 96 4 ) 383.505
3 (98 1 1 168 96 4 ) 361.087
3 (50 5 0 168 96 14 ) 73.7694
3 (50 1 0 168 250 50 ) 59.513
3 (50 1 0 168 250 50 ) 15.3497
3 (50 1 0 168 250 50 ) 15.3497
3 (60 1 0 180 16 81 ) 1805.88
3 (60 1 0 180 108 81 ) 524.622
3 (50 1 0 168 250 50 ) 15.3497
3 (50 1 1 180 96 50 ) 17651.7
3 (50 1 1 185 96 50 ) 222.434
3 (50 1 0 168 250 50 ) 15.3497
3 (50 5 0 168 250 81 ) 43796.4
3 (50 5 1 168 250 81 ) 511.363
3 (50 1 0 168 250 50 ) 15.3497
3 (50 1 0 168 204 56 ) 39338.3
3 (50 1 0 56 204 56 ) 544.087
3 (50 1 0 168 250 50 ) 15.3497
3 (77 1 0 180 96 81 ) 31260.1
3 (171 1 0 180 96 81 ) 444.313
3 (50 1 0 168 250 50 ) 15.3497
3 (194 1 0 168 96 50 ) 20426.4
3 (194 1 0 168 147 50 ) 106.622
3 (50 1 0 168 250 50 ) 15.3497
3 (50 0 1 168 96 4 ) 1220.49
3 (50 5 1 168 96 4 ) 345.47
3 (50 1 0 168 250 50 ) 15.3497
3 (50 1 0 180 96 4 ) 1049.34
3 (50 1 0 188 96 4 ) 622.6
3 (50 1 0 168 250 50 ) 15.3497
3 (50 1 0 168 250 50 ) 240.675
3 (50 2 0 168 250 50 ) 182.434
3 (50 1 0 168 250 50 ) 15.3497
3 (194 1 0 108 250 50 ) 214.99
3 (43 1 0 108 250 50 ) 196.423
3 (50 1 0 168 250 50 ) 15.3497
3 (50 1 0 180 250 81 ) 509.705
3 (115 1 0 180 250 81 ) 433.37
3 (50 1 0 168 250 50 ) 15.3497
3 (50 1 2 168 250 50 ) 27664.2
3 (50 1 2 168 250 50 ) 18405.7
3 (50 1 0 168 250 50 ) 15.3497
3 (50 5 0 180 250 81 ) 437.261
3 (50 5 2 180 250 81 ) 294.184
3 (50 1 0 168 250 50 ) 15.3497
3 (50 0 0 144 250 81 ) 65717.3
3 (50 0 1 144 250 81 ) 26212.9
3 (50 1 0 168 250 50 ) 15.3497
3 (77 5 0 168 96 4 ) 719.336
3 (77 5 0 168 96 4 ) 664.258
3 (50 1 0 168 250 50 ) 15.3497
3 (77 1 1 168 204 81 ) 92.3385
3 (77 1 1 168 204 60 ) 81.8362
3 (50 1 0 168 250 50 ) 15.3497
3 (50 1 1 168 250 81 ) 285.747
3 (50 1 1 168 250 38 ) 218.568
3 (50 1 0 168 250 50 ) 15.3497
3 (50 5 1 180 96 81 ) 1935.39
3 (50 5 1 180 96 88 ) 139.284
3 (50 1 0 168 250 50 ) 15.3497
3 (50 1 0 168 204 50 ) 29660.2
3 (50 1 0 168 203 50 ) 497.827
3 (50 1 0 168 250 50 ) 15.3497
3 (50 5 1 180 250 60 ) 16273
3 (50 5 1 42 250 60 ) 518.14
3 (50 1 0 168 250 50 ) 15.3497
3 (194 1 0 168 96 50 ) 123.263
3 (50 1 0 168 250 50 ) 15.3497
3 (77 1 0 180 96 81 ) 44020.3
3 (77 1 1 180 96 81 ) 272.027
3 (50 1 0 168 250 50 ) 15.3497
3 (50 1 0 144 250 14 ) 513.724
3 (50 1 0 144 250 14 ) 287.074
3 (50 1 0 168 250 50 ) 15.3497
3 (50 1 0 144 147 81 ) 551.387
3 (50 1 2 144 147 81 ) 262.354
3 (50 1 0 168 250 50 ) 15.3497
3 (77 1 0 180 250 4 ) 12740.5
3 (77 1 0 180 250 4 ) 454.791
3 (50 1 0 168 250 50 ) 15.3497
3 (194 5 1 144 204 81 ) 13575.7
3 (194 4 1 144 204 81 ) 1898.63
3 (50 1 0 168 250 50 ) 15.3497
3 (50 1 0 180 158 81 ) 293.18
3 (50 5 0 180 158 81 ) 208.51
3 (50 1 0 168 250 50 ) 15.3497
3 (50 1 0 180 96 81 ) 1968.71
3 (130 1 0 180 96 81 ) 288.587
3 (50 1 0 168 250 50 ) 15.3497
3 (50 0 0 168 158 50 ) 703.782
3 (50 0 0 168 158 37 ) 381.613
3 (50 1 0 168 250 50 ) 15.3497
3 (50 1 1 168 250 81 ) 1889.6
3 (50 1 1 183 250 81 ) 288.723
3 (50 1 0 168 250 50 ) 15.3497
3 (50 0 0 168 250 50 ) 1785.72
3 (50 0 0 168 250 64 ) 430.727
3 (50 1 0 168 250 50 ) 15.3497
3 (50 1 0 168 158 50 ) 687.682
3 (50 1 0 109 158 50 ) 269.413
3 (50 1 0 168 250 50 ) 15.3497
3 (50 1 0 180 204 81 ) 82263.1
3 (50 4 0 180 204 81 ) 40245.7
3 (50 1 0 168 250 50 ) 15.3497
3 (50 0 0 180 204 14 ) 66828.1
3 (131 0 0 180 204 14 ) 2197.91
3 (50 1 0 168 250 50 ) 15.3497
3 (77 5 0 180 96 81 ) 32778.3
3 (77 5 0 180 96 81 ) 388.994
3 (50 1 0 168 250 50 ) 15.3497
3 (60 1 0 168 250 81 ) 1035.48
3 (60 1 0 168 250 32 ) 504.603
3 (50 1 0 168 250 50 ) 15.3497
3 (50 1 0 168 96 81 ) 427.934
3 (50 1 0 168 162 81 ) 281.652
3 (50 1 0 168 250 50 ) 15.3497
3 (77 1 0 144 96 50 ) 19839.4
3 (77 1 2 144 96 50 ) 18251
3 (50 1 0 168 250 50 ) 15.3497
3 (77 1 0 108 250 81 ) 544.642
3 (77 1 0 108 30 81 ) 475.067
3 (50 1 0 168 250 50 ) 15.3497
3 (77 1 1 168 158 81 ) 24128.3
3 (77 1 1 168 158 81 ) 1729.86
3 (50 1 0 168 250 50 ) 15.3497
3 (77 1 0 168 204 50 ) 48426.1
3 (77 1 0 168 204 50 ) 1616.66
3 (50 1 0 168 250 50 ) 15.3497
3 (50 1 1 168 158 4 ) 18976.4
3 (50 1 1 168 158 4 ) 14940
3 (50 1 0 168 250 50 ) 15.3497
3 (77 1 0 180 96 50 ) 377.43
3 (77 1 0 180 193 50 ) 182.99
3 (50 1 0 168 250 50 ) 15.3497
3 (50 1 0 168 96 50 ) 25199.3
3 (50 1 0 168 202 50 ) 401.97
3 (50 1 0 168 250 50 ) 15.3497
3 (50 1 0 180 204 81 ) 57207.3
3 (50 1 1 180 204 81 ) 636.755
3 (50 1 0 168 250 50 ) 15.3497
3 (50 5 1 168 250 50 ) 20392.8
3 (50 4 1 168 250 50 ) 209.49
3 (50 1 0 168 250 50 ) 15.3497
3 (77 1 1 144 158 88 ) 604.684
3 (57 1 1 144 158 88 ) 553.406
3 (50 1 0 168 250 50 ) 15.3497
3 (50 1 0 180 250 81 ) 43106.3
3 (50 0 0 180 250 81 ) 59.5308
3 (50 1 0 168 250 50 ) 15.3497
3 (60 0 1 144 96 50 ) 316.427
3 (50 1 0 168 250 50 ) 15.3497
3 (50 1 0 168 250 81 ) 380.711
3 (50 1 0 168 250 63 ) 246.265
3 (50 1 0 168 250 50 ) 15.3497
3 (194 0 1 168 250 81 ) 433.197
3 (194 0 1 168 250 1 ) 259.171
3 (50 1 0 168 250 50 ) 15.3497
3 (50 1 0 168 204 81 ) 1590.79
3 (50 1 0 168 183 81 ) 429.352
3 (50 1 0 168 250 50 ) 15.3497
3 (194 0 0 168 250 50 ) 241.247
3 (50 1 0 168 250 50 ) 15.3497
3 (50 0 1 168 96 50 ) 525.852
3 (50 0 1 25 96 50 ) 243.975
3 (50 1 0 168 250 50 ) 15.3497
3 (50 1 0 108 147 81 ) 404.137
3 (50 1 0 108 61 81 ) 322.403
3 (50 1 0 168 250 50 ) 15.3497
3 (50 5 0 168 158 50 ) 681.667
3 (50 4 0 168 158 50 ) 488.406
3 (50 1 0 168 250 50 ) 15.3497
3 (77 5 0 168 96 50 ) 40404.4
3 (77 5 0 168 115 50 ) 35583.7
3 (50 1 0 168 250 50 ) 15.3497
3 (194 1 0 168 250 50 ) 26379
3 (142 1 0 168 250 50 ) 516.952
3 (50 1 0 168 250 50 ) 15.3497
3 (50 0 0 108 96 81 ) 1913.06
3 (50 0 0 137 96 81 ) 527.267
3 (50 1 0 168 250 50 ) 15.3497
3 (50 1 1 168 250 81 ) 230.755
3 (50 1 0 168 250 50 ) 15.3497
3 (194 1 0 180 204 50 ) 448.136
3 (141 1 0 180 204 50 ) 417.7
3 (50 1 0 168 250 50 ) 15.3497
3 (194 5 0 180 204 50 ) 454.428
3 (194 5 0 231 204 50 ) 305.02
3 (50 1 0 168 250 50 ) 15.3497
3 (50 1 0 168 250 14 ) 26449.1
3 (50 1 0 168 250 14 ) 382.42
3 (50 1 0 168 250 50 ) 15.3497
3 (50 0 0 180 204 14 ) 783.142
3 (101 0 0 180 204 14 ) 496.099
3 (50 1 0 168 250 50 ) 15.3497
3 (77 0 1 168 96 50 ) 16942.8
3 (77 0 1 215 96 50 ) 706.33
3 (50 1 0 168 250 50 ) 15.3497
3 (50 5 1 215 250 60 ) 21580.6
3 (47 5 1 215 250 60 ) 373.412
3 (50 1 0 168 250 50 ) 15.3497
3 (50 0 0 108 96 50 ) 1995.66
3 (50 0 0 238 96 50 ) 455.38
3 (50 1 0 168 250 50 ) 15.3497
3 (50 0 1 180 96 60 ) 474.399
3 (50 0 1 58 96 60 ) 340.814
3 (50 1 0 168 250 50 ) 15.3497
3 (77 1 1 58 96 60 ) 20763.1
3 (77 5 1 58 96 60 ) 630.36
3 (50 1 0 168 250 50 ) 15.3497
3 (50 1 0 180 96 50 ) 64710.9
3 (50 1 0 180 96 50 ) 28918.2
3 (50 1 0 168 250 50 ) 15.3497
3 (77 5 0 180 204 50 ) 1837.68
3 (116 5 0 180 204 50 ) 306.216
3 (50 1 0 168 250 50 ) 15.3497
3 (194 5 0 168 96 81 ) 32548
3 (194 4 0 168 96 81 ) 686.755
3 (50 1 0 168 250 50 ) 15.3497
3 (77 1 0 180 250 81 ) 806.035
3 (77 1 0 165 250 81 ) 653.936
3 (50 1 0 168 250 50 ) 15.3497
3 (77 1 0 168 250 81 ) 1782.4
3 (77 1 0 139 250 81 ) 753.052
3 (50 1 0 168 250 50 ) 15.3497
3 (50 5 1 144 250 50 ) 619.519
3 (63 5 1 144 250 50 ) 290.932
3 (50 1 0 168 250 50 ) 15.3497
3 (194 1 1 180 204 81 ) 258.35
3 (50 1 0 168 250 50 ) 15.3497
3 (50 0 0 168 158 50 ) 219.97
3 (50 0 0 102 158 50 ) 161.634
3 (50 1 0 168 250 50 ) 15.3497
3 (50 0 0 180 250 50 ) 339.177
3 (75 0 0 180 250 50 ) 273.895
3 (50 1 0 168 250 50 ) 15.3497
3 (77 1 0 144 250 81 ) 56040.2
3 (48 1 0 144 250 81 ) 242.846
3 (50 1 0 168 250 50 ) 15.3497
3 (50 0 0 180 96 60 ) 46407.7
3 (50 0 0 180 96 60 ) 427.88
3 (50 1 0 168 250 50 ) 15.3497
3 (50 1 1 168 96 50 ) 12925.4
3 (50 1 1 168 96 64 ) 1970.67
3 (50 1 0 168 250 50 ) 15.3497
3 (50 1 0 168 96 81 ) 606.002
3 (103 1 0 168 96 81 ) 570.409
3 (50 1 0 168 250 50 ) 15.3497
3 (77 0 0 168 204 81 ) 661.216
3 (77 0 0 168 204 19 ) 201.745
3 (50 1 0 168 250 50 ) 15.3497
3 (50 0 0 180 204 50 ) 629.156
3 (170 0 0 180 204 50 ) 160.186
3 (50 1 0 168 250 50 ) 15.3497
3 (50 0 0 180 158 81 ) 35910.5
3 (50 0 0 180 151 81 ) 376.902
3 (50 1 0 168 250 50 ) 15.3497
3 (50 1 0 180 147 50 ) 31726.4
3 (50 1 0 163 147 50 ) 311.739
3 (50 1 0 168 250 50 ) 15.3497
3 (60 1 0 168 147 4 ) 6.06845e+07
3 (60 1 0 168 147 25 ) 505.401
3 (50 1 0 168 250 50 ) 15.3497
3 (170 1 0 180 250 25 ) 16139
3 (154 1 0 180 250 25 ) 1773.7
3 (50 1 0 168 250 50 ) 15.3497
3 (77 1 0 180 96 50 ) 652.208
3 (50 1 0 168 250 50 ) 15.3497
3 (50 1 1 144 158 81 ) 362.676
3 (74 1 1 144 158 81 ) 146.525
3 (50 1 0 168 250 50 ) 15.3497
3 (50 1 0 168 96 81 ) 334.408
3 (50 1 0 168 102 81 ) 249.984
3 (50 1 0 168 250 50 ) 15.3497
3 (50 0 0 180 96 14 ) 1010.39
3 (50 0 0 180 28 14 ) 495.045
3 (50 1 0 168 250 50 ) 15.3497
3 (50 0 0 144 147 60 ) 299.931
3 (50 1 0 168 250 50 ) 15.3497
3 (50 1 1 168 96 81 ) 1771.98
3 (50 1 1 168 96 24 ) 458.892
3 (50 1 0 168 250 50 ) 15.3497
3 (50 0 0 168 147 81 ) 333.162
3 (37 0 0 168 147 81 ) 222.052
3 (50 1 0 168 250 50 ) 15.3497
3 (50 5 1 180 250 60 ) 18291.3
3 (50 5 1 180 224 60 ) 572.503
3 (50 1 0 168 250 50 ) 15.3497
3 (50 1 1 168 158 14 ) 875.366
3 (50 1 1 168 158 30 ) 589.324
3 (50 1 0 168 250 50 ) 15.3497
3 (77 1 0 108 250 50 ) 76463.9
3 (77 1 0 108 250 84 ) 38852
3 (50 1 0 168 250 50 ) 15.3497
3 (194 0 1 108 250 60 ) 3050.33
3 (12 0 1 108 250 60 ) 839.908
3 (50 1 0 168 250 50 ) 15.3497
3 (50 1 0 144 250 60 ) 565.735
3 (50 1 0 144 235 60 ) 555.73
3 (50 1 0 168 250 50 ) 15.3497
3 (50 1 0 168 158 81 ) 123.58
3 (50 1 0 168 98 81 ) 80.8483
3 (50 1 0 168 250 50 ) 15.3497
3 (50 1 0 168 250 50 ) 1693.01
3 (50 4 0 168 250 50 ) 557.199
3 (50 1 0 168 250 50 ) 15.3497
3 (60 1 0 168 250 50 ) 391.978
3 (50 1 0 168 250 50 ) 15.3497
3 (50 1 1 168 158 50 ) 14768.6
3 (50 5 1 168 158 50 ) 13996.4
3 (50 1 0 168 250 50 ) 15.3497
3 (50 1 1 180 250 81 ) 235.048
3 (39 1 1 180 250 81 ) 161.607
3 (50 1 0 168 250 50 ) 15.3497
3 (50 1 1 168 96 81 ) 1679.25
3 (50 1 1 168 96 1 ) 627.535
3 (50 1 0 168 250 50 ) 15.3497
3 (77 5 0 180 96 81 ) 245.738
3 (77 4 0 180 96 81 ) 184.183
3 (50 1 0 168 250 50 ) 15.3497
3 (60 1 0 168 96 60 ) 27356.8
3 (60 1 1 168 96 60 ) 2166.15
3 (50 1 0 168 250 50 ) 15.3497
3 (50 1 1 168 250 81 ) 220.583
3 (50 1 1 168 250 45 ) 187.548
3 (50 1 0 168 250 50 ) 15.3497
3 (50 1 0 168 250 88 ) 62653
3 (50 1 0 168 250 16 ) 609.722
3 (50 1 0 168 250 50 ) 15.3497
3 (50 5 0 168 96 81 ) 414.403
3 (173 5 0 168 96 81 ) 198.705
3 (50 1 0 168 250 50 ) 15.3497
3 (194 1 0 180 96 50 ) 1757.31
3 (194 1 0 180 200 50 ) 386.448
3 (50 1 0 168 250 50 ) 15.3497
3 (77 1 0 180 250 81 ) 476.012
3 (77 1 1 180 250 81 ) 405.883
3 (50 1 0 168 250 50 ) 15.3497
3 (50 5 1 168 204 81 ) 514.693
3 (50 5 0 168 204 81 ) 375.94
3 (50 1 0 168 250 50 ) 15.3497
3 (50 1 0 168 96 81 ) 51307
3 (50 1 0 168 96 42 ) 187.942
3 (50 1 0 168 250 50 ) 15.3497
3 (77 1 1 180 250 50 ) 12804.2
3 (77 1 1 180 151 50 ) 137.719
3 (50 1 0 168 250 50 ) 15.3497
3 (74 1 1 168 151 14 ) 6.90869e+06
3 (74 1 1 168 151 88 ) 92.2079
3 (50 1 0 168 250 50 ) 15.3497
3 (194 1 1 180 204 50 ) 2707.49
3 (60 1 1 180 204 50 ) 665.63
3 (50 1 0 168 250 50 ) 15.3497
3 (60 1 0 144 96 50 ) 10644.6
3 (60 4 0 144 96 50 ) 388.908
3 (50 1 0 168 250 50 ) 15.3497
3 (60 5 1 180 204 50 ) 12133.5
3 (60 2 1 180 204 50 ) 726.451
3 (50 1 0 168 250 50 ) 15.3497
3 (194 1 0 108 204 88 ) 311.977
3 (194 1 0 108 204 45 ) 234.38
3 (50 1 0 168 250 50 ) 15.3497
3 (50 0 1 168 158 81 ) 2197.57
3 (50 0 1 168 151 81 ) 54.8429
3 (50 1 0 168 250 50 ) 15.3497
3 (50 0 0 168 158 14 ) 243.004
3 (50 1 0 168 250 50 ) 15.3497
3 (74 1 0 108 158 50 ) 289.617
3 (74 1 0 57 158 50 ) 123.106
3 (50 1 0 168 250 50 ) 15.3497
3 (77 1 1 168 250 81 ) 22090.4
3 (73 1 1 168 250 81 ) 1686.57
3 (50 1 0 168 250 50 ) 15.3497
3 (77 1 1 57 250 88 ) 300.975
3 (78 1 1 57 250 88 ) 197.209
3 (50 1 0 168 250 50 ) 15.3497
3 (50 1 0 57 250 88 ) 383.021
3 (50 1 0 57 250 88 ) 253.758
3 (50 1 0 168 250 50 ) 15.3497
3 (50 0 0 168 250 81 ) 44678
3 (50 6 0 168 250 81 ) 1825.24
3 (50 1 0 168 250 50 ) 15.3497
3 (77 1 1 168 204 50 ) 350.577
3 (48 1 1 168 204 50 ) 313.72
3 (50 1 0 168 250 50 ) 15.3497
3 (50 1 0 168 250 50 ) 110.776
3 (50 1 0 168 250 50 ) 92.299
3 (50 1 0 168 250 50 ) 15.3497
3 (50 1 0 168 96 50 ) 476.523
3 (50 1 0 168 96 1 ) 256.596
3 (50 1 0 168 250 50 ) 15.3497
3 (50 1 0 168 98 50 ) 1668.49
3 (50 1 0 173 98 50 ) 1561.2
3 (50 1 0 168 250 50 ) 15.3497
3 (50 1 0 168 250 81 ) 606.989
3 (50 1 0 168 250 79 ) 503.761
3 (50 1 0 168 250 50 ) 15.3497
3 (74 1 0 168 96 14 ) 1416.28
3 (74 3 0 168 96 14 ) 549.441
3 (50 1 0 168 250 50 ) 15.3497
3 (50 3 0 168 250 50 ) 616.259
3 (50 3 0 168 250 84 ) 269.532
3 (50 1 0 168 250 50 ) 15.3497
3 (50 1 0 168 250 50 ) 592.843
3 (50 1 0 168 198 50 ) 109.325
3 (50 1 0 168 250 50 ) 15.3497
3 (194 1 0 180 250 50 ) 548.335
3 (194 0 0 180 250 50 ) 329.393
3 (50 1 0 168 250 50 ) 15.3497
3 (50 0 0 168 158 50 ) 843.346
3 (50 3 0 168 158 50 ) 528.447
3 (50 1 0 168 250 50 ) 15.3497
3 (74 1 0 168 250 50 ) 98379.8
3 (74 1 0 168 69 50 ) 22604.4
3 (50 1 0 168 250 50 ) 15.3497
3 (50 1 0 168 250 81 ) 656.98
3 (50 1 0 168 250 64 ) 429.21
3 (50 1 0 168 250 50 ) 15.3497
3 (50 1 1 168 151 14 ) 912.72
3 (50 2 1 168 151 14 ) 392.765
3 (50 1 0 168 250 50 ) 15.3497
3 (50 0 0 168 158 50 ) 90.7848
3 (50 1 0 168 250 50 ) 15.3497
3 (50 1 0 168 250 50 ) 186.239
3 (171 1 0 168 250 50 ) 160.105
3 (50 1 0 168 250 50 ) 15.3497
3 (50 1 1 168 151 81 ) 1795.83
3 (64 1 1 168 151 81 ) 223.883
3 (50 1 0 168 250 50 ) 15.3497
3 (74 0 0 168 250 88 ) 298.194
3 (74 0 0 220 250 88 ) 246.101
3 (50 1 0 168 250 50 ) 15.3497
3 (74 1 0 168 158 81 ) 48457.8
3 (74 1 0 168 158 81 ) 505.779
3 (50 1 0 168 250 50 ) 15.3497
3 (50 0 0 168 158 50 ) 363.393
3 (50 5 0 168 158 50 ) 133.819
3 (50 1 0 168 250 50 ) 15.3497
3 (77 1 1 180 250 50 ) 313.09
3 (50 1 0 168 250 50 ) 15.3497
3 (50 1 0 168 250 50 ) 32467.4
3 (50 1 0 79 250 50 ) 663.498
3 (50 1 0 168 250 50 ) 15.3497
3 (194 0 0 57 151 50 ) 132.901
3 (50 1 0 168 250 50 ) 15.3497
3 (50 0 1 168 204 14 ) 811.805
3 (50 0 2 168 204 14 ) 721.344
3 (50 1 0 168 250 50 ) 15.3497
3 (50 1 0 57 250 50 ) 40364.6
3 (50 1 0 57 250 10 ) 22540.1
3 (50 1 0 168 250 50 ) 15.3497
3 (50 1 0 168 151 50 ) 39881.1
3 (50 1 0 168 35 50 ) 20852.5
3 (50 1 0 168 250 50 ) 15.3497
3 (50 1 0 168 250 88 ) 49810.1
3 (50 1 0 168 250 48 ) 17360.2
3 (50 1 0 168 250 50 ) 15.3497
3 (194 1 0 57 158 48 ) 260.16
3 (194 5 0 57 158 48 ) 81.8464
3 (50 1 0 168 250 50 ) 15.3497
3 (194 0 0 168 250 81 ) 29820.9
3 (194 0 0 168 250 27 ) 670.184
3 (50 1 0 168 250 50 ) 15.3497
3 (50 0 0 168 151 50 ) 239.564
3 (50 0 0 148 151 50 ) 186.92
3 (50 1 0 168 250 50 ) 15.3497
3 (50 1 0 168 250 50 ) 30486.4
3 (50 1 0 168 250 57 ) 271.1
3 (50 1 0 168 250 50 ) 15.3497
3 (50 0 0 180 250 50 ) 942.127
3 (50 0 0 83 250 50 ) 499.468
3 (50 1 0 168 250 50 ) 15.3497
3 (194 1 0 168 204 81 ) 1736.14
3 (194 1 0 168 204 24 ) 141.536
3 (50 1 0 168 250 50 ) 15.3497
4 (104 0 0 168 48 56 ) 171.757
4 (131 5 0 204 250 60 ) 19665.7
4 (131 5 0 230 250 60 ) 611.632
4 (104 0 0 168 48 56 ) 171.757
4 (14 5 2 120 84 68 ) 38746.7
4 (27 5 2 120 84 68 ) 24600.9
4 (104 0 0 168 48 56 ) 171.757
4 (158 4 2 24 250 16 ) 17474.6
4 (20 4 2 24 250 16 ) 1935.22
4 (104 0 0 168 48 56 ) 171.757
4 (23 4 1 120 120 28 ) 1776.46
4 (23 4 0 120 120 28 ) 74.1902
4 (23 4 0 120 120 28 ) 74.1902
4 (77 0 1 36 120 60 ) 2174.28
4 (52 0 1 36 120 60 ) 287.464
4 (23 4 0 120 120 28 ) 74.1902
4 (104 6 2 156 204 68 ) 376.12
4 (104 6 2 156 204 83 ) 325.192
4 (23 4 0 120 120 28 ) 74.1902
4 (23 2 2 0 72 60 ) 64028.7
4 (23 5 2 0 72 60 ) 426.195
4 (23 4 0 120 120 28 ) 74.1902
4 (131 4 2 60 132 68 ) 241.661
4 (131 4 2 60 132 83 ) 148.253
4 (23 4 0 120 120 28 ) 74.1902
4 (131 5 2 120 204 68 ) 387.495
4 (131 5 2 120 189 68 ) 133.675
4 (23 4 0 120 120 28 ) 74.1902
4 (20 5 2 0 204 83 ) 544.572
4 (20 5 2 0 204 83 ) 419.371
4 (23 4 0 120 120 28 ) 74.1902
4 (20 4 0 0 0 68 ) 2317.39
4 (195 4 0 0 0 68 ) 1148.72
4 (23 4 0 120 120 28 ) 74.1902
4 (23 5 0 60 204 68 ) 451.026
4 (23 5 0 60 204 61 ) 404.337
4 (23 4 0 120 120 28 ) 74.1902
4 (20 5 1 156 204 60 ) 23423.1
4 (20 5 1 156 204 90 ) 438.569
4 (23 4 0 120 120 28 ) 74.1902
4 (23 0 2 168 204 72 ) 1847.44
4 (23 0 2 152 204 72 ) 311.554
4 (23 4 0 120 120 28 ) 74.1902
4 (104 5 2 0 120 68 ) 36276.1
4 (104 5 2 0 134 68 ) 307.656
4 (23 4 0 120 120 28 ) 74.1902
4 (20 0 2 216 204 72 ) 30534.5
4 (139 0 2 216 204 72 ) 499.66
4 (23 4 0 120 120 28 ) 74.1902
4 (131 6 2 156 120 56 ) 7.82701e+07
4 (6 6 2 156 120 56 ) 19648.9
4 (23 4 0 120 120 28 ) 74.1902
4 (104 5 2 156 204 60 ) 19287.1
4 (104 5 2 185 204 60 ) 538.474
4 (23 4 0 120 120 28 ) 74.1902
4 (104 0 2 0 72 61 ) 2916.1
4 (104 3 2 0 72 61 ) 2657.45
4 (23 4 0 120 120 28 ) 74.1902
4 (23 5 2 156 204 60 ) 118606
4 (23 5 2 156 165 60 ) 187.811
4 (23 4 0 120 120 28 ) 74.1902
4 (23 5 1 156 204 83 ) 68971
4 (23 5 1 156 204 83 ) 46688.2
4 (23 4 0 120 120 28 ) 74.1902
4 (23 5 0 120 204 68 ) 51652.2
4 (23 5 2 120 204 68 ) 3326.14
4 (23 4 0 120 120 28 ) 74.1902
4 (20 0 0 0 204 68 ) 1637.01
4 (20 0 0 245 204 68 ) 294
4 (23 4 0 120 120 28 ) 74.1902
4 (131 5 0 60 204 72 ) 775.543
4 (26 5 0 60 204 72 ) 452.525
4 (23 4 0 120 120 28 ) 74.1902
4 (20 5 2 120 204 72 ) 1741.25
4 (85 5 2 120 204 72 ) 511.412
4 (23 4 0 120 120 28 ) 74.1902
4 (52 5 2 60 204 83 ) 1994.25
4 (52 5 2 174 204 83 ) 353.268
4 (23 4 0 120 120 28 ) 74.1902
4 (23 5 0 168 120 28 ) 265.705
4 (23 4 0 120 120 28 ) 74.1902
4 (104 4 2 174 204 56 ) 179.634
4 (104 4 2 174 204 72 ) 172.211
4 (23 4 0 120 120 28 ) 74.1902
4 (131 6 2 120 132 60 ) 4.78129e+08
4 (131 3 2 120 132 60 ) 5024.85
4 (23 4 0 120 120 28 ) 74.1902
4 (131 5 2 120 120 68 ) 742.228
4 (122 5 2 120 120 68 ) 711.409
4 (23 4 0 120 120 28 ) 74.1902
4 (104 5 2 174 120 68 ) 27911.6
4 (104 2 2 174 120 68 ) 23865.3
4 (23 4 0 120 120 28 ) 74.1902
4 (104 5 2 152 120 68 ) 482.984
4 (11 5 2 152 120 68 ) 437.308
4 (23 4 0 120 120 28 ) 74.1902
4 (131 5 2 174 204 68 ) 274.612
4 (23 4 0 120 120 28 ) 74.1902
4 (131 4 2 60 204 28 ) 22604.2
4 (131 4 2 60 204 28 ) 19549.9
4 (23 4 0 120 120 28 ) 74.1902
4 (131 5 0 120 48 68 ) 24112.3
4 (131 5 1 120 48 68 ) 665.339
4 (23 4 0 120 120 28 ) 74.1902
4 (52 0 2 60 204 60 ) 56763.1
4 (52 0 2 60 155 60 ) 684.61
4 (23 4 0 120 120 28 ) 74.1902
4 (104 4 1 156 132 68 ) 482.809
4 (144 4 1 156 132 68 ) 354.552
4 (23 4 0 120 120 28 ) 74.1902
4 (23 4 2 0 204 28 ) 25821.5
4 (166 4 2 0 204 28 ) 19329.2
4 (23 4 0 120 120 28 ) 74.1902
4 (104 6 2 168 204 28 ) 35990
4 (104 6 2 38 204 28 ) 13143.8
4 (23 4 0 120 120 28 ) 74.1902
4 (23 4 1 156 120 83 ) 36024
4 (23 4 1 124 120 83 ) 610.576
4 (23 4 0 120 120 28 ) 74.1902
4 (131 5 2 174 204 72 ) 389.901
4 (23 4 0 120 120 28 ) 74.1902
4 (52 0 0 60 204 83 ) 69600.9
4 (52 6 0 60 204 83 ) 2891.09
4 (23 4 0 120 120 28 ) 74.1902
4 (104 4 2 0 165 28 ) 31282
4 (104 4 2 47 165 28 ) 30442.5
4 (23 4 0 120 120 28 ) 74.1902
4 (104 4 2 60 165 28 ) 21844.8
4 (104 4 2 60 165 28 ) 913.138
4 (23 4 0 120 120 28 ) 74.1902
4 (104 5 2 174 204 68 ) 2105.65
4 (104 5 2 174 204 61 ) 790.684
4 (23 4 0 120 120 28 ) 74.1902
4 (131 4 2 174 189 72 ) 343.363
4 (131 4 2 220 189 72 ) 223.142
4 (23 4 0 120 120 28 ) 74.1902
4 (144 4 0 168 132 83 ) 1811.8
4 (144 1 0 168 132 83 ) 449.949
4 (23 4 0 120 120 28 ) 74.1902
4 (144 4 2 174 120 28 ) 1101.29
4 (95 4 2 174 120 28 ) 729.004
4 (23 4 0 120 120 28 ) 74.1902
4 (131 5 2 174 204 68 ) 375.97
4 (23 4 0 120 120 28 ) 74.1902
4 (104 0 0 168 120 68 ) 366.511
4 (23 4 0 120 120 28 ) 74.1902
4 (131 5 0 120 120 28 ) 567.465
4 (131 1 0 120 120 28 ) 558.491
4 (23 4 0 120 120 28 ) 74.1902
4 (104 5 2 168 204 28 ) 1.53378e+08
4 (104 5 0 168 204 28 ) 431.67
4 (23 4 0 120 120 28 ) 74.1902
4 (23 5 2 245 120 60 ) 222.78
4 (23 5 2 245 120 60 ) 87.2027
4 (23 4 0 120 120 28 ) 74.1902
4 (131 4 2 156 120 56 ) 15995.7
4 (131 4 2 229 120 56 ) 4922.93
4 (23 4 0 120 120 28 ) 74.1902
4 (131 0 2 168 120 72 ) 598.357
4 (131 0 2 168 120 21 ) 461.859
4 (23 4 0 120 120 28 ) 74.1902
4 (131 5 2 156 204 72 ) 79785.5
4 (131 3 2 156 204 72 ) 635.073
4 (23 4 0 120 120 28 ) 74.1902
4 (23 6 2 156 204 68 ) 3.06981e+07
4 (23 6 2 156 28 68 ) 944.098
4 (23 4 0 120 120 28 ) 74.1902
4 (104 6 0 168 134 60 ) 87169.7
4 (104 6 0 168 105 60 ) 517.162
4 (23 4 0 120 120 28 ) 74.1902
4 (104 5 0 168 134 68 ) 530.28
4 (104 5 2 168 134 68 ) 282.827
4 (23 4 0 120 120 28 ) 74.1902
4 (23 4 0 168 132 68 ) 105721
4 (23 4 0 169 132 68 ) 32720.7
4 (23 4 0 120 120 28 ) 74.1902
4 (23 4 0 245 204 56 ) 26706
4 (23 1 0 245 204 56 ) 413.403
4 (23 4 0 120 120 28 ) 74.1902
4 (23 5 2 220 204 68 ) 613.18
4 (119 5 2 220 204 68 ) 448.861
4 (23 4 0 120 120 28 ) 74.1902
4 (131 5 0 174 120 68 ) 311.71
4 (131 5 0 174 183 68 ) 165.985
4 (23 4 0 120 120 28 ) 74.1902
4 (23 0 2 152 204 83 ) 268.738
4 (23 0 2 152 139 83 ) 209.432
4 (23 4 0 120 120 28 ) 74.1902
4 (131 5 0 245 120 56 ) 674.029
4 (131 4 0 245 120 56 ) 588.639
4 (23 4 0 120 120 28 ) 74.1902
4 (23 5 2 168 204 56 ) 41754.7
4 (23 5 2 168 204 56 ) 433.374
4 (23 4 0 120 120 28 ) 74.1902
4 (23 5 2 120 120 72 ) 288.637
4 (23 4 0 120 120 28 ) 74.1902
4 (104 0 2 168 139 56 ) 818.647
4 (104 0 2 168 159 56 ) 351.211
4 (23 4 0 120 120 28 ) 74.1902
4 (52 4 2 36 159 28 ) 3371.76
4 (52 4 2 15 159 28 ) 494.845
4 (23 4 0 120 120 28 ) 74.1902
4 (23 4 2 120 204 68 ) 605.117
4 (23 4 2 106 204 68 ) 533.023
4 (23 4 0 120 120 28 ) 74.1902
4 (131 4 0 152 189 60 ) 1611.44
4 (132 4 0 152 189 60 ) 515.258
4 (23 4 0 120 120 28 ) 74.1902
4 (104 5 0 120 48 68 ) 33411.1
4 (104 5 0 120 241 68 ) 601.958
4 (23 4 0 120 120 28 ) 74.1902
4 (23 5 2 120 120 60 ) 1704.34
4 (23 5 0 120 120 60 ) 214.542
4 (23 4 0 120 120 28 ) 74.1902
4 (23 0 2 174 120 83 ) 27879.9
4 (23 0 2 174 128 83 ) 107.093
4 (23 4 0 120 120 28 ) 74.1902
4 (131 5 2 245 204 60 ) 56812.9
4 (131 5 2 245 204 45 ) 774.149
4 (23 4 0 120 120 28 ) 74.1902
4 (23 0 0 174 120 68 ) 22422.6
4 (23 0 1 174 120 68 ) 1895.88
4 (23 4 0 120 120 28 ) 74.1902
4 (104 5 0 120 183 28 ) 37888.9
4 (104 5 0 215 183 28 ) 19122.9
4 (23 4 0 120 120 28 ) 74.1902
4 (104 0 2 156 48 83 ) 311.236
4 (23 4 0 120 120 28 ) 74.1902
4 (23 0 2 168 204 83 ) 531.216
4 (23 0 2 168 36 83 ) 222.458
4 (23 4 0 120 120 28 ) 74.1902
4 (23 4 2 174 120 83 ) 530.999
4 (23 5 2 174 120 83 ) 284.069
4 (23 4 0 120 120 28 ) 74.1902
4 (23 0 0 174 120 68 ) 120.508
4 (23 0 0 174 120 17 ) 51.5822
4 (23 0 0 174 120 17 ) 51.5822
4 (23 5 0 120 120 56 ) 550.431
4 (23 5 0 120 120 72 ) 524.092
4 (23 0 0 174 120 17 ) 51.5822
4 (23 0 2 156 48 83 ) 558.292
4 (23 5 2 156 48 83 ) 244.639
4 (23 0 0 174 120 17 ) 51.5822
4 (23 4 2 168 120 83 ) 344.377
4 (23 4 0 168 120 83 ) 244.086
4 (23 0 0 174 120 17 ) 51.5822
4 (23 4 2 168 120 56 ) 1947.57
4 (23 4 2 246 120 56 ) 200.846
4 (23 0 0 174 120 17 ) 51.5822
4 (131 4 0 60 120 72 ) 39228.1
4 (131 4 0 232 120 72 ) 28489.9
4 (23 0 0 174 120 17 ) 51.5822
4 (131 5 2 120 120 28 ) 1368.82
4 (131 5 2 120 120 82 ) 218.271
4 (23 0 0 174 120 17 ) 51.5822
4 (23 5 2 120 36 60 ) 111.026
4 (23 5 2 61 36 60 ) 91.7427
4 (23 0 0 174 120 17 ) 51.5822
4 (131 5 0 120 120 28 ) 37541.9
4 (131 5 0 120 120 28 ) 220.03
4 (23 0 0 174 120 17 ) 51.5822
4 (23 0 2 174 120 83 ) 669.854
4 (23 0 2 174 85 83 ) 424.133
4 (23 0 0 174 120 17 ) 51.5822
4 (23 0 2 174 183 56 ) 167.322
4 (23 0 0 174 120 17 ) 51.5822
4 (23 5 0 120 139 56 ) 536.031
4 (23 5 0 120 139 56 ) 333.307
4 (23 0 0 174 120 17 ) 51.5822
4 (23 5 2 61 120 68 ) 1871.38
4 (23 4 2 61 120 68 ) 176.763
4 (23 0 0 174 120 17 ) 51.5822
4 (104 0 0 120 165 72 ) 228.696
4 (23 0 0 174 120 17 ) 51.5822
4 (23 0 0 174 204 60 ) 323.907
4 (23 0 0 174 204 76 ) 219.929
4 (23 0 0 174 120 17 ) 51.5822
4 (23 5 0 245 128 68 ) 553.664
4 (23 1 0 245 128 68 ) 234.954
4 (23 0 0 174 120 17 ) 51.5822
4 (23 4 0 174 139 68 ) 55963.8
4 (23 4 0 174 76 68 ) 37404.9
4 (23 0 0 174 120 17 ) 51.5822
4 (23 4 2 174 165 83 ) 406.486
4 (23 4 2 174 165 83 ) 333.805
4 (23 0 0 174 120 17 ) 51.5822
4 (23 0 0 61 120 68 ) 24999.1
4 (23 0 0 61 50 68 ) 1737.7
4 (23 0 0 174 120 17 ) 51.5822
4 (23 5 0 120 120 56 ) 479.273
4 (23 0 0 120 120 56 ) 225.696
4 (23 0 0 174 120 17 ) 51.5822
4 (104 5 2 120 189 60 ) 35746.3
4 (104 5 2 120 189 18 ) 4544.44
4 (23 0 0 174 120 17 ) 51.5822
4 (23 4 2 168 36 60 ) 232.969
4 (23 0 0 174 120 17 ) 51.5822
4 (23 5 0 174 120 60 ) 4892
4 (23 5 1 174 120 60 ) 396.345
4 (23 0 0 174 120 17 ) 51.5822
4 (23 5 2 174 120 56 ) 2008.22
4 (23 5 2 48 120 56 ) 678.219
4 (23 0 0 174 120 17 ) 51.5822
4 (23 4 2 120 48 28 ) 16797.1
4 (23 4 2 120 48 28 ) 651.695
4 (23 0 0 174 120 17 ) 51.5822
4 (23 0 2 152 48 83 ) 234.458
4 (23 0 0 174 120 17 ) 51.5822
4 (23 4 0 120 204 56 ) 240.982
4 (23 4 0 120 212 56 ) 226.098
4 (23 0 0 174 120 17 ) 51.5822
4 (131 0 2 120 183 68 ) 591.455
4 (131 0 2 120 183 88 ) 252.105
4 (23 0 0 174 120 17 ) 51.5822
4 (23 0 2 174 120 68 ) 80.7283
4 (23 0 0 174 120 17 ) 51.5822
4 (104 0 0 174 189 17 ) 65268.3
4 (104 0 0 242 189 17 ) 44083.6
4 (23 0 0 174 120 17 ) 51.5822
4 (23 5 2 174 120 60 ) 33265.1
4 (141 5 2 174 120 60 ) 4373.37
4 (23 0 0 174 120 17 ) 51.5822
4 (23 5 2 168 120 60 ) 45772.6
4 (23 4 2 168 120 60 ) 354.994
4 (23 0 0 174 120 17 ) 51.5822
4 (131 4 0 174 204 68 ) 34313.9
4 (131 4 1 174 204 68 ) 15138.9
4 (23 0 0 174 120 17 ) 51.5822
4 (23 4 2 174 183 17 ) 12583
4 (23 4 0 174 183 17 ) 1842.91
4 (23 0 0 174 120 17 ) 51.5822
4 (23 5 2 174 120 56 ) 226.637
4 (23 0 0 174 120 17 ) 51.5822
4 (23 4 2 174 120 17 ) 13100.1
4 (77 4 2 174 120 17 ) 2793.93
4 (23 0 0 174 120 17 ) 51.5822
4 (77 5 2 174 120 83 ) 266.464
4 (34 5 2 174 120 83 ) 200.83
4 (23 0 0 174 120 17 ) 51.5822
4 (23 0 2 60 165 28 ) 35029.4
4 (23 0 2 249 165 28 ) 154.871
4 (23 0 0 174 120 17 ) 51.5822
4 (23 4 2 174 36 60 ) 48380.4
4 (23 5 2 174 36 60 ) 72.9385
4 (23 0 0 174 120 17 ) 51.5822
4 (23 5 2 120 36 60 ) 42361.9
4 (23 5 2 120 36 9 ) 641.13
4 (23 0 0 174 120 17 ) 51.5822
4 (23 0 2 60 204 28 ) 288.462
4 (88 0 2 60 204 28 ) 123.3
4 (23 0 0 174 120 17 ) 51.5822
4 (23 0 2 120 132 68 ) 38238.4
4 (23 0 2 120 132 4 ) 898.459
4 (23 0 0 174 120 17 ) 51.5822
4 (23 0 2 245 120 60 ) 35505.7
4 (23 3 2 245 120 60 ) 26306.1
4 (23 0 0 174 120 17 ) 51.5822
4 (131 3 2 174 128 60 ) 584.821
4 (23 0 0 174 120 17 ) 51.5822
4 (23 4 0 174 36 60 ) 326.732
4 (23 4 0 224 36 60 ) 176.005
4 (23 0 0 174 120 17 ) 51.5822
4 (23 5 2 174 36 28 ) 101729
4 (23 0 2 174 36 28 ) 470.742
4 (23 0 0 174 120 17 ) 51.5822
4 (23 5 2 174 36 68 ) 498.951
4 (29 5 2 174 36 68 ) 269.047
4 (23 0 0 174 120 17 ) 51.5822
4 (88 5 2 174 36 60 ) 8.19108e+06
4 (88 5 1 174 36 60 ) 456.982
4 (23 0 0 174 120 17 ) 51.5822
4 (131 5 2 174 165 83 ) 37977.6
4 (131 5 2 174 165 83 ) 27775.9
4 (23 0 0 174 120 17 ) 51.5822
4 (23 0 2 60 128 56 ) 53637.7
4 (23 0 2 60 128 55 ) 600.193
4 (23 0 0 174 120 17 ) 51.5822
4 (23 0 2 245 120 60 ) 20581.1
4 (23 0 0 245 120 60 ) 439.842
4 (23 0 0 174 120 17 ) 51.5822
4 (23 0 0 174 204 83 ) 97007.5
4 (23 0 2 174 204 83 ) 270.77
4 (23 0 0 174 120 17 ) 51.5822
4 (23 0 0 174 204 72 ) 35063.1
4 (23 4 0 174 204 72 ) 24729.2
4 (23 0 0 174 120 17 ) 51.5822
4 (23 5 2 174 204 60 ) 78.2189
4 (23 5 2 174 204 1 ) 58.9529
4 (23 0 0 174 120 17 ) 51.5822
4 (23 5 2 174 204 17 ) 2103.39
4 (23 5 0 174 204 17 ) 1558.21
4 (23 0 0 174 120 17 ) 51.5822
4 (23 0 2 120 165 28 ) 36994.7
4 (60 0 2 120 165 28 ) 1370.95
4 (23 0 0 174 120 17 ) 51.5822
4 (23 0 0 61 120 83 ) 155.906
4 (23 0 0 174 120 17 ) 51.5822
4 (23 0 2 174 120 17 ) 654.28
4 (23 0 2 174 226 17 ) 509.196
4 (23 0 0 174 120 17 ) 51.5822
4 (131 5 2 174 183 60 ) 2263.72
4 (23 0 0 174 120 17 ) 51.5822
4 (23 0 2 174 204 60 ) 19096.5
4 (23 3 2 174 204 60 ) 3350.6
4 (23 0 0 174 120 17 ) 51.5822
4 (88 0 2 60 132 60 ) 17599.6
4 (64 0 2 60 132 60 ) 15709.9
4 (23 0 0 174 120 17 ) 51.5822
4 (23 4 2 120 204 60 ) 100490
4 (23 4 2 120 58 60 ) 47776.5
4 (23 0 0 174 120 17 ) 51.5822
4 (23 5 2 249 36 83 ) 124.55
4 (23 0 0 174 120 17 ) 51.5822
4 (23 5 2 174 128 1 ) 629.731
4 (23 2 2 174 128 1 ) 624.928
4 (23 0 0 174 120 17 ) 51.5822
4 (23 5 0 245 189 68 ) 50062.4
4 (39 5 0 245 189 68 ) 444.637
4 (23 0 0 174 120 17 ) 51.5822
4 (131 5 0 249 120 28 ) 599.792
4 (131 5 0 140 120 28 ) 58.3649
4 (23 0 0 174 120 17 ) 51.5822
4 (23 4 2 174 36 60 ) 300.25
4 (23 0 0 174 120 17 ) 51.5822
4 (131 5 2 174 120 28 ) 6.36133e+08
4 (131 5 2 174 120 28 ) 23482.6
4 (23 0 0 174 120 17 ) 51.5822
4 (23 5 2 120 120 68 ) 585.594
4 (23 5 1 120 120 68 ) 367.01
4 (23 0 0 174 120 17 ) 51.5822
4 (23 5 2 120 36 83 ) 1776.64
4 (65 5 2 120 36 83 ) 363.941
4 (23 0 0 174 120 17 ) 51.5822
4 (23 5 2 174 204 83 ) 227.143
4 (23 0 0 174 120 17 ) 51.5822
4 (131 5 2 174 36 68 ) 877.534
4 (131 5 2 174 168 68 ) 613.549
4 (23 0 0 174 120 17 ) 51.5822
4 (23 0 2 174 128 68 ) 58678.6
4 (23 0 2 174 238 68 ) 856.364
4 (23 0 0 174 120 17 ) 51.5822
4 (23 5 0 174 36 60 ) 36282.5
4 (23 5 0 174 75 60 ) 540.365
4 (23 0 0 174 120 17 ) 51.5822
4 (23 4 0 174 165 28 ) 317.298
4 (23 2 0 174 165 28 ) 157.417
4 (23 0 0 174 120 17 ) 51.5822
4 (23 5 0 249 120 83 ) 662.356
4 (23 5 0 249 120 83 ) 401.25
4 (23 0 0 174 120 17 ) 51.5822
4 (23 0 2 174 36 60 ) 907.064
4 (23 0 1 174 36 60 ) 290.606
4 (23 0 0 174 120 17 ) 51.5822
4 (23 0 2 174 36 17 ) 35743.2
4 (23 0 2 127 36 17 ) 648.762
4 (23 0 0 174 120 17 ) 51.5822
4 (23 0 2 60 36 68 ) 456.112
4 (23 0 1 60 36 68 ) 434.519
4 (23 0 0 174 120 17 ) 51.5822
4 (23 4 2 61 165 83 ) 275.414
4 (23 4 2 61 110 83 ) 156.961
4 (23 0 0 174 120 17 ) 51.5822
4 (23 5 0 174 204 28 ) 30846.3
4 (23 5 2 174 204 28 ) 16030.7
4 (23 0 0 174 120 17 ) 51.5822
4 (23 5 0 174 204 68 ) 329.057
4 (23 5 0 174 136 68 ) 233.744
4 (23 0 0 174 120 17 ) 51.5822
4 (23 5 0 249 36 60 ) 28381.2
4 (183 5 0 249 36 60 ) 698.647
4 (23 0 0 174 120 17 ) 51.5822
4 (23 5 0 174 120 68 ) 414.057
4 (23 5 0 174 118 68 ) 283.349
4 (23 0 0 174 120 17 ) 51.5822
4 (23 4 2 174 36 28 ) 29578.3
4 (23 4 2 174 36 36 ) 551.47
4 (23 0 0 174 120 17 ) 51.5822
4 (131 4 2 174 120 68 ) 19625.4
4 (131 4 2 174 120 17 ) 3859.95
4 (23 0 0 174 120 17 ) 51.5822
4 (131 4 2 120 204 1 ) 376.131
4 (23 0 0 174 120 17 ) 51.5822
4 (88 0 0 61 120 28 ) 622.075
4 (88 0 0 61 120 42 ) 335.207
4 (23 0 0 174 120 17 ) 51.5822
4 (88 5 0 140 120 28 ) 1927.02
4 (39 5 0 140 120 28 ) 1911.55
4 (23 0 0 174 120 17 ) 51.5822
4 (23 5 2 120 204 28 ) 2085.81
4 (23 5 0 120 204 28 ) 247.779
4 (23 0 0 174 120 17 ) 51.5822
4 (23 5 2 249 120 83 ) 1577.28
4 (199 5 2 249 120 83 ) 546.84
4 (23 0 0 174 120 17 ) 51.5822
4 (23 5 2 61 120 83 ) 854.567
4 (23 5 2 61 20 83 ) 598.836
4 (23 0 0 174 120 17 ) 51.5822
4 (131 4 0 140 36 17 ) 1.95353e+07
4 (131 4 0 140 106 17 ) 24508.5
4 (23 0 0 174 120 17 ) 51.5822
4 (23 5 2 120 36 28 ) 26051.5
4 (32 5 2 120 36 28 ) 563.059
4 (23 0 0 174 120 17 ) 51.5822
4 (23 5 2 249 36 28 ) 16976.1
4 (23 5 2 249 36 23 ) 13785.9
4 (23 0 0 174 120 17 ) 51.5822
4 (23 5 2 140 204 60 ) 522.062
4 (23 5 2 140 240 60 ) 466.474
4 (23 0 0 174 120 17 ) 51.5822
4 (23 0 2 174 120 83 ) 32336.6
4 (23 0 0 174 120 83 ) 348.364
4 (23 0 0 174 120 17 ) 51.5822
4 (23 0 2 174 120 17 ) 13267.3
4 (183 0 2 174 120 17 ) 688.173
4 (23 0 0 174 120 17 ) 51.5822
4 (23 0 0 120 120 68 ) 62134
4 (29 0 0 120 120 68 ) 629.838
4 (23 0 0 174 120 17 ) 51.5822
4 (131 5 2 174 204 83 ) 660.424
4 (131 5 2 174 245 83 ) 259.044
4 (23 0 0 174 120 17 ) 51.5822
4 (23 5 2 120 204 83 ) 629.819
4 (61 5 2 120 204 83 ) 335.021
4 (23 0 0 174 120 17 ) 51.5822
4 (23 0 2 120 165 28 ) 782.041
4 (23 0 0 174 120 17 ) 51.5822
4 (61 5 2 61 36 1 ) 13830.8
4 (61 5 2 87 36 1 ) 485.597
4 (23 0 0 174 120 17 ) 51.5822
4 (131 5 2 174 204 68 ) 322.364
4 (23 0 0 174 120 17 ) 51.5822
4 (88 5 2 120 36 83 ) 4974.58
4 (88 5 2 120 36 27 ) 732.353
4 (23 0 0 174 120 17 ) 51.5822
4 (23 0 2 61 36 17 ) 567.737
4 (23 0 2 61 194 17 ) 554.343
4 (23 0 0 174 120 17 ) 51.5822
4 (23 5 0 174 120 60 ) 1765.16
4 (23 5 1 174 120 60 ) 277.321
4 (23 0 0 174 120 17 ) 51.5822
4 (23 5 2 60 132 83 ) 1871.46
4 (23 5 0 60 132 83 ) 872.237
4 (23 0 0 174 120 17 ) 51.5822
4 (23 5 2 245 128 68 ) 439.094
4 (173 5 2 245 128 68 ) 216.436
4 (23 0 0 174 120 17 ) 51.5822
4 (131 5 0 60 36 60 ) 288.001
4 (131 5 0 24 36 60 ) 242.004
4 (23 0 0 174 120 17 ) 51.5822
4 (131 0 2 120 165 17 ) 705.738
4 (6 0 2 120 165 17 ) 357.229
4 (23 0 0 174 120 17 ) 51.5822
4 (23 5 2 120 128 60 ) 496.846
4 (41 5 2 120 128 60 ) 423.864
4 (23 0 0 174 120 17 ) 51.5822
4 (23 5 2 61 132 60 ) 45862.9
4 (58 5 2 61 132 60 ) 41485.6
4 (23 0 0 174 120 17 ) 51.5822
4 (23 5 2 61 36 28 ) 2057.81
4 (23 5 2 80 36 28 ) 566.974
4 (23 0 0 174 120 17 ) 51.5822
4 (23 5 2 61 128 60 ) 308.788
4 (74 5 2 61 128 60 ) 297.518
4 (23 0 0 174 120 17 ) 51.5822
4 (23 0 2 174 120 68 ) 309.885
4 (23 0 2 174 240 68 ) 200.566
4 (23 0 0 174 120 17 ) 51.5822
4 (23 0 2 120 204 60 ) 494.805
4 (23 0 2 34 204 60 ) 275.835
4 (23 0 0 174 120 17 ) 51.5822
4 (23 5 2 174 120 28 ) 38346
4 (23 4 2 174 120 28 ) 2075.26
4 (23 0 0 174 120 17 ) 51.5822
4 (23 5 0 61 120 60 ) 19500.3
4 (23 5 2 61 120 60 ) 335.601
4 (23 0 0 174 120 17 ) 51.5822
4 (23 0 2 174 36 68 ) 41631.7
4 (149 0 2 174 36 68 ) 4556.25
4 (23 0 0 174 120 17 ) 51.5822
4 (23 0 0 174 165 28 ) 1844.65
4 (185 0 0 174 165 28 ) 269.742
4 (23 0 0 174 120 17 ) 51.5822
4 (23 0 2 174 36 28 ) 295.707
4 (23 0 0 174 120 17 ) 51.5822
4 (23 5 0 174 36 28 ) 45521.5
4 (23 5 0 174 185 28 ) 1933.9
4 (23 0 0 174 120 17 ) 51.5822
4 (23 0 2 249 120 28 ) 294.03
4 (23 0 2 249 120 69 ) 266.726
4 (23 0 0 174 120 17 ) 51.5822
4 (23 5 2 174 120 60 ) 442.853
4 (23 5 2 133 120 60 ) 396.101
4 (23 0 0 174 120 17 ) 51.5822
4 (23 0 0 174 120 83 ) 431.975
4 (86 0 0 174 120 83 ) 288.606
4 (23 0 0 174 120 17 ) 51.5822
4 (23 4 0 249 120 68 ) 368.353
4 (23 4 0 249 120 68 ) 357.884
4 (23 0 0 174 120 17 ) 51.5822
4 (23 5 2 249 120 28 ) 24226.8
4 (83 5 2 249 120 28 ) 23659.8
4 (23 0 0 174 120 17 ) 51.5822
4 (23 5 0 61 120 68 ) 347.014
4 (23 5 0 61 120 68 ) 345.834
4 (23 0 0 174 120 17 ) 51.5822
4 (88 5 0 140 120 1 ) 24173.2
4 (88 5 1 140 120 1 ) 938.559
4 (23 0 0 174 120 17 ) 51.5822
4 (88 0 0 174 189 68 ) 271.482
4 (88 0 0 195 189 68 ) 254.209
4 (23 0 0 174 120 17 ) 51.5822
4 (23 0 0 174 120 1 ) 1687.35
4 (23 0 0 174 120 18 ) 557.384
4 (23 0 0 174 120 17 ) 51.5822
4 (23 0 2 174 120 60 ) 2274.04
4 (23 0 0 174 120 60 ) 338.885
4 (23 0 0 174 120 17 ) 51.5822
4 (131 5 2 120 132 28 ) 96889.3
4 (131 5 2 120 132 28 ) 72348.8
4 (23 0 0 174 120 17 ) 51.5822
4 (131 5 2 60 132 83 ) 39294.6
4 (131 5 1 60 132 83 ) 15988.5
4 (23 0 0 174 120 17 ) 51.5822
4 (23 0 2 174 120 68 ) 138.654
4 (23 0 0 174 120 17 ) 51.5822
4 (23 5 0 140 120 60 ) 34185.2
4 (23 5 0 248 120 60 ) 256.585
4 (23 0 0 174 120 17 ) 51.5822
4 (23 0 0 249 189 68 ) 60568.4
4 (23 0 0 249 189 68 ) 54142
4 (23 0 0 174 120 17 ) 51.5822
4 (23 0 2 174 189 83 ) 795.791
4 (23 3 2 174 189 83 ) 436.42
4 (23 0 0 174 120 17 ) 51.5822
4 (23 5 2 60 36 60 ) 264.46
4 (36 5 2 60 36 60 ) 246.238
4 (23 0 0 174 120 17 ) 51.5822
4 (88 0 2 174 120 83 ) 738.242
4 (88 0 2 0 120 83 ) 516.94
4 (23 0 0 174 120 17 ) 51.5822
4 (23 4 2 249 120 60 ) 31410.5
4 (23 4 2 138 120 60 ) 346.679
4 (23 0 0 174 120 17 ) 51.5822
4 (131 0 2 140 120 17 ) 5.23986e+07
4 (131 0 2 140 120 22 ) 4353.24
4 (23 0 0 174 120 17 ) 51.5822
4 (131 5 2 174 36 60 ) 28386.3
4 (48 5 2 174 36 60 ) 504.738
4 (23 0 0 174 120 17 ) 51.5822
4 (23 5 2 140 120 68 ) 429.285
4 (23 5 2 221 120 68 ) 390.435
4 (23 0 0 174 120 17 ) 51.5822
4 (23 0 2 174 189 60 ) 456.769
4 (23 2 2 174 189 60 ) 444.204
4 (23 0 0 174 120 17 ) 51.5822
4 (23 0 0 140 36 68 ) 357.353
4 (23 0 0 166 36 68 ) 150.52
4 (23 0 0 174 120 17 ) 51.5822
4 (23 5 0 120 204 68 ) 33990.1
4 (23 5 0 201 204 68 ) 369.141
4 (23 0 0 174 120 17 ) 51.5822
4 (23 5 2 174 36 83 ) 510.832
4 (23 5 2 174 181 83 ) 138.978
4 (23 0 0 174 120 17 ) 51.5822
4 (23 0 0 249 132 68 ) 452.183
4 (125 0 0 249 132 68 ) 159.855
4 (23 0 0 174 120 17 ) 51.5822
4 (23 0 2 120 204 60 ) 777.517
4 (23 1 2 120 204 60 ) 340.489
4 (23 0 0 174 120 17 ) 51.5822
4 (23 5 2 60 36 60 ) 21809
4 (23 5 2 28 36 60 ) 129
4 (23 0 0 174 120 17 ) 51.5822
4 (23 5 2 245 204 68 ) 1986.77
4 (23 5 2 245 204 31 ) 576.981
4 (23 0 0 174 120 17 ) 51.5822
4 (23 5 2 60 120 68 ) 228.879
4 (23 0 2 60 120 68 ) 214.308
4 (23 0 0 174 120 17 ) 51.5822
4 (23 5 0 174 120 83 ) 376.768
4 (11 5 0 174 120 83 ) 375.807
4 (23 0 0 174 120 17 ) 51.5822
4 (23 5 2 174 120 68 ) 374.92
4 (23 5 2 174 120 60 ) 147.782
4 (23 0 0 174 120 17 ) 51.5822
4 (23 5 2 174 36 83 ) 586.618
4 (13 5 2 174 36 83 ) 435.476
4 (23 0 0 174 120 17 ) 51.5822
4 (13 5 0 61 36 60 ) 356.015
4 (13 5 0 19 36 60 ) 119.079
4 (23 0 0 174 120 17 ) 51.5822
4 (23 0 0 174 204 68 ) 266.166
4 (26 0 0 174 204 68 ) 195.683
4 (23 0 0 174 120 17 ) 51.5822
4 (26 0 2 174 36 1 ) 20407.8
4 (26 0 2 174 243 1 ) 415.596
4 (23 0 0 174 120 17 ) 51.5822
4 (23 5 0 245 36 28 ) 69806.9
4 (23 5 0 101 36 28 ) 5045.99
4 (23 0 0 174 120 17 ) 51.5822
5 (50 2 1 36 216 36 ) 130.755
5 (95 6 1 156 96 56 ) 6.63756e+07
5 (95 6 1 222 96 56 ) 54991.1
5 (50 2 1 36 216 36 ) 130.755
5 (95 1 1 144 0 52 ) 693.883
5 (95 1 1 144 200 52 ) 606.065
5 (50 2 1 36 216 36 ) 130.755
5 (122 6 0 180 144 64 ) 69852.6
5 (122 6 0 102 144 64 ) 441.118
5 (50 2 1 36 216 36 ) 130.755
5 (113 1 1 96 180 12 ) 3.74392e+08
5 (113 0 1 96 180 12 ) 7560.58
5 (50 2 1 36 216 36 ) 130.755
5 (200 6 1 144 144 36 ) 7.05172e+08
5 (200 6 1 144 144 80 ) 7.00823e+06
5 (50 2 1 36 216 36 ) 130.755
5 (200 5 2 204 132 28 ) 1.31199e+09
5 (200 5 2 204 132 10 ) 1.69328e+07
5 (50 2 1 36 216 36 ) 130.755
5 (23 0 2 204 192 52 ) 1978.27
5 (18 0 2 204 192 52 ) 759.596
5 (50 2 1 36 216 36 ) 130.755
5 (113 4 1 102 200 24 ) 18727.2
5 (118 4 1 102 200 24 ) 2929.66
5 (50 2 1 36 216 36 ) 130.755
5 (5 6 2 144 216 56 ) 21607
5 (5 6 2 144 166 56 ) 15619.5
5 (50 2 1 36 216 36 ) 130.755
5 (50 4 1 144 216 8 ) 13652
5 (50 4 1 161 216 8 ) 954.573
5 (50 2 1 36 216 36 ) 130.755
5 (23 6 0 156 12 64 ) 248464
5 (194 6 0 156 12 64 ) 3745.02
5 (50 2 1 36 216 36 ) 130.755
5 (122 6 1 204 192 28 ) 92581.6
5 (81 6 1 204 192 28 ) 907.623
5 (50 2 1 36 216 36 ) 130.755
5 (118 1 0 156 48 52 ) 1971.65
5 (118 1 0 84 48 52 ) 387.5
5 (50 2 1 36 216 36 ) 130.755
5 (50 1 0 108 12 48 ) 526.163
5 (50 1 0 108 12 90 ) 440.234
5 (50 2 1 36 216 36 ) 130.755
5 (118 1 1 120 216 52 ) 1799.69
5 (118 1 2 120 216 52 ) 395.938
5 (50 2 1 36 216 36 ) 130.755
5 (95 4 0 161 48 64 ) 39800.1
5 (95 4 0 161 48 82 ) 68.2616
5 (95 4 0 161 48 82 ) 68.2616
5 (95 4 0 108 12 8 ) 2.99297e+07
5 (95 4 0 78 12 8 ) 319.855
5 (95 4 0 161 48 82 ) 68.2616
5 (95 1 1 161 216 52 ) 1941.97
5 (95 1 1 161 216 52 ) 240.03
5 (95 4 0 161 48 82 ) 68.2616
5 (118 4 0 120 12 52 ) 1885.51
5 (118 4 0 120 12 72 ) 182.736
5 (95 4 0 161 48 82 ) 68.2616
5 (118 4 2 216 48 56 ) 26653.8
5 (10 4 2 216 48 56 ) 496.351
5 (95 4 0 161 48 82 ) 68.2616
5 (122 1 0 204 144 48 ) 26088.6
5 (47 1 0 204 144 48 ) 1928.04
5 (95 4 0 161 48 82 ) 68.2616
5 (10 6 0 204 36 82 ) 471.797
5 (10 6 0 250 36 82 ) 410.289
5 (95 4 0 161 48 82 ) 68.2616
5 (5 4 0 36 144 82 ) 603.638
5 (5 4 0 227 144 82 ) 506.133
5 (95 4 0 161 48 82 ) 68.2616
5 (50 1 0 120 12 36 ) 5.21062e+06
5 (22 1 0 120 12 36 ) 1767.73
5 (95 4 0 161 48 82 ) 68.2616
5 (95 1 2 108 12 56 ) 68012.1
5 (95 1 2 108 12 34 ) 3074.63
5 (95 4 0 161 48 82 ) 68.2616
5 (50 6 0 216 144 8 ) 1.69791e+07
5 (44 6 0 216 144 8 ) 741.685
5 (95 4 0 161 48 82 ) 68.2616
5 (10 4 1 36 12 52 ) 477.331
5 (10 4 1 36 12 5 ) 114.383
5 (95 4 0 161 48 82 ) 68.2616
5 (50 4 1 108 48 56 ) 338.628
5 (95 4 0 161 48 82 ) 68.2616
5 (95 2 0 108 12 5 ) 7.91899e+08
5 (95 3 0 108 12 5 ) 34403
5 (95 4 0 161 48 82 ) 68.2616
5 (95 6 0 216 12 64 ) 2.12203e+07
5 (95 6 0 216 160 64 ) 2845.26
5 (95 4 0 161 48 82 ) 68.2616
5 (95 6 0 108 144 52 ) 4.06611e+06
5 (95 2 0 108 144 52 ) 23524
5 (95 4 0 161 48 82 ) 68.2616
5 (118 4 1 36 12 56 ) 580.319
5 (118 4 1 202 12 56 ) 514.638
5 (95 4 0 161 48 82 ) 68.2616
5 (5 4 0 36 48 56 ) 1988.95
5 (5 6 0 36 48 56 ) 1988.79
5 (95 4 0 161 48 82 ) 68.2616
5 (10 1 1 250 48 5 ) 539.711
5 (10 1 1 250 48 60 ) 416.757
5 (95 4 0 161 48 82 ) 68.2616
5 (10 2 1 120 48 72 ) 1741.83
5 (94 2 1 120 48 72 ) 741.033
5 (95 4 0 161 48 82 ) 68.2616
5 (95 2 1 36 48 90 ) 585.498
5 (111 2 1 36 48 90 ) 396.203
5 (95 4 0 161 48 82 ) 68.2616
5 (118 2 0 36 48 56 ) 1447.78
5 (118 5 0 36 48 56 ) 238.448
5 (95 4 0 161 48 82 ) 68.2616
5 (122 2 1 216 144 82 ) 425.348
5 (95 4 0 161 48 82 ) 68.2616
5 (10 1 0 161 48 52 ) 468.904
5 (95 4 0 161 48 82 ) 68.2616
5 (10 1 0 161 48 82 ) 1645.65
5 (10 1 0 161 179 82 ) 289.646
5 (95 4 0 161 48 82 ) 68.2616
5 (10 1 0 161 12 52 ) 34019.4
5 (10 1 0 161 212 52 ) 725.065
5 (95 4 0 161 48 82 ) 68.2616
5 (95 4 0 84 48 52 ) 593.407
5 (95 4 0 84 48 52 ) 313.255
5 (95 4 0 161 48 82 ) 68.2616
5 (95 4 1 36 12 72 ) 422.607
5 (95 4 0 161 48 82 ) 68.2616
5 (95 5 0 161 12 72 ) 499.932
5 (95 5 2 161 12 72 ) 206.312
5 (95 4 0 161 48 82 ) 68.2616
5 (10 4 0 78 12 52 ) 1925.58
5 (10 4 0 218 12 52 ) 489.648
5 (95 4 0 161 48 82 ) 68.2616
5 (5 4 1 161 48 36 ) 367.286
5 (5 4 1 161 22 36 ) 19.82
5 (5 4 1 161 22 36 ) 19.82
5 (118 1 1 161 216 72 ) 56.0757
5 (5 4 1 161 22 36 ) 19.82
5 (95 2 0 161 216 82 ) 42357.7
5 (95 2 0 161 216 82 ) 564.702
5 (5 4 1 161 22 36 ) 19.82
5 (50 4 0 161 48 8 ) 3196.91
5 (50 4 0 161 48 8 ) 293.093
5 (5 4 1 161 22 36 ) 19.82
5 (95 2 2 161 179 36 ) 274.627
5 (5 4 1 161 22 36 ) 19.82
5 (95 0 1 161 48 8 ) 250.303
5 (5 4 1 161 22 36 ) 19.82
5 (50 4 0 108 22 8 ) 9.86657e+08
5 (23 4 0 108 22 8 ) 8.66679e+06
5 (5 4 1 161 22 36 ) 19.82
5 (95 1 0 161 22 8 ) 549330
5 (152 1 0 161 22 8 ) 23736.2
5 (5 4 1 161 22 36 ) 19.82
5 (95 5 0 216 216 56 ) 331.599
5 (95 5 0 216 216 50 ) 163.385
5 (5 4 1 161 22 36 ) 19.82
5 (50 0 0 161 179 50 ) 638.396
5 (50 0 0 161 179 50 ) 340.648
5 (5 4 1 161 22 36 ) 19.82
5 (10 4 1 161 179 82 ) 1696.27
5 (51 4 1 161 179 82 ) 755.469
5 (5 4 1 161 22 36 ) 19.82
5 (95 1 0 161 48 36 ) 798.294
5 (95 1 0 161 48 36 ) 633.454
5 (5 4 1 161 22 36 ) 19.82
5 (95 2 1 161 48 82 ) 19785.8
5 (95 4 1 161 48 82 ) 790.254
5 (5 4 1 161 22 36 ) 19.82
5 (95 5 1 161 48 72 ) 40281
5 (95 4 1 161 48 72 ) 678.581
5 (5 4 1 161 22 36 ) 19.82
5 (95 4 0 161 179 36 ) 331.495
5 (5 4 1 161 22 36 ) 19.82
5 (118 4 2 216 48 56 ) 2206.03
5 (118 4 2 216 177 56 ) 594.06
5 (5 4 1 161 22 36 ) 19.82
5 (95 5 0 36 216 52 ) 430.507
5 (95 5 0 44 216 52 ) 400.494
5 (5 4 1 161 22 36 ) 19.82
5 (118 2 0 216 12 82 ) 736.263
5 (116 2 0 216 12 82 ) 720.332
5 (5 4 1 161 22 36 ) 19.82
5 (10 4 0 120 22 52 ) 398.627
5 (184 4 0 120 22 52 ) 308.585
5 (5 4 1 161 22 36 ) 19.82
5 (118 4 0 120 12 36 ) 4.62164e+08
5 (118 4 0 120 12 25 ) 573.159
5 (5 4 1 161 22 36 ) 19.82
5 (95 4 1 161 22 8 ) 11264.4
5 (95 4 0 161 22 8 ) 234.357
5 (5 4 1 161 22 36 ) 19.82
5 (184 4 0 161 12 36 ) 6544.4
5 (184 4 0 161 12 36 ) 5277.33
5 (5 4 1 161 22 36 ) 19.82
5 (118 4 1 216 179 52 ) 18452
5 (118 4 1 216 35 52 ) 390.688
5 (5 4 1 161 22 36 ) 19.82
5 (95 1 0 161 216 52 ) 319.097
5 (95 1 1 161 216 52 ) 215.198
5 (5 4 1 161 22 36 ) 19.82
5 (95 4 1 161 22 72 ) 190.06
5 (95 1 1 161 22 72 ) 155.682
5 (5 4 1 161 22 36 ) 19.82
5 (95 0 0 216 12 82 ) 36323.4
5 (95 5 0 216 12 82 ) 114.261
5 (5 4 1 161 22 36 ) 19.82
5 (95 1 2 161 48 72 ) 21793.6
5 (95 4 2 161 48 72 ) 646.417
5 (5 4 1 161 22 36 ) 19.82
5 (50 4 1 161 216 82 ) 2014.41
5 (50 4 2 161 216 82 ) 508.545
5 (5 4 1 161 22 36 ) 19.82
5 (50 4 1 216 22 72 ) 15658.9
5 (50 6 1 216 22 72 ) 10411.2
5 (5 4 1 161 22 36 ) 19.82
5 (95 1 0 161 12 82 ) 103272
5 (95 4 0 161 12 82 ) 40207.9
5 (5 4 1 161 22 36 ) 19.82
5 (95 1 1 161 22 36 ) 5090.01
5 (95 3 1 161 22 36 ) 3017.62
5 (5 4 1 161 22 36 ) 19.82
5 (95 2 2 120 48 82 ) 61122.4
5 (95 4 2 120 48 82 ) 301.794
5 (5 4 1 161 22 36 ) 19.82
5 (95 2 1 216 48 72 ) 85.253
5 (5 4 1 161 22 36 ) 19.82
5 (95 5 0 36 12 82 ) 3602.21
5 (95 5 0 36 12 54 ) 931.055
5 (5 4 1 161 22 36 ) 19.82
5 (95 5 0 161 22 72 ) 79015.3
5 (95 5 0 161 22 9 ) 41778.5
5 (5 4 1 161 22 36 ) 19.82
5 (95 5 1 216 12 36 ) 506.498
5 (95 5 1 216 12 83 ) 473.144
5 (5 4 1 161 22 36 ) 19.82
5 (95 2 1 161 216 50 ) 26978.4
5 (95 2 1 161 85 50 ) 14934.7
5 (5 4 1 161 22 36 ) 19.82
5 (95 2 1 161 12 52 ) 7.02364e+06
5 (95 2 1 161 12 52 ) 1862.62
5 (5 4 1 161 22 36 ) 19.82
5 (95 2 1 36 216 72 ) 44594.2
5 (95 2 1 36 186 72 ) 1605.29
5 (5 4 1 161 22 36 ) 19.82
5 (95 5 2 36 12 8 ) 1.14792e+09
5 (95 1 2 36 12 8 ) 806.803
5 (5 4 1 161 22 36 ) 19.82
5 (5 0 1 216 22 52 ) 2206.23
5 (5 0 1 216 45 52 ) 548.922
5 (5 4 1 161 22 36 ) 19.82
5 (95 5 2 120 48 52 ) 43755.6
5 (95 5 2 120 48 57 ) 3122.77
5 (5 4 1 161 22 36 ) 19.82
5 (5 0 0 161 216 8 ) 43058.2
5 (5 0 0 161 216 5 ) 684.079
5 (5 4 1 161 22 36 ) 19.82
5 (118 4 0 161 216 82 ) 48499.4
5 (118 4 2 161 216 82 ) 319.736
5 (5 4 1 161 22 36 ) 19.82
5 (95 1 1 161 22 5 ) 2.10255e+08
5 (95 1 1 238 22 5 ) 4860.72
5 (5 4 1 161 22 36 ) 19.82
5 (95 1 1 161 216 72 ) 26200.2
5 (56 1 1 161 216 72 ) 21729.2
5 (5 4 1 161 22 36 ) 19.82
5 (5 4 1 161 216 52 ) 265.547
5 (5 1 1 161 216 52 ) 81.8734
5 (5 4 1 161 22 36 ) 19.82
5 (95 1 2 161 48 52 ) 4488.03
5 (95 1 2 200 48 52 ) 1564.93
5 (5 4 1 161 22 36 ) 19.82
5 (95 0 0 161 216 8 ) 13280.6
5 (95 0 0 161 216 8 ) 481.751
5 (5 4 1 161 22 36 ) 19.82
5 (95 2 1 216 22 8 ) 7740.29
5 (95 2 1 216 147 8 ) 4459.37
5 (5 4 1 161 22 36 ) 19.82
5 (95 4 1 161 48 72 ) 17236.7
5 (154 4 1 161 48 72 ) 3310.86
5 (5 4 1 161 22 36 ) 19.82
5 (10 5 0 36 48 8 ) 2.12859e+08
5 (10 5 0 36 30 8 ) 112650
5 (5 4 1 161 22 36 ) 19.82
5 (95 2 1 36 12 52 ) 7370.38
5 (95 2 1 36 32 52 ) 621.194
5 (5 4 1 161 22 36 ) 19.82
5 (95 1 1 216 32 56 ) 1014.74
5 (95 4 1 216 32 56 ) 232.029
5 (5 4 1 161 22 36 ) 19.82
5 (95 1 1 161 48 72 ) 525.124
5 (21 1 1 161 48 72 ) 324.244
5 (5 4 1 161 22 36 ) 19.82
5 (118 4 0 161 22 82 ) 1847.64
5 (118 5 0 161 22 82 ) 397.745
5 (5 4 1 161 22 36 ) 19.82
5 (95 4 1 161 48 52 ) 210.512
5 (5 4 1 161 22 36 ) 19.82
5 (118 2 0 161 216 82 ) 341.118
5 (118 2 0 161 216 86 ) 305.276
5 (5 4 1 161 22 36 ) 19.82
5 (95 1 1 161 32 72 ) 16067.9
5 (95 1 1 161 226 72 ) 320.766
5 (5 4 1 161 22 36 ) 19.82
5 (5 1 1 161 22 72 ) 21444.7
5 (5 1 1 161 22 6 ) 11396.4
5 (5 4 1 161 22 36 ) 19.82
5 (95 1 0 36 216 72 ) 96143.1
5 (95 1 0 36 216 75 ) 116.923
5 (5 4 1 161 22 36 ) 19.82
5 (95 1 1 161 32 8 ) 4475.19
5 (24 1 1 161 32 8 ) 589.102
5 (5 4 1 161 22 36 ) 19.82
5 (95 1 1 36 216 36 ) 25998.7
5 (196 1 1 36 216 36 ) 651.232
5 (5 4 1 161 22 36 ) 19.82
5 (5 1 0 161 48 82 ) 420.938
5 (91 1 0 161 48 82 ) 249.446
5 (5 4 1 161 22 36 ) 19.82
5 (50 2 2 161 22 56 ) 13859.2
5 (50 2 0 161 22 56 ) 682.292
5 (5 4 1 161 22 36 ) 19.82
5 (50 4 0 120 48 72 ) 27482.2
5 (50 4 0 173 48 72 ) 3153.37
5 (5 4 1 161 22 36 ) 19.82
5 (95 2 1 161 48 72 ) 18321
5 (95 2 1 99 48 72 ) 200.934
5 (5 4 1 161 22 36 ) 19.82
5 (118 4 1 161 12 52 ) 32434.1
5 (19 4 1 161 12 52 ) 2002.66
5 (5 4 1 161 22 36 ) 19.82
5 (95 5 1 161 216 56 ) 18401.4
5 (95 5 1 177 216 56 ) 501.144
5 (5 4 1 161 22 36 ) 19.82
5 (10 5 1 36 216 5 ) 108.25
5 (5 4 1 161 22 36 ) 19.82
5 (50 4 0 161 216 52 ) 399.876
5 (50 4 0 97 216 52 ) 70.3227
5 (5 4 1 161 22 36 ) 19.82
5 (95 5 1 97 216 75 ) 28488.7
5 (74 5 1 97 216 75 ) 14662.5
5 (5 4 1 161 22 36 ) 19.82
5 (118 5 1 161 216 52 ) 13299.6
5 (118 5 1 161 208 52 ) 12719.5
5 (5 4 1 161 22 36 ) 19.82
5 (95 5 1 120 12 50 ) 1.00997e+07
5 (95 5 0 120 12 50 ) 35204.4
5 (5 4 1 161 22 36 ) 19.82
5 (50 5 1 120 12 52 ) 257.079
5 (5 4 1 161 22 36 ) 19.82
5 (10 5 2 161 48 72 ) 391.728
5 (10 5 2 161 240 72 ) 213.24
5 (5 4 1 161 22 36 ) 19.82
5 (5 5 1 216 216 82 ) 612.784
5 (5 5 1 216 216 82 ) 582.274
5 (5 4 1 161 22 36 ) 19.82
5 (95 5 1 99 12 52 ) 39973
5 (95 5 2 99 12 52 ) 23016.2
5 (5 4 1 161 22 36 ) 19.82
5 (95 5 1 120 22 72 ) 22018.3
5 (95 2 1 120 22 72 ) 656.487
5 (5 4 1 161 22 36 ) 19.82
5 (95 1 0 161 22 36 ) 26409.8
5 (20 1 0 161 22 36 ) 332.806
5 (5 4 1 161 22 36 ) 19.82
5 (95 5 1 161 12 72 ) 18856.6
5 (95 5 1 161 66 72 ) 500.703
5 (5 4 1 161 22 36 ) 19.82
5 (50 1 1 36 22 36 ) 3519.41
5 (50 1 1 69 22 36 ) 610.169
5 (5 4 1 161 22 36 ) 19.82
5 (95 2 1 161 12 52 ) 22027.4
5 (95 2 1 22 12 52 ) 10693.4
5 (5 4 1 161 22 36 ) 19.82
5 (95 5 1 97 22 72 ) 2046.44
5 (95 5 1 97 22 75 ) 2043.61
5 (5 4 1 161 22 36 ) 19.82
5 (95 5 1 120 22 82 ) 22811
5 (96 5 1 120 22 82 ) 492.454
5 (5 4 1 161 22 36 ) 19.82
5 (5 1 1 161 48 82 ) 370.669
5 (5 1 1 161 128 82 ) 319.584
5 (5 4 1 161 22 36 ) 19.82
5 (10 1 2 161 216 72 ) 30470.2
5 (84 1 2 161 216 72 ) 260.915
5 (5 4 1 161 22 36 ) 19.82
5 (95 4 0 161 216 72 ) 71627.5
5 (95 4 0 245 216 72 ) 116.411
5 (5 4 1 161 22 36 ) 19.82
5 (95 5 0 161 216 72 ) 128.599
5 (5 4 1 161 22 36 ) 19.82
5 (118 4 1 161 216 72 ) 53878.7
5 (52 4 1 161 216 72 ) 422.808
5 (5 4 1 161 22 36 ) 19.82
5 (50 2 0 161 216 52 ) 442.301
5 (50 0 0 161 216 52 ) 332.281
5 (5 4 1 161 22 36 ) 19.82
5 (95 2 0 161 12 5 ) 2.12647e+08
5 (95 2 0 161 118 5 ) 8.25237e+07
5 (5 4 1 161 22 36 ) 19.82
5 (95 4 1 97 22 52 ) 21873.2
5 (95 4 1 102 22 52 ) 511.496
5 (5 4 1 161 22 36 ) 19.82
5 (95 5 1 97 12 72 ) 605.856
5 (5 4 1 161 22 36 ) 19.82
5 (95 4 0 161 216 72 ) 513.988
5 (95 4 0 18 216 72 ) 313.086
5 (5 4 1 161 22 36 ) 19.82
5 (95 1 1 161 12 72 ) 403.089
5 (95 1 1 161 12 27 ) 343.342
5 (5 4 1 161 22 36 ) 19.82
5 (118 4 0 161 22 72 ) 27689.7
5 (118 1 0 161 22 72 ) 581.775
5 (5 4 1 161 22 36 ) 19.82
5 (95 4 0 161 216 75 ) 1654.8
5 (95 4 0 161 197 75 ) 1551.51
5 (5 4 1 161 22 36 ) 19.82
5 (95 1 1 120 216 72 ) 52038.1
5 (95 1 1 104 216 72 ) 1733.22
5 (5 4 1 161 22 36 ) 19.82
5 (95 4 1 36 22 50 ) 481.877
5 (95 4 1 36 22 88 ) 420.201
5 (5 4 1 161 22 36 ) 19.82
5 (95 2 0 161 22 72 ) 435.332
5 (95 2 0 60 22 72 ) 312.747
5 (5 4 1 161 22 36 ) 19.82
5 (50 2 1 161 216 72 ) 278.137
5 (34 2 1 161 216 72 ) 245.919
5 (5 4 1 161 22 36 ) 19.82
5 (95 1 1 161 216 72 ) 1930.6
5 (95 1 0 161 216 72 ) 146.447
5 (5 4 1 161 22 36 ) 19.82
5 (95 1 0 161 48 5 ) 9051.99
5 (95 1 0 86 48 5 ) 1449.6
5 (5 4 1 161 22 36 ) 19.82
5 (95 5 1 161 22 72 ) 19119.9
5 (95 5 1 161 22 47 ) 17414.6
5 (5 4 1 161 22 36 ) 19.82
5 (95 1 0 161 216 72 ) 1771.3
5 (95 1 0 161 216 72 ) 519.203
5 (5 4 1 161 22 36 ) 19.82
5 (5 1 0 36 216 72 ) 1735.93
5 (120 1 0 36 216 72 ) 516.607
5 (5 4 1 161 22 36 ) 19.82
5 (95 5 0 161 22 50 ) 2340.67
5 (95 4 0 161 22 50 ) 692.098
5 (5 4 1 161 22 36 ) 19.82
5 (95 1 1 120 12 75 ) 538.134
5 (95 1 1 19 12 75 ) 412.691
5 (5 4 1 161 22 36 ) 19.82
5 (95 4 1 120 216 52 ) 24799.5
5 (95 4 1 120 139 52 ) 581.116
5 (5 4 1 161 22 36 ) 19.82
5 (95 1 1 216 216 82 ) 44.3795
5 (5 4 1 161 22 36 ) 19.82
5 (50 1 0 120 22 72 ) 34493.7
5 (50 1 0 195 22 72 ) 34480.2
5 (5 4 1 161 22 36 ) 19.82
5 (95 4 1 216 216 72 ) 711.095
5 (95 4 1 216 119 72 ) 159.334
5 (5 4 1 161 22 36 ) 19.82
5 (95 4 0 161 119 52 ) 500.171
5 (95 4 0 161 119 16 ) 481.212
5 (5 4 1 161 22 36 ) 19.82
5 (50 1 1 216 22 36 ) 557.313
5 (27 1 1 216 22 36 ) 113.422
5 (5 4 1 161 22 36 ) 19.82
5 (95 4 1 245 48 36 ) 12121.3
5 (95 4 2 245 48 36 ) 2617.89
5 (5 4 1 161 22 36 ) 19.82
5 (5 1 1 161 216 72 ) 122.441
5 (5 4 1 161 22 36 ) 19.82
5 (95 5 0 245 216 72 ) 211.807
5 (5 4 1 161 22 36 ) 19.82
5 (10 4 1 97 216 5 ) 254.846
5 (23 4 1 97 216 5 ) 220.915
5 (5 4 1 161 22 36 ) 19.82
5 (95 1 0 97 216 72 ) 33146.6
5 (95 4 0 97 216 72 ) 1669.58
5 (5 4 1 161 22 36 ) 19.82
5 (95 5 1 161 22 72 ) 18156.9
5 (102 5 1 161 22 72 ) 320.858
5 (5 4 1 161 22 36 ) 19.82
5 (95 1 0 97 216 5 ) 21991.1
5 (95 3 0 97 216 5 ) 520.681
5 (5 4 1 161 22 36 ) 19.82
5 (95 4 1 216 22 36 ) 1674.71
5 (103 4 1 216 22 36 ) 1004.85
5 (5 4 1 161 22 36 ) 19.82
5 (95 1 1 245 216 72 ) 170.74
5 (5 4 1 161 22 36 ) 19.82
5 (10 1 0 216 216 72 ) 553.972
5 (10 1 0 216 149 72 ) 136.883
5 (5 4 1 161 22 36 ) 19.82
5 (95 2 1 36 216 82 ) 1756.77
5 (95 2 1 36 216 82 ) 1020.2
5 (5 4 1 161 22 36 ) 19.82
5 (95 1 0 161 12 82 ) 631.001
5 (95 1 0 161 44 82 ) 441.474
5 (5 4 1 161 22 36 ) 19.82
5 (95 4 1 36 216 72 ) 276.24
5 (95 4 1 25 216 72 ) 197.761
5 (5 4 1 161 22 36 ) 19.82
5 (95 1 0 36 216 72 ) 488.637
5 (95 1 0 36 91 72 ) 206.595
5 (5 4 1 161 22 36 ) 19.82
5 (5 1 0 36 216 75 ) 650.154
5 (172 1 0 36 216 75 ) 249.83
5 (5 4 1 161 22 36 ) 19.82
5 (50 4 0 216 216 82 ) 494.467
5 (50 3 0 216 216 82 ) 320.172
5 (5 4 1 161 22 36 ) 19.82
5 (95 1 1 216 48 72 ) 144.471
5 (95 1 1 46 48 72 ) 70.5091
5 (5 4 1 161 22 36 ) 19.82
5 (5 1 0 216 216 36 ) 678.288
5 (5 1 0 216 189 36 ) 261.372
5 (5 4 1 161 22 36 ) 19.82
5 (27 1 1 161 216 72 ) 643.44
5 (27 2 1 161 216 72 ) 460.853
5 (5 4 1 161 22 36 ) 19.82
5 (5 1 0 46 216 82 ) 489.89
5 (5 1 0 176 216 82 ) 424.482
5 (5 4 1 161 22 36 ) 19.82
5 (5 1 1 161 12 5 ) 689.21
5 (5 1 1 161 12 64 ) 345.859
5 (5 4 1 161 22 36 ) 19.82
5 (95 1 1 161 48 72 ) 280.564
5 (5 4 1 161 22 36 ) 19.82
5 (95 1 1 161 48 52 ) 424.891
5 (95 1 1 2 48 52 ) 55.8231
5 (5 4 1 161 22 36 ) 19.82
5 (5 4 0 36 12 36 ) 49422.9
5 (5 4 2 36 12 36 ) 105.977
5 (5 4 1 161 22 36 ) 19.82
5 (95 1 0 216 12 72 ) 306.241
5 (5 4 1 161 22 36 ) 19.82
5 (118 1 0 161 216 52 ) 26824.2
5 (118 1 0 39 216 52 ) 475.255
5 (5 4 1 161 22 36 ) 19.82
5 (118 4 0 245 12 52 ) 20387.5
5 (118 1 0 245 12 52 ) 804.726
5 (5 4 1 161 22 36 ) 19.82
5 (95 1 2 36 22 36 ) 4614.47
5 (95 1 0 36 22 36 ) 1477.24
5 (5 4 1 161 22 36 ) 19.82
5 (118 1 0 2 216 36 ) 215.797
5 (5 4 1 161 22 36 ) 19.82
5 (10 2 2 216 48 72 ) 297.456
5 (28 2 2 216 48 72 ) 278.636
5 (5 4 1 161 22 36 ) 19.82
5 (95 1 1 161 48 52 ) 517.862
5 (95 1 1 161 48 52 ) 308.122
5 (5 4 1 161 22 36 ) 19.82
5 (5 1 1 161 22 72 ) 397.432
5 (5 3 1 161 22 72 ) 374.818
5 (5 4 1 161 22 36 ) 19.82
5 (50 1 1 2 216 72 ) 48427
5 (50 4 1 2 216 72 ) 335.539
5 (5 4 1 161 22 36 ) 19.82
5 (5 1 1 36 216 36 ) 1691.98
5 (5 1 1 36 216 55 ) 782.685
5 (5 4 1 161 22 36 ) 19.82
5 (95 1 1 216 216 72 ) 671.018
5 (95 1 1 216 216 45 ) 534.992
5 (5 4 1 161 22 36 ) 19.82
5 (5 1 1 216 48 82 ) 671.729
5 (8 1 1 216 48 82 ) 446.931
5 (5 4 1 161 22 36 ) 19.82
5 (5 5 1 2 22 72 ) 705.119
5 (5 5 2 2 22 72 ) 255.706
5 (5 4 1 161 22 36 ) 19.82
5 (5 1 1 46 12 82 ) 408.367
5 (5 1 1 46 73 82 ) 230.216
5 (5 4 1 161 22 36 ) 19.82
5 (5 1 1 216 216 36 ) 2378.03
5 (5 4 1 161 22 36 ) 19.82
5 (95 5 1 46 48 5 ) 5.64636e+08
5 (95 5 1 46 48 85 ) 37340.9
5 (5 4 1 161 22 36 ) 19.82
5 (95 5 0 46 48 36 ) 579.678
5 (95 5 0 46 148 36 ) 530.433
5 (5 4 1 161 22 36 ) 19.82
5 (95 1 0 36 12 82 ) 288647
5 (95 1 0 36 12 58 ) 17219
5 (5 4 1 161 22 36 ) 19.82
5 (95 1 1 36 216 58 ) 1752.65
5 (95 5 1 36 216 58 ) 271.194
5 (5 4 1 161 22 36 ) 19.82
5 (95 1 1 161 216 58 ) 11354
5 (149 1 1 161 216 58 ) 453.496
5 (5 4 1 161 22 36 ) 19.82
5 (95 4 0 245 216 72 ) 550.461
5 (95 4 0 245 216 29 ) 411.086
5 (5 4 1 161 22 36 ) 19.82
5 (95 4 1 161 48 72 ) 19715
5 (95 4 1 161 48 72 ) 15202.3
5 (5 4 1 161 22 36 ) 19.82
5 (95 4 2 161 48 5 ) 5.76705e+07
5 (95 4 2 161 141 5 ) 5207.62
5 (5 4 1 161 22 36 ) 19.82
5 (118 2 1 36 216 5 ) 13024.9
5 (118 2 1 36 216 30 ) 3330.5
5 (5 4 1 161 22 36 ) 19.82
5 (27 4 0 161 12 36 ) 36670.5
5 (27 1 0 161 12 36 ) 26692.4
5 (5 4 1 161 22 36 ) 19.82
5 (118 1 1 245 48 52 ) 252.543
5 (118 1 1 245 48 82 ) 185.706
5 (5 4 1 161 22 36 ) 19.82
5 (95 2 1 216 216 52 ) 14362.7
5 (95 2 1 216 216 60 ) 371.345
5 (5 4 1 161 22 36 ) 19.82
5 (95 1 0 46 216 72 ) 465.855
5 (95 1 0 46 216 72 ) 302.243
5 (5 4 1 161 22 36 ) 19.82
5 (95 1 1 97 12 82 ) 61759.8
5 (95 1 1 97 12 81 ) 36.9751
5 (5 4 1 161 22 36 ) 19.82
5 (5 1 1 161 12 72 ) 379.194
5 (5 1 1 161 12 57 ) 377.468
5 (5 4 1 161 22 36 ) 19.82
5 (27 1 1 216 12 72 ) 17264.1
5 (27 1 1 51 12 72 ) 257.524
5 (5 4 1 161 22 36 ) 19.82
5 (95 1 1 216 12 72 ) 1954.38
5 (95 1 1 216 12 9 ) 819.714
5 (5 4 1 161 22 36 ) 19.82
5 (5 1 1 216 12 36 ) 1866.67
5 (5 1 1 216 12 44 ) 281.27
5 (5 4 1 161 22 36 ) 19.82
5 (5 1 1 46 22 5 ) 171.511
5 (5 4 1 161 22 36 ) 19.82
5 (95 1 1 97 12 82 ) 1895.68
5 (95 1 1 107 12 82 ) 447.579
5 (5 4 1 161 22 36 ) 19.82
5 (95 4 1 161 12 82 ) 153
5 (5 4 1 161 22 36 ) 19.82
5 (95 1 1 36 22 72 ) 759.949
5 (62 1 1 36 22 72 ) 253.185
5 (5 4 1 161 22 36 ) 19.82
5 (95 4 1 216 216 82 ) 356.733
5 (95 4 1 216 216 74 ) 195.476
5 (5 4 1 161 22 36 ) 19.82
5 (95 4 0 36 216 72 ) 1737.76
5 (95 2 0 36 216 72 ) 695.596
5 (5 4 1 161 22 36 ) 19.82
5 (95 1 1 36 48 82 ) 389.849
5 (5 4 1 161 22 36 ) 19.82
5 (5 4 1 2 216 82 ) 799.006
5 (5 4 1 9 216 82 ) 265.346
5 (5 4 1 161 22 36 ) 19.82
5 (5 1 1 216 216 82 ) 49553.8
5 (5 1 1 216 88 82 ) 2115.74
5 (5 4 1 161 22 36 ) 19.82
5 (10 4 1 161 216 72 ) 1966.57
5 (10 5 1 161 216 72 ) 645.631
5 (5 4 1 161 22 36 ) 19.82
5 (95 5 1 36 48 72 ) 446.022
5 (95 5 1 58 48 72 ) 330.438
5 (5 4 1 161 22 36 ) 19.82
5 (95 1 0 161 12 5 ) 1.02791e+07
5 (95 1 0 161 63 5 ) 364.76
5 (5 4 1 161 22 36 ) 19.82
5 (95 1 1 161 48 75 ) 1901.81
5 (5 4 1 161 22 36 ) 19.82
5 (5 1 0 97 12 82 ) 182.273
5 (5 4 1 161 22 36 ) 19.82
5 (50 1 1 216 12 36 ) 2369.39
5 (50 1 1 216 204 36 ) 2088.54
5 (5 4 1 161 22 36 ) 19.82
5 (118 4 1 216 216 36 ) 470.003
5 (118 3 1 216 216 36 ) 390.795
5 (5 4 1 161 22 36 ) 19.82
5 (95 1 1 216 216 82 ) 287.558
5 (95 1 1 226 216 82 ) 192.381
5 (5 4 1 161 22 36 ) 19.82
5 (10 5 1 36 216 72 ) 1674.32
5 (10 3 1 36 216 72 ) 461.235
5 (5 4 1 161 22 36 ) 19.82
5 (95 4 0 216 216 52 ) 36597.3
5 (95 2 0 216 216 52 ) 612.916
5 (5 4 1 161 22 36 ) 19.82
5 (95 1 1 216 12 5 ) 6522.89
5 (22 1 1 216 12 5 ) 500.971
5 (5 4 1 161 22 36 ) 19.82
5 (5 2 1 216 216 5 ) 596.241
5 (5 5 1 216 216 5 ) 130.01
5 (5 4 1 161 22 36 ) 19.82
5 (95 1 1 97 216 72 ) 260.094
5 (5 4 1 161 22 36 ) 19.82
5 (118 4 1 161 216 72 ) 1735.4
5 (118 1 1 161 216 72 ) 611.597
5 (5 4 1 161 22 36 ) 19.82
5 (118 1 0 161 48 72 ) 28587.9
5 (118 1 0 161 48 30 ) 901.071
5 (5 4 1 161 22 36 ) 19.82
5 (10 1 1 161 48 36 ) 11426.3
5 (10 2 1 161 48 36 ) 415.9
5 (5 4 1 161 22 36 ) 19.82
5 (5 4 1 36 216 72 ) 142.451
6 (32 5 2 250 24 68 ) 281.639
6 (14 3 1 84 84 72 ) 3318.86
6 (14 3 1 84 124 72 ) 375.744
6 (32 5 2 250 24 68 ) 281.639
6 (68 1 0 192 48 20 ) 598.599
6 (68 1 0 192 190 20 ) 456.982
6 (32 5 2 250 24 68 ) 281.639
6 (50 3 0 192 48 0 ) 718.92
6 (50 3 0 192 48 9 ) 692.302
6 (32 5 2 250 24 68 ) 281.639
6 (5 4 1 168 24 24 ) 2184
6 (46 4 1 168 24 24 ) 404.599
6 (32 5 2 250 24 68 ) 281.639
6 (59 3 0 192 48 60 ) 675.058
6 (59 3 0 192 48 60 ) 523.058
6 (32 5 2 250 24 68 ) 281.639
6 (32 3 0 192 48 0 ) 34805.6
6 (32 3 1 192 48 0 ) 2293.34
6 (32 5 2 250 24 68 ) 281.639
6 (50 3 0 84 132 60 ) 59875.5
6 (50 3 0 104 132 60 ) 467.117
6 (32 5 2 250 24 68 ) 281.639
6 (32 1 1 72 48 9 ) 715.963
6 (32 1 2 72 48 9 ) 228.263
6 (32 1 2 72 48 9 ) 228.263
6 (14 3 1 72 24 24 ) 322.601
6 (32 1 2 72 48 9 ) 228.263
6 (50 1 1 192 24 60 ) 602.583
6 (50 1 0 192 24 60 ) 442.441
6 (32 1 2 72 48 9 ) 228.263
6 (14 5 1 48 0 20 ) 20403.6
6 (14 5 1 173 0 20 ) 2145.02
6 (32 1 2 72 48 9 ) 228.263
6 (5 5 1 84 48 20 ) 20683.1
6 (5 5 1 208 48 20 ) 145.406
6 (5 5 1 208 48 20 ) 145.406
6 (46 1 1 208 60 60 ) 549.559
6 (46 1 1 149 60 60 ) 466.434
6 (5 5 1 208 48 20 ) 145.406
6 (50 1 1 149 24 9 ) 4383.9
6 (50 1 2 149 24 9 ) 725.483
6 (5 5 1 208 48 20 ) 145.406
6 (50 3 1 250 24 68 ) 619.061
6 (50 0 1 250 24 68 ) 450.496
6 (5 5 1 208 48 20 ) 145.406
6 (5 3 1 72 60 20 ) 1861.76
6 (5 3 1 21 60 20 ) 1639.13
6 (5 5 1 208 48 20 ) 145.406
6 (59 1 1 192 36 68 ) 1562.18
6 (59 1 1 118 36 68 ) 444.566
6 (5 5 1 208 48 20 ) 145.406
6 (59 3 2 84 24 60 ) 292.023
6 (5 5 1 208 48 20 ) 145.406
6 (32 2 0 180 24 56 ) 574.581
6 (32 3 0 180 24 56 ) 347.24
6 (5 5 1 208 48 20 ) 145.406
6 (14 3 2 72 48 20 ) 448.223
6 (14 3 2 72 48 54 ) 382.46
6 (5 5 1 208 48 20 ) 145.406
6 (5 3 0 84 24 56 ) 452.806
6 (5 5 1 208 48 20 ) 145.406
6 (46 4 1 84 0 20 ) 13332
6 (46 4 2 84 0 20 ) 666.69
6 (5 5 1 208 48 20 ) 145.406
6 (5 3 0 84 132 24 ) 29371.4
6 (5 3 0 84 167 24 ) 420.734
6 (5 5 1 208 48 20 ) 145.406
6 (122 4 0 84 132 20 ) 488.774
6 (122 4 0 84 132 20 ) 385.137
6 (5 5 1 208 48 20 ) 145.406
6 (59 3 0 208 24 54 ) 30167.8
6 (59 3 0 202 24 54 ) 649.52
6 (5 5 1 208 48 20 ) 145.406
6 (50 5 1 84 48 60 ) 146.176
6 (5 5 1 208 48 20 ) 145.406
6 (14 4 1 72 24 9 ) 43930.6
6 (14 4 1 72 24 6 ) 555.222
6 (5 5 1 208 48 20 ) 145.406
6 (5 2 1 168 36 72 ) 231.285
6 (5 2 1 190 36 72 ) 65.3465
6 (5 2 1 190 36 72 ) 65.3465
6 (59 4 0 84 24 9 ) 2.0119e+07
6 (59 4 2 84 24 9 ) 6274.82
6 (5 2 1 190 36 72 ) 65.3465
6 (122 4 1 192 36 24 ) 6.12515e+07
6 (122 4 1 192 72 24 ) 34183.1
6 (5 2 1 190 36 72 ) 65.3465
6 (122 4 2 168 48 24 ) 5.79604e+07
6 (122 4 2 168 243 24 ) 545.869
6 (5 2 1 190 36 72 ) 65.3465
6 (14 5 0 96 48 20 ) 44741.1
6 (14 5 0 243 48 20 ) 496.307
6 (5 2 1 190 36 72 ) 65.3465
6 (14 5 1 84 24 72 ) 477.399
6 (14 5 1 84 24 68 ) 435.818
6 (5 2 1 190 36 72 ) 65.3465
6 (14 3 1 250 48 24 ) 452.483
6 (34 3 1 250 48 24 ) 283.475
6 (5 2 1 190 36 72 ) 65.3465
6 (46 5 2 190 36 9 ) 3063.14
6 (30 5 2 190 36 9 ) 458.788
6 (5 2 1 190 36 72 ) 65.3465
6 (46 2 2 96 36 68 ) 3785.76
6 (46 5 2 96 36 68 ) 617.398
6 (5 2 1 190 36 72 ) 65.3465
6 (5 3 1 84 24 56 ) 23866
6 (5 3 1 170 24 56 ) 1934.58
6 (5 2 1 190 36 72 ) 65.3465
6 (32 2 1 250 24 56 ) 1777.56
6 (32 2 1 250 24 37 ) 486.079
6 (5 2 1 190 36 72 ) 65.3465
6 (14 2 0 84 36 60 ) 112897
6 (28 2 0 84 36 60 ) 1629.83
6 (5 2 1 190 36 72 ) 65.3465
6 (14 3 1 84 24 24 ) 24295
6 (14 3 1 84 22 24 ) 221.448
6 (5 2 1 190 36 72 ) 65.3465
6 (5 2 1 250 24 20 ) 29486.1
6 (109 2 1 250 24 20 ) 5474.48
6 (5 2 1 190 36 72 ) 65.3465
6 (122 3 0 84 24 20 ) 44848.8
6 (122 3 0 84 84 20 ) 14894.3
6 (5 2 1 190 36 72 ) 65.3465
6 (5 3 1 190 167 24 ) 464.137
6 (30 3 1 190 167 24 ) 259.089
6 (5 2 1 190 36 72 ) 65.3465
6 (5 3 1 168 48 24 ) 56218
6 (52 3 1 168 48 24 ) 19723.4
6 (5 2 1 190 36 72 ) 65.3465
6 (14 3 1 84 48 24 ) 401.022
6 (14 3 1 84 48 75 ) 250.291
6 (5 2 1 190 36 72 ) 65.3465
6 (14 5 1 190 167 72 ) 21001.3
6 (125 5 1 190 167 72 ) 1893.29
6 (5 2 1 190 36 72 ) 65.3465
6 (50 3 2 168 48 24 ) 20254.1
6 (50 3 2 168 177 24 ) 604.282
6 (5 2 1 190 36 72 ) 65.3465
6 (50 2 1 84 48 54 ) 1806.48
6 (50 0 1 84 48 54 ) 705.065
6 (5 2 1 190 36 72 ) 65.3465
6 (5 3 1 250 0 24 ) 1857.95
6 (5 3 1 250 207 24 ) 376.922
6 (5 2 1 190 36 72 ) 65.3465
6 (30 3 1 72 24 24 ) 75984.1
6 (57 3 1 72 24 24 ) 35300.4
6 (5 2 1 190 36 72 ) 65.3465
6 (32 3 1 208 24 60 ) 750.92
6 (32 3 1 208 38 60 ) 582.4
6 (5 2 1 190 36 72 ) 65.3465
6 (14 4 1 190 36 24 ) 348.69
6 (5 2 1 190 36 72 ) 65.3465
6 (122 1 1 190 0 72 ) 292.028
6 (5 2 1 190 36 72 ) 65.3465
6 (34 2 0 190 36 72 ) 42481
6 (34 2 1 190 36 72 ) 531.966
6 (5 2 1 190 36 72 ) 65.3465
6 (5 2 1 190 48 68 ) 48806.7
6 (5 2 1 190 48 59 ) 12102.9
6 (5 2 1 190 36 72 ) 65.3465
6 (50 5 1 72 48 24 ) 15195.7
6 (50 5 1 72 48 24 ) 3274.82
6 (5 2 1 190 36 72 ) 65.3465
6 (14 2 2 250 36 24 ) 525.255
6 (14 2 2 250 201 24 ) 354.043
6 (5 2 1 190 36 72 ) 65.3465
6 (59 5 1 250 36 9 ) 10816.9
6 (59 0 1 250 36 9 ) 2760.65
6 (5 2 1 190 36 72 ) 65.3465
6 (59 4 1 190 22 68 ) 350.268
6 (59 4 1 190 22 80 ) 306.475
6 (5 2 1 190 36 72 ) 65.3465
6 (14 4 1 84 48 20 ) 172.311
6 (14 4 1 2 48 20 ) 169.892
6 (5 2 1 190 36 72 ) 65.3465
6 (59 3 1 190 22 24 ) 930.365
6 (59 3 1 216 22 24 ) 172.205
6 (5 2 1 190 36 72 ) 65.3465
6 (32 3 1 84 48 60 ) 482.655
6 (30 3 1 84 48 60 ) 475.955
6 (5 2 1 190 36 72 ) 65.3465
6 (32 5 1 84 24 24 ) 532.603
6 (32 5 1 84 24 24 ) 517.132
6 (5 2 1 190 36 72 ) 65.3465
6 (14 3 1 190 24 68 ) 58358.7
6 (14 3 1 190 47 68 ) 1597.91
6 (5 2 1 190 36 72 ) 65.3465
6 (32 4 2 84 48 60 ) 167.168
6 (5 2 1 190 36 72 ) 65.3465
6 (32 1 2 72 22 20 ) 18012.1
6 (32 1 2 72 22 44 ) 429.049
6 (5 2 1 190 36 72 ) 65.3465
6 (59 3 1 216 22 72 ) 460.13
6 (59 3 1 216 22 85 ) 121.139
6 (5 2 1 190 36 72 ) 65.3465
6 (59 3 1 2 48 60 ) 3.35225e+08
6 (59 3 1 2 48 87 ) 54441.3
6 (5 2 1 190 36 72 ) 65.3465
6 (14 3 1 216 48 87 ) 34.7751
6 (14 3 1 216 48 87 ) 34.7751
6 (5 3 1 84 48 60 ) 809.092
6 (5 3 0 84 48 60 ) 620.163
6 (14 3 1 216 48 87 ) 34.7751
6 (32 5 1 208 0 85 ) 2034.12
6 (32 5 1 208 0 85 ) 599.115
6 (14 3 1 216 48 87 ) 34.7751
6 (32 2 1 168 48 9 ) 2465.24
6 (32 1 1 168 48 9 ) 593.064
6 (14 3 1 216 48 87 ) 34.7751
6 (5 3 1 190 48 9 ) 309.224
6 (14 3 1 216 48 87 ) 34.7751
6 (34 2 1 84 0 20 ) 532569
6 (34 2 0 84 0 20 ) 886.967
6 (14 3 1 216 48 87 ) 34.7751
6 (50 4 1 250 48 87 ) 435.128
6 (50 4 1 250 0 87 ) 422.167
6 (14 3 1 216 48 87 ) 34.7751
6 (122 3 1 2 48 24 ) 695.292
6 (30 3 1 2 48 24 ) 587.995
6 (14 3 1 216 48 87 ) 34.7751
6 (30 4 1 190 22 20 ) 24923.7
6 (30 4 1 114 22 20 ) 2279.88
6 (14 3 1 216 48 87 ) 34.7751
6 (32 4 1 72 167 72 ) 252.559
6 (14 3 1 216 48 87 ) 34.7751
6 (30 3 1 168 48 24 ) 30099.2
6 (30 3 1 168 48 1 ) 2254.24
6 (14 3 1 216 48 87 ) 34.7751
6 (5 3 2 72 48 60 ) 45970.9
6 (5 4 2 72 48 60 ) 1906.65
6 (14 3 1 216 48 87 ) 34.7751
6 (34 2 1 216 48 72 ) 21170.6
6 (34 2 2 216 48 72 ) 406.545
6 (14 3 1 216 48 87 ) 34.7751
6 (5 3 1 84 48 24 ) 17427.6
6 (5 3 1 84 48 80 ) 240.906
6 (14 3 1 216 48 87 ) 34.7751
6 (14 3 1 2 22 72 ) 252.189
6 (112 3 1 2 22 72 ) 125.837
6 (14 3 1 216 48 87 ) 34.7751
6 (5 3 1 84 22 24 ) 71106.1
6 (161 3 1 84 22 24 ) 29868.1
6 (14 3 1 216 48 87 ) 34.7751
6 (32 1 2 168 48 24 ) 1026.81
6 (32 1 1 168 48 24 ) 226.73
6 (14 3 1 216 48 87 ) 34.7751
6 (59 3 1 168 36 72 ) 414.814
6 (178 3 1 168 36 72 ) 306.792
6 (14 3 1 216 48 87 ) 34.7751
6 (14 3 1 84 36 72 ) 594.963
6 (164 3 1 84 36 72 ) 490.482
6 (14 3 1 216 48 87 ) 34.7751
6 (5 4 1 84 22 80 ) 727.791
6 (5 4 1 84 22 14 ) 261.106
6 (14 3 1 216 48 87 ) 34.7751
6 (5 3 1 216 48 24 ) 693.975
6 (5 3 1 216 48 24 ) 337.111
6 (14 3 1 216 48 87 ) 34.7751
6 (14 3 1 84 48 60 ) 28291.8
6 (14 3 2 84 48 60 ) 182.461
6 (14 3 1 216 48 87 ) 34.7751
6 (59 3 1 216 48 72 ) 1962.5
6 (59 0 1 216 48 72 ) 501.616
6 (14 3 1 216 48 87 ) 34.7751
6 (32 3 1 84 48 24 ) 632.532
6 (32 3 1 205 48 24 ) 596.232
6 (14 3 1 216 48 87 ) 34.7751
6 (14 3 1 208 22 24 ) 227.023
6 (14 3 1 216 48 87 ) 34.7751
6 (14 3 1 2 48 72 ) 65416.3
6 (68 3 1 2 48 72 ) 37882.9
6 (14 3 1 216 48 87 ) 34.7751
6 (32 3 1 84 48 20 ) 18847.5
6 (32 3 1 84 147 20 ) 428.918
6 (14 3 1 216 48 87 ) 34.7751
6 (112 3 1 84 48 24 ) 4.80711e+07
6 (112 3 2 84 48 24 ) 407.572
6 (14 3 1 216 48 87 ) 34.7751
6 (5 1 1 168 22 24 ) 376.464
6 (14 3 1 216 48 87 ) 34.7751
6 (5 5 1 84 48 60 ) 18043.9
6 (5 5 1 118 48 60 ) 436.711
6 (14 3 1 216 48 87 ) 34.7751
6 (112 4 1 208 22 24 ) 2526.47
6 (112 4 0 208 22 24 ) 513.319
6 (14 3 1 216 48 87 ) 34.7751
6 (14 1 1 84 48 72 ) 382.599
6 (14 3 1 216 48 87 ) 34.7751
6 (14 4 1 208 22 75 ) 685.205
6 (14 4 1 208 22 35 ) 271.976
6 (14 3 1 216 48 87 ) 34.7751
6 (112 3 1 208 22 80 ) 224.243
6 (112 3 1 208 223 80 ) 118.113
6 (14 3 1 216 48 87 ) 34.7751
6 (14 3 1 208 22 80 ) 28551.8
6 (14 3 1 208 124 80 ) 434.348
6 (14 3 1 216 48 87 ) 34.7751
6 (5 4 2 84 124 87 ) 552.853
6 (5 4 2 84 124 6 ) 250.314
6 (14 3 1 216 48 87 ) 34.7751
6 (14 3 1 2 48 24 ) 284.175
6 (14 3 1 216 48 87 ) 34.7751
6 (112 3 1 84 48 20 ) 2.53922e+08
6 (112 3 1 84 117 20 ) 1025.02
6 (14 3 1 216 48 87 ) 34.7751
6 (14 4 1 84 48 24 ) 2190.01
6 (107 4 1 84 48 24 ) 892.96
6 (14 3 1 216 48 87 ) 34.7751
6 (32 3 1 2 36 85 ) 10076.8
6 (32 2 1 2 36 85 ) 430.654
6 (14 3 1 216 48 87 ) 34.7751
6 (5 1 1 2 48 20 ) 317.591
6 (5 1 1 2 105 20 ) 252.31
6 (14 3 1 216 48 87 ) 34.7751
6 (112 4 1 2 22 72 ) 572.881
6 (14 3 1 216 48 87 ) 34.7751
6 (14 1 1 216 22 9 ) 20591.5
6 (14 5 1 216 22 9 ) 524.678
6 (14 3 1 216 48 87 ) 34.7751
6 (50 5 1 84 22 24 ) 4144.66
6 (117 5 1 84 22 24 ) 1272.82
6 (14 3 1 216 48 87 ) 34.7751
6 (50 4 1 72 48 72 ) 502.201
6 (50 4 1 72 64 72 ) 107.605
6 (14 3 1 216 48 87 ) 34.7751
6 (14 4 1 208 48 9 ) 21411
6 (80 4 1 208 48 9 ) 1098.54
6 (14 3 1 216 48 87 ) 34.7751
6 (112 5 1 216 48 20 ) 380.038
6 (42 5 1 216 48 20 ) 367.271
6 (14 3 1 216 48 87 ) 34.7751
6 (112 3 1 72 48 9 ) 4.67776e+07
6 (112 3 1 116 48 9 ) 19165.5
6 (14 3 1 216 48 87 ) 34.7751
6 (5 2 2 208 48 87 ) 1938.99
6 (5 2 2 208 48 87 ) 1713.67
6 (14 3 1 216 48 87 ) 34.7751
6 (14 1 1 216 48 72 ) 9232.92
6 (14 1 1 79 48 72 ) 378.172
6 (14 3 1 216 48 87 ) 34.7751
6 (59 5 1 208 48 24 ) 699.554
6 (14 3 1 216 48 87 ) 34.7751
6 (14 3 1 216 48 9 ) 324.135
6 (14 3 1 216 48 66 ) 182.039
6 (14 3 1 216 48 87 ) 34.7751
6 (14 4 2 208 48 20 ) 619.699
6 (14 4 0 208 48 20 ) 396.637
6 (14 3 1 216 48 87 ) 34.7751
6 (5 5 1 216 48 24 ) 22977.9
6 (5 5 1 216 48 26 ) 2114.71
6 (14 3 1 216 48 87 ) 34.7751
6 (14 3 1 216 48 60 ) 1652.59
6 (14 3 1 216 48 58 ) 319.848
6 (14 3 1 216 48 87 ) 34.7751
6 (32 4 1 208 22 20 ) 2135.02
6 (102 4 1 208 22 20 ) 309.639
6 (14 3 1 216 48 87 ) 34.7751
6 (14 5 1 216 48 60 ) 525.23
6 (14 5 1 69 48 60 ) 487.138
6 (14 3 1 216 48 87 ) 34.7751
6 (32 3 1 216 22 85 ) 526.401
6 (79 3 1 216 22 85 ) 245.648
6 (14 3 1 216 48 87 ) 34.7751
6 (5 3 1 208 22 60 ) 22258.4
6 (5 3 1 122 22 60 ) 129.231
6 (14 3 1 216 48 87 ) 34.7751
6 (14 4 1 72 64 24 ) 1752.92
6 (14 4 1 72 64 86 ) 1739.07
6 (14 3 1 216 48 87 ) 34.7751
6 (59 1 1 72 22 72 ) 531.762
6 (59 1 1 72 22 66 ) 439.994
6 (14 3 1 216 48 87 ) 34.7751
6 (32 2 1 72 48 60 ) 1663.14
6 (66 2 1 72 48 60 ) 873.092
6 (14 3 1 216 48 87 ) 34.7751
6 (14 5 1 2 22 72 ) 444.408
6 (14 5 1 2 89 72 ) 423.801
6 (14 3 1 216 48 87 ) 34.7751
6 (5 3 1 2 48 24 ) 504.46
6 (5 3 1 2 133 24 ) 378.948
6 (14 3 1 216 48 87 ) 34.7751
6 (5 4 2 84 22 24 ) 1972.99
6 (5 4 1 84 22 24 ) 313.871
6 (14 3 1 216 48 87 ) 34.7751
6 (50 3 1 84 22 72 ) 618.185
6 (50 2 1 84 22 72 ) 495.437
6 (14 3 1 216 48 87 ) 34.7751
6 (112 3 1 190 64 60 ) 504.466
6 (20 3 1 190 64 60 ) 269.996
6 (14 3 1 216 48 87 ) 34.7751
6 (14 3 1 216 22 24 ) 53897.5
6 (14 3 1 216 22 61 ) 16259.2
6 (14 3 1 216 48 87 ) 34.7751
6 (50 3 1 72 223 72 ) 518.736
6 (50 4 1 72 223 72 ) 163.374
6 (14 3 1 216 48 87 ) 34.7751
6 (5 4 1 216 22 80 ) 56953.2
6 (5 4 1 216 22 80 ) 406.659
6 (14 3 1 216 48 87 ) 34.7751
6 (59 3 2 72 36 80 ) 1538.28
6 (59 5 2 72 36 80 ) 525.089
6 (14 3 1 216 48 87 ) 34.7751
6 (14 4 1 208 64 72 ) 38590.6
6 (166 4 1 208 64 72 ) 1884.84
6 (14 3 1 216 48 87 ) 34.7751
6 (59 3 1 84 48 60 ) 34216.6
6 (59 1 1 84 48 60 ) 601.664
6 (14 3 1 216 48 87 ) 34.7751
6 (50 3 1 72 64 24 ) 3.47784e+08
6 (50 3 2 72 64 24 ) 6337.34
6 (14 3 1 216 48 87 ) 34.7751
6 (32 4 2 208 48 60 ) 450.614
6 (32 4 2 74 48 60 ) 108.112
6 (14 3 1 216 48 87 ) 34.7751
6 (32 4 1 2 48 72 ) 488.698
6 (32 4 1 2 227 72 ) 429.468
6 (14 3 1 216 48 87 ) 34.7751
6 (5 4 1 84 48 72 ) 34377.3
6 (5 4 0 84 48 72 ) 167.805
6 (14 3 1 216 48 87 ) 34.7751
6 (50 5 1 216 22 72 ) 794.589
6 (40 5 1 216 22 72 ) 604.816
6 (14 3 1 216 48 87 ) 34.7751
6 (50 3 1 72 48 72 ) 33286.1
6 (117 3 1 72 48 72 ) 11883.3
6 (14 3 1 216 48 87 ) 34.7751
6 (5 4 1 74 22 60 ) 46488.6
6 (5 4 1 74 22 67 ) 313.107
6 (14 3 1 216 48 87 ) 34.7751
6 (59 4 1 216 48 60 ) 999.915
6 (59 4 2 216 48 60 ) 673.337
6 (14 3 1 216 48 87 ) 34.7751
6 (14 4 1 72 48 20 ) 1773.95
6 (169 4 1 72 48 20 ) 1499.78
6 (14 3 1 216 48 87 ) 34.7751
6 (112 4 1 216 64 60 ) 560.463
6 (112 4 1 216 64 60 ) 480.565
6 (14 3 1 216 48 87 ) 34.7751
6 (14 3 1 190 48 60 ) 19263.4
6 (14 3 1 190 48 68 ) 156.09
6 (14 3 1 216 48 87 ) 34.7751
6 (59 3 1 72 48 24 ) 6.86791e+07
6 (59 4 1 72 48 24 ) 908.175
6 (14 3 1 216 48 87 ) 34.7751
6 (14 3 1 84 64 66 ) 57609.3
6 (14 5 1 84 64 66 ) 156.019
6 (14 3 1 216 48 87 ) 34.7751
6 (5 5 1 84 223 60 ) 1937.71
6 (5 5 1 84 51 60 ) 276.167
6 (14 3 1 216 48 87 ) 34.7751
6 (14 4 1 84 64 72 ) 555.028
6 (14 4 1 84 31 72 ) 72.6827
6 (14 3 1 216 48 87 ) 34.7751
6 (32 4 0 208 22 72 ) 610.259
6 (32 4 0 67 22 72 ) 443.633
6 (14 3 1 216 48 87 ) 34.7751
6 (112 4 1 84 223 60 ) 15668
6 (112 4 1 84 191 60 ) 640.12
6 (14 3 1 216 48 87 ) 34.7751
6 (112 3 1 190 48 72 ) 28136.5
6 (112 3 1 190 48 72 ) 599.372
6 (14 3 1 216 48 87 ) 34.7751
6 (112 5 1 216 22 72 ) 2364.72
6 (112 4 1 216 22 72 ) 477.821
6 (14 3 1 216 48 87 ) 34.7751
6 (112 2 1 190 64 72 ) 637.42
6 (112 5 1 190 64 72 ) 341.394
6 (14 3 1 216 48 87 ) 34.7751
6 (112 4 1 208 48 85 ) 17316.6
6 (112 4 1 106 48 85 ) 571.218
6 (14 3 1 216 48 87 ) 34.7751
6 (59 3 1 2 64 66 ) 498.35
6 (59 0 1 2 64 66 ) 363.978
6 (14 3 1 216 48 87 ) 34.7751
6 (5 3 2 84 48 72 ) 391.893
6 (5 3 2 84 156 72 ) 81.4585
6 (14 3 1 216 48 87 ) 34.7751
6 (50 5 1 216 22 72 ) 1783.55
6 (92 5 1 216 22 72 ) 569.081
6 (14 3 1 216 48 87 ) 34.7751
6 (50 4 1 84 22 72 ) 1745.57
6 (144 4 1 84 22 72 ) 104.004
6 (14 3 1 216 48 87 ) 34.7751
6 (5 3 1 84 22 72 ) 561.329
6 (5 4 1 84 22 72 ) 391.413
6 (14 3 1 216 48 87 ) 34.7751
6 (14 3 1 208 22 72 ) 179.463
6 (14 3 1 216 48 87 ) 34.7751
6 (5 3 1 72 31 66 ) 385.143
6 (5 3 1 72 198 66 ) 344.489
6 (14 3 1 216 48 87 ) 34.7751
6 (50 2 2 84 22 72 ) 27878.9
6 (50 2 0 84 22 72 ) 514.687
6 (14 3 1 216 48 87 ) 34.7751
6 (50 3 2 84 22 72 ) 36261.2
6 (23 3 2 84 22 72 ) 316.975
6 (14 3 1 216 48 87 ) 34.7751
6 (5 5 1 84 22 66 ) 410.685
6 (14 3 1 216 48 87 ) 34.7751
6 (112 3 2 208 48 72 ) 743.806
6 (19 3 2 208 48 72 ) 584.301
6 (14 3 1 216 48 87 ) 34.7751
6 (14 3 1 84 48 66 ) 27335.1
6 (191 3 1 84 48 66 ) 6583.69
6 (14 3 1 216 48 87 ) 34.7751
6 (112 3 1 74 22 72 ) 16658.2
6 (166 3 1 74 22 72 ) 529.272
6 (14 3 1 216 48 87 ) 34.7751
6 (32 4 0 84 156 66 ) 44.7845
6 (14 3 1 216 48 87 ) 34.7751
6 (5 4 1 84 48 60 ) 638.763
6 (5 5 1 84 48 60 ) 434.056
6 (14 3 1 216 48 87 ) 34.7751
6 (32 3 1 84 64 60 ) 583.083
6 (52 3 1 84 64 60 ) 252.549
6 (14 3 1 216 48 87 ) 34.7751
6 (52 5 2 84 22 72 ) 738.441
6 (52 5 2 127 22 72 ) 132.058
6 (14 3 1 216 48 87 ) 34.7751
6 (112 3 1 84 31 72 ) 128.169
6 (14 3 1 216 48 87 ) 34.7751
6 (112 4 1 84 156 85 ) 23861.9
6 (112 4 1 84 40 85 ) 441.266
6 (14 3 1 216 48 87 ) 34.7751
6 (52 4 2 84 48 87 ) 356.103
6 (52 4 2 84 48 87 ) 60.4741
6 (14 3 1 216 48 87 ) 34.7751
6 (32 4 1 72 48 72 ) 653.068
6 (32 4 1 157 48 72 ) 353.158
6 (14 3 1 216 48 87 ) 34.7751
6 (32 4 1 208 156 60 ) 303.608
6 (32 4 1 208 156 60 ) 276.739
6 (14 3 1 216 48 87 ) 34.7751
6 (32 4 2 84 48 20 ) 307.827
6 (14 3 1 216 48 87 ) 34.7751
6 (52 3 1 84 31 66 ) 417.928
6 (14 3 1 216 48 87 ) 34.7751
6 (14 4 2 190 48 60 ) 529.98
6 (14 0 2 190 48 60 ) 401.927
6 (14 3 1 216 48 87 ) 34.7751
6 (50 4 2 216 64 72 ) 542.22
6 (50 4 2 216 64 78 ) 533.792
6 (14 3 1 216 48 87 ) 34.7751
6 (112 3 1 84 223 66 ) 352.168
6 (14 3 1 216 48 87 ) 34.7751
6 (5 3 1 84 22 72 ) 59800.3
6 (5 3 1 187 22 72 ) 52484.2
6 (14 3 1 216 48 87 ) 34.7751
6 (112 3 1 72 64 87 ) 22601.4
6 (23 3 1 72 64 87 ) 364.586
6 (14 3 1 216 48 87 ) 34.7751
6 (32 5 1 216 156 72 ) 25776.1
6 (32 5 1 216 19 72 ) 12486.2
6 (14 3 1 216 48 87 ) 34.7751
6 (112 5 1 72 48 72 ) 22487.6
6 (112 5 1 72 71 72 ) 857.583
6 (14 3 1 216 48 87 ) 34.7751
6 (5 4 1 84 64 72 ) 309.346
6 (5 4 1 12 64 72 ) 299.784
6 (14 3 1 216 48 87 ) 34.7751
6 (5 4 1 208 64 87 ) 539.622
6 (5 1 1 208 64 87 ) 456.585
6 (14 3 1 216 48 87 ) 34.7751
6 (112 3 1 84 22 72 ) 323.612
6 (14 3 1 216 48 87 ) 34.7751
6 (14 4 1 84 48 85 ) 222.873
6 (14 3 1 216 48 87 ) 34.7751
6 (112 2 1 2 48 60 ) 4359.91
6 (112 2 1 139 48 60 ) 556.579
6 (14 3 1 216 48 87 ) 34.7751
6 (112 3 1 2 22 60 ) 2.00704e+09
6 (112 3 1 2 22 25 ) 1.76712e+09
6 (14 3 1 216 48 87 ) 34.7751
6 (50 5 2 84 22 60 ) 36152.8
6 (50 5 2 84 39 60 ) 319.97
6 (14 3 1 216 48 87 ) 34.7751
6 (14 4 2 72 48 87 ) 43240.1
6 (29 4 2 72 48 87 ) 41168.5
6 (14 3 1 216 48 87 ) 34.7751
6 (5 5 1 72 48 72 ) 142.861
6 (14 3 1 216 48 87 ) 34.7751
6 (32 5 2 72 64 66 ) 710.096
6 (108 5 2 72 64 66 ) 484.421
6 (14 3 1 216 48 87 ) 34.7751
6 (59 5 2 84 156 72 ) 36907.6
6 (59 3 2 84 156 72 ) 337.819
6 (14 3 1 216 48 87 ) 34.7751
6 (5 3 2 84 48 72 ) 75266.5
6 (5 3 2 84 116 72 ) 413.525
6 (14 3 1 216 48 87 ) 34.7751
6 (5 3 2 72 156 72 ) 127.192
6 (14 3 1 216 48 87 ) 34.7751
6 (52 2 2 208 156 60 ) 869.387
6 (52 2 2 208 156 60 ) 557.152
6 (14 3 1 216 48 87 ) 34.7751
6 (5 4 2 208 31 60 ) 373.11
7 (122 5 0 204 180 56 ) 213.76
7 (41 3 1 36 12 28 ) 7528.94
7 (41 0 1 36 12 28 ) 2137.15
7 (122 5 0 204 180 56 ) 213.76
7 (23 0 1 36 168 44 ) 100522
7 (23 0 1 36 168 44 ) 15431.6
7 (122 5 0 204 180 56 ) 213.76
7 (50 0 1 36 0 72 ) 1852.77
7 (50 0 2 36 0 72 ) 628.274
7 (122 5 0 204 180 56 ) 213.76
7 (86 3 1 96 120 28 ) 1303.32
7 (93 3 1 96 120 28 ) 589.265
7 (122 5 0 204 180 56 ) 213.76
7 (41 3 1 36 0 4 ) 6689.66
7 (111 3 1 36 0 4 ) 559.666
7 (122 5 0 204 180 56 ) 213.76
7 (86 3 1 36 72 4 ) 10609.6
7 (86 3 1 36 55 4 ) 653.582
7 (122 5 0 204 180 56 ) 213.76
7 (122 3 0 96 120 60 ) 1.06119e+06
7 (122 3 0 96 66 60 ) 301467
7 (122 5 0 204 180 56 ) 213.76
7 (93 0 1 36 96 4 ) 3417.01
7 (122 5 0 204 180 56 ) 213.76
7 (41 0 1 36 120 28 ) 48.9315
7 (41 0 1 36 120 28 ) 48.9315
7 (86 3 1 36 0 60 ) 4.40566e+08
7 (111 3 1 36 0 60 ) 2.3013e+08
7 (41 0 1 36 120 28 ) 48.9315
7 (93 1 1 96 120 20 ) 9.53579e+07
7 (55 1 1 96 120 20 ) 17953.9
7 (41 0 1 36 120 28 ) 48.9315
7 (93 2 1 36 0 24 ) 13762.4
7 (93 2 1 36 0 89 ) 336.598
7 (41 0 1 36 120 28 ) 48.9315
7 (59 0 0 108 120 89 ) 134384
7 (59 0 0 180 120 89 ) 52104
7 (41 0 1 36 120 28 ) 48.9315
7 (149 3 1 36 156 28 ) 1.3808e+09
7 (149 3 1 36 209 28 ) 4683.7
7 (41 0 1 36 120 28 ) 48.9315
7 (86 5 1 96 180 4 ) 7087.83
7 (86 5 0 96 180 4 ) 289.304
7 (41 0 1 36 120 28 ) 48.9315
7 (23 0 1 36 72 89 ) 237.554
7 (23 0 1 52 72 89 ) 178.707
7 (41 0 1 36 120 28 ) 48.9315
7 (68 0 1 96 96 89 ) 464.249
7 (41 0 1 36 120 28 ) 48.9315
7 (23 0 1 204 55 89 ) 24148.9
7 (23 0 1 204 55 14 ) 452.506
7 (41 0 1 36 120 28 ) 48.9315
7 (23 0 1 96 55 56 ) 265.264
7 (23 0 1 96 170 56 ) 242.525
7 (41 0 1 36 120 28 ) 48.9315
7 (86 3 0 96 180 60 ) 67537.2
7 (86 3 1 96 180 60 ) 339.179
7 (41 0 1 36 120 28 ) 48.9315
7 (86 0 1 96 55 4 ) 2.10525e+08
7 (93 0 1 96 55 4 ) 2275.45
7 (41 0 1 36 120 28 ) 48.9315
7 (86 3 1 36 0 28 ) 647.549
7 (176 3 1 36 0 28 ) 204.485
7 (41 0 1 36 120 28 ) 48.9315
7 (23 3 1 96 0 89 ) 822.475
7 (23 0 1 96 0 89 ) 299.628
7 (41 0 1 36 120 28 ) 48.9315
7 (68 5 1 52 0 89 ) 212.265
7 (41 0 1 36 120 28 ) 48.9315
7 (23 5 0 96 168 28 ) 473.131
7 (23 5 0 96 168 32 ) 342.774
7 (41 0 1 36 120 28 ) 48.9315
7 (176 0 1 36 0 56 ) 13356.8
7 (176 0 1 143 0 56 ) 822.4
7 (41 0 1 36 120 28 ) 48.9315
7 (122 0 1 96 168 56 ) 10714.8
7 (122 3 1 96 168 56 ) 706.575
7 (41 0 1 36 120 28 ) 48.9315
7 (59 0 1 96 72 89 ) 3335.02
7 (59 0 1 96 72 89 ) 424.102
7 (41 0 1 36 120 28 ) 48.9315
7 (23 0 1 96 170 28 ) 11125.4
7 (23 1 1 96 170 28 ) 806.359
7 (41 0 1 36 120 28 ) 48.9315
7 (77 0 1 36 55 28 ) 907.388
7 (77 0 1 36 55 90 ) 609.866
7 (41 0 1 36 120 28 ) 48.9315
7 (77 0 1 96 72 89 ) 19039.6
7 (77 0 1 96 72 89 ) 400.673
7 (41 0 1 36 120 28 ) 48.9315
7 (77 0 1 96 0 56 ) 24417.4
7 (77 0 1 96 189 56 ) 30.8647
7 (77 0 1 96 189 56 ) 30.8647
7 (122 3 1 36 168 56 ) 21310.7
7 (173 3 1 36 168 56 ) 3559.07
7 (77 0 1 96 189 56 ) 30.8647
7 (77 0 1 36 168 89 ) 424.61
7 (77 0 1 96 189 56 ) 30.8647
7 (41 5 1 52 0 20 ) 4795.55
7 (77 0 1 96 189 56 ) 30.8647
7 (23 3 1 36 168 56 ) 28578.9
7 (23 3 1 248 168 56 ) 368.771
7 (77 0 1 96 189 56 ) 30.8647
7 (122 5 1 96 170 89 ) 1957.02
7 (122 5 1 96 246 89 ) 236.256
7 (77 0 1 96 189 56 ) 30.8647
7 (23 5 1 52 72 56 ) 1778.19
7 (183 5 1 52 72 56 ) 978.438
7 (77 0 1 96 189 56 ) 30.8647
7 (77 5 0 36 170 60 ) 563.557
7 (22 5 0 36 170 60 ) 451.298
7 (77 0 1 96 189 56 ) 30.8647
7 (86 0 1 36 246 60 ) 653.245
7 (86 0 1 36 246 79 ) 391.8
7 (77 0 1 96 189 56 ) 30.8647
7 (23 5 1 96 189 4 ) 392.506
7 (23 5 1 165 189 4 ) 287.206
7 (77 0 1 96 189 56 ) 30.8647
7 (176 0 1 96 0 56 ) 2.34129e+08
7 (176 0 1 96 0 56 ) 570.161
7 (77 0 1 96 189 56 ) 30.8647
7 (122 3 1 52 72 32 ) 2.91638e+08
7 (122 3 1 52 72 89 ) 2060.98
7 (77 0 1 96 189 56 ) 30.8647
7 (23 5 0 36 189 56 ) 532.609
7 (23 5 0 160 189 56 ) 483.928
7 (77 0 1 96 189 56 ) 30.8647
7 (23 5 0 96 189 28 ) 42351
7 (23 5 0 96 189 69 ) 1703.3
7 (77 0 1 96 189 56 ) 30.8647
7 (23 0 0 96 0 32 ) 62462.3
7 (23 0 0 96 0 44 ) 58376.7
7 (77 0 1 96 189 56 ) 30.8647
7 (86 0 1 96 0 44 ) 953.959
7 (86 0 1 96 0 44 ) 620.379
7 (77 0 1 96 189 56 ) 30.8647
7 (23 3 1 96 170 56 ) 23844.2
7 (23 3 2 96 170 56 ) 23418
7 (77 0 1 96 189 56 ) 30.8647
7 (122 0 1 36 120 89 ) 14238.5
7 (172 0 1 36 120 89 ) 530.966
7 (77 0 1 96 189 56 ) 30.8647
7 (122 0 1 96 120 56 ) 416.892
7 (95 0 1 96 120 56 ) 217.104
7 (77 0 1 96 189 56 ) 30.8647
7 (77 5 0 96 170 56 ) 403.891
7 (77 5 0 96 170 32 ) 282.418
7 (77 0 1 96 189 56 ) 30.8647
7 (86 5 1 36 0 28 ) 1.42726e+06
7 (86 5 1 236 0 28 ) 2132.81
7 (77 0 1 96 189 56 ) 30.8647
7 (23 0 0 36 72 89 ) 75391.6
7 (23 0 0 36 167 89 ) 558.264
7 (77 0 1 96 189 56 ) 30.8647
7 (95 5 0 36 0 89 ) 1736.77
7 (95 5 0 42 0 89 ) 829.433
7 (77 0 1 96 189 56 ) 30.8647
7 (77 5 0 96 0 56 ) 4.77596e+06
7 (77 5 0 96 0 56 ) 5769.89
7 (77 0 1 96 189 56 ) 30.8647
7 (86 5 0 96 189 56 ) 19598.6
7 (86 5 0 96 189 9 ) 522.829
7 (77 0 1 96 189 56 ) 30.8647
7 (93 0 1 52 170 89 ) 565.586
7 (93 0 1 204 170 89 ) 220.36
7 (77 0 1 96 189 56 ) 30.8647
7 (176 3 1 96 246 56 ) 258.977
7 (39 3 1 96 246 56 ) 71.6015
7 (77 0 1 96 189 56 ) 30.8647
7 (41 3 0 96 120 56 ) 70696.8
7 (41 3 0 96 57 56 ) 4244.16
7 (77 0 1 96 189 56 ) 30.8647
7 (23 5 1 96 120 89 ) 24416.4
7 (23 5 1 96 120 86 ) 1996.62
7 (77 0 1 96 189 56 ) 30.8647
7 (23 5 1 96 0 56 ) 1847.52
7 (23 5 1 96 99 56 ) 397.288
7 (77 0 1 96 189 56 ) 30.8647
7 (77 5 1 96 170 56 ) 1816.49
7 (77 5 1 96 45 56 ) 1745.39
7 (77 0 1 96 189 56 ) 30.8647
7 (122 5 1 96 120 4 ) 12528.1
7 (122 5 1 96 120 18 ) 3347.61
7 (77 0 1 96 189 56 ) 30.8647
7 (77 5 1 96 189 89 ) 674.88
7 (77 5 1 168 189 89 ) 174.245
7 (77 0 1 96 189 56 ) 30.8647
7 (176 0 1 96 246 28 ) 2.08587e+08
7 (176 0 1 96 246 57 ) 20870
7 (77 0 1 96 189 56 ) 30.8647
7 (77 0 0 96 170 28 ) 1341.18
7 (77 0 0 96 170 5 ) 545.405
7 (77 0 1 96 189 56 ) 30.8647
7 (86 0 1 96 246 28 ) 2168.6
7 (86 0 1 96 231 28 ) 1030.25
7 (77 0 1 96 189 56 ) 30.8647
7 (86 0 0 36 189 56 ) 19108.6
7 (86 1 0 36 189 56 ) 2068.42
7 (77 0 1 96 189 56 ) 30.8647
7 (39 5 1 168 120 56 ) 20861
7 (39 5 1 168 15 56 ) 703.721
7 (77 0 1 96 189 56 ) 30.8647
7 (41 3 1 96 170 56 ) 2060.64
7 (41 4 1 96 170 56 ) 408.126
7 (77 0 1 96 189 56 ) 30.8647
7 (41 0 1 165 55 89 ) 63918.6
7 (41 0 1 13 55 89 ) 318.467
7 (77 0 1 96 189 56 ) 30.8647
7 (77 0 1 96 72 56 ) 14071.2
7 (77 3 1 96 72 56 ) 636.603
7 (77 0 1 96 189 56 ) 30.8647
7 (93 3 1 165 170 89 ) 273.888
7 (93 3 1 165 170 89 ) 137.219
7 (77 0 1 96 189 56 ) 30.8647
7 (176 3 1 165 0 28 ) 3.14659e+06
7 (74 3 1 165 0 28 ) 505.365
7 (77 0 1 96 189 56 ) 30.8647
7 (122 0 1 36 170 89 ) 20115.8
7 (122 0 1 36 209 89 ) 2000.84
7 (77 0 1 96 189 56 ) 30.8647
7 (122 0 1 36 170 28 ) 919.062
7 (122 0 1 36 170 28 ) 734.713
7 (77 0 1 96 189 56 ) 30.8647
7 (93 0 1 36 246 89 ) 638.663
7 (93 0 1 36 246 54 ) 277.904
7 (77 0 1 96 189 56 ) 30.8647
7 (23 0 1 96 170 56 ) 24040.1
7 (23 0 1 96 83 56 ) 15762.6
7 (77 0 1 96 189 56 ) 30.8647
7 (39 3 1 204 246 89 ) 311.841
7 (39 5 1 204 246 89 ) 310
7 (77 0 1 96 189 56 ) 30.8647
7 (23 0 1 36 120 56 ) 324.183
7 (23 4 1 36 120 56 ) 268.738
7 (77 0 1 96 189 56 ) 30.8647
7 (23 0 1 52 120 56 ) 1860.17
7 (23 0 1 52 120 55 ) 776.314
7 (77 0 1 96 189 56 ) 30.8647
7 (77 3 1 204 170 28 ) 5637.56
7 (135 3 1 204 170 28 ) 425.845
7 (77 0 1 96 189 56 ) 30.8647
7 (122 3 1 52 72 56 ) 295.279
7 (77 0 1 96 189 56 ) 30.8647
7 (176 3 1 36 170 56 ) 26877.8
7 (176 3 1 131 170 56 ) 23986
7 (77 0 1 96 189 56 ) 30.8647
7 (39 0 1 96 189 89 ) 24290.5
7 (164 0 1 96 189 89 ) 660.994
7 (77 0 1 96 189 56 ) 30.8647
7 (68 0 1 165 170 56 ) 566.763
7 (72 0 1 165 170 56 ) 542.485
7 (77 0 1 96 189 56 ) 30.8647
7 (176 3 1 204 0 56 ) 909.031
7 (176 3 1 165 0 56 ) 855.219
7 (77 0 1 96 189 56 ) 30.8647
7 (93 5 1 165 246 89 ) 450.231
7 (179 5 1 165 246 89 ) 43.6136
7 (77 0 1 96 189 56 ) 30.8647
7 (122 0 1 204 170 89 ) 363.82
7 (77 0 1 96 189 56 ) 30.8647
7 (93 5 0 96 246 56 ) 98102.8
7 (93 5 0 96 172 56 ) 1416.75
7 (77 0 1 96 189 56 ) 30.8647
7 (122 0 1 36 0 89 ) 304.671
7 (77 0 1 96 189 56 ) 30.8647
7 (23 0 0 165 189 28 ) 29795.9
7 (23 0 0 165 189 73 ) 235.423
7 (77 0 1 96 189 56 ) 30.8647
7 (23 0 1 36 120 56 ) 347.075
7 (77 0 1 96 189 56 ) 30.8647
7 (23 0 1 168 170 56 ) 510.694
7 (23 0 1 26 170 56 ) 190.809
7 (77 0 1 96 189 56 ) 30.8647
7 (77 0 1 36 72 89 ) 388.79
7 (77 0 1 96 189 56 ) 30.8647
7 (179 0 1 96 170 89 ) 504.613
7 (179 0 1 96 170 24 ) 482.876
7 (77 0 1 96 189 56 ) 30.8647
7 (179 3 1 165 72 56 ) 780.734
7 (11 3 1 165 72 56 ) 236.04
7 (77 0 1 96 189 56 ) 30.8647
7 (176 5 1 52 170 89 ) 537.738
7 (176 5 2 52 170 89 ) 256.743
7 (77 0 1 96 189 56 ) 30.8647
7 (179 0 1 52 180 89 ) 21448
7 (179 0 1 109 180 89 ) 220.173
7 (77 0 1 96 189 56 ) 30.8647
7 (23 0 1 96 246 89 ) 41940.3
7 (23 0 1 96 246 47 ) 352.605
7 (77 0 1 96 189 56 ) 30.8647
7 (93 0 1 52 170 89 ) 21911.5
7 (93 1 1 52 170 89 ) 427.058
7 (77 0 1 96 189 56 ) 30.8647
7 (93 0 1 165 246 89 ) 18602.5
7 (93 0 1 165 246 46 ) 12907.5
7 (77 0 1 96 189 56 ) 30.8647
7 (77 5 1 96 72 28 ) 840.824
7 (77 2 1 96 72 28 ) 801.176
7 (77 0 1 96 189 56 ) 30.8647
7 (23 0 1 165 170 89 ) 26607.2
7 (23 0 1 165 223 89 ) 456.471
7 (77 0 1 96 189 56 ) 30.8647
7 (77 5 1 109 189 28 ) 2014.12
7 (77 5 1 109 189 78 ) 303.915
7 (77 0 1 96 189 56 ) 30.8647
7 (176 5 1 36 170 28 ) 4.00922e+08
7 (176 5 2 36 170 28 ) 480.984
7 (77 0 1 96 189 56 ) 30.8647
7 (179 3 1 168 0 56 ) 45828.4
7 (19 3 1 168 0 56 ) 453.651
7 (77 0 1 96 189 56 ) 30.8647
7 (176 3 0 96 120 56 ) 206734
7 (176 3 0 96 120 71 ) 2209.06
7 (77 0 1 96 189 56 ) 30.8647
7 (23 5 1 96 120 89 ) 438.038
7 (23 3 1 96 120 89 ) 376.732
7 (77 0 1 96 189 56 ) 30.8647
7 (23 3 1 165 180 56 ) 326.062
7 (23 3 1 165 145 56 ) 227.745
7 (77 0 1 96 189 56 ) 30.8647
7 (77 0 1 96 189 28 ) 382.997
7 (77 0 1 96 189 56 ) 30.8647
7 (93 0 1 36 189 56 ) 327.098
7 (93 0 1 47 189 56 ) 242.48
7 (77 0 1 96 189 56 ) 30.8647
7 (77 3 1 96 0 56 ) 35307.3
7 (77 3 1 96 68 56 ) 16405.3
7 (77 0 1 96 189 56 ) 30.8647
7 (122 3 1 52 170 56 ) 17779.2
7 (122 3 1 52 170 2 ) 868.51
7 (77 0 1 96 189 56 ) 30.8647
7 (93 3 1 165 246 56 ) 1951.67
7 (93 3 1 156 246 56 ) 313.278
7 (77 0 1 96 189 56 ) 30.8647
7 (122 3 1 96 180 89 ) 50324.4
7 (122 3 1 96 180 43 ) 12359.5
7 (77 0 1 96 189 56 ) 30.8647
7 (41 3 1 52 246 89 ) 389.441
7 (41 3 2 52 246 89 ) 378.053
7 (77 0 1 96 189 56 ) 30.8647
7 (23 0 0 52 189 89 ) 85959.9
7 (31 0 0 52 189 89 ) 78203.1
7 (77 0 1 96 189 56 ) 30.8647
7 (176 0 1 96 72 56 ) 15082.8
7 (176 0 1 165 72 56 ) 733.047
7 (77 0 1 96 189 56 ) 30.8647
7 (41 0 1 96 145 56 ) 370.585
7 (41 0 1 96 145 85 ) 132.71
7 (77 0 1 96 189 56 ) 30.8647
7 (23 0 1 165 145 56 ) 15334.4
7 (94 0 1 165 145 56 ) 2406.82
7 (77 0 1 96 189 56 ) 30.8647
7 (39 0 1 165 170 56 ) 356.418
7 (39 0 1 165 170 55 ) 316.332
7 (77 0 1 96 189 56 ) 30.8647
7 (179 0 1 36 180 73 ) 20270.7
7 (179 0 1 36 180 85 ) 1637.52
7 (77 0 1 96 189 56 ) 30.8647
7 (23 5 1 52 120 56 ) 112.008
7 (23 5 1 52 142 56 ) 50.5529
7 (77 0 1 96 189 56 ) 30.8647
7 (39 5 1 168 189 56 ) 13643.1
7 (138 5 1 168 189 56 ) 627.583
7 (77 0 1 96 189 56 ) 30.8647
7 (122 3 1 168 246 85 ) 380.329
7 (122 3 1 168 168 85 ) 145.353
7 (77 0 1 96 189 56 ) 30.8647
7 (41 5 1 96 189 89 ) 338.173
7 (5 5 1 96 189 89 ) 222.182
7 (77 0 1 96 189 56 ) 30.8647
7 (122 0 1 52 189 56 ) 1072.73
7 (122 0 1 61 189 56 ) 946.123
7 (77 0 1 96 189 56 ) 30.8647
7 (179 0 1 168 145 89 ) 19803.1
7 (138 0 1 168 145 89 ) 1996.2
7 (77 0 1 96 189 56 ) 30.8647
7 (95 0 1 96 180 28 ) 2.49172e+07
7 (95 5 1 96 180 28 ) 3090.29
7 (77 0 1 96 189 56 ) 30.8647
7 (39 3 1 52 170 89 ) 449.264
7 (39 3 1 149 170 89 ) 231.182
7 (77 0 1 96 189 56 ) 30.8647
7 (122 3 1 96 189 56 ) 16174
7 (161 3 1 96 189 56 ) 3591.5
7 (77 0 1 96 189 56 ) 30.8647
7 (77 5 1 52 170 56 ) 16688.9
7 (77 0 1 52 170 56 ) 732.765
7 (77 0 1 96 189 56 ) 30.8647
7 (39 0 1 36 168 89 ) 19881.6
7 (39 0 0 36 168 89 ) 541.506
7 (77 0 1 96 189 56 ) 30.8647
7 (39 0 1 36 0 28 ) 1969.54
7 (39 0 1 36 227 28 ) 991.977
7 (77 0 1 96 189 56 ) 30.8647
7 (41 5 1 165 227 56 ) 3169.92
7 (41 5 1 165 227 58 ) 1689.91
7 (77 0 1 96 189 56 ) 30.8647
7 (179 0 1 165 120 89 ) 939.955
7 (179 0 1 165 235 89 ) 368.194
7 (77 0 1 96 189 56 ) 30.8647
7 (23 0 1 168 180 89 ) 399.521
7 (23 0 1 168 180 60 ) 256.798
7 (77 0 1 96 189 56 ) 30.8647
7 (179 5 1 168 246 89 ) 566.659
7 (160 5 1 168 246 89 ) 419.585
7 (77 0 1 96 189 56 ) 30.8647
7 (23 0 1 96 72 85 ) 563.559
7 (77 0 1 96 189 56 ) 30.8647
7 (39 0 1 36 168 56 ) 689.177
7 (39 5 1 36 168 56 ) 285.406
7 (77 0 1 96 189 56 ) 30.8647
7 (77 5 1 168 0 89 ) 412.163
7 (77 5 1 168 0 89 ) 67.031
7 (77 0 1 96 189 56 ) 30.8647
7 (77 0 0 52 246 89 ) 69711.3
7 (77 0 0 81 246 89 ) 1856.82
7 (77 0 1 96 189 56 ) 30.8647
7 (23 0 1 168 145 89 ) 605.161
7 (151 0 1 168 145 89 ) 507.36
7 (77 0 1 96 189 56 ) 30.8647
7 (93 0 1 96 0 89 ) 18118.2
7 (93 0 1 96 28 89 ) 531.699
7 (77 0 1 96 189 56 ) 30.8647
7 (68 5 1 204 145 56 ) 630.742
7 (68 5 0 204 145 56 ) 78.674
7 (77 0 1 96 189 56 ) 30.8647
7 (122 5 1 52 145 56 ) 17771.7
7 (122 5 1 52 145 60 ) 431.163
7 (77 0 1 96 189 56 ) 30.8647
7 (68 0 1 168 145 56 ) 152.709
7 (77 0 1 96 189 56 ) 30.8647
7 (23 5 1 168 145 56 ) 2108.55
7 (23 5 1 168 145 42 ) 650.707
7 (77 0 1 96 189 56 ) 30.8647
7 (68 0 0 204 120 42 ) 563.852
7 (68 0 0 204 120 66 ) 430.02
7 (77 0 1 96 189 56 ) 30.8647
7 (23 0 1 52 145 89 ) 204.781
7 (23 0 1 91 145 89 ) 156.166
7 (77 0 1 96 189 56 ) 30.8647
7 (41 5 1 52 246 28 ) 32402.8
7 (41 5 1 52 114 28 ) 436.891
7 (77 0 1 96 189 56 ) 30.8647
7 (23 5 0 168 0 89 ) 307.908
7 (77 0 1 96 189 56 ) 30.8647
7 (176 3 1 36 170 89 ) 106422
7 (176 3 1 36 170 14 ) 9153.98
7 (77 0 1 96 189 56 ) 30.8647
7 (77 5 1 168 189 56 ) 18121.3
7 (76 5 1 168 189 56 ) 1944.24
7 (77 0 1 96 189 56 ) 30.8647
7 (93 0 1 168 145 85 ) 17824.9
7 (93 4 1 168 145 85 ) 527.767
7 (77 0 1 96 189 56 ) 30.8647
7 (68 0 1 96 145 89 ) 27405
7 (68 0 1 96 28 89 ) 650.114
7 (77 0 1 96 189 56 ) 30.8647
7 (23 0 1 165 120 56 ) 180.156
7 (77 0 1 96 189 56 ) 30.8647
7 (23 0 1 52 145 85 ) 45283.6
7 (173 0 1 52 145 85 ) 27.0801
7 (173 0 1 52 145 85 ) 27.0801
7 (23 5 1 26 170 56 ) 690.78
7 (23 5 1 26 4 56 ) 243.905
7 (173 0 1 52 145 85 ) 27.0801
7 (41 3 1 91 4 56 ) 33626.1
7 (41 3 1 91 4 56 ) 26162.5
7 (173 0 1 52 145 85 ) 27.0801
7 (77 0 1 168 168 56 ) 555.195
7 (77 0 1 234 168 56 ) 307.966
7 (173 0 1 52 145 85 ) 27.0801
7 (23 0 1 96 170 85 ) 36059.8
7 (123 0 1 96 170 85 ) 679.106
7 (173 0 1 52 145 85 ) 27.0801
7 (68 0 1 168 170 56 ) 239.197
7 (173 0 1 52 145 85 ) 27.0801
7 (41 0 1 168 189 89 ) 89.0586
7 (173 0 1 52 145 85 ) 27.0801
7 (77 0 1 36 120 85 ) 466.677
7 (77 0 1 36 185 85 ) 317.462
7 (173 0 1 52 145 85 ) 27.0801
7 (93 0 1 52 145 85 ) 3200.29
7 (93 0 1 166 145 85 ) 422.468
7 (173 0 1 52 145 85 ) 27.0801
7 (68 5 1 165 72 28 ) 802973
7 (68 5 1 165 84 28 ) 14882.2
7 (173 0 1 52 145 85 ) 27.0801
7 (23 5 1 52 145 89 ) 446.478
7 (23 0 1 52 145 89 ) 287.811
7 (173 0 1 52 145 85 ) 27.0801
7 (68 5 1 168 142 56 ) 19630.8
7 (68 5 1 168 142 38 ) 958.157
7 (173 0 1 52 145 85 ) 27.0801
7 (39 0 1 52 168 56 ) 2080.35
7 (39 0 1 68 168 56 ) 664.27
7 (173 0 1 52 145 85 ) 27.0801
7 (68 5 1 68 145 56 ) 12877.5
7 (68 5 1 68 22 56 ) 422.253
7 (173 0 1 52 145 85 ) 27.0801
7 (68 0 1 52 145 85 ) 339.47
7 (68 0 1 52 89 85 ) 277.154
7 (173 0 1 52 145 85 ) 27.0801
7 (39 0 1 168 72 85 ) 1543.41
7 (39 0 1 168 72 41 ) 345.443
7 (173 0 1 52 145 85 ) 27.0801
7 (23 3 1 165 145 56 ) 1939.15
7 (148 3 1 165 145 56 ) 1901.57
7 (173 0 1 52 145 85 ) 27.0801
7 (93 0 1 36 142 56 ) 10060.9
7 (93 0 1 36 248 56 ) 751.885
7 (173 0 1 52 145 85 ) 27.0801
7 (173 0 1 165 246 89 ) 21352.5
7 (173 0 1 165 246 87 ) 18129.5
7 (173 0 1 52 145 85 ) 27.0801
7 (41 0 1 91 145 56 ) 302.29
7 (118 0 1 91 145 56 ) 288.889
7 (173 0 1 52 145 85 ) 27.0801
7 (23 3 1 165 189 89 ) 217.382
7 (173 0 1 52 145 85 ) 27.0801
7 (23 0 1 165 168 89 ) 3195.98
7 (23 0 1 165 168 79 ) 677.036
7 (173 0 1 52 145 85 ) 27.0801
7 (23 0 1 165 120 89 ) 638.443
7 (183 0 1 165 120 89 ) 484.872
7 (173 0 1 52 145 85 ) 27.0801
7 (77 5 1 36 142 56 ) 173.581
7 (173 0 1 52 145 85 ) 27.0801
7 (23 5 1 204 120 56 ) 27877.2
7 (23 2 1 204 120 56 ) 1643.69
7 (173 0 1 52 145 85 ) 27.0801
7 (23 0 1 36 142 28 ) 492.371
7 (23 0 1 36 107 28 ) 346.958
7 (173 0 1 52 145 85 ) 27.0801
7 (77 5 1 52 246 85 ) 384.351
7 (77 5 1 52 246 82 ) 207.987
7 (173 0 1 52 145 85 ) 27.0801
7 (23 0 1 204 246 85 ) 630.098
7 (173 0 1 52 145 85 ) 27.0801
7 (77 0 1 168 145 89 ) 373.397
7 (77 0 1 168 145 81 ) 147.24
7 (173 0 1 52 145 85 ) 27.0801
7 (122 0 1 36 145 89 ) 19562.4
7 (122 0 1 36 145 3 ) 12003.8
7 (173 0 1 52 145 85 ) 27.0801
7 (23 3 1 165 189 56 ) 249.138
7 (23 3 1 165 189 23 ) 244.946
7 (173 0 1 52 145 85 ) 27.0801
7 (41 0 1 52 142 56 ) 406.819
7 (18 0 1 52 142 56 ) 237.74
7 (173 0 1 52 145 85 ) 27.0801
7 (41 0 1 52 189 89 ) 27980.8
7 (41 0 1 52 189 34 ) 283.222
7 (173 0 1 52 145 85 ) 27.0801
7 (68 3 1 36 145 56 ) 31329.9
7 (68 3 1 36 145 38 ) 4894.32
7 (173 0 1 52 145 85 ) 27.0801
7 (77 0 1 168 145 89 ) 388.176
7 (142 0 1 168 145 89 ) 294.095
7 (173 0 1 52 145 85 ) 27.0801
7 (77 0 1 96 246 56 ) 13644.5
7 (77 3 1 96 246 56 ) 616.927
7 (173 0 1 52 145 85 ) 27.0801
7 (23 5 1 96 189 56 ) 3403.04
7 (23 5 0 96 189 56 ) 345.037
7 (173 0 1 52 145 85 ) 27.0801
7 (23 5 1 36 246 89 ) 18174.6
7 (23 1 1 36 246 89 ) 2036.98
7 (173 0 1 52 145 85 ) 27.0801
7 (23 3 1 36 246 56 ) 1662.04
7 (7 3 1 36 246 56 ) 408.356
7 (173 0 1 52 145 85 ) 27.0801
7 (7 5 1 168 170 85 ) 231.322
7 (7 5 1 168 170 42 ) 183.592
7 (173 0 1 52 145 85 ) 27.0801
7 (179 3 1 168 145 89 ) 72466.4
7 (179 2 1 168 145 89 ) 54719.3
7 (173 0 1 52 145 85 ) 27.0801
7 (179 0 1 91 142 89 ) 17957.9
7 (179 0 1 91 229 89 ) 2022.62
7 (173 0 1 52 145 85 ) 27.0801
7 (77 0 1 165 145 81 ) 1846.78
7 (77 0 1 68 145 81 ) 674.547
7 (173 0 1 52 145 85 ) 27.0801
7 (39 0 1 165 120 89 ) 560.079
7 (39 0 1 98 120 89 ) 334.398
7 (173 0 1 52 145 85 ) 27.0801
7 (68 5 1 36 189 56 ) 25758
7 (68 5 1 36 189 31 ) 874.9
7 (173 0 1 52 145 85 ) 27.0801
7 (23 3 1 36 246 56 ) 60.0549
7 (173 0 1 52 145 85 ) 27.0801
7 (122 3 1 36 168 56 ) 31728.7
7 (122 3 1 55 168 56 ) 25209.8
7 (173 0 1 52 145 85 ) 27.0801
7 (23 5 1 96 142 89 ) 241.429
7 (173 0 1 52 145 85 ) 27.0801
7 (23 0 1 52 246 56 ) 29300.2
7 (23 0 1 52 113 56 ) 11290.1
7 (173 0 1 52 145 85 ) 27.0801
7 (77 0 1 91 142 85 ) 24699.7
7 (77 0 1 96 142 85 ) 67.818
7 (173 0 1 52 145 85 ) 27.0801
7 (41 5 1 168 145 85 ) 1990.13
7 (41 5 1 168 75 85 ) 1817.17
7 (173 0 1 52 145 85 ) 27.0801
7 (77 5 1 96 168 85 ) 20382
7 (77 1 1 96 168 85 ) 373.144
7 (173 0 1 52 145 85 ) 27.0801
7 (77 3 1 96 145 56 ) 72.4135
7 (173 0 1 52 145 85 ) 27.0801
7 (41 0 1 96 145 85 ) 28856.6
7 (41 0 1 96 12 85 ) 242.175
7 (173 0 1 52 145 85 ) 27.0801
7 (23 3 1 204 145 28 ) 34685.4
7 (45 3 1 204 145 28 ) 2003.56
7 (173 0 1 52 145 85 ) 27.0801
7 (39 0 1 204 145 56 ) 1971.62
7 (39 5 1 204 145 56 ) 162.463
7 (173 0 1 52 145 85 ) 27.0801
7 (23 5 0 204 120 89 ) 390.756
7 (173 0 1 52 145 85 ) 27.0801
7 (77 0 1 204 145 28 ) 909.463
7 (77 0 0 204 145 28 ) 595.538
7 (173 0 1 52 145 85 ) 27.0801
7 (23 5 1 168 142 56 ) 27360.3
7 (42 5 1 168 142 56 ) 10281.6
7 (173 0 1 52 145 85 ) 27.0801
7 (23 5 1 168 120 56 ) 484.913
7 (23 5 2 168 120 56 ) 435.439
7 (173 0 1 52 145 85 ) 27.0801
7 (23 3 1 168 145 56 ) 1653.23
7 (23 3 1 168 163 56 ) 410.636
7 (173 0 1 52 145 85 ) 27.0801
7 (41 0 0 168 142 89 ) 75.0294
7 (173 0 1 52 145 85 ) 27.0801
7 (77 0 1 96 0 56 ) 15054.2
7 (77 0 2 96 0 56 ) 7194.15
7 (173 0 1 52 145 85 ) 27.0801
7 (93 5 1 168 145 89 ) 36071.3
7 (93 5 1 168 106 89 ) 420.739
7 (173 0 1 52 145 85 ) 27.0801
7 (41 5 1 52 189 56 ) 593.042
7 (41 5 1 52 189 26 ) 294.196
7 (173 0 1 52 145 85 ) 27.0801
8 (122 4 1 12 192 64 ) 160.745
8 (23 1 0 12 156 90 ) 89397.9
8 (70 1 0 12 156 90 ) 835.554
8 (122 4 1 12 192 64 ) 160.745
8 (140 6 0 180 156 90 ) 63972.4
8 (140 6 0 180 156 36 ) 3068.13
8 (122 4 1 12 192 64 ) 160.745
8 (131 1 2 60 156 16 ) 6.24611e+07
8 (131 1 2 60 156 16 ) 8814.69
8 (122 4 1 12 192 64 ) 160.745
8 (122 4 0 0 192 16 ) 2.34642e+06
8 (122 4 0 0 192 70 ) 292.361
8 (122 4 1 12 192 64 ) 160.745
8 (32 1 0 60 180 16 ) 1956.04
8 (32 1 2 60 180 16 ) 560.987
8 (122 4 1 12 192 64 ) 160.745
8 (122 1 2 192 156 16 ) 8169.67
8 (122 1 2 171 156 16 ) 6594.5
8 (122 4 1 12 192 64 ) 160.745
8 (113 1 0 84 156 16 ) 2177.49
8 (113 1 0 84 156 16 ) 1121.07
8 (122 4 1 12 192 64 ) 160.745
8 (167 1 1 204 156 16 ) 17078.6
8 (167 1 1 83 156 16 ) 8800.22
8 (122 4 1 12 192 64 ) 160.745
8 (122 5 0 180 96 36 ) 519.674
8 (122 4 1 12 192 64 ) 160.745
8 (113 3 0 60 192 16 ) 746340
8 (113 3 0 60 63 16 ) 17223.1
8 (122 4 1 12 192 64 ) 160.745
8 (122 5 1 180 180 32 ) 17759.8
8 (122 5 1 41 180 32 ) 781.417
8 (122 4 1 12 192 64 ) 160.745
8 (23 1 1 216 156 32 ) 477.616
8 (23 1 1 216 190 32 ) 469.479
8 (122 4 1 12 192 64 ) 160.745
8 (23 5 2 48 156 36 ) 246.766
8 (23 5 2 48 217 36 ) 161.267
8 (122 4 1 12 192 64 ) 160.745
8 (70 5 1 60 96 72 ) 22550.3
8 (70 5 1 81 96 72 ) 183.434
8 (122 4 1 12 192 64 ) 160.745
8 (86 4 1 216 96 32 ) 29677.8
8 (86 4 1 76 96 32 ) 21819.7
8 (122 4 1 12 192 64 ) 160.745
8 (122 1 1 204 96 36 ) 17738.5
8 (122 1 1 204 35 36 ) 1087.41
8 (122 4 1 12 192 64 ) 160.745
8 (5 1 2 132 84 68 ) 227.237
8 (38 1 2 132 84 68 ) 218.254
8 (122 4 1 12 192 64 ) 160.745
8 (70 5 2 12 180 68 ) 44421.1
8 (85 5 2 12 180 68 ) 493.894
8 (122 4 1 12 192 64 ) 160.745
8 (23 4 0 204 84 64 ) 278.629
8 (23 4 0 204 84 64 ) 138.658
8 (23 4 0 204 84 64 ) 138.658
8 (23 5 1 204 156 68 ) 21942.5
8 (23 5 1 204 156 4 ) 21724
8 (23 4 0 204 84 64 ) 138.658
8 (113 5 0 48 217 56 ) 26681.8
8 (58 5 0 48 217 56 ) 200.59
8 (23 4 0 204 84 64 ) 138.658
8 (38 1 0 81 96 64 ) 474.35
8 (38 1 0 81 96 64 ) 337.762
8 (23 4 0 204 84 64 ) 138.658
8 (23 4 2 81 96 64 ) 278.021
8 (23 4 0 204 84 64 ) 138.658
8 (58 4 0 36 96 32 ) 1647.46
8 (58 4 0 36 96 80 ) 455.919
8 (23 4 0 204 84 64 ) 138.658
8 (58 1 2 204 96 64 ) 14469.8
8 (80 1 2 204 96 64 ) 403.974
8 (23 4 0 204 84 64 ) 138.658
8 (23 1 0 81 156 64 ) 1514.98
8 (23 4 0 81 156 64 ) 434.589
8 (23 4 0 204 84 64 ) 138.658
8 (86 5 0 132 217 80 ) 115.631
8 (86 5 0 132 217 80 ) 115.631
8 (122 4 2 132 96 36 ) 4017.08
8 (122 4 2 132 122 36 ) 2222.27
8 (86 5 0 132 217 80 ) 115.631
8 (58 4 0 81 96 52 ) 429.681
8 (58 5 0 81 96 52 ) 201.176
8 (86 5 0 132 217 80 ) 115.631
8 (58 5 0 132 84 52 ) 23131.4
8 (58 5 0 132 157 52 ) 570.555
8 (86 5 0 132 217 80 ) 115.631
8 (86 4 2 12 84 72 ) 28677.8
8 (86 4 2 12 84 72 ) 136.106
8 (86 5 0 132 217 80 ) 115.631
8 (23 3 2 204 217 52 ) 438.395
8 (23 0 2 204 217 52 ) 268.576
8 (86 5 0 132 217 80 ) 115.631
8 (86 5 0 204 96 52 ) 48001.9
8 (86 5 0 204 18 52 ) 615.762
8 (86 5 0 132 217 80 ) 115.631
8 (23 4 0 81 156 72 ) 424.104
8 (39 4 0 81 156 72 ) 150.543
8 (86 5 0 132 217 80 ) 115.631
8 (23 4 2 81 156 36 ) 37.6245
8 (23 4 2 81 156 36 ) 37.6245
8 (23 4 2 81 156 72 ) 1678.01
8 (23 4 2 81 156 22 ) 442.426
8 (23 4 2 81 156 36 ) 37.6245
8 (23 4 1 81 156 56 ) 636.895
8 (23 4 1 81 86 56 ) 348.567
8 (23 4 2 81 156 36 ) 37.6245
8 (58 5 2 81 84 36 ) 609.648
8 (58 5 2 81 89 36 ) 443.485
8 (23 4 2 81 156 36 ) 37.6245
8 (86 1 0 81 96 72 ) 1791.62
8 (86 3 0 81 96 72 ) 599.932
8 (23 4 2 81 156 36 ) 37.6245
8 (58 1 0 81 84 72 ) 528.107
8 (58 2 0 81 84 72 ) 398.174
8 (23 4 2 81 156 36 ) 37.6245
8 (38 4 2 132 84 36 ) 15745.5
8 (38 4 2 132 84 60 ) 3308.81
8 (23 4 2 81 156 36 ) 37.6245
8 (23 5 2 132 217 64 ) 35804.5
8 (23 5 2 195 217 64 ) 25027.8
8 (23 4 2 81 156 36 ) 37.6245
8 (5 5 0 12 217 64 ) 163752
8 (5 5 0 12 217 9 ) 52997.8
8 (23 4 2 81 156 36 ) 37.6245
8 (86 4 0 48 96 68 ) 304.102
8 (86 4 0 48 96 68 ) 279.014
8 (23 4 2 81 156 36 ) 37.6245
8 (38 4 0 81 84 68 ) 15991.8
8 (38 4 0 236 84 68 ) 668.454
8 (23 4 2 81 156 36 ) 37.6245
8 (38 1 2 236 84 72 ) 89.3746
8 (23 4 2 81 156 36 ) 37.6245
8 (70 4 0 48 84 72 ) 577.799
8 (70 4 2 48 84 72 ) 330.139
8 (23 4 2 81 156 36 ) 37.6245
8 (23 4 2 236 96 72 ) 19331.2
8 (23 6 2 236 96 72 ) 2242.86
8 (23 4 2 81 156 36 ) 37.6245
8 (23 5 0 204 217 52 ) 1765.04
8 (23 5 0 204 35 52 ) 451.261
8 (23 4 2 81 156 36 ) 37.6245
8 (86 4 2 48 217 72 ) 371.498
8 (23 4 2 81 156 36 ) 37.6245
8 (23 4 2 12 217 56 ) 325.924
8 (23 4 2 129 217 56 ) 250.073
8 (23 4 2 81 156 36 ) 37.6245
8 (23 5 1 81 96 80 ) 312.844
8 (23 5 1 81 96 80 ) 182.519
8 (23 4 2 81 156 36 ) 37.6245
8 (86 5 0 12 84 36 ) 57844.9
8 (86 5 1 12 84 36 ) 353.64
8 (23 4 2 81 156 36 ) 37.6245
8 (38 5 2 204 84 72 ) 459.771
8 (38 5 2 150 84 72 ) 136.785
8 (23 4 2 81 156 36 ) 37.6245
8 (86 4 2 204 96 56 ) 2089.35
8 (86 4 2 171 96 56 ) 507.285
8 (23 4 2 81 156 36 ) 37.6245
8 (38 5 2 129 84 36 ) 663.662
8 (38 5 0 129 84 36 ) 362.513
8 (23 4 2 81 156 36 ) 37.6245
8 (23 5 2 12 156 72 ) 26373.5
8 (23 0 2 12 156 72 ) 442.999
8 (23 4 2 81 156 36 ) 37.6245
8 (86 5 2 129 156 56 ) 22030
8 (86 5 2 129 156 56 ) 1727.54
8 (23 4 2 81 156 36 ) 37.6245
8 (122 5 2 81 156 52 ) 5542.65
8 (122 2 2 81 156 52 ) 4820.94
8 (23 4 2 81 156 36 ) 37.6245
8 (5 5 2 81 84 80 ) 496.892
8 (5 5 2 81 79 80 ) 440.431
8 (23 4 2 81 156 36 ) 37.6245
8 (122 5 0 48 217 72 ) 44052.3
8 (122 6 0 48 217 72 ) 38554.6
8 (23 4 2 81 156 36 ) 37.6245
8 (23 4 2 81 217 72 ) 515.11
8 (23 4 2 81 123 72 ) 356.9
8 (23 4 2 81 156 36 ) 37.6245
8 (38 1 1 81 217 52 ) 13163
8 (38 1 1 144 217 52 ) 1797.89
8 (23 4 2 81 156 36 ) 37.6245
8 (58 5 2 132 96 72 ) 609.962
8 (58 5 0 132 96 72 ) 436.97
8 (23 4 2 81 156 36 ) 37.6245
8 (23 5 2 48 217 36 ) 330.582
8 (23 5 2 48 120 36 ) 320.245
8 (23 4 2 81 156 36 ) 37.6245
8 (39 5 2 81 84 68 ) 31775.2
8 (39 6 2 81 84 68 ) 17501.9
8 (23 4 2 81 156 36 ) 37.6245
8 (23 4 2 132 84 80 ) 545.756
8 (23 4 2 132 84 53 ) 482.022
8 (23 4 2 81 156 36 ) 37.6245
8 (58 5 1 81 156 36 ) 720.528
8 (23 4 2 81 156 36 ) 37.6245
8 (38 5 1 129 192 72 ) 37893.9
8 (38 5 1 143 192 72 ) 294.036
8 (23 4 2 81 156 36 ) 37.6245
8 (23 5 2 150 84 68 ) 1863.4
8 (66 5 2 150 84 68 ) 388.181
8 (23 4 2 81 156 36 ) 37.6245
8 (5 4 2 81 84 72 ) 1849.7
8 (5 6 2 81 84 72 ) 627.372
8 (23 4 2 81 156 36 ) 37.6245
8 (38 1 2 12 84 80 ) 108.976
8 (27 1 2 12 84 80 ) 85.6321
8 (23 4 2 81 156 36 ) 37.6245
8 (38 4 2 12 156 72 ) 973.805
8 (22 4 2 12 156 72 ) 253.821
8 (23 4 2 81 156 36 ) 37.6245
8 (23 5 0 81 84 80 ) 257.972
8 (23 4 2 81 156 36 ) 37.6245
8 (5 5 0 12 217 52 ) 446.313
8 (5 4 0 12 217 52 ) 367.037
8 (23 4 2 81 156 36 ) 37.6245
8 (38 1 1 12 84 68 ) 658.458
8 (38 1 0 12 84 68 ) 565.271
8 (23 4 2 81 156 36 ) 37.6245
8 (38 5 0 12 84 72 ) 209.859
8 (23 4 2 81 156 36 ) 37.6245
8 (38 1 2 81 156 72 ) 280.044
8 (38 1 2 81 96 72 ) 87.4489
8 (23 4 2 81 156 36 ) 37.6245
8 (23 5 1 204 156 72 ) 64846.4
8 (23 5 1 34 156 72 ) 169.733
8 (23 4 2 81 156 36 ) 37.6245
8 (58 1 1 132 84 72 ) 318.255
8 (58 0 1 132 84 72 ) 187.317
8 (23 4 2 81 156 36 ) 37.6245
8 (23 5 2 81 217 80 ) 152.356
8 (23 5 2 81 32 80 ) 57.6566
8 (23 4 2 81 156 36 ) 37.6245
8 (38 5 2 12 156 80 ) 50734.8
8 (38 5 2 12 156 80 ) 88.4405
8 (23 4 2 81 156 36 ) 37.6245
8 (23 5 1 81 84 36 ) 21366.1
8 (23 5 1 37 84 36 ) 13750.3
8 (23 4 2 81 156 36 ) 37.6245
8 (23 4 2 81 217 80 ) 35770.5
8 (23 4 2 81 227 80 ) 1887.78
8 (23 4 2 81 156 36 ) 37.6245
8 (23 1 1 34 156 72 ) 38218.1
8 (23 1 1 34 156 72 ) 562.644
8 (23 4 2 81 156 36 ) 37.6245
8 (27 4 2 150 84 72 ) 33702.9
8 (27 4 2 130 84 72 ) 338.418
8 (23 4 2 81 156 36 ) 37.6245
8 (38 5 2 81 217 72 ) 681.39
8 (38 1 2 81 217 72 ) 485.564
8 (23 4 2 81 156 36 ) 37.6245
8 (39 4 2 236 96 72 ) 16437.8
8 (39 2 2 236 96 72 ) 1898.41
8 (23 4 2 81 156 36 ) 37.6245
8 (122 5 2 81 96 72 ) 474461
8 (122 5 2 81 153 72 ) 606.821
8 (23 4 2 81 156 36 ) 37.6245
8 (38 4 1 204 217 80 ) 673.879
8 (113 4 1 204 217 80 ) 630.759
8 (23 4 2 81 156 36 ) 37.6245
8 (23 1 2 81 84 64 ) 1716.05
8 (23 0 2 81 84 64 ) 295.791
8 (23 4 2 81 156 36 ) 37.6245
8 (38 4 2 81 84 80 ) 56170.6
8 (38 4 2 174 84 80 ) 22582.6
8 (23 4 2 81 156 36 ) 37.6245
8 (23 4 1 132 32 80 ) 1954.37
8 (23 1 1 132 32 80 ) 1937.85
8 (23 4 2 81 156 36 ) 37.6245
8 (86 5 1 12 217 64 ) 409.986
8 (86 5 1 76 217 64 ) 226.193
8 (23 4 2 81 156 36 ) 37.6245
8 (38 5 0 81 156 80 ) 1621.86
8 (38 5 0 195 156 80 ) 181.617
8 (23 4 2 81 156 36 ) 37.6245
8 (23 5 2 81 156 72 ) 25564.6
8 (23 5 2 81 156 77 ) 566.794
8 (23 4 2 81 156 36 ) 37.6245
8 (23 5 2 81 217 72 ) 37853.3
8 (23 5 2 81 51 72 ) 298.835
8 (23 4 2 81 156 36 ) 37.6245
8 (23 5 2 204 51 80 ) 26876.1
8 (23 5 2 204 51 58 ) 390.721
8 (23 4 2 81 156 36 ) 37.6245
8 (23 1 0 150 84 80 ) 38837.4
8 (23 1 0 237 84 80 ) 116.927
8 (23 4 2 81 156 36 ) 37.6245
8 (23 1 2 12 84 80 ) 364.863
8 (23 1 2 12 232 80 ) 354.657
8 (23 4 2 81 156 36 ) 37.6245
8 (38 5 2 12 32 72 ) 258.888
8 (38 5 2 12 10 72 ) 240.301
8 (23 4 2 81 156 36 ) 37.6245
8 (38 5 2 195 96 72 ) 21767.8
8 (38 5 2 195 142 72 ) 387.107
8 (23 4 2 81 156 36 ) 37.6245
8 (23 5 1 12 84 80 ) 376.743
8 (23 5 1 12 238 80 ) 250.666
8 (23 4 2 81 156 36 ) 37.6245
8 (86 1 2 34 156 72 ) 19299.7
8 (86 1 2 34 156 72 ) 17878
8 (23 4 2 81 156 36 ) 37.6245
8 (23 1 2 81 84 80 ) 1649.77
8 (107 1 2 81 84 80 ) 52.7072
8 (23 4 2 81 156 36 ) 37.6245
8 (23 5 2 81 192 80 ) 287.54
8 (145 5 2 81 192 80 ) 167.418
8 (23 4 2 81 156 36 ) 37.6245
8 (23 1 2 81 84 80 ) 26066.1
8 (23 1 2 81 84 23 ) 394.231
8 (23 4 2 81 156 36 ) 37.6245
8 (23 1 2 132 217 80 ) 515.835
8 (23 1 2 132 217 80 ) 453.491
8 (23 4 2 81 156 36 ) 37.6245
8 (23 5 2 132 96 72 ) 268.636
8 (23 4 2 81 156 36 ) 37.6245
8 (23 1 2 150 84 72 ) 589.275
8 (23 1 1 150 84 72 ) 294.33
8 (23 4 2 81 156 36 ) 37.6245
8 (39 5 2 237 156 80 ) 109.74
8 (23 4 2 81 156 36 ) 37.6245
8 (23 5 2 237 84 80 ) 148.838
8 (23 4 2 81 156 36 ) 37.6245
8 (86 4 2 81 156 80 ) 525.278
8 (86 4 2 81 110 80 ) 361.795
8 (23 4 2 81 156 36 ) 37.6245
8 (23 1 2 237 84 80 ) 22766.2
8 (23 1 2 231 84 80 ) 1690.39
8 (23 4 2 81 156 36 ) 37.6245
8 (38 1 2 81 156 80 ) 19606.8
8 (38 1 0 81 156 80 ) 739.075
8 (23 4 2 81 156 36 ) 37.6245
8 (27 1 2 237 32 80 ) 14851.7
8 (27 1 0 237 32 80 ) 450.997
8 (23 4 2 81 156 36 ) 37.6245
8 (86 5 2 12 84 72 ) 512.212
8 (86 5 2 12 100 72 ) 365.909
8 (23 4 2 81 156 36 ) 37.6245
8 (38 1 2 81 96 72 ) 25190.8
8 (38 1 2 81 96 35 ) 415.005
8 (23 4 2 81 156 36 ) 37.6245
8 (39 5 2 81 84 80 ) 325.965
8 (39 5 0 81 84 80 ) 278.085
8 (23 4 2 81 156 36 ) 37.6245
8 (38 4 2 237 156 80 ) 605.188
8 (38 4 2 237 156 49 ) 391.508
8 (23 4 2 81 156 36 ) 37.6245
8 (38 4 2 12 84 72 ) 21472.7
8 (38 4 2 230 84 72 ) 722.909
8 (23 4 2 81 156 36 ) 37.6245
8 (23 5 2 12 84 80 ) 45230.9
8 (23 5 2 12 78 80 ) 252.048
8 (23 4 2 81 156 36 ) 37.6245
8 (23 5 2 12 84 80 ) 340.318
8 (23 5 2 12 54 80 ) 282.089
8 (23 4 2 81 156 36 ) 37.6245
8 (23 4 0 237 84 80 ) 311.422
8 (23 5 0 237 84 80 ) 262.416
8 (23 4 2 81 156 36 ) 37.6245
8 (38 4 2 236 84 80 ) 21482.4
8 (38 6 2 236 84 80 ) 748.587
8 (23 4 2 81 156 36 ) 37.6245
8 (38 5 2 204 84 72 ) 276.873
8 (38 0 2 204 84 72 ) 233.29
8 (23 4 2 81 156 36 ) 37.6245
8 (86 4 2 81 84 80 ) 505.09
8 (86 4 2 141 84 80 ) 370.333
8 (23 4 2 81 156 36 ) 37.6245
8 (27 5 2 236 156 72 ) 255.946
8 (23 4 2 81 156 36 ) 37.6245
8 (27 1 2 12 84 72 ) 1745.58
8 (27 1 2 12 84 87 ) 506.806
8 (23 4 2 81 156 36 ) 37.6245
8 (38 1 2 237 84 87 ) 386.44
8 (38 1 2 50 84 87 ) 174.088
8 (23 4 2 81 156 36 ) 37.6245
8 (38 5 2 12 192 87 ) 232.805
8 (38 5 2 13 192 87 ) 154.868
8 (23 4 2 81 156 36 ) 37.6245
8 (39 4 2 81 84 80 ) 34998.3
8 (39 4 2 81 148 80 ) 30405.9
8 (23 4 2 81 156 36 ) 37.6245
8 (23 5 0 204 156 72 ) 2055.55
8 (23 3 0 204 156 72 ) 2041.85
8 (23 4 2 81 156 36 ) 37.6245
8 (23 4 2 204 84 36 ) 26582.4
8 (23 4 2 204 84 38 ) 3681.31
8 (23 4 2 81 156 36 ) 37.6245
8 (23 5 2 81 156 80 ) 37675.5
8 (23 5 2 81 51 80 ) 18440.2
8 (23 4 2 81 156 36 ) 37.6245
8 (23 1 2 236 84 80 ) 408.474
8 (11 1 2 236 84 80 ) 160.317
8 (23 4 2 81 156 36 ) 37.6245
8 (38 4 2 12 156 80 ) 453.291
8 (38 4 2 12 156 80 ) 317.794
8 (23 4 2 81 156 36 ) 37.6245
8 (38 1 2 13 84 80 ) 39307.3
8 (38 1 2 13 228 80 ) 236.107
8 (23 4 2 81 156 36 ) 37.6245
8 (86 1 2 12 217 36 ) 664.454
8 (23 4 2 81 156 36 ) 37.6245
8 (23 5 2 81 84 80 ) 583.678
8 (23 0 2 81 84 80 ) 397.347
8 (23 4 2 81 156 36 ) 37.6245
8 (23 5 2 81 84 80 ) 1671.85
8 (23 0 2 81 84 80 ) 503.219
8 (23 4 2 81 156 36 ) 37.6245
8 (23 4 2 12 84 80 ) 37685.9
8 (23 4 2 12 84 59 ) 392.602
8 (23 4 2 81 156 36 ) 37.6245
8 (27 4 2 81 32 72 ) 3188.24
8 (42 4 2 81 32 72 ) 3080.54
8 (23 4 2 81 156 36 ) 37.6245
8 (23 5 2 12 32 80 ) 173.419
8 (23 4 2 81 156 36 ) 37.6245
8 (23 1 2 12 217 72 ) 150.687
8 (23 1 2 12 121 72 ) 87.8255
8 (23 4 2 81 156 36 ) 37.6245
8 (38 5 2 237 156 80 ) 373.818
8 (38 5 2 237 156 82 ) 286.895
8 (23 4 2 81 156 36 ) 37.6245
8 (86 4 0 150 217 80 ) 420.417
8 (86 1 0 150 217 80 ) 380.834
8 (23 4 2 81 156 36 ) 37.6245
8 (23 4 2 237 156 72 ) 266.484
8 (23 4 2 237 156 57 ) 94.9573
8 (23 4 2 81 156 36 ) 37.6245
8 (23 4 2 12 84 80 ) 687.935
8 (23 4 2 12 242 80 ) 423.682
8 (23 4 2 81 156 36 ) 37.6245
8 (23 1 2 132 242 72 ) 387.202
8 (23 1 1 132 242 72 ) 165.053
8 (23 4 2 81 156 36 ) 37.6245
8 (86 4 2 12 84 72 ) 125.497
8 (23 4 2 81 156 36 ) 37.6245
8 (27 1 2 237 84 80 ) 378.946
8 (27 1 2 237 84 25 ) 241.213
8 (23 4 2 81 156 36 ) 37.6245
8 (23 4 2 237 84 80 ) 25342.4
8 (23 4 2 44 84 80 ) 438.932
8 (23 4 2 81 156 36 ) 37.6245
8 (38 5 2 81 84 57 ) 17241.5
8 (38 5 2 81 230 57 ) 570.378
8 (23 4 2 81 156 36 ) 37.6245
8 (38 1 2 81 84 80 ) 781.175
8 (38 1 2 81 84 80 ) 180.082
8 (23 4 2 81 156 36 ) 37.6245
8 (86 5 2 204 217 72 ) 38744
8 (86 5 2 204 88 72 ) 24042.1
8 (23 4 2 81 156 36 ) 37.6245
8 (23 5 2 81 84 80 ) 46695.4
8 (176 5 2 81 84 80 ) 729.333
8 (23 4 2 81 156 36 ) 37.6245
8 (86 5 2 237 84 80 ) 494.31
8 (77 5 2 237 84 80 ) 192.254
8 (23 4 2 81 156 36 ) 37.6245
8 (27 5 2 81 156 80 ) 24088.9
8 (27 5 2 61 156 80 ) 572.353
8 (23 4 2 81 156 36 ) 37.6245
8 (86 1 2 12 96 72 ) 678.361
8 (23 4 2 81 156 36 ) 37.6245
8 (23 5 2 150 84 80 ) 365.237
8 (139 5 2 150 84 80 ) 318.824
8 (23 4 2 81 156 36 ) 37.6245
8 (27 4 2 81 121 64 ) 30820.7
8 (27 4 0 81 121 64 ) 282.27
8 (23 4 2 81 156 36 ) 37.6245
8 (27 5 2 132 84 72 ) 1820.91
8 (27 5 2 132 84 71 ) 808.064
8 (23 4 2 81 156 36 ) 37.6245
8 (107 5 2 12 84 72 ) 494.453
8 (107 5 2 12 84 72 ) 244.761
8 (23 4 2 81 156 36 ) 37.6245
8 (38 1 2 81 156 80 ) 29600
8 (38 1 0 81 156 80 ) 602.123
8 (23 4 2 81 156 36 ) 37.6245
8 (38 5 2 237 156 72 ) 675.301
8 (38 5 2 237 245 72 ) 205.294
8 (23 4 2 81 156 36 ) 37.6245
8 (107 1 0 12 96 80 ) 136167
8 (107 1 0 12 96 80 ) 540.407
8 (23 4 2 81 156 36 ) 37.6245
8 (38 1 2 81 84 72 ) 23922.3
8 (80 1 2 81 84 72 ) 1915.84
8 (23 4 2 81 156 36 ) 37.6245
8 (39 4 2 81 121 57 ) 432.127
8 (23 4 2 81 156 36 ) 37.6245
8 (27 1 0 237 156 72 ) 91.2733
8 (23 4 2 81 156 36 ) 37.6245
8 (23 1 2 237 84 64 ) 334.441
8 (23 1 2 237 84 67 ) 282.314
8 (23 4 2 81 156 36 ) 37.6245
8 (23 5 2 150 84 80 ) 3355.48
8 (23 5 0 150 84 80 ) 496.679
8 (23 4 2 81 156 36 ) 37.6245
8 (86 1 2 150 84 80 ) 27383.1
8 (86 1 0 150 84 80 ) 1692.35
8 (23 4 2 81 156 36 ) 37.6245
8 (23 1 2 81 156 80 ) 64265.8
8 (23 3 2 81 156 80 ) 619.643
8 (23 4 2 81 156 36 ) 37.6245
8 (39 1 0 237 156 80 ) 488.3
8 (39 1 2 237 156 80 ) 468.657
8 (23 4 2 81 156 36 ) 37.6245
8 (107 5 0 132 84 64 ) 544.063
8 (107 5 0 132 84 64 ) 229.673
8 (23 4 2 81 156 36 ) 37.6245
8 (38 1 2 236 156 64 ) 43676.9
8 (38 3 2 236 156 64 ) 404.497
8 (23 4 2 81 156 36 ) 37.6245
8 (23 5 0 12 84 72 ) 32308.5
8 (23 5 0 12 84 33 ) 2172.82
8 (23 4 2 81 156 36 ) 37.6245
8 (38 1 0 237 156 80 ) 32948
8 (38 1 0 130 156 80 ) 418.237
8 (23 4 2 81 156 36 ) 37.6245
8 (38 1 0 237 84 72 ) 476.033
8 (23 4 2 81 156 36 ) 37.6245
8 (23 1 2 81 156 80 ) 34309.2
8 (23 1 2 81 156 87 ) 125.219
8 (23 4 2 81 156 36 ) 37.6245
8 (86 4 2 12 121 80 ) 1610.73
8 (86 4 2 12 204 80 ) 222.584
8 (23 4 2 81 156 36 ) 37.6245
8 (23 5 2 237 84 80 ) 271.531
8 (45 5 2 237 84 80 ) 230.366
8 (23 4 2 81 156 36 ) 37.6245
8 (39 5 2 81 84 80 ) 93416.1
8 (64 5 2 81 84 80 ) 61546.5
8 (23 4 2 81 156 36 ) 37.6245
8 (38 5 2 81 156 57 ) 198.666
8 (18 5 2 81 156 57 ) 170.975
8 (23 4 2 81 156 36 ) 37.6245
8 (23 5 2 236 156 80 ) 1888.35
8 (23 5 2 236 19 80 ) 377.467
8 (23 4 2 81 156 36 ) 37.6245
8 (38 1 2 236 156 72 ) 150.227
8 (38 1 2 236 156 49 ) 126.282
8 (23 4 2 81 156 36 ) 37.6245
8 (23 1 2 237 156 36 ) 12805.7
8 (23 1 1 237 156 36 ) 278.07
8 (23 4 2 81 156 36 ) 37.6245
8 (23 5 0 237 156 36 ) 479.128
8 (120 5 0 237 156 36 ) 417.463
8 (23 4 2 81 156 36 ) 37.6245
8 (23 1 2 12 84 80 ) 216.006
8 (23 4 2 81 156 36 ) 37.6245
8 (86 5 2 132 84 72 ) 493.228
8 (86 5 2 132 233 72 ) 483.323
8 (23 4 2 81 156 36 ) 37.6245
8 (23 1 2 81 156 80 ) 30955.3
8 (23 1 2 81 156 80 ) 561.767
8 (23 4 2 81 156 36 ) 37.6245
8 (23 4 2 81 84 80 ) 268.719
8 (23 4 2 201 84 80 ) 233.924
8 (23 4 2 81 156 36 ) 37.6245
8 (107 4 2 81 32 87 ) 328.735
8 (107 4 2 81 32 87 ) 264.026
8 (23 4 2 81 156 36 ) 37.6245
8 (23 4 2 81 156 80 ) 1755.29
8 (23 4 2 51 156 80 ) 285.594
8 (23 4 2 81 156 36 ) 37.6245
8 (23 5 2 237 84 36 ) 399.507
8 (23 4 2 81 156 36 ) 37.6245
8 (38 1 2 81 84 36 ) 16279.8
8 (38 1 2 81 150 36 ) 535.217
8 (23 4 2 81 156 36 ) 37.6245
8 (86 1 2 237 156 80 ) 218.247
8 (23 4 2 81 156 36 ) 37.6245
8 (86 1 2 12 156 72 ) 1875.92
8 (6 1 2 12 156 72 ) 456.898
8 (23 4 2 81 156 36 ) 37.6245
8 (38 1 2 237 84 49 ) 24255.9
8 (38 1 2 16 84 49 ) 21814.1
8 (23 4 2 81 156 36 ) 37.6245
8 (23 4 2 81 121 80 ) 1721.73
8 (23 0 2 81 121 80 ) 163.352
8 (23 4 2 81 156 36 ) 37.6245
8 (23 1 0 12 156 80 ) 58543
8 (23 1 2 12 156 80 ) 419.223
8 (23 4 2 81 156 36 ) 37.6245
8 (38 4 2 236 84 80 ) 21688.2
8 (38 3 2 236 84 80 ) 206.053
8 (23 4 2 81 156 36 ) 37.6245
8 (27 4 2 132 217 72 ) 1754.68
8 (27 4 2 132 217 51 ) 1724.45
8 (23 4 2 81 156 36 ) 37.6245
8 (38 5 2 132 96 57 ) 15492.6
8 (38 5 2 132 96 62 ) 627.663
8 (23 4 2 81 156 36 ) 37.6245
8 (23 5 2 237 96 62 ) 316.312
8 (23 5 2 237 10 62 ) 316.225
8 (23 4 2 81 156 36 ) 37.6245
8 (86 1 2 12 84 72 ) 1786.04
8 (86 1 2 82 84 72 ) 368.171
8 (23 4 2 81 156 36 ) 37.6245
8 (38 4 2 81 156 72 ) 33113.1
8 (38 4 2 160 156 72 ) 317.928
8 (23 4 2 81 156 36 ) 37.6245
8 (23 1 0 81 156 80 ) 583.964
8 (23 1 0 81 156 25 ) 328.973
8 (23 4 2 81 156 36 ) 37.6245
8 (86 1 2 236 84 72 ) 155.856
8 (90 1 2 236 84 72 ) 33.9262
8 (90 1 2 236 84 72 ) 33.9262
8 (90 5 2 236 156 36 ) 800.004
8 (90 5 2 2 156 36 ) 297.12
8 (90 1 2 236 84 72 ) 33.9262
8 (23 1 2 12 156 80 ) 1796.69
8 (23 1 0 12 156 80 ) 228.894
8 (90 1 2 236 84 72 ) 33.9262
8 (23 1 2 132 84 72 ) 130.939
8 (23 1 2 132 84 51 ) 95.6808
8 (90 1 2 236 84 72 ) 33.9262
8 (23 1 2 81 84 87 ) 660.984
8 (23 1 2 65 84 87 ) 554.631
8 (90 1 2 236 84 72 ) 33.9262
8 (107 1 2 12 156 72 ) 36623.2
8 (107 1 2 12 156 44 ) 17535.5
8 (90 1 2 236 84 72 ) 33.9262
8 (23 4 2 12 121 72 ) 368.798
8 (90 1 2 236 84 72 ) 33.9262
8 (90 1 2 132 156 72 ) 18130.9
8 (90 1 2 132 105 72 ) 1981.28
8 (90 1 2 236 84 72 ) 33.9262
8 (23 5 0 12 156 80 ) 40971.9
8 (23 2 0 12 156 80 ) 287.895
8 (90 1 2 236 84 72 ) 33.9262
8 (23 5 0 81 156 80 ) 524.906
8 (23 5 1 81 156 80 ) 277.094
8 (90 1 2 236 84 72 ) 33.9262
8 (38 1 2 81 84 72 ) 38288.4
8 (38 1 2 81 84 60 ) 517.269
8 (90 1 2 236 84 72 ) 33.9262
8 (107 1 2 12 84 51 ) 27847.6
8 (107 1 2 12 84 84 ) 18142.7
8 (90 1 2 236 84 72 ) 33.9262
8 (27 4 2 237 84 80 ) 29910.8
8 (195 4 2 237 84 80 ) 283.122
8 (90 1 2 236 84 72 ) 33.9262
8 (38 1 2 12 121 80 ) 27455.4
8 (38 1 2 12 121 80 ) 417.869
8 (90 1 2 236 84 72 ) 33.9262
8 (38 1 2 237 156 72 ) 371.752
8 (38 1 2 237 156 27 ) 195.543
8 (90 1 2 236 84 72 ) 33.9262
8 (23 5 2 81 156 57 ) 3189.53
8 (23 5 2 44 156 57 ) 464.208
8 (90 1 2 236 84 72 ) 33.9262
9 (5 2 0 168 108 56 ) 408.524
9 (77 2 1 108 96 48 ) 501.357
9 (77 2 1 108 96 65 ) 328.591
9 (77 2 1 108 96 65 ) 328.591
9 (14 2 1 48 96 60 ) 676.818
9 (14 2 1 48 96 60 ) 421.461
9 (77 2 1 108 96 65 ) 328.591
9 (167 3 1 12 192 68 ) 3428.85
9 (167 3 1 209 192 68 ) 1623.98
9 (77 2 1 108 96 65 ) 328.591
9 (77 4 0 24 168 44 ) 58180.1
9 (77 2 0 24 168 44 ) 37437.5
9 (77 2 1 108 96 65 ) 328.591
9 (77 0 0 84 168 60 ) 384.7
9 (77 2 1 108 96 65 ) 328.591
9 (77 4 1 156 108 16 ) 590.941
9 (77 2 1 108 96 65 ) 328.591
9 (14 2 1 60 168 68 ) 364.014
9 (14 2 1 60 12 68 ) 120.79
9 (14 2 1 60 12 68 ) 120.79
9 (14 3 1 12 60 68 ) 1715.17
9 (14 3 1 12 60 68 ) 303.891
9 (14 2 1 60 12 68 ) 120.79
9 (167 2 1 84 12 68 ) 6234.29
9 (14 2 1 60 12 68 ) 120.79
9 (77 4 0 168 250 16 ) 16655.5
9 (77 6 0 168 250 16 ) 832.154
9 (14 2 1 60 12 68 ) 120.79
9 (77 5 1 84 108 8 ) 725.988
9 (14 2 1 60 12 68 ) 120.79
9 (158 2 0 108 250 68 ) 67513.6
9 (158 2 0 89 250 68 ) 45645
9 (14 2 1 60 12 68 ) 120.79
9 (77 3 0 24 84 36 ) 8.92782e+08
9 (77 3 0 24 162 36 ) 89781.2
9 (14 2 1 60 12 68 ) 120.79
9 (167 3 1 48 96 36 ) 23308.2
9 (167 3 2 48 96 36 ) 5242.05
9 (14 2 1 60 12 68 ) 120.79
9 (14 3 0 60 96 68 ) 586.964
9 (14 3 0 60 96 68 ) 393.197
9 (14 2 1 60 12 68 ) 120.79
9 (5 2 1 108 84 48 ) 15123.6
9 (22 2 1 108 84 48 ) 729.374
9 (14 2 1 60 12 68 ) 120.79
9 (77 5 1 209 108 16 ) 283168
9 (77 5 1 219 108 16 ) 2733.15
9 (14 2 1 60 12 68 ) 120.79
9 (77 2 1 156 84 68 ) 16685.6
9 (77 2 1 134 84 68 ) 15565.6
9 (14 2 1 60 12 68 ) 120.79
9 (14 6 1 84 250 60 ) 1.1058e+09
9 (14 6 1 84 250 63 ) 8.67236e+08
9 (14 2 1 60 12 68 ) 120.79
9 (14 2 0 204 12 56 ) 369.786
9 (14 2 0 90 12 56 ) 340.658
9 (14 2 1 60 12 68 ) 120.79
9 (86 2 0 60 12 68 ) 70495.4
9 (84 2 0 60 12 68 ) 656.528
9 (14 2 1 60 12 68 ) 120.79
9 (14 3 0 60 84 68 ) 18725.9
9 (14 1 0 60 84 68 ) 826.262
9 (14 2 1 60 12 68 ) 120.79
9 (14 3 1 84 250 60 ) 33762
9 (14 3 1 33 250 60 ) 632.358
9 (14 2 1 60 12 68 ) 120.79
9 (14 3 0 204 168 36 ) 616.256
9 (14 3 0 204 168 36 ) 320.466
9 (14 2 1 60 12 68 ) 120.79
9 (14 2 0 108 12 68 ) 607.241
9 (14 2 0 108 12 79 ) 420.643
9 (14 2 1 60 12 68 ) 120.79
9 (14 2 0 204 12 68 ) 267.446
9 (14 4 0 204 12 68 ) 234.446
9 (14 2 1 60 12 68 ) 120.79
9 (14 2 0 204 96 68 ) 36026.3
9 (14 2 0 204 168 68 ) 653.066
9 (14 2 1 60 12 68 ) 120.79
9 (77 3 1 60 168 36 ) 2140.46
9 (77 3 1 247 168 36 ) 260.996
9 (14 2 1 60 12 68 ) 120.79
9 (14 2 1 60 84 79 ) 334.608
9 (14 2 1 60 179 79 ) 119.677
9 (14 2 1 60 179 79 ) 119.677
9 (14 2 0 204 12 79 ) 611.789
9 (14 2 0 204 1 79 ) 600.608
9 (14 2 1 60 179 79 ) 119.677
9 (14 2 0 90 84 65 ) 452.964
9 (14 2 0 90 84 65 ) 158.804
9 (14 2 1 60 179 79 ) 119.677
9 (14 2 0 247 12 68 ) 48803.5
9 (14 2 0 247 233 68 ) 38690
9 (14 2 1 60 179 79 ) 119.677
9 (5 2 0 60 60 68 ) 295.747
9 (5 2 0 60 60 56 ) 98.0715
9 (5 2 0 60 60 56 ) 98.0715
9 (14 2 1 60 12 79 ) 25890.3
9 (14 2 1 60 12 70 ) 371.561
9 (5 2 0 60 60 56 ) 98.0715
9 (14 2 0 60 60 68 ) 275.477
9 (14 2 0 229 60 68 ) 272.206
9 (5 2 0 60 60 56 ) 98.0715
9 (14 2 1 247 12 79 ) 1682.55
9 (14 2 1 192 12 79 ) 354.787
9 (5 2 0 60 60 56 ) 98.0715
9 (14 2 0 60 12 65 ) 1982.95
9 (14 2 0 60 12 65 ) 307.01
9 (5 2 0 60 60 56 ) 98.0715
9 (14 2 1 204 168 79 ) 15515.3
9 (129 2 1 204 168 79 ) 410.359
9 (5 2 0 60 60 56 ) 98.0715
9 (14 2 0 204 12 79 ) 1639.63
9 (14 5 0 204 12 79 ) 864.728
9 (5 2 0 60 60 56 ) 98.0715
9 (14 2 1 204 12 56 ) 473.344
9 (14 0 1 204 12 56 ) 85.1126
9 (14 0 1 204 12 56 ) 85.1126
9 (5 2 1 60 12 56 ) 1938.16
9 (5 2 1 60 12 56 ) 320.619
9 (14 0 1 204 12 56 ) 85.1126
9 (14 3 1 60 179 68 ) 1599.13
9 (26 3 1 60 179 68 ) 533.141
9 (14 0 1 204 12 56 ) 85.1126
9 (5 0 0 60 179 68 ) 341.238
9 (5 0 0 75 179 68 ) 339.947
9 (14 0 1 204 12 56 ) 85.1126
9 (14 0 0 60 168 68 ) 1544.57
9 (14 5 0 60 168 68 ) 464.624
9 (14 0 1 204 12 56 ) 85.1126
9 (14 5 0 60 179 68 ) 633.799
9 (14 5 0 60 54 68 ) 410.063
9 (14 0 1 204 12 56 ) 85.1126
9 (5 2 0 60 12 68 ) 1892.46
9 (5 1 0 60 12 68 ) 339.492
9 (14 0 1 204 12 56 ) 85.1126
9 (77 2 1 108 12 56 ) 1450.6
9 (77 2 1 108 133 56 ) 463.066
9 (14 0 1 204 12 56 ) 85.1126
9 (14 2 0 60 12 56 ) 561.552
9 (14 2 1 60 12 56 ) 279.84
9 (14 0 1 204 12 56 ) 85.1126
9 (5 2 0 60 179 79 ) 263.425
9 (14 0 1 204 12 56 ) 85.1126
9 (14 2 1 60 179 68 ) 26063.1
9 (143 2 1 60 179 68 ) 304.351
9 (14 0 1 204 12 56 ) 85.1126
9 (5 3 0 60 96 65 ) 1956.87
9 (59 3 0 60 96 65 ) 1345
9 (14 0 1 204 12 56 ) 85.1126
9 (77 3 1 204 12 68 ) 253.316
9 (162 3 1 204 12 68 ) 221.472
9 (14 0 1 204 12 56 ) 85.1126
9 (5 3 1 12 12 68 ) 123901
9 (5 3 1 12 12 68 ) 122134
9 (14 0 1 204 12 56 ) 85.1126
9 (5 2 0 60 12 68 ) 456.399
9 (5 2 0 60 12 68 ) 218.814
9 (14 0 1 204 12 56 ) 85.1126
9 (5 2 0 60 12 65 ) 137.418
9 (5 2 0 60 12 85 ) 37.0789
9 (5 2 0 60 12 85 ) 37.0789
9 (162 2 0 60 12 36 ) 17482.9
9 (162 0 0 60 12 36 ) 543.676
9 (5 2 0 60 12 85 ) 37.0789
9 (5 2 0 229 84 68 ) 759.42
9 (5 2 0 229 106 68 ) 391.128
9 (5 2 0 60 12 85 ) 37.0789
9 (14 2 1 204 60 65 ) 363.916
9 (14 2 1 204 60 73 ) 224.722
9 (5 2 0 60 12 85 ) 37.0789
9 (162 2 1 60 60 85 ) 279.095
9 (61 2 1 60 60 85 ) 259.046
9 (5 2 0 60 12 85 ) 37.0789
9 (162 2 1 60 12 68 ) 460.057
9 (5 2 0 60 12 85 ) 37.0789
9 (14 2 0 60 12 56 ) 73189.9
9 (14 2 1 60 12 56 ) 17639.4
9 (5 2 0 60 12 85 ) 37.0789
9 (5 2 1 60 12 56 ) 678.278
9 (190 2 1 60 12 56 ) 301.377
9 (5 2 0 60 12 85 ) 37.0789
9 (14 3 0 204 60 68 ) 444.292
9 (14 3 0 139 60 68 ) 193.546
9 (5 2 0 60 12 85 ) 37.0789
9 (14 2 0 60 84 68 ) 501.854
9 (14 2 0 241 84 68 ) 438.468
9 (5 2 0 60 12 85 ) 37.0789
9 (5 2 0 60 12 68 ) 53601
9 (5 2 0 170 12 68 ) 277.405
9 (5 2 0 60 12 85 ) 37.0789
9 (5 3 0 139 60 79 ) 138007
9 (5 3 0 139 60 40 ) 66917.6
9 (5 2 0 60 12 85 ) 37.0789
9 (14 2 1 204 60 79 ) 335.378
9 (14 2 1 165 60 79 ) 314.732
9 (5 2 0 60 12 85 ) 37.0789
9 (14 2 0 60 60 65 ) 179.591
9 (14 2 0 60 60 54 ) 139.614
9 (5 2 0 60 12 85 ) 37.0789
9 (77 0 1 60 12 65 ) 3857.16
9 (77 0 1 60 93 65 ) 387.849
9 (5 2 0 60 12 85 ) 37.0789
9 (14 4 1 204 60 85 ) 273.743
9 (14 4 1 204 206 85 ) 214.235
9 (5 2 0 60 12 85 ) 37.0789
9 (14 0 1 139 84 68 ) 62331.9
9 (25 0 1 139 84 68 ) 124.684
9 (5 2 0 60 12 85 ) 37.0789
9 (77 2 1 204 179 65 ) 243.376
9 (5 2 0 60 12 85 ) 37.0789
9 (14 2 0 204 12 79 ) 387.954
9 (19 2 0 204 12 79 ) 318.273
9 (5 2 0 60 12 85 ) 37.0789
9 (14 3 1 139 12 65 ) 445.293
9 (14 3 1 30 12 65 ) 426.987
9 (5 2 0 60 12 85 ) 37.0789
9 (14 3 0 60 12 56 ) 9.49004e+06
9 (14 3 0 60 12 56 ) 2627.68
9 (5 2 0 60 12 85 ) 37.0789
9 (5 4 0 60 12 65 ) 45427.7
9 (101 4 0 60 12 65 ) 15284.1
9 (5 2 0 60 12 85 ) 37.0789
9 (14 2 0 60 84 68 ) 432.185
9 (14 2 0 60 46 68 ) 376.239
9 (5 2 0 60 12 85 ) 37.0789
9 (5 2 0 204 12 56 ) 269.43
9 (5 2 0 188 12 56 ) 250.936
9 (5 2 0 60 12 85 ) 37.0789
9 (14 3 0 188 84 65 ) 36818.6
9 (14 3 0 188 102 65 ) 3289.11
9 (5 2 0 60 12 85 ) 37.0789
9 (5 4 0 60 12 68 ) 444.705
9 (5 4 2 60 12 68 ) 258.54
9 (5 2 0 60 12 85 ) 37.0789
9 (14 0 0 60 60 73 ) 3173.33
9 (14 0 0 60 57 73 ) 449.594
9 (5 2 0 60 12 85 ) 37.0789
9 (14 4 0 90 179 65 ) 335.219
9 (5 2 0 60 12 85 ) 37.0789
9 (5 3 0 60 12 85 ) 648.264
9 (5 2 0 60 12 85 ) 37.0789
9 (14 2 1 204 12 65 ) 1643.75
9 (14 2 1 74 12 65 ) 753.113
9 (5 2 0 60 12 85 ) 37.0789
9 (14 2 1 204 179 56 ) 13525.5
9 (14 2 1 204 179 56 ) 3472.65
9 (5 2 0 60 12 85 ) 37.0789
9 (14 2 0 204 84 85 ) 588.87
9 (14 2 0 204 84 50 ) 444.3
9 (5 2 0 60 12 85 ) 37.0789
9 (5 0 0 204 12 85 ) 355.877
9 (5 0 0 204 12 2 ) 334.658
9 (5 2 0 60 12 85 ) 37.0789
9 (14 4 1 188 179 65 ) 263.514
9 (5 2 0 60 12 85 ) 37.0789
9 (14 2 0 139 12 85 ) 508.527
9 (5 2 0 60 12 85 ) 37.0789
9 (77 3 1 204 12 68 ) 118.011
9 (5 2 0 60 12 85 ) 37.0789
9 (14 0 0 139 12 56 ) 2133.83
9 (95 0 0 139 12 56 ) 254.688
9 (5 2 0 60 12 85 ) 37.0789
9 (5 2 0 60 60 56 ) 105309
9 (5 2 2 60 60 56 ) 307.677
9 (5 2 0 60 12 85 ) 37.0789
9 (77 2 0 204 12 65 ) 768.566
9 (77 2 0 228 12 65 ) 148.423
9 (5 2 0 60 12 85 ) 37.0789
9 (5 2 1 139 206 56 ) 773.296
9 (5 3 1 139 206 56 ) 311.304
9 (5 2 0 60 12 85 ) 37.0789
9 (14 0 0 204 206 79 ) 462.242
9 (14 0 0 204 188 79 ) 419.539
9 (5 2 0 60 12 85 ) 37.0789
9 (5 0 1 60 12 85 ) 42959.2
9 (5 0 1 54 12 85 ) 436.182
9 (5 2 0 60 12 85 ) 37.0789
9 (14 2 0 60 60 54 ) 512.012
9 (14 2 0 60 60 49 ) 485.593
9 (5 2 0 60 12 85 ) 37.0789
9 (14 2 0 204 60 79 ) 1734.74
9 (176 2 0 204 60 79 ) 824.511
9 (5 2 0 60 12 85 ) 37.0789
9 (77 2 1 60 12 68 ) 2126.69
9 (77 2 1 60 55 68 ) 534.588
9 (5 2 0 60 12 85 ) 37.0789
9 (5 2 0 139 179 79 ) 780.614
9 (5 2 0 139 179 79 ) 566.585
9 (5 2 0 60 12 85 ) 37.0789
9 (77 2 1 60 206 65 ) 132.482
9 (5 2 0 60 12 85 ) 37.0789
9 (5 0 0 204 60 65 ) 476.978
9 (5 0 0 204 156 65 ) 328.618
9 (5 2 0 60 12 85 ) 37.0789
9 (77 2 1 90 60 68 ) 15008.3
9 (77 4 1 90 60 68 ) 447.71
9 (5 2 0 60 12 85 ) 37.0789
9 (14 3 1 60 179 68 ) 51648.2
9 (14 3 1 60 179 43 ) 31458
9 (5 2 0 60 12 85 ) 37.0789
9 (14 2 1 60 179 65 ) 568.874
9 (14 2 1 101 179 65 ) 425.096
9 (5 2 0 60 12 85 ) 37.0789
9 (14 2 0 60 12 56 ) 38523.1
9 (35 2 0 60 12 56 ) 30948.1
9 (5 2 0 60 12 85 ) 37.0789
9 (14 2 1 60 12 68 ) 28368.4
9 (14 0 1 60 12 68 ) 486.583
9 (5 2 0 60 12 85 ) 37.0789
9 (14 0 0 204 84 68 ) 1858.11
9 (37 0 0 204 84 68 ) 520.727
9 (5 2 0 60 12 85 ) 37.0789
9 (14 0 0 60 12 68 ) 36903.1
9 (14 0 0 60 12 15 ) 613.91
9 (5 2 0 60 12 85 ) 37.0789
9 (14 0 1 90 60 65 ) 572.729
9 (14 4 1 90 60 65 ) 81.2957
9 (5 2 0 60 12 85 ) 37.0789
9 (14 2 1 60 206 56 ) 1896.14
9 (5 2 0 60 12 85 ) 37.0789
9 (14 2 0 60 60 68 ) 608.587
9 (14 2 0 24 60 68 ) 417.821
9 (5 2 0 60 12 85 ) 37.0789
9 (5 0 1 204 12 65 ) 285.092
9 (5 2 0 60 12 85 ) 37.0789
9 (14 0 0 60 84 85 ) 280.807
9 (57 0 0 60 84 85 ) 238.408
9 (5 2 0 60 12 85 ) 37.0789
9 (14 0 0 139 12 79 ) 734.649
9 (14 0 0 139 63 79 ) 702.916
9 (5 2 0 60 12 85 ) 37.0789
9 (77 2 0 60 60 65 ) 232.032
9 (77 1 0 60 60 65 ) 224.92
9 (5 2 0 60 12 85 ) 37.0789
9 (5 2 1 204 12 85 ) 40923.7
9 (5 2 1 204 165 85 ) 1961.82
9 (5 2 0 60 12 85 ) 37.0789
9 (5 4 0 60 12 68 ) 346.976
9 (5 2 0 60 12 85 ) 37.0789
9 (5 2 0 60 12 68 ) 347.92
9 (5 2 0 60 155 68 ) 71.3004
9 (5 2 0 60 12 85 ) 37.0789
9 (77 2 1 60 12 65 ) 2606.08
9 (77 2 1 73 12 65 ) 813.162
9 (5 2 0 60 12 85 ) 37.0789
9 (14 2 0 204 12 65 ) 521.974
9 (41 2 0 204 12 65 ) 276.37
9 (5 2 0 60 12 85 ) 37.0789
9 (77 0 1 204 84 68 ) 17982.8
9 (77 0 1 204 84 22 ) 12976.5
9 (5 2 0 60 12 85 ) 37.0789
9 (14 2 0 90 12 79 ) 493.956
9 (14 2 0 90 12 82 ) 239.725
9 (5 2 0 60 12 85 ) 37.0789
9 (14 2 0 60 12 79 ) 601.279
9 (14 2 0 60 12 49 ) 387.024
9 (5 2 0 60 12 85 ) 37.0789
9 (14 3 0 139 60 49 ) 1928.24
9 (14 3 0 139 60 36 ) 1232.32
9 (5 2 0 60 12 85 ) 37.0789
9 (5 2 0 204 60 65 ) 84272.5
9 (37 2 0 204 60 65 ) 44090.7
9 (5 2 0 60 12 85 ) 37.0789
9 (14 2 1 60 60 68 ) 42455.4
9 (69 2 1 60 60 68 ) 828.702
9 (5 2 0 60 12 85 ) 37.0789
9 (14 0 0 60 206 85 ) 47564.6
9 (14 0 0 203 206 85 ) 1797.08
9 (5 2 0 60 12 85 ) 37.0789
9 (14 3 0 60 60 56 ) 69604.2
9 (14 3 0 207 60 56 ) 30957.2
9 (5 2 0 60 12 85 ) 37.0789
9 (77 2 0 60 12 68 ) 732.407
9 (5 2 0 60 12 85 ) 37.0789
9 (25 3 1 90 12 54 ) 50389.4
9 (25 3 1 90 12 26 ) 22217.9
9 (5 2 0 60 12 85 ) 37.0789
9 (77 3 1 60 60 68 ) 109.908
9 (5 2 0 60 12 85 ) 37.0789
9 (5 2 0 60 12 65 ) 4670.89
9 (5 2 0 60 12 51 ) 286.963
9 (5 2 0 60 12 85 ) 37.0789
9 (77 0 0 60 60 65 ) 404.314
9 (5 2 0 60 12 85 ) 37.0789
9 (5 2 1 139 12 79 ) 488.486
9 (5 2 1 11 12 79 ) 385.308
9 (5 2 0 60 12 85 ) 37.0789
9 (5 2 1 204 12 65 ) 460.716
9 (5 2 1 232 12 65 ) 266.056
9 (5 2 0 60 12 85 ) 37.0789
9 (5 0 0 204 12 65 ) 103011
9 (5 3 0 204 12 65 ) 86973.5
9 (5 2 0 60 12 85 ) 37.0789
9 (77 3 0 139 84 65 ) 4188.73
9 (77 3 2 139 84 65 ) 2816.79
9 (5 2 0 60 12 85 ) 37.0789
9 (77 2 1 60 12 65 ) 638.246
9 (77 2 1 60 12 68 ) 504.647
9 (5 2 0 60 12 85 ) 37.0789
9 (77 2 1 60 60 65 ) 644.229
9 (77 2 1 60 60 65 ) 496.143
9 (5 2 0 60 12 85 ) 37.0789
9 (77 3 0 60 179 65 ) 79775.7
9 (77 3 0 7 179 65 ) 50256.7
9 (5 2 0 60 12 85 ) 37.0789
9 (5 2 1 228 206 68 ) 15705.4
9 (5 2 1 228 121 68 ) 404.395
9 (5 2 0 60 12 85 ) 37.0789
9 (5 4 0 60 60 68 ) 27278.7
9 (173 4 0 60 60 68 ) 402.919
9 (5 2 0 60 12 85 ) 37.0789
9 (77 0 0 60 60 65 ) 27219.2
9 (77 0 0 117 60 65 ) 25764.2
9 (5 2 0 60 12 85 ) 37.0789
9 (77 2 1 228 12 68 ) 720.58
9 (5 2 0 60 12 85 ) 37.0789
9 (5 2 1 228 155 65 ) 55566.2
9 (97 2 1 228 155 65 ) 475.002
9 (5 2 0 60 12 85 ) 37.0789
9 (14 2 1 139 12 65 ) 561.633
9 (14 2 1 139 199 65 ) 460.942
9 (5 2 0 60 12 85 ) 37.0789
9 (14 4 0 139 60 68 ) 558.499
9 (132 4 0 139 60 68 ) 356.137
9 (5 2 0 60 12 85 ) 37.0789
9 (14 2 0 60 60 68 ) 55819.6
9 (14 2 0 60 60 23 ) 47980.6
9 (5 2 0 60 12 85 ) 37.0789
9 (5 2 1 60 60 85 ) 573.861
9 (5 2 1 60 60 63 ) 462.483
9 (5 2 0 60 12 85 ) 37.0789
9 (14 3 0 139 60 68 ) 40180.2
9 (14 3 0 139 139 68 ) 109.578
9 (5 2 0 60 12 85 ) 37.0789
9 (14 3 0 90 84 56 ) 72532.3
9 (14 3 0 221 84 56 ) 67370.4
9 (5 2 0 60 12 85 ) 37.0789
9 (14 2 0 139 60 85 ) 188.8
9 (14 2 0 139 60 86 ) 148.896
9 (5 2 0 60 12 85 ) 37.0789
9 (5 0 0 228 139 65 ) 37339.7
9 (5 0 0 228 139 66 ) 552.727
9 (5 2 0 60 12 85 ) 37.0789
9 (5 2 0 90 60 65 ) 278.822
9 (5 2 0 90 60 77 ) 220.634
9 (5 2 0 60 12 85 ) 37.0789
9 (5 2 0 60 60 56 ) 685.436
9 (5 5 0 60 60 56 ) 437.559
9 (5 2 0 60 12 85 ) 37.0789
9 (14 2 1 60 179 86 ) 531.927
9 (101 2 1 60 179 86 ) 522.327
9 (5 2 0 60 12 85 ) 37.0789
9 (77 2 1 204 60 56 ) 16685.1
9 (77 0 1 204 60 56 ) 706.293
9 (5 2 0 60 12 85 ) 37.0789
9 (77 2 0 60 60 56 ) 1909.59
9 (5 2 0 60 12 85 ) 37.0789
9 (5 3 0 139 12 65 ) 1637.34
9 (5 2 0 60 12 85 ) 37.0789
9 (5 2 0 60 84 68 ) 598.351
9 (5 2 0 60 84 44 ) 356.662
9 (5 2 0 60 12 85 ) 37.0789
9 (5 2 1 139 84 68 ) 35670.6
9 (5 2 1 139 25 68 ) 2174.68
9 (5 2 0 60 12 85 ) 37.0789
9 (5 2 1 60 60 68 ) 1881.03
9 (5 2 0 60 60 68 ) 251.386
9 (5 2 0 60 12 85 ) 37.0789
9 (14 2 0 60 139 65 ) 37210.3
9 (14 2 0 223 139 65 ) 676.563
9 (5 2 0 60 12 85 ) 37.0789
9 (14 4 0 204 206 68 ) 71830.6
9 (187 4 0 204 206 68 ) 155.876
9 (5 2 0 60 12 85 ) 37.0789
9 (5 2 1 139 84 65 ) 373.063
9 (5 5 1 139 84 65 ) 161.082
9 (5 2 0 60 12 85 ) 37.0789
9 (25 3 0 60 12 68 ) 867724
9 (25 3 0 60 12 60 ) 3734.84
9 (5 2 0 60 12 85 ) 37.0789
9 (77 2 1 60 12 65 ) 766242
9 (77 5 1 60 12 65 ) 787.516
9 (5 2 0 60 12 85 ) 37.0789
9 (14 2 1 60 12 65 ) 19319
9 (14 2 1 60 12 27 ) 1754.55
9 (5 2 0 60 12 85 ) 37.0789
9 (14 2 0 139 12 56 ) 521.489
9 (14 2 0 161 12 56 ) 229.478
9 (5 2 0 60 12 85 ) 37.0789
9 (25 3 1 228 60 68 ) 152.723
9 (5 2 0 60 12 85 ) 37.0789
9 (25 2 1 60 60 85 ) 352.752
9 (25 2 1 60 60 85 ) 250.64
9 (5 2 0 60 12 85 ) 37.0789
9 (25 0 0 228 60 86 ) 34260.3
9 (25 0 2 228 60 86 ) 427.358
9 (5 2 0 60 12 85 ) 37.0789
9 (5 3 1 60 12 68 ) 177.764
9 (5 2 0 60 12 85 ) 37.0789
9 (14 3 1 60 60 68 ) 2009.48
9 (14 3 1 61 60 68 ) 1774.33
9 (5 2 0 60 12 85 ) 37.0789
9 (25 0 0 60 12 68 ) 179550
9 (25 0 0 60 12 10 ) 2219.03
9 (5 2 0 60 12 85 ) 37.0789
9 (77 2 1 60 60 54 ) 2.115e+06
9 (155 2 1 60 60 54 ) 682.922
9 (5 2 0 60 12 85 ) 37.0789
9 (187 0 1 228 60 68 ) 900.483
9 (187 4 1 228 60 68 ) 656.789
9 (5 2 0 60 12 85 ) 37.0789
9 (5 2 1 60 139 68 ) 21595.4
9 (5 0 1 60 139 68 ) 657.829
9 (5 2 0 60 12 85 ) 37.0789
9 (25 2 0 228 12 79 ) 588.5
9 (25 2 0 228 12 52 ) 446.101
9 (5 2 0 60 12 85 ) 37.0789
9 (5 4 0 228 60 65 ) 161.86
9 (5 2 0 60 12 85 ) 37.0789
9 (14 2 0 60 60 56 ) 90731.2
9 (14 3 0 60 60 56 ) 38333.1
9 (5 2 0 60 12 85 ) 37.0789
9 (5 0 0 228 60 68 ) 625.12
9 (109 0 0 228 60 68 ) 228.935
9 (5 2 0 60 12 85 ) 37.0789
9 (25 2 1 204 179 68 ) 444.485
9 (25 2 1 204 179 68 ) 129.424
9 (5 2 0 60 12 85 ) 37.0789
9 (5 4 0 204 60 68 ) 594.372
9 (5 4 0 180 60 68 ) 61.2326
9 (5 2 0 60 12 85 ) 37.0789
9 (77 3 0 180 179 79 ) 7.43004e+06
9 (77 4 0 180 179 79 ) 463.302
9 (5 2 0 60 12 85 ) 37.0789
9 (77 2 0 139 179 68 ) 518.431
9 (77 2 0 139 179 41 ) 437.102
9 (5 2 0 60 12 85 ) 37.0789
9 (14 3 1 60 60 54 ) 584.928
9 (14 3 1 60 60 54 ) 281.354
9 (5 2 0 60 12 85 ) 37.0789
9 (77 2 0 139 12 85 ) 24478.6
9 (77 2 0 1 12 85 ) 660.732
9 (5 2 0 60 12 85 ) 37.0789
9 (77 2 1 204 179 68 ) 469.397
9 (77 3 1 204 179 68 ) 422.821
9 (5 2 0 60 12 85 ) 37.0789
9 (77 2 0 60 12 65 ) 39558.3
9 (77 2 0 60 12 65 ) 317.04
9 (5 2 0 60 12 85 ) 37.0789
9 (25 2 0 139 60 79 ) 622.699
9 (92 2 0 139 60 79 ) 477.69
9 (5 2 0 60 12 85 ) 37.0789
9 (5 2 0 60 12 68 ) 318.401
9 (5 2 0 60 12 76 ) 308.501
9 (5 2 0 60 12 85 ) 37.0789
9 (25 2 0 60 206 68 ) 59523.7
9 (25 2 1 60 206 68 ) 18822.9
9 (5 2 0 60 12 85 ) 37.0789
9 (25 2 0 60 84 65 ) 2081.3
9 (25 2 0 60 84 73 ) 1742.31
9 (5 2 0 60 12 85 ) 37.0789
9 (14 3 0 204 12 68 ) 46245.9
9 (14 3 0 204 12 48 ) 470.116
9 (5 2 0 60 12 85 ) 37.0789
9 (25 2 0 60 179 68 ) 1919.97
9 (5 2 0 60 12 85 ) 37.0789
9 (14 3 0 60 155 68 ) 276.363
9 (5 2 0 60 12 85 ) 37.0789
9 (14 4 0 60 12 68 ) 80009.1
9 (14 4 0 60 206 68 ) 48066.9
9 (5 2 0 60 12 85 ) 37.0789
9 (14 2 0 60 12 79 ) 53553.5
9 (14 5 0 60 12 79 ) 35.7658
9 (14 5 0 60 12 79 ) 35.7658
9 (14 2 0 228 60 68 ) 1827.45
9 (14 2 0 228 60 45 ) 1638.19
9 (14 5 0 60 12 79 ) 35.7658
9 (25 2 0 139 139 65 ) 47945.6
9 (25 2 0 139 139 88 ) 1708.06
9 (14 5 0 60 12 79 ) 35.7658
9 (5 2 1 60 60 85 ) 263.988
9 (200 2 1 60 60 85 ) 205.55
9 (14 5 0 60 12 79 ) 35.7658
9 (14 5 1 60 12 68 ) 541.101
9 (14 5 1 60 157 68 ) 58.6351
9 (14 5 0 60 12 79 ) 35.7658
9 (14 2 0 60 12 68 ) 2174.46
9 (14 2 0 60 12 20 ) 709.398
9 (14 5 0 60 12 79 ) 35.7658
9 (14 2 0 204 60 85 ) 561.21
9 (95 2 0 204 60 85 ) 495.989
9 (14 5 0 60 12 79 ) 35.7658
9 (25 2 1 60 139 65 ) 18319.8
9 (25 2 1 60 139 11 ) 16392.7
9 (14 5 0 60 12 79 ) 35.7658
9 (25 2 0 60 12 68 ) 747.581
9 (25 2 0 60 231 68 ) 441.622
9 (14 5 0 60 12 79 ) 35.7658
9 (5 2 1 60 60 54 ) 313.797
9 (14 5 0 60 12 79 ) 35.7658
9 (14 2 1 204 60 79 ) 581.818
9 (14 2 1 204 74 79 ) 408.851
9 (14 5 0 60 12 79 ) 35.7658
9 (14 2 1 180 84 65 ) 18027.1
9 (14 2 0 180 84 65 ) 184.54
9 (14 5 0 60 12 79 ) 35.7658
9 (14 2 0 60 60 68 ) 121104
9 (14 3 0 60 60 68 ) 79799.1
9 (14 5 0 60 12 79 ) 35.7658
9 (14 3 1 60 60 65 ) 1550.81
9 (14 3 0 60 60 65 ) 657.67
9 (14 5 0 60 12 79 ) 35.7658
9 (77 2 1 90 12 68 ) 22451.8
9 (77 2 2 90 12 68 ) 5338.75
9 (14 5 0 60 12 79 ) 35.7658
9 (77 4 0 90 60 79 ) 55951.2
9 (77 4 1 90 60 79 ) 15912.6
9 (14 5 0 60 12 79 ) 35.7658
9 (14 2 1 60 60 68 ) 1815.7
9 (14 2 1 60 60 9 ) 395.15
9 (14 5 0 60 12 79 ) 35.7658
9 (14 3 0 204 12 54 ) 1784.74
9 (14 3 0 204 12 80 ) 736.554
9 (14 5 0 60 12 79 ) 35.7658
9 (14 5 0 60 12 65 ) 1691
9 (14 5 0 60 12 65 ) 711.163
9 (14 5 0 60 12 79 ) 35.7658
9 (77 2 0 60 84 65 ) 1821.97
9 (77 2 0 28 84 65 ) 491.19
9 (14 5 0 60 12 79 ) 35.7658
9 (14 2 1 180 155 54 ) 16722
9 (14 2 1 108 155 54 ) 606.122
9 (14 5 0 60 12 79 ) 35.7658
9 (5 5 1 60 12 68 ) 566.574
9 (5 5 1 60 12 56 ) 238.468
9 (14 5 0 60 12 79 ) 35.7658
9 (5 4 1 60 60 65 ) 21024.1
9 (5 4 1 60 249 65 ) 330.233
9 (14 5 0 60 12 79 ) 35.7658
9 (5 4 1 60 60 65 ) 452.964
9 (5 2 1 60 60 65 ) 364.759
9 (14 5 0 60 12 79 ) 35.7658
9 (14 0 1 204 157 65 ) 15669.2
9 (14 0 1 4 157 65 ) 373.523
9 (14 5 0 60 12 79 ) 35.7658
9 (77 0 0 90 179 79 ) 1904.31
9 (77 0 0 143 179 79 ) 641.319
9 (14 5 0 60 12 79 ) 35.7658
9 (5 2 1 60 155 65 ) 596.92
9 (5 2 1 68 155 65 ) 213.287
9 (14 5 0 60 12 79 ) 35.7658
9 (25 2 0 90 12 68 ) 418.435
9 (110 2 0 90 12 68 ) 337.67
9 (14 5 0 60 12 79 ) 35.7658
9 (14 2 0 60 139 68 ) 1634.35
9 (14 2 0 174 139 68 ) 291.347
9 (14 5 0 60 12 79 ) 35.7658
9 (14 2 0 60 155 68 ) 58792.3
9 (48 2 0 60 155 68 ) 49404.8
9 (14 5 0 60 12 79 ) 35.7658
9 (14 4 0 60 60 68 ) 25884.2
9 (14 0 0 60 60 68 ) 411.613
9 (14 5 0 60 12 79 ) 35.7658
9 (14 3 0 60 155 54 ) 396.577
9 (14 3 0 60 155 76 ) 285.325
9 (14 5 0 60 12 79 ) 35.7658
9 (14 0 0 180 179 79 ) 485.91
9 (14 0 0 180 179 29 ) 271.003
9 (14 5 0 60 12 79 ) 35.7658
9 (14 2 1 60 155 68 ) 560.301
9 (14 2 1 60 2 68 ) 327.671
9 (14 5 0 60 12 79 ) 35.7658
9 (14 0 0 139 206 65 ) 532.903
9 (14 0 0 146 206 65 ) 325.325
9 (14 5 0 60 12 79 ) 35.7658
9 (14 3 1 60 12 68 ) 235.983
9 (14 3 1 60 12 68 ) 92.6423
9 (14 5 0 60 12 79 ) 35.7658
9 (77 5 1 60 12 65 ) 21137.3
9 (77 5 1 60 12 83 ) 18706.2
9 (14 5 0 60 12 79 ) 35.7658
9 (5 2 1 60 12 65 ) 286.836
10 (14 3 2 96 12 64 ) 210.033
10 (167 3 2 48 36 56 ) 5.66183e+08
10 (167 3 2 48 167 56 ) 6.08339e+07
10 (14 3 2 96 12 64 ) 210.033
10 (140 2 1 168 167 72 ) 2216.51
10 (140 2 0 168 167 72 ) 423.717
10 (14 3 2 96 12 64 ) 210.033
10 (68 1 1 144 168 56 ) 10931.6
10 (68 4 1 144 168 56 ) 1813.91
10 (14 3 2 96 12 64 ) 210.033
10 (86 2 0 84 96 44 ) 320.756
10 (86 2 0 84 96 44 ) 293.028
10 (14 3 2 96 12 64 ) 210.033
10 (140 4 2 24 168 72 ) 318.976
10 (140 3 2 24 168 72 ) 317.069
10 (14 3 2 96 12 64 ) 210.033
10 (122 4 2 96 167 56 ) 17499.3
10 (60 4 2 96 167 56 ) 2423.07
10 (14 3 2 96 12 64 ) 210.033
10 (122 0 1 24 84 16 ) 4052.66
10 (122 1 1 24 84 16 ) 593.743
10 (14 3 2 96 12 64 ) 210.033
10 (140 3 2 250 167 72 ) 613.975
10 (140 3 2 250 95 72 ) 518.814
10 (14 3 2 96 12 64 ) 210.033
10 (122 4 0 250 168 68 ) 29987.3
10 (122 4 2 250 168 68 ) 2039.85
10 (14 3 2 96 12 64 ) 210.033
10 (50 2 1 24 96 72 ) 859.561
10 (86 2 1 24 96 72 ) 338.304
10 (14 3 2 96 12 64 ) 210.033
10 (86 3 2 48 132 64 ) 552.164
10 (86 3 2 119 132 64 ) 537.853
10 (14 3 2 96 12 64 ) 210.033
10 (50 2 2 84 96 72 ) 718.578
10 (50 2 2 4 96 72 ) 647.471
10 (14 3 2 96 12 64 ) 210.033
10 (140 1 2 119 132 44 ) 14400.4
10 (84 1 2 119 132 44 ) 1083.19
10 (14 3 2 96 12 64 ) 210.033
10 (50 1 0 4 96 44 ) 1782.58
10 (50 1 0 235 96 44 ) 263.154
10 (14 3 2 96 12 64 ) 210.033
10 (50 0 2 250 167 72 ) 81443.4
10 (50 0 2 250 167 30 ) 35609.7
10 (14 3 2 96 12 64 ) 210.033
10 (86 4 1 84 167 8 ) 1219.56
10 (86 4 1 84 240 8 ) 512.282
10 (14 3 2 96 12 64 ) 210.033
10 (23 2 2 84 95 44 ) 589.216
10 (23 2 2 84 175 44 ) 584.098
10 (14 3 2 96 12 64 ) 210.033
10 (86 3 2 24 132 72 ) 51379.4
10 (86 3 2 24 94 72 ) 124.678
10 (86 3 2 24 94 72 ) 124.678
10 (140 2 2 24 167 64 ) 38766.1
10 (140 2 1 24 167 64 ) 437.861
10 (86 3 2 24 94 72 ) 124.678
10 (140 4 0 24 96 72 ) 2094.94
10 (140 4 0 24 96 72 ) 673.806
10 (86 3 2 24 94 72 ) 124.678
10 (50 4 0 48 60 64 ) 1583.69
10 (50 2 0 48 60 64 ) 341.034
10 (86 3 2 24 94 72 ) 124.678
10 (140 2 0 36 94 44 ) 232972
10 (126 2 0 36 94 44 ) 393.927
10 (86 3 2 24 94 72 ) 124.678
10 (86 2 0 84 96 44 ) 268.995
10 (86 3 2 24 94 72 ) 124.678
10 (50 2 1 84 94 44 ) 263.28
10 (86 3 2 24 94 72 ) 124.678
10 (14 2 2 168 96 64 ) 564.318
10 (14 2 2 168 96 64 ) 225.846
10 (86 3 2 24 94 72 ) 124.678
10 (86 2 1 168 95 64 ) 60991
10 (86 2 0 168 95 64 ) 375.298
10 (86 3 2 24 94 72 ) 124.678
10 (50 2 1 36 94 64 ) 373.326
10 (50 2 1 36 94 45 ) 345.86
10 (86 3 2 24 94 72 ) 124.678
10 (14 2 2 96 96 44 ) 1970
10 (14 4 2 96 96 44 ) 314.834
10 (86 3 2 24 94 72 ) 124.678
10 (50 2 0 84 94 44 ) 208.179
10 (50 2 0 84 94 71 ) 69.7754
10 (50 2 0 84 94 71 ) 69.7754
10 (14 4 0 84 94 72 ) 390.831
10 (81 4 0 84 94 72 ) 258.086
10 (50 2 0 84 94 71 ) 69.7754
10 (50 4 0 84 96 64 ) 46587.4
10 (50 4 0 84 96 64 ) 351.474
10 (50 2 0 84 94 71 ) 69.7754
10 (86 2 0 36 94 64 ) 434.875
10 (86 5 0 36 94 64 ) 414.217
10 (50 2 0 84 94 71 ) 69.7754
10 (140 3 0 96 94 64 ) 1.73801e+06
10 (140 3 0 87 94 64 ) 2103.01
10 (50 2 0 84 94 71 ) 69.7754
10 (81 1 2 84 94 72 ) 407.361
10 (37 1 2 84 94 72 ) 130.918
10 (50 2 0 84 94 71 ) 69.7754
10 (86 2 0 96 94 72 ) 55196.4
10 (86 6 0 96 94 72 ) 300.053
10 (50 2 0 84 94 71 ) 69.7754
10 (50 3 2 84 168 44 ) 25300.6
10 (50 3 2 217 168 44 ) 567.656
10 (50 2 0 84 94 71 ) 69.7754
10 (50 2 2 96 96 44 ) 877.213
10 (50 2 2 96 96 55 ) 781.057
10 (50 2 0 84 94 71 ) 69.7754
10 (50 2 0 84 94 72 ) 49998.4
10 (50 2 1 84 94 72 ) 439.138
10 (50 2 0 84 94 71 ) 69.7754
10 (81 4 1 84 96 72 ) 480.592
10 (81 4 1 84 96 72 ) 309.227
10 (50 2 0 84 94 71 ) 69.7754
10 (140 3 0 96 12 71 ) 2.67423e+07
10 (124 3 0 96 12 71 ) 775.969
10 (50 2 0 84 94 71 ) 69.7754
10 (50 4 0 84 12 44 ) 1.01981e+06
10 (50 0 0 84 12 44 ) 514.146
10 (50 2 0 84 94 71 ) 69.7754
10 (81 2 0 24 168 44 ) 447.898
10 (81 4 0 24 168 44 ) 263.832
10 (50 2 0 84 94 71 ) 69.7754
10 (14 2 2 96 168 72 ) 81826.3
10 (103 2 2 96 168 72 ) 588.42
10 (50 2 0 84 94 71 ) 69.7754
10 (86 3 0 96 168 44 ) 38164.5
10 (193 3 0 96 168 44 ) 2386.33
10 (50 2 0 84 94 71 ) 69.7754
10 (86 4 2 84 94 72 ) 561.728
10 (86 4 2 221 94 72 ) 428.454
10 (50 2 0 84 94 71 ) 69.7754
10 (14 2 0 84 94 44 ) 494.202
10 (14 2 0 84 94 44 ) 374.016
10 (50 2 0 84 94 71 ) 69.7754
10 (86 1 0 24 94 71 ) 470.887
10 (86 1 0 115 94 71 ) 460.78
10 (50 2 0 84 94 71 ) 69.7754
10 (86 4 0 84 94 64 ) 215.297
10 (50 2 0 84 94 71 ) 69.7754
10 (86 2 2 235 168 64 ) 926.619
10 (20 2 2 235 168 64 ) 490.118
10 (50 2 0 84 94 71 ) 69.7754
10 (14 3 2 84 12 44 ) 19512.1
10 (14 3 2 84 75 44 ) 749.812
10 (50 2 0 84 94 71 ) 69.7754
10 (50 1 0 84 94 44 ) 33515.7
10 (50 1 0 60 94 44 ) 103.05
10 (50 2 0 84 94 71 ) 69.7754
10 (50 4 2 235 94 72 ) 1986.05
10 (50 4 2 235 94 72 ) 439.564
10 (50 2 0 84 94 71 ) 69.7754
10 (50 4 2 84 96 44 ) 17141.8
10 (50 4 2 88 96 44 ) 2121
10 (50 2 0 84 94 71 ) 69.7754
10 (86 2 0 84 94 72 ) 507.509
10 (164 2 0 84 94 72 ) 336.108
10 (50 2 0 84 94 71 ) 69.7754
10 (81 1 1 24 94 64 ) 468.579
10 (50 2 0 84 94 71 ) 69.7754
10 (81 4 0 84 94 44 ) 13037.6
10 (161 4 0 84 94 44 ) 549.352
10 (50 2 0 84 94 71 ) 69.7754
10 (14 3 2 84 94 44 ) 323.073
10 (14 5 2 84 94 44 ) 174.166
10 (50 2 0 84 94 71 ) 69.7754
10 (50 1 2 84 94 72 ) 25447.2
10 (84 1 2 84 94 72 ) 280.925
10 (50 2 0 84 94 71 ) 69.7754
10 (50 2 0 84 94 44 ) 500.655
10 (50 2 0 94 94 44 ) 358.152
10 (50 2 0 84 94 71 ) 69.7754
10 (86 4 0 84 96 64 ) 528.499
10 (86 5 0 84 96 64 ) 489.606
10 (50 2 0 84 94 71 ) 69.7754
10 (14 2 2 84 94 44 ) 225.906
10 (14 2 2 84 94 53 ) 54.403
10 (14 2 2 84 94 53 ) 54.403
10 (50 3 2 96 94 44 ) 102423
10 (50 3 2 96 94 65 ) 227.372
10 (14 2 2 84 94 53 ) 54.403
10 (84 1 0 84 94 65 ) 301.822
10 (14 2 2 84 94 53 ) 54.403
10 (50 2 0 84 168 44 ) 42969.6
10 (50 2 0 84 168 88 ) 732.006
10 (14 2 2 84 94 53 ) 54.403
10 (86 1 2 168 94 44 ) 9.24332e+06
10 (86 1 2 168 94 23 ) 2494.32
10 (14 2 2 84 94 53 ) 54.403
10 (50 2 0 168 168 44 ) 1888.75
10 (50 2 1 168 168 44 ) 1025.85
10 (14 2 2 84 94 53 ) 54.403
10 (37 2 2 84 94 44 ) 294.898
10 (14 2 2 84 94 53 ) 54.403
10 (14 4 2 168 94 64 ) 45804.1
10 (148 4 2 168 94 64 ) 18152.8
10 (14 2 2 84 94 53 ) 54.403
10 (86 4 0 24 94 44 ) 308.45
10 (14 2 2 84 94 53 ) 54.403
10 (50 1 0 84 94 64 ) 415.619
10 (50 1 0 84 144 64 ) 219.959
10 (14 2 2 84 94 53 ) 54.403
10 (86 1 0 168 96 53 ) 6213.22
10 (86 1 0 168 118 53 ) 290.494
10 (14 2 2 84 94 53 ) 54.403
10 (14 1 2 84 94 72 ) 1821.07
10 (14 1 2 84 19 72 ) 372.412
10 (14 2 2 84 94 53 ) 54.403
10 (50 3 0 84 94 72 ) 2300.21
10 (142 3 0 84 94 72 ) 701.136
10 (14 2 2 84 94 53 ) 54.403
10 (50 1 0 84 94 72 ) 2036.74
10 (50 5 0 84 94 72 ) 736.733
10 (14 2 2 84 94 53 ) 54.403
10 (14 3 2 84 94 72 ) 648.302
10 (14 3 0 84 94 72 ) 561.99
10 (14 2 2 84 94 53 ) 54.403
10 (50 3 0 235 94 71 ) 50930.3
10 (50 3 0 235 234 71 ) 282.379
10 (14 2 2 84 94 53 ) 54.403
10 (50 5 0 84 96 44 ) 20961.8
10 (50 5 2 84 96 44 ) 497.333
10 (14 2 2 84 94 53 ) 54.403
10 (86 5 2 84 94 65 ) 51534.3
10 (86 5 2 84 118 65 ) 293.495
10 (14 2 2 84 94 53 ) 54.403
10 (86 2 2 60 94 44 ) 806.759
10 (86 2 2 60 94 23 ) 634.319
10 (14 2 2 84 94 53 ) 54.403
10 (86 1 2 84 94 64 ) 23278.5
10 (86 1 2 237 94 64 ) 21197.3
10 (14 2 2 84 94 53 ) 54.403
10 (81 2 2 235 94 44 ) 10670.1
10 (106 2 2 235 94 44 ) 4795.06
10 (14 2 2 84 94 53 ) 54.403
10 (14 4 0 84 144 72 ) 66198.4
10 (14 4 1 84 144 72 ) 180.434
10 (14 2 2 84 94 53 ) 54.403
10 (50 3 2 84 94 44 ) 145.586
10 (14 2 2 84 94 53 ) 54.403
10 (86 4 0 168 94 72 ) 426.542
10 (86 4 0 168 94 72 ) 303.669
10 (14 2 2 84 94 53 ) 54.403
10 (50 5 0 84 94 64 ) 142.999
10 (14 2 2 84 94 53 ) 54.403
10 (14 1 0 84 94 44 ) 590.502
10 (14 1 0 84 94 55 ) 292.165
10 (14 2 2 84 94 53 ) 54.403
10 (14 2 0 84 94 55 ) 74048.5
10 (14 4 0 84 94 55 ) 252.24
10 (14 2 2 84 94 53 ) 54.403
10 (37 1 2 84 144 53 ) 15066.1
10 (37 3 2 84 144 53 ) 168.254
10 (14 2 2 84 94 53 ) 54.403
10 (50 2 0 84 94 64 ) 474.59
10 (50 2 0 178 94 64 ) 376.82
10 (14 2 2 84 94 53 ) 54.403
10 (50 2 2 84 144 64 ) 565.094
10 (50 2 2 84 144 52 ) 233.133
10 (14 2 2 84 94 53 ) 54.403
10 (50 2 0 84 94 53 ) 1875.8
10 (124 2 0 84 94 53 ) 843.189
10 (14 2 2 84 94 53 ) 54.403
10 (37 1 2 84 94 52 ) 351.563
10 (37 1 2 84 94 80 ) 124.303
10 (14 2 2 84 94 53 ) 54.403
10 (86 4 2 60 144 64 ) 399.47
10 (86 4 2 60 179 64 ) 263.748
10 (14 2 2 84 94 53 ) 54.403
10 (37 2 0 84 94 72 ) 228.913
10 (37 2 0 243 94 72 ) 139.547
10 (14 2 2 84 94 53 ) 54.403
10 (50 2 1 60 94 72 ) 15510.8
10 (151 2 1 60 94 72 ) 420.313
10 (14 2 2 84 94 53 ) 54.403
10 (50 2 2 168 94 72 ) 469.72
10 (14 2 2 84 94 53 ) 54.403
10 (50 1 2 84 94 64 ) 538.697
10 (50 1 2 84 94 68 ) 297.488
10 (14 2 2 84 94 53 ) 54.403
10 (50 3 2 84 94 71 ) 463.906
10 (119 3 2 84 94 71 ) 378.292
10 (14 2 2 84 94 53 ) 54.403
10 (37 3 0 84 94 72 ) 2202.74
10 (109 3 0 84 94 72 ) 383.382
10 (14 2 2 84 94 53 ) 54.403
10 (50 3 0 84 94 44 ) 2035.32
10 (50 3 0 84 178 44 ) 503.172
10 (14 2 2 84 94 53 ) 54.403
10 (14 2 0 84 94 64 ) 499.951
10 (14 2 2 84 94 53 ) 54.403
10 (14 2 0 96 94 53 ) 33377.7
10 (95 2 0 96 94 53 ) 195.851
10 (14 2 2 84 94 53 ) 54.403
10 (37 1 0 84 94 53 ) 25949.5
10 (37 1 0 84 94 53 ) 605.341
10 (14 2 2 84 94 53 ) 54.403
10 (86 1 2 84 94 72 ) 393.472
10 (108 1 2 84 94 72 ) 386.188
10 (14 2 2 84 94 53 ) 54.403
10 (50 5 2 60 94 64 ) 270.853
10 (50 5 2 60 94 67 ) 195.076
10 (14 2 2 84 94 53 ) 54.403
10 (86 3 2 96 94 71 ) 24066.5
10 (86 3 2 96 15 71 ) 469.532
10 (14 2 2 84 94 53 ) 54.403
10 (14 5 2 84 94 53 ) 53348.4
10 (14 4 2 84 94 53 ) 622.726
10 (14 2 2 84 94 53 ) 54.403
10 (50 4 2 84 94 64 ) 34478
10 (50 4 2 84 94 62 ) 513.388
10 (14 2 2 84 94 53 ) 54.403
10 (50 2 2 243 94 44 ) 2007.95
10 (50 1 2 243 94 44 ) 680.739
10 (14 2 2 84 94 53 ) 54.403
10 (86 3 0 243 94 44 ) 2556.7
10 (86 3 0 243 93 44 ) 1385.15
10 (14 2 2 84 94 53 ) 54.403
10 (50 1 2 84 94 72 ) 488.7
10 (50 1 2 84 142 72 ) 191.733
10 (14 2 2 84 94 53 ) 54.403
10 (50 1 2 24 94 71 ) 18872.4
10 (50 1 2 24 94 71 ) 278.791
10 (14 2 2 84 94 53 ) 54.403
10 (50 4 2 84 94 72 ) 221.04
10 (39 4 2 84 94 72 ) 149.024
10 (14 2 2 84 94 53 ) 54.403
10 (50 1 2 84 94 64 ) 515.054
10 (50 1 1 84 94 64 ) 271.306
10 (14 2 2 84 94 53 ) 54.403
10 (50 2 2 96 94 44 ) 2180.54
10 (50 2 2 96 94 27 ) 389.762
10 (14 2 2 84 94 53 ) 54.403
10 (50 5 2 84 94 64 ) 1911.92
10 (50 5 2 219 94 64 ) 431.104
10 (14 2 2 84 94 53 ) 54.403
10 (37 4 2 96 94 44 ) 15287.2
10 (37 4 2 96 94 77 ) 588.207
10 (14 2 2 84 94 53 ) 54.403
10 (50 5 2 60 94 72 ) 658.956
10 (76 5 2 60 94 72 ) 243.544
10 (14 2 2 84 94 53 ) 54.403
10 (14 3 2 60 12 80 ) 33698.3
10 (14 3 2 60 12 80 ) 25541.2
10 (14 2 2 84 94 53 ) 54.403
10 (50 2 0 243 94 44 ) 584.397
10 (50 2 0 243 26 44 ) 450.312
10 (14 2 2 84 94 53 ) 54.403
10 (50 5 2 84 94 53 ) 674.012
10 (50 5 2 84 94 53 ) 564.173
10 (14 2 2 84 94 53 ) 54.403
10 (50 2 0 24 144 53 ) 625.936
10 (50 2 0 24 144 53 ) 416.218
10 (14 2 2 84 94 53 ) 54.403
10 (50 5 2 84 94 72 ) 2153.56
10 (50 5 2 235 94 72 ) 1959.72
10 (14 2 2 84 94 53 ) 54.403
10 (50 1 0 84 142 72 ) 361.229
10 (50 1 0 84 142 8 ) 344.652
10 (14 2 2 84 94 53 ) 54.403
10 (50 5 2 84 94 72 ) 301.391
10 (50 5 2 80 94 72 ) 239.577
10 (14 2 2 84 94 53 ) 54.403
10 (37 1 2 84 142 72 ) 20964.8
10 (37 1 2 84 142 34 ) 923.385
10 (14 2 2 84 94 53 ) 54.403
10 (86 5 2 84 94 72 ) 2879.26
10 (86 2 2 84 94 72 ) 545.376
10 (14 2 2 84 94 53 ) 54.403
10 (14 2 2 60 142 72 ) 2027.98
10 (14 5 2 60 142 72 ) 238.067
10 (14 2 2 84 94 53 ) 54.403
10 (39 1 2 84 94 72 ) 155.199
10 (39 1 1 84 94 72 ) 103.176
10 (14 2 2 84 94 53 ) 54.403
10 (86 4 2 84 94 72 ) 13057
10 (86 4 2 24 94 72 ) 174.001
10 (14 2 2 84 94 53 ) 54.403
10 (37 2 0 84 144 53 ) 70995.3
10 (37 2 0 235 144 53 ) 279.084
10 (14 2 2 84 94 53 ) 54.403
10 (14 2 2 84 142 53 ) 304.816
10 (185 2 2 84 142 53 ) 278.226
10 (14 2 2 84 94 53 ) 54.403
10 (86 2 2 84 94 72 ) 751
10 (86 1 2 84 94 72 ) 389.197
10 (14 2 2 84 94 53 ) 54.403
10 (86 4 2 84 94 71 ) 29754.1
10 (118 4 2 84 94 71 ) 291.416
10 (14 2 2 84 94 53 ) 54.403
10 (37 3 2 84 94 72 ) 548.286
10 (14 2 2 84 94 53 ) 54.403
10 (39 4 1 84 94 72 ) 457.691
10 (14 2 2 84 94 53 ) 54.403
10 (39 4 2 84 94 71 ) 165.398
10 (39 4 2 93 94 71 ) 139.187
10 (14 2 2 84 94 53 ) 54.403
10 (86 4 0 243 94 53 ) 24483.4
10 (86 4 0 243 94 35 ) 390.72
10 (14 2 2 84 94 53 ) 54.403
10 (37 1 2 24 94 44 ) 587.516
10 (37 1 2 200 94 44 ) 438.602
10 (14 2 2 84 94 53 ) 54.403
10 (14 1 2 84 94 72 ) 312.653
10 (14 1 2 84 94 75 ) 144.827
10 (14 2 2 84 94 53 ) 54.403
10 (39 2 0 84 94 71 ) 419.728
10 (39 2 0 84 158 71 ) 263.497
10 (14 2 2 84 94 53 ) 54.403
10 (14 4 0 84 94 72 ) 50079.7
10 (14 4 1 84 94 72 ) 396.282
10 (14 2 2 84 94 53 ) 54.403
10 (39 5 0 24 144 71 ) 200.379
10 (102 5 0 24 144 71 ) 149.922
10 (14 2 2 84 94 53 ) 54.403
10 (39 1 2 84 144 53 ) 733.769
10 (39 1 0 84 144 53 ) 454.11
10 (14 2 2 84 94 53 ) 54.403
10 (39 3 2 84 94 72 ) 279.227
10 (39 2 2 84 94 72 ) 229.974
10 (14 2 2 84 94 53 ) 54.403
10 (50 2 2 93 94 72 ) 1804.95
10 (50 2 2 93 94 72 ) 492.963
10 (14 2 2 84 94 53 ) 54.403
10 (39 4 2 84 94 71 ) 608.877
10 (39 4 2 119 94 71 ) 325.904
10 (14 2 2 84 94 53 ) 54.403
10 (39 2 2 93 94 72 ) 3278.84
10 (39 2 2 93 94 72 ) 670.926
10 (14 2 2 84 94 53 ) 54.403
10 (14 2 0 84 94 72 ) 264.598
10 (14 2 0 238 94 72 ) 253.048
10 (14 2 2 84 94 53 ) 54.403
10 (50 1 2 84 94 44 ) 25505.2
10 (50 2 2 84 94 44 ) 333.348
10 (14 2 2 84 94 53 ) 54.403
10 (102 5 0 60 144 72 ) 334.016
10 (6 5 0 60 144 72 ) 188.785
10 (14 2 2 84 94 53 ) 54.403
10 (14 3 0 60 94 71 ) 443.276
10 (14 3 0 32 94 71 ) 273.176
10 (14 2 2 84 94 53 ) 54.403
10 (37 1 0 84 94 44 ) 21456.6
10 (37 1 0 84 94 44 ) 362.238
10 (14 2 2 84 94 53 ) 54.403
10 (102 1 2 84 144 71 ) 130.67
10 (14 2 2 84 94 53 ) 54.403
10 (14 1 0 24 94 64 ) 150857
10 (14 1 0 126 94 64 ) 568.676
10 (14 2 2 84 94 53 ) 54.403
10 (102 4 0 84 144 64 ) 36474.5
10 (102 4 0 84 33 64 ) 228.568
10 (14 2 2 84 94 53 ) 54.403
10 (50 2 2 60 94 72 ) 419.025
10 (50 2 1 60 94 72 ) 305.151
10 (14 2 2 84 94 53 ) 54.403
10 (50 2 0 84 144 72 ) 705.792
10 (50 2 0 84 13 72 ) 590.27
10 (14 2 2 84 94 53 ) 54.403
10 (37 1 2 84 94 72 ) 21225.7
10 (37 1 2 84 94 3 ) 2414.6
10 (14 2 2 84 94 53 ) 54.403
10 (39 1 2 84 94 71 ) 22061.7
10 (39 1 2 84 109 71 ) 385.465
10 (14 2 2 84 94 53 ) 54.403
10 (14 4 2 84 94 72 ) 211.584
10 (14 3 2 84 94 72 ) 185.956
10 (14 2 2 84 94 53 ) 54.403
10 (37 3 2 84 94 72 ) 33131.1
10 (37 3 2 229 94 72 ) 1952.6
10 (14 2 2 84 94 53 ) 54.403
10 (50 2 2 84 94 44 ) 55220.5
10 (61 2 2 84 94 44 ) 2544.12
10 (14 2 2 84 94 53 ) 54.403
10 (50 1 2 24 144 75 ) 38761.7
10 (50 1 1 24 144 75 ) 169.794
10 (14 2 2 84 94 53 ) 54.403
10 (14 1 1 84 144 75 ) 391.916
10 (124 1 1 84 144 75 ) 351.58
10 (14 2 2 84 94 53 ) 54.403
10 (39 1 2 84 94 72 ) 518.133
10 (90 1 2 84 94 72 ) 460.365
10 (14 2 2 84 94 53 ) 54.403
10 (37 1 2 84 94 72 ) 27370.9
10 (37 1 2 84 94 42 ) 339.09
10 (14 2 2 84 94 53 ) 54.403
10 (86 1 2 84 94 72 ) 1784.72
10 (7 1 2 84 94 72 ) 432.308
10 (14 2 2 84 94 53 ) 54.403
10 (39 5 0 84 94 72 ) 277.39
10 (14 2 2 84 94 53 ) 54.403
10 (39 2 2 84 144 72 ) 344.299
10 (39 2 0 84 144 72 ) 339.198
10 (14 2 2 84 94 53 ) 54.403
10 (14 1 2 84 94 72 ) 24751.4
10 (14 6 2 84 94 72 ) 1930.38
10 (14 2 2 84 94 53 ) 54.403
10 (39 4 0 84 94 53 ) 615.684
10 (39 4 0 233 94 53 ) 593.945
10 (14 2 2 84 94 53 ) 54.403
10 (102 1 2 84 94 64 ) 2190.82
10 (102 1 2 84 94 24 ) 996.302
10 (14 2 2 84 94 53 ) 54.403
10 (14 2 2 84 94 72 ) 31996.1
10 (14 2 2 84 134 72 ) 21291.2
10 (14 2 2 84 94 53 ) 54.403
10 (39 5 2 84 94 75 ) 595.984
10 (39 5 2 84 242 75 ) 178.427
10 (14 2 2 84 94 53 ) 54.403
10 (39 1 2 84 94 72 ) 193.659
10 (14 2 2 84 94 53 ) 54.403
10 (86 1 2 93 94 71 ) 39206.2
10 (86 1 2 93 114 71 ) 493.841
10 (14 2 2 84 94 53 ) 54.403
10 (50 1 2 24 94 80 ) 290.29
10 (50 1 2 24 94 71 ) 264.883
10 (14 2 2 84 94 53 ) 54.403
10 (14 1 2 84 144 80 ) 289.789
10 (14 1 2 120 144 80 ) 287.961
10 (14 2 2 84 94 53 ) 54.403
10 (102 1 2 84 94 71 ) 380.658
10 (81 1 2 84 94 71 ) 378.102
10 (14 2 2 84 94 53 ) 54.403
10 (39 1 2 84 94 64 ) 117.656
10 (14 2 2 84 94 53 ) 54.403
10 (39 2 0 84 94 71 ) 476.615
10 (144 2 0 84 94 71 ) 375.067
10 (14 2 2 84 94 53 ) 54.403
10 (39 3 0 60 94 80 ) 6.46801e+06
10 (39 3 0 60 94 80 ) 3387.58
10 (14 2 2 84 94 53 ) 54.403
10 (39 1 2 60 94 72 ) 49298.9
10 (161 1 2 60 94 72 ) 27070.1
10 (14 2 2 84 94 53 ) 54.403
10 (50 3 1 84 94 44 ) 632.113
10 (50 3 1 84 94 49 ) 311.134
10 (14 2 2 84 94 53 ) 54.403
10 (50 2 2 84 94 71 ) 428.738
10 (50 2 1 84 94 71 ) 358.847
10 (14 2 2 84 94 53 ) 54.403
10 (50 4 2 84 94 72 ) 168.013
10 (14 2 2 84 94 53 ) 54.403
10 (39 3 2 84 94 72 ) 82086.9
10 (189 3 2 84 94 72 ) 1148.83
10 (14 2 2 84 94 53 ) 54.403
10 (14 1 0 243 94 71 ) 1650.3
10 (14 1 0 247 94 71 ) 433.851
10 (14 2 2 84 94 53 ) 54.403
10 (39 4 0 24 144 44 ) 183.002
10 (39 4 0 24 118 44 ) 61.1285
10 (14 2 2 84 94 53 ) 54.403
10 (39 3 0 60 94 44 ) 46522.6
10 (39 3 0 63 94 44 ) 713.052
10 (14 2 2 84 94 53 ) 54.403
10 (39 1 0 84 94 64 ) 1851.9
10 (39 1 0 84 172 64 ) 61.7032
10 (14 2 2 84 94 53 ) 54.403
10 (86 1 2 93 94 72 ) 688.328
10 (86 1 0 93 94 72 ) 344.348
10 (14 2 2 84 94 53 ) 54.403
10 (14 1 0 84 94 71 ) 30319.7
10 (14 1 0 84 94 71 ) 170.224
10 (14 2 2 84 94 53 ) 54.403
10 (102 5 2 84 94 71 ) 436.6
10 (14 2 2 84 94 53 ) 54.403
10 (39 2 2 84 94 64 ) 470.742
10 (35 2 2 84 94 64 ) 363.732
10 (14 2 2 84 94 53 ) 54.403
10 (102 4 0 24 118 53 ) 25702.7
10 (102 4 2 24 118 53 ) 347.196
10 (14 2 2 84 94 53 ) 54.403
10 (50 1 0 93 94 72 ) 1723.94
10 (50 1 0 93 225 72 ) 224.964
10 (14 2 2 84 94 53 ) 54.403
10 (50 1 0 60 94 72 ) 364.861
10 (50 5 0 60 94 72 ) 235.54
10 (14 2 2 84 94 53 ) 54.403
10 (102 4 0 24 94 71 ) 20288.4
10 (102 4 0 24 94 69 ) 1482.56
10 (14 2 2 84 94 53 ) 54.403
10 (50 4 2 84 118 80 ) 348.829
10 (50 4 2 84 85 80 ) 266.547
10 (14 2 2 84 94 53 ) 54.403
10 (39 1 2 84 118 72 ) 118.7
10 (14 2 2 84 94 53 ) 54.403
10 (39 1 0 84 94 72 ) 750.959
10 (185 1 0 84 94 72 ) 730.149
10 (14 2 2 84 94 53 ) 54.403
10 (102 3 0 84 94 72 ) 133981
10 (12 3 0 84 94 72 ) 107114
10 (14 2 2 84 94 53 ) 54.403
10 (39 1 0 84 94 53 ) 327.649
10 (39 1 1 84 94 53 ) 95.6923
10 (14 2 2 84 94 53 ) 54.403
10 (39 1 2 60 94 71 ) 1800.4
10 (39 1 2 110 94 71 ) 405.481
10 (14 2 2 84 94 53 ) 54.403
10 (50 1 0 60 94 72 ) 433.301
10 (157 1 0 60 94 72 ) 380.493
10 (14 2 2 84 94 53 ) 54.403
10 (37 1 2 84 94 72 ) 19876.5
10 (37 0 2 84 94 72 ) 1770.03
10 (14 2 2 84 94 53 ) 54.403
10 (39 1 2 84 94 80 ) 23970.5
10 (39 1 2 84 94 80 ) 1771.19
10 (14 2 2 84 94 53 ) 54.403
10 (50 1 0 84 94 72 ) 356.182
10 (50 1 0 195 94 72 ) 341.633
10 (14 2 2 84 94 53 ) 54.403
10 (37 2 2 243 118 72 ) 1791.43
10 (37 2 2 243 118 44 ) 942.276
10 (14 2 2 84 94 53 ) 54.403
10 (50 3 2 84 94 53 ) 2041.36
10 (26 3 2 84 94 53 ) 1766.76
10 (14 2 2 84 94 53 ) 54.403
10 (37 1 2 84 94 80 ) 386.337
10 (37 1 2 84 94 23 ) 384.027
10 (14 2 2 84 94 53 ) 54.403
10 (39 1 0 84 144 64 ) 70584.7
10 (39 1 0 84 123 64 ) 41075.3
10 (14 2 2 84 94 53 ) 54.403
10 (39 1 2 84 94 80 ) 252.481
10 (39 1 2 157 94 80 ) 219.291
10 (14 2 2 84 94 53 ) 54.403
10 (86 1 2 24 94 75 ) 383.685
10 (86 1 2 24 94 24 ) 284.813
10 (14 2 2 84 94 53 ) 54.403
10 (39 4 2 84 118 72 ) 13662.4
10 (132 4 2 84 118 72 ) 1795.5
10 (14 2 2 84 94 53 ) 54.403
10 (37 1 2 84 94 72 ) 1663.26
10 (37 1 2 84 233 72 ) 48.3651
10 (37 1 2 84 233 72 ) 48.3651
10 (39 1 0 243 94 44 ) 353.69
10 (37 1 2 84 233 72 ) 48.3651
10 (14 1 1 84 94 64 ) 18709.8
10 (14 1 1 208 94 64 ) 1629.25
10 (37 1 2 84 233 72 ) 48.3651
10 (39 1 2 243 94 64 ) 213.341
10 (39 1 2 235 94 64 ) 120.561
10 (37 1 2 84 233 72 ) 48.3651
10 (39 2 0 84 94 64 ) 444.347
10 (39 0 0 84 94 64 ) 274.065
10 (37 1 2 84 233 72 ) 48.3651
10 (50 0 0 84 172 72 ) 181.831
10 (37 1 2 84 233 72 ) 48.3651
10 (50 1 0 84 94 71 ) 1644.48
10 (50 1 0 84 94 71 ) 335.508
10 (37 1 2 84 233 72 ) 48.3651
10 (14 1 2 84 94 72 ) 340.684
10 (37 1 2 84 233 72 ) 48.3651
10 (39 1 2 84 233 72 ) 15305.4
10 (39 1 2 84 233 67 ) 476.291
10 (37 1 2 84 233 72 ) 48.3651
10 (50 1 1 84 94 71 ) 358.781
10 (50 1 1 55 94 71 ) 166.709
10 (37 1 2 84 233 72 ) 48.3651
10 (37 1 0 93 94 72 ) 38706.4
10 (37 5 0 93 94 72 ) 233.935
10 (37 1 2 84 233 72 ) 48.3651
10 (50 1 0 84 172 44 ) 557.665
10 (50 1 0 84 172 44 ) 493.585
10 (37 1 2 84 233 72 ) 48.3651
10 (37 1 0 84 233 64 ) 712.089
10 (37 1 0 84 233 69 ) 641.684
10 (37 1 2 84 233 72 ) 48.3651
10 (37 1 2 84 94 72 ) 2067.62
10 (37 1 0 84 94 72 ) 495.017
10 (37 1 2 84 233 72 ) 48.3651
10 (50 4 2 24 94 64 ) 21284.8
10 (56 4 2 24 94 64 ) 441.545
10 (37 1 2 84 233 72 ) 48.3651
10 (39 5 0 84 94 72 ) 23035.1
10 (66 5 0 84 94 72 ) 503.143
10 (37 1 2 84 233 72 ) 48.3651
10 (39 1 0 84 94 72 ) 19579.2
10 (39 1 0 84 94 72 ) 462.621
10 (37 1 2 84 233 72 ) 48.3651
10 (50 1 0 84 94 64 ) 33695.2
10 (50 1 0 111 94 64 ) 644.894
10 (37 1 2 84 233 72 ) 48.3651
10 (37 1 2 84 94 71 ) 415.25
10 (113 1 2 84 94 71 ) 220.772
10 (37 1 2 84 233 72 ) 48.3651
10 (39 1 1 93 94 72 ) 1754.32
10 (39 1 1 175 94 72 ) 1690.91
10 (37 1 2 84 233 72 ) 48.3651
10 (50 1 2 84 94 53 ) 256.126
10 (50 1 2 84 94 50 ) 142.336
10 (37 1 2 84 233 72 ) 48.3651
10 (102 1 0 84 233 53 ) 260.588
10 (102 1 0 84 94 53 ) 208.799
10 (37 1 2 84 233 72 ) 48.3651
10 (39 1 2 84 144 72 ) 25625.2
10 (39 1 2 235 144 72 ) 20390.1
10 (37 1 2 84 233 72 ) 48.3651
10 (14 3 0 93 144 71 ) 1590.79
10 (14 3 0 32 144 71 ) 428.017
10 (37 1 2 84 233 72 ) 48.3651
10 (50 1 2 84 118 72 ) 397.709
10 (146 1 2 84 118 72 ) 205.49
10 (37 1 2 84 233 72 ) 48.3651
10 (102 1 1 84 118 71 ) 1815.69
10 (102 1 1 84 118 2 ) 1030.34
10 (37 1 2 84 233 72 ) 48.3651
10 (37 2 2 84 144 72 ) 1852.37
10 (37 2 2 84 144 47 ) 433.354
10 (37 1 2 84 233 72 ) 48.3651
10 (37 2 2 84 144 80 ) 26174.6
10 (37 2 2 84 144 22 ) 805.863
10 (37 1 2 84 233 72 ) 48.3651
10 (37 1 2 84 94 50 ) 15811.6
10 (37 1 2 84 74 50 ) 1903.53
10 (37 1 2 84 233 72 ) 48.3651
10 (14 4 0 84 94 64 ) 1787.3
